time_s,memory_mb,power_w
0.032715783978346735,424.7041015625,14.25
0.268127609975636,984.69091796875,17.43
0.5004338609869592,595.06982421875,41.51
0.7307585909729823,595.06982421875,49.08
0.966311569995014,456.7041015625,25.67
1.1991955629782751,595.06982421875,50.52
1.4346797469770536,595.06982421875,49.28
1.6693647149950266,456.7041015625,27.89
1.9016299679933582,595.06982421875,50.46
2.1341730559943244,595.06982421875,50.18
2.3667249449936207,456.7041015625,51.38
2.5978199759847485,595.06982421875,48.76
2.829492469987599,595.06982421875,48.67
3.0628369389742147,456.7041015625,48.58
3.2948505469830707,595.06982421875,49.07
3.5286371229740325,595.06982421875,50.26
3.7641323409916367,456.7041015625,45.15
3.9995737109857146,595.06982421875,49.6
4.231869623996317,595.06982421875,49.09
4.4712800399865955,456.7041015625,41.12
4.7062688959995285,595.06982421875,49.17
4.938469193992205,595.06982421875,49.83
5.17301754897926,984.6904296875,38.81
5.403701482980978,595.06982421875,50.19
5.64000869798474,595.06982421875,49.17
5.871066222985974,1029.6904296875,33.74
6.105259635980474,595.06982421875,49.76
6.342156954982784,595.06982421875,49.62
6.5732091019744985,1029.6904296875,30.77
6.807232655992266,595.06982421875,49.62
7.03935577798984,595.06982421875,50.0
7.273251099977642,1029.6904296875,26.55
7.508569055993576,595.06982421875,50.19
7.741260840994073,595.06982421875,50.52
7.973385429999325,1029.69091796875,30.88
8.204315769980894,595.0703125,49.46
8.4384174089937,595.0703125,50.03
8.673990013980074,1029.69140625,31.46
8.906593585998053,595.07080078125,48.96
9.138092798995785,595.07080078125,50.43
9.372424710978521,724.443359375,42.03
9.607033339998452,595.0712890625,50.08
9.840490605973173,595.0712890625,49.28
10.071857117000036,724.44384765625,46.3
10.3033496249991,595.07177734375,49.42
10.538997031981125,626.70703125,49.63
10.776483687979635,724.4443359375,52.27
11.0076271899743,595.072265625,50.05
11.240234952972969,595.072265625,49.97
11.471343672979856,724.44482421875,49.4
11.705741236975882,595.07275390625,50.09
11.938994211988756,489.60986328125,49.6
12.173583843978122,746.9453125,39.3
12.406134125980316,595.0732421875,49.9
12.6384077599796,489.6103515625,49.45
12.87245219698525,746.94580078125,44.79
13.104858184000477,595.07373046875,49.23
13.336162464984227,492.42333984375,48.96
13.568172579980455,589.44921875,49.7
13.799146013974678,595.07421875,49.27
14.03110472499975,456.708984375,49.58
14.26312315199175,746.94677734375,54.36
14.496043602994177,595.07470703125,49.08
14.728001056995708,456.70947265625,51.0
14.96306862597703,746.947265625,51.83
15.195944866980426,595.0751953125,49.7
15.428679604985518,456.7099609375,50.6
15.661198597983457,746.94775390625,52.62
15.89334246297949,595.07568359375,49.57
16.126509809982963,456.71044921875,48.5
16.357248360989615,589.451171875,50.4
16.590051056991797,595.076171875,50.07
16.822906902991235,456.7109375,43.08
17.054574297973886,589.45166015625,51.23
17.28660187497735,595.07666015625,49.35
17.51925210299669,456.71142578125,49.53
17.750647458975436,589.4521484375,48.91
17.982835953996982,595.0771484375,49.88
18.215042049996555,456.7119140625,50.03
18.446001654985594,589.45263671875,48.85
18.678310628980398,595.07763671875,49.04
18.911000038991915,456.71240234375,49.47
19.142283087974647,589.453125,48.57
19.373036096978467,595.078125,49.2
19.609861687000375,456.712890625,49.88
19.84035019998555,589.45361328125,48.13
20.072022903972538,595.07861328125,49.72
20.304806042986456,456.71337890625,49.71
20.53872490199865,589.4541015625,51.6
20.76919092598837,595.0791015625,49.2
21.003904878976755,456.7138671875,50.29
21.23553462899872,589.45458984375,54.52
21.46656714999699,595.07958984375,49.02
21.697886795998784,456.71435546875,50.38
21.931733087985776,746.9521484375,51.83
22.163912293995963,595.080078125,49.44
22.39808126099524,489.73095703125,50.52
22.630689722980605,746.95263671875,52.14
22.86307468698942,595.08056640625,49.54
23.095090459974017,492.43017578125,50.32
23.331314072973328,746.953125,52.37
23.563723201979883,595.0810546875,49.6
23.795555636985227,492.4306640625,47.58
24.028795270976843,746.95361328125,49.93
24.262905639974633,595.08154296875,49.22
24.49461298499955,492.43115234375,49.49
24.72817222197773,746.9541015625,52.06
24.96355911399587,595.08203125,49.72
25.195577959995717,456.716796875,49.32
25.42739614698803,589.45751953125,49.11
25.661929345980752,595.08251953125,49.6
25.8939832529868,456.71728515625,49.27
26.125831611978356,589.4580078125,48.22
26.35807193099754,595.0830078125,49.86
26.58925007499056,456.7177734375,49.9
26.82410029199673,589.45849609375,46.17
27.054784435982583,595.08349609375,49.24
27.28971790598007,456.71826171875,49.33
27.52176077797776,589.458984375,47.92
27.753780601982726,595.083984375,49.7
27.986174435995053,456.71875,49.48
28.219991532998392,746.95654296875,48.23
28.452344019984594,595.08447265625,50.04
28.68453859098372,456.71923828125,49.86
28.916067626996664,746.95703125,53.6
29.148490724997828,595.0849609375,49.04
29.378660822985694,456.7197265625,50.33
29.613265471998602,746.95751953125,52.22
29.84613968699705,595.08544921875,49.15
30.078248840000015,456.72021484375,50.54
30.30941308598267,746.9580078125,53.94
30.54382322099991,595.0859375,49.96
30.775877896987367,456.720703125,49.96
31.009684796998044,746.95849609375,50.41
31.242241504980484,595.08642578125,49.22
31.475580805999925,456.72119140625,45.82
31.70725525499438,746.958984375,50.72
31.940429236972705,595.0869140625,49.23
32.17247888399288,495.03271484375,49.02
32.407931148976786,746.95947265625,51.83
32.644846906972816,595.08740234375,49.71
32.87679479198414,489.73828125,49.06
33.11193758298759,746.9599609375,50.79
33.34387652800069,595.087890625,49.67
33.57699316900107,456.72265625,50.13
33.809089400980156,746.96044921875,49.45
34.04212488399935,595.08837890625,48.86
34.27423138299491,492.43798828125,49.54
34.50845950699295,746.9609375,49.06
34.74389864198747,595.0888671875,49.22
34.97629484999925,493.78466796875,48.99
35.211037019995274,746.96142578125,48.03
35.443355702998815,595.08935546875,49.96
35.67540437198477,492.43896484375,49.99
35.90942233797978,746.9619140625,45.68
36.14317489997484,595.08984375,48.47
36.37436149598216,489.74072265625,49.2
36.609405317984056,746.96240234375,47.43
36.84353573198314,595.09033203125,49.97
37.07576368798618,456.72509765625,48.99
37.308848828979535,746.962890625,47.67
37.542568355973344,595.0908203125,50.45
37.77462547598407,492.4404296875,49.7
38.00932085097884,746.96337890625,50.36
38.242469409975456,595.09130859375,49.52
38.474436431977665,492.44091796875,50.41
38.7094323419733,746.9638671875,52.42
38.94297523499699,595.091796875,49.31
39.17498716697446,500.19384765625,49.72
39.40801922697574,746.96435546875,53.26
39.63984579499811,595.09228515625,48.9
39.87185807598871,492.44189453125,50.76
40.10563480400015,746.96484375,52.6
40.3388098339783,595.0927734375,50.59
40.57113843399566,492.4423828125,49.04
40.80522114498308,746.96533203125,51.22
41.0381825939985,595.09326171875,48.08
41.273689857975114,456.72802734375,46.14
41.506531288992846,606.34326171875,51.32
41.73787346598692,595.09375,50.5
41.969680239999434,456.728515625,49.82
42.203384583001025,746.96630859375,50.04
42.43561921597575,595.09423828125,49.75
42.668969104997814,456.72900390625,50.64
42.90173559397226,746.966796875,50.24
43.13557005499024,595.0947265625,47.99
43.36660722698434,497.94677734375,49.23
43.60047877399484,746.96728515625,48.79
43.83259760797955,595.09521484375,49.62
44.06446814798983,492.44482421875,49.37
44.298106419999385,746.9677734375,44.19
44.531103669985896,595.095703125,49.8
44.76268638699548,492.4453125,50.67
44.99628652399406,746.96826171875,46.75
45.22979754098924,595.09619140625,48.79
45.46228319098009,492.44580078125,48.03
45.696168007998494,746.96875,47.32
45.93080692199874,595.0966796875,50.5
46.166194624995114,489.74755859375,49.77
46.40014795798925,746.96923828125,50.57
46.63257710498874,595.09716796875,49.45
46.86424314498436,456.73193359375,50.48
47.09803234698484,746.9697265625,51.25
47.33049159598886,595.09765625,48.86
47.56221127498429,497.94970703125,49.49
47.795318249991396,746.97021484375,53.77
48.027430447982624,595.09814453125,48.29
48.25983445098973,492.44775390625,50.5
48.49312406498939,746.970703125,53.0
48.72551794099854,595.0986328125,50.42
48.95789659000002,492.4482421875,50.28
49.190442863997305,746.97119140625,50.98
49.42303872597404,595.09912109375,48.8
49.65458491499885,492.44873046875,46.91
49.889826295984676,746.9716796875,52.15
50.12656127297669,595.099609375,48.75
50.35776034198352,492.44921875,48.21
50.59455873598927,746.97216796875,51.93
50.827786538982764,595.10009765625,49.37
51.060528303991305,492.44970703125,48.58
51.29493855100009,746.97265625,50.25
51.52817382698413,595.1005859375,50.43
51.75972469599219,492.4501953125,50.89
51.99594241500017,746.97314453125,50.23
52.23085406597238,595.10107421875,49.48
52.46187957498478,492.45068359375,50.9
52.697243948990945,746.9736328125,49.93
52.93058580599609,595.1015625,49.24
53.16330144897802,492.451171875,48.39
53.39578793698456,746.97412109375,48.58
53.628692295984365,595.10205078125,50.69
53.85773838000023,492.45166015625,50.37
54.09483402699698,746.974609375,46.16
54.32967625398305,595.1025390625,48.04
54.56207459999132,492.4521484375,49.79
54.796729507972486,746.97509765625,45.92
55.03018807299668,595.10302734375,49.03
55.26290958299069,492.45263671875,48.44
55.496788812975865,746.9755859375,46.06
55.73027105399524,595.103515625,50.56
55.96315236497321,492.453125,49.57
56.199193449981976,746.97607421875,48.76
56.43242341798032,595.10400390625,50.21
56.663623673986876,492.45361328125,50.38
56.90004379799939,746.9765625,51.23
57.133442437974736,595.1044921875,48.22
57.36506279997411,492.4541015625,49.84
57.59988260798855,746.97705078125,50.73
57.834895880980184,595.10498046875,49.02
58.066649644984864,492.45458984375,49.41
58.30167325498769,746.9775390625,53.93
58.53676880299463,595.10546875,48.42
58.76840124899172,492.455078125,50.73
59.003105116978986,746.97802734375,52.17
59.23600842797896,595.10595703125,50.55
59.46725289497408,492.45556640625,50.74
59.702017666975735,746.978515625,50.8
59.93494954399648,595.1064453125,49.86
60.16676798198023,492.4560546875,47.73
60.4002185149875,746.97900390625,52.55
60.63352971000131,595.10693359375,49.19
60.865632968983846,492.45654296875,48.35
61.100498383981176,746.9794921875,50.04
61.333011481998255,595.107421875,50.55
61.5698796499928,492.45703125,50.23
61.80135215399787,589.48291015625,49.14
62.03318658599164,595.10791015625,49.6
62.263475528976414,456.74267578125,48.36
62.499137365986826,746.98046875,48.35
62.73231984098675,595.1083984375,50.48
62.9659926139866,456.7431640625,50.19
63.19713839297765,779.673828125,48.02
63.429995258979034,595.10888671875,48.67
63.66102349097491,456.74365234375,49.59
63.89337175898254,746.9814453125,45.35
64.12637885799631,595.109375,49.04
64.3593627679802,492.458984375,48.58
64.59331973397639,746.98193359375,47.23
64.82621948298765,595.10986328125,50.62
65.05796703099622,492.45947265625,50.04
65.29261704999954,746.982421875,50.64
65.52590498697828,595.1103515625,49.27
65.75767048398848,492.4599609375,50.14
65.99196081099217,746.98291015625,50.02
66.22536133599351,595.11083984375,49.65
66.46115643400117,492.46044921875,49.43
66.69400170599693,746.9833984375,55.75
66.92586994197336,595.111328125,49.05
67.15657654599636,456.74609375,51.5
67.38931244399282,746.98388671875,51.04
67.62252369397902,595.11181640625,49.87
67.85472361498978,495.0576171875,50.06
68.08929876197362,746.984375,51.96
68.32273595497827,595.1123046875,49.08
68.55429408798227,492.4619140625,47.93
68.78773945197463,746.98486328125,52.63
69.02025653098826,595.11279296875,49.03
69.25170319399331,492.46240234375,48.74
69.48623538698303,746.9853515625,49.96
69.72017468197737,595.11328125,50.32
69.9562818389968,492.462890625,49.94
70.18965840799501,746.98583984375,50.66
70.42413772997679,595.11376953125,49.66
70.65565248997882,500.7783203125,50.28
70.88897416199325,746.986328125,51.13
71.12188627399155,595.1142578125,48.76
71.35300474398537,492.4638671875,49.84
71.58788063598331,746.98681640625,48.99
71.82115851598792,595.11474609375,50.05
72.052556568,492.46435546875,49.58
72.28560815699166,746.9873046875,48.21
72.52157849099603,595.115234375,49.16
72.75314297899604,493.74609375,49.65
72.98909850599011,746.98779296875,44.83
73.22217174599064,595.11572265625,49.33
73.45535030998872,492.46533203125,49.7
73.68975063998369,746.98828125,44.38
73.92399815298268,595.1162109375,49.06
74.1599635979801,492.4658203125,48.8
74.392974538001,746.98876953125,47.14
74.6244436899724,595.11669921875,49.97
74.85527608197299,492.46630859375,50.04
75.0908276369737,746.9892578125,49.6
75.32472886698088,595.1171875,49.42
75.55754899597378,492.466796875,49.79
75.79179050200037,746.98974609375,49.89
76.02523356198799,595.11767578125,48.75
76.26174727498437,492.46728515625,49.7
76.49440152599709,746.990234375,52.68
76.72670160298003,595.1181640625,49.24
76.95851333599421,492.4677734375,50.55
77.19243635699968,746.99072265625,52.92
77.42501398999593,595.11865234375,49.74
77.65684297398548,492.46826171875,50.75
77.89027869998245,746.9912109375,51.39
78.12259344398626,595.119140625,49.6
78.35340900399024,492.46875,49.57
78.59003816798213,746.99169921875,53.24
78.8265995849797,595.11962890625,49.22
79.05840286699822,492.46923828125,48.35
79.2924378469761,746.9921875,51.09
79.52572760099429,595.1201171875,49.35
79.75837353998213,492.4697265625,49.01
79.99278371798573,746.99267578125,49.88
80.22510188398883,595.12060546875,49.79
80.45622119199834,492.47021484375,49.83
80.69085381997866,746.9931640625,51.77
80.92480407998664,595.12109375,49.41
81.15622175799217,492.470703125,49.83
81.39203424699372,746.99365234375,49.63
81.6253765229776,595.12158203125,49.57
81.85824358600075,482.615234375,48.93
82.09302400198067,746.994140625,48.69
82.32553926497349,595.1220703125,49.88
82.5576732539921,492.4716796875,49.9
82.79178806499112,746.99462890625,44.01
83.02623169799335,595.12255859375,49.47
83.25777048399323,492.47216796875,49.62
83.49348100097268,746.9951171875,44.33
83.72799217197462,595.123046875,49.15
83.96095694499672,492.47265625,49.75
84.19459353998536,746.99560546875,45.88
84.42813528797706,595.12353515625,49.52
84.65883393099648,492.47314453125,49.2
84.89295125598437,746.99609375,49.13
85.12632216798374,595.1240234375,49.74
85.35743421199732,492.4736328125,49.48
85.59196654497646,746.99658203125,48.34
85.82605181299732,595.12451171875,49.4
86.06193861397333,492.47412109375,49.63
86.29533131700009,746.9970703125,50.9
86.52873568297946,595.125,49.23
86.75989340498927,492.474609375,49.96
86.99430414100061,746.99755859375,54.98
87.22700064699166,595.12548828125,49.17
87.45914336698479,492.47509765625,50.85
87.69365991599625,746.998046875,52.13
87.92751372299972,595.1259765625,49.74
88.1586240909819,492.4755859375,51.22
88.39379395300057,746.99853515625,51.38
88.63029718998587,595.12646484375,49.57
88.86199556698557,492.47607421875,50.72
89.09807967598317,746.9990234375,53.48
89.33161367097637,595.126953125,49.78
89.56316048899316,492.4765625,49.34
89.79823934499291,746.99951171875,52.75
90.03291052699205,595.12744140625,49.5
90.26674030799768,492.47705078125,49.39
90.49990245798836,747.0,50.43
90.73502007697243,595.1279296875,49.33
90.96624743199209,492.4775390625,49.25
91.19985930298571,747.00048828125,51.17
91.43233712998335,595.12841796875,49.78
91.66360932399402,492.47802734375,49.84
91.89628145497409,747.0009765625,49.2
92.130495024001,595.12890625,49.19
92.36191179399611,492.478515625,49.57
92.59603142397827,747.00146484375,48.24
92.82993230599095,595.12939453125,49.74
93.0604415339767,492.47900390625,49.56
93.29507164697861,747.001953125,43.12
93.53067153299344,595.1298828125,49.97
93.76647172999219,492.4794921875,49.74
94.00082847700105,747.00244140625,43.75
94.234807093977,595.13037109375,49.31
94.46646971197333,492.47998046875,49.91
94.7007923059864,747.0029296875,48.17
94.93351283797529,595.130859375,49.03
95.16572037199512,492.48046875,49.37
95.39948547899257,747.00341796875,47.17
95.63315985898953,595.13134765625,50.14
95.86908640098409,492.48095703125,49.91
96.10583925797255,747.00390625,49.31
96.33910309997736,595.1318359375,49.75
96.5712389749824,491.06298828125,50.09
96.80708044799394,747.00439453125,50.57
97.04262767199543,595.13232421875,49.75
97.27382024598774,492.48193359375,50.1
97.50755741499597,747.0048828125,52.75
97.74232344297343,595.1328125,48.57
97.97518903997843,489.669921875,49.23
98.21007114797249,724.50537109375,46.99
98.44260631597717,595.13330078125,50.34
98.67872443798115,595.13330078125,49.94
98.91269020398613,724.505859375,45.19
99.14604197797598,595.1337890625,49.27
99.38010971498443,595.1337890625,49.4
99.61336370898061,724.50634765625,43.85
99.84802182999556,615.51953125,49.57
100.08200016699266,595.13427734375,49.65
100.31701406897628,724.5068359375,47.38
100.54886505397735,595.134765625,49.6
100.78228262098855,595.134765625,49.34
101.01748977898387,724.50732421875,42.37
101.24843447899912,595.13525390625,50.3
101.48030802299036,595.13525390625,50.64
101.71349748197827,1029.75634765625,40.95
101.9514605809818,595.1357421875,48.6
102.19241659797262,595.1357421875,48.38
102.42539100997965,1029.7568359375,33.39
102.66611926999758,595.13623046875,50.12
102.8966170429776,595.13623046875,50.05
103.13169219798874,1029.75732421875,29.29
103.36459383298643,595.13671875,48.17
103.60106752699357,595.13671875,49.7
103.840059973998,465.755859375,24.0
104.07244015997276,595.13720703125,48.83
104.30245196499163,595.13720703125,49.36
104.53822205899633,456.77197265625,32.67
104.77303914297954,595.1376953125,49.08
105.00831160397502,595.1376953125,49.49
105.24443363799946,456.7724609375,47.33
105.48002039297717,747.01025390625,51.16
105.71294116499485,595.13818359375,48.88
105.94321977099753,595.13818359375,49.57
106.17358295698068,724.5107421875,48.58
106.40706624599989,595.138671875,50.83
106.6403307869914,595.138671875,49.18
106.87703370599775,724.51123046875,41.46
107.10750752297463,595.13916015625,49.85
107.33832182598417,595.13916015625,50.38
107.5706752629776,1029.76025390625,39.97
107.80220126698259,595.1396484375,48.45
108.03214434697293,595.1396484375,48.98
108.26472302697948,1029.7607421875,37.44
108.50112073097262,595.14013671875,47.59
108.73381053298363,595.14013671875,48.6
108.96836360899033,1029.76123046875,33.65
109.20012247099658,595.140625,50.49
109.4326335429796,595.140625,50.31
109.66823266097344,456.775390625,47.11
109.90040094297729,595.14111328125,49.43
110.13698331298656,595.14111328125,48.24
110.37054838897893,456.77587890625,49.9
110.60401498497231,595.1416015625,49.88
110.84106425597565,595.1416015625,49.85
111.07305457798066,456.7763671875,49.81
111.30651335199946,589.51708984375,49.35
111.53937377998955,595.14208984375,50.0
111.77583748599864,492.49169921875,50.69
112.00940242197248,724.5146484375,49.82
112.2450023079873,595.142578125,49.06
112.47773806599434,595.142578125,48.85
112.7146501649986,1029.763671875,46.32
112.94658202797291,595.14306640625,49.48
113.1815640119894,595.14306640625,49.06
113.41457090098993,456.77783203125,49.71
113.64887701199041,595.1435546875,49.67
113.8815554289904,595.1435546875,48.43
114.11467427597381,456.7783203125,49.14
114.34877875098027,747.01611328125,50.66
114.58203847199911,595.14404296875,48.74
114.8134111709951,595.14404296875,48.74
115.04318481098744,724.5166015625,52.13
115.27473169798031,595.14453125,48.97
115.5064131039835,595.14453125,49.61
115.7370284239878,1029.765625,34.48
115.96566417897702,595.14501953125,49.45
116.19712809298653,595.14501953125,48.86
116.42871465199278,456.77978515625,49.78
116.66110049499548,589.5205078125,50.11
116.89386796197505,595.1455078125,49.56
117.12631687399698,489.6826171875,49.42
117.36067871999694,724.51806640625,49.81
117.59187848799047,595.14599609375,49.61
117.82312428098521,595.14599609375,49.43
118.0535463449778,1029.76708984375,31.69
118.28625500400085,595.146484375,49.48
118.52033112198114,595.146484375,49.11
118.75507584799198,456.78125,47.46
118.99146957098856,595.14697265625,49.57
119.22268309799256,595.14697265625,49.3
119.45569578398135,456.78173828125,49.37
119.68714007199742,589.5224609375,50.13
119.9184322419751,595.14794921875,49.23
120.14971533199423,489.6845703125,49.26
120.38336491698283,724.52001953125,33.15
120.61705584998708,595.14794921875,50.15
120.84817536798073,595.14794921875,48.89
121.07872719998704,1029.76904296875,32.34
121.3128230139846,595.1484375,50.05
121.54554061198724,595.1484375,50.09
121.78041845999542,456.783203125,41.02
122.01421017598477,595.14892578125,49.04
122.24709050898673,595.14892578125,49.43
122.48272838999401,456.70458984375,49.19
122.71294357799343,746.9423828125,43.62
122.94468581699766,595.0703125,49.32
123.17688853197615,595.0703125,49.4
123.41257411599508,1029.69091796875,26.35
123.64280397098628,595.0703125,49.54
123.87417813698994,595.07080078125,49.49
124.11018583699479,456.705078125,42.7
124.34389395097969,595.07080078125,49.13
124.57644993299618,595.07080078125,50.51
124.81074046899448,456.70556640625,51.45
125.0418266709894,589.4462890625,50.66
125.2732652319828,595.0712890625,49.31
125.50208614199073,489.6083984375,49.43
125.73335686998325,724.44384765625,32.33
125.96510155298165,595.07177734375,49.38
126.19474730998627,595.07177734375,49.36
126.4281868779799,984.69287109375,33.81
126.6584851089865,595.072265625,48.67
126.88842064599157,595.072265625,49.29
127.1212063409912,456.70703125,49.73
127.3523272559978,589.44775390625,53.19
127.58619740599534,595.07275390625,50.8
127.8173013489868,489.60986328125,48.39
128.0494087279949,746.9453125,47.56
128.28102790299454,595.0732421875,49.59
128.51452083099866,595.0732421875,49.3
128.7477238389838,1029.6943359375,28.33
128.98215399199398,595.07373046875,49.92
129.2139405119815,595.07373046875,49.51
129.44826038199244,456.70849609375,37.08
129.6787608799932,595.07421875,49.12
129.9101881259994,595.07421875,49.87
130.1436897139938,456.708984375,50.67
130.37856239298708,746.94677734375,51.9
130.60996219099616,595.07470703125,49.8
130.84293003799394,489.61181640625,49.56
131.07699875198887,724.447265625,44.95
131.30906834598863,595.0751953125,49.71
131.54107186797773,595.0751953125,49.37
131.77439067699015,1029.6962890625,24.85
132.00529333099257,595.07568359375,50.31
132.2375418629963,595.07568359375,49.08
132.47030234598788,456.71044921875,41.38
132.7053418099822,595.076171875,49.32
132.93783039299888,595.076171875,49.37
133.17389836799703,456.7109375,49.88
133.40898155397736,746.94873046875,50.47
133.6392806939839,595.07666015625,49.54
133.8718632159871,489.61376953125,49.57
134.10728667798685,724.44921875,44.67
134.3377319999854,595.0771484375,50.16
134.5676145949983,595.0771484375,49.06
134.79784542799462,1029.6982421875,25.89
135.0305211909872,595.07763671875,50.03
135.2619982349861,595.07763671875,48.64
135.49457111899392,1029.69873046875,27.83
135.73208317099488,595.078125,49.76
135.96384503599256,595.078125,49.34
136.1983826769865,456.712890625,40.51
136.4303963969869,589.45361328125,51.69
136.66383931599557,595.07861328125,50.4
136.89670030298294,456.71337890625,49.16
137.13170463597635,746.951171875,50.59
137.3696143749985,595.0791015625,48.8
137.6012374619895,595.0791015625,49.52
137.83455242897617,724.45166015625,39.78
138.06574961199658,595.07958984375,48.47
138.29929792499752,595.07958984375,49.45
138.53119381898432,1029.70068359375,27.45
138.76262595399749,595.080078125,50.75
138.99421425900073,595.08056640625,49.39
139.22841218297253,456.71484375,44.77
139.45986652898137,589.45556640625,51.08
139.69353161999607,595.08056640625,50.6
139.92457493799157,492.43017578125,50.52
140.15830009398633,724.453125,49.21
140.38937470299425,595.0810546875,49.27
140.61863499498577,494.00634765625,48.8
140.85106414198526,1029.7021484375,29.47
141.08286435098853,595.08154296875,49.61
141.31402786899707,595.08154296875,49.03
141.54674092799542,456.71630859375,35.33
141.78131321197725,589.45703125,48.28
142.01316419697832,595.08203125,49.0
142.24587564897956,489.619140625,50.0
142.47943387998384,724.45458984375,49.43
142.7114561199851,595.08251953125,48.98
142.94534624597873,595.08251953125,49.15
143.17932912299875,724.455078125,42.42
143.4122887979902,595.0830078125,49.38
143.6436276929744,595.0830078125,49.02
143.8756940039748,1029.7041015625,26.26
144.1082835099951,595.08349609375,49.7
144.3392627829744,595.08349609375,49.34
144.5717262919934,456.71826171875,39.11
144.80301112798043,589.458984375,50.23
145.03805555199506,595.083984375,48.49
145.2688431739807,489.62109375,51.04
145.50194016098976,724.45654296875,54.26
145.7335897179728,595.08447265625,49.72
145.96670430499944,595.08447265625,49.19
146.20182332099648,724.45703125,46.92
146.4357255299983,595.0849609375,49.49
146.66820615099277,595.0849609375,49.52
146.90448323599412,465.7041015625,24.08
147.13705625897273,595.08544921875,50.25
147.36771306599258,595.08544921875,49.75
147.59931044999394,456.72021484375,41.35
147.83420966897393,746.9580078125,51.28
148.06687628297368,595.0859375,49.23
148.29806941497372,595.0859375,49.57
148.52957481599879,724.45849609375,46.81
148.76382030299283,595.08642578125,49.22
148.99431374599226,595.08642578125,48.49
149.22664238899597,1029.70751953125,38.65
149.4577043549798,595.0869140625,49.09
149.69474300998263,595.0869140625,49.36
149.9269123399863,456.7216796875,27.39
150.16166495898506,595.08740234375,49.89
150.39410060099908,595.08740234375,49.3
150.6270602059958,456.72216796875,45.55
150.86052400898188,746.9599609375,50.79
151.09410144700087,595.087890625,50.02
151.33026000799146,482.58154296875,49.35
151.56129948497983,724.46044921875,50.33
151.79530673800036,595.08837890625,49.18
152.02814230098738,595.08837890625,49.88
152.26395960900118,1029.70947265625,44.15
152.49518940897542,595.0888671875,48.83
152.72902184398845,595.0888671875,49.88
152.96354837997933,456.7236328125,23.96
153.19486960498034,595.08935546875,50.47
153.42656888999045,595.08935546875,49.16
153.66072379099205,456.72412109375,42.34
153.8944557219802,746.9619140625,50.26
154.12994155398337,595.08984375,49.33
154.36317382697598,595.08984375,50.17
154.5940038439876,724.46240234375,47.51
154.82578645297326,476.9609375,49.92
155.0570417449926,595.09033203125,49.56
155.29042585697607,984.71142578125,29.38
155.5202929469815,595.0908203125,49.77
155.75046441398445,595.0908203125,49.56
155.98301962699043,456.7255859375,36.77
156.2161184999859,746.96337890625,49.0
156.44941677397583,595.09130859375,49.27
156.68180317699444,595.09130859375,49.22
156.91482822498074,724.4638671875,48.35
157.14637203898747,595.091796875,49.2
157.37850023197825,595.091796875,49.24
157.61074073199416,1029.712890625,32.2
157.8427691879915,595.09228515625,49.75
158.07655468897428,595.09228515625,49.1
158.30989982798928,456.72705078125,24.82
158.54157864899025,595.0927734375,50.58
158.77566657098942,595.0927734375,49.36
159.0058334969799,492.4423828125,49.03
159.23887712397845,746.96533203125,51.29
159.47122364598908,595.09326171875,49.43
159.7045302319748,595.09326171875,49.12
159.93745100399246,1029.71435546875,48.33
160.16850375197828,595.09375,50.52
160.3986287029984,595.09375,48.95
160.63016553298803,456.728515625,50.1
160.86216409597546,595.09423828125,48.78
161.09304530898225,595.0947265625,49.49
161.32726823698613,456.72900390625,49.59
161.55960498098284,589.4697265625,48.87
161.79241554098553,595.0947265625,48.98
162.02357787199435,595.0947265625,49.35
162.25655228397227,724.46728515625,50.99
162.48804553199443,595.09521484375,49.31
162.720699433994,595.09521484375,49.23
162.95483945898013,984.71630859375,40.64
163.18537047799327,595.095703125,49.85
163.4149026699888,595.095703125,49.79
163.64663205799297,456.73046875,50.72
163.8801516649837,589.47119140625,50.72
164.11379161299556,595.09619140625,49.95
164.3460560689855,492.44580078125,49.45
164.58129423699575,724.46875,49.1
164.81610699099838,595.0966796875,49.31
165.04984108699136,595.0966796875,49.11
165.28254506597295,1029.7177734375,29.62
165.51587847198243,595.09716796875,49.03
165.74844080899493,595.09716796875,50.05
165.9821371199796,456.73193359375,47.24
166.21298997598933,595.09765625,48.75
166.44563815099536,516.34130859375,49.24
166.67670563497813,456.732421875,49.76
166.90854139399016,589.47314453125,48.65
167.14370874100132,595.09814453125,49.31
167.37539482599823,489.63525390625,49.57
167.60638925500098,724.470703125,30.95
167.83782166897436,595.0986328125,49.11
168.07167393999407,595.0986328125,49.27
168.3022973619809,1029.7197265625,34.64
168.53342945099575,476.9755859375,47.96
168.77123693897738,595.09912109375,49.37
169.00187083697529,456.73388671875,51.04
169.23537305399077,589.474609375,50.43
169.46806606798782,595.099609375,49.11
169.70048201398458,489.63671875,49.91
169.93262941300054,724.47216796875,39.62
170.16477492600097,595.10009765625,49.85
170.39968238698202,595.10009765625,49.78
170.63412601998425,724.47265625,25.78
170.86511786398478,595.1005859375,48.92
171.0967822279781,595.1005859375,49.01
171.33027550499537,1029.7216796875,33.22
171.56322316697333,595.10107421875,48.42
171.7987300209934,595.10107421875,49.19
172.02986050400068,456.73583984375,50.22
172.26469602697762,589.4765625,51.32
172.49500229099067,595.1015625,49.86
172.72525666098227,492.451171875,50.57
172.95849046998774,746.97412109375,46.88
173.1933595869923,595.10205078125,48.82
173.4262401299784,595.10205078125,49.83
173.6577869479952,724.474609375,31.37
173.88933676897432,595.1025390625,49.6
174.12101677799365,595.1025390625,49.58
174.35565618099645,984.7236328125,34.37
174.58518048099359,595.10302734375,48.16
174.816432978987,595.10302734375,48.97
175.04777564597316,456.73779296875,49.99
175.2812085079786,589.478515625,52.27
175.51394356798846,595.103515625,50.12
175.7462578220002,489.640625,49.91
175.9773350149917,724.47607421875,45.84
176.21109537099255,595.10400390625,49.03
176.44162652999512,595.10400390625,49.31
176.68076173699228,1029.72509765625,28.45
176.91165698799887,595.1044921875,49.42
177.14282057699165,595.10498046875,49.22
177.37771797997993,456.7392578125,36.98
177.6092461499793,595.10498046875,49.55
177.84184822798125,595.10498046875,49.69
178.07409759800066,456.73974609375,49.38
178.30678223099676,746.9775390625,51.84
178.5418105199933,595.10546875,49.3
178.77220359898638,595.10546875,48.82
179.00341796397697,724.47802734375,40.7
179.23536742699798,595.10595703125,47.78
179.46925371099496,595.10595703125,49.52
179.7006477819814,1029.72705078125,24.62
179.93545285298023,595.1064453125,50.72
180.16707412397955,595.1064453125,49.38
180.39804717997322,456.7412109375,45.07
180.62955753999995,589.48193359375,52.17
180.86221332699643,595.10693359375,49.59
181.09455195697956,489.64404296875,50.06
181.3292459769873,724.4794921875,46.7
181.5620188920002,595.107421875,50.6
181.79341952799587,595.107421875,49.92
182.02713281099568,724.47998046875,31.94
182.26131543898373,595.10791015625,49.0
182.49404302597395,595.10791015625,49.37
182.72909694799455,465.72705078125,32.05
182.96263205999276,595.1083984375,48.49
183.19489651700133,595.1083984375,49.07
183.42796877899673,456.7431640625,49.74
183.6615705919976,746.98095703125,51.85
183.8953618889791,595.10888671875,49.56
184.12842856399948,595.10888671875,49.25
184.36141415097518,724.4814453125,31.82
184.59327917397604,595.109375,48.99
184.82677133299876,595.109375,48.91
185.05830942097236,1029.73046875,24.86
185.28948725698865,595.10986328125,49.6
185.51968631197815,595.10986328125,48.98
185.75040842199815,456.74462890625,42.1
185.98332130198833,589.4853515625,49.61
186.21466536499793,595.1103515625,49.29
186.4471371859836,489.6474609375,49.29
186.67861199498293,724.48291015625,47.74
186.91115875798278,595.11083984375,49.73
187.14324169198517,595.11083984375,49.43
187.37722317199223,1029.73193359375,29.45
187.60953044198686,595.111328125,49.84
187.8433847379929,595.111328125,50.06
188.07752636898658,984.732421875,26.62
188.30882286897395,595.11181640625,50.13
188.53901361199678,595.11181640625,49.26
188.7708478339773,456.74658203125,45.95
189.00355293098255,746.984375,52.27
189.2360859339824,595.1123046875,49.66
189.4673032319988,595.1123046875,49.42
189.69989811698906,724.48486328125,42.77
189.9322371649905,595.11279296875,48.43
190.16558328300016,595.11279296875,48.96
190.39747763998457,1029.73388671875,28.04
190.63376694798353,595.11328125,49.87
190.8671635609935,595.11328125,49.28
191.1012169099995,456.748046875,33.23
191.33441691598273,595.11376953125,48.7
191.56686219599214,595.11376953125,49.61
191.797203590977,456.74853515625,49.77
192.02832338798908,746.986328125,52.92
192.26048524398357,595.1142578125,49.13
192.49359976197593,595.1142578125,49.37
192.7263960739947,1029.7353515625,36.62
192.9601514019887,595.11474609375,50.52
193.1915839559806,595.11474609375,49.16
193.4260351319972,456.74951171875,29.6
193.65816618799,621.12548828125,49.42
193.89166295700124,595.115234375,49.63
194.12661106599262,456.75,38.52
194.3615755889914,589.49072265625,49.9
194.59281488799024,595.11572265625,49.24
194.82612377798068,489.65283203125,49.88
195.06052585397265,724.48828125,49.77
195.29286923297332,595.1162109375,49.13
195.52399817999685,595.1162109375,48.92
195.7546447889763,1029.7373046875,28.72
195.98782607598696,595.11669921875,49.75
196.21871615899727,595.11669921875,49.58
196.45138158497866,456.75146484375,35.24
196.6814938239986,589.4921875,48.51
196.9141215349955,595.1171875,48.59
197.14974893897306,456.751953125,43.31
197.38357662499766,746.98974609375,50.05
197.61852920398815,595.11767578125,49.39
197.8501131789817,595.11767578125,49.13
198.08491147498717,724.490234375,45.99
198.31906721397536,595.1181640625,49.44
198.55140570399817,595.1181640625,48.53
198.7853467449895,984.7392578125,25.2
199.0174889759801,595.11865234375,49.91
199.24895868697786,595.11865234375,49.41
199.48026028598542,456.75341796875,41.45
199.71426250899094,589.494140625,51.04
199.9501748039911,595.119140625,49.92
200.18036470899824,456.75390625,48.55
200.4111845989828,746.99169921875,53.03
200.64333234797232,595.11962890625,49.38
200.87445710299653,595.11962890625,48.97
201.10840764298337,1029.74072265625,45.47
201.34165206897887,595.1201171875,49.82
201.5763259739906,595.1201171875,49.2
201.81163649997325,456.7548828125,24.59
202.0467365179793,595.12060546875,50.23
202.27828117099125,595.12060546875,49.62
202.51276943300036,456.75537109375,41.26
202.7434001879883,589.49609375,52.15
202.97755180698005,595.12109375,50.52
203.20956203399692,492.470703125,49.08
203.4431458969775,746.99365234375,52.44
203.67694096599007,595.12158203125,49.61
203.9084808699845,595.12158203125,48.69
204.13916847697692,724.494140625,49.98
204.37435195798753,595.1220703125,49.86
204.6061662749853,595.1220703125,49.65
204.84156606098986,1395.83984375,29.6
205.07272720499896,595.12255859375,49.53
205.30530637397896,595.12255859375,48.94
205.53863195699523,456.75732421875,35.54
205.77383038497646,589.498046875,49.11
206.00760010097292,494.04833984375,48.9
206.24132127600024,492.47265625,50.27
206.47441756399348,746.99560546875,52.5
206.7060459589993,595.12353515625,49.02
206.93811862598523,595.12353515625,49.39
207.17236132000107,1029.74462890625,44.7
207.40707936597755,595.1240234375,49.13
207.63862646298367,595.1240234375,49.55
207.8735494290013,456.7587890625,26.53
208.107051924977,595.12451171875,50.4
208.34074027399765,595.12451171875,48.94
208.57203432897222,456.75927734375,40.42
208.8042098750011,589.5,49.76
209.03520800499246,595.125,49.78
209.2698912699998,489.662109375,49.29
209.5016691289784,724.49755859375,51.97
209.7334006119927,626.7607421875,49.49
209.9661264519964,595.12548828125,49.27
210.19955652099452,1029.74658203125,39.12
210.43049863699707,595.1259765625,48.91
210.66723906097468,595.1259765625,49.28
210.90057323497604,456.7607421875,27.71
211.13523778200033,595.12646484375,49.2
211.36677621799754,595.12646484375,49.31
211.59942599898204,456.76123046875,50.01
211.83297920197947,746.9990234375,50.02
212.06369732998428,595.126953125,49.12
212.294270184997,489.6640625,49.6
212.52640152099775,724.49951171875,50.62
212.757652552973,595.12744140625,49.14
212.98974889697274,595.12744140625,48.81
213.22035087598488,1029.74853515625,36.22
213.45730669697514,595.1279296875,49.62
213.6890936359996,595.1279296875,49.07
213.92205505698803,456.7626953125,49.44
214.15302133897785,589.50341796875,49.51
214.38777689097333,595.12841796875,49.63
214.61948427799507,476.9970703125,48.96
214.85439201799454,747.0009765625,51.53
215.08593681099592,595.12890625,49.99
215.31722136799362,595.12890625,48.59
215.54718847299227,724.50146484375,50.74
215.77866502897814,595.12939453125,49.51
216.01017867098562,595.12939453125,49.0
216.24345040498883,984.75048828125,41.12
216.47508745998493,595.1298828125,49.01
216.7072539969813,595.1298828125,49.47
216.94146190898027,456.7646484375,49.43
217.17317704798188,589.50537109375,49.06
217.40616207697894,595.13037109375,49.0
217.63578150299145,489.66748046875,49.68
217.87101163898478,724.5029296875,30.94
218.10383155799354,595.130859375,49.52
218.33743211399997,595.130859375,49.16
218.57125009098672,1029.751953125,27.26
218.8013107169827,595.13134765625,48.56
219.03260861398303,595.13134765625,49.62
219.2661984829756,456.76611328125,45.37
219.4976454259886,595.1318359375,49.54
219.73034542397363,595.1318359375,49.65
219.9628637599817,456.7666015625,49.79
220.19730683398666,747.00439453125,46.61
220.42929973997525,595.13232421875,49.04
220.661353478994,595.13232421875,49.23
220.89399704398238,724.5048828125,32.38
221.12865823798347,635.76806640625,48.61
221.36066860498977,595.1328125,49.64
221.59363749899785,1029.75390625,25.19
221.82813246699516,595.13330078125,49.35
222.06070814398117,595.13330078125,49.51
222.29533078399254,456.76806640625,46.81
222.5268370229751,595.1337890625,48.58
222.76110751499073,595.1337890625,49.42
222.99331113797962,456.7685546875,49.62
223.22778571097297,747.00634765625,47.09
223.46054905699566,595.13427734375,49.29
223.691534055979,595.13427734375,49.28
223.92224980998435,724.5068359375,27.06
224.15669777299627,595.134765625,49.08
224.38685708699632,595.134765625,48.69
224.6171470769914,1029.755859375,31.23
224.85053174800123,595.13525390625,50.11
225.0827246150002,595.13525390625,49.37
225.31398633299978,456.77001953125,49.81
225.54644167097285,589.5107421875,52.17
225.77885335599422,595.1357421875,49.04
226.01066697499482,489.6728515625,49.06
226.24450569599867,724.50830078125,40.99
226.47644789598417,595.13623046875,49.69
226.70787053299136,595.13623046875,49.69
226.94175583898323,724.5087890625,26.98
227.17420132897678,595.13671875,48.27
227.40584948897595,595.13671875,49.48
227.64077776297927,984.7578125,33.08
227.8705240249983,595.13720703125,48.27
228.10216268597287,595.13720703125,48.98
228.33259690299747,456.77197265625,50.42
228.56254158899537,589.5126953125,52.22
228.79530151200015,595.1376953125,49.3
229.02617476298474,595.1376953125,49.69
229.25846722599817,724.51025390625,42.99
229.48824351999792,595.13818359375,48.52
229.7211467619927,595.13818359375,49.83
229.95257889697677,1029.75927734375,27.55
230.18727200999274,595.138671875,49.08
230.41664300399134,595.138671875,49.44
230.65136740598246,456.7734375,31.64
230.882807432994,595.13916015625,48.46
231.11370331299258,595.1396484375,49.52
231.34813360497355,456.77392578125,49.91
231.58226322298287,747.01171875,51.59
231.81430906997412,595.1396484375,49.18
232.04399009799818,595.1396484375,48.75
232.2760138749727,724.51220703125,45.96
232.5083643779799,595.14013671875,50.03
232.7430546269752,595.14013671875,49.65
232.97730165100074,1029.76123046875,36.04
233.20902014299645,595.140625,49.1
233.442092614976,595.140625,49.59
233.68043971099542,465.759765625,24.61
233.91253528697416,595.14111328125,50.72
234.1436573889805,595.14111328125,49.06
234.3787893949775,456.77587890625,41.94
234.610491962987,589.5166015625,50.59
234.84353586897487,595.1416015625,49.89
235.07513793298858,599.4560546875,49.02
235.30989069098723,724.51416015625,47.16
235.54434361300082,595.14208984375,49.65
235.7770822349994,595.14208984375,49.46
236.01056077398243,1029.76318359375,33.97
236.2423704819812,595.142578125,49.43
236.473593925999,595.142578125,49.16
236.70470296699204,456.77734375,28.6
236.93709649299853,595.14306640625,49.43
237.17136544798268,595.14306640625,49.55
237.40120634698542,456.77783203125,47.59
237.63244124499033,724.515625,52.1
237.86559689999558,595.1435546875,49.04
238.09774346099584,595.1435546875,49.05
238.3304276749841,1029.7646484375,39.25
238.5609925679746,595.14404296875,49.83
238.7945036549936,595.14404296875,49.66
239.02948067898978,488.31640625,23.44
239.26085868600057,595.14453125,49.39
239.49226288497448,595.14453125,48.95
239.7276800609834,456.779296875,38.49
239.95968386199092,589.52001953125,49.16
240.18966814898886,595.14501953125,49.08
240.4208787419775,595.14501953125,49.19
240.6526310389745,724.517578125,51.06
240.88342634399305,595.1455078125,49.17
241.11810073899687,595.1455078125,49.46
241.3518213549978,984.7666015625,28.67
241.58276340097655,595.14599609375,49.71
241.81366137598525,595.14599609375,48.7
242.04827877797652,456.78076171875,28.67
242.28008652999415,589.521484375,48.95
242.51515386198298,595.146484375,49.21
242.74681969199446,492.49609375,49.25
242.97976029998972,724.51904296875,50.33
243.21114263799973,595.14697265625,49.12
243.4458030629903,477.0234375,49.35
243.67741197199211,1029.76806640625,40.55
243.91030592398602,595.1474609375,49.6
244.14371210697573,595.1474609375,49.56
244.37932149099652,456.7822265625,27.6
244.61116178997327,595.14794921875,50.17
244.8455215409922,595.14794921875,49.21
245.07964808598626,456.78271484375,37.26
245.31016792997252,589.5234375,50.03
245.54039212799398,595.1484375,49.6
245.7710543119756,595.1484375,48.92
246.00215001299512,724.52099609375,51.49
246.2349534489913,595.14892578125,49.11
246.4674887569854,595.14892578125,49.1
246.70430544999545,984.77001953125,30.22
246.9347821319825,595.1494140625,49.04
247.16814808399067,595.1494140625,49.18
247.39975524699548,456.7841796875,49.42
247.63424930599285,589.52490234375,48.58
247.86772058199858,595.14990234375,50.19
248.09893864797777,456.78466796875,48.79
248.33106446597958,747.0224609375,50.06
248.5623896009929,595.150390625,49.89
248.79579906599247,595.150390625,50.06
249.02957925898954,645.76953125,47.88
249.2611241909908,595.15087890625,49.59
249.4958638889948,595.15087890625,49.24
249.72868017599103,456.78564453125,29.0
249.96166443498805,595.1513671875,49.91
250.19285994197708,595.1513671875,49.07
250.42429130899836,456.7861328125,48.82
250.65499812399503,589.52685546875,48.86
250.88602132699452,595.15185546875,50.0
251.11687432299368,492.50146484375,49.33
251.35281448499882,724.5244140625,49.49
251.5867769679753,595.15234375,49.02
251.82018545499886,595.15234375,48.78
252.05398743899423,1029.7734375,32.16
252.28691093498492,595.15283203125,49.75
252.51962762599578,595.15283203125,49.33
252.75379006998264,456.78759765625,50.0
252.98473784298403,595.1533203125,50.06
253.2168494129728,696.4033203125,49.8
253.45051408399013,456.7880859375,48.82
253.68391251398134,747.02587890625,50.64
253.91487467498519,595.15380859375,50.06
254.14507212297758,489.69091796875,48.97
254.37609134599916,724.5263671875,29.19
254.6118558519811,595.154296875,49.3
254.84431279599085,595.154296875,49.31
255.0760263299744,1029.775390625,35.71
255.3094658269838,595.15478515625,49.55
255.5408761019935,595.15478515625,49.03
255.77359153499128,456.78955078125,50.48
256.0063997199759,589.5302734375,50.01
256.2374766339781,595.1552734375,49.23
256.46911173299304,489.6923828125,49.06
256.69965280999895,724.52783203125,36.25
256.93388111598324,595.15576171875,48.88
257.16680733597605,595.15576171875,49.42
257.39984635298606,724.5283203125,27.2
257.63137417298276,595.15625,49.78
257.86539748997893,595.15625,49.09
258.10021988197695,984.77734375,38.46
258.33449302698136,595.15673828125,48.84
258.5653722139832,595.15673828125,49.54
258.79643648597994,456.79150390625,49.59
259.0267798359855,589.5322265625,50.68
259.2597821849922,595.1572265625,49.84
259.49073275199044,468.60400390625,49.95
259.7276797029772,724.52978515625,32.38
259.962211407983,595.15771484375,48.64
260.1932392210001,595.15771484375,50.15
260.42824977097916,1029.77880859375,24.94
260.6590958519955,595.158203125,48.83
260.88988892297493,595.158203125,49.63
261.1284435929847,456.79296875,41.71
261.3642025819863,595.15869140625,49.48
261.59620121499756,595.15869140625,49.15
261.8319411369739,456.79345703125,49.35
262.06295665798825,589.5341796875,49.98
262.29316555999685,595.1591796875,49.19
262.52423946998897,489.6962890625,49.26
262.7549653509923,724.53173828125,32.48
262.98541095198016,595.15966796875,48.21
263.21655819698935,595.15966796875,49.55
263.44913066198933,1029.78076171875,24.56
263.6823826999753,595.16015625,49.52
263.9140748619975,595.16015625,49.22
264.1468909389805,456.794921875,41.49
264.3788423590013,595.16064453125,50.87
264.60987673699856,595.16064453125,49.5
264.8418976510002,456.79541015625,48.97
265.0747600339819,747.033203125,49.39
265.3078700119804,595.1611328125,48.94
265.54076424398227,595.1611328125,49.31
265.7758927579853,1079.87890625,26.4
266.0078867119737,595.16162109375,48.6
266.2417654529854,595.16162109375,49.81
266.47483631799696,1029.78271484375,30.45
266.7072555469931,595.162109375,49.49
266.93969761399785,595.162109375,49.23
267.1713863539917,456.796875,49.91
267.40162912997766,752.34912109375,53.7
267.63416401899303,595.16259765625,49.58
267.86620190399117,595.16259765625,49.37
268.0990800719883,724.53515625,35.27
268.33132972198655,595.1630859375,49.06
268.5627886769944,595.1630859375,49.27
268.79400024798815,1029.7841796875,29.23
269.02685843998916,595.16357421875,50.11
269.2602625969739,595.16357421875,49.69
269.49313915899256,456.79833984375,39.98
269.7262640830013,595.1640625,50.76
269.9585527049785,595.1640625,49.68
270.19176940299803,456.798828125,49.61
270.42427851998946,747.03662109375,48.5
270.65793669599225,595.16455078125,49.08
270.8904033479921,595.16455078125,49.35
271.12323332499363,1029.78564453125,24.92
271.35804174799705,595.1650390625,49.27
271.5900772579771,595.1650390625,49.54
271.8239637519873,456.7998046875,36.52
272.05615955297253,595.16552734375,49.1
272.2883918109874,595.16552734375,49.12
272.5195533739752,456.80029296875,49.44
272.7508227049839,589.541015625,50.33
272.9824772909924,595.166015625,49.48
273.2146074389748,489.703125,49.45
273.4441015669727,724.53857421875,40.31
273.67439267397276,595.16650390625,48.74
273.90581412398024,595.16650390625,49.3
274.13715574197704,1029.78759765625,27.36
274.37008259099093,595.1669921875,50.32
274.60382304299856,595.1669921875,49.73
274.83442174000083,456.8017578125,41.28
275.0649056149996,589.54248046875,51.07
275.3010562139971,595.16748046875,49.39
275.5329664259916,492.51708984375,50.51
275.7661479229864,724.5400390625,50.67
276.00073787698057,595.16796875,49.41
276.23410725197755,595.16796875,48.86
276.4667170129833,1029.7890625,32.11
276.6991367999872,595.16845703125,48.71
276.93124746199464,595.16845703125,49.1
277.165386158973,456.80322265625,33.97
277.396234335989,595.1689453125,48.8
277.63256771399756,595.1689453125,49.31
277.86664194698096,456.8037109375,46.18
278.0986057979753,589.54443359375,50.48
278.3328524729877,595.16943359375,48.67
278.5655782429967,489.70654296875,49.24
278.79873557397514,724.5419921875,50.64
279.0301615629869,595.169921875,49.53
279.2656068869983,595.169921875,48.93
279.4996498289984,1029.791015625,33.22
279.73253316499176,595.17041015625,49.34
279.9654586869874,595.17041015625,49.29
280.19839154198417,456.80517578125,33.33
280.42858759398223,595.1708984375,47.75
280.66096296097385,595.1708984375,49.08
280.8921746709966,456.8056640625,44.92
281.1296425819746,589.54638671875,50.19
281.3625625159766,595.17138671875,48.83
281.59596904797945,489.70849609375,49.41
281.82884428297984,724.5439453125,49.92
282.0610792649968,595.171875,49.06
282.2941130439867,595.171875,49.68
282.52774426099495,1029.79296875,35.58
282.7587984749989,595.17236328125,49.69
282.99110427798587,595.17236328125,49.15
283.2224687359994,456.80712890625,30.24
283.4555320579966,595.1728515625,48.93
283.68939263999346,595.1728515625,49.82
283.9232572729816,456.8076171875,40.89
284.15332180898986,589.54833984375,51.14
284.3883657439728,595.17333984375,49.53
284.61889578498085,489.71044921875,49.86
284.85267918999307,724.5458984375,51.37
285.08631438799785,595.173828125,49.56
285.31922824599314,595.173828125,49.96
285.5505051899818,1029.794921875,34.37
285.7823052589956,595.17431640625,49.62
286.0130689959915,595.17431640625,49.36
286.24758994497824,456.80908203125,31.81
286.4798712329939,595.1748046875,48.19
286.7115154819912,595.1748046875,49.52
286.9432307620009,456.8095703125,42.51
287.1778746339842,747.04736328125,51.32
287.40920877997996,595.17529296875,49.12
287.6420825479727,595.17529296875,49.19
287.87389421099215,724.5478515625,48.82
288.10852390597574,595.17578125,49.33
288.3386301389837,595.17578125,49.46
288.57461332398816,984.796875,27.77
288.80590933497297,595.17626953125,50.23
289.03857015099493,595.17626953125,49.16
289.2706273129734,456.81103515625,36.9
289.5034931889968,589.5517578125,49.11
289.7352255099977,595.1767578125,49.45
289.9687489589851,491.2763671875,49.46
290.199422108999,747.04931640625,52.83
290.43391058099223,595.17724609375,49.77
290.6669932489749,595.17724609375,49.98
290.90055287699215,1029.79833984375,43.63
291.1350290569826,595.177734375,48.52
291.36685196397593,595.177734375,48.94
291.59866558297654,456.8125,23.92
291.8316832979908,595.17822265625,50.67
292.0632757229905,595.17822265625,49.42
292.29535195199423,456.81298828125,42.04
292.5284256109735,747.05078125,51.2
292.7598857539997,595.1787109375,49.36
292.9908067770011,489.7158203125,49.66
293.2250433949812,724.55126953125,51.59
293.4563704159809,595.17919921875,49.37
293.68677948898403,595.17919921875,49.89
293.91748085498693,1029.80029296875,43.24
294.1480075439904,595.1796875,47.48
294.3804859299853,595.1796875,49.27
294.61290180598735,456.814453125,50.46
294.8441639429948,589.55517578125,50.26
295.0759112109954,595.18017578125,49.44
295.310475951992,489.71728515625,49.46
295.5428976249823,724.552734375,51.28
295.7760242249933,595.1806640625,49.58
296.00950094897416,626.81591796875,50.06
296.24565957998857,724.55322265625,50.89
296.47984283798723,595.18115234375,49.01
296.7114445519983,595.18115234375,49.24
296.94615205199807,456.81591796875,44.62
297.1805521719798,595.181640625,48.71
297.4110941569961,595.181640625,49.62
297.6422885459906,456.81640625,49.23
297.8715111229976,589.55712890625,47.72
298.10315886497847,595.18212890625,49.41
298.33491199897253,595.18212890625,49.0
298.5665013519756,724.5546875,51.32
298.800171121984,595.1826171875,49.5
299.0295491699944,595.1826171875,48.91
299.2605270459899,1029.8037109375,30.93
299.4919938229723,595.18310546875,50.15
299.7212693420006,595.18310546875,49.1
299.9532187359873,456.81787109375,50.4
300.18472225099686,589.55859375,49.56
300.41698104998795,595.18359375,49.22
300.6507892489899,489.720703125,49.86
300.8834435699973,724.55615234375,39.01
301.1142303549859,595.18408203125,49.96
301.3466961689992,595.18408203125,49.11
301.5795627429907,1029.80517578125,26.56
301.81034610499046,595.1845703125,48.83
302.0444137019804,595.1845703125,49.63
302.27879049498006,984.80615234375,34.38
302.50974420498824,595.18505859375,49.73
302.7386355859926,595.18505859375,49.39
302.9687411899795,456.81982421875,50.4
303.2004448059888,589.560546875,51.49
303.43068199499976,595.185546875,49.37
303.66282422599033,595.185546875,48.89
303.89488718498615,724.55810546875,35.04
304.12997295497917,595.18603515625,49.49
304.36240733999875,595.18603515625,49.49
304.5942275939742,1029.80712890625,27.64
304.8249812029826,595.1865234375,50.64
305.05721346099745,595.1865234375,49.13
305.2901049689972,456.8212890625,35.45
305.5209645309951,595.18701171875,49.71
305.7540462219913,595.18701171875,49.39
305.9849579559814,456.82177734375,50.78
306.2158774419804,747.0595703125,52.41
306.4493510229804,595.1875,49.13
306.679510825983,595.1875,49.43
306.91227026097476,1029.80859375,29.21
307.14725601597456,595.18798828125,48.82
307.37981835298706,595.18798828125,49.42
307.6148736019968,456.82275390625,35.78
307.8472774659749,595.1884765625,48.2
308.0816790519748,595.1884765625,49.72
308.31255628398503,456.8232421875,41.32
308.54637544899015,589.56396484375,50.75
308.78127655398566,595.18896484375,49.99
309.01205349099473,489.72607421875,49.98
309.24670197299565,724.5615234375,46.69
309.47760267197737,595.189453125,49.4
309.7116729929985,716.82470703125,49.4
309.9434008440003,1029.810546875,26.38
310.1790707829932,595.18994140625,49.08
310.4120535059774,595.18994140625,49.43
310.64643358197645,456.82470703125,38.54
310.8782256189734,599.5048828125,49.92
311.1101034229796,595.1904296875,48.4
311.34300987797906,456.8251953125,47.27
311.57567341797403,589.56591796875,49.99
311.8065267629863,595.19091796875,48.71
312.0376266549865,595.19091796875,49.25
312.26734525797656,724.5634765625,40.65
312.49958044997766,595.19140625,47.76
312.73013270198135,595.19140625,49.64
312.96768994198646,984.8125,26.28
313.1989907019888,595.19189453125,50.17
313.4298712859745,595.19189453125,49.17
313.6608606859809,456.82666015625,47.01
313.89420812999015,589.5673828125,52.18
314.1246237679734,595.1923828125,50.11
314.3556548639899,492.5419921875,50.06
314.5891240449855,724.56494140625,51.51
314.82512273598695,595.19287109375,49.54
315.0584706689988,595.19287109375,49.67
315.2942142219981,1029.81396484375,32.56
315.5262602789735,595.193359375,48.62
315.75925662199734,595.193359375,49.18
315.9987332219898,456.828125,33.58
316.23329321297933,595.19384765625,50.27
316.46662626898615,595.19384765625,49.87
316.70267559599597,456.82861328125,50.44
316.9355668249773,747.06640625,50.27
317.16905318698264,595.1943359375,48.68
317.39927075000014,595.1943359375,49.35
317.63190565397963,724.56689453125,35.8
317.8647999559762,595.19482421875,48.92
318.0961650419922,595.19482421875,48.78
318.33128489597584,456.70458984375,31.15
318.56929492999916,505.06396484375,50.37
318.8016155399964,595.0703125,48.56
319.03270118299406,492.419921875,49.26
319.2647941749892,724.4423828125,45.68
319.50117148499703,599.52001953125,49.35
319.73180482399766,595.0703125,49.47
319.96526261998224,1029.69140625,23.04
320.1995910819969,595.07080078125,48.7
320.4325523629959,595.07080078125,49.14
320.6666658469767,465.68994140625,34.8
320.90113804498105,595.0712890625,49.34
321.137898305984,595.0712890625,48.89
321.3737940469873,456.7060546875,50.45
321.60670413298067,746.94384765625,50.42
321.84053531099926,595.07177734375,48.83
322.07190891797654,595.07177734375,49.55
322.3038549599878,724.4443359375,29.03
322.5365486019873,595.072265625,50.01
322.77033892198233,595.072265625,49.11
323.00086812497466,1029.693359375,30.0
323.2310344929865,595.07275390625,49.67
323.46416109299753,595.07275390625,49.14
323.69464824997704,456.70751953125,43.44
323.9280333399947,589.4482421875,49.93
324.15861303999554,595.0732421875,49.48
324.3906781639962,492.4228515625,49.24
324.6214467189857,724.44580078125,46.32
324.8540349690011,595.07373046875,49.55
325.0875498269743,595.07373046875,49.55
325.3189054839895,1029.69482421875,25.88
325.55369951998,595.07421875,49.92
325.78221814800054,595.07421875,50.46
326.01703984098276,456.708984375,33.37
326.2481608259841,595.07470703125,48.87
326.4798374819802,595.07470703125,49.77
326.71167338098167,456.70947265625,49.37
326.94369680798263,589.4501953125,50.89
327.1737338959938,595.0751953125,49.36
327.4051959249773,595.0751953125,48.96
327.63944057398476,724.44775390625,39.99
327.8697355229815,595.07568359375,47.94
328.10131775197806,595.07568359375,49.04
328.33570774499094,623.6962890625,26.84
328.5672026689863,595.076171875,50.81
328.80155571497744,595.076171875,50.03
329.0334224839753,456.7109375,40.12
329.2640476519882,589.45166015625,50.24
329.49627460198826,595.07666015625,49.33
329.72875452498556,489.61376953125,49.74
329.96357663697563,724.44921875,50.27
330.1966466649901,595.0771484375,49.3
330.43213584899786,595.0771484375,49.33
330.6663369159796,1029.6982421875,33.41
330.89774411797407,595.07763671875,48.94
331.12953042797744,595.07763671875,49.68
331.36339072999544,456.71240234375,32.99
331.59574032598175,595.078125,49.05
331.83042421899154,595.078125,48.8
332.0616173509916,456.712890625,44.67
332.2932728439919,589.45361328125,50.99
332.52384011200047,595.07861328125,49.05
332.7560546999739,595.07861328125,49.33
332.987089776987,724.451171875,45.42
333.2196363999974,595.0791015625,49.37
333.45146880697575,595.0791015625,49.25
333.6868269649858,1029.7001953125,25.54
333.91906830397784,595.07958984375,49.77
334.1553272299934,595.07958984375,49.29
334.3882638559735,456.71435546875,41.11
334.6200732149882,589.455078125,51.36
334.85373697898467,595.080078125,49.52
335.0861939229944,456.71484375,48.65
335.3193305799796,746.95263671875,51.78
335.5492753360013,595.08056640625,49.31
335.78293288397253,595.08056640625,48.98
336.01727796698106,724.453125,43.01
336.25134863797575,595.0810546875,49.32
336.4839630079805,595.0810546875,49.48
336.72327219397994,984.7021484375,25.48
336.9534475719847,595.08154296875,50.31
337.18542497299495,595.08154296875,49.24
337.41705692899995,456.71630859375,44.53
337.6481041589868,589.45703125,50.85
337.8819561499986,595.08203125,50.26
338.113519031991,489.619140625,50.58
338.34756567599834,724.45458984375,51.71
338.57982796698343,595.08251953125,49.3
338.81271591299446,595.08251953125,49.66
339.0460508559772,1029.70361328125,33.45
339.27685461199144,635.71826171875,48.83
339.51164452699595,595.0830078125,49.18
339.7453652829863,456.7177734375,34.19
339.9775205049955,589.45849609375,48.97
340.21097718397505,595.08349609375,49.22
340.44365252699936,492.43310546875,50.8
340.67644820999703,724.4560546875,53.17
340.90732334699715,595.083984375,49.98
341.1373734259978,595.083984375,49.1
341.3722741819802,724.45654296875,45.45
341.6035711009754,595.08447265625,49.07
341.8360906239832,595.08447265625,49.66
342.07118791897665,984.70556640625,23.96
342.30256508800085,595.0849609375,49.87
342.5350896399759,595.0849609375,49.55
342.76632286197855,456.7197265625,41.83
342.9976286509773,589.46044921875,50.78
343.2293788519746,595.08544921875,49.4
343.46071187997586,477.0537109375,49.44
343.69649698998546,724.4580078125,49.01
343.9288905169815,595.0859375,48.83
344.16169318399625,595.0859375,50.13
344.39716420997865,1029.70703125,43.64
344.6285541599791,595.08642578125,48.86
344.86267728198436,595.08642578125,49.08
345.09673950099386,456.72119140625,25.29
345.32827681998606,595.0869140625,50.3
345.5614375739824,595.0869140625,49.51
345.7931906390004,456.7216796875,44.11
346.026097791997,746.95947265625,50.35
346.2557353769953,494.0126953125,49.52
346.4875716249808,595.08740234375,48.77
346.7232152329816,1029.70849609375,43.77
346.9552309779974,595.087890625,49.45
347.18872159998864,595.087890625,49.99
347.42420352099,984.69091796875,25.58
347.6565980949963,595.0703125,49.6
347.88553494398366,595.0703125,49.59
348.11611108199577,456.70458984375,40.43
348.3473269829992,746.9423828125,50.61
348.57950832598726,595.0703125,49.17
348.81168380199233,595.0703125,49.33
349.04297024497646,724.44287109375,49.21
349.2748482589959,595.07080078125,49.65
349.5048661399924,595.07080078125,49.46
349.73735730699264,984.69189453125,29.02
349.96947257898864,595.0712890625,49.55
350.199910077994,621.08154296875,49.74
350.4335807559837,456.7060546875,27.5
350.6640927080007,589.44677734375,49.99
350.89470006499323,595.07177734375,49.62
351.1261335279851,489.60888671875,49.15
351.3607146819995,724.4443359375,51.97
351.592447211995,595.072265625,49.25
351.8232522959879,595.072265625,49.04
352.05372464697575,1029.693359375,43.07
352.28876543798833,595.07275390625,49.28
352.51902260197676,599.38720703125,49.28
352.75602933898335,456.70751953125,51.37
352.98728428198956,595.0732421875,49.48
353.2216754629917,595.0732421875,49.49
353.4533998919942,456.7080078125,48.96
353.6859569209919,746.94580078125,49.66
353.91819972597295,595.07373046875,49.31
354.1514227089938,595.07373046875,49.59
354.38321495597484,724.4462890625,53.77
354.6173806129955,595.07421875,48.96
354.84968026998104,595.07421875,49.74
355.0852422309981,984.6953125,32.12
355.31673408299685,595.07470703125,48.22
355.5493792539928,595.07470703125,49.72
355.7803680949728,456.70947265625,49.67
356.01090239698533,589.4501953125,47.78
356.24397842999315,595.0751953125,49.68
356.4765124109981,489.6123046875,49.35
356.71068931298214,724.44775390625,50.79
356.9434847169905,595.07568359375,49.01
357.17535141599365,595.07568359375,49.02
357.405335842981,1029.69677734375,35.0
357.6382341259741,595.076171875,49.12
357.86971151898615,595.076171875,49.48
358.10230612399755,456.7109375,50.21
358.3355282699922,589.45166015625,49.95
358.56787751597585,595.07666015625,49.65
358.80081602800055,489.61376953125,50.14
359.0326414509909,724.44921875,50.35
359.26510419198894,595.0771484375,50.23
359.4964900909981,595.0771484375,49.15
359.7334934049868,1029.6982421875,25.86
359.9660329739854,493.8212890625,48.25
360.2013298099919,595.07763671875,49.24
360.4371047229797,456.71240234375,45.16
360.6718042609864,595.078125,48.38
360.9060387829959,595.078125,49.27
361.1416176459752,456.712890625,49.47
361.3739796729933,746.95068359375,50.15
361.604771556973,595.07861328125,49.05
361.8347644339956,489.61572265625,48.94
362.06438965699635,724.451171875,51.74
362.2956858079997,595.0791015625,49.26
362.5273226540012,595.0791015625,48.97
362.7589645279804,1029.7001953125,34.26
362.99092530598864,595.07958984375,47.76
363.2228459249891,595.07958984375,49.33
363.4578782649769,456.71435546875,50.9
363.68862775398884,589.455078125,51.48
363.9215974859835,595.080078125,49.56
364.1536285269831,489.6171875,49.3
364.3820236019965,724.45263671875,30.57
364.61378874999355,595.08056640625,49.52
364.84317622697563,595.08056640625,50.04
365.07533710598364,1029.70166015625,28.6
365.308266328997,595.0810546875,49.72
365.541568584973,595.0810546875,49.31
365.7747257069859,456.7158203125,43.85
366.0077043789788,595.08154296875,48.84
366.23972983198473,595.08154296875,49.58
366.47355367598357,456.71630859375,50.19
366.70281347999116,746.9541015625,46.73
366.9336854739813,595.08203125,49.28
367.16552751799463,595.08203125,49.46
367.3995428729977,1029.703125,25.03
367.6319243859907,595.08251953125,49.7
367.86653005497647,476.953125,49.13
368.10116694300086,984.70361328125,36.68
368.33619544198154,595.0830078125,49.89
368.5670874109783,595.0830078125,49.15
368.8014937469852,456.7177734375,46.06
369.0331583209918,621.09375,51.1
369.26668072197936,595.08349609375,49.16
369.4975814909849,492.43310546875,49.2
369.7317307339981,724.4560546875,44.24
369.9647843479761,595.083984375,48.98
370.1946214759955,595.083984375,49.95
370.427726074995,724.45654296875,27.81
370.660214448988,595.08447265625,48.97
370.89261495898245,595.08447265625,49.75
371.125310487987,1029.70556640625,25.4
371.35893758398015,595.0849609375,49.97
371.5916963199852,595.0849609375,48.71
371.82249923897325,456.7197265625,39.3
372.0579954769928,595.08544921875,49.04
372.2880746109877,595.08544921875,48.87
372.5238929670013,456.72021484375,49.68
372.7558160990011,746.9580078125,52.33
372.9902934659913,595.0859375,49.3
373.22406485799,595.0859375,49.01
373.45951548899757,724.45849609375,34.15
373.6921748389723,595.08642578125,49.47
373.92295708399615,595.08642578125,49.92
374.15601782198064,1029.70751953125,27.89
374.3895669729973,595.0869140625,50.39
374.62104206197546,595.0869140625,49.57
374.85304097499466,456.7216796875,45.13
375.0861906229984,589.46240234375,52.17
375.31823975298903,595.08740234375,49.28
375.55089428299107,489.62451171875,49.89
375.7832915109757,724.4599609375,42.17
376.016564222984,595.087890625,47.53
376.24925178897684,595.087890625,49.36
376.48010883599636,1029.708984375,24.58
376.71239277897985,595.08837890625,51.01
376.94578590098536,595.08837890625,49.11
377.17822657097713,456.72314453125,36.96
377.40908983399277,595.0888671875,49.1
377.6443986139784,595.0888671875,49.3
377.8756946249923,456.7236328125,50.69
378.10965040299925,746.96142578125,52.39
378.34016954898834,595.08935546875,49.4
378.57670945397695,595.08935546875,49.85
378.81081895600073,724.4619140625,35.44
379.04435916797956,595.08984375,49.54
379.27912882799865,595.08984375,48.78
379.5134449269972,1029.7109375,31.3
379.7447595859994,595.09033203125,49.2
379.9760346439725,595.09033203125,50.24
380.21108318897313,456.72509765625,40.01
380.44544014599524,595.0908203125,49.12
380.67800520698074,595.0908203125,49.33
380.910836370982,456.7255859375,49.11
381.1429484989785,746.96337890625,49.77
381.3751281659934,595.09130859375,49.21
381.60838236898417,595.09130859375,49.31
381.8439466349955,1029.71240234375,30.8
382.07518928599893,595.091796875,49.63
382.3073706989817,595.091796875,48.95
382.54155758797424,456.7265625,34.56
382.77489036499173,595.09228515625,48.19
383.0050454189768,595.09228515625,49.1
383.23788098199293,456.72705078125,45.53
383.46889091597404,589.4677734375,50.82
383.7018237709999,595.0927734375,48.98
383.93417811597465,489.6298828125,48.94
384.1667444339837,724.46533203125,41.99
384.40000073297415,595.09326171875,47.65
384.63473302699276,595.09326171875,48.8
384.8662374499836,1029.71435546875,25.64
385.0969551599992,516.33740234375,50.61
385.3307192189968,595.09375,49.36
385.56353564499295,456.728515625,46.63
385.7979621659906,589.46923828125,52.2
386.0283379239845,595.09423828125,50.03
386.2604128259991,492.44384765625,49.71
386.4916607149935,724.466796875,49.89
386.72549000699655,595.0947265625,49.51
386.9576564739982,595.0947265625,49.33
387.19212385299033,1029.7158203125,29.48
387.4258487299958,595.09521484375,49.46
387.658673117985,595.09521484375,49.14
387.89209340899833,456.72998046875,36.33
388.1240791209857,595.095703125,49.27
388.3574485659774,595.095703125,49.76
388.5899067669816,456.73046875,50.66
388.82538729099906,746.96826171875,52.43
389.0579587779939,595.09619140625,49.94
389.2896130149893,489.63330078125,49.11
389.5198971379723,724.46875,43.06
389.7563232689863,595.0966796875,48.79
389.99043668297236,595.0966796875,49.27
390.2224395069934,1029.7177734375,24.86
390.45498319598846,595.09716796875,50.17
390.6856612349802,595.09716796875,49.94
390.916464362992,456.73193359375,42.21
391.14943479397334,589.47265625,49.12
391.3809586329735,595.09765625,49.45
391.61407929699635,489.634765625,48.79
391.84574463797617,724.47021484375,48.84
392.0783439229999,595.09814453125,49.51
392.31232700898545,595.09814453125,49.33
392.5449553479848,724.470703125,40.06
392.77773049799725,595.0986328125,48.03
393.00882082097814,595.0986328125,48.65
393.24351630799356,984.7197265625,26.83
393.4762059689965,595.09912109375,50.61
393.7055344989931,595.09912109375,49.47
393.93907883099746,456.73388671875,43.87
394.16835267297574,589.474609375,51.56
394.4008580179943,595.099609375,49.31
394.63318945397623,595.099609375,49.6
394.8621666729741,724.47216796875,46.5
395.09485780098476,595.10009765625,49.24
395.32828598399647,599.41455078125,49.29
395.56127506299526,1029.72119140625,33.36
395.79184763800004,595.1005859375,48.21
396.0277214489761,626.73583984375,49.14
396.26238194498,456.7353515625,33.25
396.4929675809981,589.47607421875,48.53
396.72450182697503,621.111328125,49.22
396.95535091197235,492.45068359375,50.26
397.1895901829994,724.4736328125,50.83
397.4216696249787,595.1015625,48.82
397.65184465399943,595.1015625,49.15
397.88165398300043,1029.72265625,31.46
398.1153256399848,595.10205078125,50.25
398.3447806549957,595.10205078125,48.29
398.5775282859977,456.73681640625,24.78
398.80938786198385,595.1025390625,50.0
399.03910856097355,595.1025390625,49.01
399.26914082997246,456.7373046875,46.54
399.50188964797417,499.4716796875,51.1
399.734210746974,595.10302734375,49.81
399.9668971259962,595.10302734375,48.99
400.1989829929953,1029.72412109375,40.8
400.4330426979868,595.103515625,48.22
400.6655268109753,595.103515625,49.32
400.899552502,456.73828125,26.11
401.13295735800057,595.10400390625,49.6
401.36407128800056,595.10400390625,49.83
401.5962832219957,456.73876953125,35.05
401.82803628599504,589.4794921875,49.03
402.05941960198106,595.1044921875,49.53
402.2925579349976,599.55419921875,49.39
402.52335463798954,724.47705078125,50.15
402.7557253249979,595.10498046875,48.94
402.9860626689915,595.10498046875,49.23
403.22495971099124,984.72607421875,28.46
403.45597132097464,595.10546875,50.05
403.68708992999746,595.10546875,49.11
403.9187213279947,456.740234375,35.43
404.15083806597977,589.48095703125,48.77
404.3809121019731,595.10595703125,48.92
404.6125625669956,489.64306640625,49.81
404.8463516289776,724.478515625,52.58
405.07719414899475,595.1064453125,48.91
405.308528294001,595.1064453125,49.15
405.54016374298953,1029.7275390625,43.3
405.77195494199987,595.10693359375,49.12
406.00223256999743,595.10693359375,48.85
406.2352231859986,456.74169921875,50.29
406.4663499669987,589.482421875,50.33
406.70048642897746,595.107421875,49.06
406.931726565992,456.7421875,49.9
407.1638553169905,746.97998046875,49.41
407.3952990459802,595.10791015625,49.8
407.6277948229981,595.10791015625,49.12
407.85940317297354,724.48046875,24.01
408.0915157899726,595.1083984375,49.47
408.3235267159762,595.1083984375,49.45
408.55861178800114,984.7294921875,41.85
408.79088902499643,595.10888671875,49.92
409.0215829179797,595.10888671875,49.62
409.2533477169927,456.74365234375,49.38
409.48538560199086,746.9814453125,48.12
409.71913471398875,595.109375,49.03
409.9491775989882,595.109375,49.25
410.1825885309954,724.48193359375,27.42
410.4161363549938,595.10986328125,49.44
410.64949050397263,595.10986328125,49.23
410.88080662998254,1029.73095703125,33.09
411.11493156899814,595.1103515625,49.53
411.34605255298084,595.1103515625,49.08
411.5798907849821,456.7451171875,50.31
411.81150779497693,589.48583984375,50.65
412.0443800959911,595.11083984375,49.4
412.2751286069979,489.64794921875,49.38
412.5106272199773,724.4833984375,34.44
412.7426005009911,595.111328125,49.34
412.9765018709877,595.111328125,49.27
413.20922205399256,1029.732421875,27.24
413.440897242981,595.11181640625,48.75
413.67311986300047,595.11181640625,49.25
413.9090274779883,456.74658203125,42.05
414.1378126279742,595.1123046875,49.66
414.3747741759871,595.1123046875,49.58
414.6107932609739,456.7470703125,48.59
414.8433375089953,746.98486328125,48.3
415.0781973369885,595.11279296875,49.3
415.309348003997,595.11279296875,49.56
415.544306589989,724.4853515625,26.09
415.77621687197825,595.11328125,49.33
416.0078729939996,595.11328125,48.8
416.237898767984,1029.734375,31.0
416.4683463939873,493.86328125,48.72
416.7025871319929,595.11376953125,49.25
416.93816264299676,456.74853515625,47.53
417.17272493898054,595.1142578125,47.97
417.40593625899055,595.1142578125,49.16
417.63671598999645,456.7490234375,48.92
417.87194479900063,746.98681640625,43.83
418.10413214800064,595.11474609375,49.55
418.3366540459974,595.11474609375,49.52
418.57005100898095,1029.73583984375,22.78
418.8034844309732,595.115234375,48.74
419.0368585549877,595.115234375,49.35
419.27256474198657,984.736328125,38.03
419.504962039995,599.43017578125,47.92
419.7385160109843,595.11572265625,49.49
419.969714101986,456.75048828125,50.93
420.20083620297373,589.4912109375,50.21
420.4314664689882,595.1162109375,49.57
420.6630814539967,489.6533203125,49.0
420.8956400199968,724.48876953125,32.29
421.1305387499742,595.11669921875,49.37
421.36448139799177,595.11669921875,49.05
421.59481964999577,1029.73779296875,33.52
421.8286133919901,595.1171875,49.43
422.0620400379994,595.1171875,49.63
422.2946400909859,456.751953125,44.55
422.5266145589994,595.11767578125,51.17
422.75620094899205,595.11767578125,49.06
422.99287013398134,456.75244140625,49.37
423.22604206198594,746.990234375,47.84
423.45636830097646,595.1181640625,49.19
423.6867113719927,621.12841796875,49.29
423.92265586397843,724.49072265625,28.29
424.15532939200057,595.11865234375,49.17
424.3879586389812,595.11865234375,49.49
424.62238404198433,465.73779296875,36.48
424.85607099399203,595.119140625,50.15
425.0884869399888,595.119140625,48.95
425.32169413898373,456.75390625,49.09
425.5558589579887,589.49462890625,50.6
425.78680903598433,595.11962890625,48.99
426.01806921698153,489.65673828125,49.22
426.2501378339948,724.4921875,36.49
426.483037582977,595.1201171875,49.27
426.71571327597485,595.1201171875,49.02
426.94722503298544,1029.7412109375,29.32
427.18079262197716,595.12060546875,49.28
427.4121728639875,595.12060546875,49.19
427.6472406849789,456.75537109375,48.95
427.8778161239752,589.49609375,52.96
428.11062165600015,595.12109375,49.52
428.34197724299156,456.755859375,50.31
428.5780706410005,746.99365234375,48.91
428.8096988259931,595.12158203125,49.34
429.04460907998146,595.12158203125,49.01
429.27896498999326,1029.69091796875,20.99
429.512391147,595.0703125,49.54
429.7476993679884,595.0703125,49.35
429.98081053298665,456.70458984375,41.49
430.21253223798703,595.0703125,49.77
430.4437405959761,595.0703125,50.1
430.67462453298504,456.705078125,48.66
430.90702169097494,746.94287109375,46.03
431.1422039849858,595.07080078125,49.44
431.3718564469891,489.60791015625,49.92
431.6028539479885,724.443359375,34.45
431.83367013698444,595.0712890625,49.62
432.06400077597937,595.0712890625,49.72
432.29651401398587,1029.6923828125,31.25
432.52806159999454,595.07177734375,49.06
432.76533457799815,595.07177734375,49.74
432.99727754699416,456.70654296875,49.36
433.2312537189864,589.447265625,51.19
433.4631765029917,595.072265625,49.79
433.69597909998265,489.609375,48.62
433.9300327289966,724.44482421875,40.74
434.16332436798257,595.07275390625,49.77
434.39547253597993,595.07275390625,49.08
434.63201292898157,1029.69384765625,28.71
434.86494927699096,595.0732421875,49.04
435.0984775449906,595.0732421875,49.73
435.3329920679971,456.7080078125,36.85
435.56635285299853,595.07373046875,49.53
435.799398713978,595.07373046875,49.39
436.0316302739957,456.70849609375,50.93
436.26589992799563,746.9462890625,50.93
436.49823199198,595.07421875,49.95
436.7303711499844,595.07421875,49.62
436.96118887499324,724.44677734375,32.62
437.19412843498867,595.07470703125,49.55
437.42317738197744,595.07470703125,49.37
437.65557768399594,1029.69580078125,24.72
437.8855870439729,595.0751953125,49.93
438.1184839299822,595.0751953125,49.11
438.35186957899714,456.7099609375,41.44
438.5884528559982,595.07568359375,50.13
438.82093347699265,595.07568359375,49.23
439.05398981497274,492.42529296875,49.19
439.28460974397603,746.9482421875,47.63
439.51881109099486,595.076171875,49.53
439.7508811739972,595.076171875,49.35
439.9861628539802,1029.697265625,29.14
440.2189723669726,595.07666015625,48.42
440.4540316659841,595.07666015625,49.94
440.6871293519798,1029.69775390625,27.08
440.9216848029755,595.0771484375,49.53
441.1534326299734,595.0771484375,49.19
441.3864289019839,456.7119140625,48.35
441.6220663639833,589.45263671875,50.44
441.8534976609808,595.07763671875,49.12
442.08644609199837,489.61474609375,49.56
442.31850367199513,724.4501953125,41.67
442.5513437059999,595.078125,49.19
442.7824412929767,595.078125,48.19
443.01370161399245,1029.69921875,25.42
443.2434017089836,595.07861328125,50.68
443.47925128397765,595.07861328125,48.53
443.7123709000007,456.71337890625,40.53
443.9477760629961,595.0791015625,49.81
444.17973488598363,595.0791015625,48.99
444.41233843099326,456.7138671875,49.33
444.6441875999735,746.95166015625,47.92
444.8774633149733,595.07958984375,49.49
445.10864450398367,595.07958984375,49.42
445.34333237799,724.4521484375,30.23
445.57410987399635,595.08056640625,49.13
445.80898988599074,595.080078125,49.12
446.04421520300093,456.71484375,35.02
446.2747990239877,595.08056640625,47.89
446.5078798769973,595.08056640625,49.17
446.74257585199666,456.71533203125,47.62
446.9788565689814,589.4560546875,50.18
447.2097053749894,595.0810546875,49.07
447.44325801800005,489.6181640625,49.27
447.6757548429887,724.45361328125,38.42
447.91054803997395,595.08154296875,49.16
448.1424565759953,595.08154296875,49.41
448.3754134569899,1029.70263671875,30.28
448.6097438739962,595.08203125,49.15
448.8433304609789,595.08203125,49.22
449.0780983059958,456.716796875,47.09
449.3121316100005,595.08251953125,51.39
449.54401227799826,595.08251953125,48.84
449.7761120439973,456.71728515625,48.96
450.01167211899883,746.955078125,46.32
450.24198802097817,595.0830078125,49.4
450.4752352409996,595.0830078125,49.6
450.710719256982,1029.7041015625,24.68
450.94329709897283,595.08349609375,48.68
451.17520451699966,595.08349609375,49.42
451.4093256139895,456.71826171875,41.08
451.64023511298,595.083984375,49.49
451.8750798549736,595.083984375,49.94
452.1045152449806,456.71875,49.81
452.3352326049935,589.45947265625,52.12
452.56731218699133,595.08447265625,49.36
452.80030231300043,489.62158203125,49.45
453.03033877298003,724.45703125,40.15
453.2653695069894,595.0849609375,49.34
453.49716440797783,595.0849609375,49.86
453.7343381389801,1029.7060546875,26.46
453.963723939989,595.08544921875,50.25
454.1975445719727,595.08544921875,49.36
454.42971732397564,456.72021484375,42.74
454.664590002998,595.0859375,50.07
454.8971738519904,595.0859375,49.6
455.1288836140011,456.720703125,50.68
455.35929324597237,589.46142578125,54.35
455.59340016398346,595.08642578125,48.96
455.82469414998195,492.43603515625,50.62
456.0558733139769,746.958984375,50.86
456.28967878897674,595.0869140625,49.07
456.5237641259737,595.0869140625,49.01
456.75707476297976,1029.7080078125,29.92
456.9895279359771,595.08740234375,49.86
457.2211180559825,595.08740234375,49.01
457.454733208986,456.72216796875,35.06
457.68631976799225,595.087890625,50.12
457.92012943397276,595.087890625,49.22
458.151270043978,456.72265625,50.54
458.3853707469825,589.46337890625,50.91
458.6168009969988,595.08837890625,48.7
458.85095310397446,489.62548828125,49.38
459.08243287197547,724.4609375,40.36
459.31652079397463,595.0888671875,47.97
459.54730778798694,595.0888671875,49.06
459.78222195399576,1029.7099609375,26.52
460.01360610697884,595.08935546875,50.29
460.2459730229748,595.08935546875,49.23
460.477287961985,456.72412109375,44.27
460.7106769629754,589.46484375,50.44
460.9425735549885,595.08984375,49.85
461.1743164919899,492.439453125,49.57
461.4043317199976,746.96240234375,50.67
461.63593978999415,595.09033203125,48.6
461.86764920299174,595.09033203125,49.37
462.09946715197293,1029.71142578125,34.59
462.33219592497335,595.0908203125,49.29
462.5645890329906,595.0908203125,49.12
462.79788032299257,456.7255859375,31.5
463.0303000409913,595.09130859375,48.24
463.2625522739836,595.09130859375,49.25
463.49676018598257,456.72607421875,50.38
463.7303147149796,746.9638671875,52.79
463.96350955197704,635.72705078125,49.03
464.1963111719815,595.091796875,48.08
464.42757428699406,724.46435546875,46.61
464.6604725699872,595.09228515625,49.6
464.8955042119778,595.09228515625,49.29
465.12761103297817,1029.71337890625,26.33
465.36219958998845,595.0927734375,49.41
465.5957393119752,595.0927734375,49.86
465.8295496770006,456.7275390625,39.1
466.062733408995,589.46826171875,50.19
466.2945091719739,595.09326171875,49.13
466.5261657839874,489.63037109375,49.47
466.75956665797275,724.4658203125,50.24
466.9923242069781,595.09375,48.68
467.2242168879893,595.09375,49.91
467.4573124079907,724.46630859375,41.59
467.69098427399877,595.09423828125,49.21
467.9234287159925,595.09423828125,49.28
468.1592720049957,984.71533203125,26.88
468.3895530559821,595.0947265625,50.22
468.62431363598444,595.0947265625,49.34
468.85522383399075,456.7294921875,41.81
469.09220549699967,589.47021484375,50.92
469.32425867798156,595.09521484375,49.42
469.55366710797534,489.63232421875,49.08
469.7869489689765,724.4677734375,49.49
470.01856081097503,595.095703125,49.98
470.24954902299214,595.095703125,49.67
470.485635436984,724.46826171875,43.96
470.71839941098006,595.09619140625,48.98
470.95243446098175,595.09619140625,48.96
471.184945742978,984.71728515625,24.92
471.4187771999859,595.0966796875,50.2
471.6529459999874,595.0966796875,49.55
471.8841409479792,456.7314453125,41.53
472.11449812797946,589.47216796875,49.98
472.3467695679865,595.09716796875,49.07
472.57901488797506,595.09716796875,49.21
472.8123418679752,724.4697265625,50.08
473.0451753359812,595.09765625,50.09
473.27970326898503,595.09765625,48.26
473.5135194309987,1029.71875,37.75
473.74615726899356,595.09814453125,48.94
473.97887507698033,595.09814453125,49.33
474.2116468039749,456.73291015625,28.02
474.4433043229801,595.0986328125,50.18
474.67469825499575,595.0986328125,49.46
474.90456632198766,456.7333984375,46.44
475.13759982198826,746.97119140625,51.95
475.36851986698457,595.09912109375,49.23
475.6030378829746,595.09912109375,48.96
475.8375969659828,1029.72021484375,43.57
476.0722108059854,595.099609375,49.34
476.30345813700114,595.099609375,48.78
476.53512326898635,1029.720703125,29.83
476.7650065619964,595.10009765625,48.67
476.99907227398944,595.10009765625,49.26
477.2329582089733,456.73486328125,35.17
477.4640954659844,589.4755859375,49.41
477.69450314197456,595.1005859375,50.06
477.92844173900085,595.1005859375,49.4
478.1600887120003,724.47314453125,51.19
478.3889575339854,595.10107421875,49.58
478.62030501899426,595.10107421875,49.1
478.8543258209829,984.72216796875,30.13
479.09008061897475,595.1015625,49.44
479.3202172339952,595.1015625,49.34
479.55109118297696,456.736328125,50.47
479.7845581989968,595.10205078125,50.79
480.0178201549861,595.10205078125,49.2
480.24954507299117,492.45166015625,49.52
480.48112876797677,746.974609375,51.27
480.71312963598757,595.1025390625,48.93
480.9458903979976,595.1025390625,48.98
481.1800393619924,1029.7236328125,47.15
481.4117376699869,595.10302734375,49.87
481.64389568497427,595.10302734375,48.95
481.8758652639808,456.73779296875,50.05
482.10499962899485,595.103515625,50.37
482.33781319198897,595.103515625,49.25
482.5688669869851,456.73828125,49.49
482.79896881998866,589.47900390625,49.25
483.03054539099685,595.10400390625,49.6
483.2616652579745,489.64111328125,49.35
483.4935050679778,724.4765625,30.09
483.7287152989884,595.1044921875,49.42
483.9610224289936,595.1044921875,49.27
484.1928734139947,1029.7255859375,35.3
484.4251228539797,595.10498046875,48.2
484.65632632299094,595.10498046875,49.6
484.88794954898185,456.73974609375,50.42
485.1217995849729,595.10546875,49.27
485.35271020099754,595.10546875,49.29
485.58476086799055,456.740234375,49.03
485.8208151529834,746.97802734375,47.54
486.05327384299017,595.10595703125,49.42
486.28556819297955,595.10595703125,49.46
486.51790214297944,724.478515625,27.07
486.75090183797874,595.1064453125,49.63
486.9832434709824,595.1064453125,49.18
487.21776854098425,984.7275390625,39.14
487.4497110199882,595.10693359375,49.26
487.68164169599186,595.10693359375,49.15
487.9135363329842,456.74169921875,49.54
488.14380432199687,589.482421875,48.85
488.3738613159803,595.107421875,49.49
488.6054229399888,489.64453125,49.1
488.8402253569802,724.47998046875,38.73
489.0740169339988,595.10791015625,49.24
489.30447552597616,595.10791015625,49.11
489.53878415198415,1029.72900390625,28.63
489.7688406559755,595.1083984375,49.09
489.9996100499993,595.1083984375,49.37
490.2324572079815,456.7431640625,47.26
490.4645812789968,589.48388671875,52.32
490.6955827619822,595.10888671875,49.0
490.9268848489737,489.64599609375,49.01
491.1576087049907,724.4814453125,44.03
491.3885607389966,595.109375,49.19
491.6230907669815,595.109375,49.55
491.85615325099207,1029.73046875,26.25
492.08760543199605,595.10986328125,50.14
492.3191027309804,595.10986328125,48.82
492.55384228899493,456.74462890625,38.55
492.78500196599634,595.1103515625,49.06
493.0223304699757,595.1103515625,49.37
493.25398770999163,456.7451171875,49.9
493.4873753139982,746.98291015625,53.17
493.7207527909777,595.11083984375,49.28
493.9522960469767,595.11083984375,49.8
494.181626880978,724.4833984375,34.81
494.4152107439877,595.111328125,48.96
494.6484168259776,595.111328125,49.08
494.8813276109868,1029.732421875,23.98
495.1133823279815,595.11181640625,50.58
495.34665573897655,595.11181640625,49.38
495.5785579189833,456.74658203125,42.44
495.81312915397575,589.4873046875,50.6
496.0480695119768,595.1123046875,49.24
496.28134508698713,492.4619140625,48.63
496.5135232169996,510.7314453125,48.34
496.7461866879894,595.11279296875,49.51
496.97797369598993,595.11279296875,49.85
497.21238589897985,1029.73388671875,30.02
497.4430621219799,595.11328125,48.69
497.67399662497337,595.11328125,49.05
497.9076093339827,984.734375,30.31
498.1403625519888,595.11376953125,48.83
498.37159577399143,595.11376953125,49.65
498.6051475099812,456.74853515625,48.74
498.8366114239907,589.4892578125,51.96
499.0695385519939,595.1142578125,47.86
499.30057006698917,595.1142578125,49.16
499.53394237498287,724.48681640625,41.18
499.7639850509877,595.11474609375,49.97
499.9962537679821,595.11474609375,49.08
500.2269878909865,1029.73583984375,25.55
500.4565348899923,595.115234375,49.96
500.6915334259975,595.115234375,49.41
500.9236830599839,456.75,34.5
501.1600166479766,595.11572265625,47.99
501.39002565998817,595.11572265625,49.22
501.62060452098376,456.75048828125,50.56
501.8516881389951,746.98828125,51.03
502.0840110539866,595.1162109375,49.78
502.3147984679963,595.1162109375,49.75
502.5504532499763,1029.7373046875,35.62
502.7806449709751,595.11669921875,49.68
503.018513781979,595.11669921875,49.49
503.2516994699836,984.73779296875,24.8
503.4847851419763,595.1171875,49.25
503.71858069999143,595.1171875,49.34
503.94975630097906,456.751953125,39.62
504.1844302759855,589.49267578125,49.06
504.4159238039865,595.11767578125,49.5
504.6452841119899,489.65478515625,49.76
504.87769712498994,724.490234375,47.68
505.1116438229801,595.1181640625,49.47
505.3437683839875,595.1181640625,49.17
505.57646810199367,1029.7392578125,29.92
505.80944209499285,595.11865234375,49.11
506.0393294399837,626.75390625,49.49
506.27471036699717,456.75341796875,30.26
506.50424255998223,595.119140625,49.67
506.7360571559984,595.119140625,49.14
506.96774505698704,456.75390625,45.24
507.20147656899644,746.99169921875,49.82
507.4347336359788,595.11962890625,49.31
507.6686554699845,595.11962890625,49.27
507.9028983739845,724.4921875,47.47
508.13749649899546,595.1201171875,50.62
508.3707743799896,595.1201171875,48.87
508.60608357799356,984.7412109375,24.39
508.8363301259815,595.12060546875,49.49
509.0703458999924,595.12060546875,50.14
509.3010753429844,456.75537109375,32.99
509.5369636109972,621.13134765625,48.72
509.7702422599832,595.12109375,48.77
510.00314061300014,492.470703125,48.8
510.23487921999185,746.99365234375,50.77
510.466657567973,595.12158203125,49.44
510.69853628097917,595.12158203125,49.3
510.9333607679873,1029.74267578125,39.94
511.168019307981,595.1220703125,49.76
511.40137345698895,595.1220703125,49.33
511.63419316598447,456.7568359375,27.54
511.86796909797704,595.12255859375,49.59
512.0986159869935,488.2412109375,49.98
512.3319977939827,456.75732421875,40.27
512.5635803719924,746.9951171875,50.65
512.7958650829969,595.123046875,50.05
513.0272985449992,595.123046875,48.91
513.2615225909976,724.49560546875,46.92
513.4943974759954,595.12353515625,49.26
513.7253033429733,595.12353515625,49.36
513.9593663309934,984.74462890625,26.62
514.1907803769864,595.1240234375,49.23
514.4217442839872,595.1240234375,49.1
514.6547028409841,456.7587890625,39.01
514.8847427229921,589.49951171875,50.67
515.1149470859964,595.12451171875,49.1
515.3471403019794,489.66162109375,49.68
515.5795241899905,724.4970703125,51.17
515.8117723029864,595.125,49.47
516.0423567519756,595.125,48.78
516.2734060769726,1029.74609375,40.26
516.5033605409844,595.12548828125,48.33
516.7343562959868,595.12548828125,48.63
516.9684454749804,456.76025390625,50.18
517.2040122549806,589.5009765625,50.21
517.4358954379859,595.1259765625,49.19
517.6661483409989,489.6630859375,48.75
517.8972469059809,724.49853515625,52.07
518.1291100429953,595.12646484375,49.75
518.3631624149857,595.12646484375,48.17
518.5943054689851,724.4990234375,25.97
518.8272088509984,595.126953125,49.89
519.0578160689911,595.126953125,49.42
519.2941294019984,984.748046875,42.04
519.5241741729842,595.12744140625,49.79
519.7548330049904,595.12744140625,49.85
519.9859463069879,456.76220703125,49.67
520.2170834249991,589.5029296875,48.7
520.4471622789861,595.1279296875,49.3
520.6775485829858,595.1279296875,49.57
520.9074116919946,724.50048828125,27.89
521.1364764239988,595.12841796875,49.31
521.3700112569786,595.12841796875,49.53
521.6014619709749,1029.74951171875,29.44
521.8347035329789,595.12890625,49.43
522.066996345995,595.12890625,48.96
522.301030208997,456.763671875,49.34
522.5323508739821,589.50439453125,49.73
522.76581097499,595.12939453125,49.29
522.9968975969823,489.66650390625,49.32
523.230167095986,724.501953125,39.82
523.4612211009953,595.1298828125,49.08
523.6939454739913,595.1298828125,49.52
523.9269015169994,1029.7509765625,25.27
524.1577109309728,595.13037109375,49.34
524.390872871998,595.13037109375,49.72
524.6283163379994,456.70458984375,33.56
524.8623953189817,595.0703125,50.69
525.0957852979773,595.0703125,49.42
525.3269528679957,456.70458984375,49.06
525.5590805709944,752.2568359375,50.84
525.7892995309958,595.0703125,49.58
526.0225633029768,595.0703125,49.25
526.2537676799984,724.44287109375,33.1
526.4870647669886,595.07080078125,49.3
526.7166190989956,595.0712890625,49.64
526.9474067919946,1029.69189453125,32.35
527.1799743679876,595.0712890625,49.13
527.413494044973,595.0712890625,48.79
527.64680335499,456.7060546875,39.91
527.8782577009988,595.07177734375,50.18
528.1092450750002,595.07177734375,49.89
528.3402759609744,456.70654296875,49.51
528.5716302219953,746.9443359375,50.37
528.8048421699787,595.072265625,48.94
529.03750312599,595.072265625,49.54
529.2724104469817,1029.693359375,29.43
529.502659019985,595.07275390625,49.73
529.7342774969875,595.07275390625,49.47
529.9695055379998,456.70751953125,34.41
530.2011764679919,595.0732421875,48.52
530.4366431629751,595.0732421875,49.7
530.6683188409952,456.7080078125,45.53
530.9034444919962,589.44873046875,53.31
531.1343845129886,595.07373046875,48.89
531.3663031059841,489.61083984375,48.84
531.5962831319775,724.4462890625,43.52
531.8308932009968,595.07421875,49.12
532.0625173349981,595.07421875,49.18
532.2933347809885,1029.6953125,23.76
532.5249457149766,595.07470703125,49.76
532.760994272976,595.07470703125,49.1
532.9925583419972,456.70947265625,44.66
533.2225892839779,589.4501953125,50.73
533.4563566259749,595.0751953125,48.56
533.6898582139984,492.4248046875,50.73
533.9206107749778,746.94775390625,50.51
534.1562782689871,595.07568359375,49.56
534.3884733009909,595.07568359375,49.31
534.625374923984,1029.69677734375,31.3
534.8562281299965,595.076171875,48.46
535.087316915975,595.076171875,49.39
535.3211740759725,456.7109375,34.33
535.5542454299866,595.07666015625,48.87
535.7883570979757,595.07666015625,50.0
536.0206158969959,456.71142578125,49.25
536.2507629879983,589.4521484375,51.95
536.4831192879938,595.0771484375,49.69
536.7151141499926,489.6142578125,49.14
536.9485217289766,724.44970703125,50.0
537.1799793569953,595.07763671875,49.46
537.4115149999852,595.078125,49.87
537.6431188099959,1029.69873046875,30.65
537.8790507999947,595.078125,48.43
538.1130683199735,595.078125,49.82
538.3453739830002,456.712890625,34.87
538.5777570329956,595.07861328125,48.4
538.8093717389856,595.07861328125,49.73
539.0396741609729,456.71337890625,48.67
539.2725411539723,746.951171875,52.4
539.5052764229767,595.0791015625,49.91
539.7379113979987,489.6162109375,49.05
539.9700295319781,724.45166015625,49.81
540.202789315983,595.07958984375,49.74
540.4332960299798,595.07958984375,49.92
540.6661159489886,1029.70068359375,30.55
540.8972239419818,595.080078125,49.0
541.1315588989819,595.080078125,49.67
541.3628059499897,456.71484375,34.83
541.5982360469934,589.45556640625,48.71
541.8290188509854,595.08056640625,49.28
542.061786805978,456.71533203125,45.9
542.292229543993,746.953125,50.61
542.5213271719986,595.0810546875,49.01
542.7527280169888,595.0810546875,49.23
542.9841548449767,724.45361328125,49.67
543.2166508309892,595.08154296875,49.51
543.4472093679942,595.08154296875,49.84
543.6797693309782,1029.70263671875,30.38
543.9103365989868,595.08203125,48.68
544.1404347299831,599.396484375,49.98
544.3725971449749,456.716796875,49.37
544.6053826309799,589.45751953125,48.51
544.8397656399757,595.08251953125,49.72
545.0702828999783,489.61962890625,49.36
545.3038099109835,724.455078125,50.76
545.540314125974,595.0830078125,48.31
545.7718672999763,595.0830078125,48.99
546.0068130349973,1029.7041015625,44.82
546.2386751939775,595.08349609375,48.66
546.4696154239937,595.08349609375,49.65
546.7039461209788,456.71826171875,26.22
546.9350320429949,595.083984375,49.82
547.165300032997,595.083984375,49.42
547.4023608979769,456.71875,48.81
547.6366702219821,746.95654296875,49.94
547.8713362359849,595.08447265625,49.16
548.1033138459898,479.865234375,49.22
548.3377173189947,724.45703125,53.85
548.5671311959741,595.0849609375,49.35
548.798888381978,595.08544921875,48.98
549.031232319976,1029.7060546875,42.09
549.2637298429909,595.08544921875,49.62
549.4958054429735,595.08544921875,49.11
549.7310106449877,456.72021484375,50.31
549.9632710509759,589.4609375,49.76
550.1980643879797,595.0859375,49.33
550.4297823909728,492.435546875,49.4
550.6614443110011,755.9013671875,50.48
550.8938133919728,595.08642578125,49.75
551.1254917249898,595.08642578125,49.03
551.3552022959921,724.458984375,51.81
551.5913493330008,595.0869140625,48.81
551.8267964019906,595.0869140625,48.78
552.0585292129836,1029.7080078125,40.38
552.2917666539724,595.08740234375,49.44
552.5219489459996,595.08740234375,49.58
552.7547468639968,456.72216796875,50.16
552.9870496649819,589.462890625,49.56
553.219733668986,595.087890625,49.43
553.4530563189765,489.625,49.26
553.6851765489846,724.46044921875,50.66
553.9168650779757,595.08837890625,49.9
554.1478387629904,595.08837890625,49.63
554.3831355299917,724.4609375,27.13
554.6162885309896,595.0888671875,48.58
554.8486152869882,595.0888671875,48.82
555.082440039987,984.7099609375,41.72
555.3155915739771,595.08935546875,49.81
555.5483142009762,595.08935546875,49.42
555.7821550869849,456.72412109375,48.99
556.0139422349748,746.9619140625,47.45
556.2458431579871,595.08984375,49.42
556.477489293,595.08984375,49.01
556.7095181679761,724.46240234375,22.65
556.9431192829798,595.09033203125,49.14
557.1774622709781,595.09033203125,49.94
557.4068923529994,1029.71142578125,35.85
557.63903458399,595.0908203125,49.65
557.8705799349991,595.0908203125,49.35
558.1032818189997,456.7255859375,50.12
558.3357501469727,589.46630859375,49.41
558.5691219669825,595.09130859375,49.52
558.8006715779775,489.787109375,49.18
559.0347247179889,724.4638671875,36.98
559.2649264259962,626.72705078125,48.93
559.5024078869901,595.091796875,49.38
559.7365717969951,1029.712890625,27.68
559.9690636629821,595.09228515625,48.86
560.2006407229928,595.09228515625,49.29
560.4337161979929,1029.71337890625,36.24
560.6667779839772,595.0927734375,48.63
560.8997330489801,595.0927734375,49.61
561.1336508329841,456.7275390625,49.94
561.3668847119843,589.46826171875,50.43
561.5991894679901,595.09326171875,49.66
561.8304029239807,489.63037109375,49.73
562.0618315669999,724.4658203125,31.78
562.2948514469899,595.09375,49.69
562.5293364269892,595.09375,49.01
562.7594196119753,1029.71484375,34.39
562.9906947399722,595.09423828125,49.57
563.2222609739983,595.09423828125,49.31
563.4553840119916,456.72900390625,42.44
563.690584883996,595.0947265625,49.58
563.9249431679782,595.0947265625,49.3
564.1583440419927,456.7294921875,49.18
564.3902580959839,746.96728515625,48.09
564.6227016299963,595.09521484375,49.52
564.8540745379869,595.09521484375,49.46
565.0864250409941,724.4677734375,28.75
565.3189579749887,595.095703125,49.52
565.5506103259977,595.095703125,49.4
565.7837960829784,984.716796875,37.09
566.0152356219769,595.09619140625,48.57
566.2466250129801,595.09619140625,49.62
566.4817941059882,456.73095703125,46.23
566.7138272419979,609.85693359375,50.9
566.9477906329848,595.0966796875,49.25
567.1810942859738,492.4462890625,49.73
567.4128223469888,724.46923828125,44.54
567.644447877974,595.09716796875,49.11
567.8782089329907,595.09716796875,49.24
568.1116274779779,1029.71826171875,24.98
568.3441217879881,595.09765625,49.54
568.5764980629901,595.09765625,49.07
568.8110442949983,456.732421875,41.57
569.0425425719877,595.09814453125,50.22
569.2743964199908,595.09814453125,49.46
569.5076814249915,456.73291015625,51.22
569.7397117669752,589.4736328125,50.84
569.9696639259928,595.0986328125,49.24
570.2024260839971,482.59228515625,49.22
570.434000210982,724.47119140625,36.3
570.6682667209825,595.09912109375,49.16
570.9015636689728,488.2177734375,49.26
571.1350980829739,1029.72021484375,30.71
571.3691952239897,595.099609375,49.01
571.6036844639748,595.099609375,49.47
571.8362467309926,456.734375,47.8
572.0678070289723,589.47509765625,51.8
572.2997344219766,595.10009765625,49.58
572.5322377419798,456.73486328125,49.42
572.7653859239945,746.97265625,51.43
572.996950132976,493.84423828125,49.35
573.2310068339866,595.1005859375,49.4
573.4643857779738,724.47314453125,30.74
573.6944963409915,595.10107421875,48.9
573.9301582479966,595.10107421875,49.2
574.1685152619903,456.73583984375,34.29
574.4003526269807,595.1015625,49.4
574.6327752779762,595.1015625,49.04
574.8645555119729,456.736328125,50.65
575.0970257259905,589.47705078125,53.4
575.3304766779765,595.10205078125,49.75
575.5631496469723,489.63916015625,49.2
575.7968120139849,724.474609375,45.31
576.0276591430011,595.1025390625,48.97
576.2584902779781,615.48779296875,49.49
576.489054332982,1029.7236328125,25.9
576.7204843029904,595.10302734375,50.13
576.9512203119812,595.10302734375,49.35
577.1865813339828,456.73779296875,41.63
577.4171328169759,589.478515625,49.88
577.6496211209742,595.103515625,49.44
577.8820068950008,492.453125,49.51
578.1135943609988,746.97607421875,47.54
578.3455419389938,595.10400390625,50.0
578.5802803099796,595.10400390625,48.68
578.8139878649963,724.4765625,37.98
579.0464420859935,595.1044921875,50.06
579.2777052699821,595.1044921875,49.47
579.5134941519937,984.7255859375,29.81
579.7461456789752,595.10498046875,49.18
579.9772037349758,595.10498046875,49.36
580.2086071639787,456.73974609375,49.34
580.4411756479822,746.9775390625,51.07
580.6729880789935,595.10546875,49.91
580.90487531299,595.10546875,49.14
581.1352180349932,724.47802734375,41.35
581.36780314098,595.10595703125,50.37
581.5987927499809,595.10595703125,49.0
581.8335864359979,1029.72705078125,27.77
582.0658355969936,595.1064453125,49.5
582.3024123789801,595.1064453125,49.88
582.5362392969837,984.7275390625,26.93
582.7716992869973,595.10693359375,50.14
583.0093119129888,595.10693359375,49.92
583.2411895080004,456.74169921875,34.51
583.4717633409891,595.107421875,47.61
583.7046391339973,595.107421875,48.92
583.9355200669961,456.7421875,44.45
584.1690602789749,589.48291015625,50.58
584.4006859489891,595.10791015625,49.15
584.6330316329841,492.45751953125,50.85
584.8648587319767,746.98046875,52.18
585.0974886769836,595.1083984375,49.05
585.3309769249754,595.1083984375,49.31
585.5640829219774,1029.7294921875,35.77
585.7987545219949,595.10888671875,49.17
586.0297399409756,595.10888671875,49.21
586.2633822629869,456.74365234375,31.82
586.4960903629835,595.109375,49.05
586.730860162992,595.109375,49.17
586.9641501259757,456.744140625,48.28
587.1965837429743,746.98193359375,51.13
587.4286914010008,595.10986328125,49.05
587.6594892209978,489.64697265625,49.01
587.890549860982,724.482421875,48.61
588.1271846129966,595.1103515625,49.59
588.35965699199,595.1103515625,49.69
588.5912342619849,1029.7314453125,28.91
588.8258286849887,595.11083984375,49.8
589.0595814989938,595.11083984375,49.32
589.2930579439853,456.74560546875,36.47
589.5265237019921,589.486328125,50.06
589.757633161993,595.111328125,49.39
589.9885766049847,489.6484375,50.24
590.2199980549922,724.48388671875,51.64
590.453118438978,595.11181640625,49.56
590.6845370949886,595.11181640625,49.15
590.920147316996,1029.73291015625,43.06
591.1518159419938,595.1123046875,47.87
591.3828906199778,595.1123046875,49.3
591.6178137949901,456.7470703125,24.71
591.8488623519952,595.11279296875,50.3
592.0804583399731,595.11279296875,49.65
592.3145334099827,456.74755859375,45.19
592.5484764069843,746.9853515625,52.6
592.7829782189801,595.11328125,49.35
593.0135030909732,595.11328125,49.23
593.2440781119803,724.48583984375,46.26
593.478999680985,595.11376953125,50.14
593.7111217969796,595.11376953125,49.53
593.9410869469866,1029.73486328125,34.48
594.1738054529997,595.1142578125,48.86
594.4044303419942,595.1142578125,49.21
594.6384493979858,456.7490234375,32.51
594.8691221279732,589.48974609375,49.15
595.1038788679871,595.11474609375,48.99
595.335482607974,489.65185546875,49.1
595.5706653899979,724.4873046875,50.15
595.8027493720001,595.115234375,49.38
596.0349804429861,595.115234375,50.7
596.2691067079722,1029.736328125,46.28
596.5014905269782,595.11572265625,48.7
596.7327092909836,595.11572265625,50.33
596.965177828999,1029.73681640625,32.33
597.1967752139899,595.1162109375,48.83
597.4284017219907,595.11669921875,49.0
597.659607146983,456.7509765625,49.39
597.8896137139818,589.49169921875,48.45
598.1216086449858,595.11669921875,49.24
598.3522525309818,489.65380859375,48.9
598.5850769899844,724.4892578125,50.69
598.8178022009961,595.1171875,50.38
599.0514606569777,595.1171875,49.07
599.2848396699992,1029.73828125,47.89
599.5207806699909,595.11767578125,49.58
599.7523554249783,595.11767578125,48.66
599.9860350439849,456.70458984375,42.4
600.2180563759757,595.0703125,49.63
600.4480252270005,595.0703125,49.88
600.6805963649822,456.70458984375,49.02
600.9140269229829,746.9423828125,50.67
601.1471223029948,595.0703125,49.26
601.3808947429934,595.0703125,49.0
601.615199805994,724.44287109375,50.37
601.8470266949735,595.07080078125,50.2
602.0805970789806,626.7060546875,48.7
602.3118911339843,1029.69189453125,38.74
602.5412060439994,595.0712890625,49.31
602.7730740009865,595.0712890625,49.08
603.004991476977,456.7060546875,49.86
603.2383937479754,589.44677734375,49.93
603.4692635760002,595.072265625,49.36
603.7036780139897,489.60888671875,49.44
603.9357786179753,724.4443359375,49.81
604.171026284981,493.82177734375,49.19
604.4052641599847,595.072265625,48.91
604.639895809989,1029.693359375,29.84
604.8720316149993,595.07275390625,49.72
605.1043078049843,595.07275390625,49.47
605.3397348989965,456.70751953125,42.28
605.5712025149842,595.0732421875,49.85
605.8031670649943,595.0732421875,48.94
606.0355387299787,456.7080078125,49.52
606.2663633699995,589.44873046875,49.94
606.4974050819874,595.07373046875,49.12
606.7284939379897,595.07373046875,50.07
606.961038814974,724.4462890625,29.45
607.1915034829872,595.07421875,49.47
607.4234822109865,595.07421875,49.24
607.6602669159765,984.6953125,35.25
607.8946837989788,595.07421875,49.59
608.1241722689883,595.07470703125,50.42
608.3566162219795,456.70947265625,48.87
608.5902478579956,595.0751953125,49.39
608.8217508839734,595.0751953125,49.27
609.0516961289977,456.7099609375,49.14
609.2858985229977,746.94775390625,45.19
609.5179109159799,595.07568359375,49.12
609.7518043939781,595.07568359375,49.23
609.9857996329956,1029.69677734375,22.04
610.2169936029823,595.076171875,49.9
610.4483429749962,595.076171875,49.72
610.6835882669839,456.7109375,43.9
610.9155305369932,595.07666015625,48.74
611.1508085159876,595.07666015625,50.71
611.3818560249929,456.71142578125,49.38
611.614397338999,589.4521484375,50.44
611.849172377988,595.0771484375,49.34
612.0802858189854,489.6142578125,49.23
612.3109774069744,724.44970703125,34.48
612.5456013749936,595.07763671875,49.3
612.7772763549874,595.07763671875,49.35
613.009110576997,1029.69873046875,33.0
613.2412773929827,595.078125,50.19
613.4723114919907,595.078125,49.04
613.7026199209795,456.712890625,50.27
613.9354054069845,589.45361328125,50.77
614.1687552259827,595.07861328125,49.24
614.4029534999863,456.71337890625,49.41
614.6348962579796,746.951171875,47.06
614.8665119419747,595.0791015625,49.59
615.1001657179731,488.19775390625,49.78
615.3356704769831,724.45166015625,26.78
615.5664011779882,595.07958984375,49.46
615.800117952982,595.07958984375,49.63
616.0354248469812,456.71435546875,38.67
616.2680635229917,595.080078125,49.52
616.5001259229903,595.080078125,49.38
616.7330066049763,456.71484375,49.4
616.9659069829795,746.95263671875,48.82
617.1977545459813,595.08056640625,49.67
617.4286025819893,489.61767578125,48.8
617.6592931329797,724.453125,36.03
617.889850771986,595.0810546875,49.32
618.1245190289919,595.0810546875,49.41
618.3560134039726,1029.7021484375,30.6
618.592414328974,595.08154296875,48.43
618.8234278339951,595.08154296875,49.26
619.0578932669887,456.71630859375,50.45
619.2917869629746,589.45703125,50.46
619.5232712109864,595.08203125,49.58
619.7532174429798,489.619140625,48.85
619.9868198240001,724.45458984375,37.04
620.2179752509983,595.08251953125,49.38
620.451000237983,595.08251953125,49.06
620.6847791819891,1029.70361328125,26.25
620.9166829079913,595.0830078125,49.17
621.1483347099856,595.0830078125,48.73
621.3822815569874,456.7177734375,39.04
621.6148668819806,595.08349609375,49.61
621.8472488229745,595.08349609375,49.13
622.0792828769772,456.71826171875,49.19
622.3114875559986,746.9560546875,46.91
622.5454098889895,595.083984375,49.48
622.7759550259798,595.083984375,49.35
623.0087067169952,1029.705078125,20.09
623.2401767869887,595.08447265625,49.98
623.4732934089843,595.08447265625,49.15
623.7090148299758,465.70361328125,32.53
623.9425609869941,595.0849609375,49.6
624.1754594189988,595.0849609375,49.37
624.4061001009832,456.7197265625,51.05
624.6377963929845,746.95751953125,53.16
624.8697748509876,595.08544921875,49.45
625.1002453959954,595.08544921875,49.45
625.3322635939985,724.4580078125,35.33
625.5637697029742,595.0859375,49.56
625.7951716059761,595.0859375,49.42
626.0287236299773,1029.70703125,30.87
626.261034051975,595.08642578125,50.51
626.4959785389947,595.08642578125,49.62
626.727275466983,456.72119140625,38.03
626.9638110499945,595.0869140625,49.64
627.1950124329887,595.0869140625,49.86
627.4257498489751,482.58056640625,49.43
627.657970522996,724.4599609375,48.8
627.8931605779799,595.08740234375,49.59
628.125602095999,595.08740234375,48.99
628.3585523509828,1029.70849609375,28.04
628.5901821519947,595.087890625,49.9
628.8222206749779,595.087890625,49.65
629.0546002419724,456.72265625,36.26
629.2877500389877,595.08837890625,47.89
629.5177483749867,488.20703125,48.78
629.7523162669968,456.72314453125,46.13
629.9818413449975,589.4638671875,51.38
630.214117334981,595.0888671875,49.42
630.4444117349922,595.0888671875,49.6
630.6752567779913,724.46142578125,42.53
630.9059814819775,595.08935546875,48.5
631.1372116409766,595.08935546875,49.48
631.3718547539902,984.71044921875,26.28
631.6030708039762,595.08984375,50.28
631.8346685479919,595.08984375,49.56
632.0659429869847,456.724609375,45.36
632.3014420279942,589.46533203125,50.02
632.5328361779975,595.09033203125,49.92
632.764895374974,492.43994140625,50.57
632.9982373800012,724.462890625,50.09
633.2300409509917,595.0908203125,49.25
633.461344026,476.96728515625,49.54
633.6950482379762,1029.7119140625,29.89
633.9253586319974,595.09130859375,49.52
634.1590685709962,655.9765625,49.37
634.3910470289993,456.72607421875,34.73
634.6254743969766,589.466796875,49.52
634.8554907520011,595.091796875,49.13
635.086503278988,492.44140625,50.99
635.3177701749955,746.96435546875,52.04
635.5495129129849,595.0927734375,50.0
635.7842225859931,595.09228515625,49.05
636.0185305219784,724.46484375,42.97
636.2516224899737,595.0927734375,48.26
636.4836781939957,595.0927734375,50.17
636.7175831349741,984.7138671875,24.34
636.9527003439725,595.09326171875,50.59
637.1839976909978,595.09326171875,49.98
637.4170047989755,456.72802734375,42.28
637.6487440439814,589.46875,50.63
637.8795032509952,595.09375,49.63
638.1106053169933,489.630859375,49.83
638.3405697779963,724.46630859375,47.5
638.5717428049829,595.09423828125,49.95
638.8025759749871,595.09423828125,49.15
639.0330711749848,1029.71533203125,34.46
639.265874619974,595.0947265625,49.47
639.4973131899897,595.0947265625,48.23
639.7298279039969,456.7294921875,33.26
639.9646125189902,589.47021484375,48.83
640.198481141997,595.09521484375,49.26
640.4298057289852,489.63232421875,49.56
640.6664369269856,724.4677734375,50.49
640.8978857639886,595.095703125,49.97
641.1289805669803,595.095703125,49.94
641.3618745979911,1029.716796875,43.2
641.5966486679972,595.09619140625,49.97
641.8300972539873,595.09619140625,48.51
642.0636702999764,1029.71728515625,31.77
642.2956331829773,595.0966796875,49.03
642.525959222985,626.73193359375,49.32
642.7566718439921,456.7314453125,49.59
642.9869122550008,589.47216796875,48.77
643.2211182199826,499.6474609375,49.81
643.453996606986,489.63427734375,49.24
643.6886839309882,724.4697265625,53.26
643.923021619994,595.09765625,49.45
644.1609360459843,595.09765625,49.35
644.3943650759757,724.47021484375,46.97
644.6245944529946,595.09814453125,49.78
644.8551054359996,595.09814453125,48.97
645.0897681759961,984.71923828125,32.31
645.3211299190007,595.0986328125,49.13
645.5533697999781,595.0986328125,49.58
645.7848779339984,456.7333984375,49.86
646.0174800209934,589.47412109375,48.14
646.2487300149805,595.09912109375,49.47
646.4805701139849,489.63623046875,49.0
646.7117416039982,724.4716796875,52.22
646.9448068909987,595.099609375,49.12
647.1745208949724,595.099609375,50.32
647.4053825609735,1029.720703125,33.96
647.639589294995,595.10009765625,49.51
647.8708280439896,595.10009765625,49.09
648.1045888989756,456.73486328125,47.78
648.3367407769838,595.1005859375,49.68
648.5701654069999,595.1005859375,48.98
648.8033740120009,456.7353515625,49.31
649.0376558269782,746.97314453125,49.88
649.2681418069988,595.10107421875,49.9
649.501495406992,595.10107421875,49.65
649.73554052299,724.4736328125,24.64
649.967652102001,595.1015625,48.49
650.2000224499789,626.73681640625,49.42
650.4308932649728,1029.72265625,36.16
650.664387249999,595.10205078125,48.31
650.8955915659899,595.10205078125,48.9
651.1278990549908,456.73681640625,49.71
651.3618598009925,589.4775390625,50.15
651.5934640399937,595.1025390625,49.19
651.8265949089837,489.6396484375,49.5
652.0595318939886,724.47509765625,33.35
652.2911503809737,595.10302734375,49.57
652.5224861419993,595.10302734375,49.17
652.7547624110011,1029.72412109375,33.25
652.9861162619782,595.103515625,49.55
653.2198070639861,595.103515625,49.63
653.4540578689775,456.73828125,43.54
653.6888886499801,595.10400390625,49.84
653.9204625769926,595.10400390625,49.29
654.1555224439944,456.73876953125,49.35
654.3883712870011,746.9765625,49.1
654.6223480969784,595.1044921875,49.21
654.8548443019972,595.1044921875,49.06
655.0872986709874,724.47705078125,26.53
655.3196500919876,595.10498046875,48.84
655.5513861239888,595.10498046875,49.13
655.7864501820004,984.72607421875,37.85
656.0170398089977,595.10546875,48.82
656.2478619439935,595.10546875,50.31
656.4803771469742,456.740234375,48.08
656.7114139100013,589.48095703125,50.43
656.9462381259946,595.10595703125,49.19
657.1768268449814,492.45556640625,49.45
657.4099484959734,724.478515625,42.5
657.6444450779818,595.1064453125,49.32
657.8756646209804,595.1064453125,49.54
658.1075036719849,1029.7275390625,25.79
658.3384949669999,595.10693359375,49.44
658.5703326209914,595.10693359375,49.27
658.8053242519964,456.74169921875,42.24
659.038798050984,499.65771484375,50.33
659.2705382040003,595.107421875,48.97
659.5021909839998,456.7421875,50.82
659.7358352699957,589.48291015625,52.85
659.9695128019957,595.10791015625,49.33
660.2010696869984,489.64501953125,49.05
660.4324969429872,724.48046875,36.89
660.6675924299925,595.1083984375,50.36
660.8980463519983,595.1083984375,49.17
661.1306137279898,1029.7294921875,29.67
661.363963974989,595.10888671875,49.61
661.5966689409979,595.10888671875,49.05
661.8275054639962,456.74365234375,48.73
662.0609106069896,589.484375,49.33
662.2904624349903,626.74462890625,48.77
662.5239040369925,492.458984375,49.95
662.7541065939877,724.48193359375,46.63
662.9907695009897,595.10986328125,48.92
663.2224666999828,595.10986328125,49.39
663.4547618969809,1029.69091796875,20.85
663.6900281509734,595.0703125,49.3
663.9229967049905,595.0703125,49.52
664.1569951659767,456.70458984375,49.8
664.3895719699794,589.4453125,49.94
664.6220970199793,595.0703125,49.22
664.8539515769808,489.607421875,49.82
665.0887893429899,724.44287109375,38.84
665.3219356479822,595.07080078125,50.19
665.5522410129779,595.07080078125,49.72
665.785321665986,724.443359375,27.73
666.0166541449726,716.70654296875,49.35
666.2514822029916,595.0712890625,49.48
666.484012631001,465.6904296875,37.06
666.718654835975,595.07177734375,49.15
666.9494734089822,595.07177734375,49.55
667.1828147159831,456.70654296875,49.94
667.4203037979896,746.9443359375,50.43
667.6541505599744,595.072265625,49.05
667.8866675779864,595.072265625,49.85
668.1162699029956,724.44482421875,31.14
668.3488457289932,595.07275390625,49.58
668.583159042988,595.07275390625,49.65
668.815189254994,1029.69384765625,22.96
669.0487456789997,595.0732421875,50.55
669.2829428429832,595.0732421875,49.5
669.5166360899748,456.7080078125,42.45
669.7486333359848,595.07373046875,50.55
669.9811793389963,595.07373046875,48.99
670.2135012859944,456.70849609375,49.42
670.4465987009753,746.9462890625,49.2
670.6791935939982,595.07421875,49.69
670.9126369419973,595.07421875,49.2
671.1438741549791,724.44677734375,30.18
671.3733182849828,595.07470703125,50.28
671.6064178649976,595.07470703125,48.78
671.8379892069788,1029.69580078125,25.98
672.0705945069785,595.0751953125,50.54
672.3003569819848,595.0751953125,49.18
672.5363569379842,456.7099609375,42.38
672.7671099279833,589.45068359375,49.86
672.9985607909912,510.6943359375,49.23
673.2305314269906,492.42529296875,49.28
673.4625709969841,724.4482421875,46.28
673.6978343879746,595.076171875,49.61
673.9312137589732,595.076171875,49.89
674.1665209409839,724.44873046875,31.67
674.3972685529734,595.07666015625,49.57
674.6304316209862,595.07666015625,49.88
674.8630318219948,1029.69775390625,24.72
675.0962952539849,595.0771484375,50.16
675.3292749829998,595.0771484375,49.05
675.5627867779986,456.7119140625,42.45
675.7940446639841,589.45263671875,49.76
676.0243688169867,595.07763671875,49.01
676.2575566089945,489.61474609375,48.88
676.489646676986,724.4501953125,45.27
676.7238188379852,595.078125,49.72
676.954151301994,595.078125,49.24
677.1850450959755,1029.69921875,27.05
677.4164469289826,595.07861328125,48.82
677.6481362369959,595.07861328125,48.81
677.8826713729941,456.71337890625,30.18
678.117031900998,595.0791015625,49.92
678.349035850988,595.0791015625,49.65
678.5812193689926,456.7138671875,47.54
678.8133502239943,746.95166015625,52.37
679.045626562991,595.07958984375,49.22
679.2766185569926,595.07958984375,49.75
679.5091824400006,724.4521484375,41.79
679.7413779009948,595.080078125,49.29
679.9727502599999,595.080078125,50.4
680.2082845019759,984.701171875,23.49
680.4412179949868,595.08056640625,49.98
680.6722607639967,595.08056640625,50.03
680.9053949169756,456.71533203125,36.4
681.137634587998,589.4560546875,49.18
681.3692927449883,595.0810546875,49.28
681.6020226449764,489.6181640625,50.07
681.8352856579877,724.45361328125,51.56
682.0674070149835,595.08154296875,49.75
682.299930039997,595.08154296875,49.5
682.5349943079927,1029.70263671875,33.28
682.7666822179744,595.08203125,49.85
682.9980023349926,595.08203125,48.96
683.2327950519975,456.716796875,29.11
683.4657956640003,595.08251953125,50.61
683.6977643439895,595.08251953125,49.34
683.9290161539975,456.71728515625,40.66
684.1602283629763,589.4580078125,50.35
684.3927407019946,595.0830078125,48.53
684.6216116289725,626.71826171875,49.68
684.8530189799785,724.45556640625,49.06
685.0845092339732,595.08349609375,49.83
685.3150126749824,595.08349609375,49.27
685.5468668819813,1029.70458984375,29.31
685.7778870229959,595.083984375,49.04
686.0141965229996,595.083984375,48.78
686.2469923549797,456.71875,32.28
686.4784787679964,589.45947265625,47.88
686.713030037994,595.08447265625,48.83
686.9461873079999,492.43408203125,47.31
687.1788032949844,746.95703125,50.53
687.4104878529906,595.0849609375,49.32
687.6397291579924,595.0849609375,48.94
687.874350270984,1029.7060546875,44.1
688.1050867079757,595.08544921875,48.83
688.3387798149779,595.08544921875,49.25
688.5727930129797,456.72021484375,25.4
688.805698778975,595.0859375,49.83
689.0380863779865,599.400390625,49.01
689.2699281529931,456.720703125,50.05
689.5014283949859,589.46142578125,49.94
689.7325165619841,595.08642578125,48.21
689.964747223974,479.8671875,49.22
690.1964097809978,724.458984375,51.09
690.4299460899783,595.0869140625,49.13
690.6655196539941,595.0869140625,49.03
690.8976997489808,1029.7080078125,39.56
691.1326181839977,595.08740234375,49.3
691.365298285993,595.08740234375,49.64
691.5984328569903,456.72216796875,49.51
691.830335325998,589.462890625,49.97
692.066121840995,595.087890625,49.9
692.3005359389936,456.72265625,49.78
692.5324309339921,746.96044921875,49.46
692.7641365149757,595.08837890625,48.86
692.9952978779911,595.08837890625,49.54
693.2271682189894,724.4609375,52.82
693.4584022889903,595.0888671875,48.25
693.6887642969959,595.0888671875,48.72
693.9265456719731,984.7099609375,42.67
694.1572605979745,595.08935546875,49.36
694.3887170479866,595.08935546875,49.51
694.6203877079824,456.72412109375,49.28
694.8552580209798,746.9619140625,48.97
695.0865224019799,595.08984375,50.19
695.3213547909982,489.626953125,49.43
695.5547303209896,724.46240234375,52.61
695.7906461849925,488.208984375,49.42
696.0247258739837,595.09033203125,49.42
696.2577074189903,1029.71142578125,45.76
696.4937402709911,595.0908203125,49.03
696.7259796629951,595.0908203125,49.25
696.9597347909876,456.7255859375,22.84
697.1937103429809,595.09130859375,51.05
697.4259449859965,595.09130859375,49.21
697.6571914879896,456.72607421875,49.56
697.8891881049785,746.9638671875,51.84
698.1199632359785,595.091796875,49.41
698.3523127699737,595.091796875,49.92
698.5823746629758,724.46435546875,53.28
698.8133003749826,595.09228515625,49.19
699.0445639189857,476.962890625,48.98
699.2791628209816,690.71142578125,40.05
699.5081965529826,595.0927734375,49.19
699.7394948089786,595.0927734375,48.92
699.9742954879766,456.7275390625,48.94
700.2046090249787,589.46826171875,48.72
700.4364086149726,595.09326171875,49.36
700.6708940229728,468.5283203125,49.49
700.9018145669834,724.4658203125,52.01
701.1331186189782,595.09375,49.26
701.3701722289843,595.09375,49.09
701.6035431489872,1029.71484375,29.37
701.8358156469767,595.09423828125,49.28
702.0665280579997,595.09423828125,49.48
702.3004065989808,456.72900390625,46.41
702.5319459530001,595.0947265625,49.3
702.7644410399953,595.0947265625,49.41
702.9970084159868,456.7294921875,49.41
703.2311740809819,746.96728515625,49.97
703.4621970149747,595.09521484375,49.6
703.6954093919776,595.09521484375,49.22
703.9292067749775,1029.71630859375,24.83
704.1605699849897,595.095703125,49.42
704.391171833995,595.095703125,48.98
704.6254727159976,994.8759765625,37.0
704.8547701059724,595.09619140625,47.49
705.0844056059723,595.09619140625,49.23
705.3177559229953,456.73095703125,50.83
705.5478265459824,589.4716796875,52.86
705.780180340982,595.0966796875,49.39
706.011257821985,595.0966796875,49.44
706.2447136019764,724.46923828125,33.69
706.4736082759919,595.09716796875,49.36
706.7050697550003,617.5966796875,49.67
706.9364673979871,1029.71826171875,32.15
707.1699918329832,595.09765625,49.68
707.404238795978,595.09765625,49.69
707.6388330889749,456.732421875,39.68
707.8691743539821,595.09814453125,49.46
708.1006116679928,595.09814453125,49.08
708.3335652759997,456.73291015625,51.19
708.5702165889961,746.970703125,52.61
708.8037256589741,595.0986328125,49.39
709.0353777399869,595.0986328125,49.32
709.267238511995,724.47119140625,33.89
709.5006226330006,595.09912109375,48.85
709.733536848973,494.0244140625,49.73
709.9664264109742,1029.72021484375,28.13
710.1976417629921,595.099609375,49.68
710.4321989689779,595.099609375,49.03
710.6655418129812,456.734375,37.45
710.899021129997,595.10009765625,49.94
711.1327843589825,595.10009765625,49.43
711.3661383779836,456.73486328125,50.55
711.6022720829933,746.97265625,51.8
711.8350779030006,595.1005859375,49.38
712.0669386749796,595.1005859375,49.78
712.2988279439742,724.47314453125,33.04
712.5322177919734,595.10107421875,49.38
712.7640498580004,595.10107421875,49.72
712.9988051399996,1029.72216796875,32.31
713.2315365069953,595.1015625,49.06
713.4665231089748,595.1015625,50.47
713.6996532099729,456.736328125,39.84
713.9325050560001,595.10205078125,49.49
714.1634250419738,595.10205078125,48.96
714.3966576029779,456.73681640625,49.24
714.6315126899863,746.974609375,52.4
714.8649649079889,595.1025390625,49.28
715.1018550149747,595.1025390625,48.68
715.3350446919794,724.47509765625,32.3
715.567278566974,595.10302734375,49.28
715.7989099739934,595.10302734375,49.64
716.0326134879724,1029.72412109375,33.53
716.2655346189858,595.103515625,48.9
716.5003039379953,595.103515625,49.93
716.7322333659977,456.73828125,40.66
716.9658136069775,595.10400390625,49.53
717.1977842419874,595.10400390625,49.34
717.4299769789795,456.73876953125,49.06
717.6610835149768,746.9765625,46.58
717.8935584879946,595.1044921875,49.4
718.1247574969893,595.1044921875,49.12
718.3601645539748,1029.7255859375,27.03
718.5905491219892,595.10498046875,50.02
718.8224121989915,595.10498046875,49.3
719.0566190719837,456.73974609375,38.53
719.289265858999,595.10546875,50.17
719.5238338209747,595.10546875,48.78
719.7586011159874,456.740234375,46.24
719.9917387599999,589.48095703125,51.94
720.2227037239936,595.10595703125,49.38
720.4536327889946,489.64306640625,49.27
720.6857214599731,724.478515625,42.71
720.917617152998,595.1064453125,48.87
721.1492261409876,595.1064453125,49.0
721.3803604749846,1029.7275390625,25.05
721.6115052159876,595.10693359375,50.16
721.841792281979,621.1171875,48.31
722.0739917239989,456.74169921875,39.72
722.3044027619762,595.107421875,49.64
722.5396667809982,595.107421875,48.46
722.7724528349936,456.7421875,47.0
723.0047960839875,589.48291015625,51.3
723.2355588520004,595.10791015625,49.31
723.4663457860006,595.10791015625,48.87
723.6982184319932,724.48046875,40.96
723.9303201629955,595.1083984375,48.22
724.1618838919967,595.1083984375,48.9
724.3957439939841,623.72900390625,24.01
724.6276743999915,595.10888671875,50.2
724.8580197159899,595.10888671875,49.55
725.0931917509879,456.74365234375,42.28
725.3273400259786,589.484375,50.43
725.5616167419939,595.109375,48.92
725.791107596975,492.458984375,50.0
726.023997996992,724.48193359375,51.25
726.2568046549859,595.10986328125,49.31
726.4896108239773,595.10986328125,49.04
726.7217145109898,1029.73095703125,31.59
726.9562433609972,595.1103515625,48.9
727.1895039989904,595.1103515625,48.83
727.4225803209993,456.7451171875,34.42
727.6550879799761,595.11083984375,48.77
727.8897455509868,595.11083984375,49.04
728.1210763540003,456.74560546875,50.13
728.3558226949826,746.9833984375,53.51
728.5867566489906,595.111328125,49.02
728.8170556589903,626.74658203125,48.96
729.048737981997,724.48388671875,46.01
729.2818315559998,595.11181640625,49.59
729.5154548889841,595.11181640625,49.53
729.7481711699802,1029.73291015625,27.4
729.9807337959937,595.1123046875,49.33
730.2138462269795,595.1123046875,48.99
730.4478468529996,456.7470703125,38.27
730.6810656559828,589.48779296875,50.28
730.9117950389918,595.11279296875,49.44
731.1429724659829,489.64990234375,50.4
731.3735764809826,724.4853515625,51.95
731.6055647169997,595.11328125,49.94
731.8381144219893,595.11328125,48.64
732.0729337489756,1029.734375,39.21
732.3044066829898,595.11376953125,49.93
732.5376610349922,595.11376953125,49.42
732.7700302649755,456.70458984375,28.23
733.0036218210007,589.4453125,49.25
733.2367341819918,595.0703125,49.36
733.4691407779756,492.419921875,49.6
733.7001233429764,746.9423828125,51.35
733.9349629950011,595.0703125,49.38
734.1652114379976,595.0703125,49.4
734.4023960729828,724.44287109375,43.87
734.6337045959954,595.07080078125,49.44
734.8674753689847,595.07080078125,49.73
735.099441044993,1029.69189453125,28.01
735.3318129299732,595.0712890625,49.56
735.5619405439938,599.3857421875,49.2
735.7952905819984,456.7060546875,36.93
736.0252287119802,589.44677734375,50.32
736.2560092209897,595.07177734375,49.04
736.487052478973,595.07177734375,49.79
736.7192359969777,724.4443359375,50.48
736.9512523099838,595.072265625,50.07
737.1851091290009,595.072265625,49.75
737.4168134520005,1029.693359375,32.47
737.6475815989834,595.07275390625,50.18
737.8788279609871,595.07275390625,49.1
738.1101803449856,456.70751953125,28.89
738.3433297229931,589.4482421875,49.41
738.5730287809856,595.0732421875,49.34
738.8050821799843,489.6103515625,49.28
739.0352577070007,724.44580078125,50.6
739.2692200599995,595.07373046875,49.51
739.5001004439837,595.07373046875,49.54
739.731962891994,1029.69482421875,37.52
739.9681283769896,595.07421875,49.59
740.1996877059864,595.07421875,49.66
740.4295283349929,456.708984375,48.96
740.6632416269858,595.07470703125,49.86
740.8943763799907,595.07470703125,49.4
741.1245516279887,456.70947265625,49.07
741.3566467239871,724.447265625,50.41
741.5900985229819,595.0751953125,49.17
741.8229707629944,595.0751953125,49.5
742.0557364229753,1029.6962890625,45.69
742.2907731719897,595.07568359375,50.34
742.522592038993,595.07568359375,49.42
742.7560047250008,456.71044921875,50.86
742.9903758,595.076171875,50.49
743.2209448229987,595.076171875,49.65
743.4531323219999,456.7109375,50.31
743.6871053599752,746.94873046875,49.12
743.9195531639853,595.07666015625,49.54
744.1497101129789,595.07666015625,48.98
744.3806062119838,724.44921875,53.8
744.6161407329782,595.0771484375,49.22
744.847231134976,595.0771484375,49.29
745.0789843489765,1029.6982421875,34.15
745.3102412579756,595.07763671875,49.74
745.5427684029855,595.07763671875,48.94
745.7726821589749,456.71240234375,50.33
746.0106965299929,589.453125,50.43
746.2407710639818,595.078125,49.77
746.4712485229829,492.427734375,49.03
746.7012808719883,746.95068359375,50.99
746.9352115859801,595.07861328125,49.53
747.1683882719954,595.07861328125,49.25
747.400762810983,1029.69970703125,27.78
747.6343278949789,595.0791015625,49.73
747.8681754249847,595.0791015625,49.15
748.1003035569738,456.7138671875,48.69
748.3354857899831,595.07958984375,49.52
748.5680391259957,595.07958984375,48.53
748.7994176319917,492.42919921875,49.31
749.0321737229824,724.4521484375,50.54
749.2644712949987,595.080078125,48.78
749.4969420769776,595.080078125,50.47
749.7284780789923,724.45263671875,23.86
749.9595181939949,595.08056640625,49.04
750.1931347529753,595.08056640625,48.9
750.4294067479786,984.70166015625,38.73
750.6628180379921,595.0810546875,49.58
750.8928088299872,595.0810546875,48.78
751.1258042739937,456.7158203125,49.19
751.3578461489815,746.95361328125,48.77
751.5895777819969,595.08154296875,49.31
751.8221568209992,595.08154296875,48.95
752.052694204991,724.4541015625,26.94
752.2854998849798,595.08203125,48.99
752.5205055539845,595.08203125,49.76
752.7504157469957,1029.703125,28.21
752.9838488979731,595.08251953125,49.74
753.2163603989757,595.08251953125,49.05
753.4519039299921,456.71728515625,49.4
753.6818196409731,589.4580078125,49.13
753.9150744819781,595.0830078125,49.19
754.1476268409751,492.4326171875,49.44
754.3820398209791,724.45556640625,35.83
754.6139414520003,595.08349609375,48.87
754.8444745059824,595.08349609375,49.11
755.0768016910006,1029.70458984375,31.34
755.3115429339814,595.083984375,50.02
755.5430801229959,493.83349609375,49.6
755.7826387259993,456.71875,39.92
756.0179328469967,595.08447265625,49.39
756.2501561050012,595.08447265625,49.43
756.4844091449922,456.71923828125,49.1
756.7160513779963,746.95703125,48.25
756.9481635159755,595.0849609375,48.96
757.1817213359755,595.0849609375,49.14
757.4135225319769,724.45751953125,22.8
757.6468940119958,595.08544921875,48.68
757.8792276919994,595.08544921875,49.05
758.1145585509948,456.72021484375,40.43
758.3470430919842,595.0859375,49.83
758.5783749419788,595.0859375,49.7
758.8133400319784,456.720703125,50.65
759.0445139669755,589.46142578125,50.23
759.2769426339946,595.08642578125,49.58
759.5076845189906,489.62353515625,48.91
759.741834609973,724.458984375,32.66
759.9734319339914,595.0869140625,49.91
760.207476141979,595.0869140625,49.93
760.4383306149975,1029.7080078125,32.29
760.671639164997,595.08740234375,49.3
760.9027010719874,595.08740234375,49.7
761.1359687639924,456.72216796875,51.36
761.3669798249903,589.462890625,50.01
761.5993779699784,595.087890625,49.84
761.8306197229831,456.72265625,48.76
762.060768988973,746.96044921875,43.55
762.2932378159894,595.08837890625,49.66
762.5243208849861,595.08837890625,49.76
762.7564584449865,1029.70947265625,23.35
762.9890029119852,595.0888671875,48.37
763.2217038269737,595.0888671875,49.12
763.4544726299937,456.7236328125,44.48
763.6890604279761,595.08935546875,48.92
763.9248338119942,595.08935546875,48.81
764.156750877999,456.72412109375,49.25
764.3923929579905,746.9619140625,44.4
764.6223486889794,595.08984375,49.69
764.8556633159751,489.626953125,48.81
765.0867320669931,724.46240234375,33.99
765.318297611986,595.09033203125,49.25
765.5527529169922,595.09033203125,48.8
765.7845840059745,1029.71142578125,33.43
766.0157071649737,595.0908203125,48.48
766.2491619679786,595.0908203125,49.32
766.4816349849862,456.7255859375,50.56
766.7140252379759,589.46630859375,52.26
766.9465231889917,595.09130859375,49.47
767.1765317909885,489.62841796875,49.23
767.4082646809984,724.4638671875,33.72
767.6387208379747,595.091796875,48.89
767.8723818169965,595.091796875,49.19
768.1037128989992,1029.712890625,23.79
768.3363971219806,595.09228515625,49.26
768.5674430340005,595.09228515625,49.28
768.801216250984,456.72705078125,46.7
769.0340161339846,589.4677734375,51.49
769.26593306,595.0927734375,49.38
769.4981711249857,489.6298828125,49.66
769.7350939879834,724.46533203125,40.35
769.9673460219929,595.09326171875,49.45
770.2018569919746,595.09326171875,49.37
770.4338140779873,1029.71435546875,23.97
770.6652104629902,595.09375,49.78
770.9000399879878,595.09375,49.33
771.1350376949995,456.728515625,36.49
771.368694971985,595.09423828125,50.1
771.6015509389981,595.09423828125,48.9
771.8363515489909,456.72900390625,50.01
772.0700809739938,746.966796875,48.46
772.3036488519865,595.0947265625,49.34
772.5358892219956,595.0947265625,49.33
772.7700362399919,724.46728515625,30.12
773.0011457789806,595.09521484375,49.53
773.2356422919838,595.09521484375,49.49
773.4659948709887,1029.71630859375,29.85
773.7018751159776,595.095703125,50.57
773.9364264549804,595.095703125,48.97
774.1703617780004,456.73046875,42.83
774.4030558489903,595.09619140625,51.15
774.6356607299822,595.09619140625,49.4
774.8661675929907,492.44580078125,49.47
775.0977947399952,746.91162109375,46.33
775.3313886699907,595.0966796875,49.51
775.5641669709876,595.0966796875,48.42
775.7968514039821,1029.7177734375,23.4
776.0314227879862,595.09716796875,49.85
776.2621414859896,595.09716796875,49.47
776.4973038829921,456.73193359375,37.91
776.7273997890006,595.09765625,49.37
776.9607337619818,595.09765625,48.77
777.1943251079938,456.732421875,50.12
777.4260490569868,589.47314453125,51.22
777.6576212379732,595.09814453125,49.26
777.8903925549821,595.09814453125,49.17
778.1212472369953,724.470703125,34.68
778.3558448119729,595.0986328125,49.0
778.5875288819952,595.0986328125,48.85
778.8240815759928,984.7197265625,33.17
779.0544889819867,595.09912109375,48.22
779.2866758519958,595.09912109375,49.1
779.5179351359839,456.73388671875,44.39
779.7489907559939,595.09912109375,51.8
779.983282139001,595.099609375,49.09
780.2176907889952,492.44921875,49.21
780.4493830299762,724.47216796875,47.17
780.683821781975,595.10009765625,49.32
780.9166388469748,595.10009765625,49.15
781.151234186982,1029.72119140625,23.16
781.3855722259905,595.1005859375,49.94
781.6188464839943,595.1005859375,49.24
781.850000861974,456.7353515625,41.39
782.0822340379818,595.10107421875,50.13
782.3131163779763,595.10107421875,48.96
782.5463298019895,456.70458984375,50.97
782.7794650719734,746.9423828125,52.49
783.0117903009814,595.0703125,49.15
783.2458356269926,595.0703125,49.7
783.4795588369889,724.4423828125,32.04
783.7135308269935,595.0703125,49.01
783.9451996009739,595.0703125,49.09
784.1797941729892,984.69140625,33.98
784.4112417529977,595.07080078125,48.13
784.6430604099878,595.07080078125,49.33
784.8764874849876,456.70556640625,50.33
785.1117190259974,746.943359375,52.33
785.345401167986,595.0712890625,49.22
785.5768460239924,489.6083984375,49.86
785.8079898569849,724.44384765625,45.23
786.042017861997,595.07177734375,49.6
786.2742229599971,595.07177734375,49.06
786.5073193979915,1029.69287109375,26.08
786.7393946579832,595.072265625,49.79
786.9709120119805,595.072265625,49.37
787.2047688309976,456.70703125,39.54
787.4376144609996,595.07275390625,49.87
787.6686829329992,595.07275390625,49.12
787.9017392099777,456.70751953125,50.39
788.1331144329743,746.9453125,51.08
788.3700721479836,595.0732421875,49.79
788.6013375069888,489.6103515625,49.0
788.8362278649874,724.44580078125,45.97
789.0684483299847,595.07373046875,49.68
789.3024424609903,599.38818359375,49.52
789.5337241639791,1029.69482421875,22.54
789.7643504579901,595.07421875,50.38
789.9950361199735,595.07421875,49.44
790.2288133179827,456.708984375,42.36
790.4608065829962,589.44970703125,51.13
790.6927283279947,595.07470703125,48.5
790.9235841969785,489.61181640625,48.83
791.1579508019786,724.447265625,45.75
791.3910344569886,595.0751953125,49.17
791.6276415599859,599.3896484375,50.14
791.8606351880007,724.44775390625,35.9
792.0942927439755,595.07568359375,49.63
792.3266901909956,595.07568359375,48.88
792.5614156499796,984.69677734375,31.94
792.7960514989973,595.076171875,48.84
793.0255113439925,595.076171875,49.23
793.2561033459788,456.7109375,49.84
793.4874991019897,589.45166015625,50.36
793.7191078809847,595.07666015625,49.18
793.950374217995,595.07666015625,49.6
794.1823530949769,724.44921875,39.51
794.4171978459926,595.0771484375,48.5
794.6480887759826,595.0771484375,49.14
794.882864870975,1029.6982421875,29.03
795.1172033979965,595.07763671875,50.04
795.3500267479976,595.07763671875,49.64
795.5826039719977,456.71240234375,35.8
795.8154711829848,595.078125,48.74
796.0473261589941,595.078125,49.16
796.2788358989928,456.712890625,50.46
796.5081117769878,746.95068359375,50.61
796.7415555439948,595.07861328125,49.69
796.9722360369924,595.07861328125,49.63
797.2067515469971,1029.69970703125,31.96
797.4403653119807,595.0791015625,49.81
797.672020256985,595.0791015625,49.37
797.9042721509759,1029.7001953125,25.01
798.1373167639831,595.07958984375,50.27
798.3713027229824,595.07958984375,49.38
798.6039394529944,456.71435546875,41.7
798.8347111609764,589.455078125,50.32
799.0676326409739,595.080078125,49.01
799.2993868329795,489.6171875,49.29
799.5328282249975,724.45263671875,50.33
799.7638071579859,595.08056640625,49.27
799.9967271709756,595.08056640625,49.44
800.2278401329822,1029.70166015625,28.75
800.4628817009798,595.0810546875,48.48
800.6958058359742,595.0810546875,49.52
800.9317805779865,984.7021484375,25.18
801.165102258994,595.08154296875,50.69
801.3958106199862,595.08154296875,49.62
801.6285845909733,456.71630859375,43.65
801.8589290689852,589.45703125,50.06
802.0901297539822,595.08203125,49.59
802.3225454989879,595.08203125,49.15
802.555135224975,724.45458984375,46.06
802.7863505759742,595.08251953125,50.61
803.0210152009968,595.08251953125,48.94
803.252871922974,1029.70361328125,27.25
803.4841297389939,595.0830078125,49.22
803.7176459339971,595.0830078125,50.31
803.9517164729768,456.7177734375,28.64
804.1883073019853,595.08349609375,49.07
804.421957175975,595.08349609375,49.28
804.6539560979872,456.71826171875,50.24
804.8862134389929,746.9560546875,49.85
805.1182573399856,595.083984375,49.49
805.3482021759846,595.083984375,49.46
805.5845813099877,1029.705078125,40.47
805.8156209359877,595.08447265625,48.49
806.049787439988,595.08447265625,49.94
806.2878078179783,984.70556640625,23.88
806.5209348469798,595.0849609375,50.04
806.7521557859727,595.0849609375,48.71
806.9830925339775,456.7197265625,35.07
807.2166451159865,589.46044921875,48.46
807.4510465019848,595.08544921875,49.7
807.6843457639916,492.43505859375,50.22
807.9156641339941,746.9580078125,51.77
808.1503719219763,595.0859375,49.0
808.382734726998,595.0859375,49.62
808.6164363549906,1029.70703125,36.01
808.8527401280007,595.08642578125,49.94
809.0829894799972,595.08642578125,49.51
809.3180476709967,456.72119140625,29.07
809.5521355309756,595.0869140625,49.4
809.7834453809774,595.0869140625,49.27
810.0157701209828,456.7216796875,41.76
810.2486852449947,589.46240234375,50.21
810.4792854189873,595.08740234375,49.5
810.7093120409991,595.08740234375,49.74
810.9403379079886,724.4599609375,47.28
811.1720499139919,595.087890625,49.3
811.4030482639791,595.087890625,49.2
811.6370470039838,984.708984375,21.96
811.8690090489981,595.08837890625,50.17
812.1010143969906,595.08837890625,49.39
812.3339856049861,456.72314453125,41.5
812.5681302479934,589.4638671875,50.16
812.8030505679781,626.72412109375,49.32
813.0338134069752,492.4384765625,50.44
813.2657693049987,724.46142578125,51.15
813.4995170990005,595.08935546875,49.14
813.7330060550012,595.08935546875,49.83
813.9662310029962,1029.71044921875,37.96
814.2000674979936,595.08984375,49.03
814.432054895995,595.08984375,49.22
814.6696120049746,456.724609375,27.47
814.9043167199998,595.09033203125,49.06
815.136168062978,595.09033203125,49.59
815.3700499559927,456.72509765625,49.07
815.6041401909897,746.962890625,53.19
815.8361975019798,595.0908203125,50.03
816.0678539829969,595.0908203125,49.43
816.3022130439931,724.46337890625,48.15
816.5337454839901,595.09130859375,49.93
816.7648011049896,595.09130859375,49.98
816.99838343999,984.712890625,25.88
817.2294440199912,595.091796875,49.69
817.4594410279824,595.091796875,49.54
817.6894098889898,456.7265625,40.27
817.9212082919839,746.96435546875,50.89
818.1529357339896,595.09228515625,49.16
818.3841640759783,489.62939453125,49.08
818.6147196899983,724.46484375,52.3
818.8450629099971,595.0927734375,49.53
819.0745474099822,516.33642578125,49.18
819.3048955189879,1029.7138671875,43.81
819.538158950978,595.09326171875,49.74
819.7699410799833,595.09326171875,48.6
820.0027276929759,456.72802734375,49.75
820.2332946909883,589.46875,50.7
820.4641103309987,615.47900390625,49.18
820.6944271510001,492.443359375,49.61
820.9277539999748,724.46630859375,50.28
821.1610775669978,595.09423828125,49.98
821.3915939289727,595.09423828125,49.42
821.6271106399945,1029.71533203125,27.12
821.859650636994,595.0947265625,48.55
822.0907107969979,595.0947265625,49.54
822.3255084039993,984.7158203125,40.22
822.5584043909912,595.09521484375,49.81
822.7900091179763,595.09521484375,49.65
823.0207290029794,456.72998046875,49.5
823.2525689619943,589.470703125,49.68
823.4860421329795,595.095703125,49.06
823.7185960279894,595.095703125,49.09
823.9509825099958,724.46826171875,26.51
824.1809943249973,595.09619140625,49.39
824.4160272329755,595.09619140625,49.67
824.6462075089803,1029.71728515625,33.44
824.8828203390003,595.0966796875,49.15
825.1166820469953,595.0966796875,49.0
825.3501996379928,456.7314453125,46.48
825.5817218809971,595.09716796875,48.47
825.8146381229744,595.09716796875,49.44
826.0483813769824,456.73193359375,49.28
826.2829120429815,746.9697265625,44.59
826.5140068449837,595.09765625,49.29
826.7465147139737,595.09765625,49.82
826.9827191709774,1029.71875,23.0
827.2165368079732,595.09814453125,48.71
827.4507401890005,595.09814453125,49.66
827.6816640849866,1029.71923828125,37.36
827.9151984389755,595.0986328125,48.57
828.1468057509919,595.0986328125,49.57
828.3808199959749,456.7333984375,49.98
828.6149871979724,589.47412109375,51.13
828.8480570249958,595.09912109375,49.23
829.0808302979858,489.63623046875,48.94
829.3164757299819,724.4716796875,32.34
829.5484486709756,595.099609375,49.17
829.7806272989837,595.099609375,48.94
830.0112357839826,1029.720703125,34.11
830.2446076819906,595.10009765625,48.44
830.4779861459974,595.10009765625,49.6
830.711301540985,456.73486328125,47.39
830.9419779829914,595.1005859375,48.31
831.1770027189923,595.1005859375,48.68
831.4080987789785,456.7353515625,49.4
831.6406102099863,746.97314453125,42.85
831.8717198889935,595.10107421875,49.5
832.1044789139996,595.10107421875,48.93
832.3371309389768,1029.72216796875,23.74
832.5707047539763,595.1015625,48.92
832.8008641479828,595.1015625,49.24
833.039305889979,456.736328125,42.77
833.2709675389924,595.10205078125,49.45
833.5063108999748,595.10205078125,49.28
833.7374705859984,456.73681640625,50.59
833.968872768979,589.4775390625,49.49
834.1995645069983,595.1025390625,48.46
834.4341656439938,489.6396484375,49.03
834.6666547950008,724.47509765625,39.31
834.8988345409743,595.10302734375,49.32
835.1305854499806,595.10302734375,49.05
835.3653653159854,1029.72412109375,28.32
835.5952392609906,595.103515625,49.86
835.8261933989997,595.103515625,49.57
836.058310006978,456.73828125,47.7
836.2892711299937,589.47900390625,51.04
836.5211775099742,595.10400390625,49.9
836.7518638699839,456.73876953125,49.4
836.9858623309992,746.9765625,49.84
837.2194688319869,595.1044921875,49.45
837.4521685599757,595.1044921875,49.58
837.6850088829815,724.47705078125,29.44
837.9169584259798,599.5546875,49.37
838.1498465199838,595.10498046875,49.02
838.383912240999,456.73974609375,36.96
838.6141235269897,595.10546875,49.03
838.8465464669862,595.10546875,49.13
839.0782789379882,456.740234375,49.82
839.3131065069756,746.97802734375,47.38
839.5435669939907,595.10595703125,49.69
839.7741413949989,489.64306640625,49.2
840.0055884869944,724.478515625,36.19
840.2392221569899,595.1064453125,49.28
840.4705299809866,595.1064453125,49.08
840.7043996519933,1029.7275390625,31.63
840.9351142979867,595.10693359375,49.62
841.1660022249853,595.10693359375,49.48
841.3960800419736,456.74169921875,49.57
841.6261729449907,746.9794921875,51.31
841.8582045539806,595.107421875,49.59
842.0896067360009,595.107421875,49.15
842.3238242249936,724.47998046875,34.75
842.5546608869918,595.10791015625,49.99
842.7885377519997,595.10791015625,49.76
843.0198150539945,1029.72900390625,23.13
843.2531657899963,595.1083984375,49.52
843.483936101984,595.1083984375,50.05
843.7188004079799,456.7431640625,41.47
843.9517751089879,589.48388671875,51.01
844.1866414409888,595.10888671875,49.6
844.4170454249834,489.64599609375,49.22
844.6495101999899,724.4814453125,42.05
844.884543387976,595.109375,47.53
845.1172968249884,595.109375,49.49
845.3481803519826,1029.73046875,22.59
845.5808851789916,595.10986328125,49.85
845.8128558839962,595.10986328125,49.54
846.048551742977,456.74462890625,33.85
846.2793656360009,595.1103515625,49.76
846.5108953519957,595.1103515625,48.92
846.7423397899838,456.7451171875,50.77
846.9790006709809,746.98291015625,52.41
847.2089337729849,595.11083984375,49.52
847.4432929739996,595.11083984375,49.08
847.6795761440007,1029.73193359375,31.26
847.910225486994,595.111328125,49.1
848.1414841410005,595.111328125,49.28
848.3755029969907,456.74609375,33.85
848.6082944989903,595.11181640625,48.25
848.8395670519967,595.11181640625,49.4
849.0717513379932,456.74658203125,47.58
849.3034092849994,589.4873046875,51.65
849.5345731629932,595.1123046875,49.16
849.7668412599887,595.1123046875,49.04
849.9971540289989,724.48486328125,42.13
850.2304109659744,595.11279296875,47.89
850.4587538089836,595.11279296875,49.15
850.6960126179911,984.73388671875,24.66
850.9271769139741,595.11328125,50.31
851.1560620199889,595.11328125,49.38
851.3857521369937,456.748046875,44.29
851.6193020659848,589.48876953125,51.12
851.8531647519849,595.11376953125,48.52
852.0844473629841,492.46337890625,49.52
852.3155310599832,724.486328125,51.38
852.5473921819939,595.1142578125,49.09
852.7826079389779,595.1142578125,49.81
853.0146401759994,1029.7353515625,30.55
853.2446691029763,595.11474609375,49.27
853.4757372249733,599.564453125,49.11
853.7085706329963,456.74951171875,34.56
853.9390766579891,589.490234375,49.32
854.172197050997,595.115234375,49.47
854.4035344189906,492.46484375,50.96
854.6378764389956,746.98779296875,53.1
854.8682473869994,595.11572265625,49.96
855.1045688309823,595.11572265625,49.1
855.3381733769784,1079.83349609375,40.62
855.5708404179895,595.1162109375,48.59
855.8042023989838,595.1162109375,49.52
856.0388985229947,456.7509765625,27.09
856.2711678079795,595.11669921875,50.31
856.506365335983,595.11669921875,49.38
856.7412640749826,456.75146484375,47.61
856.9726605999749,746.9892578125,52.26
857.2064256449812,595.1171875,49.3
857.4371458089736,595.1171875,48.96
857.6712076879921,724.48974609375,47.24
857.9040037299856,595.11767578125,49.02
858.1358372629911,595.11767578125,48.98
858.3665163599944,1029.73876953125,28.81
858.6013555919926,595.1181640625,49.92
858.8327029479842,595.1181640625,49.67
859.0688591429789,456.7529296875,35.7
859.3005138079752,589.49365234375,49.08
859.5349744209962,595.11865234375,49.76
859.7666714809893,492.46826171875,50.83
859.9992557579826,746.9912109375,53.06
860.2324233659892,595.119140625,49.51
860.4636837659928,595.119140625,49.33
860.6963154669793,724.49169921875,40.3
860.9266178299731,595.11962890625,50.13
861.1578025899944,595.11962890625,49.28
861.3954409259895,984.74072265625,21.61
861.6267593669763,595.1201171875,50.11
861.858078085992,595.1201171875,49.55
862.0902689369977,456.7548828125,42.19
862.3238465239992,746.99267578125,52.42
862.5558469819953,595.12060546875,49.27
862.7881266039913,595.12060546875,48.74
863.0208044009923,724.4931640625,43.6
863.2570960919838,595.12109375,48.35
863.4856524459901,595.12109375,50.65
863.7191546009853,623.240234375,24.08
863.9529503779777,595.12158203125,49.82
864.186871731974,595.12158203125,49.63
864.4185026509804,456.75634765625,36.65
864.6534979829739,589.4970703125,50.18
864.8847790569998,595.1220703125,49.71
865.1168758989952,489.6591796875,50.16
865.3473958229879,724.49462890625,50.91
865.5832574889937,595.12255859375,48.74
865.8151460589725,595.12255859375,49.13
866.0491530409781,1029.74365234375,30.02
866.2791082129988,595.123046875,48.24
866.5141142319771,595.123046875,49.43
866.747107579984,456.7578125,27.02
866.9819757279765,595.12353515625,49.33
867.2140490329766,595.12353515625,48.84
867.448102320981,456.75830078125,42.07
867.6803188039921,746.99609375,50.24
867.9122660419962,595.1240234375,49.95
868.1446021669835,595.1240234375,49.0
868.3758865939744,724.49658203125,48.03
868.6076518209884,595.12451171875,49.58
868.8399832659925,595.12451171875,49.09
869.0752069149748,984.74560546875,26.08
869.3081623389735,595.125,50.12
869.5402314529929,595.125,48.38
869.7732280849887,456.759765625,29.26
870.0035629239865,595.12548828125,48.67
870.2379602589936,595.12548828125,49.09
870.4689117439848,492.47509765625,49.54
870.7015731979918,724.498046875,51.4
870.9322485919984,595.1259765625,50.01
871.1625281159941,595.1259765625,49.91
871.3932274669933,1029.7470703125,35.18
871.6255249679962,595.12646484375,49.54
871.8571540009871,595.12646484375,49.15
872.0874741729931,456.76123046875,31.83
872.3199482380005,589.501953125,49.12
872.5521552229766,595.126953125,49.88
872.7845734829898,456.76171875,48.8
873.0179985319846,746.99951171875,49.49
873.2529692099779,595.12744140625,49.73
873.4839825059753,595.12744140625,49.19
873.7183956949739,724.5,49.51
873.9507588489796,595.1279296875,49.19
874.1840542689897,595.1279296875,49.56
874.4175611049868,456.7626953125,26.8
874.6513876819809,595.12841796875,49.56
874.8862281019974,595.12841796875,49.99
875.1180882459739,456.76318359375,39.04
875.3521654899814,747.0009765625,51.26
875.5827162839996,595.12890625,48.43
875.8121401599783,489.666015625,49.95
876.0415678069985,724.50146484375,53.19
876.2730908179947,595.12939453125,49.37
876.5043910289824,595.12939453125,49.72
876.7384466909862,984.75048828125,30.79
876.9728645609866,595.1298828125,49.04
877.2045540079998,595.1298828125,49.79
877.4366989719856,456.7646484375,49.16
877.6688763429993,747.0029296875,49.09
877.9016101539892,595.13037109375,48.76
878.1333473739796,595.13037109375,49.42
878.3647750489763,724.5029296875,50.49
878.5989064919995,493.88037109375,48.63
878.8302991749952,595.130859375,49.82
879.0602162829891,1029.751953125,44.82
879.2895404219744,595.13134765625,49.71
879.5216948849848,595.13134765625,49.74
879.7530812129844,456.76611328125,50.3
879.9841025409987,593.8212890625,50.27
880.2177996289975,595.1318359375,48.92
880.4485487079946,492.4814453125,49.15
880.679766782996,724.50439453125,50.63
880.9112230239843,595.13232421875,48.83
881.1468492489948,595.13232421875,49.63
881.3823778340011,1029.75341796875,29.36
881.6131827179925,595.1328125,50.14
881.8451157779782,595.1328125,48.9
882.0792549729813,456.767578125,40.97
882.3131070429808,595.13330078125,48.74
882.5459113259858,595.13330078125,49.6
882.7777185289888,456.76806640625,48.92
883.0132885299972,747.005859375,48.63
883.2478327449935,595.1337890625,48.51
883.482692791993,595.1337890625,49.66
883.7145858309814,724.50634765625,52.67
883.948977299995,595.13427734375,48.88
884.1809022579982,595.13427734375,49.13
884.4167845279735,984.75537109375,42.81
884.6507280229998,595.134765625,48.97
884.8820635749726,595.134765625,49.85
885.1129642129818,456.76953125,50.79
885.344726506999,589.51025390625,50.83
885.5752946219873,595.13525390625,49.01
885.8082259499934,489.67236328125,49.29
886.0420208879805,724.5078125,50.86
886.274080084986,595.1357421875,49.66
886.5044286139891,595.1357421875,49.9
886.7376858999778,1029.7568359375,35.43
886.9696296449983,595.13623046875,48.29
887.2031123849738,595.13623046875,49.02
887.4352809559787,456.77099609375,50.42
887.6691166829842,595.13671875,49.88
887.90194324599,595.13671875,49.62
888.1340267479827,456.771484375,50.0
888.3676685199898,747.00927734375,48.55
888.60076174399,595.13720703125,49.04
888.8340445929789,595.13720703125,49.24
889.0687376439746,533.25634765625,22.23
889.3000660019752,595.1376953125,49.53
889.534717425995,595.1376953125,49.45
889.7768257930002,456.7724609375,45.17
890.0091401269892,595.13818359375,48.48
890.241650928976,595.13818359375,49.42
890.4727874279779,456.77294921875,49.9
890.7064956209797,589.513671875,49.21
890.9372891899839,595.138671875,49.1
891.1687850320013,489.67578125,49.05
891.4024506209826,724.51123046875,50.01
891.6351218529744,595.13916015625,49.68
891.8678578299878,595.13916015625,48.98
892.1008717119985,1029.76025390625,33.45
892.3338139349944,595.1396484375,49.11
892.5651850369759,595.1396484375,48.67
892.7975198349741,456.7744140625,49.74
893.0313211989996,589.51513671875,50.78
893.2608280479908,595.14013671875,49.67
893.4910068579775,492.48974609375,49.28
893.7225375519774,724.5126953125,51.38
893.953229568986,595.140625,49.05
894.1835385659942,595.140625,48.78
894.4183302359888,1029.76171875,24.07
894.6505085849785,595.14111328125,49.12
894.8811620489869,595.14111328125,49.04
895.1144923899847,456.77587890625,43.55
895.3494796209852,595.1416015625,48.83
895.5807836739987,595.1416015625,49.25
895.8112549859798,456.7763671875,48.99
896.0428534279927,510.7646484375,40.68
896.2752882409841,595.14208984375,49.11
896.5090899539937,595.14208984375,49.83
896.7413868269941,724.5146484375,25.54
896.9742614419956,595.142578125,48.99
897.204001637001,595.142578125,49.54
897.4346546819725,1029.763671875,34.47
897.6665834109881,595.14306640625,49.8
897.9000458959781,595.14306640625,49.44
898.1317316419736,456.77783203125,50.16
898.366218864976,589.5185546875,51.05
898.5998386369902,595.1435546875,49.6
898.8326862229733,489.6806640625,49.59
899.066058958997,724.51611328125,37.78
899.2978189479909,595.14404296875,49.42
899.5315645069932,595.14404296875,48.98
899.7644331159827,1029.76513671875,22.62
899.9953903969727,595.14453125,49.02
900.2259418199828,595.14453125,49.77
900.4620828589832,456.779296875,40.12
900.6927015409747,626.7802734375,49.17
900.9258451919886,595.14501953125,49.46
901.161058644997,456.77978515625,49.14
901.3957491809851,747.017578125,48.23
901.630802692991,595.1455078125,49.56
901.8628208219889,595.1455078125,49.78
902.0967127719778,724.51806640625,27.34
902.3277859929949,595.14599609375,49.75
902.5583270099887,595.14599609375,49.71
902.7910453160002,1029.76708984375,31.85
903.0231153380009,595.146484375,48.57
903.254745068989,595.146484375,49.5
903.4873185909819,456.78125,47.81
903.7202353219909,589.52197265625,50.45
903.9538097649929,595.14697265625,49.44
904.1878334399953,489.68408203125,48.87
904.4234470230003,724.51953125,41.6
904.6548755359836,595.1474609375,49.83
904.8869799209933,595.1474609375,49.24
905.1174183379917,1029.7685546875,25.93
905.351057944994,595.14794921875,49.59
905.5861210250005,595.14794921875,49.89
905.8197032219905,456.78271484375,40.2
906.0505884249869,595.1484375,49.69
906.2844587939908,595.1484375,50.18
906.5167624409951,456.783203125,49.17
906.7500121839985,747.02099609375,47.44
906.9809090509953,595.14892578125,49.38
907.215523109975,595.14892578125,49.22
907.449763786979,645.76806640625,27.57
907.6816874179931,595.1494140625,49.44
907.9153033479815,595.1494140625,49.51
908.1492777139938,510.7685546875,37.64
908.3808447949996,595.14990234375,49.66
908.6143394079991,595.14990234375,50.0
908.8455831859901,456.78466796875,46.78
909.0773069959832,589.525390625,50.45
909.3071147289884,595.150390625,49.46
909.5401693999884,489.6875,48.91
909.775494321977,724.52294921875,44.76
910.0080079879845,595.15087890625,49.4
910.237928727991,595.15087890625,49.34
910.4694947619864,1029.77197265625,24.14
910.70158769298,595.1513671875,50.03
910.9336825789942,595.1513671875,49.1
911.1666558129946,456.7861328125,42.34
911.3985578629945,589.52685546875,51.83
911.6304927379824,595.15185546875,49.59
911.8618813709763,456.78662109375,50.26
912.0954427539837,747.0244140625,51.27
912.325174986996,595.15234375,49.08
912.5599936859799,595.15234375,49.38
912.7933088019781,724.52490234375,36.69
913.0274361229967,595.15283203125,49.01
913.2598988039827,595.15283203125,48.8
913.4958345039922,984.77392578125,31.0
913.7260811319866,595.1533203125,49.13
913.9565412699885,595.1533203125,49.67
914.1890781929833,456.7880859375,48.65
914.421269392973,747.02587890625,52.08
914.6516375479987,595.15380859375,50.14
914.883227607992,489.69091796875,49.79
915.1162190709729,724.5263671875,47.18
915.3486920879805,595.154296875,49.45
915.5824817190005,595.154296875,48.95
915.8169780219905,1029.775390625,30.69
916.0507734489802,595.15478515625,49.52
916.283598614973,595.15478515625,49.21
916.5190367529867,456.78955078125,35.4
916.7509296529752,595.1552734375,49.74
916.9844989979756,595.1552734375,49.7
917.2163592109864,456.7900390625,51.1
917.4510096579907,747.02783203125,52.86
917.6838177129976,696.40576171875,49.83
917.9170767449832,489.69287109375,50.15
918.1507851469796,724.5283203125,48.19
918.3832112999808,595.15625,49.49
918.6173217889736,595.15625,49.53
918.8509526659909,1029.77734375,31.25
919.08114600298,595.15673828125,49.06
919.3134307930013,595.15673828125,48.76
919.5470673269883,984.77783203125,23.92
919.7820322079933,595.1572265625,49.86
920.014213419985,595.1572265625,49.66
920.24562328498,456.7919921875,34.23
920.4773443019949,477.0341796875,50.15
920.7092396459775,595.15771484375,50.13
920.9418145649834,456.79248046875,46.28
921.1751094959909,747.0302734375,51.38
921.4088799189776,595.158203125,49.66
921.6414963239804,595.158203125,48.93
921.8750084679923,724.53076171875,40.86
922.1103989029943,595.15869140625,47.74
922.344216190977,595.15869140625,49.08
922.5786662569735,984.77978515625,26.08
922.8107598169881,595.1591796875,50.99
923.0414815869881,595.1591796875,48.73
923.2751752529875,456.7939453125,46.2
923.5069070949976,747.03173828125,51.33
923.743558127986,595.15966796875,49.28
923.9744797899912,489.69677734375,48.98
924.2107525529864,724.5322265625,49.97
924.4401097279915,595.16015625,49.03
924.6722402349988,595.16015625,49.04
924.9034493709914,1029.78125,30.04
925.1362875279738,595.16064453125,49.8
925.3667984419735,595.16064453125,49.07
925.6020874639798,456.79541015625,36.24
925.8355509969988,589.5361328125,49.29
926.0677101389738,595.1611328125,49.42
926.3000730839849,489.6982421875,49.08
926.532947558997,724.53369140625,51.7
926.7642751489766,595.16162109375,48.59
926.9966041499865,595.16162109375,49.69
927.2282921999868,724.5341796875,45.8
927.4621222689748,595.162109375,49.3
927.6968939639919,595.162109375,48.6
927.9317688859883,465.78125,23.49
928.1646814959822,595.16259765625,50.19
928.3959914159786,595.16259765625,49.13
928.6283166449866,456.79736328125,45.6
928.8597699519887,747.03515625,51.01
929.0915193949768,595.1630859375,48.89
929.3228339929774,595.1630859375,49.86
929.5545951690001,724.53564453125,42.12
929.787700825982,595.16357421875,50.09
930.0185840039921,595.16357421875,49.07
930.2518475059769,1029.78466796875,28.17
930.484459719999,595.1640625,49.59
930.7196401369874,595.1640625,49.13
930.953443595994,456.798828125,37.44
931.1848850300012,589.53955078125,50.44
931.4179687549768,595.16455078125,49.29
931.6501051989908,489.70166015625,48.9
931.8796827989863,724.537109375,47.12
932.1134988299746,595.1650390625,50.01
932.3462260759843,595.1650390625,49.21
932.5782218549866,1029.7861328125,28.42
932.8072076739918,595.16552734375,48.26
933.0424983729899,595.16552734375,49.63
933.2753326189995,456.80029296875,28.2
933.5105802249745,595.166015625,48.68
933.7428907869908,595.166015625,49.82
933.9751060129784,489.81689453125,49.4
934.2066169409954,724.53857421875,52.07
934.4415897139988,595.16650390625,48.5
934.675315925997,595.16650390625,49.39
934.9078337129904,1029.78759765625,36.63
935.1418795279751,595.1669921875,49.52
935.3724667799834,595.1669921875,49.47
935.6044457269891,456.8017578125,29.13
935.8370022769959,595.16748046875,49.66
936.0682424929983,595.16748046875,49.11
936.3020752859884,456.80224609375,42.29
936.5368012329855,747.0400390625,50.37
936.7685432019935,595.16796875,49.58
937.000419619988,595.16796875,49.44
937.2335079549812,724.54052734375,45.83
937.4665839279769,595.16845703125,49.54
937.6981271929981,595.16845703125,49.66
937.9396742999961,456.80322265625,21.67
938.171179011988,595.1689453125,50.14
938.4021944029955,595.1689453125,49.37
938.6335658549797,456.8037109375,41.69
938.8719645029923,589.54443359375,49.35
939.1024553019961,595.16943359375,48.97
939.3353202789731,492.51904296875,50.3
939.5683725059789,724.5419921875,51.38
939.8013097699732,595.169921875,49.01
940.032623460982,595.169921875,49.33
940.264599474991,1029.791015625,30.72
940.4975029349735,595.17041015625,48.64
940.7318681429897,595.17041015625,49.0
940.9632223429799,456.80517578125,32.54
941.1995078869804,589.5458984375,48.75
941.4286106939835,595.1708984375,48.79
941.660045771976,456.8056640625,46.68
941.8924494349922,747.04345703125,52.81
942.1243949269992,595.17138671875,49.71
942.354577577993,595.17138671875,49.25
942.5888091059751,724.5439453125,46.13
942.8203198939736,595.171875,50.07
943.0527306809963,595.171875,49.69
943.2864623419882,465.791015625,22.08
943.5214742959943,595.17236328125,50.24
943.754801285977,595.17236328125,49.73
943.9883313089958,456.80712890625,42.38
944.2217967269826,747.044921875,50.9
944.4543284999963,595.1728515625,49.08
944.6849320739857,489.7099609375,50.07
944.9182998369797,724.54541015625,49.89
945.1496373949922,595.17333984375,48.69
945.3802907669742,595.17333984375,49.35
945.610090024973,1029.79443359375,31.49
945.8463391749829,595.173828125,48.47
946.0787744609988,595.173828125,49.1
946.3126642329735,456.80859375,34.26
946.5449586449831,589.54931640625,49.32
946.7766021860007,595.17431640625,49.49
947.0065632009937,489.71142578125,50.66
947.2403139849775,724.546875,49.5
947.4739886399766,595.1748046875,50.03
947.7081639329845,635.81005859375,49.71
947.9411791269958,1029.7958984375,37.73
948.1735398199817,595.17529296875,48.72
948.4035970789846,595.17529296875,49.42
948.6350554649835,456.70458984375,25.96
948.8678415739851,589.4453125,49.72
949.1006652579817,595.0703125,48.8
949.3321693219768,489.607421875,50.42
949.5684174249764,724.4423828125,51.97
949.8000588699942,595.0703125,48.88
950.0337746629957,595.0703125,49.21
950.2648878139735,1029.69140625,31.9
950.4974644619797,595.07080078125,49.11
950.7282938399876,595.07080078125,49.5
950.9627098119818,456.70556640625,24.33
951.1946130309952,595.0712890625,50.48
951.4319257559837,595.0712890625,49.59
951.6658820890007,456.7060546875,42.85
951.9006310749974,746.94384765625,50.44
952.1360407779866,595.07177734375,49.18
952.3686182639794,595.07177734375,49.54
952.6010090589989,724.4443359375,45.41
952.833542613982,595.072265625,49.62
953.0663785910001,595.072265625,49.23
953.3015763199946,984.693359375,22.49
953.5328204969992,595.07275390625,50.09
953.7654292729858,595.07275390625,49.16
953.9990914959926,456.70751953125,33.32
954.2286614579789,589.4482421875,48.71
954.4592938769783,595.0732421875,49.3
954.6922930769797,489.6103515625,50.09
954.9243171949929,724.44580078125,50.83
955.154614086001,595.07373046875,49.56
955.3851399239793,505.2490234375,49.22
955.6184458069911,1029.69482421875,36.03
955.8499988309923,595.07421875,50.0
956.0824220329814,595.07421875,48.68
956.3147203559929,456.708984375,31.75
956.5469378689886,589.44970703125,48.67
956.7800284249824,595.07470703125,49.57
957.0160005769867,456.70947265625,49.22
957.2486909999861,746.947265625,50.74
957.4794466219901,595.0751953125,48.76
957.7099789559725,621.08544921875,48.45
957.9495875709981,1029.6962890625,46.29
958.180555866973,595.07568359375,49.53
958.4114733169845,617.5751953125,49.46
958.6474140389764,456.71044921875,25.96
958.8798662259942,595.076171875,49.95
959.1120074009814,595.076171875,49.62
959.3456385439786,456.7109375,40.71
959.5791591249872,746.94873046875,51.38
959.8076701919781,595.07666015625,49.25
960.035879396979,489.61376953125,48.98
960.2672140909999,724.44921875,52.59
960.4976265029982,595.0771484375,48.89
960.7280648269807,595.0771484375,49.3
960.962909777998,984.6982421875,42.35
961.1953581239795,595.07763671875,48.76
961.4259491949924,595.07763671875,49.41
961.6591944539978,456.71240234375,49.27
961.8926196289831,746.9501953125,49.49
962.1260291590006,595.078125,49.05
962.3572268899879,595.078125,49.53
962.5883648349845,724.45068359375,54.16
962.822770889994,595.07861328125,50.02
963.0554407789896,595.07861328125,49.4
963.2873635529832,1029.69091796875,41.59
963.5193487679935,595.0703125,49.17
963.7515936599812,595.0703125,48.69
963.9856485429918,456.70458984375,49.28
964.220863103983,589.4453125,49.52
964.4528271559975,595.0703125,49.52
964.6843016759958,489.607421875,49.0
964.9168380249757,724.44287109375,52.43
965.1489019529836,595.07080078125,49.03
965.3793369949854,595.07080078125,49.66
965.6110802719777,1029.69189453125,36.79
965.8430199489812,595.0712890625,49.45
966.0768572689849,595.0712890625,49.1
966.3136247969815,456.7060546875,46.18
966.5485117239878,595.07177734375,48.63
966.7823329799867,595.07177734375,49.06
967.015460901981,456.70654296875,49.24
967.2515728799917,746.9443359375,50.3
967.4846790799929,595.072265625,48.93
967.717443187983,595.072265625,49.32
967.9508321839967,724.44482421875,52.3
968.1836869479739,595.07275390625,49.01
968.4155278669787,595.07275390625,49.02
968.648326406983,713.693359375,44.01
968.8791423739749,595.0732421875,49.51
969.1134333269729,595.0732421875,49.31
969.3479324829823,456.7080078125,50.69
969.5776992639876,589.44873046875,50.68
969.809435905976,595.07373046875,49.17
970.0420136719767,489.61083984375,49.42
970.2753961019916,724.4462890625,50.86
970.5086391959921,595.07421875,49.67
970.740229166986,595.07421875,49.1
970.9740513309953,1029.6953125,36.17
971.2044937769824,595.07470703125,48.26
971.435716441978,595.07470703125,48.76
971.6666012749774,456.70947265625,50.7
971.8981249639764,595.0751953125,49.94
972.1290389919886,595.0751953125,48.92
972.3621444939927,456.7099609375,48.86
972.5980094359838,746.94775390625,46.29
972.8315498529992,595.07568359375,49.09
973.0651400669885,595.07568359375,49.78
973.2975262529799,724.4482421875,25.46
973.5315172279952,595.076171875,49.77
973.7641957079759,595.076171875,49.42
974.0000742699776,984.697265625,41.3
974.2340890619962,595.07666015625,48.71
974.4648249189777,595.07666015625,49.52
974.699827924982,456.71142578125,49.83
974.9316112230008,589.4521484375,50.49
975.1687106459867,505.25244140625,48.99
975.3995498709846,492.4267578125,48.93
975.630557558994,724.44970703125,50.35
975.8631704549771,595.07763671875,49.37
976.0992408069724,595.07763671875,49.45
976.3299539649743,1029.69873046875,30.2
976.5620502309757,626.71337890625,50.51
976.7950728979777,595.078125,49.21
977.0283784319763,456.712890625,50.47
977.2603185279877,595.07861328125,49.42
977.4930451989931,595.07861328125,49.37
977.7234689259785,456.71337890625,49.92
977.9610116459953,746.951171875,49.08
978.1927551319823,595.0791015625,49.17
978.424269672978,595.0791015625,49.39
978.6561388080008,1029.69091796875,20.37
978.8886034969764,595.0703125,49.1
979.1202200789994,595.0703125,49.13
979.3535017260001,456.70458984375,47.66
979.5842342299875,593.89501953125,50.29
979.8181781309831,595.0703125,49.35
980.0500948999834,492.419921875,49.21
980.2862303449947,724.44287109375,51.11
980.5165158529999,595.07080078125,49.87
980.7471261309984,595.07080078125,49.86
980.9796054179897,1029.69189453125,26.07
981.2139467979723,595.0712890625,47.76
981.4444634859974,595.0712890625,48.59
981.677829503984,456.7060546875,45.51
981.9117092889792,595.07177734375,49.61
982.1440603429801,595.07177734375,49.88
982.373764753982,493.70263671875,49.02
982.6070836969884,724.4443359375,50.67
982.8369428799779,595.072265625,47.97
983.0674238089996,595.072265625,49.46
983.2984534269781,1029.693359375,32.58
983.5311335129954,595.07275390625,49.35
983.7648564299743,595.07275390625,49.0
983.9964467509999,456.70751953125,46.51
984.2306103789888,595.0732421875,49.15
984.4628903330013,595.0732421875,49.91
984.6943716979877,500.17529296875,49.17
984.9249814179784,724.44580078125,40.64
985.1620109279756,595.07373046875,49.35
985.3937411449733,595.07373046875,49.14
985.6258369909774,1029.69482421875,28.07
985.8568425129924,595.07421875,50.5
986.088001969998,595.07421875,49.32
986.3195975989802,456.708984375,49.63
986.552747380978,589.4501953125,50.5
986.783701428998,595.07470703125,48.52
987.0156596839952,456.70947265625,49.28
987.2476894589781,746.947265625,47.06
987.4819112669793,599.3896484375,49.67
987.717623880977,595.0751953125,49.69
987.9536305359798,1029.6962890625,21.32
988.1851454249991,595.07568359375,49.7
988.4159416269977,595.07568359375,49.0
988.647034871974,456.71044921875,43.65
988.8823785040004,595.076171875,49.56
989.1135231539956,595.076171875,49.17
989.3438184399856,476.94482421875,48.92
989.5749487719731,746.94873046875,40.07
989.806368324993,595.07666015625,49.84
990.0377970979898,595.07666015625,48.9
990.2733732379857,724.44921875,23.41
990.5052760379913,635.71240234375,48.53
990.7397946099809,595.0771484375,49.26
990.9733656179742,456.7119140625,41.25
991.2061498409894,595.07763671875,48.86
991.436318010994,595.07763671875,49.37
991.6681994379906,456.71240234375,49.74
991.8994882449915,746.9501953125,40.38
992.1345013779937,595.078125,48.84
992.3668234469951,595.078125,48.91
992.6008809839841,1029.69921875,25.85
992.8329293369898,595.07861328125,49.12
993.0640766409924,595.07861328125,49.47
993.2997973569727,456.71337890625,37.88
993.5348170549842,595.0791015625,49.75
993.7679001379875,595.0791015625,48.94
994.0004028909898,456.7138671875,48.98
994.2350832209922,746.95166015625,48.56
994.4687059829885,595.07958984375,49.06
994.7036577929975,595.07958984375,49.45
994.9371051079943,724.4521484375,23.33
995.1725854239776,595.080078125,48.75
995.4041848240013,595.080078125,49.56
995.6393310779822,984.701171875,42.12
995.8724812799774,595.08056640625,49.77
996.103807034,595.08056640625,49.08
996.3355600189825,456.71533203125,49.98
996.5671258949733,589.4560546875,49.87
996.8005581929756,595.0810546875,49.18
997.0318324029795,489.6181640625,49.52
997.263200551999,724.45361328125,29.35
997.498094042996,595.08154296875,49.48
997.7330825219979,595.08154296875,49.19
997.9659730459971,1029.70263671875,36.35
998.1980287319748,595.08203125,49.86
998.43049418999,595.08203125,48.6
998.6635514299851,456.716796875,50.88
998.8943997349998,589.45751953125,49.75
999.1271167679806,595.08251953125,50.2
999.3583538209787,492.43212890625,49.29
999.5909503039729,724.455078125,49.61
999.8226311419858,595.0830078125,49.45
1000.0539377589885,595.0830078125,49.22
1000.2864303149981,1029.7041015625,31.25
1000.5189847529982,595.08349609375,49.51
1000.7515786529984,595.08349609375,49.39
1000.983246778982,456.71826171875,49.76
1001.2178165459773,589.458984375,50.26
1001.4498079769837,595.083984375,49.08
1001.6828048029856,491.24853515625,49.06
1001.9144426859857,724.45654296875,36.42
1002.1486438209831,595.08447265625,49.39
1002.3801381769881,595.08447265625,49.36
1002.6165816309804,1029.70556640625,25.36
1002.8481334679818,595.0849609375,48.96
1003.0789993039798,595.0849609375,49.84
1003.3112255479791,456.7197265625,43.98
1003.5451968979905,595.08544921875,49.91
1003.7765135719965,595.08544921875,49.07
1004.0117508319963,456.72021484375,49.51
1004.2429806909931,510.70458984375,38.88
1004.476092478988,595.0859375,48.83
1004.7128573529772,494.01123046875,49.82
1004.9451344429981,724.45849609375,23.44
1005.1760674679826,595.08642578125,49.3
1005.4084623829986,595.08642578125,48.84
1005.6420859829814,984.70751953125,37.33
1005.8718529729813,595.0869140625,48.8
1006.1032267789997,595.0869140625,49.5
1006.3366311409918,456.7216796875,49.22
1006.5684070349962,589.46240234375,49.73
1006.8002909770003,595.08740234375,48.4
1007.0319480679755,595.08740234375,48.62
1007.2636546079884,724.4599609375,31.21
1007.4941096249968,595.087890625,49.02
1007.7257118879934,595.087890625,49.83
1007.9574282759859,1029.69091796875,27.08
1008.1888557219936,595.0703125,49.72
1008.4224904959847,595.0703125,49.19
1008.6558648950013,456.70458984375,48.42
1008.8883699539874,589.4453125,50.53
1009.1213532999973,595.0703125,49.0
1009.354717989976,489.607421875,49.73
1009.5894581059983,724.44287109375,39.6
1009.8228342509829,595.07080078125,49.06
1010.0540349849907,595.07080078125,49.22
1010.2858823989809,1029.69189453125,26.63
1010.5172006089997,626.70654296875,49.92
1010.749351142993,595.0712890625,48.87
1010.9826927159738,456.7060546875,37.51
1011.2158934139879,595.07177734375,48.64
1011.4469617949799,595.07177734375,49.33
1011.6802092889848,456.70654296875,50.83
1011.9100642819831,768.26220703125,54.15
1012.1408965219744,595.072265625,49.28
1012.373398228985,595.072265625,49.58
1012.6074643559987,724.44482421875,30.91
1012.8370737789955,595.07275390625,49.31
1013.0691030649759,595.07275390625,48.9
1013.3030102289922,456.70458984375,35.62
1013.5361148929805,595.0703125,50.4
1013.7668855319789,595.0703125,48.66
1013.9980933899933,456.70458984375,51.16
1014.2349083419831,746.9423828125,52.44
1014.4680384279927,595.0703125,48.94
1014.7007169079734,595.0703125,49.76
1014.9331637180003,724.44287109375,31.83
1015.1678647209774,595.07080078125,48.31
1015.4022668639955,595.07080078125,49.0
1015.637604907999,456.70556640625,34.64
1015.8723242799751,595.0712890625,48.83
1016.1059667379886,595.0712890625,49.26
1016.3374226799933,456.7060546875,50.3
1016.569245368999,746.94384765625,49.91
1016.8031544879777,516.3154296875,48.99
1017.0342598169809,489.60888671875,49.81
1017.2681357609981,724.4443359375,43.38
1017.4993140749866,595.072265625,48.5
1017.7315282359777,595.072265625,49.4
1017.9612380949839,1029.693359375,26.32
1018.1928039699851,595.07275390625,49.77
1018.4257426159747,595.07275390625,49.59
1018.6587421659788,456.70751953125,45.99
1018.8917792909779,589.4482421875,52.87
1019.1249680459732,595.0732421875,49.48
1019.3565263079945,489.6103515625,49.61
1019.590760408988,724.44580078125,42.2
1019.8204384889978,595.07373046875,49.05
1020.051510640973,595.07373046875,49.76
1020.282242796995,724.4462890625,35.99
1020.5185362279881,595.07421875,48.08
1020.7503948869999,595.07421875,48.65
1020.9824350679992,1029.6953125,22.29
1021.2152251569787,595.07470703125,50.45
1021.4481195929984,595.07470703125,48.87
1021.6796370660013,456.70947265625,43.45
1021.9162825079984,589.4501953125,50.87
1022.148632234981,595.0751953125,49.08
1022.3796806409955,489.6123046875,49.34
1022.611040060001,724.44775390625,44.35
1022.8475125689874,626.7109375,49.05
1023.0762369379809,595.07568359375,49.9
1023.3081103339791,1029.69677734375,30.42
1023.5403738039895,595.076171875,49.27
1023.7716899199877,595.076171875,49.49
1024.0060469449963,456.7109375,36.04
1024.2403288879723,595.07666015625,49.06
1024.4703750420013,595.07666015625,49.01
1024.7044289459882,492.42626953125,49.33
1024.9366118879989,724.44970703125,48.49
1025.1718369949958,595.0771484375,49.23
1025.4030973759945,595.0771484375,48.56
1025.6365401509975,1029.6982421875,26.78
1025.8678248369833,595.07763671875,48.21
1026.1013035819924,595.07763671875,49.58
1026.3353924079856,984.69873046875,27.85
1026.5683513089898,595.078125,50.25
1026.798676276987,595.078125,49.31
1027.0356489349797,456.712890625,47.29
1027.267826986994,589.45361328125,52.01
1027.499505240994,595.07861328125,48.81
1027.7284401869983,595.07861328125,49.21
1027.9625195849803,724.451171875,36.47
1028.196985285991,595.0791015625,49.98
1028.4303924409905,595.0791015625,48.99
1028.6641724199872,984.7001953125,28.84
1028.8977721330011,595.07958984375,49.75
1029.127707165986,595.07958984375,49.31
1029.3594016229908,456.71435546875,39.08
1029.5912628659862,589.455078125,50.55
1029.8220705919957,595.080078125,49.32
1030.0538302829955,489.6171875,49.13
1030.287757979997,724.45263671875,49.07
1030.5184593349986,595.08056640625,50.19
1030.7520040109812,595.08056640625,49.81
1030.9832947739924,1029.70166015625,23.06
1031.2155949820008,595.0810546875,50.44
1031.4448196390003,595.0810546875,49.74
1031.6753407270007,456.7158203125,36.56
1031.90764184398,595.08154296875,49.15
1032.1377059469814,499.4501953125,49.34
1032.3708884859807,456.71630859375,48.68
1032.602954928996,746.9541015625,50.27
1032.835492743994,595.08203125,49.72
1033.065659587999,595.08203125,48.28
1033.3017738009803,1029.703125,36.49
1033.5317554899957,595.08251953125,49.45
1033.764058560977,595.08251953125,49.12
1033.9952616699738,456.71728515625,30.04
1034.2295284569846,595.0830078125,48.39
1034.4628804359818,595.0830078125,49.28
1034.6955888089724,456.7177734375,49.53
1034.9283096139843,746.95556640625,53.48
1035.1604285789945,595.08349609375,49.61
1035.3908270219981,595.08349609375,49.39
1035.6223374419787,724.4560546875,47.65
1035.8546996009827,595.083984375,49.78
1036.086625728989,595.083984375,48.86
1036.3198122489848,984.705078125,24.49
1036.5520514839736,595.08447265625,50.09
1036.7837124859798,595.08447265625,48.98
1037.015023222979,456.71923828125,41.06
1037.2494725809956,746.95703125,50.99
1037.4830850749859,595.0849609375,49.66
1037.7161024349916,595.0849609375,49.79
1037.9470129699912,724.45751953125,47.95
1038.1792649869749,595.08544921875,49.32
1038.411531250982,595.08544921875,49.65
1038.6435307829815,1029.70654296875,29.94
1038.877083631989,595.0859375,49.29
1039.1113398029993,595.0859375,48.84
1039.3434161629993,456.720703125,35.92
1039.5749651359802,589.46142578125,48.83
1039.805792906991,595.0869140625,49.24
1040.037571245979,489.62353515625,49.58
1040.2682857309992,724.458984375,50.12
1040.4987908949843,595.0869140625,49.39
1040.7296730739763,595.0869140625,50.14
1040.9591613199736,1029.7080078125,34.43
1041.1913589979813,595.08740234375,50.09
1041.4230256569863,595.08740234375,48.91
1041.6575635059853,456.72216796875,29.16
1041.8902864059783,589.462890625,47.93
1042.1224398739869,595.087890625,49.2
1042.3540388549736,489.625,49.6
1042.5873955829884,724.4423828125,49.45
1042.8183999879984,595.0703125,49.23
1043.0522024559905,595.0703125,49.24
1043.2859064459917,984.69091796875,29.79
1043.5166418839945,595.0703125,49.96
1043.7488866359927,595.0703125,49.6
1043.9836961059773,456.705078125,29.09
1044.2145296739764,589.44580078125,49.35
1044.4495580329967,716.7060546875,49.37
1044.681776663987,492.42041015625,49.24
1044.9152267729805,724.443359375,50.73
1045.1451062809792,599.3857421875,48.98
1045.3806967389828,595.0712890625,49.6
1045.61118101998,1029.6923828125,41.56
1045.8437207909883,595.07177734375,49.29
1046.0753446359886,595.07177734375,48.94
1046.3088794649811,456.70654296875,26.3
1046.5409919349768,589.447265625,49.88
1046.7759431169834,595.072265625,49.87
1047.0067614589934,456.70703125,49.11
1047.2411469099752,746.94482421875,48.62
1047.4712450269726,595.07275390625,48.6
1047.7022375579982,595.07275390625,48.99
1047.9374715359882,1029.69384765625,46.86
1048.1678520299902,595.0732421875,49.55
1048.3996870819828,595.0732421875,48.92
1048.6325419859786,456.7080078125,49.57
1048.865066879982,595.07373046875,49.56
1049.0955594029801,595.07373046875,49.2
1049.3270073829917,456.70849609375,49.09
1049.5584704479843,746.9462890625,50.37
1049.7909004259855,595.07421875,49.88
1050.020355146,489.611328125,48.74
1050.2510277949914,724.44677734375,28.98
1050.4816737639776,595.07470703125,49.14
1050.713938211993,595.07470703125,49.35
1050.9480150249728,1029.69580078125,36.87
1051.1791505259753,595.0751953125,49.27
1051.4107755579753,595.0751953125,49.5
1051.6421725529945,456.7099609375,49.35
1051.8763929639827,746.94775390625,48.66
1052.107841850986,595.07568359375,49.44
1052.339989731001,595.07568359375,49.35
1052.5724095109908,724.4482421875,26.48
1052.8068437829788,595.076171875,48.63
1053.0367820989923,493.81982421875,49.58
1053.2711682480003,1029.697265625,28.65
1053.5020468649745,595.07666015625,49.47
1053.7361616729759,621.0869140625,48.91
1053.9683246389905,456.71142578125,49.44
1054.201681785984,589.4521484375,49.11
1054.4350003799773,595.0771484375,49.26
1054.6665372009738,492.4267578125,49.13
1054.899753753998,724.44970703125,37.21
1055.1321641049872,595.07763671875,48.75
1055.3627041909785,595.07763671875,48.78
1055.5954946290003,1029.69873046875,30.85
1055.8263609540008,595.078125,49.86
1056.0628629369894,595.078125,48.38
1056.2956838279788,984.69921875,39.03
1056.5299443289987,595.07861328125,50.36
1056.7611996109772,595.07861328125,49.6
1056.9929546919884,456.71337890625,49.46
1057.2250909779978,746.951171875,46.42
1057.4574798169779,595.0791015625,49.47
1057.6919693339732,595.0791015625,48.45
1057.927157284983,724.45166015625,22.12
1058.1600711369829,595.07958984375,49.28
1058.3932765149802,595.07958984375,49.47
1058.6331341219775,456.71435546875,41.87
1058.8649079210008,615.46533203125,49.63
1059.0969714300008,595.080078125,49.81
1059.3298542709963,456.71484375,50.15
1059.561825167999,589.45556640625,49.6
1059.792396962992,595.08056640625,49.89
1060.0251870520005,489.61767578125,49.32
1060.2567455940007,724.453125,32.64
1060.4903182079725,595.0810546875,49.33
1060.7214696329902,595.0810546875,49.23
1060.952875776973,1029.7021484375,34.03
1061.1864089289738,595.08154296875,48.92
1061.4184836829954,595.08154296875,49.21
1061.6502245859883,456.71630859375,49.84
1061.883144094987,595.08203125,49.68
1062.1127042789885,595.08203125,49.63
1062.346388851991,456.716796875,49.71
1062.577826215973,746.95458984375,46.76
1062.8121409849846,595.08251953125,48.6
1063.0425357969943,621.0927734375,49.46
1063.2825756949896,1029.70361328125,23.27
1063.5120721819985,595.0830078125,48.92
1063.7439593369782,599.3974609375,49.37
1063.976639282977,456.7177734375,43.07
1064.2102320119739,595.08349609375,48.68
1064.440613134997,595.08349609375,49.22
1064.6733402959944,456.71826171875,49.72
1064.904472094,746.9560546875,46.24
1065.13514935298,595.083984375,49.69
1065.3650603599963,489.62109375,49.25
1065.5943217539752,724.45654296875,33.08
1065.8265264869842,595.08447265625,48.94
1066.0564505549846,595.08447265625,49.24
1066.2945268069743,984.70556640625,33.33
1066.5257094519911,595.0849609375,49.6
1066.757139690977,595.0849609375,49.6
1066.9908330649778,456.7197265625,50.16
1067.2263313999865,746.95751953125,50.46
1067.4577960019815,595.08544921875,49.42
1067.6903483450005,489.62255859375,49.12
1067.9233038929815,724.4580078125,36.08
1068.1557868809905,595.0859375,49.22
1068.3898674660013,595.0859375,49.7
1068.6214981559897,1029.70703125,24.64
1068.8566722779942,595.08642578125,49.67
1069.089574046986,595.08642578125,49.58
1069.3224305569893,456.72119140625,42.88
1069.5543198769738,630.09716796875,52.33
1069.787498923979,595.0869140625,48.97
1070.019192681997,492.4365234375,49.74
1070.252467274986,724.45947265625,40.99
1070.487333247991,595.08740234375,49.84
1070.7239824610006,595.08740234375,49.82
1070.9583904019964,724.4599609375,24.69
1071.1892102099955,595.087890625,48.42
1071.420302337996,595.087890625,49.44
1071.655432458996,578.70849609375,35.03
1071.8877844209783,595.08837890625,48.36
1072.1204121249903,595.08837890625,48.81
1072.3525258509908,456.72314453125,49.43
1072.5845475239912,746.9609375,47.68
1072.8170154959953,595.0888671875,48.49
1073.0497668219905,595.0888671875,49.33
1073.2817130639742,724.46142578125,29.65
1073.5137466809829,595.08935546875,48.91
1073.7460721019888,595.08935546875,50.59
1073.9790347739763,1029.71044921875,27.96
1074.2148069649993,595.08984375,49.76
1074.4464407979976,595.08984375,49.29
1074.680583053996,456.724609375,42.2
1074.9150643999747,595.09033203125,49.67
1075.1458793199854,595.09033203125,49.94
1075.3775746149768,456.72509765625,49.22
1075.6069930169906,746.962890625,45.79
1075.8423166039865,595.0908203125,49.38
1076.074838703993,595.0908203125,48.73
1076.3083701109863,1029.7119140625,23.53
1076.5395510789822,595.09130859375,49.42
1076.772027501982,595.09130859375,49.25
1077.0061487359926,984.71240234375,32.88
1077.2378369770013,476.96240234375,48.29
1077.4715597539907,595.091796875,48.92
1077.7042392119765,456.7265625,50.37
1077.9366434159747,589.46728515625,50.16
1078.1711194539967,595.09228515625,49.04
1078.4013850560004,489.62939453125,49.43
1078.6322785489901,724.46484375,37.3
1078.8624266049883,621.10302734375,48.61
1079.094981531991,595.0927734375,49.53
1079.3264362859773,1029.7138671875,30.92
1079.559996328986,499.6435546875,48.36
1079.7911413279944,595.09326171875,49.89
1080.0247221139725,456.72802734375,41.38
1080.2575731760007,595.09375,51.22
1080.489277132001,595.09375,49.5
1080.7210220859852,456.728515625,49.14
1080.953745404986,746.96630859375,49.92
1081.1856181019975,595.09423828125,49.25
1081.4206014119845,595.09423828125,49.54
1081.6525399009988,1029.69091796875,21.15
1081.8853253109846,595.0703125,50.52
1082.1160370719736,595.0703125,49.24
1082.3504288089753,456.70458984375,42.91
1082.5808252969873,589.4453125,50.12
1082.8112634119752,595.0703125,48.88
1083.0421383969951,456.705078125,51.11
1083.2736815729877,746.94287109375,52.85
1083.5055362509738,595.07080078125,48.81
1083.7390550859855,595.07080078125,49.03
1083.9735015099868,522.29443359375,33.59
1084.204443124996,595.0712890625,49.37
1084.4375026009802,493.82080078125,49.23
1084.672820879001,456.7060546875,33.84
1084.905725930992,595.07177734375,48.99
1085.1376073579886,595.07177734375,49.63
1085.3678690489905,456.70654296875,50.4
1085.6019677929871,746.9443359375,54.13
1085.8335477759829,595.072265625,50.08
1086.0629079289793,489.609375,48.85
1086.2945639719837,724.44482421875,44.56
1086.5277610389749,595.07275390625,48.34
1086.7596132719773,595.07275390625,49.09
1086.9893005709746,1029.69384765625,22.91
1087.2197150789725,599.3876953125,50.09
1087.4539942979754,595.0732421875,49.52
1087.6854172039893,456.7080078125,42.12
1087.9174763829797,589.44873046875,49.94
1088.1476592899999,595.07373046875,49.33
1088.3799498599838,595.07373046875,49.14
1088.609892225999,724.4462890625,45.43
1088.8408931389858,595.07421875,50.15
1089.0738771829929,595.07421875,49.31
1089.3033594219887,1029.6953125,31.85
1089.5373797319771,595.07470703125,48.62
1089.7673464049876,595.07470703125,48.87
1090.0016776569828,456.70947265625,34.7
1090.235963301995,589.4501953125,49.28
1090.4687062469893,595.0751953125,49.38
1090.7002569659962,489.6123046875,49.25
1090.9297607869958,724.44775390625,49.02
1091.1590827349864,595.07568359375,49.75
1091.3894052589894,595.07568359375,49.14
1091.622289706982,1029.69677734375,28.06
1091.8537170130003,595.076171875,48.3
1092.088366401993,499.80224609375,49.59
1092.321652797982,456.7109375,26.88
1092.5550452859898,589.45166015625,48.84
1092.7885265459772,595.07666015625,49.39
1093.0210682019824,492.42626953125,48.8
1093.2509733419865,746.94921875,51.87
1093.4860813229752,595.0771484375,48.96
1093.7188949489791,595.0771484375,49.5
1093.9521084289881,1029.6982421875,39.94
1094.1856898429978,595.07763671875,48.81
1094.418487894989,595.07763671875,49.17
1094.649051447981,456.71240234375,27.56
1094.8802908059733,595.078125,50.94
1095.1116293409723,595.078125,49.6
1095.3451175849768,456.712890625,49.15
1095.5767001529748,746.95068359375,48.7
1095.8106377679796,595.07861328125,49.67
1096.0424691179942,595.07861328125,49.48
1096.272394442989,724.451171875,51.83
1096.504247932986,595.0791015625,48.93
1096.7367862369865,595.0791015625,50.33
1096.969382161973,984.7001953125,31.64
1097.2019510579994,595.07958984375,48.74
1097.4337806609983,595.07958984375,49.85
1097.666503630986,456.71435546875,49.81
1097.8985565239855,589.455078125,47.83
1098.132666372985,595.080078125,49.41
1098.3633782739926,492.4296875,49.82
1098.5980333899788,724.45263671875,51.27
1098.8312737599772,595.08056640625,50.32
1099.063852991996,595.08056640625,49.37
1099.2954868249944,1029.70166015625,43.99
1099.5281474249787,595.0810546875,48.82
1099.7612613779784,595.0810546875,48.68
1099.9945748729806,456.7158203125,25.52
1100.229197232984,595.08154296875,50.73
1100.4622123570007,595.08154296875,48.97
1100.6937866139924,456.71630859375,49.41
1100.9276609509834,746.9541015625,49.55
1101.1580406769936,595.08203125,49.19
1101.3897518259764,489.619140625,48.62
1101.621284525987,724.45458984375,50.86
1101.8562194349943,595.08251953125,48.98
1102.0896805789962,595.08251953125,49.13
1102.3207826239814,1029.70361328125,36.63
1102.5508345059934,482.57666015625,49.07
1102.7841477219772,595.0830078125,49.27
1103.0172206069983,456.7177734375,49.04
1103.249795997981,589.45849609375,47.69
1103.4806718209875,595.08349609375,49.99
1103.7160813839873,489.62060546875,49.51
1103.9477066959953,724.4560546875,52.59
1104.1833954239846,595.083984375,49.1
1104.4172628469823,595.083984375,48.99
1104.6506295629952,1029.705078125,44.41
1104.8830226629798,595.08447265625,48.46
1105.1170988479862,595.08447265625,49.73
1105.3491734619893,456.71923828125,51.07
1105.5847175439994,595.0849609375,49.72
1105.819587846985,595.0849609375,49.17
1106.0513335689902,456.7197265625,49.2
1106.2860681669845,729.83984375,51.7
1106.518968747987,595.08544921875,49.04
1106.7543598740012,595.08544921875,49.78
1106.9883223529905,724.4580078125,47.97
1107.2240939149924,595.0859375,49.25
1107.4554122659902,595.0859375,49.11
1107.6887782129925,984.70703125,31.96
1107.9210455249995,595.08642578125,48.42
1108.1518625399913,595.08642578125,49.39
1108.383103154978,456.72119140625,49.37
1108.6157385419938,746.958984375,49.93
1108.8486850799818,595.0869140625,49.39
1109.0796801959805,595.0869140625,49.65
1109.3127745229867,724.45947265625,49.05
1109.5482756509737,595.08740234375,49.31
1109.7795389649982,595.08740234375,49.66
1110.011030945985,1029.70849609375,34.17
1110.2443333359843,595.087890625,49.45
1110.4779343069822,595.087890625,49.57
1110.7122450249735,456.72265625,49.66
1110.9458605229738,589.46337890625,49.22
1111.1760616599931,595.08837890625,49.35
1111.4078577389882,489.62548828125,49.19
1111.6394424019963,724.4609375,50.87
1111.8733173679793,595.0888671875,49.49
1112.1058200519765,595.0888671875,49.32
1112.338764354994,1029.7099609375,34.69
1112.5699432989932,621.099609375,49.18
1112.8017270150012,595.08935546875,50.08
1113.0335320339946,456.72412109375,50.42
1113.2685711489758,595.08984375,48.82
1113.5021494199755,595.08984375,49.71
1113.7362871369987,492.439453125,49.66
1113.9675698669744,724.46240234375,51.34
1114.2024252939736,595.09033203125,49.02
1114.4370299829752,595.09033203125,48.91
1114.670028973982,1029.71142578125,42.45
1114.905008023983,595.0908203125,48.09
1115.13674180198,595.0908203125,49.14
1115.369200414978,456.7255859375,24.49
1115.6024922590004,595.09130859375,50.68
1115.838005261001,595.09130859375,49.32
1116.0701105359767,456.72607421875,50.04
1116.3030927649816,589.466796875,49.11
1116.534849172982,595.091796875,49.15
1116.7664915959758,595.091796875,49.12
1116.9974214079848,724.46435546875,51.81
1117.231657324999,595.09228515625,48.93
1117.4619651119865,595.09228515625,49.37
1117.6950980619877,456.70458984375,20.88
1117.9272768829833,595.0703125,50.37
1118.1594874819857,595.0703125,49.99
1118.391122850997,456.70458984375,49.34
1118.621024149994,746.9423828125,50.58
1118.8530352769885,595.0703125,50.39
1119.0832687509828,595.0703125,49.42
1119.3149090789957,724.44287109375,51.61
1119.5468516190012,595.07080078125,48.97
1119.77879569598,595.07080078125,49.57
1120.0136089379957,984.69189453125,44.31
1120.2436964389926,595.0712890625,48.86
1120.4738918479998,595.0712890625,49.69
1120.7071616920002,456.7060546875,49.75
1120.9386876169883,778.38671875,48.56
1121.1705156139797,595.07177734375,49.27
1121.4012173869996,595.07177734375,49.38
1121.6329700939823,724.4443359375,52.93
1121.8655369639746,499.62255859375,49.72
1122.0947849479853,595.072265625,49.18
1122.3270541459788,1029.693359375,32.83
1122.558300138975,595.07275390625,51.0
1122.790107112989,595.07275390625,49.02
1123.0213123869908,456.70751953125,50.41
1123.2553079729842,589.4482421875,50.33
1123.4886918699776,595.0732421875,49.1
1123.7236115529959,489.6103515625,49.53
1123.9569632519851,724.44580078125,49.98
1124.1870522199897,595.07373046875,49.28
1124.4190197649878,595.07373046875,48.75
1124.6526309319888,1029.69482421875,32.43
1124.8870572419837,595.07421875,48.94
1125.118040413974,595.07421875,49.69
1125.3520837719843,456.708984375,42.62
1125.5826807109988,595.07470703125,48.69
1125.813650053984,599.5244140625,49.18
1126.0461678939755,456.70947265625,49.04
1126.2753409369907,746.947265625,44.73
1126.5104948739754,595.0751953125,49.51
1126.741813363973,595.0751953125,49.52
1126.9794462509744,1029.6962890625,24.35
1127.2091464709956,516.3251953125,49.39
1127.4415325869923,595.07568359375,49.36
1127.6758437239914,456.71044921875,41.47
1127.9082787999942,595.076171875,49.67
1128.1416668879974,595.076171875,49.96
1128.3738917349838,456.7109375,50.01
1128.6070052689756,589.45166015625,49.8
1128.8399115079956,595.07666015625,49.29
1129.070797806984,489.61376953125,49.23
1129.3033251460001,724.44921875,35.26
1129.536669581983,595.0771484375,48.89
1129.7689491869824,595.0771484375,48.99
1129.999545845989,1029.6982421875,31.96
1130.233891345997,595.07763671875,49.85
1130.4647529909853,595.07763671875,48.96
1130.6988337859802,456.71240234375,49.07
1130.9318799209723,595.078125,51.01
1131.164724487986,595.078125,49.83
1131.396895694983,456.712890625,49.08
1131.6326660699851,746.95068359375,47.17
1131.8619499539782,595.07861328125,49.63
1132.0956631619774,595.07861328125,49.18
1132.328034331993,1029.69970703125,22.45
1132.5630200859741,595.0791015625,48.95
1132.7940772219736,595.0791015625,48.91
1133.028596772987,456.7138671875,41.63
1133.260454313975,595.07958984375,49.86
1133.493500587996,595.07958984375,49.64
1133.7250931439921,456.71435546875,50.62
1133.959212281974,746.9521484375,49.9
1134.1910014469759,595.080078125,48.95
1134.425322641997,489.6171875,49.25
1134.656653144979,724.45263671875,36.57
1134.8869795799837,595.08056640625,49.09
1135.1194084399904,595.08056640625,49.44
1135.3534892339958,984.70166015625,30.72
1135.5853077329812,595.0810546875,48.84
1135.817094522994,595.0810546875,49.15
1136.0504946939764,456.7158203125,50.1
1136.2815462419821,768.396484375,52.7
1136.51249232798,595.08154296875,49.51
1136.7423428509792,595.08154296875,48.76
1136.9733802219853,724.4541015625,36.03
1137.2066062729864,595.08203125,48.37
1137.4411406299914,595.08203125,48.92
1137.6723887179978,1029.703125,25.5
1137.905643754988,595.08251953125,50.01
1138.1386719399889,595.08251953125,49.37
1138.3723981399962,456.71728515625,44.62
1138.6055009869742,589.4580078125,52.88
1138.8386229029857,595.0830078125,49.17
1139.0705569220008,489.6201171875,49.19
1139.3031172969786,724.45556640625,39.34
1139.5386267369904,595.08349609375,49.2
1139.7702105619828,595.08349609375,49.56
1140.0018334989727,1029.70458984375,23.84
1140.2335100059863,595.083984375,50.41
1140.4646984479914,595.083984375,48.91
1140.6983146439889,456.71875,36.78
1140.932541201997,595.08447265625,49.55
1141.165149139997,595.08447265625,49.41
1141.395106801996,456.71923828125,49.65
1141.6288092549948,724.45703125,47.64
1141.861038012983,595.0849609375,49.37
1142.0945945639978,595.0849609375,49.56
1142.3282980639779,1029.7060546875,26.53
1142.5620252419903,595.08544921875,49.33
1142.794508648978,493.8349609375,49.62
1143.0303007449838,984.70654296875,33.19
1143.2614808049984,595.0859375,48.1
1143.4932193339919,595.0859375,49.78
1143.7264096949948,456.720703125,49.18
1143.957824149984,589.46142578125,50.01
1144.1886378130002,595.08642578125,49.02
1144.4203405809822,595.08642578125,49.47
1144.6520376919943,724.458984375,37.4
1144.883261334995,595.0869140625,49.94
1145.1128298299736,595.0869140625,49.15
1145.3465280919918,984.7080078125,30.05
1145.5778979869792,595.08740234375,48.27
1145.8122355259839,595.08740234375,49.45
1146.0438804639853,456.72216796875,41.32
1146.274526292982,589.462890625,50.15
1146.505304753984,595.087890625,48.41
1146.7374532619724,492.4375,49.96
1146.9711801609956,724.46044921875,49.93
1147.2033743469801,595.08837890625,49.96
1147.4360381589795,595.08837890625,49.18
1147.6681679499743,1029.70947265625,28.3
1147.8997967539763,595.0888671875,50.31
1148.1330689719762,595.0888671875,49.09
1148.365729780984,456.7236328125,33.94
1148.595638762985,595.08935546875,48.42
1148.8283430849842,595.08935546875,49.4
1149.0573492010008,456.72412109375,42.63
1149.2879524960008,589.46484375,49.34
1149.5182901059743,595.08984375,49.32
1149.7483435239992,595.08984375,49.05
1149.9826050729898,724.4423828125,44.79
1150.215673417988,595.0703125,49.55
1150.448443182977,595.0703125,50.15
1150.6835453659878,456.70458984375,23.49
1150.9129768289858,595.0703125,50.49
1151.1447762599855,595.0703125,49.04
1151.376749531977,456.705078125,46.86
1151.6092677909764,746.94287109375,51.76
1151.8396197889815,595.07080078125,49.56
1152.0691027959983,489.60791015625,49.11
1152.2977907069726,724.443359375,49.38
1152.528202699992,599.52099609375,49.33
1152.7603667139774,716.70654296875,49.02
1152.9941149139777,1029.6923828125,30.31
1153.2238311979745,595.07177734375,48.62
1153.4543940529984,595.07177734375,49.13
1153.6870647799806,456.70654296875,49.81
1153.9184986519977,589.447265625,48.89
1154.1490798759914,595.072265625,48.65
1154.3794044249807,595.072265625,49.11
1154.6127086310007,724.44482421875,49.57
1154.8414466899994,595.07275390625,49.77
1155.0727223659924,595.07275390625,49.58
1155.3042917329876,1029.69384765625,40.54
1155.5367407079902,595.0732421875,48.92
1155.7686979149876,595.0732421875,49.46
1155.9977339249745,456.7080078125,48.96
1156.2285382289847,589.44873046875,49.48
1156.4618584289856,595.07373046875,48.99
1156.6931704239978,489.61083984375,49.5
1156.9244794849947,724.4462890625,52.56
1157.1607419059728,595.07421875,49.13
1157.3935960419767,595.07421875,49.33
1157.624194516975,1029.6953125,36.36
1157.854128571984,595.07470703125,48.65
1158.088506968983,595.07470703125,49.09
1158.3204759099754,456.70947265625,46.06
1158.5535745669913,595.0751953125,49.07
1158.784963389975,595.0751953125,49.76
1159.0194323729957,456.7099609375,49.51
1159.2531964980008,746.94775390625,49.04
1159.4847000029986,595.07568359375,49.0
1159.7157513429993,595.07568359375,49.92
1159.9512139869912,1029.69677734375,26.52
1160.1820196179906,595.076171875,49.33
1160.4138660539757,595.076171875,49.16
1160.6471942159988,456.7109375,45.67
1160.8793182099762,595.07666015625,49.75
1161.1121462239826,595.07666015625,49.24
1161.3442720339808,456.71142578125,49.99
1161.5742611949972,589.4521484375,49.46
1161.8039974549902,595.0771484375,49.17
1162.035797444987,595.0771484375,49.24
1162.267679011973,724.44970703125,27.35
1162.5022489889816,595.07763671875,48.72
1162.7335842419998,595.07763671875,50.3
1162.9693586669746,456.71240234375,38.11
1163.2026380789757,595.078125,49.54
1163.4368184699852,595.078125,48.81
1163.670667104976,456.712890625,49.81
1163.9019841979898,589.45361328125,48.59
1164.1364446609805,595.07861328125,49.8
1164.3697960809804,489.61572265625,48.76
1164.6050420019892,724.451171875,35.72
1164.8362161259865,595.0791015625,49.04
1165.0688830819854,595.0791015625,49.55
1165.3010797119932,1029.7001953125,31.73
1165.5325017099967,615.46484375,50.08
1165.7642762769829,595.07958984375,49.54
1165.9975630929985,456.71435546875,50.64
1166.229446614976,589.455078125,49.88
1166.462260870001,595.080078125,48.89
1166.6926587559865,492.4296875,49.45
1166.923861025978,724.45263671875,37.83
1167.155230082979,595.08056640625,49.08
1167.3890816519852,595.08056640625,49.42
1167.6244458869915,1029.70166015625,23.21
1167.8548995769816,595.0810546875,49.28
1168.0872226939828,595.0810546875,49.18
1168.3252724059857,456.7158203125,41.81
1168.5558864559862,635.716796875,49.77
1168.7942242719873,595.08154296875,49.23
1169.0246869019757,456.71630859375,49.42
1169.2590778009908,746.9541015625,48.27
1169.4914550459944,595.08203125,48.97
1169.723211034987,489.619140625,49.4
1169.954068558989,724.45458984375,30.28
1170.1848036479787,595.08251953125,49.74
1170.4154015639797,595.08251953125,49.45
1170.6460188969795,1029.70361328125,28.18
1170.8769562519738,595.0830078125,49.29
1171.1071145749884,595.0830078125,49.11
1171.3400055179955,456.7177734375,47.24
1171.5721883889928,589.45849609375,51.75
1171.805000059976,595.08349609375,48.82
1172.0373445489968,489.62060546875,49.39
1172.2730320889968,724.4560546875,40.79
1172.5040740699915,595.083984375,49.18
1172.7366706229805,595.083984375,49.05
1172.970442010992,724.45654296875,27.33
1173.2014202249993,595.08447265625,48.67
1173.4313020369736,595.08447265625,49.42
1173.668234185985,984.70556640625,31.26
1173.899426887976,595.0849609375,48.25
1174.1315286019817,595.0849609375,48.62
1174.3612888169882,456.7197265625,49.95
1174.5982834759925,746.95751953125,51.75
1174.8292418539932,595.08544921875,49.14
1175.0627024389978,595.08544921875,49.78
1175.2928538470005,724.4580078125,35.02
1175.5250305019727,595.0859375,49.12
1175.759943130979,595.0859375,49.83
1175.9943496049964,1029.70703125,24.32
1176.2268321039737,595.08642578125,50.45
1176.461553850997,595.08642578125,49.25
1176.6946654289786,456.72119140625,40.13
1176.9269766719954,589.46240234375,50.3
1177.1588168919843,595.0869140625,49.04
1177.3914272049733,492.4365234375,49.03
1177.623364717001,724.45947265625,46.1
1177.8559258589812,595.08740234375,50.08
1178.0878204869805,626.72265625,49.53
1178.321184129978,1029.70849609375,22.08
1178.5537157989747,595.087890625,50.77
1178.7881013199803,488.20654296875,49.48
1179.0202810479968,456.72265625,38.78
1179.2534826549818,595.08837890625,49.42
1179.484134280996,595.08837890625,49.4
1179.7196689339762,456.72314453125,49.77
1179.9519907239883,746.9609375,50.75
1180.1853763669787,595.0888671875,49.06
1180.4161212339823,595.0888671875,49.42
1180.6539704259776,1029.7099609375,30.5
1180.8860837329994,595.08935546875,49.59
1181.1189247379953,595.08935546875,49.8
1181.3504459839896,456.72412109375,35.6
1181.581486008974,595.08984375,50.04
1181.8155000330007,595.08984375,49.94
1182.0465400569956,456.724609375,49.03
1182.2766704429814,589.46533203125,53.37
1182.5068980499927,626.7255859375,49.42
1182.7368620679772,516.333984375,49.33
1182.9688525209785,724.462890625,42.18
1183.201803459,595.0908203125,49.99
1183.4318063799874,595.0908203125,49.15
1183.6684477009985,465.7099609375,28.12
1183.90176238399,595.09130859375,48.85
1184.1345510069805,595.09130859375,49.9
1184.3675899480004,456.72607421875,49.69
1184.6018786659988,746.9638671875,51.85
1184.8368376009748,595.091796875,48.92
1185.0676388309803,489.62890625,49.67
1185.2964547640004,724.46435546875,41.48
1185.530348168977,595.09228515625,48.22
1185.7620586899866,595.09228515625,49.25
1185.9932071119838,1029.71337890625,23.86
1186.2228666129813,595.0927734375,50.46
1186.4545841179788,595.0927734375,49.22
1186.6874884009885,456.7275390625,46.2
1186.9203229809937,589.46826171875,51.63
1187.1529072419798,595.09326171875,49.65
1187.3862643889734,595.09326171875,49.28
1187.617419585993,724.4658203125,44.01
1187.8508613829908,595.09375,50.36
1188.084339708992,595.09375,49.65
1188.3162251179747,1029.71484375,32.32
1188.5473720029986,595.09423828125,49.06
1188.7808569629851,595.09423828125,48.72
1189.0128164060006,456.70458984375,33.53
1189.244557797996,589.4453125,49.88
1189.475423492986,595.0703125,48.62
1189.7060547949804,489.607421875,49.03
1189.9378860750003,724.4423828125,46.57
1190.1720974759955,595.0703125,49.49
1190.4031252089771,595.0703125,49.3
1190.6348020649748,1029.69140625,21.78
1190.8652982199856,595.07080078125,50.22
1191.0960789859819,595.07080078125,49.37
1191.3291663979762,456.70556640625,31.63
1191.5597794009955,589.4462890625,48.71
1191.790974337986,595.0712890625,48.55
1192.023249262973,489.6083984375,50.99
1192.2557478269737,724.44384765625,52.47
1192.4873709729873,595.07177734375,49.22
1192.7207514479815,621.08203125,49.56
1192.953071631986,1029.69287109375,34.4
1193.1842823539919,595.072265625,49.14
1193.4155426639772,595.072265625,49.17
1193.645842908998,456.70703125,32.49
1193.8774038249976,595.07275390625,49.23
1194.1089329629904,595.07275390625,49.7
1194.3394189199898,456.70751953125,41.1
1194.5721858219767,746.9453125,50.17
1194.802211022994,595.0732421875,49.5
1195.0324191429827,595.0732421875,48.88
1195.2650791149936,1029.6943359375,43.82
1195.4978604039934,595.07373046875,48.76
1195.73133866,595.07373046875,49.35
1195.9637595569948,456.70849609375,24.44
1196.1988838109828,595.07421875,50.56
1196.430990971974,595.07421875,49.29
1196.6621282889973,456.708984375,49.35
1196.8947566209827,746.94677734375,52.07
1197.1262545379868,595.07470703125,49.01
1197.358840475994,595.07470703125,49.31
1197.5915432609909,724.447265625,50.92
1197.823253222974,595.0751953125,50.05
1198.0534975919873,595.0751953125,49.61
1198.2893637919915,984.6962890625,30.66
1198.5203431929986,595.07568359375,48.83
1198.753382622992,595.07568359375,49.67
1198.9857771899842,456.71044921875,49.1
1199.2198309539817,746.9482421875,49.71
1199.4510034019768,595.076171875,49.23
1199.684104363987,595.076171875,49.45
1199.9144071929913,724.44873046875,51.71
1200.146241615992,595.07666015625,49.04
1200.3765765719872,595.07666015625,49.7
1200.606437710987,1029.69775390625,40.95
1200.8371336869895,595.0771484375,47.79
1201.0675980629749,595.0771484375,49.55
1201.3040587689902,456.7119140625,50.05
1201.5383585919917,589.45263671875,49.55
1201.77194447699,595.07763671875,49.07
1202.0050773569965,489.61474609375,49.08
1202.2397193429933,724.4501953125,51.02
1202.4714362889936,595.078125,49.11
1202.7020452409924,595.078125,48.94
1202.9317881349998,1029.69921875,35.96
1203.164958800975,595.07861328125,48.99
1203.3990501419757,595.07861328125,48.5
1203.6331078879884,456.71337890625,49.78
1203.8631290379853,589.4541015625,50.33
1204.0956415699911,595.0791015625,49.08
1204.327326736995,489.6162109375,49.31
1204.5632115149929,724.45166015625,51.15
1204.7935794379737,595.07958984375,49.71
1205.0252459569892,595.07958984375,49.99
1205.2551571739896,1029.70068359375,36.61
1205.4891539469827,595.080078125,48.19
1205.7190147359797,595.080078125,49.64
1205.9488915900001,456.71484375,52.1
1206.1834048549936,595.08056640625,50.15
1206.4135581479932,595.08056640625,49.1
1206.6458707889833,456.71533203125,48.88
1206.8754881049972,746.953125,49.96
1207.1074646589987,595.0810546875,49.37
1207.3394200499752,595.0810546875,49.41
1207.574115255993,1029.7021484375,27.33
1207.807525274984,595.08154296875,49.15
1208.040345745976,595.08154296875,48.84
1208.2735735439928,456.71630859375,49.67
1208.5065104439855,510.70068359375,49.78
1208.7411543149792,595.08203125,49.79
1208.9731228379824,456.716796875,50.12
1209.2047549239942,746.95458984375,50.32
1209.4357155369944,595.08251953125,48.63
1209.6654837849783,595.08251953125,48.86
1209.9000397929922,1029.70361328125,24.47
1210.1294986339926,595.0830078125,49.43
1210.362631444994,595.0830078125,48.69
1210.5954058899952,456.7177734375,46.63
1210.831035878975,595.08349609375,49.74
1211.0637858079863,595.08349609375,48.79
1211.294866341981,456.71826171875,49.0
1211.5265636629774,724.4560546875,50.67
1211.7614443029743,595.083984375,49.22
1211.9917821229901,595.08447265625,48.85
1212.227955423994,510.703125,23.54
1212.4620943279879,595.08447265625,48.32
1212.694152528973,595.08447265625,49.66
1212.92605085799,456.70458984375,42.12
1213.1581964329816,595.0703125,49.76
1213.3915497389971,595.0703125,48.66
1213.6231001789856,492.419921875,49.02
1213.8558914559835,724.4423828125,50.06
1214.0871657349926,595.0703125,48.86
1214.3181051159918,595.0703125,49.09
1214.551191829989,1029.69140625,33.91
1214.782043486979,595.07080078125,50.08
1215.0141112569836,595.07080078125,49.03
1215.2461978139763,456.70556640625,47.46
1215.4784923649859,595.0712890625,49.97
1215.7107419369859,595.0712890625,48.89
1215.945592893986,465.72216796875,49.24
1216.1774303899729,724.44384765625,50.38
1216.4120793589973,595.07177734375,49.03
1216.646670987975,595.07177734375,49.14
1216.8780746869743,1029.69287109375,31.58
1217.1090742730012,595.072265625,49.3
1217.3407484749914,595.072265625,49.74
1217.5751751329808,456.70703125,50.11
1217.8052601899835,589.44775390625,50.52
1218.0381304599869,595.07275390625,49.26
1218.2708203939837,456.70751953125,49.97
1218.5017242939794,746.9453125,49.74
1218.7377387709857,595.0732421875,49.42
1218.9688993449963,595.0732421875,48.96
1219.202397296991,1029.6943359375,28.34
1219.4326220399817,595.07373046875,49.69
1219.6689329319925,595.07373046875,49.05
1219.9007535959827,456.70849609375,50.39
1220.1333667719737,589.44921875,50.65
1220.3629602719739,595.07421875,49.63
1220.5977475319814,489.611328125,49.38
1220.8312654579931,724.44677734375,50.22
1221.0658346669807,595.07470703125,49.48
1221.2982700219727,595.07470703125,48.88
1221.532776580978,724.447265625,25.33
1221.7668907609768,595.0751953125,49.65
1221.9998280099826,595.0751953125,49.46
1222.240004591993,456.7099609375,44.55
1222.473114702996,595.07568359375,49.21
1222.7033189129725,595.07568359375,49.25
1222.9388754269748,456.71044921875,49.43
1223.171375386999,746.9482421875,50.55
1223.401743030001,595.076171875,49.1
1223.6331895429757,595.076171875,50.06
1223.8682049809722,1029.697265625,47.8
1224.0995139719744,595.07666015625,49.51
1224.3313111689931,595.07666015625,48.88
1224.5671749239846,984.69775390625,40.23
1224.7972430090012,595.0771484375,49.34
1225.0292490369757,595.0771484375,49.59
1225.2602394029964,456.7119140625,48.99
1225.4926044259919,471.3232421875,48.54
1225.723729728983,595.07763671875,49.46
1225.957561602001,595.07763671875,49.25
1226.188050073979,724.4501953125,53.47
1226.4234291159955,595.078125,49.43
1226.655261094973,595.078125,49.6
1226.890025375993,984.69921875,41.28
1227.12336149998,595.07861328125,48.71
1227.3557365809975,595.07861328125,49.46
1227.589117614989,456.71337890625,50.77
1227.8226340049878,589.4541015625,50.48
1228.0536424599995,595.0791015625,49.41
1228.2861221659987,489.6162109375,49.72
1228.5205447739863,724.45166015625,50.68
1228.7546412829834,595.07958984375,49.28
1228.9857365529751,595.07958984375,49.26
1229.2186860249785,1029.70068359375,34.69
1229.4491601789778,595.080078125,49.15
1229.6809304159833,595.080078125,49.3
1229.9105561829929,456.71484375,50.43
1230.1442506039748,595.08056640625,50.16
1230.373477215995,595.08056640625,48.76
1230.6066318179946,456.71533203125,49.31
1230.8407549379917,746.953125,48.1
1231.0767161939875,595.0810546875,49.3
1231.308156909974,595.0810546875,49.19
1231.5424917939818,724.45361328125,20.93
1231.7742773969949,595.08154296875,48.56
1232.009170468984,595.08154296875,49.47
1232.2447574349935,984.70263671875,43.44
1232.4776044469909,595.08203125,50.59
1232.7092924779863,595.08203125,49.72
1232.940827621991,456.716796875,49.64
1233.1743850809871,589.45751953125,50.69
1233.4037927969766,595.08251953125,48.67
1233.6354199239868,489.61962890625,49.64
1233.8710214179882,724.455078125,35.17
1234.1016178680002,595.0830078125,49.08
1234.331067489984,595.0830078125,49.1
1234.5623354829731,1029.7041015625,31.64
1234.793577214994,595.08349609375,49.95
1235.0247136939724,595.08349609375,49.54
1235.2570873069926,456.71826171875,49.89
1235.4886698049959,589.458984375,49.12
1235.7185743869923,595.083984375,49.9
1235.9512442059931,492.43359375,49.53
1236.180656321987,746.95654296875,43.36
1236.4158994499885,595.08447265625,48.34
1236.6459977069753,595.08447265625,49.12
1236.8839703119884,1029.70556640625,22.18
1237.1157804289833,595.0849609375,48.71
1237.3465677609784,595.0849609375,48.83
1237.5799603189807,456.7197265625,43.03
1237.8151208209747,595.08544921875,51.4
1238.0469474919955,595.08544921875,49.68
1238.279246302991,465.7275390625,49.8
1238.510740378988,746.9580078125,43.77
1238.743332671991,595.0859375,49.78
1238.9751040959964,595.0859375,49.06
1239.2084240169788,724.45849609375,28.3
1239.440948492993,595.08642578125,49.07
1239.6732805489737,595.08642578125,49.53
1239.906250205997,984.70751953125,34.06
1240.1392934769974,595.0869140625,49.1
1240.37098521,595.0869140625,49.91
1240.6055690859794,456.7216796875,50.76
1240.8368394539866,589.46240234375,52.68
1241.0699234439817,595.08740234375,49.53
1241.3013650679786,595.08740234375,49.78
1241.5361301879748,724.4599609375,30.36
1241.769050953997,595.087890625,49.44
1242.0042772489833,595.087890625,48.94
1242.2356414169772,1029.708984375,31.27
1242.4682226049772,595.08837890625,48.92
1242.6992092689907,595.08837890625,48.97
1242.933082767995,456.72314453125,47.35
1243.1638991549844,589.4638671875,50.23
1243.397717756976,595.0888671875,49.0
1243.6299727069854,489.6259765625,49.38
1243.8670602569764,724.46142578125,40.37
1244.0975952449953,595.08935546875,49.13
1244.3277256299916,595.08935546875,49.7
1244.5574701299774,1029.71044921875,28.0
1244.788334359997,595.08984375,50.6
1245.0209644379793,595.08984375,48.99
1245.2538115189818,456.724609375,39.73
1245.4843356109923,595.09033203125,49.51
1245.714786507975,595.09033203125,49.15
1245.946745600988,456.72509765625,49.05
1246.1797215429833,746.962890625,50.15
1246.413186109974,595.0908203125,49.45
1246.6449393049988,595.0908203125,49.67
1246.8828650449868,724.46337890625,31.76
1247.1176794039784,595.09130859375,49.39
1247.351696570986,595.09130859375,49.22
1247.5882461179863,465.71044921875,33.9
1247.8190270240011,595.091796875,49.56
1248.0506788759958,595.091796875,49.03
1248.2813684969733,456.7265625,44.52
1248.514870079991,589.46728515625,51.17
1248.7480945949792,595.09228515625,49.37
1248.9797207459924,492.44189453125,49.45
1249.2127513059822,724.46484375,47.12
1249.446684800001,595.0927734375,48.88
1249.6801665479725,595.0927734375,49.32
1249.9134309439978,1029.7138671875,23.32
1250.1444504349784,595.09326171875,49.84
1250.3768213239964,595.09326171875,49.19
1250.6088872079854,456.72802734375,39.87
1250.8415514399821,595.09375,49.96
1251.0736120849906,595.09375,49.69
1251.306041014992,456.728515625,48.37
1251.538744148973,488.39453125,51.68
1251.7722059919906,595.09423828125,49.32
1252.003449609998,595.09423828125,49.89
1252.2376195939723,724.466796875,37.42
1252.4699582859757,595.0947265625,49.49
1252.7023376959842,595.0947265625,49.14
1252.9370715259865,984.7158203125,31.2
1253.1713373349921,595.09521484375,48.72
1253.403283506981,595.09521484375,48.85
1253.6366706879926,456.72998046875,49.42
1253.8675994519726,589.470703125,53.01
1254.0982780369814,595.095703125,48.54
1254.3297654089984,471.34326171875,49.69
1254.5642950159963,724.46826171875,46.4
1254.79461097499,595.09619140625,50.25
1255.0287503679865,595.09619140625,49.25
1255.2614016089938,1029.71728515625,24.64
1255.4938801269745,595.0966796875,50.17
1255.7262126729765,621.10693359375,49.38
1255.9622566939797,456.7314453125,41.17
1256.193800078996,589.47216796875,49.64
1256.424647755979,626.732421875,49.04
1256.6550052009989,492.44677734375,49.46
1256.8864752519876,724.4697265625,46.96
1257.11626948099,595.09765625,49.88
1257.3485582349822,595.09765625,48.34
1257.5824420709978,1029.69091796875,31.42
1257.815138918988,595.0703125,49.01
1258.0461415079772,595.0703125,49.54
1258.2810734129744,456.70458984375,35.0
1258.5164506399888,595.0703125,49.92
1258.750039526989,595.0703125,49.02
1258.9808039499912,489.72119140625,49.71
1259.2155409229745,724.44287109375,49.06
1259.4497642669885,595.07080078125,49.51
1259.6812560389808,595.07080078125,49.32
1259.9162546439911,1029.69189453125,30.7
1260.1472850309801,595.0712890625,49.31
1260.3786589069932,595.0712890625,48.33
1260.6112762729754,1029.6923828125,25.74
1260.8448960319802,595.07177734375,50.51
1261.0785857729788,595.07177734375,49.58
1261.3113458299777,456.70654296875,42.57
1261.5452825379907,589.447265625,50.54
1261.777101943997,595.072265625,49.09
1262.0095698459772,489.609375,49.22
1262.2416364979872,724.44482421875,47.53
1262.474657349987,595.07275390625,50.1
1262.706667358987,595.07275390625,49.12
1262.9398860069923,1029.69384765625,26.45
1263.173168282985,595.0732421875,49.78
1263.4043489719916,595.0732421875,49.11
1263.6398314519902,456.7080078125,32.8
1263.8730951489997,516.3232421875,49.5
1264.106051255978,595.07373046875,49.25
1264.3364038129803,456.70849609375,50.02
1264.5690973789897,746.9462890625,52.9
1264.801184704993,476.95068359375,49.11
1265.0350196499785,595.07421875,49.31
1265.2686455549847,724.44677734375,38.01
1265.5022022449994,595.07470703125,49.82
1265.7360517179768,595.07470703125,49.49
1265.9705254509754,1029.69580078125,26.47
1266.201813069987,595.0751953125,49.77
1266.4369714079949,595.0751953125,49.48
1266.6688244089892,456.7099609375,35.87
1266.9016641569906,595.07568359375,48.76
1267.133069951,595.07568359375,49.35
1267.3675575129746,456.71044921875,50.67
1267.5976994219818,746.9482421875,50.62
1267.8334257259849,595.076171875,48.93
1268.0645076569926,595.076171875,49.0
1268.2982296659902,1029.697265625,31.98
1268.5295672929788,595.07666015625,48.78
1268.7622833479836,595.07666015625,49.14
1268.9967204139975,456.71142578125,31.49
1269.2310182809888,595.0771484375,49.87
1269.4643801779894,595.0771484375,49.55
1269.697185911995,456.7119140625,42.06
1269.9288434919727,589.45263671875,49.76
1270.1636250239972,595.07763671875,49.27
1270.393682562979,489.61474609375,48.95
1270.6255482759734,724.4501953125,45.31
1270.8563495759736,595.078125,49.7
1271.0895307879837,595.078125,49.58
1271.3210869549948,1029.69921875,23.29
1271.553228268982,595.07861328125,49.81
1271.7853203439736,595.07861328125,49.43
1272.0162646839744,456.71337890625,36.92
1272.250698954973,595.0791015625,48.32
1272.480680433975,595.0791015625,48.36
1272.715274438,456.7138671875,46.82
1272.9467179469939,746.95166015625,53.06
1273.177334721986,595.07958984375,49.08
1273.409017723985,516.3232421875,48.64
1273.6433723739756,724.4521484375,46.3
1273.8770376699977,595.080078125,49.72
1274.111241318984,595.080078125,48.96
1274.3457032489823,984.701171875,25.08
1274.5786690639798,595.08056640625,50.33
1274.8096087239974,595.08056640625,49.92
1275.0391794539755,456.71533203125,36.9
1275.270783813001,589.4560546875,48.04
1275.5054016329814,595.0810546875,48.6
1275.7360441789788,492.4306640625,49.4
1275.9716770319792,724.4423828125,54.23
1276.202977013978,595.0703125,49.18
1276.4347149829846,595.0703125,49.26
1276.6657143589982,1029.69091796875,33.63
1276.9002015719889,595.0703125,48.85
1277.1308017929841,595.0703125,49.19
1277.3646043319895,456.705078125,33.15
1277.5964356809855,589.44580078125,48.71
1277.8289447209972,595.07080078125,49.28
1278.0600615739822,492.42041015625,48.4
1278.2957668539893,746.943359375,52.47
1278.530209576973,595.0712890625,48.99
1278.7638415579859,595.0712890625,49.18
1278.9967099409841,724.44384765625,45.04
1279.2337906469766,595.07177734375,49.41
1279.4687564259802,595.07177734375,48.98
1279.7015481919807,1029.69287109375,28.41
1279.9333361689933,595.072265625,49.79
1280.1623303429806,595.072265625,48.86
1280.3931460299937,456.70703125,38.48
1280.6244316939847,589.44775390625,49.52
1280.8554083709896,595.07275390625,48.97
1281.085646104999,489.60986328125,50.06
1281.3191821219807,724.4453125,53.21
1281.5507730709796,595.07373046875,48.96
1281.7808681849856,595.0732421875,49.32
1282.015814896993,1029.6943359375,39.24
1282.246710974985,595.07373046875,48.55
1282.483460413001,595.07373046875,49.8
1282.7154383639863,456.70849609375,27.23
1282.9471559389785,595.07421875,50.24
1283.180462659977,595.07421875,49.12
1283.4104961019766,492.423828125,49.53
1283.6422769549827,724.44677734375,51.46
1283.8738980769995,595.07470703125,49.17
1284.1042824819742,595.07470703125,49.08
1284.34093777198,1029.69580078125,45.36
1284.5720208899875,595.0751953125,48.72
1284.8040066629765,595.0751953125,49.2
1285.0373330099974,456.7099609375,27.7
1285.2712595899939,595.07568359375,49.78
1285.5046964289795,595.07568359375,49.31
1285.7380085969926,456.71044921875,48.97
1285.9725121529773,746.9482421875,50.82
1286.2050971129793,595.076171875,49.15
1286.4387209219858,595.076171875,49.67
1286.6715013029752,724.44873046875,47.19
1286.9058657309797,595.07666015625,50.82
1287.1386850849958,595.07666015625,50.05
1287.3711425799993,1029.69775390625,34.39
1287.6036644019769,595.0771484375,49.69
1287.8364778879914,595.0771484375,48.41
1288.067103882,456.7119140625,31.5
1288.3020578579744,589.45263671875,48.39
1288.534327543981,595.07763671875,48.88
1288.764996141981,489.61474609375,49.56
1288.9977843459928,724.4501953125,50.15
1289.2345044499962,595.078125,49.76
1289.4648044849746,595.078125,49.19
1289.699091944989,1029.69921875,37.03
1289.9298549019732,595.07861328125,49.81
1290.1640276799735,595.07861328125,49.64
1290.3998184480006,456.71337890625,26.73
1290.6351956749859,595.0791015625,49.19
1290.867321623984,595.0791015625,48.83
1291.0995803449769,456.7138671875,39.87
1291.330147250992,768.39453125,49.38
1291.5612210099935,595.07958984375,49.61
1291.7937956329843,595.07958984375,49.65
1292.0270878959855,724.4521484375,51.82
1292.2588961969886,595.080078125,49.27
1292.490771967976,595.080078125,49.01
1292.722184815997,1029.701171875,35.52
1292.9563048619893,595.08056640625,50.61
1293.1905186379736,595.08056640625,49.16
1293.422664562997,456.71533203125,49.97
1293.6549838379724,595.0810546875,49.99
1293.8874724839989,595.0810546875,48.79
1294.1205337049905,456.7158203125,48.7
1294.3525021569803,746.95361328125,49.38
1294.5818696429778,595.08154296875,49.03
1294.8200110599864,595.08154296875,49.48
1295.0531812369882,724.4541015625,51.37
1295.2853124239773,595.08203125,49.49
1295.5168046839826,595.08203125,49.54
1295.7534467039804,984.703125,44.77
1295.9842922149983,595.08251953125,49.67
1296.215443359979,595.08251953125,49.73
1296.4472947549948,456.71728515625,51.26
1296.6782935029769,589.4580078125,50.24
1296.9099433989904,595.0830078125,49.47
1297.1422153909807,489.6201171875,49.2
1297.374190617993,724.45556640625,50.53
1297.6057106059743,595.08349609375,48.8
1297.8362483870005,595.08349609375,49.7
1298.0675339809968,1029.70458984375,33.38
1298.2973059999931,595.083984375,50.31
1298.5285011469969,621.08837890625,48.95
1298.7617651239852,456.71875,49.99
1298.9940982979897,595.08447265625,50.43
1299.229132662993,626.7197265625,49.3
1299.4603676209808,456.71923828125,49.24
1299.6908482,589.4599609375,48.72
1299.921356018982,595.0849609375,48.5
1300.153390402993,595.0849609375,49.06
1300.3847050519835,724.45751953125,30.26
1300.6190701789747,595.08544921875,49.5
1300.8501507129986,595.08544921875,48.96
1301.0841537009983,1029.70654296875,34.69
1301.3148531699844,595.0859375,49.01
1301.5460123480007,595.0859375,49.58
1301.7773017129803,456.720703125,50.9
1302.012138910999,589.46142578125,53.99
1302.243685089983,595.08642578125,49.7
1302.4752812079969,492.43603515625,49.29
1302.7059662889806,746.958984375,48.29
1302.9388746229815,595.0869140625,48.9
1303.1712682119978,595.0869140625,48.83
1303.4044276329805,1029.7080078125,26.54
1303.6366279649956,595.08740234375,49.01
1303.8664017999836,595.08740234375,49.5
1304.1007186639763,456.72216796875,39.98
1304.3321159379848,595.087890625,49.61
1304.5637520759774,595.087890625,49.53
1304.7961784910003,456.72265625,48.74
1305.0326045539987,746.96044921875,48.58
1305.2635264039855,595.08837890625,49.81
1305.4963868959749,489.62548828125,49.32
1305.7275027699943,724.4609375,36.56
1305.9598029089975,595.0888671875,49.29
1306.1901160039997,595.0888671875,49.06
1306.4221329279826,1029.7099609375,30.24
1306.6532292459742,595.08935546875,49.46
1306.8821060829796,595.08935546875,49.04
1307.114732668997,456.72412109375,47.3
1307.3459734239732,589.46484375,51.63
1307.576961344981,595.08984375,49.56
1307.8071198769903,489.626953125,49.84
1308.0385047879827,724.46240234375,45.45
1308.2701318469772,595.09033203125,49.35
1308.504459327989,595.09033203125,48.94
1308.738488088973,1029.71142578125,33.1
1308.971561392973,595.0908203125,49.67
1309.2036316769954,595.0908203125,49.63
1309.4364577349916,456.7255859375,32.96
1309.6679506239889,595.09130859375,48.28
1309.8994844409754,595.09130859375,49.16
1310.1329387409787,456.72607421875,50.26
1310.365430948994,746.9638671875,52.22
1310.5951665089815,595.091796875,49.01
1310.8271601049928,595.091796875,49.89
1311.0625043649925,724.46435546875,43.03
1311.2931031199987,595.09228515625,49.09
1311.5277339309978,595.09228515625,48.92
1311.7580879539892,1029.71337890625,26.81
1311.9908239849901,595.0927734375,50.13
1312.2243437969883,595.0927734375,49.2
1312.4573508899775,456.7275390625,38.88
1312.6871213019767,589.46826171875,48.74
1312.919383305998,595.09326171875,49.8
1313.150377373997,489.63037109375,49.21
1313.380538280995,724.4658203125,47.07
1313.6133547009958,595.09375,49.59
1313.8476547339815,595.09375,49.11
1314.0792582549911,1029.71484375,31.9
1314.3091404159786,595.09423828125,49.1
1314.545272858988,595.09423828125,49.24
1314.7783171079936,456.72900390625,26.98
1315.011507469986,595.0947265625,49.63
1315.2471118969843,595.0947265625,48.95
1315.4808901289944,492.4443359375,47.76
1315.7125702679914,746.96728515625,50.6
1315.9462280219886,595.09521484375,49.6
1316.178014391975,595.09521484375,49.21
1316.4120431529882,1029.71630859375,41.83
1316.6444620949915,595.095703125,49.25
1316.8762082359754,595.095703125,49.08
1317.1092545809806,456.73046875,22.53
1317.3422298949736,595.09619140625,50.12
1317.5723592319991,595.09619140625,48.98
1317.8050527979794,456.73095703125,35.71
1318.0362592589809,589.4716796875,50.12
1318.2668857419922,595.0966796875,49.67
1318.4965627039783,595.0966796875,49.88
1318.7283595509944,724.46923828125,52.2
1318.9604983509926,595.09716796875,49.8
1319.1908717219776,595.09716796875,48.68
1319.4227675369766,1029.71826171875,33.22
1319.6533685959876,595.09765625,48.76
1319.8892747459759,595.09765625,48.89
1320.122068466997,456.732421875,49.86
1320.353740644001,589.47314453125,49.85
1320.5874664949952,595.09814453125,49.55
1320.81944996299,492.44775390625,49.28
1321.0492405609984,544.82177734375,51.24
1321.2828744969738,595.0986328125,50.06
1321.514683077985,595.0986328125,49.76
1321.7504716819967,1029.7197265625,46.49
1321.9814221669803,595.09912109375,50.32
1322.212818392989,595.09912109375,50.08
1322.4447857279738,456.73388671875,49.31
1322.675623766001,595.099609375,49.78
1322.909994968999,595.099609375,50.01
1323.1415644759836,456.734375,49.01
1323.3732995819882,589.47509765625,49.1
1323.606798021996,595.10009765625,49.54
1323.8394510090002,489.63720703125,48.88
1324.0731644969783,724.47265625,51.69
1324.3047988189792,595.1005859375,49.25
1324.5376892729837,595.1005859375,49.89
1324.7690661519882,1029.7216796875,33.58
1325.004596474988,595.10107421875,50.27
1325.2387663899863,595.10107421875,48.67
1325.4734787769848,456.73583984375,49.71
1325.7085018279904,595.1015625,50.02
1325.9390792810009,595.1015625,50.26
1326.168952013977,456.736328125,50.03
1326.400508599996,746.97412109375,48.16
1326.630875613977,595.10205078125,48.92
1326.8628093539737,595.10205078125,49.42
1327.094806441979,724.474609375,21.65
1327.3288775279943,595.1025390625,48.77
1327.5623300119769,595.1025390625,49.2
1327.7986984549789,488.2216796875,41.97
1328.0346555909782,595.10302734375,48.93
1328.2658105779847,595.10302734375,48.99
1328.4983782859927,456.73779296875,48.86
1328.728992755001,746.9755859375,48.09
1328.9590831199894,595.103515625,49.72
1329.1892795069725,489.640625,49.0
1329.4187377199996,724.47607421875,27.73
1329.6539802879852,595.10400390625,49.69
1329.886222317,595.10400390625,49.85
1330.1171051239944,1029.72509765625,34.47
1330.3500691239897,595.1044921875,48.58
1330.5826550609781,595.1044921875,49.54
1330.8173939189874,456.7392578125,50.62
1331.0493579709728,589.47998046875,50.36
1331.2806673819723,595.10498046875,49.5
1331.5129464979982,489.64208984375,49.31
1331.7479471979896,724.4775390625,50.91
1331.9807169629785,595.10546875,50.01
1332.2120126149966,595.10546875,49.25
1332.4470300779794,578.224609375,24.77
1332.6810369779996,595.10595703125,49.47
1332.914299557975,595.10595703125,49.34
1333.1520284089784,984.72705078125,41.83
1333.3828417229815,595.1064453125,50.8
1333.6143077919842,595.1064453125,49.11
1333.8453815509856,456.7412109375,49.21
1334.07621504899,589.48193359375,48.12
1334.3077356659924,595.10693359375,49.3
1334.5397079599788,595.10693359375,49.24
1334.770256845979,724.4794921875,26.7
1334.999100576999,595.107421875,49.28
1335.2338422289758,595.107421875,49.26
1335.4636250039912,1029.728515625,29.73
1335.698850390996,595.10791015625,49.49
1335.9310085379984,595.10791015625,49.3
1336.1641667709919,456.74267578125,49.93
1336.3949068189831,589.4833984375,50.07
1336.6293581319915,595.1083984375,48.64
1336.860222081974,489.6455078125,49.01
1337.097064062982,724.48095703125,39.49
1337.3269879209984,595.10888671875,48.84
1337.5613681339892,595.10888671875,48.81
1337.7921606339805,1029.72998046875,28.24
1338.0291957320005,595.109375,49.8
1338.2595436789852,595.109375,48.66
1338.493861939991,456.744140625,39.76
1338.724137808982,595.10986328125,50.69
1338.9561887460004,595.1103515625,48.65
1339.1886094340007,456.74462890625,48.75
1339.4235773789987,746.982421875,47.99
1339.65668029699,595.1103515625,49.72
1339.8910403939954,595.1103515625,49.53
1340.1242593219795,724.48291015625,27.51
1340.3580405579996,595.11083984375,49.43
1340.5925566160004,595.11083984375,50.0
1340.8268040569965,984.73193359375,38.08
1341.0584265049838,595.11181640625,48.38
1341.2895947619982,595.111328125,49.86
1341.525422198989,456.74609375,48.62
1341.7568408439984,589.48681640625,50.96
1341.991726303997,482.60546875,49.14
1342.222744327999,492.46142578125,49.52
1342.4562293579802,724.484375,38.61
1342.688525865,595.1123046875,49.98
1342.9233066989982,595.1123046875,49.31
1343.1555071709736,1029.7333984375,27.0
1343.3877133700007,595.11279296875,49.61
1343.6212534369843,595.11279296875,49.18
1343.8514168580004,456.74755859375,49.66
1344.083366871986,595.11328125,50.36
1344.3131244329852,595.11328125,49.76
1344.544874135987,456.748046875,49.64
1344.7811767169915,746.98583984375,46.72
1345.0120722359861,626.7490234375,49.39
1345.2484009379987,595.11376953125,49.51
1345.482831716974,724.486328125,25.41
1345.7150335859915,595.1142578125,48.92
1345.9475647659856,595.1142578125,49.36
1346.1822513119841,456.7490234375,40.74
1346.4192310939834,595.11474609375,49.46
1346.6505185029819,595.11474609375,49.96
1346.8822729559906,456.74951171875,48.53
1347.1139963280002,589.490234375,49.86
1347.3483441329736,595.115234375,49.85
1347.5801510379824,456.75,48.93
1347.8147636189824,746.98779296875,45.09
1348.045984817989,595.11572265625,49.69
1348.2787782599917,595.11572265625,49.29
1348.5115763109934,724.48828125,27.11
1348.743019401998,595.1162109375,49.26
1348.9751349439903,595.1162109375,48.92
1349.2099049529934,984.7373046875,40.41
1349.442812098976,595.11669921875,48.7
1349.674878331978,595.11669921875,49.45
1349.907719267998,456.75146484375,50.87
1350.1419715269876,589.4921875,52.85
1350.3731930049835,595.1171875,49.64
1350.6062016339856,492.466796875,48.5
1350.8380547749985,746.98974609375,44.85
1351.072672245995,595.11767578125,49.07
1351.3039077619906,595.11767578125,48.95
1351.538044011977,1029.73876953125,22.68
1351.7711234619783,595.1181640625,49.39
1352.0023746239895,595.1181640625,49.62
1352.2337037999823,456.7529296875,42.39
1352.4657166719844,595.11865234375,50.18
1352.6957976089907,595.119140625,48.88
1352.9282597829879,456.75341796875,49.51
1353.1604694049747,589.494140625,51.29
1353.3956605689891,595.119140625,49.68
1353.627438069001,489.65625,49.2
1353.8607021149946,724.49169921875,44.01
1354.0910026389756,595.11962890625,49.83
1354.3240808319824,595.11962890625,49.72
1354.5554896299727,1029.74072265625,23.73
1354.7890264839807,595.1201171875,50.32
1355.019130398985,595.1201171875,48.78
1355.254236771987,456.7548828125,45.48
1355.48704292599,589.49560546875,51.36
1355.7193640169862,595.12060546875,49.44
1355.9510644809925,489.65771484375,49.38
1356.186536972993,724.4931640625,44.71
1356.4176359459816,595.12109375,49.51
1356.6527949819865,595.12109375,49.67
1356.887784786988,1029.7421875,28.58
1357.1189520659973,595.12158203125,50.39
1357.3492636949813,595.12158203125,48.8
1357.5838251509995,456.75634765625,37.65
1357.8142004069814,595.1220703125,48.54
1358.0469781339925,595.1220703125,49.45
1358.2775071849755,456.7568359375,50.18
1358.5138872219832,746.99462890625,49.42
1358.7454078389856,595.12255859375,49.62
1358.980046192999,595.12255859375,49.26
1359.2118331919773,724.4951171875,31.97
1359.443040211976,595.123046875,49.72
1359.6747257989773,488.24169921875,49.19
1359.907431167987,1029.744140625,29.03
1360.1371950850007,595.12353515625,49.0
1360.3657004949928,595.12353515625,49.13
1360.5980095039995,456.75830078125,48.46
1360.8311597749998,746.99609375,50.32
1361.0639480489772,595.1240234375,49.48
1361.2967607669998,595.1240234375,50.06
1361.5298400780011,724.49658203125,37.05
1361.7611285349994,595.12451171875,48.92
1361.993198260985,595.12451171875,49.28
1362.2251497409889,1029.74560546875,24.41
1362.4583775389765,595.125,50.77
1362.6908462789725,595.125,49.01
1362.924448855978,456.759765625,40.88
1363.1567378189939,589.50048828125,50.56
1363.3897452609963,595.12548828125,49.26
1363.622029614984,489.66259765625,49.26
1363.8571287949744,724.498046875,48.54
1364.0883801649907,595.1259765625,49.92
1364.3217477889848,595.1259765625,48.92
1364.5554661669885,1029.7470703125,29.15
1364.7887078629865,595.12646484375,48.74
1365.0197253279912,595.12646484375,48.83
1365.2534564870002,456.76123046875,32.07
1365.4834881829738,595.126953125,48.56
1365.7205454209761,595.126953125,49.03
1365.9532951409929,456.76171875,48.65
1366.1866891659738,746.99951171875,52.04
1366.4182719429955,595.12744140625,49.45
1366.6487593679922,595.12744140625,48.43
1366.880983376992,724.5,43.22
1367.1119552349846,595.1279296875,47.97
1367.3417439459881,595.1279296875,48.82
1367.5764486509725,984.7490234375,23.44
1367.8093701849866,595.12841796875,50.56
1368.0446711429977,621.138671875,49.56
1368.2760811979824,456.76318359375,39.16
1368.506180292985,589.50390625,49.45
1368.7379567459866,595.12890625,48.93
1368.968291282974,492.478515625,50.65
1369.201544992975,724.50146484375,51.4
1369.4310449019831,595.12939453125,49.08
1369.6630315829825,595.12939453125,48.42
1369.896879729,984.69091796875,20.5
1370.1278314019728,595.0703125,50.67
1370.3594271009788,595.0703125,49.69
1370.5918996819819,456.70458984375,42.1
1370.8225635309936,589.4453125,50.97
1371.0561072299897,595.0703125,49.98
1371.2869027329725,489.607421875,50.78
1371.5202088949736,724.44287109375,52.67
1371.7545983969758,595.07080078125,48.8
1371.9895449689939,595.07080078125,49.8
1372.2235054229968,1029.69189453125,34.89
1372.458395212976,595.0712890625,49.64
1372.6900825459743,595.0712890625,49.35
1372.923471541988,456.7060546875,31.73
1373.1535609290004,476.9423828125,47.97
1373.3837448139966,595.07177734375,48.97
1373.6143592139997,492.42138671875,50.52
1373.8486597349984,724.4443359375,53.77
1374.0809996139724,595.072265625,48.66
1374.3114081159874,595.072265625,49.57
1374.543280951999,1029.693359375,39.51
1374.7761611399765,595.07275390625,49.04
1375.0070726529812,595.07275390625,49.75
1375.2415284359886,456.70751953125,25.98
1375.4749580109783,595.0732421875,49.55
1375.7068955919822,595.0732421875,48.94
1375.9386278349848,492.4228515625,49.24
1376.172942324978,724.44580078125,51.56
1376.40803898999,595.07373046875,49.62
1376.6411986909807,595.07373046875,49.01
1376.8740142030001,1029.69482421875,35.49
1377.1054383659794,595.07421875,49.8
1377.3386021170008,595.07421875,49.07
1377.574118960998,984.6953125,23.96
1377.8060146359785,595.07470703125,50.0
1378.0375747839862,595.07470703125,49.23
1378.2688005919917,456.70947265625,40.76
1378.5029089049785,746.947265625,51.19
1378.7327564249863,595.0751953125,49.38
1378.9645300839911,595.0751953125,49.16
1379.19515188699,724.44775390625,48.03
1379.4272378849855,595.07568359375,50.26
1379.6596510999952,595.07568359375,49.67
1379.8953020419867,465.69482421875,20.97
1380.1256898699794,595.076171875,50.07
1380.358172229986,595.076171875,49.65
1380.590429902979,456.7109375,33.05
1380.825207663991,589.45166015625,49.25
1381.0569650499965,595.07666015625,49.17
1381.2895083829935,489.61376953125,50.78
1381.5235242229828,724.44921875,52.53
1381.7565809039806,595.0771484375,49.27
1381.9873892589821,595.0771484375,48.55
1382.219527779991,1029.6982421875,31.53
1382.4527193279937,595.07763671875,49.18
1382.6844728029973,595.07763671875,48.97
1382.917214141984,456.71240234375,32.56
1383.1542605539726,516.32763671875,48.47
1383.3845656869817,595.078125,49.65
1383.6164206439862,456.712890625,41.38
1383.8498902389838,746.95068359375,51.78
1384.0814645659993,595.07861328125,49.54
1384.3137989269744,626.7138671875,49.08
1384.549621544982,724.451171875,45.76
1384.7801255219965,493.82861328125,49.55
1385.012030206999,595.0791015625,49.0
1385.2452748369833,456.7138671875,22.7
1385.4774778229767,595.07958984375,50.66
1385.7077098299924,595.07958984375,49.3
1385.9436993029958,456.71435546875,43.43
1386.1775574369822,746.9521484375,51.03
1386.4083845099958,595.080078125,48.9
1386.6390573679819,595.080078125,49.14
1386.872640947986,724.45263671875,46.63
1387.1057142519858,595.08056640625,49.67
1387.3369869939925,595.08056640625,49.28
1387.5730166279827,456.71533203125,22.18
1387.8068914539763,595.0810546875,49.48
1388.039965805976,595.0810546875,49.73
1388.2718216699723,456.7158203125,41.71
1388.507095737994,746.95361328125,50.86
1388.742647432984,595.08154296875,49.2
1388.9751159639854,595.08154296875,49.65
1389.2060109239828,724.4541015625,47.5
1389.4414311039727,595.08203125,49.29
1389.6734268649889,595.08203125,49.02
1389.905705910991,1029.703125,30.93
1390.1389424389927,595.08251953125,48.98
1390.371246487979,595.08251953125,49.31
1390.6042465969804,456.71728515625,34.48
1390.840877021983,589.4580078125,50.22
1391.0729072859976,595.0830078125,49.13
1391.3052537999756,489.6201171875,50.24
1391.5378715159895,724.45556640625,49.63
1391.7706139719812,595.08349609375,49.73
1392.0021656689933,595.08349609375,50.31
1392.2355485890002,1029.70458984375,35.11
1392.4667432469723,595.083984375,49.1
1392.6989987549896,595.083984375,48.65
1392.936210765998,456.71875,25.76
1393.1715783539985,595.08447265625,50.38
1393.406047826982,595.08447265625,49.38
1393.6393514739757,456.71923828125,42.3
1393.8746887499874,746.95703125,51.64
1394.1071586779726,595.0849609375,49.34
1394.3392663979903,595.0849609375,49.49
1394.5727691689972,724.45751953125,42.26
1394.8079722059774,595.08544921875,47.37
1395.039684472984,595.08544921875,49.92
1395.273300528992,984.70654296875,21.17
1395.507515771984,595.0859375,49.73
1395.7393766659952,595.0859375,49.06
1395.971554577991,456.720703125,38.06
1396.2065126049856,589.46142578125,50.42
1396.4416131119942,595.08642578125,49.45
1396.6739404889813,489.62353515625,48.91
1396.907104799,724.458984375,46.45
1397.1406886579935,595.0869140625,49.63
1397.3725948799984,595.0869140625,49.27
1397.603722417989,1029.7080078125,27.5
1397.8357557549898,595.08740234375,50.19
1398.069883064978,595.08740234375,48.65
1398.3033454659744,456.72216796875,30.39
1398.5314242029854,595.087890625,48.52
1398.7624917469802,595.087890625,49.15
1398.9948186349939,456.72265625,48.17
1399.2240441989852,746.96044921875,49.68
1399.4563048059936,595.08837890625,48.84
1399.6885240659758,595.08837890625,49.3
1399.922962527984,1029.70947265625,37.38
1400.1568280649954,595.0888671875,50.18
1400.38939647199,595.0888671875,49.07
1400.623418387986,456.7236328125,30.11
1400.8559831629973,595.08935546875,48.29
1401.0874684389855,595.08935546875,50.03
1401.3201709449932,456.72412109375,41.93
1401.5505369819875,746.9619140625,50.03
1401.7824978209974,595.08984375,49.33
1402.0135210829903,595.08984375,49.59
1402.2487745469844,724.46240234375,46.48
1402.4811891189893,595.09033203125,49.07
1402.7126057449786,595.09033203125,49.1
1402.9462577649974,984.71142578125,26.01
1403.1753414970008,595.0908203125,49.89
1403.4071038459952,595.0908203125,49.15
1403.6404926969844,456.7255859375,29.98
1403.8753844979801,595.09130859375,49.79
1404.1061993569892,595.09130859375,49.79
1404.337631138973,456.72607421875,49.39
1404.5669109209848,589.466796875,49.67
1404.798718666978,595.091796875,49.19
1405.0301350839727,595.091796875,49.38
1405.2621121999982,724.46435546875,52.3
1405.493929655,595.09228515625,49.99
1405.7274423369963,595.09228515625,49.13
1405.9606928299763,1029.71337890625,34.98
1406.1926512969949,595.0927734375,49.42
1406.4252525989723,595.0927734375,49.59
1406.6573085679847,456.7275390625,48.94
1406.8883563529816,589.46826171875,50.36
1407.121306520974,595.09326171875,49.23
1407.3521482699725,456.72802734375,49.4
1407.5898431479873,746.9658203125,48.67
1407.8239788989886,595.09375,49.14
1408.0548924469913,595.09375,49.29
1408.2875313939876,724.46630859375,52.52
1408.5208248400013,595.09423828125,49.89
1408.7538434539747,595.09423828125,49.37
1408.9898447799787,984.71533203125,43.04
1409.2245487739856,595.0947265625,48.2
1409.4567447769805,595.0947265625,49.09
1409.6898272969993,456.7294921875,48.74
1409.9194204639934,589.47021484375,48.45
1410.151759994973,595.09521484375,48.89
1410.3827168449934,489.63232421875,50.26
1410.6152120549814,724.4677734375,50.51
1410.8462934349955,595.095703125,49.43
1411.0770899959898,595.095703125,49.1
1411.307609698997,1029.716796875,33.76
1411.5400732709968,595.09619140625,50.03
1411.772893669986,595.09619140625,50.3
1412.0053323780012,456.73095703125,50.03
1412.2401626479987,589.4716796875,50.02
1412.4746692649787,595.0966796875,49.64
1412.7066310159862,492.4462890625,48.73
1412.9395256579737,724.46923828125,50.0
1413.1713097280008,595.09716796875,48.88
1413.404328760982,595.09716796875,49.5
1413.6391479259764,724.4697265625,21.9
1413.8746588849754,595.09765625,49.56
1414.106764999975,595.09765625,49.15
1414.3440058289852,984.71875,42.29
1414.5763624019746,595.09814453125,48.72
1414.809350563999,595.09814453125,48.86
1415.0409568839823,456.73291015625,49.23
1415.2744566449837,589.4736328125,48.69
1415.5055959949968,595.0986328125,49.23
1415.7373338989855,595.0986328125,49.84
1415.9673789489898,724.47119140625,27.27
1416.2027713849966,595.09912109375,48.55
1416.4360554019804,595.09912109375,50.08
1416.6707737129764,1029.72021484375,28.36
1416.9021716909774,595.099609375,49.33
1417.1326257420005,595.099609375,49.23
1417.3678932279872,456.734375,46.33
1417.5989556109998,655.9853515625,48.63
1417.8303053979762,595.10009765625,49.66
1418.0625412119844,456.73486328125,49.78
1418.2981269719894,746.97265625,49.1
1418.5320147119928,595.1005859375,49.19
1418.764869473991,595.1005859375,49.54
1418.9971935689973,724.47314453125,22.92
1419.226722899999,595.10107421875,49.78
1419.4573975839885,595.10107421875,48.97
1419.6889348989935,1029.72216796875,30.9
1419.920080115,595.1015625,49.83
1420.1502369839873,595.1015625,49.24
1420.3824418579752,456.736328125,49.85
1420.6137976509926,589.47705078125,51.1
1420.8436847859994,595.10205078125,49.3
1421.0781803689897,489.63916015625,49.07
1421.310131502978,724.474609375,44.98
1421.544729893998,595.1025390625,49.21
1421.7767896339938,595.1025390625,48.97
1422.0107881439908,1029.7236328125,22.77
1422.2408857169794,595.10302734375,49.67
1422.4740802649758,595.10302734375,49.23
1422.707906332973,984.72412109375,33.62
1422.940883459989,595.103515625,48.47
1423.1726889709826,595.103515625,49.47
1423.404310236976,456.73828125,50.28
1423.6340881379729,589.47900390625,50.77
1423.864391258976,595.10400390625,48.82
1424.0940935899853,595.10400390625,49.48
1424.3264537939976,724.4765625,36.7
1424.558996637992,595.1044921875,49.44
1424.7895018829731,595.1044921875,49.83
1425.0232632769912,999.947265625,29.08
1425.2582445469743,595.10498046875,49.86
1425.4925838899799,595.10498046875,49.71
1425.7288149299857,456.73974609375,39.37
1425.9598663479846,595.10546875,50.79
1426.1917966689798,595.10546875,49.27
1426.422411637992,492.455078125,49.6
1426.6552626279881,746.97802734375,48.56
1426.8886371609988,595.10595703125,49.72
1427.1201458409778,595.10595703125,49.19
1427.3532859109982,1029.72705078125,29.21
1427.5825327959901,595.1064453125,49.07
1427.8133797839982,595.1064453125,49.38
1428.0454758419946,456.7412109375,34.71
1428.2775480839773,595.10693359375,47.84
1428.5081467089767,595.10693359375,49.4
1428.7407684749924,456.74169921875,44.66
1428.9707863569784,589.482421875,51.29
1429.2015430369938,595.107421875,49.92
1429.430968789995,595.107421875,49.6
1429.6629354989855,724.47998046875,43.07
1429.8961589619867,595.10791015625,49.54
1430.1275690229959,595.10791015625,49.34
1430.3626378769986,984.72900390625,25.79
1430.5944303969736,595.1083984375,50.41
1430.8283478199737,595.1083984375,49.41
1431.0607873659756,456.7431640625,45.74
1431.2922424059943,589.48388671875,52.36
1431.5236330499756,595.10888671875,49.15
1431.7579777019855,489.64599609375,49.06
1431.992351408,724.4814453125,48.47
1432.2240462889895,595.109375,49.03
1432.456443928997,595.109375,48.68
1432.6874330459978,1029.73046875,26.41
1432.9190378289786,595.10986328125,49.73
1433.1507983619813,595.10986328125,49.12
1433.3796662099776,456.74462890625,38.38
1433.6103269959858,589.4853515625,48.72
1433.8416723819973,595.1103515625,48.66
1434.0729924849875,489.6474609375,50.5
1434.3055689229805,724.4833984375,52.63
1434.5360173169756,595.11083984375,49.47
1434.7684973709984,599.42529296875,49.13
1435.0026473009784,724.4833984375,44.85
1435.2386493259983,595.111328125,48.86
1435.4710941799858,595.111328125,49.9
1435.7047695269866,984.732421875,26.31
1435.9359112509992,595.11181640625,49.31
1436.166519374994,595.11181640625,49.45
1436.3979606559733,456.74658203125,39.8
1436.6297575770004,589.4873046875,48.78
1436.8595930289885,595.1123046875,49.41
1437.0896447839914,489.6494140625,49.78
1437.3242088129919,724.48486328125,52.74
1437.5574464539823,595.11279296875,49.36
1437.7911164229736,595.11279296875,48.65
1438.026433706982,1029.73388671875,42.91
1438.2584205309977,595.11328125,47.67
1438.4901674449793,595.11328125,48.82
1438.7228783999744,456.748046875,23.81
1438.9573908849852,595.11376953125,51.36
1439.1892732229899,595.11376953125,49.27
1439.4242109819897,456.74853515625,49.41
1439.6562638069736,746.986328125,51.22
1439.888365382998,595.1142578125,49.58
1440.1198075719876,595.1142578125,49.38
1440.3510474949726,724.48681640625,48.06
1440.5810884249804,595.11474609375,49.22
1440.8131143609935,595.11474609375,49.44
1441.044352048979,1029.73583984375,34.86
1441.2755886899831,516.35888671875,49.53
1441.508574477979,595.115234375,49.56
1441.7399507349764,456.75,49.2
1441.975350363995,589.49072265625,49.39
1442.2067960449785,595.11572265625,50.26
1442.440455955977,489.65283203125,49.53
1442.6739999989804,724.48828125,50.56
1442.9045810239913,595.1162109375,49.33
1443.1375545189949,595.1162109375,49.23
1443.3705542749958,1029.7373046875,47.68
1443.5993306979944,595.11669921875,49.26
1443.8367167309916,595.11669921875,49.0
1444.0713053439977,984.7373046875,45.47
1444.3040679129772,595.1171875,49.37
1444.535726824979,595.1171875,49.4
1444.7693676689814,456.751953125,49.37
1445.0004332649987,589.49267578125,47.73
1445.23108301498,595.11767578125,49.65
1445.4620088549855,595.11767578125,49.57
1445.6956430649734,1029.73876953125,47.84
1445.9262972849829,595.1181640625,49.72
1446.1594652929925,595.1181640625,49.49
1446.391909517988,984.7392578125,41.28
1446.6250687959837,595.11865234375,49.16
1446.8589322989865,595.11865234375,49.36
1447.0916229999857,456.75341796875,49.59
1447.3243215239781,589.494140625,50.73
1447.5564027059881,595.119140625,49.36
1447.7885077739775,489.65625,49.07
1448.023750605993,724.49169921875,51.85
1448.2565735889948,595.11962890625,49.24
1448.4896813230007,595.11962890625,48.95
1448.7217279319884,1029.74072265625,33.39
1448.9530513879727,595.1201171875,49.43
1449.1843963549763,595.1201171875,49.14
1449.4156110649928,456.7548828125,46.2
1449.6462634700001,595.12060546875,49.19
1449.884739401983,595.12060546875,48.91
1450.116026957985,456.75537109375,48.87
1450.3509779159795,746.9931640625,48.0
1450.5842884739977,595.12109375,48.79
1450.8167556769913,595.12109375,49.15
1451.0499830509943,724.49365234375,23.31
1451.2824909740011,595.12158203125,49.42
1451.513951320987,595.12158203125,49.02
1451.7495909309946,984.74267578125,39.79
1451.9821605939942,595.1220703125,48.82
1452.2121172240004,595.1220703125,49.51
1452.444770348986,456.7568359375,47.57
1452.6783446329937,595.12255859375,49.18
1452.9097824919736,595.12255859375,49.57
1453.143672465987,456.75732421875,49.65
1453.374391779973,746.9951171875,42.51
1453.6070602010004,595.123046875,49.15
1453.8374720669817,595.123046875,49.15
1454.0749876579794,1029.744140625,24.46
1454.3068292089738,595.12353515625,49.31
1454.5392229379795,595.12353515625,49.08
1454.772633649991,456.75830078125,45.92
1455.0052057569847,595.1240234375,49.25
1455.2375528309785,626.75927734375,48.88
1455.4703509509854,456.7587890625,50.52
1455.6997851549822,589.49951171875,49.69
1455.932140260993,595.12451171875,49.38
1456.1626172199904,595.12451171875,48.91
1456.3936552269734,724.4970703125,31.14
1456.625122419995,595.125,49.42
1456.8566911639937,595.125,49.27
1457.0904290899925,984.74609375,34.1
1457.322286773997,595.12548828125,47.66
1457.5547596349788,595.12548828125,48.94
1457.7889571979758,456.76025390625,49.76
1458.0202480369771,589.5009765625,52.34
1458.2524691839935,595.1259765625,49.87
1458.4852316139732,471.37353515625,49.71
1458.7154470109963,724.49853515625,46.05
1458.9508293889812,595.12646484375,49.37
1459.1833701379946,595.12646484375,49.04
1459.4162105119904,1029.74755859375,27.47
1459.6482850589964,595.126953125,49.89
1459.8795041689882,595.126953125,49.33
1460.1128270879854,456.76171875,39.25
1460.3457481319783,595.12744140625,50.27
1460.5769314119825,595.12744140625,49.37
1460.808808303991,456.76220703125,49.68
1461.042334674974,747.0,51.14
1461.2731774719723,595.1279296875,48.74
1461.504615190992,489.6650390625,49.55
1461.7353950589895,724.50048828125,40.35
1461.9661529259756,595.12841796875,48.57
1462.2045449069992,595.12841796875,49.69
1462.4347680569917,1029.74951171875,26.48
1462.669896345993,595.12890625,50.21
1462.9021594689984,595.12890625,49.42
1463.136613354989,456.763671875,45.45
1463.3670776729996,589.50439453125,50.15
1463.6019070339971,595.12939453125,49.53
1463.8320750779822,489.66650390625,49.61
1464.0657648829801,724.501953125,40.31
1464.2967170529882,595.1298828125,50.04
1464.527885107993,595.1298828125,48.92
1464.7614575769985,1029.7509765625,28.45
1464.9954662139935,595.13037109375,49.89
1465.2278136370005,595.13037109375,48.87
1465.464285634982,456.76513671875,35.99
1465.7001828249777,595.130859375,49.86
1465.9329034189868,599.4453125,49.23
1466.1676112540008,456.765625,50.78
1466.3997263099882,747.00341796875,50.53
1466.6321689289762,595.13134765625,49.88
1466.8650894129823,595.13134765625,49.37
1467.0957489419961,724.50390625,31.79
1467.3263343669823,595.1318359375,50.45
1467.5565621969872,595.1318359375,49.81
1467.787562698999,1029.7529296875,23.91
1468.0188307689968,595.13232421875,49.85
1468.2495405139925,595.13232421875,49.47
1468.4816074479895,456.76708984375,42.38
1468.712857847975,589.5078125,49.67
1468.9428852979909,595.1328125,49.95
1469.1774558920006,489.669921875,49.62
1469.4093209799903,724.50537109375,49.07
1469.6416741999856,595.13330078125,49.46
1469.8736298739968,595.13330078125,49.06
1470.107990798977,1029.75439453125,29.53
1470.337974317983,595.1337890625,48.74
1470.572032962984,595.1337890625,48.67
1470.8062621639983,984.7548828125,25.26
1471.0388443989796,595.13427734375,50.68
1471.2696257339849,595.13427734375,49.4
1471.5039055009838,456.76904296875,43.64
1471.7351899149944,589.509765625,52.35
1471.968781589996,595.134765625,48.84
1472.1978739129845,595.134765625,49.51
1472.4296396139835,724.50732421875,45.5
1472.6611293659953,595.13525390625,49.76
1472.892239799985,533.25390625,49.31
1473.1244962179917,1029.75634765625,23.68
1473.3581699579954,595.1357421875,49.67
1473.5921637889987,595.1357421875,48.84
1473.8257217299833,456.70458984375,30.87
1474.0594155149884,589.4453125,50.38
1474.2953467199986,595.0703125,49.5
1474.527703781001,489.607421875,49.75
1474.7611667349993,724.4423828125,47.64
1474.993595175998,595.0703125,49.5
1475.225370096974,595.0703125,48.76
1475.4565878799767,1029.69140625,25.53
1475.6922510269796,595.07080078125,49.18
1475.923799725977,595.07080078125,49.34
1476.1571074199746,456.70556640625,35.21
1476.3900185449747,595.0712890625,49.04
1476.6255656829744,595.0712890625,48.45
1476.858485677978,456.7060546875,48.24
1477.0922157119785,746.94384765625,50.82
1477.327368446975,595.07177734375,49.17
1477.5595647299779,595.07177734375,49.57
1477.7952563719882,724.4443359375,40.51
1478.0280132149928,595.072265625,48.49
1478.2599781779863,595.072265625,50.01
1478.493675804988,984.693359375,26.15
1478.7237890919787,595.07275390625,50.98
1478.9583951649838,595.07275390625,49.23
1479.1924626799882,456.70751953125,39.72
1479.4256195130001,595.0732421875,50.22
1479.6562484509777,595.0732421875,49.53
1479.887459319987,456.7080078125,50.38
1480.122551569977,746.94580078125,49.94
1480.3562762959918,615.458984375,49.69
1480.5893518319936,595.07373046875,49.24
1480.8242306419997,724.4462890625,38.29
1481.0584689229727,595.07421875,48.94
1481.291965402983,595.07421875,49.4
1481.5261976069887,984.6953125,28.19
1481.762385064998,595.07470703125,49.63
1481.9912081429793,595.07470703125,49.89
1482.2244266479975,456.70947265625,42.81
1482.4555303769885,589.4501953125,50.64
1482.6855133369972,595.0751953125,48.86
1482.9165543479903,492.4248046875,50.59
1483.1536449449777,724.44775390625,51.76
1483.3887208519736,595.07568359375,49.56
1483.6208441499912,595.07568359375,49.56
1483.8546684019966,1029.69677734375,34.24
1484.0849817189737,595.076171875,49.47
1484.3167728429835,595.076171875,48.81
1484.5506119009806,456.7109375,32.4
1484.7831112329732,595.07666015625,48.37
1485.0149325989769,595.07666015625,49.43
1485.2458976209746,456.71142578125,48.71
1485.4784278919979,505.07080078125,53.44
1485.708874678996,595.0771484375,49.28
1485.9433876529802,489.6142578125,49.05
1486.1734924189805,724.44970703125,48.98
1486.4093981299957,595.07763671875,49.8
1486.6405184129835,595.07763671875,49.29
1486.8740817319776,1029.69873046875,27.79
1487.1064834229765,595.078125,49.38
1487.3380401539907,595.078125,49.08
1487.5700122409908,456.712890625,37.66
1487.8034082159866,589.45361328125,49.17
1488.0336349979916,595.07861328125,49.42
1488.2617207439907,492.42822265625,50.69
1488.4959319959744,724.451171875,53.28
1488.7272310759872,595.0791015625,49.1
1488.9593518589973,595.0791015625,49.66
1489.1926967789768,1029.7001953125,44.54
1489.4240416759858,595.07958984375,48.83
1489.656035205,595.07958984375,49.5
1489.890145184996,456.71435546875,23.21
1490.1199998429802,595.080078125,50.98
1490.3572422089928,635.71533203125,49.56
1490.5872749669943,456.71484375,42.78
1490.8242949529958,746.95263671875,50.5
1491.0558197659848,595.08056640625,50.21
1491.286629455979,489.61767578125,49.38
1491.515867471986,724.453125,51.65
1491.7498537589854,595.0810546875,48.9
1491.9810660949734,595.0810546875,49.32
1492.2155385589867,1029.7021484375,37.13
1492.4453261689923,595.08154296875,49.27
1492.675631383987,595.08154296875,49.49
1492.9080709999835,456.71630859375,27.15
1493.141295370995,595.08203125,50.83
1493.373597674974,595.08203125,49.53
1493.6040682789753,492.431640625,49.51
1493.836288587976,746.95458984375,50.13
1494.0672637370008,595.08251953125,49.76
1494.3021086730005,595.08251953125,49.6
1494.5313224529964,724.455078125,52.13
1494.7650507409999,595.0830078125,48.38
1494.9978696039761,595.0830078125,48.8
1495.231633511983,1029.7041015625,40.72
1495.462729558989,595.08349609375,49.51
1495.697359867976,595.08349609375,49.07
1495.9290009689867,456.71826171875,49.33
1496.1625903399836,589.458984375,48.83
1496.3939369129948,510.70263671875,49.4
1496.6235178569914,489.62109375,49.18
1496.8547190879763,724.45654296875,27.59
1497.0859920469811,595.08447265625,49.03
1497.3218163219863,595.08447265625,49.64
1497.5547218599822,1029.70556640625,28.15
1497.7864901449939,595.0849609375,49.15
1498.0165649479895,595.0849609375,49.6
1498.2494774009974,456.7197265625,44.97
1498.4796351080004,595.08544921875,49.06
1498.7112310909724,595.08544921875,49.55
1498.944327648991,456.72021484375,49.4
1499.1783367059834,746.9580078125,47.56
1499.4110941769904,595.0859375,49.81
1499.6427069219935,595.0859375,49.57
1499.873963676975,724.45849609375,26.87
1500.1069052539824,595.08642578125,50.24
1500.3370464089967,595.08642578125,49.19
1500.5666050729924,1029.70751953125,26.94
1500.797361962992,595.0869140625,49.41
1501.0267880649772,595.0869140625,49.58
1501.25936764598,456.7216796875,45.42
1501.4908429399948,589.46240234375,50.91
1501.7243518509786,595.08740234375,48.9
1501.9564145939949,489.62451171875,49.41
1502.1920292699942,724.4599609375,42.47
1502.4238951959996,595.087890625,49.2
1502.6570358249883,595.087890625,49.17
1502.8896295839804,1029.708984375,25.22
1503.1260135099874,595.08837890625,51.01
1503.35636936198,595.08837890625,49.64
1503.589948674984,456.72314453125,36.65
1503.8200996769883,595.0888671875,48.81
1504.0506796539994,595.0888671875,48.84
1504.2811779859767,456.7236328125,49.5
1504.5115556979727,746.96142578125,48.69
1504.743788997992,595.08935546875,49.24
1504.9751926329918,595.08935546875,49.07
1505.2101391209872,1029.71044921875,28.08
1505.4423362419766,595.08984375,49.89
1505.6742842339736,595.08984375,48.65
1505.9057674199867,456.724609375,37.87
1506.1358030419797,595.09033203125,49.62
1506.3694754549942,595.09033203125,49.63
1506.6008108539972,456.72509765625,47.92
1506.8316379359749,589.4658203125,51.45
1507.0635368969815,595.0908203125,49.12
1507.2935867669876,595.0908203125,49.34
1507.524556467979,724.46337890625,43.05
1507.759819275001,595.09130859375,48.73
1507.9910733769939,595.09130859375,49.63
1508.2248556529812,1029.71240234375,25.28
1508.4574121159967,595.091796875,50.89
1508.6929667969816,494.01708984375,49.37
1508.9239458569791,456.7265625,42.69
1509.158485440974,589.46728515625,50.72
1509.3896949129994,595.09228515625,49.56
1509.6206869629968,492.44189453125,50.29
1509.8529491079971,724.46484375,52.43
1510.0881286629883,595.0927734375,49.79
1510.3212468029815,595.0927734375,49.17
1510.5523911109776,1029.7138671875,30.24
1510.7836196499993,595.09326171875,49.05
1511.0202341979893,595.09326171875,48.82
1511.2598531789845,456.72802734375,35.65
1511.4936268649762,595.09375,48.88
1511.7277563999814,595.09375,49.13
1511.958778901986,492.443359375,49.65
1512.1898736919975,746.96630859375,50.58
1512.4222314519866,595.09423828125,48.6
1512.653856209974,595.09423828125,49.41
1512.8859959199908,724.466796875,42.07
1513.1195929029782,595.0947265625,49.83
1513.352441798983,595.0947265625,48.9
1513.5904191919835,984.7158203125,26.83
1513.8230888699763,595.09521484375,49.37
1514.054954376974,595.09521484375,49.23
1514.2867355829803,456.72998046875,48.24
1514.5187706679862,746.9677734375,51.53
1514.751347175974,595.095703125,49.66
1514.9832434139971,595.095703125,50.25
1515.2133067629766,724.46826171875,42.29
1515.4469399949885,595.09619140625,49.86
1515.6791006579879,626.7314453125,49.11
1515.913104754989,1029.71728515625,32.86
1516.1454767629912,595.0966796875,49.1
1516.3792383659747,595.0966796875,49.06
1516.613007441978,456.7314453125,33.43
1516.8486419529945,595.09716796875,48.87
1517.0808190289827,595.09716796875,49.37
1517.310663071985,456.73193359375,50.4
1517.541925484984,746.9697265625,51.91
1517.773676169978,595.09765625,49.19
1518.0060828889837,595.09765625,49.36
1518.2386569529772,724.47021484375,42.63
1518.470888086973,595.09814453125,50.3
1518.7028485799965,595.09814453125,48.63
1518.9327751769742,1029.71923828125,29.81
1519.1688934209815,595.0986328125,49.01
1519.3992478059954,595.0986328125,49.12
1519.6349446869863,456.7333984375,36.37
1519.86684225098,589.47412109375,50.26
1520.099893341976,595.09912109375,49.37
1520.3326398469799,489.63623046875,50.19
1520.5683560749749,724.4716796875,51.62
1520.7979655849922,595.099609375,48.62
1521.0311146649765,595.099609375,49.18
1521.267449002975,1029.720703125,34.15
1521.499223713996,595.10009765625,50.28
1521.7334680709755,595.10009765625,49.54
1521.969935318979,984.72119140625,25.18
1522.1993091789773,595.1005859375,49.87
1522.43071525899,595.1005859375,49.09
1522.660025352001,456.7353515625,42.12
1522.8905500139808,589.47607421875,50.47
1523.1234552029928,595.10107421875,49.19
1523.3563020029978,489.63818359375,50.72
1523.5886024919746,724.4736328125,52.7
1523.8226653969905,595.1015625,49.21
1524.0553581239947,595.1015625,48.78
1524.286593855999,724.47412109375,46.38
1524.5205048529897,595.10205078125,49.62
1524.7515494260006,595.10205078125,48.26
1524.9808545599808,1029.72314453125,33.07
1525.21796911399,595.1025390625,49.31
1525.4503446829913,595.1025390625,49.02
1525.6839019259787,456.7373046875,33.8
1525.914982467977,589.47802734375,49.13
1526.150194568996,595.10302734375,49.79
1526.3810920519754,489.64013671875,49.97
1526.6146063409979,724.4755859375,51.55
1526.8506981839892,595.103515625,49.13
1527.0806980459893,595.103515625,50.14
1527.3102919109806,1029.724609375,33.49
1527.543798796978,488.22265625,50.11
1527.778453062987,595.10400390625,48.57
1528.0098856129916,456.73876953125,25.36
1528.2440242279845,595.1044921875,50.67
1528.4764235439943,595.1044921875,49.13
1528.709605031996,456.7392578125,45.95
1528.9435751859855,746.97705078125,52.49
1529.1794894179911,595.10498046875,49.45
1529.4144232649996,595.10498046875,49.49
1529.6504287819844,724.4775390625,45.67
1529.8835744399985,595.10546875,49.72
1530.1136845839792,595.10546875,50.09
1530.3442453549942,1029.7265625,28.29
1530.576196977985,595.10595703125,48.98
1530.8073090889957,595.10595703125,49.02
1531.0406510049943,456.74072265625,31.21
1531.2733431029774,589.4814453125,48.66
1531.504023304995,595.1064453125,49.75
1531.7346081719734,489.6435546875,49.2
1531.9691529939882,724.47900390625,51.52
1532.2006616729777,595.10693359375,49.57
1532.436413659976,595.10693359375,49.37
1532.6681721669738,1029.72802734375,39.31
1532.9008616109786,595.107421875,49.7
1533.1340060119983,595.107421875,49.44
1533.366190560977,456.7421875,24.3
1533.5953441359743,595.10791015625,49.64
1533.8317736699828,595.10791015625,48.57
1534.062635743001,456.74267578125,49.47
1534.2966732950008,746.98046875,50.45
1534.5285153349978,595.1083984375,49.1
1534.7613542429754,595.1083984375,49.63
1534.9914939299924,724.48095703125,50.47
1535.2248642729828,595.10888671875,49.85
1535.4572010799893,595.10888671875,48.9
1535.6934441329795,465.72802734375,27.51
1535.9254161499848,595.109375,50.07
1536.1590188599948,595.109375,48.59
1536.3922365259787,456.744140625,31.19
1536.6238672909967,589.48486328125,48.88
1536.8548399949796,595.10986328125,49.12
1537.088218719,489.64697265625,49.36
1537.32088686098,724.482421875,51.0
1537.552538089978,595.1103515625,49.83
1537.783279403986,595.1103515625,49.17
1538.019218779984,1029.7314453125,41.7
1538.2490867789893,595.11083984375,48.19
1538.4866871589911,696.36083984375,48.65
1538.7183295179857,456.74560546875,25.7
1538.9512669039832,595.111328125,49.55
1539.1821829659748,626.74658203125,49.41
1539.4133176359755,456.74609375,49.99
1539.642205947981,589.48681640625,48.47
1539.8731859159889,626.7470703125,48.76
1540.1030379199947,489.64892578125,49.37
1540.3341506599972,724.484375,27.57
1540.5695512669918,595.1123046875,48.75
1540.8006976709876,595.1123046875,49.3
1541.0321828829765,1029.7333984375,38.06
1541.2652320179914,595.11279296875,47.99
1541.4989675690013,595.11279296875,49.68
1541.7298208419816,456.74755859375,51.18
1541.9598932709778,589.48828125,50.23
1542.1929634989938,595.11328125,50.12
1542.4241276429966,456.748046875,48.76
1542.6586313969747,746.98583984375,46.15
1542.891876789974,595.11376953125,49.02
1543.1256408379995,595.11376953125,49.77
1543.3618318579975,724.486328125,24.2
1543.5960179659887,595.1142578125,48.92
1543.8280297239835,595.1142578125,49.07
1544.0611851599824,984.7353515625,40.62
1544.294883903989,595.11474609375,49.98
1544.5270727139723,595.11474609375,49.07
1544.7597517510003,456.74951171875,49.68
1544.9912441569904,589.490234375,49.89
1545.2260020689864,595.115234375,49.44
1545.4579734579893,489.65234375,48.83
1545.6916857519827,724.48779296875,38.44
1545.9252110759844,595.11572265625,49.26
1546.1579449399724,595.11572265625,49.11
1546.3927840799734,1029.73681640625,25.69
1546.624922811985,595.1162109375,49.29
1546.8562061779958,595.1162109375,49.57
1547.0890338409808,456.7509765625,44.31
1547.3211825609906,595.11669921875,48.29
1547.5513292329852,595.11669921875,49.97
1547.7824618079758,456.75146484375,49.65
1548.0168119070004,746.9892578125,45.47
1548.2480770439724,595.1171875,49.35
1548.4790517739893,489.654296875,49.74
1548.709736445977,724.48974609375,35.96
1548.9435062199773,595.11767578125,48.82
1549.1767782940005,595.11767578125,49.14
1549.4091886459792,1029.73876953125,29.21
1549.6413373659889,595.1181640625,49.54
1549.8735917579907,595.1181640625,48.96
1550.1064639109827,456.70458984375,48.29
1550.338606972975,589.4453125,51.6
1550.5702905389771,595.0703125,49.6
1550.8027833749948,489.607421875,49.0
1551.033536842995,724.4423828125,34.67
1551.2694802689948,595.0703125,48.34
1551.5013369759836,595.0703125,49.97
1551.736995722982,1029.69140625,25.81
1551.9671903769777,595.07080078125,49.17
1552.1984979079862,595.07080078125,49.36
1552.4316251970013,456.70556640625,39.01
1552.6638367759879,595.0712890625,50.33
1552.8937368319894,595.0712890625,49.25
1553.1241979369952,456.7060546875,49.36
1553.3598338449956,746.94384765625,49.14
1553.5936726949876,595.07177734375,49.11
1553.8244443209842,595.07177734375,49.28
1554.0580877499888,724.4443359375,33.66
1554.2914049419924,595.072265625,48.31
1554.526798494975,626.70751953125,50.11
1554.7596885279927,1029.693359375,24.21
1554.994135848974,595.07275390625,49.83
1555.2257579529833,595.07275390625,48.9
1555.4586982729961,456.70751953125,40.5
1555.6921346869785,595.0732421875,50.01
1555.9244893039868,595.0732421875,49.39
1556.1589603009925,456.7080078125,49.52
1556.3913058389735,746.94580078125,48.2
1556.6250299359963,595.07373046875,49.84
1556.855564724974,595.07373046875,49.43
1557.0913222999952,1029.69482421875,26.61
1557.3257199619839,595.07421875,48.65
1557.561337082996,595.07421875,49.61
1557.7949347639806,1029.6953125,29.72
1558.0285103049828,595.07470703125,48.03
1558.2622079319844,595.07470703125,49.55
1558.4962437379872,456.70947265625,49.81
1558.7280314399977,589.4501953125,53.21
1558.9597558639944,595.0751953125,49.33
1559.1909858699946,479.94384765625,49.61
1559.423883935,724.44775390625,36.05
1559.6543314199953,595.07568359375,49.4
1559.8911616429978,716.7109375,49.51
1560.1238941799966,1029.69677734375,30.78
1560.3566951629764,595.076171875,48.99
1560.5900472069916,595.076171875,49.41
1560.8216262179776,456.7109375,41.05
1561.0534206239972,595.07666015625,49.61
1561.2845938479877,595.07666015625,49.43
1561.5162618389877,456.71142578125,49.66
1561.7476822359895,746.94921875,49.15
1561.9805578119995,595.0771484375,49.51
1562.2132670209976,595.0771484375,49.38
1562.4489535649773,1029.6982421875,26.44
1562.6801830119803,595.07763671875,49.85
1562.9117535719997,595.07763671875,49.08
1563.148273202998,984.69873046875,31.66
1563.382573993993,595.078125,49.26
1563.6148068739858,595.078125,49.4
1563.8493273909844,456.712890625,41.71
1564.080585891992,589.45361328125,50.87
1564.3114745059866,493.828125,49.53
1564.543478720996,492.42822265625,49.11
1564.7787099589768,724.451171875,43.84
1565.009950859996,595.0791015625,49.1
1565.24079910398,595.0791015625,48.78
1565.4720419609803,1029.7001953125,22.54
1565.703793832974,595.07958984375,50.8
1565.9379084229877,595.07958984375,48.7
1566.1687507999886,456.71435546875,43.49
1566.4053849729826,595.080078125,51.08
1566.6340584479913,595.080078125,48.92
1566.8704628379783,456.71484375,50.54
1567.1038301079825,746.95263671875,52.9
1567.3356854169979,595.08056640625,48.94
1567.5661163499753,595.08056640625,49.15
1567.8022732870013,724.453125,33.79
1568.035130632983,595.0810546875,48.5
1568.2716628349735,595.0810546875,49.33
1568.5077933009889,465.7001953125,33.2
1568.741675243975,595.08154296875,48.2
1568.9740774929815,595.08154296875,48.98
1569.2061282939976,456.71630859375,51.21
1569.435487625975,589.45703125,52.21
1569.666765684,595.08203125,49.09
1569.903083956975,489.619140625,48.93
1570.134081944998,724.45458984375,43.6
1570.3670230329735,595.08251953125,48.46
1570.5978642229747,595.08251953125,49.47
1570.8310847529792,1029.70361328125,24.18
1571.064862069994,595.0830078125,49.73
1571.2989751229761,595.0830078125,48.89
1571.5307475989976,456.7177734375,46.77
1571.76254577699,589.45849609375,51.97
1571.9944200839964,595.08349609375,49.24
1572.2267913929827,489.62060546875,49.18
1572.4581243479915,724.4560546875,45.86
1572.6913891579898,595.083984375,49.56
1572.922600514983,595.083984375,49.63
1573.161390600988,1029.705078125,31.23
1573.3920562059793,595.08447265625,48.57
1573.6267345669912,595.08447265625,49.84
1573.861069579987,456.71923828125,34.46
1574.0937109719962,595.0849609375,49.94
1574.3303370439971,595.0849609375,49.27
1574.5643847929896,456.7197265625,50.3
1574.8001513779745,746.95751953125,48.39
1575.0348022909893,595.08544921875,50.39
1575.2661523559946,595.08544921875,49.86
1575.4963787889865,724.4580078125,34.56
1575.7308387509838,595.0859375,49.07
1575.9630145699775,595.0859375,49.12
1576.1952651210013,1029.70703125,28.01
1576.4285433409968,510.705078125,48.99
1576.6637101839879,595.08642578125,49.83
1576.8989396760007,456.72119140625,49.19
1577.1330484679784,589.4619140625,52.32
1577.3653674649831,595.0869140625,49.4
1577.5974306969729,489.6240234375,49.88
1577.8317037599918,724.45947265625,38.54
1578.0625211339793,595.08740234375,49.14
1578.2966290879995,595.08740234375,49.45
1578.5284673559945,1029.70849609375,22.59
1578.7611836889992,595.087890625,48.99
1578.9912986529816,595.087890625,49.61
1579.224379984982,456.72265625,38.99
1579.4560426679964,595.08837890625,49.15
1579.6860158499912,595.08837890625,49.26
1579.9167212659959,456.72314453125,49.5
1580.148273526982,724.46142578125,48.01
1580.3842011689849,595.0888671875,49.07
1580.616512063978,595.0888671875,49.13
1580.8496973229921,1029.7099609375,24.23
1581.0825177219813,595.08935546875,49.11
1581.3135673239885,595.08935546875,49.44
1581.5466890959942,456.72412109375,33.73
1581.7809951939853,595.08984375,47.81
1582.0117566229892,595.08984375,49.38
1582.243927552976,456.724609375,50.29
1582.4769826249976,746.96240234375,52.14
1582.7103712669923,595.09033203125,48.7
1582.9400896619773,489.62744140625,49.43
1583.1719534219883,724.462890625,36.97
1583.4053588959796,595.0908203125,49.05
1583.63431153298,595.0908203125,49.59
1583.8673244899837,1029.7119140625,25.66
1584.1025210160005,595.09130859375,49.86
1584.3346807709895,595.09130859375,49.77
1584.5713662089838,456.72607421875,28.34
1584.8053868589923,595.091796875,48.9
1585.0385064659931,595.091796875,49.13
1585.2708128909871,456.7265625,46.86
1585.504406241991,746.96435546875,51.52
1585.7366627299925,595.09228515625,48.72
1585.9702718659828,595.09228515625,49.14
1586.2027598819986,724.46484375,38.59
1586.4362558729772,595.0927734375,50.23
1586.6694968660013,595.0927734375,49.25
1586.9046065079747,984.7138671875,28.62
1587.1366960709856,595.09326171875,49.69
1587.3693903339736,595.09326171875,50.13
1587.6006608479947,456.72802734375,39.91
1587.8328975699842,589.46875,48.67
1588.0622745029978,595.09375,48.87
1588.2942789969966,489.630859375,48.92
1588.5300098919834,724.46630859375,46.88
1588.7632725369767,595.09423828125,49.77
1588.9971377170004,595.09423828125,49.29
1589.2298965149967,1029.71533203125,26.69
1589.4615162439877,595.0947265625,50.01
1589.693181650975,595.0947265625,48.85
1589.9247941169888,456.7294921875,39.55
1590.1572421829915,589.47021484375,49.91
1590.3897570899862,595.09521484375,48.64
1590.6235223249823,456.72998046875,51.04
1590.8558360829775,746.9677734375,52.27
1591.0890669499931,595.095703125,49.56
1591.3221751019883,595.095703125,49.34
1591.5559385909874,1029.716796875,32.47
1591.7882383109827,595.09619140625,48.54
1592.0214548599906,595.09619140625,49.36
1592.2529008199926,456.73095703125,32.98
1592.4873886499845,595.0966796875,47.78
1592.7193169449747,595.0966796875,48.9
1592.950684261974,456.7314453125,50.14
1593.1824431889981,746.96923828125,52.49
1593.4144791819854,595.09716796875,49.77
1593.6462767309858,489.63427734375,48.92
1593.879711748974,724.4697265625,46.91
1594.1136555720004,595.09765625,49.82
1594.346906412975,595.09765625,49.52
1594.5765878609964,1029.71875,26.0
1594.812475832994,595.09814453125,50.11
1595.0460809869983,595.09814453125,49.57
1595.2797240669897,456.73291015625,39.22
1595.5128403909912,589.4736328125,50.3
1595.745285463985,595.0986328125,49.43
1595.9783248599852,489.6357421875,49.49
1596.2091338889732,724.47119140625,51.66
1596.4410965839925,595.09912109375,48.67
1596.6736271739937,595.09912109375,48.81
1596.9037444769929,724.4716796875,46.48
1597.1382028039952,595.099609375,48.56
1597.3700990789803,595.099609375,49.58
1597.6035227509856,1029.720703125,34.86
1597.8328530639992,595.10009765625,48.97
1598.0678590989846,595.10009765625,49.51
1598.2995847479906,456.73486328125,31.68
1598.5354292479751,595.1005859375,48.91
1598.7677957769774,595.1005859375,48.91
1598.9984283819795,456.7353515625,49.67
1599.2302174479992,746.97314453125,50.51
1599.4628676089924,595.10107421875,49.0
1599.695722339995,477.0693359375,49.11
1599.9277439129946,724.4736328125,47.83
1600.1596747599833,595.1015625,49.53
1600.3904865129734,595.1015625,49.55
1600.625419213,984.72265625,27.32
1600.8584183099738,595.10205078125,48.87
1601.0906702949724,595.10205078125,49.27
1601.3256743050006,456.73681640625,37.24
1601.5563439969847,589.4775390625,50.03
1601.7904121809988,595.1025390625,49.16
1602.0223211669945,489.6396484375,48.78
1602.2570038289996,724.47509765625,51.64
1602.488737230975,595.10302734375,48.54
1602.7197758339753,595.10302734375,49.92
1602.9535174309858,1029.72412109375,40.61
1603.1843863149988,595.103515625,47.92
1603.4157882419822,595.103515625,49.39
1603.648646185,456.73828125,24.74
1603.8823390319885,595.10400390625,50.43
1604.1146424920007,595.10400390625,49.38
1604.3458560519794,456.73876953125,44.24
1604.5784942689934,724.4765625,51.52
1604.810222850996,595.1044921875,48.69
1605.042617316998,595.1044921875,49.78
1605.2782886769855,1029.7255859375,40.25
1605.5093781249889,595.10498046875,49.2
1605.7416890579916,595.10498046875,48.41
1605.9793188859767,465.72412109375,26.39
1606.211911425984,595.10546875,49.4
1606.444608241989,595.10546875,49.53
1606.6787490619754,456.740234375,40.4
1606.9103304149758,589.48095703125,50.7
1607.1446389279736,595.10595703125,49.83
1607.3755814269825,595.10595703125,49.16
1607.6099788509891,724.478515625,47.91
1607.842422903981,595.1064453125,49.53
1608.0752154749935,595.1064453125,49.17
1608.3060446890013,1029.7275390625,28.58
1608.5386630009743,595.10693359375,48.37
1608.7681747649913,499.6572265625,49.59
1608.9991390549985,456.74169921875,28.85
1609.2315916299995,589.482421875,48.84
1609.464080871985,595.107421875,49.42
1609.6974678769766,489.64453125,49.69
1609.9287449239928,724.47998046875,53.17
1610.161365330976,595.10791015625,49.02
1610.3945877160004,595.10791015625,49.43
1610.6259637299809,1029.72900390625,35.98
1610.8580635979888,595.1083984375,50.22
1611.090927198995,595.1083984375,48.87
1611.3233606359863,456.7431640625,26.0
1611.5569828019943,595.10888671875,50.21
1611.7876703039801,595.10888671875,48.92
1612.0203914949961,456.74365234375,49.12
1612.2511799199856,746.9814453125,50.09
1612.4831083929748,595.109375,49.59
1612.7128275919822,595.109375,49.28
1612.9475093459769,1029.73046875,45.5
1613.1822760289942,595.10986328125,49.45
1613.4145718059735,595.10986328125,50.12
1613.6485413709888,456.74462890625,23.54
1613.8808491620002,595.1103515625,50.34
1614.1138921889942,621.12060546875,49.05
1614.3451257939741,456.7451171875,50.18
1614.5762380809756,589.48583984375,50.05
1614.8106559679727,595.11083984375,48.87
1615.041380137991,489.64794921875,49.12
1615.2752617009974,724.4833984375,52.01
1615.5093487419945,595.111328125,49.63
1615.7424083919905,595.111328125,48.51
1615.9748578939762,1029.732421875,37.42
1616.2082163319865,595.11181640625,50.06
1616.4434239349794,595.11181640625,49.74
1616.6763352379785,456.74658203125,27.58
1616.9116519349918,595.1123046875,50.56
1617.1464909759816,595.1123046875,49.3
1617.3794016509783,456.7470703125,50.19
1617.6105087699834,589.48779296875,49.9
1617.8421716999728,595.11279296875,49.17
1618.0734514009964,595.11279296875,49.4
1618.3062617109972,724.4853515625,50.55
1618.5379976969853,595.11328125,49.18
1618.7711078430002,595.11328125,49.42
1619.0066487369768,984.734375,30.86
1619.2391624239972,595.11376953125,48.69
1619.468383222993,595.11376953125,48.72
1619.7041157649946,456.74853515625,49.47
1619.9356694599846,746.986328125,49.2
1620.1685705669806,595.1142578125,49.48
1620.3993289599894,489.6513671875,49.71
1620.6341332879965,724.48681640625,51.12
1620.867020286998,510.7333984375,48.64
1621.1025710979884,595.11474609375,49.18
1621.338747072994,1029.73583984375,41.03
1621.5735163409845,595.115234375,48.31
1621.8073485950008,595.115234375,49.48
1622.039798444981,456.75,26.27
1622.2754802119744,595.11572265625,49.65
1622.5104407799954,595.11572265625,49.56
1622.7448837409902,456.75048828125,45.24
1622.9782136139984,746.98828125,52.5
1623.209535359987,626.75146484375,48.89
1623.4413434229791,595.1162109375,49.62
1623.671753927978,724.48876953125,49.97
1623.901429823978,595.11669921875,49.98
1624.1309629599855,595.11669921875,49.48
1624.3650511189771,984.73779296875,29.04
1624.5972357759892,595.1171875,49.89
1624.8297271829797,595.1171875,49.67
1625.062269994989,456.751953125,49.12
1625.2936741559824,589.49267578125,48.77
1625.5272614009737,595.11767578125,49.01
1625.7585292979784,595.11767578125,49.04
1625.9918410819955,724.490234375,49.16
1626.22330607599,595.1181640625,49.72
1626.4556642929965,595.1181640625,49.25
1626.6867327889777,1029.7392578125,39.49
1626.9211716289865,595.11865234375,48.51
1627.1530883679807,595.11865234375,49.28
1627.385833095992,456.75341796875,49.52
1627.6182639499893,589.494140625,49.74
1627.8516959330009,595.119140625,49.07
1628.0840297749965,489.65625,48.99
1628.3215007099789,724.49169921875,50.37
1628.5515103159996,595.11962890625,49.56
1628.7831244949775,595.11962890625,49.47
1629.0145445099915,1029.74072265625,40.83
1629.2485101639759,716.75537109375,49.51
1629.4790293439873,595.1201171875,49.71
1629.714175554982,456.7548828125,48.59
1629.9451978139987,595.12060546875,49.56
1630.1768779949925,595.12060546875,49.11
1630.4085634840012,456.75537109375,48.72
1630.6413257429958,746.9931640625,50.87
1630.8742274079996,595.12109375,48.82
1631.1073189069866,595.12109375,48.49
1631.3389437019941,1029.7421875,45.75
1631.5739813759865,595.12158203125,49.69
1631.8073961079936,595.12158203125,48.84
1632.038683072984,456.75634765625,50.49
1632.2667833799787,595.1220703125,49.73
1632.4978277799964,595.1220703125,48.76
1632.7307141499768,456.7568359375,49.26
1632.9629600589979,589.49755859375,49.18
1633.1954371489992,595.12255859375,49.17
1633.4276283009967,489.65966796875,49.47
1633.6612200849922,724.4951171875,29.52
1633.895686652977,595.123046875,49.89
1634.129062831984,595.123046875,49.32
1634.3616312759987,1029.744140625,35.48
1634.5934504449833,595.12353515625,48.61
1634.825406644988,595.12353515625,49.3
1635.0586769419897,456.75830078125,50.09
1635.293155522988,595.1240234375,50.43
1635.5249781129824,595.1240234375,49.08
1635.7577713129867,456.7587890625,49.06
1635.9915784929763,746.99658203125,48.07
1636.227376617986,595.12451171875,49.17
1636.4609579949756,595.12451171875,48.92
1636.694217256998,724.4970703125,26.25
1636.927176821977,595.125,48.63
1637.1607785239758,595.125,49.64
1637.3976791210007,456.70458984375,40.64
1637.6293361139833,621.08056640625,49.66
1637.8673241669894,595.0703125,49.79
1638.0993423879845,456.70458984375,49.71
1638.332416425983,589.4453125,48.82
1638.5651576620003,595.0703125,48.9
1638.7988662929856,489.607421875,48.54
1639.0342681990005,724.44287109375,50.51
1639.2654978219944,595.07080078125,49.31
1639.4972326899879,595.07080078125,49.27
1639.7292943539796,1029.69189453125,43.72
1639.9608578269836,595.0712890625,48.32
1640.1935648389917,595.0712890625,49.15
1640.4274427699856,456.7060546875,50.92
1640.657548270974,589.44677734375,50.5
1640.8873717449897,595.07177734375,49.54
1641.1224530009786,492.42138671875,49.7
1641.3518224259897,724.4443359375,51.72
1641.5824070489907,595.072265625,48.87
1641.8139515249932,499.44091796875,49.0
1642.0430672799994,1029.693359375,33.04
1642.274757028994,595.07275390625,48.73
1642.5074546829856,595.07275390625,48.71
1642.7423836809758,456.70751953125,51.58
1642.972195002978,589.4482421875,49.49
1643.2064410759776,595.0732421875,49.28
1643.4398266839853,456.7080078125,49.41
1643.6728626569966,746.94580078125,48.35
1643.9066728409962,595.07373046875,48.5
1644.1383725769992,489.61083984375,49.94
1644.3700829299923,724.4462890625,30.76
1644.6021438949974,595.07421875,49.54
1644.8383372619865,595.07421875,49.11
1645.072169166,1029.6953125,27.13
1645.3092638569942,595.07470703125,49.23
1645.541250579001,595.07470703125,49.69
1645.774003967992,456.70947265625,46.82
1646.0060369259736,595.0751953125,48.76
1646.2389724649838,595.0751953125,49.6
1646.470477897994,456.7099609375,49.39
1646.7062409619975,746.94775390625,46.79
1646.940619387984,595.07568359375,49.4
1647.1730827889987,595.07568359375,49.42
1647.405418585986,724.4482421875,27.31
1647.6379887059738,595.076171875,49.51
1647.8712409139844,595.076171875,49.77
1648.1044209039828,1029.697265625,27.94
1648.3364947889931,595.07666015625,49.52
1648.572351093986,595.07666015625,49.25
1648.8093007209827,456.71142578125,48.98
1649.0438872789964,595.0771484375,49.96
1649.2781089069904,595.0771484375,49.36
1649.5096211159835,456.7119140625,49.48
1649.7421188089938,746.94970703125,49.66
1649.9722481959907,595.07763671875,49.18
1650.2047227709845,595.07763671875,49.81
1650.4362792600004,724.4501953125,26.51
1650.6687953919754,595.078125,48.85
1650.9009456859785,595.078125,49.24
1651.1345655469922,1029.69921875,29.08
1651.3654861149844,595.07861328125,49.49
1651.598320730991,595.07861328125,49.67
1651.8333320739912,456.71337890625,49.68
1652.0650410999951,516.32861328125,49.08
1652.2993742679828,595.0791015625,49.31
1652.5324253279832,492.4287109375,49.74
1652.7638306759764,746.95166015625,42.44
1652.9964019839827,595.07958984375,48.75
1653.2297252919816,595.07958984375,49.19
1653.4614623949747,724.4521484375,30.8
1653.694693229976,595.080078125,49.91
1653.9262877139845,595.080078125,49.83
1654.1579329029773,1029.701171875,28.27
1654.3902101719868,595.08056640625,49.06
1654.6219648749975,595.08056640625,49.95
1654.8565301309864,456.71533203125,47.71
1655.08800259899,589.4560546875,51.2
1655.3187218789826,595.0810546875,48.99
1655.549250977987,489.6181640625,48.56
1655.7880608029955,724.45361328125,40.68
1656.0231662949955,595.08154296875,49.61
1656.25435275599,595.08154296875,50.43
1656.4874589909741,724.4541015625,25.25
1656.71971768199,595.08203125,48.72
1656.9496990009793,595.08203125,49.31
1657.1854399250005,984.703125,33.75
1657.415630353993,595.08251953125,47.74
1657.6482015919755,595.08251953125,49.87
1657.8803043229855,456.71728515625,50.58
1658.112835330976,589.4580078125,51.68
1658.3430166809994,595.0830078125,49.91
1658.5744340429956,489.6201171875,49.81
1658.8051107189967,724.45556640625,37.24
1659.0417754559894,494.0087890625,49.63
1659.2726423849817,595.08349609375,49.07
1659.5059801499883,1029.70458984375,24.7
1659.7353086469811,595.083984375,50.56
1659.968156811985,595.083984375,49.3
1660.2002059739898,456.71875,37.85
1660.4331083369907,595.08447265625,49.33
1660.6637657179963,595.08447265625,48.67
1660.8989693479962,456.71923828125,50.49
1661.1328309439996,746.95703125,51.38
1661.366625910974,595.0849609375,49.14
1661.600162667979,595.0849609375,49.06
1661.8356935109769,724.45751953125,31.28
1662.070556585997,595.08544921875,49.38
1662.302147238981,595.08544921875,49.94
1662.530812588986,1029.70654296875,28.65
1662.7604704779806,595.0859375,50.24
1662.9930070839764,595.0859375,49.65
1663.2249930479738,456.720703125,41.24
1663.4567642449983,589.46142578125,50.01
1663.688439407997,595.08642578125,48.78
1663.9205817509792,489.62353515625,49.33
1664.1550127069931,724.458984375,47.31
1664.3855899389891,595.0869140625,49.37
1664.6148649479728,595.0869140625,48.82
1664.8477936529962,1029.7080078125,26.47
1665.0811847869772,595.08740234375,50.12
1665.3140182259958,595.08740234375,48.59
1665.550771809998,456.72216796875,32.45
1665.7848641669843,595.087890625,48.52
1666.0164736779989,595.087890625,49.31
1666.2482318839757,456.72265625,49.01
1666.480968519987,589.46337890625,50.79
1666.7128196179983,595.08837890625,48.78
1666.9449563729868,595.08837890625,49.38
1667.1776167399948,724.4609375,40.2
1667.411045240995,595.0888671875,48.26
1667.6422833259858,595.0888671875,48.94
1667.8743160849845,1029.7099609375,25.92
1668.1085570689756,595.08935546875,50.48
1668.3386125039833,595.08935546875,48.59
1668.5694823079975,456.72412109375,38.44
1668.8062178719847,595.08984375,48.64
1669.0392774619977,595.08984375,48.7
1669.2710203029856,456.724609375,50.52
1669.5009033649985,499.458984375,51.27
1669.736577735981,595.09033203125,49.77
1669.9704281579761,595.09033203125,49.58
1670.2063447439868,1029.71142578125,31.75
1670.441881732986,595.0908203125,48.99
1670.673040337977,595.09130859375,49.69
1670.9085659429838,456.7255859375,33.81
1671.141838273994,595.09130859375,48.44
1671.3734234799922,595.09130859375,48.34
1671.607385649986,456.72607421875,45.2
1671.8435332759982,589.466796875,52.82
1672.0754959129845,595.091796875,49.45
1672.3074685369793,489.62890625,49.58
1672.5421657349798,724.46435546875,46.27
1672.772413167986,595.09228515625,49.83
1673.0042308109987,595.09228515625,49.96
1673.2354911759903,1029.71337890625,24.3
1673.4683974609943,595.0927734375,50.02
1673.699900601001,595.0927734375,49.36
1673.9338722699904,456.7275390625,42.24
1674.1640252749785,589.46826171875,49.55
1674.3972327929805,595.09326171875,49.0
1674.6298197549768,456.728515625,51.1
1674.8617471909965,724.4423828125,46.99
1675.09668904898,595.0703125,49.27
1675.328588616976,595.0703125,49.16
1675.5608879659849,1029.69091796875,22.8
1675.7954119539936,595.0703125,50.35
1676.0292946429981,595.0703125,48.77
1676.268002013996,456.705078125,44.16
1676.5017848279967,589.44580078125,51.08
1676.7348143849813,595.07080078125,49.36
1676.967818449979,489.60791015625,48.92
1677.204585652973,724.443359375,44.27
1677.4365635159775,595.0712890625,48.8
1677.6700057049748,599.3857421875,49.96
1677.9059523939795,724.44384765625,30.75
1678.1354085759958,595.07177734375,48.88
1678.3681181129941,595.07177734375,49.03
1678.6032621659979,456.70654296875,34.57
1678.8351099809806,595.072265625,49.1
1679.0712387499807,595.072265625,49.58
1679.3046019469912,456.70703125,50.06
1679.5392943259794,746.94482421875,49.66
1679.7735584969923,595.07275390625,49.26
1680.0042160479934,595.07275390625,50.26
1680.2373868279974,724.4453125,30.74
1680.467052049993,599.3876953125,49.74
1680.7002506279969,595.0732421875,48.99
1680.9311843379983,1029.6943359375,24.67
1681.1631008779805,595.07373046875,49.7
1681.3956840689934,595.07373046875,48.9
1681.6302840459975,456.70849609375,43.06
1681.8629571950005,589.44921875,50.53
1682.0973404479737,595.07421875,49.23
1682.3280318029865,489.611328125,49.12
1682.559609045973,724.44677734375,42.56
1682.7934038729873,595.07470703125,49.77
1683.027056010993,595.07470703125,49.53
1683.258155388001,1029.69580078125,24.2
1683.4922941219993,482.56884765625,49.71
1683.72456525499,595.0751953125,49.6
1683.956889398978,456.7099609375,36.32
1684.1894175529887,595.07568359375,49.32
1684.4226424619847,595.07568359375,49.46
1684.6540573899983,456.71044921875,49.39
1684.8893064869917,724.4482421875,48.08
1685.1231942049926,595.076171875,49.86
1685.354275701975,595.076171875,49.96
1685.5854255759914,1029.697265625,21.94
1685.817091659992,595.07666015625,50.59
1686.0484648220008,595.07666015625,49.5
1686.2847582799732,456.71142578125,41.18
1686.5163221829862,595.0771484375,49.76
1686.7505776939797,595.0771484375,49.66
1686.9822240819922,456.7119140625,50.81
1687.2153126569756,746.94970703125,53.94
1687.4485641749925,595.07763671875,49.34
1687.679935380991,595.07763671875,49.31
1687.9130555249867,724.4501953125,35.02
1688.1446136309823,595.078125,48.9
1688.3756038439751,595.078125,48.88
1688.6108115239767,456.712890625,32.67
1688.8444906910008,595.07861328125,48.66
1689.076546847995,595.07861328125,49.39
1689.3076900169835,456.71337890625,50.69
1689.5391474089993,589.4541015625,51.7
1689.7704680489842,595.0791015625,49.03
1690.0047827169765,489.6162109375,48.77
1690.2385688829818,724.45166015625,44.87
1690.4705904669827,595.07958984375,48.93
1690.7009361699747,595.07958984375,49.57
1690.9347013829974,1029.70068359375,25.11
1691.1653138849942,595.080078125,50.39
1691.3991518749972,595.080078125,49.28
1691.630736311985,456.71484375,41.75
1691.8642497419787,589.45556640625,50.65
1692.0931885969767,595.08056640625,49.63
1692.3248580329819,492.43017578125,49.48
1692.555771697982,746.953125,49.81
1692.7902602749818,595.0810546875,49.33
1693.024292497983,595.0810546875,48.77
1693.2621726489742,724.45361328125,36.19
1693.4960501699825,595.08154296875,50.1
1693.728323467978,595.08154296875,49.31
1693.9620460769802,533.55224609375,30.6
1694.1969585999905,595.08203125,48.12
1694.432057115977,595.08203125,49.42
1694.6640787699725,456.716796875,50.6
1694.8970226999954,533.201171875,50.87
1695.1282579219842,595.08251953125,48.95
1695.3582905179937,489.61962890625,49.13
1695.590765172994,724.455078125,44.94
1695.8220666769776,626.71826171875,49.42
1696.0550597760011,595.0830078125,49.33
1696.2882349559804,1029.7041015625,26.96
1696.5189853279735,635.71875,49.58
1696.7492838169856,595.08349609375,49.29
1696.9822818749817,456.71826171875,37.6
1697.2148631809978,589.458984375,49.13
1697.446106294985,595.083984375,49.75
1697.678003138979,489.62109375,49.09
1697.9115952819993,724.45654296875,48.35
1698.1408415859914,595.08447265625,49.43
1698.3728002419812,595.08447265625,49.06
1698.6080862159724,1029.70556640625,35.67
1698.843625160982,595.0849609375,48.44
1699.0770855789888,595.0849609375,49.8
1699.3144548989949,465.7041015625,26.45
1699.550898868998,595.08544921875,50.32
1699.7834478369914,595.08544921875,49.33
1700.0165303359972,456.72021484375,47.02
1700.2480600159906,589.4609375,51.16
1700.4779444749875,595.0859375,48.71
1700.7099802369776,595.0859375,49.26
1700.9409724759753,724.45849609375,44.31
1701.172545946989,595.08642578125,48.6
1701.404315257998,595.08642578125,49.67
1701.6365930959873,1029.70751953125,25.67
1701.8661264549883,595.0869140625,48.72
1702.096183216985,595.0869140625,48.98
1702.328114074975,456.7216796875,34.79
1702.55932415399,589.46240234375,49.79
1702.78976246799,595.08740234375,50.18
1703.020471492986,492.43701171875,50.28
1703.2539581729798,746.9599609375,51.22
1703.488442558999,595.087890625,49.3
1703.7210103149991,595.087890625,49.37
1703.949873739999,724.46044921875,48.89
1704.1830878229812,595.08837890625,49.18
1704.4159078509838,595.08837890625,50.24
1704.6497355039755,1029.70947265625,41.97
1704.8804782639781,595.0888671875,48.46
1705.1143112249847,595.0888671875,49.54
1705.347060362983,456.7236328125,23.13
1705.5812560879858,595.08935546875,50.18
1705.8123259919812,595.08935546875,48.94
1706.0467502429965,456.72412109375,49.36
1706.2783564019774,746.9619140625,51.02
1706.5132627089915,595.08984375,49.92
1706.7436641459935,595.08984375,49.19
1706.979135971982,1029.7109375,43.79
1707.2094924999983,595.09033203125,48.57
1707.4415986639797,595.09033203125,49.88
1707.6744103109813,984.71142578125,29.65
1707.907794810977,595.0908203125,48.37
1708.1412074569962,595.0908203125,49.36
1708.3737273000006,456.7255859375,49.19
1708.6055573049816,589.46630859375,47.68
1708.8418879899837,595.09130859375,49.13
1709.0721462489746,489.62841796875,48.88
1709.3030147959944,724.4638671875,51.07
1709.5368496419978,595.091796875,48.94
1709.7681149669806,595.091796875,49.37
1710.0000150239794,1029.712890625,33.69
1710.2349106459878,595.09228515625,49.21
1710.467562841979,595.09228515625,49.66
1710.7013934979914,456.72705078125,23.04
1710.9335744639975,595.0927734375,49.52
1711.1657152689877,595.0927734375,49.19
1711.3976629599929,456.7275390625,49.19
1711.6300047729746,746.96533203125,50.88
1711.8627025769965,595.09326171875,48.99
1712.0960018679907,595.09326171875,49.05
1712.3285822649777,1029.71435546875,43.78
1712.5631611489807,595.09375,49.12
1712.7975569049886,595.09375,49.68
1713.0308617139817,456.728515625,22.64
1713.2613528289949,595.09423828125,50.64
1713.4962992959772,505.26953125,49.77
1713.7271893539873,456.72900390625,49.86
1713.9588713619742,589.4697265625,47.96
1714.190027591976,595.0947265625,49.54
1714.421003905998,595.0947265625,49.6
1714.6540925509762,724.46728515625,52.85
1714.8867354569957,595.09521484375,49.59
1715.1179312879976,595.09521484375,49.23
1715.352860643994,984.71630859375,43.04
1715.5834971719887,595.095703125,49.27
1715.8148186499893,595.095703125,48.81
1716.0471832329931,456.73046875,49.48
1716.279567302001,746.96826171875,48.36
1716.515631814982,595.09619140625,49.03
1716.747095144994,489.63330078125,49.65
1716.9820135349873,724.46875,51.44
1717.213510458998,595.0966796875,49.42
1717.443318369973,595.0966796875,49.45
1717.6744887079985,1029.7177734375,34.3
1717.9060283059953,595.09716796875,48.5
1718.1371799959743,595.09716796875,49.32
1718.3711930819845,456.73193359375,50.58
1718.60361521499,589.47265625,50.57
1718.8380408639787,595.09765625,49.19
1719.07006335599,489.634765625,49.71
1719.3056244409818,724.47021484375,51.38
1719.536792753992,595.09814453125,49.06
1719.7706887129752,595.09814453125,49.53
1720.003632013977,724.470703125,25.61
1720.2386154979758,595.0986328125,49.62
1720.4706577559991,595.0986328125,49.46
1720.7066859509796,984.7197265625,41.62
1720.938139571983,595.09912109375,48.96
1721.1697952489776,595.09912109375,49.39
1721.4014125819958,456.73388671875,49.44
1721.6355711509823,746.9716796875,47.57
1721.8728286519763,595.099609375,49.29
1722.104679399985,595.099609375,48.49
1722.3387114129728,724.47216796875,52.72
1722.5691182279843,533.21875,49.62
1722.8025514779729,595.10009765625,49.84
1723.033183675987,1029.72119140625,33.27
1723.2674077569973,595.1005859375,48.98
1723.4984770329902,595.1005859375,48.62
1723.733485240984,456.7353515625,50.42
1723.9666380709969,589.47607421875,50.71
1724.1989481069904,595.10107421875,49.68
1724.4292893389938,489.63818359375,48.71
1724.664001832978,724.4736328125,51.49
1724.8949460189906,595.1015625,48.25
1725.1312693699729,595.1015625,49.41
1725.3638738640002,1029.72265625,30.73
1725.5945397259784,595.10205078125,50.01
1725.8263884949847,595.10205078125,48.47
1726.0619067929802,465.72119140625,41.44
1726.2951633629855,595.1025390625,48.92
1726.5264618129877,595.1025390625,48.81
1726.7573573389964,456.7373046875,49.52
1726.9908943990013,746.97509765625,49.03
1727.2213332209794,595.10302734375,49.19
1727.4563427119865,595.10302734375,49.31
1727.6870481949882,724.4755859375,27.69
1727.9217375949956,595.103515625,49.05
1728.1511084469967,595.103515625,48.69
1728.3852218519896,989.0732421875,37.04
1728.6168327109772,595.10400390625,49.3
1728.8468810399936,494.205078125,48.17
1729.0798117929953,456.73876953125,49.1
1729.3113620969816,589.4794921875,52.89
1729.543247927999,595.1044921875,49.2
1729.774291729991,489.6416015625,48.76
1730.0091926149908,724.47705078125,37.16
1730.2394589949981,595.10498046875,49.45
1730.4698758169834,595.10498046875,48.52
1730.7009627819934,1029.72607421875,29.9
1730.937398397975,595.10546875,49.78
1731.1687574029784,595.10546875,49.84
1731.4035897719732,456.740234375,48.3
1731.636760993977,595.10595703125,52.11
1731.868835679983,595.10595703125,49.56
1732.1002197579946,456.74072265625,48.77
1732.3341174869856,746.978515625,47.1
1732.565520981996,595.1064453125,49.6
1732.7973306829808,595.1064453125,49.17
1733.0313075449958,724.47900390625,26.89
1733.2618984849832,595.107421875,48.93
1733.494568442984,595.10693359375,49.34
1733.7284580009873,456.74169921875,39.76
1733.9627847759984,595.107421875,50.0
1734.1928743829776,595.107421875,49.53
1734.4228410659998,456.7421875,51.32
1734.6590892239765,589.48291015625,52.46
1734.8903243259992,595.10791015625,48.5
1735.121239547996,489.64501953125,49.21
1735.3538719309727,724.48046875,39.87
1735.5845328539726,595.1083984375,49.77
1735.8162868209765,595.1083984375,49.5
1736.049461394985,1029.7294921875,27.11
1736.281358469976,595.10888671875,50.1
1736.5132399709837,595.10888671875,49.5
1736.7464419929893,456.74365234375,46.09
1736.9798625549884,589.484375,51.17
1737.2122267409868,595.109375,49.49
1737.44326607298,492.458984375,48.94
1737.67469436198,724.48193359375,43.64
1737.909627444984,595.10986328125,48.61
1738.1412512239767,595.10986328125,49.49
1738.3733662089799,1029.73095703125,25.86
1738.6032918949786,595.1103515625,49.74
1738.8324726339779,595.1103515625,49.15
1739.066178434994,456.7451171875,38.25
1739.299220795976,595.11083984375,50.26
1739.5316043979838,595.11083984375,49.26
1739.762885387987,497.681640625,48.86
1739.9935228439863,746.9833984375,47.81
1740.2245727229747,595.111328125,49.66
1740.4586567929946,595.111328125,49.56
1740.6902309839788,724.48388671875,35.86
1740.9237208299746,595.11181640625,49.5
1741.1558768129908,595.11181640625,48.99
1741.3899251939729,1029.73291015625,27.51
1741.6213856809773,595.1123046875,50.17
1741.8518314869725,595.1123046875,49.53
1742.0826612909732,456.7470703125,47.77
1742.31597645898,589.48779296875,51.03
1742.5471398329828,595.11279296875,48.93
1742.7777847619727,493.8564453125,49.33
1743.0085971749795,724.4853515625,42.4
1743.2402944289788,595.11328125,48.36
1743.4735410119756,595.11328125,49.44
1743.703753891983,1029.734375,25.82
1743.9345039349864,595.11376953125,49.06
1744.165984605992,595.11376953125,49.54
1744.3997017910006,456.74853515625,35.14
1744.6313861939998,589.4892578125,49.63
1744.8659878709877,595.1142578125,49.43
1745.0978057439788,489.6513671875,49.17
1745.3312152709987,724.48681640625,47.84
1745.563965897978,595.11474609375,49.54
1745.801075149997,595.11474609375,48.92
1746.033104297996,1029.73583984375,22.66
1746.2651696259854,595.115234375,50.6
1746.4982469089737,595.115234375,49.52
1746.7298018229776,456.75,33.1
1746.9602289109898,595.11572265625,48.57
1747.1926006399735,595.11572265625,49.22
1747.4235936669866,456.75048828125,49.87
1747.6559275399777,746.98828125,53.11
1747.888270912983,595.1162109375,48.77
1748.1218883619877,595.1162109375,49.16
1748.3553420989774,1029.7373046875,37.22
1748.5860162919853,595.11669921875,50.73
1748.8166158929816,595.11669921875,49.39
1749.0505810909963,456.70458984375,29.4
1749.2805098489916,589.4453125,49.24
1749.511343982973,595.0703125,49.89
1749.742776182975,456.70458984375,47.81
1749.9776405399898,746.9423828125,52.31
1750.2117309659952,595.0703125,49.48
1750.446665165975,595.0703125,49.08
1750.6796848989907,724.44287109375,38.62
1750.9126025199948,595.07080078125,48.67
1751.1459425529756,595.07080078125,49.04
1751.378945732984,456.70556640625,27.83
1751.6100922049955,595.0712890625,48.86
1751.842495431978,595.0712890625,49.92
1752.0738691039733,456.7060546875,50.6
1752.3088318699738,746.94384765625,51.51
1752.541004195984,595.07177734375,48.88
1752.7727625629923,489.60888671875,49.63
1753.0047769049997,724.4443359375,49.43
1753.2380836919765,595.072265625,49.52
1753.4684743229882,595.072265625,49.48
1753.7021706249798,1029.693359375,27.68
1753.9348327609769,595.07275390625,50.12
1754.1684579619905,595.07275390625,49.27
1754.4002944839885,456.70751953125,37.01
1754.632523592998,589.4482421875,48.93
1754.8645437309751,595.0732421875,49.18
1755.0992437479727,489.6103515625,49.96
1755.33165856899,724.44580078125,49.95
1755.5658254739828,595.07373046875,48.96
1755.7976893739833,595.07373046875,49.34
1756.0315900360001,724.4462890625,43.57
1756.261861025996,493.82373046875,49.12
1756.4948393409722,595.07421875,49.35
1756.729007781978,456.708984375,25.28
1756.9624091369915,595.07470703125,49.93
1757.195103539998,595.07470703125,48.97
1757.4287459929765,456.70947265625,44.49
1757.6629114309908,746.947265625,51.72
1757.8958496559935,595.0751953125,49.65
1758.1281384109752,595.0751953125,49.26
1758.358588477975,724.44775390625,45.25
1758.5902827289829,595.07568359375,49.14
1758.8210647599772,595.07568359375,49.94
1759.050608613994,1029.69677734375,33.58
1759.2882102599833,595.076171875,49.14
1759.519378522993,595.076171875,49.2
1759.7531546549872,456.7109375,33.19
1759.9830573619984,589.45166015625,48.64
1760.2171308859834,595.07666015625,49.22
1760.4475582539744,491.17626953125,49.81
1760.682903131994,724.44921875,50.49
1760.9163288619893,595.0771484375,48.7
1761.1507525789784,595.0771484375,49.73
1761.3843921679945,1029.6982421875,41.53
1761.6177921959898,595.07763671875,49.62
1761.8506146219734,595.07763671875,49.6
1762.0827326799918,1029.69873046875,31.06
1762.3170775449835,595.078125,48.4
1762.550212378992,595.078125,49.08
1762.7893747369817,456.712890625,33.16
1763.0204005199776,589.4541015625,48.74
1763.2528466319782,595.07861328125,49.3
1763.485710893001,456.71337890625,43.58
1763.7185984829848,589.4541015625,51.36
1763.9507407769852,626.71435546875,49.57
1764.1845637039805,489.6162109375,49.49
1764.4172756379994,724.45166015625,52.81
1764.6501822949795,595.07958984375,49.25
1764.881015729974,716.71484375,49.42
1765.117200958979,488.20263671875,46.79
1765.3480663129885,516.32958984375,50.26
1765.5822119149962,595.080078125,49.58
1765.8169441289792,456.71484375,22.82
1766.048110645992,595.08056640625,49.69
1766.278334490984,599.39501953125,49.38
1766.5117522589862,456.71533203125,48.96
1766.7440859229828,746.953125,50.81
1766.9757090739731,595.0810546875,49.12
1767.2061311339785,595.0810546875,48.9
1767.444899856986,724.45361328125,47.24
1767.6758825469879,595.08154296875,49.66
1767.9108261059737,595.08154296875,48.66
1768.1442973039811,1029.70263671875,35.15
1768.377996678988,595.08203125,49.82
1768.6107244669984,595.08203125,48.9
1768.8423788379878,456.716796875,31.52
1769.0750416019873,589.45751953125,49.35
1769.3053514939966,595.08251953125,48.95
1769.535278646974,489.61962890625,49.4
1769.7646775059984,724.455078125,50.24
1769.9991826599871,595.0830078125,48.78
1770.2345776849834,595.0830078125,49.41
1770.4636283059954,1029.7041015625,38.19
1770.693612868985,595.08349609375,48.88
1770.9267367379798,595.08349609375,48.83
1771.1611295149778,456.71826171875,49.89
1771.3947737139824,595.083984375,50.27
1771.6295010389877,595.083984375,49.85
1771.8618471349764,492.43359375,48.91
1772.0970335379825,724.45654296875,50.43
1772.3307225759781,595.08447265625,49.29
1772.5656151500007,595.08447265625,49.31
1772.7978680759843,1029.70556640625,43.74
1773.0336907489982,595.0849609375,47.88
1773.2653257729835,595.0849609375,49.63
1773.500761096977,456.7197265625,25.7
1773.7359586059756,595.08544921875,50.0
1773.965850486973,595.0859375,49.26
1774.196651375998,456.72021484375,49.53
1774.4286393859948,589.4609375,48.07
1774.6598848959839,595.0859375,49.27
1774.8927453859942,489.623046875,49.37
1775.1253074369743,724.45849609375,52.98
1775.3568841419765,595.08642578125,48.73
1775.5877031899872,595.08642578125,49.36
1775.8247501419974,984.70751953125,33.06
1776.0563285239914,595.0869140625,48.66
1776.2859753949742,595.0869140625,49.38
1776.5186348079878,456.7216796875,49.51
1776.751647555997,589.46240234375,49.78
1776.9814475929888,595.08740234375,48.73
1777.2129914719844,489.62451171875,49.21
1777.4461571769789,724.4599609375,50.66
1777.676640908001,595.087890625,49.26
1777.9092744079826,595.087890625,49.16
1778.1410219489771,1029.708984375,33.71
1778.3727836689795,595.08837890625,47.66
1778.6035767349822,595.08837890625,49.29
1778.8363261049963,456.72314453125,50.39
1779.0686796039809,589.4638671875,49.67
1779.3010437899793,595.0888671875,49.37
1779.5305015269842,492.4384765625,48.93
1779.7611355599947,724.46142578125,38.12
1779.9932715689938,595.08935546875,48.31
1780.2238238159916,595.08935546875,49.47
1780.4611298859818,1029.71044921875,25.61
1780.693195142987,595.08984375,49.52
1780.924627622997,595.08984375,49.25
1781.1558198419807,456.724609375,41.82
1781.3896616269776,595.09033203125,48.98
1781.6219568069791,595.09033203125,49.63
1781.8543054179754,456.72509765625,49.41
1782.0846923469799,724.462890625,42.96
1782.318307212001,595.0908203125,48.88
1782.548319152993,595.0908203125,49.18
1782.7842470799806,724.46337890625,24.88
1783.0178213659965,595.09130859375,49.26
1783.2518340569804,595.09130859375,49.46
1783.4857910829887,984.71240234375,36.6
1783.7169835819805,595.091796875,49.03
1783.9472212559776,595.091796875,49.12
1784.1811523699726,456.7265625,50.02
1784.4150702839834,746.96435546875,47.66
1784.6477569349809,595.09228515625,49.49
1784.8794520939991,595.09228515625,49.57
1785.1144534129999,724.46484375,29.56
1785.3444312719803,595.0927734375,49.14
1785.5764532259782,595.0927734375,49.52
1785.8078734129958,1029.7138671875,28.36
1786.0398346039874,595.09326171875,49.19
1786.271931010997,595.09326171875,49.98
1786.5054969859775,456.72802734375,45.73
1786.736481142987,589.46875,51.19
1786.9751208659727,595.09375,49.8
1787.2068185389799,492.443359375,49.38
1787.437938749994,724.46630859375,42.57
1787.6690893429914,595.09423828125,48.76
1787.9053365919972,599.40869140625,49.23
1788.1355598789814,1029.71533203125,23.86
1788.3670835729863,595.0947265625,49.66
1788.5999884139746,595.0947265625,49.73
1788.8346402379975,984.7158203125,33.71
1789.066519014974,595.09521484375,47.54
1789.2981480319868,595.09521484375,49.83
1789.529963739973,456.72998046875,50.44
1789.7616546389763,589.470703125,51.48
1789.9923319049994,595.095703125,49.56
1790.220645473979,595.095703125,49.06
1790.451743543992,724.46826171875,37.29
1790.6836443909851,595.09619140625,49.93
1790.9144839509972,595.09619140625,49.15
1791.1476077759871,984.71728515625,28.86
1791.3810762759822,595.0966796875,49.75
1791.6130433619837,595.0966796875,48.64
1791.8490019739838,456.7314453125,38.67
1792.0811612669786,595.09716796875,49.01
1792.3152091149823,595.09716796875,49.08
1792.5512076769955,492.44677734375,48.96
1792.783284694975,724.4697265625,47.45
1793.018376764987,595.09765625,49.03
1793.250168893981,595.09765625,48.79
1793.4841237809742,1029.71875,24.1
1793.7185338339768,595.09814453125,49.95
1793.9521926559974,595.09814453125,48.86
1794.1838357399974,456.73291015625,41.28
1794.4145300769887,595.0986328125,50.02
1794.64701225498,595.0986328125,48.96
1794.8814890079957,456.7333984375,50.21
1795.1145409649762,746.97119140625,51.26
1795.3477409889747,595.09912109375,48.65
1795.578591425001,595.09912109375,49.29
1795.8133930179756,533.21826171875,28.75
1796.0430122619728,696.349609375,49.35
1796.2770995009923,595.099609375,49.56
1796.5143667609955,456.734375,36.86
1796.7458680639975,595.10009765625,49.69
1796.9777377879946,595.10009765625,49.19
1797.2106361599872,456.73486328125,49.01
1797.4453106389847,746.97265625,47.04
1797.6768025829806,595.1005859375,50.04
1797.9099479889846,489.6376953125,48.54
1798.1404540999793,724.47314453125,35.15
1798.3742578459787,595.10107421875,49.92
1798.6043170319754,595.10107421875,49.45
1798.83835950098,984.72216796875,30.8
1799.0692220199853,595.1015625,48.54
1799.3059382879874,595.1015625,48.62
1799.5380320689874,456.736328125,50.24
1799.768138888001,589.47705078125,51.51
1799.9994746629964,595.10205078125,49.12
1800.2301018809958,489.63916015625,49.9
1800.4613738889748,724.474609375,40.06
1800.691536511993,595.1025390625,48.61
1800.922869632981,595.1025390625,49.61
1801.1566791769874,1029.7236328125,28.77
1801.3892547339783,595.10302734375,49.28
1801.620070807985,595.10302734375,49.29
1801.8558517389756,456.73779296875,36.33
1802.0897990129888,595.103515625,50.42
1802.3223274959892,595.103515625,49.39
1802.5536713729962,456.73828125,49.68
1802.784091715992,724.47607421875,46.86
1803.017872972996,595.10400390625,49.06
1803.2511730819824,595.10400390625,49.51
1803.4866251919884,1029.72509765625,29.24
1803.7185134949978,595.1044921875,49.15
1803.951603864989,595.1044921875,48.58
1804.1833533899917,1029.7255859375,27.07
1804.412780286977,595.10498046875,50.37
1804.6454843559768,599.5546875,49.03
1804.878038261988,456.73974609375,46.31
1805.1111931669875,589.48046875,51.09
1805.3430798639893,595.10546875,49.4
1805.5768088089826,595.10546875,49.76
1805.8093582449947,724.47802734375,40.35
1806.0431905569858,595.10595703125,48.23
1806.2754312879988,595.10595703125,50.01
1806.5065867279773,1029.72705078125,23.27
1806.7373033449985,595.1064453125,50.02
1806.9709813739755,595.1064453125,49.31
1807.2048311469844,456.7412109375,34.82
1807.4376306909835,595.10693359375,50.35
1807.6717759699968,595.10693359375,49.75
1807.9028547229827,492.45654296875,50.54
1808.134416788991,724.4794921875,50.7
1808.3727365119848,595.107421875,49.42
1808.6038432019996,595.107421875,48.61
1808.8359984449926,1029.728515625,30.67
1809.067187130975,595.10791015625,48.64
1809.2989427319844,595.10791015625,49.74
1809.5321765599947,456.74267578125,31.34
1809.7663396479911,595.1083984375,48.74
1809.997010029998,595.1083984375,49.04
1810.2291607319785,456.7431640625,44.94
1810.4610466609884,746.98095703125,52.38
1810.6967607519764,595.10888671875,49.35
1810.9271918509912,595.10888671875,49.24
1811.1611568649823,724.4814453125,41.46
1811.3931488849921,595.109375,47.88
1811.627453195979,595.109375,49.76
1811.861731664976,984.73046875,26.27
1812.095081431995,595.10986328125,49.91
1812.324179438001,595.10986328125,49.92
1812.557518239977,456.74462890625,41.05
1812.7880902819743,589.4853515625,49.88
1813.0185595849762,595.1103515625,49.13
1813.2500735999784,489.6474609375,50.22
1813.4822370139882,724.48291015625,49.93
1813.714692930982,595.11083984375,49.09
1813.9462182599818,595.11083984375,48.76
1814.1782562359876,1029.73193359375,28.16
1814.4125975639909,595.111328125,49.49
1814.643854206981,595.111328125,49.08
1814.875057139987,456.74609375,36.71
1815.107474363991,589.48681640625,50.13
1815.338213679992,595.11181640625,49.5
1815.5677517669974,492.46142578125,49.25
1815.7999894940003,746.984375,51.53
1816.0329861349892,595.1123046875,48.72
1816.2639757689903,595.1123046875,48.83
1816.4966338109807,724.48486328125,45.83
1816.727483827999,595.11279296875,49.64
1816.956861904997,696.36279296875,49.42
1817.1932817599736,456.74755859375,22.31
1817.4262087669922,595.11328125,50.08
1817.6569003799814,595.11328125,49.37
1817.8886640139972,456.748046875,43.45
1818.1225079899887,746.98583984375,52.63
1818.3523945929774,595.11376953125,48.48
1818.585295828001,595.11376953125,50.24
1818.8168848539935,724.486328125,49.83
1819.0526277209865,595.1142578125,49.65
1819.2836248269887,595.1142578125,48.67
1819.5184684659762,1029.7353515625,32.47
1819.7512613750005,595.11474609375,48.78
1819.9850501749897,595.11474609375,49.45
1820.216700452991,456.74951171875,33.51
1820.449620335974,589.490234375,48.56
1820.6808994689782,488.23388671875,48.93
1820.912875214999,489.65234375,48.92
1821.142407923995,724.48779296875,50.99
1821.3734263329825,595.11572265625,49.64
1821.603847513994,595.11572265625,49.08
1821.8336815949879,1029.73681640625,39.21
1822.065854438988,595.1162109375,48.93
1822.2985377639998,595.1162109375,48.73
1822.5327410819882,456.7509765625,49.65
1822.7632896569849,589.49169921875,50.11
1822.999188133981,595.11669921875,48.6
1823.2310509439849,456.75146484375,49.75
1823.4636428449885,746.9892578125,50.97
1823.698284706974,595.1171875,48.36
1823.928690033994,595.1171875,50.19
1824.1585501669906,724.48974609375,53.91
1824.3906726529822,595.11767578125,49.28
1824.6214220269758,595.11767578125,49.02
1824.8516603589815,1029.73876953125,33.28
1825.081656755996,595.1181640625,49.39
1825.3128239299986,595.1181640625,49.22
1825.546520955977,456.7529296875,49.97
1825.7803399979894,589.49365234375,49.86
1826.0134323239909,595.11865234375,49.09
1826.245672635996,489.65576171875,49.8
1826.4806501629937,724.4912109375,51.04
1826.7126276549825,595.119140625,50.06
1826.9473348199972,595.119140625,48.89
1827.182526206976,456.75390625,45.01
1827.4159674679977,595.11962890625,49.18
1827.6467569319939,595.11962890625,50.01
1827.878885005979,456.75439453125,49.73
1828.1143720369728,589.4951171875,49.88
1828.3482132889912,595.1201171875,49.29
1828.5824718529766,489.6572265625,49.42
1828.8146062129817,724.49267578125,52.44
1829.04778696,595.12060546875,49.6
1829.2796349629934,595.12060546875,49.51
1829.5101561599877,1029.74169921875,36.83
1829.743861217983,595.12109375,49.03
1829.9744517689978,595.12109375,49.07
1830.206286222994,456.755859375,50.29
1830.4374086969765,589.49658203125,50.22
1830.6711189939815,595.12158203125,48.92
1830.9026048619999,456.75634765625,49.47
1831.1333868519869,746.994140625,49.38
1831.3657859859813,595.1220703125,48.87
1831.5980139349995,595.1220703125,49.41
1831.833385097998,1029.7431640625,27.87
1832.0672943069949,595.12255859375,49.59
1832.2994219619723,595.12255859375,49.66
1832.532506953983,456.75732421875,49.82
1832.7665222549986,595.123046875,49.2
1833.0006955399876,595.123046875,48.88
1833.232378783985,465.77392578125,49.42
1833.4635710319853,746.99560546875,51.68
1833.6938973669894,656.0087890625,49.37
1833.9263784969808,595.12353515625,49.61
1834.1601570299827,724.49609375,20.53
1834.3940477999859,595.1240234375,48.19
1834.6270855789771,595.1240234375,49.44
1834.8645199729945,465.7431640625,43.4
1835.0983040930005,595.12451171875,48.99
1835.3318438329734,595.12451171875,48.75
1835.5646315739723,456.75927734375,48.93
1835.8013815059967,746.9970703125,49.34
1836.0351169459755,595.125,49.0
1836.267071180977,595.125,48.88
1836.4999126999755,724.49755859375,49.06
1836.7294614029815,595.12548828125,49.47
1836.9626621259958,595.12548828125,49.42
1837.1959714529803,1029.74658203125,39.06
1837.4299356289848,595.1259765625,49.34
1837.663461330987,595.1259765625,49.33
1837.9008929999836,456.7607421875,49.19
1838.1346833369753,589.50146484375,49.09
1838.3667978609737,595.12646484375,49.18
1838.5959935779974,489.66357421875,49.33
1838.8271969310008,724.4990234375,53.62
1839.0577966999845,595.126953125,49.22
1839.2880298649834,595.126953125,49.25
1839.523137020995,984.748046875,32.59
1839.7563477999938,595.12744140625,50.13
1839.9868796129886,595.12744140625,49.95
1840.2202488659823,456.76220703125,50.17
1840.4525613249862,589.5029296875,49.09
1840.6838060949813,595.1279296875,49.46
1840.9165709269873,489.6650390625,49.02
1841.1469726919895,724.50048828125,50.6
1841.3836114349833,595.12841796875,49.27
1841.617819710984,595.12841796875,49.32
1841.8507840149978,1029.74951171875,33.62
1842.0815910789825,595.12890625,49.41
1842.3129469689738,595.12890625,49.12
1842.544207103987,456.763671875,49.57
1842.7768133229984,589.50439453125,49.12
1843.0077141859801,595.12939453125,49.29
1843.2392116469855,492.47900390625,48.64
1843.4724288529833,724.501953125,50.67
1843.705092411983,595.1298828125,49.91
1843.935941032978,595.13037109375,49.86
1844.1645537699806,1029.7509765625,34.08
1844.3964953629766,595.13037109375,47.9
1844.6298517649993,595.13037109375,49.07
1844.8634190229932,456.76513671875,50.8
1845.0966762489988,589.505859375,49.53
1845.3281714749755,595.130859375,48.98
1845.558785841975,489.66845703125,50.33
1845.7923729359754,724.50341796875,51.32
1846.0239681079984,595.13134765625,49.2
1846.2572011669981,595.13134765625,49.17
1846.4940452479932,1029.75244140625,23.18
1846.726569749997,595.1318359375,48.7
1846.9587204529962,595.13232421875,48.78
1847.1934384439955,456.7666015625,45.28
1847.4251781209896,595.13232421875,48.7
1847.6560500689957,595.13232421875,49.62
1847.8888552709832,456.76708984375,48.95
1848.1230961639958,747.0048828125,48.12
1848.351542185992,595.1328125,49.49
1848.5851230639964,489.669921875,49.55
1848.8162744529836,724.50537109375,33.2
1849.0482437739847,595.13330078125,49.36
1849.2805614019744,595.13330078125,48.98
1849.514382468973,1029.75439453125,26.0
1849.7482633219915,595.1337890625,48.98
1849.9808647919854,595.1337890625,48.9
1850.2143843469967,456.7685546875,45.15
1850.4486688219768,595.13427734375,48.7
1850.6822886719892,595.13427734375,49.07
1850.9151988480007,492.48388671875,48.91
1851.145846319996,747.0068359375,42.28
1851.3760240989795,595.134765625,49.31
1851.610012369987,595.134765625,49.71
1851.8421008429723,724.50732421875,27.01
1852.073399601999,595.13525390625,48.82
1852.3071325269993,595.13525390625,49.67
1852.5406401389919,984.75634765625,34.23
1852.77256832298,595.1357421875,48.0
1853.0023594509985,595.1357421875,49.01
1853.2364065999864,456.7705078125,50.55
1853.4686272149847,747.00830078125,51.15
1853.7035396489955,595.13623046875,48.45
1853.9340324889927,595.13623046875,49.15
1854.1703783099947,724.5087890625,28.25
1854.4040332209843,595.13671875,50.02
1854.6387843179982,615.52197265625,49.53
1854.8694278789917,1029.7578125,31.52
1855.1024312249792,595.13720703125,49.0
1855.3344557919772,595.13720703125,49.19
1855.5673916699889,456.77197265625,49.48
1855.8023872169724,589.5126953125,50.91
1856.0372486659908,595.1376953125,49.92
1856.2680464409932,489.6748046875,49.19
1856.5018501879822,724.51025390625,35.58
1856.7342537929944,595.13818359375,48.47
1856.9666814939992,595.13818359375,49.35
1857.1980068629782,1029.75927734375,31.42
1857.432742872974,595.138671875,51.2
1857.6647288870008,595.138671875,49.12
1857.8974117939943,456.7734375,43.58
1858.1321179119986,595.13916015625,51.33
1858.3639407719893,595.13916015625,49.14
1858.5945626829925,492.48876953125,49.28
1858.8262788239808,724.51171875,41.28
1859.0562085899874,595.1396484375,49.72
1859.291191914992,595.1396484375,49.76
1859.5229315229808,1029.7607421875,25.3
1859.7531489029934,599.45458984375,49.12
1859.9842586669838,595.14013671875,49.54
1860.2179657509841,456.77490234375,46.92
1860.4522489699884,595.140625,52.33
1860.6850268629787,595.140625,49.64
1860.916306344996,456.775390625,49.47
1861.1506006689742,747.01318359375,50.48
1861.3833480409812,595.14111328125,49.46
1861.614908500982,595.14111328125,48.35
1861.8492812589975,724.513671875,27.79
1862.0831294959935,595.1416015625,48.87
1862.316249200987,595.1416015625,49.26
1862.551974396978,456.7763671875,37.88
1862.7905688829778,595.14208984375,49.72
1863.0226542140008,595.14208984375,49.98
1863.2533227789972,456.77685546875,49.45
1863.4839056479977,533.26123046875,48.38
1863.7183189839998,595.142578125,49.45
1863.949362047977,489.6796875,49.57
1864.1835428069753,724.51513671875,40.67
1864.4134237539838,595.14306640625,49.02
1864.645679430978,595.14306640625,49.73
1864.8755891529727,1029.76416015625,27.32
1865.110012406978,595.1435546875,48.72
1865.3413986089872,595.1435546875,49.53
1865.5760268519807,456.7783203125,49.06
1865.810119259986,589.51904296875,52.74
1866.042717935983,595.14404296875,49.08
1866.2745251519955,489.68115234375,49.14
1866.5107710979937,724.5166015625,34.42
1866.744149500999,595.14453125,48.69
1866.975421020994,595.14453125,50.13
1867.2097861660004,1029.765625,22.73
1867.4406925469812,595.14501953125,49.26
1867.671126649977,595.14501953125,49.32
1867.9031451399787,456.77978515625,41.64
1868.1362226599886,595.1455078125,50.42
1868.369712601998,595.1455078125,49.46
1868.601659573993,456.7802734375,49.35
1868.8343028799864,724.51806640625,42.89
1869.0684724639868,595.14599609375,49.65
1869.3027681149833,595.14599609375,49.39
1869.5375049639842,1029.76708984375,24.1
1869.771437361982,595.146484375,49.89
1870.0006427869957,595.146484375,49.09
1870.235110530979,984.767578125,34.53
1870.465909423976,595.14697265625,48.11
1870.6961282009725,595.14697265625,49.08
1870.9293164209812,456.78173828125,50.45
1871.1621390839864,747.01953125,50.89
1871.3957813539892,595.1474609375,49.07
1871.629357901984,595.1474609375,49.0
1871.8608582969755,724.52001953125,28.16
1872.094179918,595.14794921875,49.68
1872.3271280189801,595.14794921875,48.6
1872.5616649769945,456.78271484375,36.85
1872.7914543589868,595.1484375,48.58
1873.0239708299923,595.1484375,49.03
1873.2551345129905,456.783203125,50.01
1873.487841026974,589.52392578125,52.2
1873.720514015993,595.14892578125,49.39
1873.951795942994,489.68603515625,49.55
1874.184128726978,724.521484375,31.66
1874.414358119975,595.1494140625,49.8
1874.6445951959759,595.1494140625,49.64
1874.8795755869942,984.7705078125,34.26
1875.1124806639855,595.14990234375,48.35
1875.344927920989,595.14990234375,49.67
1875.576419377001,456.78466796875,51.17
1875.811842571973,589.525390625,53.13
1876.0435938439914,595.150390625,50.08
1876.277972537995,492.5,49.67
1876.512890419981,724.52294921875,38.79
1876.7437743810005,595.15087890625,49.02
1876.975190895988,595.15087890625,49.32
1877.2082615709805,1029.77197265625,28.12
1877.440020524984,595.1513671875,49.82
1877.6705809039995,595.1513671875,49.24
1877.9033722769818,456.7861328125,49.8
1878.1382195469923,589.52685546875,52.76
1878.3688557759742,595.15185546875,49.97
1878.5989015519735,492.50146484375,48.52
1878.8276001269987,747.0244140625,46.6
1879.0587296559825,595.15234375,48.9
1879.2893362009781,595.15234375,49.44
1879.5196906130004,1029.7734375,20.4
1879.7522241959814,595.15283203125,50.56
1879.983056402998,595.15283203125,49.38
1880.2169609339908,456.78759765625,42.65
1880.449155009992,589.5283203125,50.74
1880.6807385179854,595.1533203125,49.53
1880.9129256099986,489.6904296875,49.54
1881.1472732939874,724.52587890625,45.93
1881.3772965799726,595.15380859375,49.49
1881.6111315469898,595.15380859375,48.59
1881.8448693619866,1029.77490234375,27.89
1882.0798568769824,595.154296875,47.83
1882.3124883799755,595.154296875,49.19
1882.5472423399915,456.7890625,33.61
1882.7798028819961,595.15478515625,49.0
1883.012843175995,595.15478515625,49.03
1883.2470179979864,456.78955078125,49.61
1883.4800874859793,747.02734375,53.96
1883.7134894259798,595.1552734375,48.89
1883.944740691979,595.1552734375,49.12
1884.179258233984,724.52783203125,33.07
1884.4111468859774,595.15576171875,49.78
1884.6472278629954,595.15576171875,49.87
1884.8777959949803,1029.77685546875,26.94
1885.110529327998,595.15625,50.43
1885.341133917973,595.15625,49.36
1885.575851210975,456.791015625,43.32
1885.8099794479785,589.53173828125,50.03
1886.0417774449743,595.15673828125,49.76
1886.2750427019782,489.69384765625,49.37
1886.5092119369947,724.529296875,44.1
1886.7411440319847,595.1572265625,48.82
1886.9743283419812,595.1572265625,49.7
1887.2052634979773,1029.7783203125,25.4
1887.4366577319743,595.15771484375,50.6
1887.6699621019943,595.15771484375,48.56
1887.901088557992,456.79248046875,38.91
1888.1316095459915,595.158203125,49.96
1888.3663551950012,595.158203125,48.98
1888.5991798829928,456.79296875,50.07
1888.8315601599752,747.03076171875,49.87
1889.0620054379979,595.15869140625,49.1
1889.2924827039824,595.15869140625,48.88
1889.5257719169895,1029.77978515625,26.47
1889.7585271819844,595.1591796875,49.54
1889.9925791499845,595.1591796875,49.4
1890.228001786978,456.7939453125,38.7
1890.4617795529775,595.15966796875,49.84
1890.6966129939829,595.15966796875,49.73
1890.9289123239869,456.79443359375,50.69
1891.1623851549812,747.0322265625,54.63
1891.3954247489746,595.16015625,49.53
1891.626640115981,595.16015625,49.07
1891.8603637529886,724.53271484375,34.45
1892.0927954340004,595.16064453125,49.12
1892.3261597989767,595.16064453125,48.97
1892.5608604000008,456.79541015625,33.58
1892.799300182989,595.1611328125,49.63
1893.0314628999913,595.1611328125,49.52
1893.2643968219927,456.7958984375,50.71
1893.494409492996,589.53662109375,53.63
1893.7260124869936,595.16162109375,49.59
1893.9572198919777,497.451171875,48.41
1894.1914401119866,724.5341796875,46.2
1894.4253241089755,595.162109375,49.13
1894.6597500169883,595.162109375,49.48
1894.8920066019928,1029.783203125,25.13
1895.1266833159898,595.16259765625,49.78
1895.3611316439928,595.16259765625,49.29
1895.5953150569985,456.79736328125,42.11
1895.8332356979954,595.1630859375,50.76
1896.0661794679763,595.1630859375,48.67
1896.2965546929918,456.7978515625,49.01
1896.5270096789754,747.03564453125,45.33
1896.756282851973,595.16357421875,49.28
1896.9894731679815,595.16357421875,49.62
1897.222682201973,724.5361328125,31.98
1897.4574628429837,595.1640625,49.35
1897.6908151949756,595.1640625,49.53
1897.926496110973,456.798828125,34.56
1898.1598821269872,595.16455078125,48.93
1898.3926943129918,595.16455078125,49.08
1898.6260730659997,456.79931640625,50.21
1898.8612893859972,747.037109375,49.44
1899.0947792589723,595.1650390625,48.81
1899.3291932239954,595.1650390625,49.62
1899.5594820529805,724.53759765625,29.24
1899.7926420579897,595.16552734375,49.52
1900.0231631849892,595.16552734375,48.92
1900.2531993919984,1029.78662109375,24.98
1900.486465696973,595.166015625,50.49
1900.716587042989,635.80126953125,49.98
1900.9530798149935,456.80078125,44.41
1901.1851210739987,589.54150390625,52.17
1901.4163296659826,595.16650390625,49.3
1901.646503742988,489.70361328125,49.72
1901.8806074659806,724.5390625,39.23
1902.1140759659756,595.1669921875,49.24
1902.3493866449862,595.1669921875,49.37
1902.5803685959836,1029.7880859375,27.72
1902.8156548999832,595.16748046875,50.33
1903.0466081449995,595.16748046875,49.56
1903.281137560989,456.80224609375,37.61
1903.5129662879917,595.16796875,50.04
1903.7443837799947,595.16796875,49.56
1903.9761130509723,456.802734375,49.28
1904.2087718619732,747.04052734375,49.6
1904.442274584988,595.16845703125,49.1
1904.674083616992,595.16845703125,49.27
1904.9075263459818,1029.78955078125,25.9
1905.1401630859764,595.1689453125,49.17
1905.371500328998,595.1689453125,49.07
1905.6052021049836,456.8037109375,37.74
1905.8375516509986,595.16943359375,49.91
1906.070388911001,595.16943359375,49.5
1906.304039421986,456.80419921875,50.43
1906.537662554998,747.0419921875,53.23
1906.7700347309874,595.169921875,49.7
1907.0033764659893,595.169921875,49.04
1907.2372959429922,724.54248046875,33.68
1907.472088805982,595.17041015625,49.5
1907.703030247998,595.17041015625,49.6
1907.9383941470005,984.79150390625,33.62
1908.1731577459723,595.1708984375,48.67
1908.4033617159876,595.1708984375,49.68
1908.6370623749972,456.8056640625,50.44
1908.8668931039865,589.54638671875,54.4
1909.1034000539803,595.17138671875,49.05
1909.3342154290003,489.70849609375,48.53
1909.5688769179978,724.5439453125,37.9
1909.8030712259933,595.171875,49.81
1910.0358273989987,595.171875,49.49
1910.2665626639791,1029.79296875,29.05
1910.5022131989826,595.17236328125,50.08
1910.7353174689924,595.17236328125,49.11
1910.9687910679786,456.80712890625,50.46
1911.2015722439974,589.5478515625,51.27
1911.4367101309763,595.1728515625,49.51
1911.6676471029932,489.7099609375,49.82
1911.899797526974,724.54541015625,40.4
1912.1315740819846,595.17333984375,49.51
1912.3633094989927,595.17333984375,48.84
1912.5947758109833,1029.79443359375,22.43
1912.8266294719942,595.173828125,48.9
1913.060587920976,599.48828125,48.87
1913.2942980089865,456.80859375,45.02
1913.5262204649916,589.54931640625,50.85
1913.7592123579816,595.17431640625,49.22
1913.9916735129955,489.71142578125,49.44
1914.2277269719925,724.546875,37.51
1914.4626417809923,595.1748046875,49.55
1914.694505219988,595.1748046875,49.51
1914.9298268639832,1029.7958984375,23.61
1915.1604950109904,595.17529296875,48.46
1915.392458953982,482.6689453125,49.61
1915.6246927709726,456.81005859375,40.4
1915.8598435789754,595.17578125,51.5
1916.0910027219797,595.17578125,49.45
1916.3268864619895,456.810546875,49.13
1916.5567532999848,747.04833984375,42.37
1916.7925685939845,595.17626953125,49.35
1917.0239307709853,595.17626953125,49.4
1917.2566682949837,1029.69091796875,24.78
1917.4856046149798,493.81982421875,48.04
1917.7190597059962,595.0703125,50.17
1917.9527385039837,456.70458984375,47.96
1918.1860678069934,589.4453125,49.35
1918.417561217997,493.81396484375,49.14
1918.650503102981,492.419921875,49.1
1918.8833100509946,724.44287109375,35.58
1919.1153946829727,595.07080078125,49.28
1919.3478350249934,595.07080078125,49.45
1919.5797094749869,1029.69189453125,31.27
1919.8120467019908,595.0712890625,48.26
1920.0457418549922,595.0712890625,49.18
1920.2775431179907,456.7060546875,50.98
1920.5127763889905,589.44677734375,49.61
1920.744104546,595.07177734375,49.45
1920.9780009819951,492.42138671875,49.85
1921.209168434987,746.9443359375,42.48
1921.4432796329784,595.072265625,48.87
1921.6735406829976,595.072265625,49.44
1921.9098858999787,1029.693359375,24.34
1922.1426588670001,595.07275390625,50.03
1922.376102101989,595.07275390625,49.21
1922.6090672719874,456.70751953125,46.87
1922.8441575079923,595.0732421875,49.76
1923.0784311579773,595.0732421875,49.54
1923.3101558749913,482.56689453125,49.67
1923.5412593519723,746.94580078125,41.62
1923.7705306790012,595.07373046875,49.62
1924.000862268993,595.07373046875,49.39
1924.2353082179907,724.4462890625,28.37
1924.4676696089737,595.07421875,49.1
1924.6987859369838,595.07421875,49.92
1924.932550093974,488.24658203125,37.97
1925.1673008309735,595.07470703125,49.87
1925.3983688279986,595.07470703125,48.84
1925.6299541420012,456.70947265625,49.26
1925.863219211984,746.947265625,47.08
1926.0977843789733,595.0751953125,49.01
1926.3313779129821,595.0751953125,49.7
1926.5653425149794,724.44775390625,22.07
1926.7969591169967,595.07568359375,49.76
1927.0291021839948,595.07568359375,48.93
1927.2613620959746,1029.69677734375,31.66
1927.4927532500005,595.076171875,47.85
1927.7249391999794,595.076171875,48.97
1927.9566440119816,456.7109375,50.65
1928.1873990509775,746.94873046875,49.54
1928.4197686830012,595.07666015625,49.44
1928.651796790975,595.07666015625,48.99
1928.889882525982,724.44921875,24.55
1929.124734322977,595.0771484375,49.08
1929.3570829339733,595.0771484375,49.15
1929.5958248989773,456.7119140625,39.98
1929.8272543259955,595.07763671875,49.87
1930.0606093509996,595.07763671875,49.41
1930.2947130069952,456.71240234375,50.19
1930.5282098109892,589.453125,50.12
1930.761316619988,595.078125,49.74
1930.991909067001,489.615234375,49.3
1931.2226643149916,724.45068359375,28.2
1931.4535556839837,595.07861328125,49.02
1931.6847841779818,595.07861328125,49.39
1931.9232126239804,984.69970703125,39.1
1932.1554970500001,595.0791015625,49.67
1932.3874369489786,595.0791015625,49.29
1932.6209947939788,456.7138671875,49.69
1932.851844676974,589.45458984375,51.01
1933.0832169039932,595.07958984375,48.74
1933.3153301489947,491.17919921875,49.2
1933.549749836995,724.4521484375,35.17
1933.7805637519923,595.080078125,49.65
1934.0117772299855,595.080078125,49.6
1934.2453069279727,1029.701171875,32.86
1934.4768029149855,595.08056640625,49.93
1934.7121246749884,595.08056640625,48.97
1934.9455026779906,456.71533203125,49.93
1935.1793641939876,589.4560546875,50.39
1935.4110576209787,595.0810546875,48.99
1935.6436394319753,489.6181640625,49.38
1935.8756027979834,724.45361328125,50.05
1936.106375575997,595.08154296875,49.1
1936.3372255989816,595.08154296875,49.61
1936.5726555429865,1029.70263671875,25.98
1936.805373614974,595.08203125,49.15
1937.0367103619792,595.08203125,49.09
1937.269176375994,456.716796875,47.48
1937.500719365984,595.08251953125,49.98
1937.7334968029754,595.08251953125,49.56
1937.9672133969725,492.43212890625,49.19
1938.20056758399,724.455078125,49.15
1938.4324837369786,595.08251953125,49.25
1938.663674166979,595.0830078125,51.0
1938.8966798449983,1029.7041015625,25.6
1939.128745597991,595.08349609375,48.83
1939.3622380709858,595.08349609375,49.16
1939.5952930579951,456.71826171875,41.41
1939.8260580839997,595.083984375,48.7
1940.0563784289989,595.083984375,49.85
1940.2924217209802,456.71875,49.45
1940.525301265996,746.95654296875,49.64
1940.758837878995,595.08447265625,48.99
1940.9914255569747,595.08447265625,49.13
1941.2262441089842,1029.70556640625,26.97
1941.4631549019832,595.0849609375,49.87
1941.6931613799825,595.0849609375,49.83
1941.9294530279876,456.7197265625,42.93
1942.1618064569775,595.08544921875,49.63
1942.3944748019858,595.08544921875,49.36
1942.6276437699853,456.72021484375,49.17
1942.8596111859952,589.4609375,48.96
1943.0944807919732,595.0859375,49.16
1943.3271150539804,489.623046875,49.57
1943.5622073849954,724.45849609375,52.36
1943.7974065739836,595.08642578125,49.47
1944.0361535669945,595.08642578125,48.58
1944.2698610119987,724.458984375,50.44
1944.5054835099727,595.0869140625,49.46
1944.7361428649747,595.0869140625,49.92
1944.9691319909762,984.7080078125,40.47
1945.2001816209813,617.5869140625,49.34
1945.436337147985,595.08740234375,49.17
1945.671467053995,456.72216796875,48.89
1945.9018582879798,589.462890625,49.06
1946.134339457989,595.087890625,49.77
1946.3659953109745,489.625,49.02
1946.5970485729922,724.46044921875,52.69
1946.829378045979,595.08837890625,48.67
1947.0610341089778,595.08837890625,49.51
1947.2959569349769,465.70751953125,42.31
1947.5285825369938,595.0888671875,48.4
1947.7589755869994,595.0888671875,50.28
1947.9921900909976,456.7236328125,49.35
1948.228501783975,589.46435546875,49.44
1948.4628631550004,595.08935546875,49.12
1948.6947482269898,489.62646484375,48.81
1948.9246525269991,724.4619140625,51.16
1949.158550290973,595.08984375,49.6
1949.3925069999823,595.08984375,49.77
1949.6246189179947,1029.7109375,36.68
1949.861595151975,595.09033203125,49.24
1950.0948863419762,595.09033203125,49.25
1950.326907884999,456.72509765625,49.52
1950.5629760399752,589.4658203125,49.28
1950.7922013419739,595.0908203125,49.75
1951.023793499975,492.4404296875,49.69
1951.256859590998,724.46337890625,50.57
1951.4895506339963,595.09130859375,49.84
1951.7233992989932,595.09130859375,49.31
1951.9566190409823,1029.71240234375,45.89
1952.1926258759922,595.091796875,49.93
1952.4263546229922,595.091796875,49.81
1952.6578793839726,456.7265625,20.8
1952.8925515489827,595.09228515625,49.81
1953.1241438469733,595.09228515625,49.18
1953.3581860419945,456.72705078125,49.51
1953.5912990669894,746.96484375,51.05
1953.8242729669728,595.0927734375,49.64
1954.0545368109888,489.6298828125,49.41
1954.2887311909872,724.46533203125,52.39
1954.5186597959837,595.09326171875,49.65
1954.752052395983,595.09326171875,49.55
1954.9866950179858,984.71435546875,31.87
1955.218727874977,595.09375,47.88
1955.4512117679988,595.09375,48.91
1955.6856443069992,456.728515625,48.98
1955.9174235709943,752.28076171875,49.27
1956.149454821978,595.09423828125,48.91
1956.3809397729929,489.63134765625,49.52
1956.6115544299828,724.466796875,54.66
1956.843142466998,595.0947265625,49.83
1957.0750789429876,494.02001953125,48.84
1957.3083416379814,1029.7158203125,33.01
1957.5401384319994,595.09521484375,48.8
1957.7716199609858,595.09521484375,48.77
1958.003866183979,456.72998046875,49.7
1958.2399503329943,589.470703125,49.23
1958.4739974169934,595.095703125,49.29
1958.702974571992,489.6328125,48.89
1958.934892469988,724.46826171875,50.18
1959.1712110769877,595.09619140625,49.37
1959.4050853039953,595.09619140625,48.77
1959.6358506789838,1029.71728515625,39.28
1959.8667145299842,595.0966796875,49.45
1960.0994679419964,595.0966796875,48.84
1960.3348723239906,456.7314453125,49.79
1960.5695541969908,595.09716796875,50.5
1960.803927579982,595.09716796875,50.08
1961.03505193998,456.73193359375,49.02
1961.2665567269723,724.4697265625,50.26
1961.5000955049763,595.09765625,48.78
1961.733665850974,595.09765625,49.4
1961.9640068000008,1029.71875,43.24
1962.1967488969967,595.09814453125,48.83
1962.4281598859816,595.09814453125,49.31
1962.661752162996,456.73291015625,50.42
1962.8946983369824,595.0986328125,49.87
1963.128668874997,595.0986328125,49.92
1963.3618497849966,456.7333984375,50.03
1963.596662261989,746.97119140625,49.37
1963.833518298983,595.09912109375,49.22
1964.0666852409777,595.09912109375,49.62
1964.302563706995,724.4716796875,49.88
1964.5374537769821,595.099609375,49.43
1964.7686643919733,595.099609375,49.53
1965.0038044939865,984.720703125,26.67
1965.2361476569786,595.10009765625,49.69
1965.469589005981,595.10009765625,49.72
1965.7015123519814,456.73486328125,36.53
1965.9381870109937,589.4755859375,49.31
1966.1675485029991,595.1005859375,48.87
1966.3993979569932,489.6376953125,49.13
1966.632270237984,724.47314453125,52.8
1966.8659391309775,595.10107421875,49.3
1967.0970310150005,595.10107421875,49.06
1967.327256026998,1029.72216796875,36.01
1967.5597936979902,595.1015625,49.34
1967.7908420009771,595.1015625,49.55
1968.0232167319919,456.736328125,31.26
1968.2521144769853,589.47705078125,49.29
1968.4882750329853,595.1015625,49.4
1968.720317528001,489.63916015625,49.58
1968.9537847889878,724.474609375,50.94
1969.1865205299982,595.1025390625,48.37
1969.4225261779793,595.1025390625,49.42
1969.6582624469884,1029.7236328125,40.32
1969.892299264,595.10302734375,49.4
1970.1271852139907,595.10302734375,49.84
1970.3611779609928,456.73779296875,27.61
1970.5928664999956,589.478515625,48.7
1970.8256510609936,595.103515625,49.58
1971.0575289400003,492.453125,50.02
1971.292564140982,724.47607421875,51.09
1971.5224926759838,595.10400390625,49.27
1971.753719143977,595.10400390625,49.37
1971.9903391859843,1029.72509765625,44.39
1972.224238136987,595.1044921875,48.94
1972.456243825989,595.1044921875,48.69
1972.693003480992,984.7255859375,25.77
1972.9248998679977,595.10498046875,49.23
1973.1580812679895,595.10498046875,49.36
1973.391580306983,456.73974609375,39.81
1973.625185433979,746.9775390625,50.82
1973.8571501959814,595.10546875,48.85
1974.0881434639741,595.10546875,49.65
1974.3202784989844,724.47802734375,46.49
1974.550883168995,595.10595703125,49.79
1974.7826977020013,595.10595703125,49.87
1975.0150035689876,1029.72705078125,32.71
1975.245954442973,595.1064453125,49.0
1975.4794302939845,595.1064453125,48.99
1975.7134924639831,456.7412109375,29.4
1975.9467488039809,589.48193359375,48.93
1976.1779818369832,595.10693359375,49.29
1976.410850276996,489.64404296875,49.44
1976.6412596009905,724.4794921875,51.03
1976.8721239409933,595.107421875,49.62
1977.1035334629996,595.107421875,49.26
1977.3382127519872,984.728515625,28.4
1977.5700351069972,595.10791015625,50.06
1977.806868235988,595.10791015625,49.37
1978.039241779974,456.74267578125,29.77
1978.2706105849938,593.7978515625,49.13
1978.504134207993,595.1083984375,49.16
1978.7357869879925,492.4580078125,49.49
1978.968803980999,724.48095703125,50.32
1979.2023427589738,595.10888671875,48.73
1979.4320178389899,635.744140625,49.52
1979.6629290429992,1029.72998046875,34.95
1979.8971010739915,595.109375,49.25
1980.131892667996,595.109375,49.04
1980.3651672359847,456.744140625,33.9
1980.5979990089836,589.48486328125,48.08
1980.83214107799,595.10986328125,49.3
1981.064394424,456.74462890625,43.85
1981.2967206859903,746.982421875,50.3
1981.5293874939962,595.1103515625,49.22
1981.7626897189766,716.74560546875,48.99
1981.9986261529848,1029.7314453125,45.38
1982.2313285799755,595.11083984375,48.93
1982.4626445159956,595.11083984375,49.55
1982.696306353988,456.74560546875,22.31
1982.926374851988,595.111328125,49.64
1983.1602355989744,595.111328125,49.35
1983.394908252987,456.74609375,44.88
1983.6273274729901,746.98388671875,53.04
1983.8608269999968,595.11181640625,49.33
1984.091587625997,595.11181640625,49.37
1984.3260386909824,724.484375,48.33
1984.558701567992,595.1123046875,49.45
1984.7925033039937,595.1123046875,49.82
1985.0339846199786,456.7470703125,22.69
1985.2668071569933,595.11279296875,49.71
1985.4972558739828,595.11279296875,48.72
1985.7297376479837,456.74755859375,41.62
1985.963841942983,746.9853515625,51.46
1986.1956179549743,595.11328125,49.07
1986.4281128589937,595.11328125,49.53
1986.6602394119836,1029.69091796875,37.88
1986.8947309869982,595.0703125,48.79
1987.1256723749975,595.0703125,49.26
1987.361418607994,984.69091796875,24.51
1987.592801752995,595.0703125,49.1
1987.8267916459881,595.0703125,49.22
1988.058172205987,456.705078125,40.35
1988.2926717429946,746.94287109375,51.25
1988.5263154939748,595.07080078125,47.73
1988.7572738539893,595.07080078125,49.52
1988.9907568269991,724.443359375,44.75
1989.2248658709868,595.0712890625,49.06
1989.454797889979,595.0712890625,50.21
1989.689280104998,984.6923828125,23.55
1989.9224882459966,595.07177734375,49.52
1990.1526853879914,595.07177734375,48.81
1990.3833789039927,456.70654296875,30.33
1990.6176099639852,589.447265625,49.12
1990.848659957992,595.072265625,49.27
1991.0820615639968,492.421875,49.04
1991.3153734209773,724.44482421875,51.36
1991.5484420849825,595.07275390625,49.11
1991.7800755469943,595.07275390625,49.5
1992.0129525629745,1029.69384765625,34.91
1992.2452571449976,595.0732421875,49.21
1992.477727534977,595.0732421875,49.31
1992.7145312599896,456.7080078125,30.02
1992.9470867879863,595.07373046875,48.66
1993.1823256819916,595.07373046875,49.78
1993.4152834359847,456.70849609375,42.1
1993.65258660799,746.9462890625,50.88
1993.8839005379996,488.19287109375,49.21
1994.1176345259883,595.07421875,48.88
1994.3512877759931,1029.6953125,37.29
1994.58488501198,595.07470703125,49.25
1994.8175493549788,595.07470703125,49.28
1995.052856135997,456.70947265625,30.22
1995.2906467419816,595.0751953125,47.58
1995.522082268988,595.0751953125,48.9
1995.7552504599735,456.7099609375,49.93
1995.9900635209924,746.94775390625,53.02
1996.2212371369824,595.07568359375,49.6
1996.452138365974,595.07568359375,49.0
1996.6849080319807,724.4482421875,43.26
1996.9172073769732,595.076171875,48.22
1997.1509047669824,595.076171875,49.28
1997.387437012978,984.697265625,24.09
1997.6181309469976,595.07666015625,50.0
1997.8492079709831,595.07666015625,48.98
1998.0820939959958,456.71142578125,44.48
1998.3139036019857,746.94921875,51.72
1998.547028489993,595.0771484375,49.18
1998.7764812459936,489.6142578125,49.55
1999.007458742999,724.44970703125,46.69
1999.2367788669944,595.07763671875,49.59
1999.4680532659986,595.07763671875,49.31
1999.6976306219876,1029.69873046875,31.63
1999.9305035869766,595.078125,49.19
2000.1636246329872,595.078125,49.71
2000.3962111019937,456.712890625,34.87
2000.629642180982,589.45361328125,49.7
2000.8611126999895,595.07861328125,49.15
2001.09530024798,489.61572265625,50.67
2001.3267058119818,724.451171875,51.73
2001.5612941189902,595.0791015625,48.85
2001.7949972369825,626.71435546875,50.42
2002.0273588809941,1029.7001953125,35.38
2002.2597143789753,595.07958984375,49.34
2002.491784428974,595.07958984375,49.67
2002.7255520819745,456.71435546875,26.45
2002.9569796469877,595.080078125,49.53
2003.1909432089888,595.080078125,49.56
2003.4229091929737,456.71484375,40.15
2003.6551595769997,589.45556640625,50.26
2003.8896329929994,595.08056640625,48.71
2004.1196342949988,489.61767578125,49.67
2004.3496902149927,724.453125,49.37
2004.5793849069742,595.0810546875,49.36
2004.8152662859939,595.0810546875,50.12
2005.0467861129728,1029.7021484375,37.38
2005.2791931549727,595.08154296875,48.37
2005.5111363009783,595.08154296875,48.83
2005.7434996209922,456.71630859375,24.82
2005.9762570659805,595.08203125,50.5
2006.2107209120004,595.08203125,48.94
2006.4409353749943,492.431640625,49.62
2006.6747653979983,724.45458984375,50.2
2006.907988484978,595.08251953125,49.05
2007.1426922419923,595.08251953125,48.98
2007.373457625974,1029.70361328125,39.28
2007.6062344870006,595.0830078125,48.5
2007.8399654719979,595.0830078125,49.98
2008.0761231489887,456.7177734375,23.05
2008.3084758539917,595.08349609375,49.58
2008.5396510059945,595.08349609375,49.11
2008.7694517199998,456.71826171875,36.68
2009.0027068649943,746.9560546875,50.52
2009.2352909589827,595.083984375,49.71
2009.4674547379836,595.083984375,49.08
2009.70223623098,724.45654296875,46.16
2009.937622213998,595.08447265625,49.77
2010.1721059659903,595.08447265625,48.87
2010.4060121869843,984.70556640625,23.81
2010.6374329069804,595.0849609375,50.18
2010.86972533699,595.0849609375,48.31
2011.1027590099839,456.7197265625,30.15
2011.334619880974,589.46044921875,48.04
2011.5703481639794,626.720703125,50.04
2011.8028212079953,492.43505859375,50.11
2012.0392344409775,724.4580078125,53.67
2012.270384170988,595.0859375,49.21
2012.5009706869896,595.0859375,49.08
2012.731065438973,1029.70703125,32.58
2012.9646690999798,595.08642578125,49.2
2013.1962544409907,595.08642578125,49.18
2013.4275286999764,456.72119140625,34.28
2013.6583190179954,589.4619140625,47.77
2013.8927847509913,595.0869140625,48.66
2014.124153717974,456.7216796875,43.86
2014.3592872879817,746.95947265625,50.07
2014.5914009900007,595.08740234375,48.97
2014.8262903199939,595.08740234375,49.32
2015.061778762989,1029.70849609375,45.49
2015.2918605939776,595.087890625,48.97
2015.5242390009807,595.087890625,49.15
2015.757004546991,456.72265625,23.88
2015.9895586779749,595.08837890625,50.45
2016.222424727981,595.08837890625,49.17
2016.453562724986,456.72314453125,45.88
2016.6875612779986,746.9609375,52.82
2016.9185073449917,595.0888671875,50.09
2017.1514758549747,599.4033203125,48.66
2017.3822424959799,724.46142578125,50.01
2017.6157377609925,595.08935546875,48.98
2017.8457971029857,595.08935546875,48.57
2018.080623085989,984.71044921875,27.43
2018.3151046729763,595.08984375,49.47
2018.5464479369984,595.08984375,48.73
2018.7787912829954,456.724609375,38.62
2019.0136222239817,746.96240234375,50.74
2019.2456804009853,595.09033203125,49.44
2019.4771139719815,595.09033203125,49.76
2019.708934403985,724.462890625,48.72
2019.942886231991,595.0908203125,49.97
2020.1742056799994,595.0908203125,48.86
2020.406875191984,1029.7119140625,38.29
2020.6385894619743,595.09130859375,49.67
2020.869439565984,595.09130859375,49.65
2021.1014258739888,456.72607421875,28.53
2021.3331907109823,589.466796875,48.53
2021.564903164981,595.091796875,49.61
2021.7982409339747,489.62890625,49.29
2022.0310028479726,724.46435546875,50.6
2022.262018060981,595.09228515625,49.64
2022.4932670369744,595.09228515625,49.28
2022.7240669939783,1029.71337890625,40.08
2022.9562626909756,595.0927734375,48.92
2023.1892553659854,595.0927734375,48.43
2023.4255620189942,456.7275390625,26.61
2023.6577772729797,626.728515625,49.73
2023.8920373879955,595.09326171875,49.42
2024.126893681998,456.72802734375,48.42
2024.3599844859855,746.9658203125,50.12
2024.59283258699,595.09375,49.11
2024.826830999984,595.09375,49.32
2025.0618326379918,1029.71484375,45.0
2025.292674359982,595.09423828125,49.06
2025.5243798299925,595.09423828125,49.34
2025.758615988976,456.72900390625,20.75
2025.9923846189922,595.0947265625,49.61
2026.2229301379994,595.0947265625,49.08
2026.455019883986,456.7294921875,48.34
2026.6860803539748,752.28173828125,48.78
2026.9184672119736,595.09521484375,49.65
2027.1509366940008,595.09521484375,49.24
2027.3838587579958,724.4677734375,50.09
2027.615295401978,595.095703125,49.69
2027.8478666449955,595.095703125,49.95
2028.0804115569917,984.716796875,28.85
2028.3159715189831,595.09619140625,49.72
2028.5481568799878,595.09619140625,49.28
2028.7790470039763,456.73095703125,49.52
2029.0129929649993,589.4716796875,48.43
2029.2440323429764,595.0966796875,49.94
2029.4767138679745,489.6337890625,48.76
2029.7117300329846,724.46923828125,52.44
2029.9433201219945,595.09716796875,48.94
2030.1756958049955,595.09716796875,49.42
2030.4062368539744,1029.71826171875,37.32
2030.6392641709826,595.09765625,48.68
2030.8723364670004,595.09765625,48.85
2031.1080391180003,456.732421875,48.91
2031.3405991859909,589.47314453125,48.45
2031.5738154290011,595.09814453125,49.45
2031.803894814977,492.44775390625,49.37
2032.0365368089988,724.470703125,53.22
2032.2682491939922,595.0986328125,49.48
2032.5014770299895,595.0986328125,48.58
2032.734126077994,1029.7197265625,46.47
2032.9676689059997,595.09912109375,49.78
2033.1990222979803,595.09912109375,49.13
2033.4325207059737,456.73388671875,49.71
2033.6651324579725,595.099609375,51.06
2033.8995790539775,595.099609375,49.14
2034.130781164975,492.44921875,49.67
2034.3632351419947,746.97216796875,49.67
2034.5950937779853,595.10009765625,49.1
2034.827579881996,595.10009765625,48.88
2035.060483157984,724.47265625,53.81
2035.2971277109755,599.4150390625,49.04
2035.530285774992,595.1005859375,49.4
2035.7626692799968,1029.7216796875,36.37
2035.9942423279863,595.10107421875,50.3
2036.2292401239974,516.3505859375,49.61
2036.4623550239776,456.73583984375,49.15
2036.69542529498,589.4765625,48.63
2036.9276613619877,595.1015625,49.05
2037.1607406419935,595.1015625,48.95
2037.3938312369864,724.47412109375,51.81
2037.6271389039757,595.10205078125,49.17
2037.8612536759756,595.10205078125,49.33
2038.0936537339876,1029.72314453125,37.0
2038.3244913349918,595.1025390625,48.59
2038.5558473809797,595.1025390625,48.87
2038.790611202974,456.7373046875,49.79
2039.0239960469771,589.47802734375,48.95
2039.2589559179905,595.10302734375,49.67
2039.491741927981,489.64013671875,49.36
2039.7276239359926,724.4755859375,50.74
2039.9609297169955,595.103515625,49.55
2040.1917995859985,595.103515625,49.2
2040.4240765809955,1029.724609375,36.08
2040.6558771769924,595.10400390625,49.02
2040.8891924569907,595.10400390625,49.65
2041.121351625974,456.73876953125,50.19
2041.3534623949963,595.1044921875,49.42
2041.5862826279772,595.1044921875,49.73
2041.8168382039876,456.7392578125,49.28
2042.0470459619828,746.97705078125,50.91
2042.279975219979,595.10498046875,49.71
2042.5155274989957,595.10498046875,49.52
2042.748151193984,1029.72607421875,45.72
2042.9820060099883,595.10546875,49.78
2043.2154668429866,595.10546875,49.07
2043.448151441,456.740234375,50.56
2043.6813664959918,595.10595703125,49.97
2043.9160321189847,595.10595703125,49.34
2044.1493430689734,456.74072265625,49.43
2044.3805769589962,589.4814453125,49.27
2044.6121821349952,595.1064453125,49.0
2044.8460333889816,595.1064453125,49.26
2045.077573889983,724.47900390625,52.9
2045.3118949779891,595.10693359375,49.24
2045.5438211519795,595.10693359375,49.03
2045.7783764929918,456.70458984375,20.47
2046.0156872069929,595.0703125,50.96
2046.2464286350005,595.0703125,49.11
2046.4813632929872,456.70458984375,49.15
2046.712131051987,746.9423828125,52.04
2046.9458016929857,595.0703125,49.21
2047.1773597939755,595.0703125,49.95
2047.4114081449807,724.44287109375,47.97
2047.6463414059835,595.07080078125,49.96
2047.8788032749726,595.07080078125,49.14
2048.113364762976,533.18994140625,25.71
2048.346767415991,595.0712890625,49.7
2048.579299336998,595.0712890625,49.55
2048.8111040539807,456.7060546875,39.29
2049.0436324139882,746.94384765625,49.77
2049.276413464977,595.07177734375,49.02
2049.5087904049724,595.07177734375,49.35
2049.741911031975,724.4443359375,48.14
2049.975779677974,516.32177734375,49.2
2050.2082049489836,595.072265625,48.67
2050.4383520829724,1029.693359375,35.02
2050.672535370977,595.07275390625,49.79
2050.903828278999,595.07275390625,49.79
2051.137678834988,456.70751953125,31.56
2051.3701782790013,589.4482421875,48.27
2051.603657130996,595.0732421875,49.22
2051.835323907988,489.6103515625,49.56
2052.0682238320005,724.44580078125,52.02
2052.3023653540004,595.07373046875,49.54
2052.5343925899942,595.07373046875,49.27
2052.7648702909937,1029.69482421875,36.15
2052.9993753449817,595.07421875,49.42
2053.229614532989,595.07421875,49.6
2053.464993740985,456.708984375,21.39
2053.698310906999,595.07470703125,50.47
2053.9304394149804,595.07470703125,48.92
2054.1631538359798,456.70947265625,49.67
2054.395119261986,746.947265625,51.05
2054.628163271991,595.0751953125,49.45
2054.8618001079885,595.0751953125,49.2
2055.0945035639743,1029.6962890625,42.44
2055.3279924029775,595.07568359375,47.86
2055.559544567979,595.07568359375,49.31
2055.790662448999,456.71044921875,22.74
2056.0201606029877,595.076171875,49.38
2056.255120055983,595.076171875,49.57
2056.489985778986,456.7109375,49.76
2056.7247405909875,746.94873046875,49.38
2056.956706365978,595.07666015625,48.95
2057.1923265319783,595.07666015625,48.94
2057.428407312982,1029.69775390625,46.6
2057.660019611998,595.0771484375,50.28
2057.894812699,595.0771484375,49.28
2058.1301012509794,456.7119140625,24.51
2058.3627820769907,595.07763671875,49.37
2058.5959474739793,595.07763671875,49.81
2058.828044902999,456.71240234375,39.52
2059.0601229849854,589.45263671875,50.86
2059.2936195069924,595.078125,48.79
2059.524850952992,489.615234375,49.23
2059.7561675379984,724.45068359375,50.08
2059.986645377998,595.07861328125,49.15
2060.219309511973,595.07861328125,49.1
2060.4559019619774,984.69970703125,26.86
2060.687380162999,595.0791015625,49.71
2060.918457675987,595.0791015625,49.31
2061.150986663997,456.7138671875,38.87
2061.383191091998,746.95166015625,49.81
2061.614513542998,595.07958984375,49.29
2061.845097055979,489.61669921875,48.96
2062.0763882179745,724.4521484375,52.82
2062.3075257249875,595.080078125,49.38
2062.536743320001,595.080078125,49.48
2062.769818967994,1029.701171875,37.52
2062.9995327969955,595.08056640625,49.79
2063.233823991992,595.08056640625,49.62
2063.4675143289787,456.71533203125,51.07
2063.7011967729777,595.0810546875,49.52
2063.9314495099825,595.0810546875,48.56
2064.163339294988,456.7158203125,49.56
2064.394562219997,746.95361328125,49.93
2064.6267642039747,595.08154296875,49.35
2064.8580264509947,595.08154296875,48.95
2065.0916947169753,724.4541015625,52.56
2065.328104037995,595.08203125,49.38
2065.5602319179743,595.08203125,49.0
2065.7924431209976,1029.703125,37.92
2066.025403318985,595.08251953125,50.26
2066.258726071974,595.08251953125,49.47
2066.4914932249812,456.71728515625,49.0
2066.7240558769845,589.4580078125,48.9
2066.957056024985,595.0830078125,49.71
2067.1883673720004,489.6201171875,49.89
2067.418286887987,724.45556640625,52.85
2067.6523629669973,595.08349609375,49.97
2067.8839120589837,595.083984375,49.01
2068.115793322999,1029.70458984375,32.2
2068.347764754988,595.083984375,48.8
2068.579506892973,595.083984375,49.1
2068.8157230289944,456.71875,49.11
2069.046731745999,595.08447265625,48.86
2069.2807925289962,595.08447265625,49.53
2069.512085785973,492.43408203125,49.09
2069.7477406639955,724.45703125,52.88
2069.9783878039743,595.0849609375,49.47
2070.209328284982,595.0849609375,49.5
2070.4403925269726,1029.7060546875,34.73
2070.676590992982,595.08544921875,48.95
2070.907021130988,626.720703125,49.13
2071.139535661001,456.72021484375,50.87
2071.3722051729856,595.0859375,49.4
2071.6061789319792,595.0859375,48.88
2071.837479801994,456.720703125,49.12
2072.070389224973,724.45849609375,49.67
2072.3043919679767,595.08642578125,49.81
2072.537188174989,595.08642578125,49.55
2072.7661511929764,1029.69091796875,32.76
2073.0004234599764,595.0703125,49.07
2073.233877308987,595.0703125,49.66
2073.4669437379926,456.70458984375,49.24
2073.6999415819882,589.4453125,48.81
2073.9328246729856,595.0703125,50.42
2074.162657933979,492.419921875,48.99
2074.396302941983,724.44287109375,50.49
2074.6271377499797,595.07080078125,49.46
2074.8632690269733,595.07080078125,49.43
2075.0942595149972,1029.69189453125,33.15
2075.327942796983,595.0712890625,50.33
2075.5628865349863,595.0712890625,49.54
2075.7985469299892,456.7060546875,49.81
2076.028164724994,595.07177734375,50.74
2076.258425423992,493.8154296875,48.83
2076.4880416829837,492.42138671875,49.8
2076.723542906984,724.4443359375,50.69
2076.9541294929804,595.072265625,48.8
2077.1881045089976,595.072265625,49.6
2077.4215302099765,724.44482421875,21.58
2077.656043645984,595.07275390625,49.6
2077.8872168429953,595.07275390625,49.34
2078.1244047039945,984.69384765625,42.42
2078.3567359659937,595.0732421875,49.01
2078.5876054859837,595.0732421875,49.23
2078.8199078339967,456.7080078125,49.58
2079.053370971,746.94580078125,48.59
2079.285701325978,595.07373046875,48.69
2079.517673315975,595.07373046875,49.47
2079.7487316219776,724.4462890625,53.99
2079.9832593049796,595.07421875,49.86
2080.2131971899944,595.07421875,49.3
2080.446527276974,1029.6953125,30.51
2080.6773473479843,595.07470703125,49.58
2080.9086095939856,595.07470703125,49.43
2081.140067681001,456.70947265625,49.78
2081.371433016,589.4501953125,49.81
2081.602438239992,595.0751953125,49.62
2081.8335758869944,489.6123046875,49.19
2082.0652025049785,724.44775390625,34.49
2082.2969440829766,595.07568359375,49.37
2082.5312163509952,595.07568359375,49.23
2082.7611855259747,1029.69677734375,31.05
2082.994506043993,595.076171875,49.7
2083.2272212329844,595.076171875,48.6
2083.461703587993,456.7109375,38.97
2083.692908423982,595.07666015625,50.26
2083.924315175973,595.07666015625,49.17
2084.15532962,456.71142578125,48.86
2084.3890744339733,746.94921875,47.75
2084.618993739976,595.0771484375,49.74
2084.849660226988,595.0771484375,49.37
2085.0835346689855,1029.6982421875,23.47
2085.3172594379866,595.07763671875,49.34
2085.5494739929854,595.07763671875,49.57
2085.7834842099983,456.71240234375,41.25
2086.018089348974,595.078125,50.64
2086.250114070979,599.392578125,49.84
2086.4825885819737,456.712890625,49.42
2086.71390530598,589.45361328125,52.64
2086.944436017977,595.07861328125,49.04
2087.175713769975,595.07861328125,49.4
2087.408761271974,724.451171875,33.25
2087.641462701984,595.0791015625,48.9
2087.8721620849974,595.0791015625,49.38
2088.1065333889856,984.7001953125,32.45
2088.338681313995,595.07958984375,48.55
2088.5686828259786,595.07958984375,49.92
2088.800814826973,456.71435546875,43.26
2089.030335958989,589.455078125,51.72
2089.2622630409896,595.080078125,49.27
2089.4944838119845,492.4296875,49.12
2089.727618756995,746.95263671875,49.71
2089.961166055,595.08056640625,49.06
2090.192906725977,595.08056640625,49.73
2090.427906686993,1029.70166015625,29.47
2090.6622332229745,595.0810546875,49.28
2090.8938562779804,595.0810546875,49.49
2091.1293785249873,456.7158203125,35.33
2091.361055079993,595.08154296875,49.84
2091.5937437989924,595.08154296875,49.55
2091.8284594289726,456.71630859375,51.44
2092.0614531519823,746.9541015625,51.72
2092.2933403539937,595.08203125,49.31
2092.525708702975,489.619140625,49.81
2092.756443635997,724.45458984375,37.81
2092.9904084549926,595.08251953125,49.04
2093.2202777539787,595.08251953125,48.92
2093.458839704981,984.70361328125,29.25
2093.6895773609867,595.0830078125,48.46
2093.920438080997,595.0830078125,49.19
2094.154883348994,456.7177734375,50.15
2094.3874730309763,746.95556640625,52.71
2094.6198184719833,595.08349609375,49.41
2094.8502552449936,595.08349609375,49.59
2095.0808241609775,724.4560546875,37.81
2095.315345417999,595.083984375,49.25
2095.5482483459928,595.083984375,48.8
2095.7801303779997,1029.705078125,23.52
2096.0123853729747,595.08447265625,50.69
2096.245839848998,595.08447265625,48.63
2096.4794565009943,456.71923828125,43.71
2096.7132009659836,589.4599609375,50.36
2096.9454449249897,595.0849609375,49.05
2097.1776608769724,489.6220703125,49.41
2097.4074002679845,724.45751953125,43.16
2097.642857211991,595.08544921875,49.72
2097.876580653974,499.6357421875,49.38
2098.1099106009933,1029.70654296875,26.38
2098.3418726739765,595.0859375,48.94
2098.5712902989762,595.0859375,49.09
2098.8027490129753,456.720703125,34.91
2099.0360427819833,595.08642578125,49.03
2099.268717950996,595.08642578125,49.11
2099.5015625589876,456.72119140625,50.01
2099.7332613239996,724.458984375,49.13
2099.9699616119906,595.0869140625,49.6
2100.202865166997,595.0869140625,49.3
2100.434239233,1029.7080078125,25.08
2100.6663039749837,599.40185546875,49.72
2100.898491920001,595.08740234375,49.59
2101.1325823160005,456.72216796875,34.23
2101.365253154974,595.087890625,48.15
2101.5981361070008,595.087890625,49.06
2101.8311322049994,456.72265625,49.9
2102.0630314890004,746.96044921875,53.66
2102.295809396979,595.08837890625,48.73
2102.530108344974,595.08837890625,48.93
2102.7638097159797,1029.70947265625,29.86
2102.9945041399915,595.0888671875,49.17
2103.22639204,595.0888671875,49.15
2103.460125189973,456.7236328125,36.54
2103.6935198110004,595.08935546875,50.21
2103.926825871982,595.08935546875,49.79
2104.159308832983,456.72412109375,50.15
2104.395748815994,746.9619140625,54.43
2104.627688468987,595.08984375,49.48
2104.860721164994,595.08984375,49.48
2105.0937970929954,724.46240234375,34.49
2105.328316464991,595.09033203125,49.64
2105.561879686982,595.09033203125,49.3
2105.797746118973,984.71142578125,32.41
2106.0326547259756,595.0908203125,48.73
2106.2640782399976,595.0908203125,49.09
2106.4984452149947,456.7255859375,50.47
2106.7287851159927,589.46630859375,54.23
2106.959756326978,595.09130859375,49.62
2107.1922727429774,492.44091796875,49.39
2107.4252985239727,724.4638671875,44.38
2107.656548128987,595.091796875,49.55
2107.8881031579804,595.091796875,49.04
2108.1192000159936,1029.712890625,24.32
2108.3496491509723,595.09228515625,49.99
2108.5837035789737,595.09228515625,49.31
2108.8187886789965,456.72705078125,42.51
2109.051364391984,589.4677734375,50.87
2109.284696433984,595.0927734375,49.44
2109.5167506299913,489.6298828125,49.6
2109.7488021709723,724.46533203125,43.0
2109.978879462986,595.09326171875,49.26
2110.211176851997,595.09326171875,49.35
2110.4467123679933,1029.71435546875,26.74
2110.6797743279894,595.09375,50.02
2110.9126413560007,595.09375,49.01
2111.1440675939957,456.728515625,38.27
2111.3778493540012,595.09423828125,49.76
2111.6135200869758,595.09423828125,49.03
2111.8468047059723,492.44384765625,48.69
2112.082309700985,746.966796875,48.98
2112.3138106009865,595.0947265625,49.75
2112.547373543988,595.0947265625,50.05
2112.779296434979,1029.7158203125,23.83
2113.012849250983,595.09521484375,50.01
2113.2440410339914,595.09521484375,48.86
2113.478113987978,984.71630859375,31.15
2113.7084789069777,595.095703125,49.04
2113.9385505549726,595.095703125,49.68
2114.171774426999,456.73046875,49.27
2114.4034099289856,746.96826171875,51.12
2114.6369310529844,595.09619140625,49.22
2114.8681879369833,595.09619140625,49.57
2115.1021164549747,724.46875,34.67
2115.3364158399927,595.0966796875,49.38
2115.569826681982,595.0966796875,48.99
2115.808737170999,984.7177734375,32.4
2116.0420888559893,595.09716796875,48.3
2116.277155954973,494.1982421875,49.46
2116.5114892129786,456.73193359375,40.79
2116.7416546599998,589.47265625,51.8
2116.971261782979,499.46630859375,48.92
2117.2040765139973,479.87841796875,49.54
2117.4362373759795,724.47021484375,42.85
2117.670034588984,595.09814453125,49.21
2117.902477406984,595.09814453125,49.73
2118.135794449976,1029.71923828125,24.29
2118.368293211999,595.0986328125,51.38
2118.5992151989776,595.0986328125,49.69
2118.8311357309867,456.7333984375,42.81
2119.0645089269965,589.47412109375,50.31
2119.2950212839933,595.09912109375,49.86
2119.5306990899844,456.73388671875,49.14
2119.762693097,746.9716796875,52.65
2119.996396441973,595.099609375,48.52
2120.2304647159763,595.099609375,49.0
2120.4651592019945,1029.720703125,30.61
2120.696680301975,595.10009765625,48.61
2120.9307119779987,595.10009765625,49.61
2121.1635244749777,456.73486328125,34.14
2121.3950303489983,595.1005859375,49.62
2121.6265707949933,595.1005859375,49.28
2121.859317429975,456.7353515625,50.23
2122.091961395985,746.97314453125,53.29
2122.3246934339986,595.10107421875,49.46
2122.554635243985,489.63818359375,48.81
2122.789319043979,724.4736328125,41.39
2123.0203985959815,626.73681640625,47.67
2123.255286058993,595.1015625,48.89
2123.4861710289842,1029.72265625,22.89
2123.7180217179994,595.10205078125,50.39
2123.948213006981,595.10205078125,49.03
2124.1862167239888,456.73681640625,38.07
2124.4162139899854,595.1025390625,50.16
2124.650478172989,595.1025390625,48.86
2124.8815459219913,456.7373046875,50.93
2125.1186789069907,746.97509765625,52.26
2125.34939080599,595.10302734375,49.59
2125.582416323974,595.10302734375,48.76
2125.8130743039947,724.4755859375,41.75
2126.0488519849896,595.103515625,48.13
2126.2790938409744,595.103515625,49.26
2126.5151980379887,1012.3212890625,23.57
2126.7455259400012,595.10400390625,50.19
2126.9843913809746,595.10400390625,49.62
2127.2232799399935,456.73876953125,44.1
2127.453312614991,589.4794921875,50.81
2127.682240653987,488.22314453125,49.2
2127.9123620299797,489.6416015625,49.2
2128.1416797229904,724.47705078125,44.52
2128.3741209339933,595.10498046875,49.28
2128.6064622699923,595.10498046875,48.96
2128.836998863,1029.72607421875,25.67
2129.0718336639984,595.10546875,49.76
2129.3083714469976,595.10546875,49.57
2129.5391829419823,456.740234375,40.43
2129.7740390449762,589.48095703125,49.38
2130.0068986859987,595.10595703125,48.78
2130.2400872180006,489.64306640625,49.71
2130.47353766,724.478515625,47.07
2130.7070230249956,595.1064453125,50.42
2130.9376338609727,595.1064453125,48.68
2131.1706260639767,1029.7275390625,26.95
2131.405233315978,595.10693359375,49.25
2131.638329376001,595.10693359375,49.59
2131.8727493089973,456.74169921875,34.09
2132.1065642629983,595.107421875,49.94
2132.338908531994,595.107421875,49.39
2132.5717047559738,492.45703125,50.39
2132.802078683977,746.97998046875,52.0
2133.035704362992,595.10791015625,49.25
2133.2666907449893,595.10791015625,49.76
2133.499109047989,1029.72900390625,31.55
2133.732233672985,595.1083984375,49.14
2133.9669572139974,595.1083984375,49.8
2134.2005422439834,984.7294921875,26.47
2134.4328911929915,595.10888671875,50.18
2134.6682287939766,595.10888671875,49.42
2134.8986277959775,456.74365234375,39.89
2135.1327374169778,589.484375,49.87
2135.363026206993,595.109375,49.18
2135.5945948699955,489.646484375,49.34
2135.8283831439912,724.48193359375,46.83
2136.063336258987,595.10986328125,49.72
2136.295832017,595.10986328125,48.87
2136.5291307609878,1029.73095703125,23.91
2136.760938147985,595.1103515625,49.86
2136.9957003819873,595.1103515625,49.97
2137.225813515979,456.7451171875,33.68
2137.4581693099753,595.11083984375,48.3
2137.6882217509847,595.11083984375,49.74
2137.919849221973,456.74560546875,49.46
2138.1501692309976,746.9833984375,52.01
2138.3838553249952,595.111328125,49.31
2138.617250032985,595.111328125,48.95
2138.8487197279755,1029.732421875,31.42
2139.082813285,595.11181640625,48.97
2139.316780565976,595.11181640625,48.55
2139.5503732099896,456.74658203125,34.34
2139.781146360998,505.28759765625,50.48
2140.0115266449866,595.1123046875,50.33
2140.242016442993,456.7470703125,48.06
2140.4771600899985,746.98486328125,50.68
2140.7106258979766,595.11279296875,49.52
2140.942684089998,595.11279296875,49.36
2141.175289781997,724.4853515625,41.72
2141.4095593439997,595.11328125,47.96
2141.6412287899875,595.11328125,48.97
2141.8757627769955,456.748046875,25.32
2142.1106495409913,595.11376953125,50.05
2142.342938494985,595.11376953125,49.41
2142.5761900249927,456.74853515625,47.59
2142.809266807977,746.986328125,49.71
2143.0412789739785,595.1142578125,48.74
2143.2707614259853,489.6513671875,49.44
2143.506064174988,724.48681640625,45.97
2143.7392346879933,595.11474609375,49.76
2143.971280796977,595.11474609375,49.7
2144.202503736975,1029.73583984375,22.72
2144.436478560994,595.115234375,50.14
2144.670404425997,595.115234375,49.49
2144.9042648469913,456.75,41.71
2145.135052734986,589.49072265625,50.68
2145.3684763579804,595.11572265625,48.68
2145.6006752839894,489.65283203125,49.36
2145.831551173993,724.48828125,46.62
2146.0630572579976,595.1162109375,48.68
2146.2975762989954,595.1162109375,49.62
2146.529710759991,1029.7373046875,31.26
2146.7639537109935,595.11669921875,49.02
2146.997094888997,595.11669921875,49.56
2147.2319058739813,456.75146484375,34.67
2147.4630229319737,595.1171875,48.97
2147.6968572319893,595.1171875,49.22
2147.9288668129884,492.466796875,50.39
2148.1616190359928,724.48974609375,50.24
2148.3950231029885,595.11767578125,49.48
2148.6285724429763,595.11767578125,49.91
2148.867759929999,1029.73876953125,32.17
2149.0990224709967,595.1181640625,50.93
2149.333223795984,595.11865234375,48.99
2149.5644324879977,1029.7392578125,24.47
2149.7957171689777,595.11865234375,50.6
2150.0292671379866,595.11865234375,49.74
2150.2615942959965,456.75341796875,42.69
2150.496617672994,589.494140625,50.05
2150.7288586449868,595.119140625,49.68
2150.9616319599736,489.65625,49.03
2151.1954522219894,724.49169921875,45.99
2151.4298000769923,595.11962890625,50.16
2151.660685116978,595.11962890625,49.5
2151.8908998029947,1029.74072265625,25.59
2152.124075343978,595.1201171875,49.79
2152.359553049988,595.1201171875,49.71
2152.593040089996,465.7392578125,30.06
2152.8305773969914,595.12060546875,49.64
2153.0608779899776,595.12060546875,49.14
2153.293474601989,456.75537109375,48.77
2153.5259905459825,746.9931640625,51.67
2153.7561832309875,595.12109375,49.48
2153.987105007982,595.12109375,49.48
2154.221492324985,724.49365234375,38.02
2154.4544064439833,595.12158203125,50.21
2154.6866101889755,595.12158203125,49.38
2154.922396949987,456.75634765625,28.95
2155.1538350069895,595.1220703125,48.93
2155.3877265779884,595.1220703125,49.25
2155.617936933995,456.7568359375,42.63
2155.8484154169855,589.49755859375,51.07
2156.079384687997,595.12255859375,49.7
2156.3118581669987,488.2412109375,49.76
2156.5448595189955,724.4951171875,45.16
2156.776129742997,595.123046875,49.55
2157.012787515996,595.123046875,48.65
2157.243572819978,1029.744140625,22.86
2157.475374898,595.12353515625,50.64
2157.708871646988,595.12353515625,49.49
2157.9402090589865,456.75830078125,41.22
2158.17064801199,589.4990234375,50.11
2158.4025480099954,626.75927734375,49.28
2158.634651529981,492.4736328125,50.77
2158.8678246959753,724.49658203125,50.19
2159.0981863329944,595.12451171875,50.02
2159.3306132259895,595.12451171875,49.32
2159.563315651001,1029.74560546875,33.7
2159.796532398992,595.125,49.08
2160.02865463699,595.125,49.82
2160.263400876982,456.759765625,32.46
2160.495428338996,589.50048828125,49.36
2160.7305399979814,595.12548828125,48.87
2160.961979450978,456.76025390625,50.81
2161.1925142279943,746.998046875,54.5
2161.4227880709805,626.76123046875,49.14
2161.6524816589954,516.37548828125,49.49
2161.8862700019963,1029.7470703125,37.82
2162.118971378979,595.12646484375,49.51
2162.3515143519908,595.12646484375,49.79
2162.5862606619776,456.76123046875,29.58
2162.8220960339822,595.126953125,48.6
2163.0568425529927,595.126953125,48.92
2163.2886833939992,456.76171875,50.21
2163.5222108739836,724.49951171875,51.18
2163.7541446760006,595.12744140625,49.35
2163.9889796859934,595.12744140625,49.92
2164.2206707839796,724.5,39.24
2164.4543591119873,595.1279296875,48.77
2164.6853102229943,626.76318359375,49.13
2164.92184018399,984.7490234375,22.42
2165.153249324998,595.12841796875,49.95
2165.3832439359976,595.12841796875,49.1
2165.616752488975,456.76318359375,45.38
2165.851400878979,747.0009765625,52.51
2166.08343993398,595.12890625,49.1
2166.316288958973,595.12890625,49.29
2166.549554317986,724.50146484375,36.5
2166.7819058509776,595.12939453125,49.36
2167.0123431269894,615.5146484375,49.63
2167.24402786899,1029.75048828125,27.56
2167.4751153829857,595.1298828125,49.52
2167.704343257996,595.1298828125,49.66
2167.937337346986,456.7646484375,35.14
2168.171274175984,589.50537109375,48.44
2168.4045267539914,595.13037109375,49.22
2168.635287681973,489.66748046875,48.95
2168.8657273329736,724.5029296875,49.17
2169.095174096001,595.130859375,49.96
2169.330762292986,621.14111328125,49.94
2169.5621072489885,1029.751953125,26.09
2169.7970447189873,595.13134765625,50.21
2170.029744907981,599.5810546875,49.22
2170.2632291549817,456.76611328125,29.56
2170.4960458429996,595.1318359375,49.29
2170.728523232974,595.1318359375,49.38
2170.9615348519874,456.7666015625,48.49
2171.1946466259833,724.50439453125,50.91
2171.427810782974,595.13232421875,49.79
2171.6601088859898,595.13232421875,50.15
2171.893215281976,1029.75341796875,36.5
2172.128001821984,595.1328125,49.49
2172.3633622609777,595.1328125,49.59
2172.5953867889766,456.767578125,29.9
2172.8284637119796,595.13330078125,48.67
2173.0611873679736,595.13330078125,49.35
2173.295965386991,456.76806640625,39.53
2173.5268930309976,589.5087890625,50.61
2173.760585618991,595.1337890625,49.48
2173.990827194997,595.1337890625,49.04
2174.220944310975,724.50634765625,48.89
2174.452571222995,595.13427734375,49.94
2174.6837514889776,595.13427734375,49.18
2174.9140969219734,1029.75537109375,29.79
2175.1448781049985,595.134765625,48.71
2175.3810512369964,493.88427734375,49.29
2175.613694084983,456.76953125,35.61
2175.8474488339853,589.51025390625,48.58
2176.0817724539957,595.13525390625,49.02
2176.314445823984,456.77001953125,44.32
2176.5466535499727,747.0078125,49.34
2176.7781724849774,595.1357421875,48.92
2177.0101260529773,595.1357421875,49.26
2177.2461270919885,1029.7568359375,44.44
2177.4774202239932,595.13623046875,49.21
2177.71035312998,595.13623046875,49.01
2177.9435044849815,456.77099609375,22.63
2178.174271823984,595.13671875,51.04
2178.405032458977,595.13671875,49.64
2178.6376933079737,456.771484375,48.91
2178.871089461987,747.00927734375,50.2
2179.1012393209967,595.13720703125,49.5
2179.330271763989,595.13720703125,48.93
2179.561770497996,724.509765625,54.11
2179.796739163983,595.1376953125,48.81
2180.032041398983,595.1376953125,48.85
2180.263468334975,1029.7587890625,37.29
2180.4967484099907,595.13818359375,50.24
2180.7283855029964,595.13818359375,49.39
2180.962516962987,456.77294921875,49.5
2181.1946220719838,589.513671875,49.03
2181.429323379998,595.138671875,49.26
2181.6603743509913,456.7734375,49.77
2181.895071398001,747.01123046875,51.1
2182.127637190977,595.13916015625,49.08
2182.3591325729794,489.67626953125,49.16
2182.5913374169904,724.51171875,51.08
2182.8253077499976,595.1396484375,48.95
2183.057592983998,595.1396484375,49.37
2183.290750275977,1029.7607421875,38.64
2183.5235540930007,595.14013671875,49.75
2183.754009863973,595.14013671875,48.83
2183.9866408899834,456.77490234375,48.62
2184.217107206001,589.515625,50.17
2184.447726827988,595.140625,49.27
2184.6818626179884,489.677734375,49.26
2184.912139241991,724.51318359375,50.53
2185.1437859029975,595.14111328125,49.49
2185.3775258940004,595.14111328125,49.06
2185.6151770839933,724.513671875,22.93
2185.8470352289733,595.1416015625,48.5
2186.0790204879886,595.1416015625,48.73
2186.3129512899905,465.7607421875,43.23
2186.5469950269908,595.14208984375,49.79
2186.780447404977,595.14208984375,49.82
2187.0135147389956,456.77685546875,48.95
2187.2472571049875,747.0146484375,48.23
2187.4793429369747,595.142578125,49.52
2187.712286509981,595.142578125,49.66
2187.942819596996,724.51513671875,52.57
2188.176778125984,595.14306640625,49.28
2188.409304666973,595.14306640625,48.98
2188.6407212649938,1029.76416015625,32.88
2188.8716356239747,595.1435546875,50.06
2189.1007961589785,595.1435546875,49.19
2189.3372834879847,456.7783203125,50.39
2189.5687162199756,589.51904296875,50.63
2189.802702825982,595.14404296875,48.72
2190.0339570399956,489.68115234375,49.63
2190.271569536999,724.5166015625,51.11
2190.5028767619806,595.14453125,49.87
2190.7338545379753,595.14453125,49.72
2190.964200724993,1029.765625,33.72
2191.1981845369737,595.14501953125,50.12
2191.429425969982,595.14501953125,49.12
2191.664104857977,456.77978515625,45.92
2191.8959852829867,595.1455078125,49.21
2192.1269101179787,595.1455078125,48.74
2192.359439592983,456.7802734375,48.57
2192.5924527289753,747.01806640625,49.53
2192.823355143977,595.14599609375,49.38
2193.0566400389944,595.14599609375,49.2
2193.290576078987,1029.76708984375,24.61
2193.5233730509935,595.146484375,48.57
2193.7566445359844,595.146484375,49.53
2193.9930789939826,984.767578125,41.43
2194.2277286879835,493.896484375,49.25
2194.459073209,595.14697265625,49.51
2194.695810086996,456.78173828125,50.55
2194.9300727809896,589.5224609375,50.4
2195.162845867977,595.1474609375,49.56
2195.3944094159815,489.6845703125,48.67
2195.6277073709934,724.52001953125,50.44
2195.861447221978,595.14794921875,49.27
2196.092833717994,595.14794921875,48.97
2196.3263171059953,1029.76904296875,36.35
2196.5611920439987,595.1484375,50.39
2196.792811674997,595.1484375,49.77
2197.025866507989,456.783203125,49.62
2197.2572279299784,589.52392578125,50.49
2197.4912846579973,595.14892578125,48.71
2197.7202420199756,492.49853515625,49.58
2197.9529873089923,724.521484375,49.51
2198.1883136409742,595.1494140625,49.62
2198.4196554379887,595.1494140625,49.01
2198.6527187909815,1029.7705078125,31.19
2198.885699170991,595.14990234375,49.96
2199.1168121629744,595.14990234375,49.02
2199.349304270989,456.78466796875,49.42
2199.5816676589893,595.150390625,49.67
2199.8152192139823,595.150390625,49.58
2200.047196650994,456.78515625,49.83
2200.279576870991,747.02294921875,48.05
2200.5109672089748,595.15087890625,49.04
2200.7437260469887,595.15087890625,49.26
2200.9764060329762,724.5234375,26.06
2201.209004651988,595.1513671875,48.48
2201.439714999986,595.1513671875,49.45
2201.6763576589874,984.7724609375,41.11
2201.907991398999,595.15185546875,49.56
2202.138376349001,595.15185546875,49.28
2202.370029085985,456.78662109375,49.31
2202.6051318509853,747.0244140625,48.6
2202.836936984997,595.15234375,48.94
2203.069244149985,489.689453125,50.12
2203.3018045649806,724.52490234375,31.66
2203.533476927987,595.15283203125,49.27
2203.7642824709765,595.15283203125,49.35
2203.995239852986,1029.77392578125,30.11
2204.2288446979946,595.1533203125,50.38
2204.4643536679796,595.1533203125,49.72
2204.6965131159814,456.7880859375,50.36
2204.930550776975,589.52880859375,50.04
2205.163641926978,595.15380859375,49.63
2205.397228263988,489.69091796875,49.03
2205.6293890379893,724.5263671875,34.74
2205.8637369409844,595.154296875,48.99
2206.094714506995,595.154296875,49.29
2206.3292152259964,1029.775390625,22.47
2206.561674368975,595.15478515625,49.04
2206.7965076799737,595.15478515625,49.49
2207.032727789978,456.78955078125,41.61
2207.2662064289907,595.1552734375,48.7
2207.500047900976,595.1552734375,48.58
2207.7329058469913,456.7900390625,49.03
2207.9680412979797,747.02783203125,48.21
2208.201175401977,595.15576171875,48.8
2208.434595442988,595.15576171875,49.05
2208.67165785798,724.5283203125,50.88
2208.90376108099,595.15625,49.44
2209.1397307349835,595.15625,48.43
2209.3721523719723,1029.77734375,39.72
2209.6057090259856,595.15673828125,48.09
2209.83680574398,595.15673828125,49.31
2210.0694434049947,456.79150390625,50.06
2210.302202033985,589.5322265625,50.33
2210.5339714089932,595.1572265625,49.09
2210.7644516239816,489.6943359375,49.5
2210.998275984981,724.52978515625,50.33
2211.232967584976,595.15771484375,49.18
2211.46520700198,595.15771484375,48.95
2211.69806634399,456.70458984375,30.04
2211.9320196349872,595.0703125,48.41
2212.1653761189955,595.0703125,50.16
2212.4010282669915,456.70458984375,49.24
2212.6358184150013,589.4453125,48.95
2212.867292982992,595.0703125,49.01
2213.1015578429797,489.607421875,49.16
2213.337811128993,724.44287109375,50.21
2213.5697900319938,595.07080078125,48.55
2213.8006780599826,595.07080078125,49.38
2214.032504914998,1029.69189453125,38.67
2214.264323039999,595.0712890625,49.69
2214.5006349939795,595.0712890625,48.79
2214.7325500609877,456.7060546875,24.32
2214.964904927998,595.07177734375,49.69
2215.1986748819763,595.07177734375,49.76
2215.4307971719827,456.70654296875,49.45
2215.6630784249865,746.9443359375,48.39
2215.896151905996,595.072265625,49.27
2216.1283917419787,595.072265625,49.35
2216.3619777989807,724.44482421875,50.5
2216.5953833129897,595.07275390625,49.92
2216.8280994069937,595.07275390625,48.97
2217.0620214089868,984.69384765625,31.28
2217.2944017689733,595.0732421875,48.55
2217.5263745959965,595.0732421875,49.2
2217.7608433969726,456.7080078125,49.25
2217.9909818009764,589.44873046875,48.84
2218.223501217988,595.07373046875,48.85
2218.4547556419857,489.61083984375,49.88
2218.6905952479865,724.4462890625,51.43
2218.921936625993,595.07421875,49.07
2219.1520901859913,595.07421875,49.43
2219.384505119,1029.6953125,39.03
2219.617278553982,595.07470703125,49.28
2219.8494584649743,595.07470703125,49.86
2220.082066723,456.70947265625,49.8
2220.3142094769864,589.4501953125,49.78
2220.5465586179926,595.0751953125,49.28
2220.7777658269915,489.6123046875,50.15
2221.007922320976,746.94775390625,50.63
2221.237634753983,595.07568359375,49.46
2221.4710126799764,595.07568359375,49.53
2221.7046716529876,724.4482421875,22.21
2221.9409466599755,595.076171875,49.02
2222.1744014119904,595.076171875,49.18
2222.4119429489947,984.697265625,42.44
2222.64281030398,595.07666015625,49.44
2222.8730088429875,595.07666015625,48.68
2223.103673861973,456.71142578125,48.93
2223.3390091339825,746.94921875,48.78
2223.5704525519977,595.0771484375,49.24
2223.8026136049884,595.0771484375,48.94
2224.0345219679875,724.44970703125,23.16
2224.2694740809966,595.07763671875,49.49
2224.4999578579736,599.39208984375,49.29
2224.733674171992,1029.69873046875,32.64
2224.96450332299,595.078125,49.24
2225.197931744973,595.078125,49.33
2225.4308823019965,456.712890625,50.17
2225.664524162974,589.45361328125,50.22
2225.8971060899785,595.07861328125,49.23
2226.1297067339765,489.61572265625,50.02
2226.363719670975,724.451171875,50.42
2226.595198428986,595.0791015625,49.09
2226.8263107229723,716.71435546875,49.74
2227.0612185559876,1029.7001953125,30.72
2227.291826373985,595.07958984375,49.81
2227.52789199198,595.07958984375,48.9
2227.7631112539966,465.69873046875,42.17
2227.9981912499934,595.080078125,49.13
2228.232673041988,595.080078125,49.18
2228.4650006709853,456.71484375,49.48
2228.698271247995,746.95263671875,48.96
2228.931961230992,595.08056640625,49.37
2229.1630156239844,595.08056640625,48.93
2229.394887388975,724.453125,54.31
2229.6284823159804,595.0810546875,49.2
2229.8611810899747,595.0810546875,50.1
2230.0938812599925,1029.7021484375,34.64
2230.3280595839897,499.8076171875,49.56
2230.561696138,595.08154296875,48.76
2230.794463915983,456.71630859375,49.5
2231.028481112997,595.08203125,50.48
2231.261198813998,595.08203125,48.87
2231.493877542991,456.716796875,48.53
2231.7235073519987,746.95458984375,49.52
2231.957346658979,595.08251953125,49.34
2232.1880190819793,595.08251953125,49.31
2232.4249991529796,1029.70361328125,27.76
2232.6565221919736,595.0830078125,49.42
2232.888394165988,595.0830078125,48.72
2233.1242448769917,456.7177734375,43.26
2233.3561444389925,595.08349609375,49.15
2233.587157695001,595.08349609375,48.29
2233.821695779974,456.71826171875,49.01
2234.0527885170013,589.458984375,49.86
2234.2854125589947,595.083984375,49.01
2234.5162693669845,489.62109375,49.43
2234.7477265449998,724.45654296875,28.09
2234.9784881569794,595.08447265625,48.94
2235.208795161976,595.08447265625,48.52
2235.4435227309878,984.70556640625,38.28
2235.6737635949976,595.0849609375,49.0
2235.904466887994,599.3994140625,49.75
2236.135707691981,456.7197265625,50.45
2236.368441317987,589.46044921875,54.55
2236.5989030249766,595.08544921875,48.54
2236.8306791739888,489.62255859375,49.12
2237.0623253459926,724.4580078125,29.51
2237.2955168609915,595.0859375,48.82
2237.5290869239834,595.0859375,49.59
2237.763905289001,984.70703125,36.6
2237.994997606991,595.08642578125,49.46
2238.228244506987,595.08642578125,49.95
2238.4601812949986,456.72119140625,50.18
2238.691274451994,589.4619140625,50.2
2238.9246009729977,595.0869140625,49.42
2239.1571542639867,489.6240234375,49.1
2239.38751770198,724.45947265625,39.59
2239.624954125,595.08740234375,49.33
2239.858065460983,595.08740234375,49.58
2240.0926726199978,1029.70849609375,25.14
2240.323219255981,595.087890625,48.84
2240.5537472439755,595.087890625,49.57
2240.7884977909853,456.72265625,42.24
2241.018980171997,595.08837890625,49.47
2241.250650089991,595.08837890625,49.06
2241.4815884749987,456.72314453125,49.65
2241.7150725619867,746.9609375,47.58
2241.9461814329843,595.0888671875,49.43
2242.1774306179723,595.0888671875,49.99
2242.4123895059747,724.46142578125,34.04
2242.6432147449814,595.08935546875,49.24
2242.8795257909806,595.08935546875,49.11
2243.1100074569986,1029.71044921875,29.42
2243.343561133981,595.08984375,49.32
2243.576586448995,595.08984375,49.29
2243.809450148983,456.724609375,49.77
2244.0404176159936,589.46533203125,51.04
2244.275282311981,595.09033203125,49.45
2244.505171406985,489.62744140625,49.53
2244.737957021978,724.462890625,37.1
2244.968711538997,595.0908203125,49.86
2245.205380761996,595.0908203125,49.4
2245.4395861419907,1029.7119140625,25.39
2245.670740298985,595.09130859375,49.21
2245.901814206998,595.09130859375,49.07
2246.135415725992,456.72607421875,39.65
2246.369321479986,595.091796875,49.89
2246.6008589349804,595.091796875,49.35
2246.8346623689868,456.7265625,48.95
2247.066516002,746.96435546875,46.32
2247.3004833569867,595.09228515625,48.99
2247.5327140009904,595.09228515625,49.1
2247.763360121986,1029.71337890625,22.33
2247.997553139983,595.0927734375,48.92
2248.2304391189828,595.0927734375,49.38
2248.4674278039893,984.7138671875,34.83
2248.7032906919776,595.09326171875,48.22
2248.9340452089964,595.09326171875,49.79
2249.168668876984,456.72802734375,50.6
2249.4001400509733,589.46875,51.79
2249.630681197974,595.09375,49.72
2249.862457933981,595.09375,49.33
2250.095989260997,724.46630859375,34.2
2250.3272629889834,595.09423828125,49.57
2250.5579390729836,595.09423828125,49.22
2250.7924154419743,1034.81201171875,30.65
2251.0235184049816,595.0947265625,49.24
2251.254362040985,626.72998046875,49.6
2251.488405105978,456.7294921875,39.47
2251.7252806449833,595.09521484375,49.43
2251.9574410979985,595.09521484375,49.14
2252.189510475,456.72998046875,49.24
2252.419684947992,746.9677734375,49.26
2252.651597457996,595.095703125,49.14
2252.883112493,595.095703125,49.03
2253.118887030985,1029.716796875,28.13
2253.3522281059995,595.09619140625,49.99
2253.5853820019984,595.09619140625,49.51
2253.8195532979735,456.73095703125,36.98
2254.0537269689958,595.0966796875,50.12
2254.2840798899997,595.0966796875,48.83
2254.517651794973,456.7314453125,46.53
2254.749089443998,589.47216796875,50.9
2254.98235606699,595.09716796875,49.18
2255.213805798994,489.63427734375,49.12
2255.4466591620003,724.4697265625,42.07
2255.682064020977,595.09765625,47.54
2255.915190748987,595.09765625,49.19
2256.145522437,1029.71875,25.35
2256.3783832039917,595.09814453125,50.79
2256.6120141259744,595.09814453125,48.94
2256.8444291549968,456.73291015625,43.47
2257.0759972009982,589.4736328125,50.83
2257.309726112988,595.0986328125,49.5
2257.5409564689908,456.7333984375,49.75
2257.7753250009846,746.97119140625,52.25
2258.005054714973,595.09912109375,49.46
2258.23734786798,595.09912109375,49.19
2258.4743508009997,1029.72021484375,33.27
2258.7055046789756,595.099609375,49.62
2258.9365357039787,595.099609375,49.24
2259.1704972619773,456.734375,33.3
2259.4034572749806,595.10009765625,48.94
2259.635973296972,595.10009765625,49.66
2259.866991818999,456.73486328125,50.49
2260.1028703529737,746.97265625,53.14
2260.3346320029814,595.1005859375,49.95
2260.566041993996,489.6376953125,48.76
2260.7973110429884,724.47314453125,42.89
2261.0309831029736,595.10107421875,48.92
2261.261596956989,595.10107421875,49.5
2261.496677256975,984.72216796875,25.08
2261.728682657995,595.1015625,50.8
2261.9617746739823,595.1015625,49.1
2262.194820592995,456.736328125,46.08
2262.4266761119943,589.47705078125,51.21
2262.657955775998,595.10205078125,48.93
2262.88674009798,595.10205078125,49.4
2263.116420921986,724.474609375,41.61
2263.351907357981,595.1025390625,50.59
2263.583773980994,595.1025390625,49.03
2263.8157024159736,1029.7236328125,28.25
2264.04940094598,595.10302734375,49.04
2264.282186211989,595.10302734375,49.18
2264.512798738986,456.73779296875,38.22
2264.7450128299824,589.478515625,49.68
2264.97879761699,595.103515625,49.61
2265.212198197987,489.640625,49.63
2265.4456474589824,724.47607421875,51.94
2265.678143994999,595.10400390625,49.47
2265.9095747999963,595.10400390625,48.51
2266.142959246994,1034.82177734375,40.12
2266.374981759989,595.1044921875,48.26
2266.6071647009812,595.1044921875,49.19
2266.845505542995,984.7255859375,23.37
2267.0796320699737,595.10498046875,49.64
2267.3142736169975,595.10498046875,50.05
2267.546816388989,456.73974609375,41.86
2267.7785375299864,589.48046875,50.93
2268.013950631983,595.10546875,49.13
2268.2454216659826,489.642578125,49.53
2268.4780547439877,724.47802734375,46.9
2268.7120290139865,595.10595703125,50.45
2268.943854429992,595.10595703125,48.48
2269.173847869999,1029.72705078125,27.4
2269.407240418979,499.65673828125,48.78
2269.6394390759815,595.1064453125,48.6
2269.8727061869868,456.7412109375,33.37
2270.106008009985,595.10693359375,48.6
2270.3405795059807,595.10693359375,48.98
2270.577209128998,456.74169921875,50.45
2270.8108998370008,746.9794921875,51.96
2271.0418587839813,595.107421875,48.91
2271.274288200977,635.74267578125,49.4
2271.5082564639742,1029.69091796875,28.88
2271.738981855975,595.0703125,49.64
2271.9738843369996,595.0703125,50.25
2272.2066955139744,456.70458984375,33.17
2272.4376574639755,595.0703125,48.54
2272.6672468639736,595.0703125,48.84
2272.9024142579874,456.705078125,49.42
2273.1353928489843,746.94287109375,52.83
2273.3673708719725,595.07080078125,48.86
2273.598661571974,595.07080078125,49.45
2273.8357230330002,1029.69189453125,36.52
2274.06721348298,595.0712890625,49.78
2274.298324616975,599.52099609375,48.65
2274.5324557540007,456.7060546875,30.13
2274.7635425829794,595.07177734375,48.75
2274.995947833988,595.07177734375,49.1
2275.2299776989967,456.70654296875,43.9
2275.4622395629995,589.447265625,51.9
2275.6959305499913,595.072265625,49.89
2275.9291940299736,489.609375,49.23
2276.160525098996,724.44482421875,46.04
2276.391336886998,595.07275390625,49.9
2276.6279650429788,595.07275390625,49.75
2276.859828034998,1029.69384765625,23.14
2277.093236228975,595.0732421875,50.31
2277.3269907029753,595.0732421875,49.1
2277.561341844994,456.7080078125,42.1
2277.7953246349934,589.44873046875,50.46
2278.0268111049954,595.07373046875,49.15
2278.2573031520005,492.42333984375,50.75
2278.48833410698,746.9462890625,51.41
2278.72118991398,595.07421875,48.3
2278.953773962974,595.07421875,49.31
2279.187075157999,1029.6953125,34.53
2279.4213482149935,595.07470703125,49.31
2279.6531024619762,595.07470703125,49.18
2279.887332145998,456.70947265625,32.4
2280.121484864998,595.0751953125,48.62
2280.353587138001,595.0751953125,48.97
2280.5842436649837,456.7099609375,50.34
2280.8159672509937,746.94775390625,53.2
2281.047747688979,476.9521484375,49.44
2281.2793387829734,595.07568359375,49.08
2281.5120815139962,724.4482421875,45.13
2281.744448700978,595.076171875,49.28
2281.977460047987,595.076171875,49.28
2282.2108597209735,713.69677734375,26.18
2282.4428237759857,595.07666015625,49.92
2282.6749662789807,595.07666015625,49.14
2282.9082776699797,456.71142578125,42.13
2283.1393411019817,589.4521484375,50.27
2283.3706445129937,595.0771484375,49.76
2283.6037741039763,595.0771484375,48.85
2283.835018428974,724.44970703125,45.63
2284.0695605199726,595.07763671875,49.2
2284.3038854709885,599.52734375,49.75
2284.536727658997,1029.69873046875,37.57
2284.7697218239773,595.078125,50.33
2285.0014947189775,595.078125,48.87
2285.2361908839957,456.712890625,28.92
2285.4674771839927,595.07861328125,49.63
2285.6970819489798,595.07861328125,48.97
2285.929819162993,456.71337890625,48.47
2286.159999780997,746.951171875,49.29
2286.39430419798,595.0791015625,49.32
2286.6251738859864,595.0791015625,49.12
2286.8611327379767,1029.7001953125,40.41
2287.0945299669984,595.07958984375,49.51
2287.3279806950013,595.07958984375,49.23
2287.5583832039847,1029.70068359375,28.69
2287.793998918991,595.080078125,50.09
2288.029564835975,595.080078125,49.66
2288.264108395,456.71484375,35.93
2288.498338079982,589.45556640625,49.29
2288.7317925089737,595.08056640625,49.38
2288.9632643819787,489.61767578125,49.7
2289.1970170399873,724.453125,49.52
2289.4283700399974,595.0810546875,49.64
2289.6595371179865,595.0810546875,49.22
2289.8919632529723,1029.7021484375,29.1
2290.1258726379892,595.08154296875,49.2
2290.3568709759857,595.08154296875,49.56
2290.591616659978,456.71630859375,26.06
2290.8266458349826,595.08203125,50.16
2291.0619828079944,595.08203125,49.16
2291.2951832189865,456.716796875,44.13
2291.530365699,589.45751953125,50.19
2291.7603946889867,595.08251953125,49.48
2291.9932610429823,595.08251953125,49.51
2292.223511922988,724.455078125,45.86
2292.4560662189906,595.0830078125,49.11
2292.6876872759894,595.0830078125,49.12
2292.9263542830013,984.7041015625,24.0
2293.161465033976,595.08349609375,49.73
2293.3914093749772,595.08349609375,49.67
2293.6278034879942,456.71826171875,34.63
2293.8594179789943,589.458984375,49.06
2294.090085890988,516.33349609375,48.96
2294.322335252975,492.43359375,50.31
2294.5561833869724,724.45654296875,50.04
2294.787866464001,595.08447265625,49.52
2295.0190802669968,595.08447265625,49.08
2295.250308456976,1029.70556640625,29.38
2295.4808221559797,595.0849609375,49.74
2295.713350749982,595.0849609375,49.11
2295.9460980909935,456.7197265625,35.46
2296.1817387399788,593.77490234375,49.08
2296.413885293994,595.08544921875,49.1
2296.6474706789886,456.72021484375,46.38
2296.882227606984,746.9580078125,52.65
2297.1164975209977,595.0859375,49.0
2297.3532048789784,595.0859375,48.77
2297.5856366709922,724.45849609375,44.55
2297.8178477589972,595.08642578125,48.68
2298.050536013994,595.08642578125,49.13
2298.285431090975,984.70751953125,25.02
2298.517635194992,595.0869140625,49.98
2298.7483829369885,595.0869140625,49.53
2298.9807341299893,456.7216796875,42.37
2299.214991541987,589.46240234375,50.13
2299.4461314519867,595.08740234375,49.05
2299.679217809986,492.43701171875,51.04
2299.9121387809864,724.4599609375,51.78
2300.14741987898,595.087890625,49.4
2300.383599923982,595.087890625,48.68
2300.618110166979,1029.708984375,32.85
2300.8527738549747,595.08837890625,49.1
2301.084956237988,595.08837890625,49.54
2301.318798016,456.72314453125,33.6
2301.5495954859944,595.0888671875,48.73
2301.782041245984,595.0888671875,49.75
2302.0133140669786,456.7236328125,49.33
2302.246748381993,746.96142578125,52.98
2302.4768729169737,615.474609375,49.49
2302.710118515999,489.62646484375,49.63
2302.9426829389995,724.4619140625,44.36
2303.1763855209865,595.08984375,49.32
2303.4075799069833,595.08984375,49.13
2303.644019976986,984.7109375,23.33
2303.8776683599863,595.09033203125,49.8
2304.1089625519817,595.09033203125,48.83
2304.3417881179776,456.72509765625,46.04
2304.5742623739934,471.33642578125,51.1
2304.8071088919824,595.0908203125,49.28
2305.0388444909768,489.6279296875,50.01
2305.269105008978,724.46337890625,46.93
2305.5036585549824,595.09130859375,49.71
2305.7347059929743,595.09130859375,49.3
2305.970525019977,1029.71240234375,32.03
2306.2009915050003,595.091796875,48.65
2306.431696293992,595.091796875,49.32
2306.6638287399837,456.7265625,34.92
2306.8951850919984,589.46728515625,49.23
2307.12779330599,595.09228515625,48.94
2307.3598377579765,492.44189453125,49.77
2307.5944497259916,724.46484375,53.66
2307.827098228998,595.0927734375,48.95
2308.059041257977,595.0927734375,49.95
2308.2933663869917,1029.7138671875,37.97
2308.527364863985,595.09326171875,49.06
2308.7595598829794,595.09326171875,50.04
2308.9975765059935,456.72802734375,22.63
2309.232498153986,595.09375,50.44
2309.464759732975,595.09375,49.12
2309.6968474749883,456.728515625,44.17
2309.9296075149905,746.96630859375,51.18
2310.1630747749878,595.09423828125,48.81
2310.393940910988,595.09423828125,49.19
2310.628313112975,724.466796875,43.64
2310.8594896969735,595.0947265625,49.09
2311.0932605589915,595.0947265625,49.43
2311.3240706129873,1029.7158203125,30.01
2311.5540890079865,595.09521484375,49.05
2311.7857959019893,595.09521484375,49.25
2312.0188439699996,456.72998046875,32.4
2312.249711922981,589.470703125,48.71
2312.4812138999987,595.095703125,48.63
2312.7143397719774,489.6328125,50.76
2312.9477741359733,724.46826171875,52.27
2313.1790128099965,595.09619140625,48.85
2313.4112361849984,595.09619140625,49.12
2313.644859121996,1029.71728515625,34.12
2313.8753917629947,595.0966796875,49.58
2314.1095546489814,595.0966796875,50.28
2314.3439593269723,456.7314453125,23.83
2314.578962898988,595.09716796875,49.5
2314.8138890169794,595.09716796875,49.31
2315.047007206973,456.73193359375,41.2
2315.2800147669914,746.9697265625,51.2
2315.5128782429965,595.09765625,48.62
2315.7453960719868,595.09765625,49.65
2315.978011189989,724.47021484375,46.35
2316.2138492339873,595.09814453125,49.93
2316.447141888988,595.09814453125,49.17
2316.682342275977,984.71923828125,23.11
2316.9136293499905,595.0986328125,50.69
2317.145601432974,716.73388671875,49.42
2317.377791423991,456.7333984375,34.81
2317.612284032977,589.47412109375,48.92
2317.844811219984,595.09912109375,48.85
2318.076576640975,489.63623046875,50.21
2318.3097185769875,724.4716796875,51.54
2318.5418253159733,595.099609375,49.44
2318.7731486379926,621.10986328125,49.41
2319.0032826909737,1029.720703125,36.5
2319.2344802979787,595.10009765625,49.62
2319.465815073985,595.10009765625,49.1
2319.7003472129873,456.73486328125,29.8
2319.935116187,595.1005859375,50.58
2320.167649170995,595.1005859375,49.39
2320.4026540009945,456.7353515625,37.41
2320.634813400975,746.97314453125,48.66
2320.86640393798,595.10107421875,49.46
2321.097475688992,595.10107421875,49.67
2321.332524589001,724.4736328125,49.78
2321.5638018149766,595.1015625,49.54
2321.7958030229784,595.1015625,49.87
2322.029241297976,1029.72265625,31.01
2322.26186346999,595.10205078125,49.11
2322.493594389991,595.10205078125,49.46
2322.729105084989,456.73681640625,34.22
2322.9614296599757,589.4775390625,49.72
2323.1934012549755,595.1025390625,49.09
2323.424826825998,492.4521484375,49.8
2323.6596142369963,724.47509765625,50.7
2323.8941559449886,595.10302734375,49.78
2324.1257918099873,595.10302734375,50.16
2324.3605380849913,1029.72412109375,47.04
2324.5914452879806,595.103515625,50.19
2324.821098130982,595.103515625,49.61
2325.056852504,456.73828125,27.27
2325.287615344976,595.10400390625,49.39
2325.5181246589927,626.7392578125,49.13
2325.7516573600005,456.73876953125,49.68
2325.9860720259894,746.9765625,50.4
2326.2175496979908,595.1044921875,49.12
2326.4482308239967,489.6416015625,49.67
2326.6786906199995,724.47705078125,51.97
2326.9149838239828,595.10498046875,48.55
2327.1480825279723,595.10498046875,49.49
2327.380773842975,1029.72607421875,42.16
2327.614623626985,595.10546875,48.67
2327.845675124001,595.10546875,49.33
2328.0777924089925,456.740234375,51.07
2328.309586116986,589.48095703125,49.05
2328.5404968119983,595.10595703125,49.39
2328.770169700001,489.64306640625,49.4
2329.0040179469797,724.478515625,50.95
2329.236984229996,595.1064453125,49.07
2329.4675251129956,595.1064453125,49.55
2329.701720963989,1029.7275390625,26.66
2329.932771761989,595.10693359375,49.4
2330.1647865889827,595.10693359375,48.9
2330.3997317739995,456.74169921875,47.69
2330.6318234269856,595.107421875,49.35
2330.8626776909805,595.107421875,48.97
2331.095300351997,456.7421875,48.61
2331.3289681279857,746.97998046875,50.12
2331.56225575399,595.10791015625,49.01
2331.7935686689743,595.10791015625,49.38
2332.0274486249837,724.48046875,26.13
2332.258221661992,595.1083984375,49.07
2332.4921288559854,595.1083984375,49.94
2332.722763605998,1029.7294921875,35.76
2332.952833544987,595.10888671875,48.39
2333.189697007998,595.10888671875,49.7
2333.427607680991,456.74365234375,51.03
2333.661689479981,589.484375,50.5
2333.8945210389793,595.109375,48.8
2334.127217522997,489.646484375,48.99
2334.361374121974,724.48193359375,51.04
2334.5945517469954,595.10986328125,49.38
2334.8270750230004,595.10986328125,49.52
2335.059043125977,1029.73095703125,36.07
2335.2935763829737,516.35400390625,50.09
2335.5242784609727,595.1103515625,48.37
2335.7582379669766,456.7451171875,49.05
2335.990691819985,595.11083984375,49.62
2336.224083301,595.11083984375,49.39
2336.4616032079794,456.74560546875,50.0
2336.6973614929884,746.9833984375,50.08
2336.9320618119964,595.111328125,49.13
2337.164657024987,595.111328125,49.52
2337.3955759620003,724.48388671875,51.54
2337.630763637979,595.11181640625,49.98
2337.8618632559956,595.11181640625,49.81
2338.0957021449867,1029.73291015625,33.52
2338.328745603998,595.1123046875,50.37
2338.5629553529725,595.1123046875,48.58
2338.795126415993,456.7470703125,50.35
2339.026450715988,589.48779296875,50.44
2339.25608651698,595.11279296875,48.71
2339.4863772959798,489.64990234375,49.17
2339.7193606209767,724.4853515625,50.06
2339.952397793997,595.11328125,49.09
2340.184454456001,595.11328125,48.61
2340.4158026419755,1029.734375,36.51
2340.647428518976,595.11376953125,49.75
2340.879709722998,595.11376953125,49.4
2341.1122140019725,456.74853515625,49.88
2341.3435587649874,589.4892578125,50.26
2341.5781131139956,595.1142578125,49.25
2341.8095255549997,492.4638671875,49.83
2342.042910330987,724.48681640625,49.98
2342.278087180981,595.11474609375,49.4
2342.512408537994,595.11474609375,50.15
2342.74778234298,1029.73583984375,46.75
2342.980700155982,595.115234375,49.96
2343.2133506839746,595.115234375,48.99
2343.446556105977,456.75,50.12
2343.679215154989,595.11572265625,49.45
2343.91198085199,595.11572265625,49.31
2344.1448840689845,456.75048828125,49.95
2344.379421236983,746.98828125,50.05
2344.6132171729987,595.1162109375,48.88
2344.844994326995,595.1162109375,49.07
2345.07829033499,724.48876953125,50.85
2345.310094378976,595.11669921875,49.11
2345.544331295998,595.11669921875,48.7
2345.779687151982,984.73779296875,29.81
2346.0117832049727,595.1171875,50.02
2346.2423224109807,595.1171875,49.27
2346.4733918579877,456.751953125,49.27
2346.7045841559884,746.98974609375,49.11
2346.9374332449806,595.11767578125,49.61
2347.167360006977,489.65478515625,49.94
2347.3976269699924,724.490234375,52.46
2347.6281120489875,595.1181640625,48.69
2347.8588646229764,595.1181640625,49.12
2348.0910570569977,1029.7392578125,34.81
2348.3237373379816,595.11865234375,49.28
2348.557652703981,595.11865234375,48.8
2348.789576946001,456.75341796875,49.9
2349.0219767409726,589.494140625,50.56
2349.2536547899945,595.119140625,48.96
2349.4869410199753,489.65625,49.38
2349.7205400709936,724.49169921875,34.27
2349.956671310996,595.11962890625,49.59
2350.186836094974,595.11962890625,48.8
2350.424999456998,780.73876953125,24.16
2350.657660041994,595.1201171875,48.48
2350.890395008988,595.1201171875,49.32
2351.1297090159787,456.7548828125,41.78
2351.362478764,595.12060546875,48.62
2351.5962903449836,595.12060546875,49.43
2351.8296508859785,456.75537109375,49.22
2352.0640089789813,746.9931640625,49.02
2352.2964474670007,595.12109375,48.98
2352.527984505985,595.12109375,49.31
2352.758728138986,724.49365234375,52.32
2352.989625983988,595.12158203125,49.5
2353.220703742001,595.12158203125,49.52
2353.454290779977,1029.74267578125,37.09
2353.687616120995,595.1220703125,48.13
2353.919792003988,595.1220703125,48.98
2354.151517335995,456.7568359375,50.83
2354.3860324339767,589.49755859375,50.56
2354.617777601001,595.12255859375,49.57
2354.8513952999783,489.65966796875,49.58
2355.0820718159957,724.4951171875,31.14
2355.3164591729874,595.123046875,48.68
2355.5481256979983,595.123046875,49.72
2355.7808784049994,1029.744140625,35.13
2356.010467481974,595.12353515625,49.72
2356.245171641989,595.12353515625,49.26
2356.480214605981,456.75830078125,43.32
2356.7164527739806,595.1240234375,49.84
2356.9509466399904,595.1240234375,49.17
2357.185666584992,456.7587890625,49.02
2357.4201159619843,746.99658203125,48.8
2357.652254128974,595.12451171875,49.63
2357.8854573169956,595.12451171875,48.87
2358.118494839,724.4970703125,53.56
2358.3528335159936,595.125,49.17
2358.586453311,595.125,49.3
2358.8214746229933,984.74609375,42.53
2359.052492875984,595.12548828125,49.82
2359.2871245399874,595.12548828125,49.66
2359.5224502239726,456.76025390625,50.05
2359.753749309981,589.5009765625,50.13
2359.9918989829894,595.1259765625,49.7
2360.22280367199,492.4755859375,49.18
2360.454369414976,724.49853515625,51.19
2360.685284231993,595.12646484375,48.94
2360.9214936249773,533.2451171875,49.72
2361.152839505987,1029.74755859375,41.81
2361.3843032799778,595.126953125,48.6
2361.615135612985,595.126953125,48.75
2361.8481403789774,456.76171875,50.03
2362.079899933975,589.50244140625,50.02
2362.3135232899804,595.12744140625,48.58
2362.544228021987,456.76220703125,49.47
2362.7807938189944,747.0,49.5
2363.012058054999,595.1279296875,49.57
2363.2436849799997,595.1279296875,48.84
2363.4776787079754,1029.7490234375,49.58
2363.7092445909802,595.12841796875,49.23
2363.942029564001,595.12841796875,49.41
2364.1768327599857,456.76318359375,50.0
2364.409324886976,595.12890625,49.6
2364.6428028329974,595.12890625,49.41
2364.875154157984,456.763671875,49.13
2365.108020008978,747.00146484375,49.54
2365.341267195996,595.12939453125,49.45
2365.5739512489818,489.66650390625,48.72
2365.807387707988,724.501953125,52.43
2366.038720179,595.1298828125,48.93
2366.2683834279887,595.1298828125,49.47
2366.5002040239924,1029.7509765625,36.42
2366.733602489985,595.13037109375,49.24
2366.9663276789943,595.13037109375,48.81
2367.1985756379727,456.76513671875,49.95
2367.434294531995,589.505859375,49.94
2367.665432632988,595.130859375,49.37
2367.898465824983,495.17041015625,49.71
2368.1300293329987,724.50341796875,50.58
2368.362803830998,595.13134765625,49.41
2368.597526428988,595.13134765625,49.49
2368.8326559269917,1440.84912109375,49.15
2369.062637725001,595.1318359375,49.36
2369.295516845974,599.4462890625,49.12
2369.5344373629778,456.7666015625,46.81
2369.7690265639976,595.13232421875,49.6
2370.001290516986,595.13232421875,49.72
2370.2337700719945,456.76708984375,49.58
2370.467886581988,747.0048828125,48.58
2370.7025970979885,595.1328125,49.16
2370.9344889329805,595.1328125,49.52
2371.1670217779756,724.50537109375,49.69
2371.3970414299984,599.44775390625,49.01
2371.6298394639743,595.13330078125,49.37
2371.8617620999867,1029.75439453125,37.36
2372.0955541939766,595.1337890625,49.32
2372.330311732978,595.1337890625,49.36
2372.5647224609856,456.7685546875,49.3
2372.7962943259918,589.50927734375,47.67
2373.0318210579862,494.0595703125,48.66
2373.2611697169777,489.67138671875,49.27
2373.4953170709778,724.5068359375,53.6
2373.726555442001,595.134765625,48.78
2373.9625557010004,494.06005859375,48.92
2374.1946958699846,1029.755859375,33.11
2374.4275920069776,595.13525390625,49.66
2374.6628907749837,595.13525390625,49.22
2374.8946190169954,456.77001953125,24.92
2375.1267830019933,589.5107421875,50.38
2375.358893417986,503.01513671875,49.75
2375.590277198993,492.4853515625,48.92
2375.8271700379846,724.50830078125,51.55
2376.0577817169833,595.13623046875,49.78
2376.29048921098,595.13623046875,48.49
2376.528601279977,1029.75732421875,41.34
2376.762644499977,595.13671875,48.62
2376.9947486309975,595.13671875,48.9
2377.228365675983,456.771484375,22.87
2377.4626183520013,595.13720703125,50.33
2377.6941405599937,595.13720703125,48.68
2377.92795260399,456.77197265625,36.29
2378.159543955,747.009765625,48.93
2378.3906448759953,595.1376953125,49.34
2378.622266887978,595.1376953125,48.88
2378.8582887289813,724.51025390625,48.66
2379.092969256977,595.13818359375,49.72
2379.3243497549847,595.13818359375,49.84
2379.5596242179745,984.75927734375,26.57
2379.790702789993,595.138671875,49.06
2380.0205898599816,595.138671875,49.62
2380.2524974549888,456.7734375,35.78
2380.482863360987,589.51416015625,49.62
2380.717179802974,595.13916015625,48.71
2380.948016511975,489.67626953125,49.41
2381.180400149984,724.51171875,53.21
2381.4133369349875,477.01025390625,48.53
2381.647463406989,595.1396484375,48.9
2381.881258897978,690.7587890625,30.18
2382.1127667189867,595.14013671875,48.74
2382.3453943839995,595.14013671875,49.02
2382.5792699139856,456.77490234375,34.55
2382.8085643049853,589.515625,49.56
2383.0434613429825,595.140625,49.26
2383.275297000975,492.490234375,49.3
2383.508301881986,747.01318359375,51.34
2383.7389593769913,595.14111328125,48.35
2383.975308845984,595.14111328125,49.04
2384.2106335949793,1029.76220703125,48.38
2384.4413952249743,595.1416015625,50.62
2384.6718656839803,595.1416015625,48.79
2384.908561010001,456.7763671875,27.35
2385.142646903987,595.14208984375,50.27
2385.376499245991,595.14208984375,48.82
2385.6108321709908,456.77685546875,49.36
2385.8456057979784,747.0146484375,50.47
2386.0784797249944,595.142578125,50.21
2386.3098396899877,479.92333984375,49.23
2386.5438925489725,724.51513671875,54.0
2386.7767284129804,595.14306640625,48.6
2387.009400147974,595.14306640625,49.23
2387.241849576996,1029.76416015625,35.14
2387.475628514978,595.1435546875,49.5
2387.7075181609835,595.1435546875,49.6
2387.940748770983,456.7783203125,31.81
2388.1730631949904,589.51904296875,48.93
2388.4060514539888,595.14404296875,49.76
2388.6384172119724,489.68115234375,49.13
2388.872875991976,724.5166015625,51.4
2389.1040816059976,595.14453125,49.95
2389.3357159099833,595.14453125,49.43
2389.5721613419882,1029.765625,44.88
2389.8027532559936,595.14501953125,50.43
2390.0339959569974,595.14501953125,48.95
2390.266557201976,456.77978515625,21.45
2390.498966401996,595.1455078125,50.91
2390.732084427,595.1455078125,48.93
2390.9634530519834,456.7802734375,49.29
2391.197486494988,724.51806640625,51.61
2391.430333183991,595.14599609375,49.52
2391.6652375549893,595.14599609375,49.11
2391.8978876389738,1029.76708984375,42.73
2392.1313358769985,595.146484375,47.7
2392.363540508988,595.146484375,49.95
2392.5998283079825,456.78125,26.45
2392.834484949999,595.14697265625,49.49
2393.066829824995,595.14697265625,49.25
2393.2998148709885,456.78173828125,38.35
2393.53390069498,747.01953125,49.19
2393.769808274985,595.1474609375,48.95
2394.0031170379953,595.1474609375,49.21
2394.2358486969897,724.52001953125,48.17
2394.4690820309916,595.14794921875,49.74
2394.7021937009995,595.14794921875,48.85
2394.937068457977,984.76904296875,26.49
2395.166515803983,595.1484375,49.18
2395.398390502989,595.1484375,49.11
2395.6323959389993,456.783203125,28.93
2395.864119710983,589.52392578125,48.69
2396.0978034549917,595.14892578125,48.95
2396.3297044849896,489.68603515625,48.53
2396.563521347998,724.521484375,51.85
2396.7980467569723,595.1494140625,49.6
2397.0313156399934,595.1494140625,49.53
2397.263582152984,1029.7705078125,30.46
2397.495434851997,595.14990234375,48.78
2397.7329955889727,595.14990234375,49.68
2397.9670043079823,456.78466796875,34.51
2398.199060525978,589.525390625,49.3
2398.4352365779923,595.150390625,49.68
2398.6683785589994,456.78515625,47.14
2398.9002816139837,747.02294921875,50.29
2399.1338074459927,595.15087890625,49.37
2399.3651867570006,595.15087890625,49.13
2399.5984664659773,1029.77197265625,36.91
2399.8308211889816,595.1513671875,50.07
2400.0625745739962,595.1513671875,49.59
2400.2961877079797,456.7861328125,29.63
2400.5287481849955,589.52685546875,47.43
2400.7601559219765,595.15185546875,49.27
2400.9929692269943,489.689453125,51.29
2401.2398879379907,724.5244140625,50.88
2401.474665894988,595.15234375,48.72
2401.709280630981,595.15234375,48.59
2401.946060395974,1029.7734375,33.62
2402.17676810798,595.15283203125,48.53
2402.4091592889745,595.15283203125,49.45
2402.641697207,456.78759765625,33.8
2402.875369636982,595.1533203125,47.43
2403.1069403849833,595.1533203125,49.38
2403.3383768259955,492.5029296875,50.73
2403.570056736993,724.52587890625,51.95
2403.8040480649797,595.15380859375,48.63
2404.037615312991,595.15380859375,49.12
2404.2743238389958,1029.77490234375,31.78
2404.509870126989,595.154296875,49.83
2404.740620651981,595.154296875,49.52
2404.9782365639985,984.775390625,26.74
2405.2111518379825,595.15478515625,49.02
2405.4432387869747,595.15478515625,49.23
2405.6758281090006,456.78955078125,50.29
2405.9096601969795,747.02734375,51.41
2406.1400527819933,595.1552734375,49.61
2406.3747924659983,595.1552734375,49.22
2406.607819695986,724.52783203125,32.97
2406.8383585999836,595.15576171875,49.34
2407.070832053985,595.15576171875,49.83
2407.3063267289835,456.79052734375,31.82
2407.536616925994,595.15625,48.85
2407.7704802340013,595.15625,49.24
2408.0044376179867,456.791015625,41.87
2408.2387037739973,589.53173828125,51.87
2408.4713869629777,595.15673828125,49.07
2408.702368664992,489.69384765625,49.45
2408.9340997699765,724.529296875,46.41
2409.168388833001,595.1572265625,49.75
2409.398199495976,595.1572265625,49.07
2409.630893161986,1029.7783203125,24.19
2409.863746485993,595.15771484375,50.56
2410.0977541569737,595.15771484375,50.46
2410.3326044699934,984.77880859375,26.68
2410.5663776119763,595.158203125,50.13
2410.801356503973,595.158203125,48.91
2411.0333788489806,456.79296875,42.37
2411.266844057973,589.53369140625,49.99
2411.499779027974,595.15869140625,48.96
2411.7315408629947,489.69580078125,49.89
2411.963272595982,724.53125,47.06
2412.198712723999,595.1591796875,49.6
2412.4317874469853,595.1591796875,49.31
2412.6646740859724,1029.7802734375,24.32
2412.8957126389723,595.15966796875,50.3
2413.1285997659725,595.15966796875,49.65
2413.3612277109933,456.79443359375,40.7
2413.592987170996,589.53515625,50.35
2413.8274183629837,595.16015625,48.22
2414.060450831981,492.509765625,50.0
2414.2916915769747,747.03271484375,50.61
2414.5255438499735,595.16064453125,49.53
2414.7593083309766,595.16064453125,49.1
2414.992317053984,1029.78173828125,28.83
2415.225140764989,595.1611328125,49.46
2415.459713525983,595.1611328125,49.02
2415.6948555689887,456.7958984375,38.68
2415.928222230985,595.16162109375,51.33
2416.1639282469987,595.16162109375,49.96
2416.398200828,456.79638671875,49.87
2416.6298772469745,589.537109375,51.38
2416.8598325519997,599.61181640625,48.87
2417.092762352986,489.69921875,49.08
2417.3237422389793,724.53466796875,40.47
2417.5578169579967,595.16259765625,48.28
2417.791745147988,595.16259765625,49.65
2418.024028492975,1029.78369140625,26.36
2418.255353676999,595.1630859375,49.92
2418.4908309609746,595.1630859375,49.43
2418.7229839799984,456.7978515625,47.48
2418.957538302988,589.53857421875,53.2
2419.191666590981,595.16357421875,49.07
2419.4213305859885,492.51318359375,50.23
2419.6503858389915,747.0361328125,49.14
2419.883790005988,595.1640625,48.88
2420.116552744992,595.1640625,48.68
2420.354394315975,1029.78515625,30.01
2420.5892400199955,595.16455078125,49.05
2420.819586648984,595.16455078125,49.1
2421.0524889319786,456.79931640625,37.13
2421.2859479949984,595.1650390625,49.69
2421.5182271489757,595.1650390625,49.81
2421.7499435179925,489.81591796875,49.51
2421.9861762109795,747.03759765625,50.19
2422.217804368993,595.16552734375,48.66
2422.4500610339746,595.16552734375,49.73
2422.681172990997,724.5380859375,43.74
2422.913694425981,595.166015625,49.35
2423.145601252996,595.166015625,49.26
2423.3786841479887,1029.787109375,25.8
2423.611727441981,595.16650390625,49.53
2423.8480894829845,595.16650390625,49.37
2424.08182560798,456.80126953125,40.69
2424.313814708992,589.5419921875,50.84
2424.545112514985,595.1669921875,48.79
2424.7785175899917,492.5166015625,49.56
2425.010969252995,724.53955078125,46.97
2425.2445160379866,595.16748046875,49.41
2425.4754610019736,599.48193359375,49.53
2425.7100628179905,724.5400390625,33.45
2425.9412828899804,595.16796875,49.98
2426.1761709869897,595.16796875,49.64
2426.4166682959767,456.802734375,32.35
2426.648623592977,595.16845703125,48.48
2426.880419301975,595.16845703125,49.88
2427.1129547059827,456.80322265625,49.74
2427.347009589983,533.28759765625,50.58
2427.579031934991,595.1689453125,49.35
2427.809296499996,595.1689453125,49.84
2428.0393926069955,724.54150390625,38.35
2428.2734855549934,595.16943359375,48.76
2428.5047167309967,599.48388671875,49.15
2428.733702840982,1029.79052734375,21.36
2428.966424163984,595.169921875,50.2
2429.198719451,595.169921875,48.97
2429.430252694001,456.8046875,41.61
2429.6644519409747,589.54541015625,49.81
2429.8981025109824,595.17041015625,49.11
2430.128560327983,489.70751953125,49.4
2430.361486776994,724.54296875,44.91
2430.5951205139863,595.1708984375,49.55
2430.827114293992,595.1708984375,48.9
2431.0595054749865,1029.7919921875,22.54
2431.2920255829813,595.17138671875,50.92
2431.5231313239783,595.17138671875,49.81
2431.7565433129785,456.80615234375,35.63
2431.9859333179775,589.546875,48.73
2432.21948191899,477.04248046875,49.46
2432.451026684983,492.521484375,49.77
2432.6848328619963,724.54443359375,49.89
2432.917990277987,595.17236328125,49.94
2433.151127439982,595.17236328125,49.27
2433.38314650298,1029.79345703125,30.79
2433.617166255979,595.1728515625,48.23
2433.8501118409913,595.1728515625,49.88
2434.083393226989,456.8076171875,35.03
2434.312602130987,595.17333984375,48.29
2434.5460125839745,595.17333984375,49.38
2434.777591852995,456.80810546875,43.72
2435.0088914749795,589.548828125,50.53
2435.2413021409884,595.173828125,49.43
2435.474368831987,595.173828125,49.67
2435.7073810469883,724.54638671875,44.22
2435.940161385981,595.17431640625,48.35
2436.1713053299754,595.17431640625,49.19
2436.4061596239917,984.79541015625,25.0
2436.6359780399944,595.1748046875,50.46
2436.8663305349764,595.1748046875,49.22
2437.0980976089777,456.8095703125,41.35
2437.332475790987,589.55029296875,50.81
2437.5656689089956,499.5439453125,49.47
2437.7983172899985,492.52490234375,49.72
2438.028974950983,724.5478515625,50.79
2438.2616164179926,595.17578125,48.96
2438.496269839001,595.17578125,49.88
2438.729767754994,1029.796875,36.02
2438.963677867985,595.17626953125,50.53
2439.1973703589756,595.17626953125,49.09
2439.4311681679974,456.81103515625,32.77
2439.6630397189874,589.5517578125,49.14
2439.8936929799966,599.62646484375,49.5
2440.1248037619807,492.5263671875,51.34
2440.356260322995,724.54931640625,52.01
2440.5864892359823,595.17724609375,49.83
2440.817650443001,595.17724609375,48.78
2441.051185164979,1029.79833984375,41.47
2441.284527128999,595.177734375,49.54
2441.516071408987,595.177734375,49.44
2441.7500069429807,456.8125,27.16
2441.981380743993,595.17822265625,49.76
2442.2136334809766,595.17822265625,49.58
2442.4448521669838,492.52783203125,48.85
2442.678784907999,724.55078125,50.26
2442.912433678983,595.1787109375,49.46
2443.1456970719737,595.1787109375,48.8
2443.3781313249783,1029.7998046875,38.16
2443.612020414992,635.814453125,49.09
2443.843156758987,595.17919921875,49.2
2444.078894587001,456.81396484375,21.68
2444.313205161976,595.1796875,49.96
2444.545400560979,595.1796875,49.22
2444.7768504879787,456.814453125,43.62
2445.0110699219804,747.05224609375,49.72
2445.2448842139856,595.18017578125,49.5
2445.4785364769923,595.18017578125,49.43
2445.714265085,724.552734375,44.11
2445.9458151619765,595.1806640625,48.57
2446.1766959609813,595.1806640625,49.12
2446.408940806985,1029.8017578125,24.98
2446.642091198999,595.18115234375,49.27
2446.8721456509957,595.18115234375,48.64
2447.1067994909827,456.81591796875,34.48
2447.337873187993,589.556640625,49.11
2447.573357565998,595.181640625,48.89
2447.806487145979,489.71875,50.31
2448.0419525969774,724.55419921875,51.48
2448.272604459984,595.18212890625,49.71
2448.504582308,595.18212890625,49.15
2448.734795505996,1029.80322265625,28.0
2448.9693637210003,516.43212890625,49.81
2449.201187431987,595.1826171875,49.34
2449.434117478988,456.8173828125,33.6
2449.667039563996,595.18310546875,48.17
2449.9021075549826,595.18310546875,49.62
2450.1338712019788,492.53271484375,50.0
2450.365851493989,724.5556640625,50.93
2450.5980271979934,595.18359375,49.41
2450.8323239460005,595.18359375,49.19
2451.0620360409957,1029.8046875,32.04
2451.2951259519905,595.18408203125,48.78
2451.526993312,595.18408203125,49.97
2451.7615189949865,456.81884765625,35.19
2451.9968145949824,589.5595703125,48.83
2452.2273685429827,595.1845703125,49.44
2452.4588895659836,492.5341796875,50.35
2452.692329864978,747.05712890625,51.84
2452.9256049909745,595.18505859375,49.28
2453.158989347983,595.18505859375,49.17
2453.3920708079822,1029.80615234375,36.1
2453.626605569996,595.185546875,48.8
2453.859862258978,595.185546875,49.55
2454.091908409988,456.8203125,31.57
2454.326686773973,595.18603515625,48.73
2454.5606995519775,595.18603515625,48.9
2454.7960307699977,492.53564453125,50.18
2455.028389803978,747.05859375,51.15
2455.260424710985,595.1865234375,49.18
2455.4918733099767,595.1865234375,49.95
2455.7266899469832,724.55908203125,42.52
2455.9596408759826,595.18701171875,48.13
2456.1941703299817,595.18701171875,49.92
2456.4270901099953,1029.80810546875,27.82
2456.658713169978,595.1875,49.85
2456.8877066109853,595.1875,49.95
2457.122581145988,456.822265625,42.38
2457.355615183973,747.06005859375,51.86
2457.5897079290007,595.18798828125,49.5
2457.8208912749833,595.18798828125,49.59
2458.0555053059943,724.560546875,43.08
2458.2867188229866,595.1884765625,48.63
2458.5225888579735,595.1884765625,49.76
2458.752441331977,1029.8095703125,27.91
2458.9855797119963,595.18896484375,48.96
2459.2173826099897,595.18896484375,48.96
2459.4500082239974,456.82373046875,35.55
2459.681362258998,589.564453125,49.47
2459.9177261329896,595.189453125,49.3
2460.1490715779946,489.7265625,49.5
2460.380190113996,724.56201171875,46.57
2460.610801120987,595.18994140625,50.61
2460.8462678989745,595.18994140625,48.91
2461.0771448570013,1029.81103515625,27.88
2461.3105853649904,595.1904296875,49.33
2461.5427003779914,595.1904296875,49.48
2461.779976711987,456.8251953125,27.44
2462.0139788739907,595.19091796875,50.21
2462.247348004981,595.19091796875,48.89
2462.480180904997,456.82568359375,43.2
2462.713141750981,747.0634765625,51.29
2462.946337957983,595.19140625,49.12
2463.179258226999,595.19140625,49.95
2463.4105506639753,724.56396484375,46.05
2463.643252193986,595.19189453125,49.5
2463.8746609149966,595.19189453125,49.07
2464.1101138639788,456.82666015625,22.32
2464.3411157669907,595.1923828125,50.12
2464.572622961976,595.1923828125,49.84
2464.8066214219725,456.8271484375,33.03
2465.0384791439865,589.56787109375,48.91
2465.26893650298,595.19287109375,49.18
2465.501494511991,489.72998046875,51.39
2465.7336788069806,724.5654296875,52.44
2465.9675134919817,595.193359375,49.02
2466.199493713997,595.193359375,48.76
2466.432545630989,1029.814453125,30.38
2466.665480357973,595.19384765625,48.8
2466.8965175989724,595.19384765625,49.55
2467.1263160870003,456.82861328125,33.78
2467.360054113,589.5693359375,47.85
2467.5908274989924,595.1943359375,48.66
2467.8252593169746,456.8291015625,46.41
2468.0579867569904,747.06689453125,50.11
2468.2919869639736,595.19482421875,48.93
2468.5255922939978,595.19482421875,49.14
2468.7601375319937,1029.81591796875,36.64
2468.9927959009947,595.1953125,49.36
2469.226734228985,595.1953125,49.09
2469.4612738099822,456.830078125,31.56
2469.697020576976,595.19580078125,48.73
2469.930213291984,595.19580078125,49.88
2470.1598268439993,456.83056640625,49.81
2470.395060843992,747.068359375,53.27
2470.6275234519853,595.1962890625,49.06
2470.8598803909845,595.1962890625,49.18
2471.0932542709925,724.56884765625,46.36
2471.3270395099826,595.19677734375,49.63
2471.560837249999,595.19677734375,49.17
2471.795579995989,465.81591796875,23.88
2472.0318927459884,595.197265625,50.97
2472.2633848559926,595.197265625,49.25
2472.497240842,456.83203125,47.52
2472.7301444199984,747.06982421875,50.27
2472.964633017982,595.19775390625,48.86
2473.1962731879903,595.19775390625,49.91
2473.4293760189903,724.5703125,40.43
2473.660340975999,595.1982421875,49.14
2473.893586420978,595.1982421875,48.76
2474.1241044009803,1029.8193359375,27.84
2474.3586991560005,595.19873046875,48.97
2474.589042674983,595.19873046875,48.87
2474.820765955985,456.83349609375,33.12
2475.051788879995,589.57421875,48.82
2475.28501574698,595.19921875,50.32
2475.51545452798,456.833984375,48.99
2475.747856304981,747.07177734375,51.39
2475.9810700419766,595.19970703125,48.99
2476.211194962001,595.19970703125,50.13
2476.4423947909963,724.572265625,51.59
2476.6723074679903,595.2001953125,48.5
2476.9027799819887,595.2001953125,48.55
2477.135542551987,1029.8212890625,39.86
2477.3662582499965,595.20068359375,48.49
2477.5989774499903,595.20068359375,49.76
2477.83123849798,456.83544921875,27.56
2478.06361981199,589.576171875,48.79
2478.294481614983,595.201171875,49.59
2478.527204446,489.73828125,49.35
2478.760269353981,724.57373046875,51.82
2478.994411125983,595.20166015625,48.9
2479.227173695981,595.20166015625,49.24
2479.4583906359912,1029.82275390625,39.05
2479.689809484,595.2021484375,49.25
2479.9226047389966,595.2021484375,48.26
2480.155571311974,456.8369140625,49.95
2480.3895367379882,595.20263671875,50.29
2480.621144013974,595.20263671875,49.94
2480.8574116480013,492.55224609375,49.65
2481.088320033974,724.5751953125,52.94
2481.322658196994,595.203125,48.79
2481.5585865469766,595.203125,49.14
2481.791602566984,1029.82421875,39.63
2482.022461087996,595.20361328125,48.79
2482.254258189001,595.20361328125,48.99
2482.4872024129727,456.83837890625,22.03
2482.7224359249813,595.2041015625,50.07
2482.952747318981,595.2041015625,49.24
2483.1848152599996,456.8388671875,49.23
2483.4143955670006,589.57958984375,48.4
2483.6472455769836,595.20458984375,48.78
2483.8792010759935,489.74169921875,49.82
2484.1124025209865,724.5771484375,52.56
2484.346737400978,595.205078125,50.36
2484.5781147629896,595.205078125,49.01
2484.8112511179934,1029.826171875,46.4
2485.0434206759965,595.20556640625,48.81
2485.276210762997,635.8408203125,49.17
2485.5122823559796,579.529296875,44.86
2485.7469583349884,595.2060546875,50.35
2485.979544349975,595.2060546875,49.16
2486.2133279119735,456.8408203125,49.77
2486.4449960189813,589.58154296875,50.04
2486.678901171981,595.20654296875,49.43
2486.9107152449724,489.74365234375,49.3
2487.144257159991,724.5791015625,50.87
2487.3746965709724,595.20703125,49.26
2487.6058287939813,595.20703125,49.54
2487.8372615400003,1029.828125,34.18
2488.0671413219825,595.20751953125,49.42
2488.302789194975,595.20751953125,48.79
2488.5346985289943,456.84228515625,48.4
2488.7705707279965,494.13330078125,48.56
2489.00344420498,595.2080078125,49.66
2489.2349928849726,456.8427734375,49.54
2489.467264129984,747.08056640625,48.44
2489.7008126110013,595.20849609375,49.47
2489.9348084169906,595.20849609375,49.62
2490.1680271829828,724.5810546875,22.05
2490.4033616139786,595.208984375,49.01
2490.635509381973,595.208984375,48.83
2490.8718425959814,984.830078125,42.48
2491.1030510150013,595.20947265625,49.49
2491.3360180769814,595.20947265625,49.91
2491.5664066439786,456.84423828125,49.14
2491.7980730739946,589.5849609375,49.62
2492.0284453679924,595.2099609375,49.22
2492.2617969699786,491.37451171875,49.33
2492.4935115900007,724.58251953125,36.62
2492.730308680999,595.21044921875,49.3
2492.9644542939786,595.21044921875,48.94
2493.197417305986,1029.83154296875,30.23
2493.4304417759995,595.2109375,49.35
2493.664249642985,595.2109375,49.21
2493.9005114109896,456.845703125,50.14
2494.132601071993,595.21142578125,49.74
2494.3698607139813,477.087890625,49.32
2494.602708069986,456.84619140625,49.22
2494.834247810999,589.5869140625,47.95
2495.0637748299923,595.21240234375,49.33
2495.296716539975,635.84716796875,48.96
2495.53103759198,724.4423828125,49.94
2495.7655046789732,595.0703125,49.14
2496.0012177129975,595.0703125,48.59
2496.2347335779923,456.70458984375,47.22
2496.4660825859755,595.0703125,50.74
2496.6988010869827,595.0703125,49.2
2496.929056118999,456.705078125,49.8
2497.1611642879725,746.94287109375,49.44
2497.3908955899824,595.07080078125,48.89
2497.6234596049762,489.60791015625,49.36
2497.859258890996,724.443359375,50.32
2498.091557304986,595.0712890625,49.11
2498.322100217978,595.0712890625,49.56
2498.554273686983,1029.6923828125,35.01
2498.7862713689974,595.07177734375,48.98
2499.0194552839966,595.07177734375,49.44
2499.252398879995,456.70654296875,50.46
2499.485107114975,589.447265625,50.69
2499.7175447189948,595.072265625,49.5
2499.9490947960003,489.609375,49.65
2500.1818455639877,724.44482421875,51.98
2500.413268112985,595.07275390625,49.95
2500.6440642659727,595.07275390625,49.39
2500.8804655739805,1029.69384765625,26.46
2501.1111836459895,595.0732421875,49.95
2501.3433196109836,595.0732421875,49.65
2501.5778980929754,456.7080078125,45.89
2501.8115217809973,595.07373046875,49.97
2502.042996655975,595.07373046875,49.09
2502.277359204978,456.70849609375,49.32
2502.50887060698,746.9462890625,48.71
2502.7428521709808,595.07421875,49.4
2502.976522588986,595.07421875,49.24
2503.2119371639856,1029.6953125,48.68
2503.445825069997,595.07470703125,48.92
2503.6794908789743,595.07470703125,49.87
2503.9124746129964,1029.69580078125,35.81
2504.143576742994,595.0751953125,49.17
2504.3772442279733,595.0751953125,49.5
2504.6099336499756,456.7099609375,50.68
2504.8443809879827,589.45068359375,50.11
2505.078189412976,595.07568359375,48.92
2505.310474660975,489.61279296875,49.41
2505.5438668299757,724.4482421875,51.5
2505.7764574259927,595.076171875,48.47
2506.008874674997,595.076171875,49.47
2506.240994816995,1029.697265625,37.18
2506.4748721069773,595.07666015625,49.04
2506.706663154997,595.07666015625,49.28
2506.9408687709947,456.71142578125,46.01
2507.172428223974,595.0771484375,48.77
2507.402848907979,482.57080078125,48.83
2507.634497967985,456.7119140625,49.1
2507.8653197529784,746.94970703125,49.68
2508.0974479269935,595.07763671875,49.62
2508.3289537419914,595.07763671875,48.95
2508.5631763289857,1029.69873046875,27.88
2508.7950013899826,595.078125,49.55
2509.0275380679814,595.078125,50.19
2509.2600533739896,456.712890625,47.74
2509.4962741319905,595.07861328125,48.69
2509.726428439986,595.07861328125,49.41
2509.96026137998,456.71337890625,48.73
2510.1917901729757,589.4541015625,49.03
2510.4249615729786,595.0791015625,49.54
2510.656578225986,595.0791015625,49.56
2510.8920261159947,724.45166015625,26.52
2511.12543015799,595.07958984375,49.29
2511.35963654198,595.07958984375,49.41
2511.5926962639787,1029.70068359375,41.37
2511.8243610389763,595.080078125,49.49
2512.0544291619735,595.080078125,49.01
2512.286666218977,456.71484375,49.76
2512.5194751399977,589.45556640625,50.83
2512.7542149749934,595.08056640625,49.42
2512.986254449992,456.71533203125,48.59
2513.21715669299,746.953125,41.72
2513.4510093279823,595.0810546875,49.18
2513.683781791973,595.0810546875,49.23
2513.9175180709863,1029.7021484375,28.45
2514.150534281973,595.08154296875,49.62
2514.3841489669867,595.08154296875,48.85
2514.6171065109957,456.71630859375,48.93
2514.851723493979,595.08203125,50.38
2515.0842629659746,595.08203125,49.97
2515.3172431389976,456.716796875,49.15
2515.5477792719903,589.45751953125,49.37
2515.782548508985,595.08251953125,49.6
2516.014276070986,489.61962890625,48.95
2516.248314974975,724.455078125,31.95
2516.4812595279946,595.0830078125,49.39
2516.7139023659984,595.0830078125,49.58
2516.9454359079828,1029.7041015625,35.49
2517.180870596989,595.08349609375,47.7
2517.413201032992,595.08349609375,48.98
2517.645700694993,456.71826171875,50.69
2517.87886273599,589.458984375,49.17
2518.112121646991,595.083984375,49.64
2518.3423753399984,489.62109375,49.54
2518.5742494989827,724.45654296875,35.01
2518.807298745989,595.08447265625,48.88
2519.0402922589856,595.08447265625,49.35
2519.2742539869796,1029.70556640625,26.09
2519.5057135659736,595.0849609375,49.31
2519.736341400974,595.0849609375,49.27
2519.9701811849955,456.7197265625,44.78
2520.2012022289855,595.08544921875,48.62
2520.433330891974,595.08544921875,49.18
2520.6643391539983,492.43505859375,48.68
2520.895925635996,746.9580078125,42.36
2521.1285431909782,595.0859375,49.46
2521.36053028499,595.0859375,49.76
2521.595417973993,724.45849609375,24.5
2521.827036652976,595.08642578125,49.08
2522.059972825984,595.08642578125,48.94
2522.293970453,1029.70751953125,34.91
2522.527305420983,595.0869140625,48.36
2522.759332046,595.0869140625,49.46
2522.9912827519875,456.7216796875,50.85
2523.2219811269897,589.46240234375,52.69
2523.455436851975,595.08740234375,49.02
2523.685902932979,595.08740234375,48.92
2523.9161527839897,724.4599609375,34.0
2524.1515985089936,595.087890625,50.16
2524.382711114973,595.087890625,49.13
2524.6163447969884,1029.708984375,23.09
2524.852996826987,595.08837890625,48.29
2525.083280690975,595.08837890625,48.98
2525.3166814509896,456.72314453125,40.43
2525.5497643609997,595.0888671875,50.49
2525.783478430996,595.0888671875,49.53
2526.0152323229995,492.4384765625,49.35
2526.2471664069744,746.96142578125,47.7
2526.4802436599857,595.08935546875,49.54
2526.7138732909807,595.08935546875,49.42
2526.946114328981,1029.71044921875,24.78
2527.1791593849775,595.08984375,48.75
2527.410491572984,595.08984375,50.08
2527.6483003920002,465.708984375,35.34
2527.878800765,595.09033203125,47.53
2528.1107873699802,595.09033203125,49.5
2528.3448006409744,456.72509765625,50.09
2528.5778347319865,589.4658203125,51.71
2528.809855000989,595.0908203125,50.16
2529.041744525981,595.0908203125,50.01
2529.2731286759954,724.46337890625,35.09
2529.507875284995,595.09130859375,49.3
2529.73990693799,595.09130859375,49.47
2529.97556623898,984.71240234375,32.63
2530.206124580989,595.091796875,48.59
2530.4393551359826,595.091796875,49.49
2530.6713209979935,456.7265625,43.38
2530.9005753959937,505.0859375,50.63
2531.131827475998,595.09228515625,48.69
2531.363559786987,488.2109375,49.01
2531.5954787149967,724.46484375,46.9
2531.826776121976,595.0927734375,49.68
2532.057973725983,595.0927734375,49.4
2532.2885885699943,1029.7138671875,22.94
2532.5218770939973,595.09326171875,49.79
2532.75369775499,595.09326171875,48.7
2532.989361943997,456.72802734375,41.48
2533.218817136978,589.46875,50.65
2533.450571169,595.09375,49.15
2533.6816409619933,456.728515625,51.08
2533.9144917879894,746.96630859375,52.5
2534.145954998996,595.09423828125,50.01
2534.3780334459734,595.09423828125,49.55
2534.6114484529826,1029.71533203125,34.0
2534.8429975699983,595.0947265625,48.62
2535.0748056599987,595.0947265625,49.35
2535.3084621799935,456.7294921875,34.18
2535.5410608069797,595.09521484375,47.82
2535.771985328989,595.09521484375,49.36
2536.0041575039795,456.73046875,50.44
2536.233682188991,724.4423828125,50.36
2536.4681146499934,595.0703125,48.48
2536.698683677998,595.0703125,50.24
2536.934252045001,724.4423828125,41.76
2537.1671241729928,595.0703125,48.14
2537.400810305,595.0703125,49.46
2537.635301991977,984.69140625,26.28
2537.869395720976,595.07080078125,50.46
2538.1008863109746,595.07080078125,49.28
2538.33286523298,456.70556640625,47.04
2538.5657097729854,746.943359375,50.19
2538.8000851039833,595.0712890625,48.96
2539.0318953589885,595.0712890625,48.78
2539.264347876975,724.44384765625,39.43
2539.4942889589875,595.07177734375,47.91
2539.726036006992,595.07177734375,48.84
2539.957774463983,1029.69287109375,28.27
2540.1916526619752,595.072265625,49.69
2540.425247651001,595.072265625,49.13
2540.659251842997,456.70703125,38.71
2540.891724405985,589.44775390625,50.22
2541.1250546959927,595.07275390625,49.0
2541.3562689909886,489.60986328125,48.79
2541.5899627369945,724.4453125,49.17
2541.822597541992,595.0732421875,49.33
2542.0550793949806,595.0732421875,49.0
2542.283791890979,1029.6943359375,26.98
2542.522258477984,595.07373046875,49.39
2542.752464538993,599.38818359375,49.95
2542.9884531429852,456.70849609375,25.69
2543.2210836189915,595.07421875,50.77
2543.453467831976,476.94482421875,48.47
2543.6854734339868,456.708984375,38.48
2543.916279714991,589.44970703125,49.22
2544.1503339829796,595.07470703125,49.94
2544.3819115949736,492.42431640625,49.52
2544.6132678789727,746.947265625,50.5
2544.8467277239833,595.0751953125,48.25
2545.079114591994,595.0751953125,49.03
2545.3115757709893,1029.6962890625,39.96
2545.5447766439756,595.07568359375,47.94
2545.774664505996,595.07568359375,49.82
2546.0096223859873,984.69677734375,26.79
2546.24038291999,595.076171875,49.39
2546.4708691159904,595.076171875,49.57
2546.7018835939816,456.7109375,39.12
2546.9328452719783,589.45166015625,50.28
2547.167156627984,595.07666015625,49.56
2547.39733768499,595.07666015625,49.51
2547.6291618379764,724.44921875,51.04
2547.8605836329807,595.0771484375,49.94
2548.092861198995,595.0771484375,49.27
2548.3251564339735,1029.6982421875,30.39
2548.5574682219885,595.07763671875,49.23
2548.790513277985,595.07763671875,49.24
2549.023036336992,456.71240234375,25.35
2549.257360613992,595.078125,50.17
2549.491215135,595.078125,49.25
2549.7221207999974,456.712890625,49.35
2549.9527505899896,746.95068359375,52.28
2550.1844038399868,595.07861328125,49.63
2550.4161945389933,595.07861328125,49.24
2550.649229118979,1029.69970703125,46.59
2550.8823462519795,595.0791015625,49.91
2551.113625150989,595.0791015625,49.99
2551.34940995698,456.7138671875,27.31
2551.580375684978,595.07958984375,49.0
2551.8113070519757,595.07958984375,50.58
2552.0428502319846,456.71435546875,48.88
2552.2752808209916,589.455078125,50.87
2552.507136751985,595.080078125,49.46
2552.738427384,489.6171875,49.53
2552.970847146993,724.45263671875,51.38
2553.201930698997,595.08056640625,49.23
2553.4360535519954,595.08056640625,49.72
2553.6708292849944,1029.70166015625,50.33
2553.9036346449866,595.0810546875,50.09
2554.134461248992,595.0810546875,49.0
2554.3671237819945,1029.7021484375,38.06
2554.5970173699898,595.08154296875,49.88
2554.830445437983,595.08154296875,48.99
2555.0626345139754,456.71630859375,48.95
2555.2973734409898,595.08203125,49.73
2555.5313212709734,595.08203125,49.29
2555.7630900389922,492.43212890625,49.34
2555.994217939995,746.95458984375,49.33
2556.226939000975,595.08251953125,49.2
2556.4595995779964,595.08251953125,49.58
2556.6947345069784,1029.70361328125,27.01
2556.927449630981,595.0830078125,49.57
2557.1597871199774,595.0830078125,49.17
2557.3934599130007,456.7177734375,47.69
2557.6273066119757,595.08349609375,49.21
2557.8596443109855,595.08349609375,48.44
2558.0936948779854,456.71826171875,49.08
2558.3250675049785,589.458984375,48.02
2558.5567023170006,595.083984375,49.39
2558.7874074669962,595.083984375,49.38
2559.0184693669726,724.45654296875,26.11
2559.249884457997,595.08447265625,49.95
2559.4827685979835,595.08447265625,48.83
2559.7173910290003,984.70556640625,41.3
2559.9510928059753,595.0849609375,49.61
2560.1807921659783,595.0849609375,49.13
2560.4155625909916,456.7197265625,51.31
2560.6475075699855,589.46044921875,50.29
2560.88082584698,595.08544921875,48.56
2561.1114847610006,492.43505859375,49.28
2561.345252258994,724.4580078125,37.78
2561.576033395977,595.0859375,49.67
2561.809088369977,595.0859375,49.43
2562.040554164996,1029.70703125,30.41
2562.273208246974,595.08642578125,50.14
2562.5032702939934,595.08642578125,49.12
2562.734975506988,456.72119140625,49.59
2562.9671241449832,589.4619140625,50.19
2563.1970221339725,595.0869140625,49.8
2563.429573898,492.4365234375,49.51
2563.661366202985,746.95947265625,44.97
2563.893751394993,595.08740234375,48.42
2564.1273265489726,595.08740234375,49.19
2564.361080846982,724.4599609375,27.49
2564.592268532986,595.087890625,49.63
2564.8248724689765,595.087890625,49.86
2565.0595670459734,456.72265625,39.8
2565.290896020975,595.08837890625,50.76
2565.521230380982,595.08837890625,48.94
2565.7533183959895,456.72314453125,48.87
2565.982938903995,938.15380859375,45.1
2566.2181463989837,595.0888671875,50.04
2566.448306782986,595.0888671875,48.74
2566.683941808995,724.46142578125,27.69
2566.9158572519955,595.08935546875,48.47
2567.147896872979,595.08935546875,49.61
2567.3852043389925,984.71044921875,33.93
2567.616866956989,595.08984375,49.07
2567.8479113409994,595.08984375,49.83
2568.0794947589748,456.724609375,50.41
2568.3115436689986,746.96240234375,51.64
2568.545418996975,595.09033203125,49.04
2568.7777578879904,595.09033203125,49.72
2569.0127499769733,724.462890625,30.4
2569.244978308998,595.0908203125,49.48
2569.480958233995,595.0908203125,50.17
2569.7109622619755,1029.7119140625,28.68
2569.943286904978,595.09130859375,50.24
2570.175300893985,595.09130859375,49.36
2570.4090893399843,456.72607421875,45.1
2570.6398491199943,589.466796875,50.5
2570.871454118984,595.091796875,49.21
2571.101483359991,489.62890625,49.29
2571.335223824979,724.46435546875,44.86
2571.5654655229882,595.09228515625,48.95
2571.7963932720013,595.09228515625,49.48
2572.02841983299,1029.71337890625,25.49
2572.261646963976,595.0927734375,50.27
2572.4954151559796,595.0927734375,48.79
2572.7292080019834,984.7138671875,31.14
2572.9614940919855,595.09326171875,48.91
2573.193599503982,595.09326171875,49.33
2573.427474691998,456.72802734375,50.09
2573.659261906985,746.9658203125,51.01
2573.8921630199766,595.09375,49.88
2574.124574126996,595.09375,49.15
2574.358049194998,724.46630859375,36.53
2574.5905957229843,595.09423828125,49.84
2574.821927782992,595.09423828125,49.94
2575.0564807109768,984.71533203125,31.89
2575.286559957982,595.0947265625,49.5
2575.5185240809806,595.0947265625,49.61
2575.7508577329863,456.7294921875,40.21
2575.983015874983,589.47021484375,48.73
2576.215283387981,595.09521484375,48.97
2576.446466545982,489.63232421875,49.22
2576.6802908899845,724.4677734375,47.96
2576.9114994699776,595.095703125,49.52
2577.144832829974,595.095703125,49.04
2577.377874952974,1029.716796875,25.82
2577.610183252982,595.09619140625,49.02
2577.842687736993,595.09619140625,49.99
2578.0763265129935,456.73095703125,40.78
2578.3069640709728,589.4716796875,51.27
2578.5406853999884,595.0966796875,49.24
2578.771719796001,456.7314453125,50.27
2579.0045491119963,746.96923828125,50.11
2579.234470796975,595.09716796875,49.56
2579.4663586529787,595.09716796875,49.42
2579.7016530159744,1029.71826171875,36.33
2579.9347126679786,595.09765625,49.97
2580.1650130329945,595.09765625,49.0
2580.400617070991,456.732421875,32.79
2580.63332395599,595.09814453125,48.92
2580.8656980459928,595.09814453125,49.56
2581.0976318579924,456.73291015625,50.29
2581.3320066909946,746.970703125,53.53
2581.564159384987,595.0986328125,49.21
2581.795786873001,489.6357421875,49.38
2582.028007451998,724.4423828125,41.65
2582.263352658978,595.0703125,49.33
2582.496850355994,595.0703125,49.05
2582.73046873798,510.69091796875,28.32
2582.962734574976,595.0703125,49.26
2583.1966461509874,595.0703125,49.21
2583.4270979309804,456.705078125,50.3
2583.660784896987,746.94287109375,51.27
2583.894445044978,595.07080078125,49.65
2584.1265978779993,595.07080078125,49.42
2584.3570810879755,724.443359375,42.74
2584.5906154509867,595.0712890625,48.9
2584.821991370991,595.0712890625,48.81
2585.0562015179894,1029.6923828125,31.65
2585.285639621987,595.07177734375,48.58
2585.520892079978,595.07177734375,49.32
2585.749853308982,456.70654296875,35.23
2585.983548795979,595.072265625,48.52
2586.2178834699735,595.072265625,49.45
2586.4489818409784,492.421875,51.14
2586.679703976988,758.1376953125,52.71
2586.915394338983,595.07275390625,49.22
2587.1437980949995,595.07275390625,49.21
2587.379729758977,724.4453125,42.19
2587.609063729993,595.0732421875,48.56
2587.8449421749974,595.0732421875,49.01
2588.0752257779823,1029.6943359375,30.33
2588.309579028981,595.07373046875,49.3
2588.5421431579744,595.07373046875,49.83
2588.775998441997,456.70849609375,34.73
2589.0081333259877,589.44921875,49.34
2589.24049756999,595.07421875,49.39
2589.4710658449912,489.611328125,50.42
2589.707060365996,724.44677734375,49.76
2589.939662278979,595.07470703125,48.78
2590.172395143978,595.07470703125,50.16
2590.4060524279776,1029.69580078125,34.82
2590.637982956978,595.0751953125,49.25
2590.8693524509727,595.0751953125,49.45
2591.107289047999,456.7099609375,22.03
2591.3422316199867,595.07568359375,51.03
2591.5759115319815,595.07568359375,49.43
2591.8098078129988,456.71044921875,45.61
2592.0437264419743,746.9482421875,50.0
2592.2752331049996,595.076171875,48.91
2592.5078630239877,595.076171875,48.65
2592.744121684984,1029.697265625,38.65
2592.9751632039843,595.07666015625,49.55
2593.209239255986,615.4619140625,49.58
2593.442698260973,984.69775390625,26.31
2593.6742096729868,595.0771484375,50.19
2593.9081399659917,595.0771484375,49.18
2594.1385737269884,456.7119140625,40.7
2594.3681168729963,589.45263671875,49.57
2594.6046822759963,595.07763671875,48.88
2594.835002126987,489.61474609375,48.82
2595.066839696985,724.4501953125,48.68
2595.2981896359997,595.078125,50.32
2595.5326473009773,595.078125,48.95
2595.766567536979,984.69921875,24.01
2596.000003493973,595.07861328125,49.48
2596.230754962977,595.07861328125,49.37
2596.4632598659955,456.71337890625,39.96
2596.696501664992,589.4541015625,49.56
2596.931354420987,595.0791015625,48.5
2597.162486035988,492.4287109375,51.03
2597.397323845973,724.45166015625,53.02
2597.6282703119796,595.07958984375,48.03
2597.863144160976,595.07958984375,48.57
2598.093012137979,1029.70068359375,31.27
2598.3284332619805,595.080078125,48.83
2598.560182972986,595.080078125,49.19
2598.7923874889966,456.71484375,34.48
2599.0249683789734,589.45556640625,49.52
2599.257809567993,595.08056640625,49.16
2599.487575786974,492.43017578125,50.71
2599.7180110149784,758.14599609375,52.7
2599.951734159986,595.0810546875,48.11
2600.1819749499846,595.0810546875,49.51
2600.4156896429777,1029.7021484375,41.29
2600.646780121984,595.08154296875,48.29
2600.879541970993,595.08154296875,49.76
2601.1131129309942,456.71630859375,26.89
2601.344396939996,595.08203125,51.02
2601.5761243009765,595.08203125,49.43
2601.8093026129936,456.716796875,46.83
2602.0419513199886,746.95458984375,51.75
2602.2745521149773,595.08251953125,49.47
2602.506799513998,595.08251953125,48.82
2602.7363410539983,724.455078125,47.55
2602.9691140769864,595.0830078125,48.79
2603.201867197,595.0830078125,48.86
2603.432781046984,1029.7041015625,40.92
2603.6664892449917,595.08349609375,48.67
2603.8970843399875,494.0087890625,49.83
2604.131703197985,456.71826171875,23.74
2604.3623686919746,595.083984375,49.77
2604.597698743979,595.083984375,49.23
2604.8292759459873,456.71875,49.92
2605.064421406976,746.95654296875,49.63
2605.2959519549913,595.08447265625,49.09
2605.5298237909738,595.08447265625,49.82
2605.761421526986,724.45703125,51.56
2605.9940854589804,595.0849609375,48.84
2606.2270276380004,595.0849609375,48.86
2606.4591271129902,1029.7060546875,33.44
2606.6906930709956,595.08544921875,49.07
2606.924210182973,626.720703125,48.79
2607.1574213909917,456.72021484375,49.03
2607.3891880029987,589.4609375,48.88
2607.620555261994,595.0859375,49.51
2607.8546569459722,595.0859375,48.91
2608.0866548019985,724.4423828125,51.77
2608.3192652349826,595.0703125,49.99
2608.553156626993,595.0703125,49.39
2608.7846670609724,1029.69091796875,39.65
2609.0162573929993,595.0703125,47.39
2609.2515823459835,595.0703125,49.22
2609.483271224977,456.705078125,50.38
2609.7162400139787,589.44580078125,50.02
2609.9510995439778,595.07080078125,49.14
2610.1820211469894,492.42041015625,49.67
2610.411759079987,746.943359375,50.68
2610.646195721987,595.0712890625,49.41
2610.878420701978,595.0712890625,49.38
2611.1128145319817,1029.6923828125,46.37
2611.341561067995,595.07177734375,49.69
2611.5741983909975,595.07177734375,49.52
2611.808196080994,984.69287109375,42.28
2612.0399281209975,595.072265625,49.38
2612.270080282993,595.072265625,48.94
2612.5026986079756,456.70703125,49.34
2612.7333108139865,589.44775390625,49.09
2612.964951711998,595.07275390625,49.38
2613.197266297997,595.07275390625,48.66
2613.4288587949995,724.4453125,53.03
2613.6599606579985,595.0732421875,48.66
2613.891514672985,595.0732421875,49.74
2614.1268720319786,984.6943359375,41.78
2614.357981716981,595.07373046875,49.45
2614.5922068799846,595.07373046875,48.79
2614.8237321899796,456.70849609375,50.92
2615.0557472969813,589.44921875,49.65
2615.2883210639993,595.07421875,49.81
2615.523332079989,489.611328125,49.85
2615.756581141992,724.44677734375,49.98
2615.98966803198,595.07470703125,49.45
2616.221151716978,595.07470703125,49.07
2616.4543964490003,1029.69580078125,33.69
2616.6854418099974,595.0751953125,50.01
2616.9182520589966,595.0751953125,49.15
2617.1501741379907,456.7099609375,50.15
2617.382906234998,589.45068359375,50.55
2617.6141003579833,595.07568359375,49.68
2617.8484397809952,456.71044921875,49.13
2618.0834022579947,746.9482421875,47.16
2618.3185646199854,595.076171875,49.73
2618.549363860977,595.076171875,48.98
2618.7840390109923,724.44873046875,25.6
2619.015728726983,595.07666015625,49.07
2619.2475795679784,595.07666015625,49.26
2619.4824152129877,984.69775390625,41.36
2619.7144606309885,595.0771484375,49.25
2619.947432841989,595.0771484375,49.35
2620.179852258996,456.7119140625,49.8
2620.411669505993,589.45263671875,50.92
2620.642082035978,595.07763671875,49.68
2620.875496481982,492.42724609375,48.96
2621.1097428759967,746.9501953125,46.07
2621.3438516139868,595.078125,48.97
2621.577818433987,595.078125,49.35
2621.8093975919764,1029.69091796875,23.48
2622.041578501987,595.0703125,49.34
2622.2739376459795,595.0703125,49.82
2622.508183062979,456.70458984375,49.82
2622.741184677987,589.4453125,50.21
2622.974085929978,595.0703125,49.37
2623.205258053,489.607421875,49.1
2623.4359564429906,724.44287109375,38.19
2623.666997124994,595.07080078125,50.05
2623.902796788985,595.07080078125,48.61
2624.1364025989897,724.443359375,27.52
2624.3717874059803,595.0712890625,48.84
2624.604781896982,595.0712890625,49.53
2624.841756429989,984.6923828125,39.05
2625.0741720059887,595.07177734375,49.07
2625.306378966983,595.07177734375,48.73
2625.540178028983,456.70654296875,48.78
2625.7727265129797,746.9443359375,48.38
2626.006238805974,595.072265625,49.07
2626.2378936719906,595.072265625,49.21
2626.470969247981,724.44482421875,27.13
2626.703146455984,595.07275390625,49.15
2626.93917086898,595.07275390625,49.45
2627.172904908977,1029.69384765625,28.34
2627.4068379259843,595.0732421875,49.29
2627.6419376409904,595.0732421875,49.47
2627.874814098992,456.7080078125,49.26
2628.107507294975,589.44873046875,49.58
2628.3412571879744,595.07373046875,49.03
2628.5741748529836,492.42333984375,49.11
2628.806146099989,724.4462890625,50.93
2629.038021524,595.07421875,49.1
2629.269244422001,595.07470703125,49.23
2629.5046468979854,1029.6953125,32.44
2629.7345345009817,595.07470703125,49.95
2629.9693081969745,595.07470703125,49.0
2630.2049085339822,456.70947265625,44.86
2630.4358757429873,595.0751953125,49.52
2630.666227789974,595.0751953125,49.99
2630.898504521989,456.7099609375,49.25
2631.130658013979,746.94775390625,49.96
2631.3638848019764,595.07568359375,49.78
2631.5968107809895,595.07568359375,49.76
2631.829546930996,1029.69677734375,28.19
2632.063742074999,595.076171875,50.15
2632.296591716993,595.076171875,49.14
2632.52907133798,456.7109375,48.23
2632.7626350419887,595.07666015625,49.69
2632.9929675869935,595.07666015625,49.71
2633.2247513049806,456.71142578125,49.36
2633.4553448479855,494.00244140625,49.07
2633.689147830999,595.0771484375,49.46
2633.9204564839893,595.0771484375,49.47
2634.154801438999,724.44970703125,27.03
2634.388265339978,595.07763671875,48.77
2634.6199736979906,595.07763671875,49.13
2634.854448487982,984.69873046875,41.46
2635.0898051699915,595.078125,50.25
2635.321156426973,595.078125,49.32
2635.5527548539976,456.712890625,49.39
2635.7849940099986,589.45361328125,50.12
2636.0169926300005,595.07861328125,48.86
2636.2479598969803,489.61572265625,49.65
2636.484329563973,724.451171875,34.63
2636.716121313977,595.0791015625,49.7
2636.9494362419937,595.0791015625,49.9
2637.1801457229885,1029.7001953125,34.0
2637.4136550900002,595.07958984375,49.01
2637.646742683981,595.07958984375,48.93
2637.8797199269757,456.71435546875,50.61
2638.1092654249805,589.455078125,49.61
2638.3448233209783,595.080078125,48.73
2638.5749732299882,489.6171875,48.91
2638.8058370619838,724.45263671875,36.85
2639.0366534709756,595.08056640625,49.68
2639.2712060649937,595.08056640625,49.35
2639.5067063419847,1029.70166015625,23.32
2639.739389061986,595.0810546875,49.52
2639.9707014169835,595.0810546875,48.92
2640.205142333987,456.7158203125,45.68
2640.4368055049854,595.08154296875,48.4
2640.669399595994,595.08154296875,48.57
2640.8992808939947,456.71630859375,49.32
2641.134443624993,746.9541015625,44.44
2641.366578157991,595.08203125,48.8
2641.5976281869807,489.619140625,49.8
2641.829425802978,724.45458984375,33.66
2642.061827130994,595.08251953125,48.91
2642.2948842039914,595.08251953125,49.32
2642.526295244985,1029.70361328125,31.75
2642.7565458659956,621.09326171875,49.41
2642.987790683983,595.0830078125,48.99
2643.2200104239746,456.7177734375,50.38
2643.451650895993,746.95556640625,50.99
2643.6844316039933,595.08349609375,49.83
2643.917771255976,595.08349609375,49.33
2644.151876443997,724.4560546875,28.07
2644.3858459990006,595.083984375,49.36
2644.6202904079983,595.083984375,49.24
2644.85277219399,1029.705078125,31.15
2645.0832344349765,595.08447265625,49.37
2645.318124224985,595.08447265625,48.96
2645.5510614489904,456.71923828125,50.11
2645.7828923789784,589.4599609375,50.89
2646.0156270619773,595.0849609375,49.58
2646.249513295974,489.6220703125,49.4
2646.481723187986,724.45751953125,36.15
2646.715449133975,595.08544921875,49.29
2646.9472941729764,595.08544921875,49.36
2647.1802508129913,1029.70654296875,29.67
2647.4140075600008,595.0859375,49.67
2647.649211916985,595.0859375,49.87
2647.886959142983,984.70703125,37.12
2648.116710674978,595.08642578125,47.79
2648.347031276993,595.08642578125,48.46
2648.578256329987,456.72119140625,50.4
2648.810093196982,746.95947265625,52.44
2649.042143011,595.0869140625,48.98
2649.2746275909885,595.0869140625,49.64
2649.508679488994,724.45947265625,29.29
2649.7424117919873,595.08740234375,48.99
2649.97419648699,595.08740234375,49.53
2650.2077525779896,465.70654296875,37.74
2650.4377069999755,595.087890625,48.43
2650.6699877119972,595.087890625,49.66
2650.901370047999,456.72265625,48.46
2651.1325937049987,589.46337890625,51.37
2651.3643000369775,595.08837890625,49.55
2651.5949982039747,489.62548828125,48.8
2651.8294032219856,724.4609375,40.21
2652.0615512339864,595.0888671875,49.2
2652.294362323999,595.0888671875,49.2
2652.5243319709843,1029.7099609375,29.96
2652.7595444299805,595.08935546875,49.33
2652.99181927499,595.08935546875,48.87
2653.2244706359925,456.72412109375,49.94
2653.457037419983,589.46484375,51.55
2653.6922704119934,595.08984375,49.27
2653.9240277989884,456.724609375,49.44
2654.1568874989753,746.96240234375,48.27
2654.3895549239824,595.09033203125,49.16
2654.622581474978,595.09033203125,49.17
2654.8549661109864,1029.71142578125,22.55
2655.0856440939824,476.96142578125,50.94
2655.3159452099935,499.64111328125,49.74
2655.5478009340004,456.7255859375,44.99
2655.780537432991,589.46630859375,51.24
2656.0117654189817,595.09130859375,49.2
2656.2435068119958,492.44091796875,48.77
2656.4741713849944,746.9638671875,47.87
2656.708132558997,595.091796875,49.79
2656.939438069996,595.091796875,49.12
2657.1723208869807,724.46435546875,41.54
2657.4036347789806,595.09228515625,49.36
2657.638217963977,595.09228515625,48.66
2657.872759731981,984.71337890625,29.16
2658.1054719259846,595.0927734375,49.78
2658.3360936159734,595.0927734375,48.93
2658.5692754959746,456.7275390625,49.56
2658.79999768798,746.96533203125,51.63
2659.031788947992,595.09326171875,48.7
2659.263399736985,595.09326171875,49.25
2659.4936996659962,724.4658203125,42.36
2659.7240532339783,595.09375,49.9
2659.957858031994,595.09375,49.29
2660.191368237982,1029.71484375,31.99
2660.4251105279836,595.09423828125,48.99
2660.6583747509867,595.09423828125,49.19
2660.893201473984,456.72900390625,34.53
2661.1247218869976,589.4697265625,49.65
2661.3566063859907,595.0947265625,49.45
2661.588576929993,489.6318359375,49.01
2661.823114158993,724.46728515625,47.09
2662.053617257974,595.09521484375,48.93
2662.2876315119793,595.09521484375,49.49
2662.520198783983,1029.71630859375,31.12
2662.7507623649726,595.095703125,49.33
2662.981509979989,595.095703125,48.97
2663.215018369985,984.716796875,22.96
2663.4497158159793,595.09619140625,50.36
2663.6802745789755,595.09619140625,49.73
2663.913732472982,456.73095703125,33.42
2664.142293969984,589.4716796875,50.01
2664.3761702169722,595.0966796875,49.5
2664.6062822719978,456.7314453125,46.08
2664.837536448991,746.96923828125,50.09
2665.069119789987,595.09716796875,48.86
2665.298763205996,595.09716796875,49.17
2665.535889049992,1029.71826171875,42.67
2665.7668278219935,595.09765625,50.44
2666.0003035259724,595.09765625,49.08
2666.2319919789734,1029.71875,30.41
2666.4638593669806,595.09814453125,48.68
2666.694050272985,595.09814453125,48.72
2666.9270757069753,456.73291015625,36.98
2667.1584769009787,589.4736328125,50.28
2667.3921627589734,595.0986328125,49.06
2667.6227850769938,595.0986328125,49.18
2667.8545002799947,724.47119140625,51.83
2668.0873988809763,595.09912109375,49.02
2668.3181826739747,595.09912109375,49.11
2668.548480507976,1029.72021484375,32.12
2668.7796497569943,595.099609375,50.4
2669.0148928769922,595.099609375,48.76
2669.247937377979,456.734375,50.61
2669.482653680985,595.10009765625,50.62
2669.715643145988,595.10009765625,49.43
2669.9475702489726,492.44970703125,49.51
2670.1781167189765,724.47265625,52.47
2670.413828685996,595.1005859375,49.44
2670.6450811169925,595.1005859375,49.27
2670.8767325539957,1029.7216796875,42.64
2671.106137670984,595.10107421875,47.97
2671.33987269699,595.10107421875,49.08
2671.570580571977,456.73583984375,51.36
2671.803054325981,595.1015625,50.05
2672.035182222986,595.1015625,48.41
2672.2683323249803,456.736328125,49.39
2672.500999540993,746.97412109375,48.62
2672.7342378519825,595.10205078125,48.93
2672.9669492079993,595.10205078125,48.92
2673.2000579629967,724.474609375,50.94
2673.433546098997,595.1025390625,49.07
2673.668079835974,595.1025390625,48.6
2673.89988953399,984.7236328125,44.44
2674.1358043219952,595.10302734375,50.36
2674.365711599996,595.10302734375,48.79
2674.597507888975,456.73779296875,50.59
2674.8285605729907,595.103515625,50.1
2675.0641714089725,595.103515625,48.59
2675.2949003760004,456.73828125,49.4
2675.530113672983,746.97607421875,47.86
2675.7645825269865,595.10400390625,49.28
2675.998415471986,595.10400390625,48.92
2676.233527357981,724.4765625,51.06
2676.4672746069846,595.1044921875,49.69
2676.7026847179804,595.1044921875,49.26
2676.938775227987,984.7255859375,30.27
2677.171812464978,595.10498046875,49.58
2677.4057656769874,595.10498046875,49.8
2677.6368495099887,456.73974609375,49.11
2677.870041585993,589.48046875,48.98
2678.0984951789724,635.74072265625,48.94
2678.329426337994,489.642578125,49.08
2678.562513721001,724.47802734375,50.3
2678.795745816984,595.10595703125,49.08
2679.026781388995,595.10595703125,48.74
2679.2581526209833,1029.72705078125,39.55
2679.491136568977,595.1064453125,50.11
2679.7252837319975,595.1064453125,48.92
2679.955685419991,456.7412109375,49.55
2680.1880796249898,589.48193359375,48.54
2680.423166018998,595.10693359375,49.43
2680.654308448982,489.64404296875,49.59
2680.8879570819845,746.9794921875,50.06
2681.118031630991,595.107421875,48.86
2681.3492017889803,595.107421875,49.51
2681.5821214119787,1029.728515625,27.46
2681.8147015349823,595.10791015625,49.7
2682.0479901329963,595.10791015625,49.41
2682.2808957879897,456.74267578125,49.81
2682.5134279999766,595.1083984375,49.97
2682.746803270973,595.1083984375,49.08
2682.9797015929944,492.45849609375,48.93
2683.2125803599774,729.79541015625,49.64
2683.4458802019944,595.10888671875,49.99
2683.6795211509743,595.10888671875,49.16
2683.911692420981,724.4814453125,51.14
2684.1432784159842,595.109375,49.48
2684.377440943994,595.109375,48.99
2684.610409945977,579.43310546875,43.34
2684.8439859419886,595.10986328125,49.05
2685.0769463539764,595.10986328125,49.53
2685.311579404981,456.74462890625,49.59
2685.5456095129775,746.982421875,49.32
2685.7812612769776,595.1103515625,49.33
2686.014028714999,595.1103515625,49.29
2686.247293147986,724.48291015625,50.27
2686.4785225309897,595.11083984375,49.32
2686.711972043995,595.11083984375,48.81
2686.941611130984,1029.73193359375,37.8
2687.173343443981,595.111328125,48.91
2687.4053358489764,595.111328125,49.87
2687.6388098759926,456.74609375,50.91
2687.8705260569986,589.48681640625,50.28
2688.105008459999,595.11181640625,49.56
2688.3379096449935,489.64892578125,49.78
2688.573128459975,724.484375,51.39
2688.804908894992,595.1123046875,49.25
2689.038559970999,595.1123046875,49.88
2689.269633956981,1029.7333984375,40.43
2689.5007194659847,595.11279296875,48.84
2689.733332902979,595.11279296875,49.84
2689.9671817719936,456.74755859375,48.09
2690.1987165729806,595.11328125,49.46
2690.4326626609836,595.11328125,48.74
2690.6646064559754,492.462890625,48.94
2690.8971701659902,510.732421875,49.82
2691.1296990949777,595.11376953125,49.11
2691.363059489988,595.11376953125,48.96
2691.5950271699985,1029.73486328125,46.14
2691.829654075991,595.1142578125,50.32
2692.0605601619754,595.1142578125,48.69
2692.2919382379914,456.7490234375,49.48
2692.524651549,595.11474609375,50.64
2692.7576218779723,595.11474609375,49.95
2692.9902787569736,456.74951171875,48.86
2693.2229100039985,746.9873046875,49.31
2693.455267820973,595.115234375,49.45
2693.6868317459885,595.115234375,48.97
2693.9197566079965,724.48779296875,53.73
2694.1534529419732,595.11572265625,49.51
2694.3856894429773,595.11572265625,49.72
2694.622151301999,984.73681640625,44.13
2694.8556147129857,595.1162109375,48.85
2695.088115844992,595.1162109375,49.94
2695.3236026429804,456.7509765625,49.65
2695.555532678991,589.49169921875,48.04
2695.7889866619953,595.11669921875,50.23
2696.0204653129913,492.46630859375,49.17
2696.2537949709804,724.48974609375,50.68
2696.486849660985,595.1171875,49.4
2696.7201997129887,595.1171875,48.8
2696.9527752169815,1029.73828125,45.48
2697.1876271499787,595.11767578125,49.68
2697.4205823149823,595.11767578125,49.33
2697.6529025479977,456.75244140625,50.49
2697.8852104879916,595.1181640625,50.05
2698.11589565099,595.1181640625,49.82
2698.3479789099947,456.7529296875,49.77
2698.582485264982,746.99072265625,49.77
2698.811876675987,595.11865234375,49.44
2699.043747195974,489.65576171875,48.95
2699.274473914993,724.4912109375,52.56
2699.5112306459923,595.119140625,49.09
2699.7453185079794,595.119140625,48.7
2699.976491726993,1029.740234375,37.98
2700.207004240976,595.11962890625,49.27
2700.443393952999,599.43408203125,49.59
2700.6755770159943,456.75439453125,49.17
2700.9076178799733,589.4951171875,49.34
2701.1394098279998,595.1201171875,49.88
2701.371374076989,489.6572265625,49.9
2701.6036829249933,724.49267578125,52.69
2701.839135497983,595.12060546875,50.33
2702.069222184975,595.12060546875,48.56
2702.3036100879835,1029.74169921875,29.58
2702.5358615259756,595.12109375,49.35
2702.768257327989,595.12109375,48.65
2703.001955890999,456.755859375,49.45
2703.2363334569964,595.12158203125,48.85
2703.4682354760007,595.12158203125,49.29
2703.7002088029985,465.7724609375,49.92
2703.9320899399754,724.494140625,50.26
2704.16593572899,595.1220703125,49.13
2704.3994434839988,595.1220703125,49.06
2704.633324403985,1029.7431640625,30.14
2704.866865612974,595.12255859375,49.42
2705.0981058100006,595.12255859375,48.65
2705.333103572979,984.74365234375,42.14
2705.5648029799922,595.123046875,50.3
2705.796363122994,595.123046875,49.31
2706.0278622240003,456.7578125,48.69
2706.260234976973,746.99560546875,48.85
2706.4943572009797,595.12353515625,49.53
2706.7272508359747,595.12353515625,49.27
2706.960600887978,724.49609375,22.98
2707.191252246994,488.24267578125,49.81
2707.425995156984,595.1240234375,49.83
2707.6585620009864,984.7451171875,41.46
2707.8906508469954,595.12451171875,49.56
2708.1225920469733,595.12451171875,48.75
2708.3553497699904,456.75927734375,51.25
2708.588434491976,589.5,51.28
2708.818692710978,595.125,49.11
2709.0487642429944,489.662109375,49.23
2709.2863807289978,724.49755859375,34.74
2709.517984731996,595.12548828125,49.36
2709.750946881977,595.12548828125,49.96
2709.9823508579866,1029.74658203125,33.61
2710.2142512009887,595.1259765625,48.9
2710.4462311629904,595.1259765625,50.24
2710.680870566983,456.7607421875,49.22
2710.911036873993,595.12646484375,49.33
2711.1469457939966,499.6767578125,48.5
2711.3808253179886,456.76123046875,49.2
2711.614666706999,746.9990234375,48.91
2711.8470648829825,595.126953125,49.59
2712.08014576399,595.126953125,49.1
2712.3139621499868,724.49951171875,26.01
2712.548316319997,595.12744140625,49.79
2712.7815410749754,595.12744140625,49.3
2713.0175553169975,984.74853515625,41.36
2713.251488408976,595.1279296875,49.25
2713.48206713298,595.1279296875,49.5
2713.716529067984,456.7626953125,50.85
2713.9464083249914,589.50341796875,49.44
2714.1772212289798,599.44287109375,49.24
2714.407503055001,489.66552734375,49.29
2714.6413561079826,724.5009765625,37.87
2714.8724555039953,595.12890625,48.9
2715.103897613997,595.12890625,49.52
2715.336110149976,1029.75,30.78
2715.56915541098,595.12939453125,50.39
2715.8012400669977,595.12939453125,49.32
2716.036400560988,456.76416015625,50.28
2716.2697486569814,589.5048828125,49.28
2716.5045977959817,595.1298828125,49.85
2716.733576650993,456.7646484375,49.01
2716.9678853529913,747.00244140625,48.15
2717.200719900982,595.13037109375,48.4
2717.4338590299885,595.13037109375,48.97
2717.6668623869773,724.5029296875,26.93
2717.901877120981,595.130859375,48.99
2718.1345226769918,595.130859375,49.52
2718.372346103977,456.765625,39.47
2718.6062052329944,595.13134765625,50.1
2718.839522389986,595.13134765625,48.9
2719.07225105798,456.76611328125,49.53
2719.306665080978,747.00390625,48.6
2719.5388156679983,595.1318359375,50.37
2719.769180325995,489.6689453125,49.3
2719.999903133983,724.50439453125,31.92
2720.234609724983,595.13232421875,49.38
2720.4667912519944,595.13232421875,49.24
2720.6969398889923,1029.75341796875,33.96
2720.931159472995,595.1328125,48.69
2721.163858946995,595.1328125,49.58
2721.3948526019813,456.767578125,50.53
2721.6309563809773,589.50830078125,50.67
2721.866031108977,595.13330078125,48.77
2722.0981138789793,489.67041015625,49.09
2722.3305628300004,724.505859375,33.8
2722.5611528689915,595.1337890625,49.94
2722.7925106789917,595.1337890625,49.78
2723.025770634995,1029.7548828125,23.01
2723.2584670359793,595.13427734375,49.53
2723.490778537991,595.13427734375,48.77
2723.7262545079866,456.76904296875,47.69
2723.9575230609917,589.509765625,49.88
2724.1905327029817,499.50341796875,49.52
2724.4230572929955,492.484375,49.04
2724.6574688719993,724.50732421875,35.45
2724.8891161779757,595.13525390625,49.89
2725.1248349179805,595.13525390625,49.25
2725.3564330549852,1029.75634765625,33.21
2725.589024134999,595.1357421875,50.25
2725.8184850389953,595.1357421875,49.36
2726.0543793619727,456.7705078125,43.32
2726.2831746719894,595.13623046875,49.7
2726.5140173289983,595.13623046875,49.8
2726.7459037029766,456.77099609375,49.69
2726.9764897610003,747.0087890625,45.56
2727.2081035419833,595.13671875,49.56
2727.4406415419944,595.13671875,49.58
2727.675255312992,1029.7578125,22.74
2727.9061614559905,595.13720703125,49.28
2728.139283403987,595.13720703125,49.4
2728.3722138449957,456.77197265625,43.15
2728.60847148599,595.1376953125,49.46
2728.842892214976,595.1376953125,49.69
2729.074569691991,456.7724609375,50.34
2729.3065302379837,589.51318359375,51.95
2729.540653858974,595.13818359375,49.49
2729.7719256949786,489.67529296875,49.21
2730.0050684549788,724.5107421875,35.79
2730.239689140988,595.138671875,49.84
2730.472463625978,595.138671875,49.49
2730.703897075,1029.759765625,32.95
2730.938552681997,595.13916015625,49.96
2731.1707115799945,595.13916015625,49.6
2731.401815723977,456.77392578125,48.97
2731.6344494769874,595.1396484375,51.36
2731.8644443919766,595.1396484375,49.87
2732.09556411198,456.7744140625,49.2
2732.332297795976,747.01220703125,51.79
2732.5667473689828,595.14013671875,48.79
2732.8000320479914,595.14013671875,49.34
2733.034310647985,724.5126953125,29.48
2733.2687988439866,595.140625,49.21
2733.5034244189737,595.140625,49.17
2733.74130225298,456.775390625,38.3
2733.975633932976,595.14111328125,49.93
2734.2080759699747,595.14111328125,49.07
2734.44069470698,456.77587890625,49.75
2734.6747641299735,589.5166015625,49.57
2734.907297799975,595.1416015625,49.83
2735.141769232985,489.6787109375,48.96
2735.3761690789834,724.51416015625,34.97
2735.607794104988,595.14208984375,49.06
2735.840112381993,595.14208984375,48.96
2736.071242157981,1029.76318359375,33.59
2736.303436395974,595.142578125,49.92
2736.5371811239747,595.142578125,48.74
2736.7702663359814,456.77734375,49.94
2737.005724355986,589.51806640625,50.65
2737.238375150977,595.14306640625,49.31
2737.469893108995,489.68017578125,50.04
2737.7017324799963,724.515625,32.8
2737.9326423239836,595.1435546875,48.58
2738.1653967639722,595.1435546875,49.85
2738.3975569879985,1029.7646484375,25.92
2738.63027532,595.14404296875,48.77
2738.862418642995,595.14404296875,49.33
2739.0954777329753,456.77880859375,47.06
2739.326504003984,595.14453125,49.28
2739.560226731992,595.14453125,48.97
2739.791251745977,492.494140625,49.13
2740.024109272985,724.51708984375,35.67
2740.256554032996,595.14501953125,49.17
2740.486861700978,595.14501953125,50.01
2740.717850326997,1029.76611328125,27.99
2740.9481007939903,595.1455078125,49.22
2741.178570494987,595.1455078125,49.25
2741.4116772169946,456.7802734375,42.29
2741.641820475983,589.52099609375,51.57
2741.8726622249815,599.595703125,49.74
2742.103053632978,489.68310546875,49.57
2742.3354421709955,724.5185546875,40.27
2742.5674553779827,595.146484375,49.46
2742.798353209975,595.146484375,49.49
2743.029431023984,1029.767578125,29.33
2743.2590713519894,595.14697265625,48.51
2743.494378933974,595.14697265625,49.44
2743.7255133199797,456.78173828125,47.22
2743.9563648459734,589.5224609375,51.49
2744.1903443139745,595.1474609375,48.97
2744.423703863984,492.4970703125,48.86
2744.65684208498,724.52001953125,43.25
2744.8883863039955,595.14794921875,49.12
2745.1208807919757,595.14794921875,49.54
2745.3523103999905,1029.76904296875,26.05
2745.5844151699857,595.1484375,49.65
2745.8176636719727,595.1484375,48.74
2746.047632884991,456.783203125,48.54
2746.2790078769904,589.52392578125,49.96
2746.511219783977,595.14892578125,50.06
2746.742393700988,489.6865234375,48.15
2746.974279656977,724.521484375,47.33
2747.207216662995,595.1494140625,49.28
2747.441479478992,595.1494140625,49.57
2747.674243137997,1029.7705078125,24.13
2747.907160867995,595.14990234375,49.87
2748.140293221979,595.14990234375,49.32
2748.3724439479993,456.78466796875,42.46
2748.6025216259877,589.525390625,49.29
2748.8325759069994,595.150390625,48.73
2749.063092611992,489.6875,49.11
2749.300259384996,724.52294921875,46.68
2749.5288663319952,494.251953125,50.51
2749.7593374289863,595.15087890625,49.44
2749.995508745982,1029.77197265625,31.08
2750.2321314500005,595.1513671875,49.53
2750.466109729983,595.1513671875,49.24
2750.702568655979,456.7861328125,33.26
2750.931732800993,595.15185546875,48.88
2751.1623735449975,595.15185546875,49.05
2751.39497384298,456.78662109375,50.3
2751.627994869981,747.0244140625,50.9
2751.85990024099,595.15234375,48.94
2752.0911372949777,595.15234375,49.65
2752.324151057983,724.52490234375,31.82
2752.558633665991,595.15283203125,49.59
2752.790961999999,595.15283203125,48.97
2753.0245958899905,1029.77392578125,22.3
2753.256931418,595.1533203125,49.62
2753.4896860669833,595.1533203125,49.43
2753.7221269159927,456.7880859375,42.83
2753.9561871909827,589.52880859375,50.82
2754.1891775559925,595.15380859375,49.72
2754.4197993729904,489.69091796875,50.39
2754.6506267339864,724.5263671875,44.14
2754.886003388994,595.154296875,48.44
2755.1171837309957,595.154296875,50.32
2755.3486919119896,1029.775390625,22.92
2755.5787182559725,595.15478515625,49.79
2755.8112704329833,595.15478515625,49.35
2756.046736275981,456.78955078125,32.96
2756.278591710987,595.1552734375,48.9
2756.509318708995,595.1552734375,48.96
2756.742762697977,489.80615234375,50.66
2756.9747248509957,747.02783203125,51.88
2757.2075464789814,595.15576171875,49.17
2757.4393120269815,595.15576171875,48.73
2757.6758782989928,1029.77685546875,30.28
2757.908893388987,595.15625,48.95
2758.142853090976,595.15625,48.86
2758.377090204973,456.791015625,34.76
2758.6102152949898,595.15673828125,48.68
2758.8433339609765,696.40673828125,50.13
2759.0776326060004,456.79150390625,42.03
2759.313565201999,589.5322265625,50.09
2759.5460384579783,595.1572265625,49.31
2759.778341159981,489.6943359375,49.58
2760.0091742489894,724.52978515625,45.93
2760.2447422709956,595.15771484375,48.87
2760.478447562986,595.15771484375,48.98
2760.710130666994,1029.77880859375,25.25
2760.9407147359743,595.158203125,50.67
2761.172200186993,595.15869140625,49.17
2761.404105458001,456.79296875,46.64
2761.642260478984,589.53369140625,51.58
2761.871659327997,595.15869140625,49.83
2762.1047338949866,492.50830078125,48.35
2762.3392819919973,724.53125,47.83
2762.5714002119785,595.1591796875,49.9
2762.8034253319784,595.1591796875,49.1
2763.0365906949737,1029.7802734375,26.19
2763.266686078976,595.15966796875,49.51
2763.499230125977,595.15966796875,49.17
2763.7332880699832,456.79443359375,41.53
2763.964512660983,589.53515625,50.28
2764.1979409789783,595.16015625,49.46
2764.4302910049737,489.697265625,50.06
2764.6634931049775,724.53271484375,45.62
2764.8953928589763,595.16064453125,49.82
2765.1250950309914,599.47509765625,49.56
2765.360472851986,724.533203125,36.03
2765.5949800199887,595.1611328125,49.68
2765.827808533999,599.4755859375,50.1
2766.059323667985,1029.7822265625,24.14
2766.2926346509776,595.16162109375,50.73
2766.5228035089967,595.16162109375,50.17
2766.755194322992,456.79638671875,36.11
2766.989576613996,595.162109375,49.38
2767.2192417699844,595.162109375,49.09
2767.4491584979987,456.796875,47.63
2767.680812896986,747.03466796875,53.35
2767.9103191629983,595.16259765625,49.96
2768.1407230389887,489.69970703125,48.81
2768.3733322490007,724.53515625,49.06
2768.605930283986,595.1630859375,48.71
2768.8416029079817,595.1630859375,49.9
2769.0726857889968,1029.7841796875,26.47
2769.303980290977,595.16357421875,49.48
2769.5334705629793,595.16357421875,49.5
2769.7682383129722,456.79833984375,40.36
2769.9993067369796,623.28271484375,51.13
2770.2310445269977,595.1640625,49.38
2770.4618120709783,595.1640625,49.43
2770.6924961539917,724.53662109375,49.44
2770.9247977789782,595.16455078125,48.82
2771.1560761479777,595.16455078125,48.58
2771.3887575049885,1029.78564453125,35.72
2771.6212145989994,595.1650390625,50.4
2771.8526728109864,595.1650390625,48.61
2772.0863409669837,456.7998046875,32.7
2772.315964497975,589.54052734375,49.59
2772.547358664975,595.16552734375,48.81
2772.778225663991,489.70263671875,49.6
2773.0085937109834,724.5380859375,53.23
2773.2395899179974,493.91552734375,49.15
2773.472953631979,595.166015625,49.16
2773.703467020998,1029.787109375,36.24
2773.9346029119915,595.16650390625,49.62
2774.1671918679785,595.16650390625,48.51
2774.40139662,456.80126953125,50.52
2774.635289667989,595.1669921875,50.8
2774.8666492629854,595.1669921875,50.02
2775.0966531539743,492.5166015625,49.34
2775.329726044991,724.53955078125,50.76
2775.560271211987,595.16748046875,49.3
2775.793148894998,595.16748046875,48.99
2776.0236073179985,1029.78857421875,41.62
2776.2556312509987,595.16796875,48.82
2776.4864821869996,595.16796875,49.62
2776.719106272998,456.802734375,50.39
2776.9515725159727,595.16845703125,49.61
2777.1829370009946,595.16845703125,49.27
2777.416268098983,456.80322265625,48.83
2777.6470179029857,747.041015625,49.02
2777.878166784998,595.1689453125,49.36
2778.1100343409926,595.1689453125,49.42
2778.343602552981,1029.7900390625,28.2
2778.5760196969786,595.16943359375,49.03
2778.809089724993,595.16943359375,49.41
2779.0401082819735,456.80419921875,50.06
2779.2749600509997,595.169921875,49.56
2779.5060264499916,595.169921875,49.47
2779.7382928049774,456.8046875,48.97
2779.969710648991,747.04248046875,47.77
2780.204476372979,595.17041015625,49.23
2780.4358686539927,595.17041015625,48.84
2780.6706309559813,724.54296875,24.4
2780.903736044973,595.1708984375,49.08
2781.137469432986,595.1708984375,49.31
2781.3712900539977,984.7919921875,42.58
2781.606420143973,595.17138671875,49.38
2781.8415004369745,595.17138671875,50.17
2782.0731685249775,456.80615234375,49.57
2782.3069093859813,589.546875,48.28
2782.5391114869853,716.80712890625,49.41
2782.7690630659927,489.708984375,49.47
2783.001969243982,724.54443359375,50.33
2783.233188177983,595.17236328125,48.92
2783.4649946930003,595.17236328125,50.08
2783.696086373995,1029.79345703125,34.78
2783.9307333659963,595.1728515625,48.99
2784.1614201729826,595.1728515625,49.13
2784.394296179991,456.8076171875,50.59
2784.625125044986,589.54833984375,49.56
2784.8566868329945,595.17333984375,49.71
2785.086752534,595.17333984375,48.82
2785.319159131992,724.5458984375,25.0
2785.5498793929874,595.173828125,49.89
2785.7806147399824,595.173828125,49.26
2786.0117702569987,1029.794921875,30.72
2786.2442733069765,595.17431640625,50.59
2786.4746270369797,595.17431640625,48.99
2786.7069512209855,456.80908203125,50.14
2786.9429687949887,589.5498046875,50.3
2787.175561172975,595.1748046875,49.09
2787.4076636779937,489.7119140625,49.11
2787.6385595919855,724.54736328125,31.87
2787.871840263979,595.17529296875,49.6
2788.1053231289843,595.17529296875,49.74
2788.339504064992,984.79638671875,35.32
2788.572956966993,595.17578125,48.76
2788.8030421539734,595.17578125,49.67
2789.0338616609806,456.810546875,48.02
2789.2672461879847,589.55126953125,50.35
2789.4970054909936,595.17626953125,49.17
2789.727604855987,489.71337890625,49.47
2789.957403130975,724.548828125,35.04
2790.1917027989984,595.1767578125,49.76
2790.426106531988,595.1767578125,49.48
2790.657115309994,1029.7978515625,33.0
2790.891766422981,595.17724609375,48.76
2791.124676512991,595.17724609375,49.4
2791.356546864001,456.81201171875,50.67
2791.5932105459797,589.552734375,52.86
2791.828060359985,595.177734375,49.95
2792.060268536996,456.8125,48.62
2792.2918123759737,747.05029296875,44.3
2792.52436054399,595.17822265625,49.37
2792.756345854985,595.17822265625,49.58
2792.99161430198,1029.79931640625,23.07
2793.225245371985,595.1787109375,49.03
2793.4601459609985,595.1787109375,49.54
2793.694377043983,456.8134765625,44.82
2793.929641439987,595.17919921875,48.71
2794.1625581650005,595.17919921875,49.46
2794.395713539998,492.52880859375,49.54
2794.6271716829797,747.0517578125,40.44
2794.860698896984,595.1796875,49.87
2795.096079859999,595.1796875,49.03
2795.330695423996,724.55224609375,23.07
2795.566837874998,595.18017578125,49.22
2795.7986606629856,595.18017578125,49.6
2796.032731318992,456.81494140625,41.64
2796.263497325999,595.1806640625,49.18
2796.495310964994,595.1806640625,49.65
2796.7278707969817,456.8154296875,48.98
2796.9603161569976,747.05322265625,49.69
2797.192352172977,595.18115234375,49.18
2797.4240482679743,595.18115234375,49.91
2797.6602037799894,1029.80224609375,25.27
2797.893653678999,595.181640625,49.18
2798.12317216699,595.181640625,48.73
2798.3594949510007,984.802734375,39.22
2798.591396310978,595.18212890625,49.62
2798.824119293975,595.18212890625,48.79
2799.0564160299837,456.81689453125,48.96
2799.2887781389873,589.5576171875,49.87
2799.5198902139964,595.1826171875,48.92
2799.7516581759846,595.1826171875,49.16
2799.985292597994,724.55517578125,25.62
2800.2206186649855,595.18310546875,49.61
2800.4513746849843,595.18310546875,49.92
2800.6862958779966,984.80419921875,37.76
2800.9185454709805,595.18359375,48.07
2801.150264543976,595.18359375,48.73
2801.3821678599925,456.818359375,49.86
2801.6152777679963,589.55908203125,49.9
2801.846181503992,595.18408203125,49.29
2802.0789907409926,489.72119140625,49.65
2802.3100324159896,724.556640625,33.43
2802.5467026639963,595.1845703125,49.3
2802.7793180199806,595.1845703125,49.46
2803.0121431119915,1029.8056640625,34.83
2803.2431483279797,595.18505859375,47.35
2803.4774662949785,595.18505859375,49.4
2803.7085597219993,456.81982421875,50.76
2803.9404495579947,589.560546875,50.07
2804.1724750279973,595.185546875,48.7
2804.407615664997,492.53515625,49.08
2804.640645882988,724.55810546875,36.79
2804.873287568975,595.18603515625,49.02
2805.1049490919977,595.18603515625,49.19
2805.3375294569996,1029.80712890625,31.86
2805.570676450996,595.1865234375,49.62
2805.8046140579972,595.1865234375,48.82
2806.036858761974,456.8212890625,50.43
2806.272737628984,589.56201171875,50.85
2806.503628583974,595.18701171875,50.27
2806.7345251959923,492.53662109375,49.09
2806.964438571973,747.0595703125,40.38
2807.1975653809786,595.1875,49.21
2807.4284853209974,595.1875,48.96
2807.665209695988,1029.80859375,24.28
2807.89916972199,595.18798828125,48.88
2808.1311791279877,595.18798828125,49.14
2808.36416590499,456.82275390625,45.6
2808.5962519969908,595.1884765625,49.07
2808.8285137429775,595.1884765625,49.54
2809.0618692860007,465.83056640625,50.09
2809.292418991972,724.56103515625,40.1
2809.525528550992,595.18896484375,49.66
2809.7594456239894,595.18896484375,50.09
2809.992902717,724.5615234375,25.14
2810.224612080987,595.189453125,48.9
2810.4577651519794,595.189453125,49.08
2810.6921583379735,580.21630859375,39.37
2810.9265409079962,595.18994140625,50.84
2811.1587703869736,595.18994140625,49.26
2811.3914641759766,456.82470703125,49.05
2811.624755672994,747.0625,49.32
2811.8581605239888,595.1904296875,49.31
2812.094724052993,595.1904296875,49.54
2812.3277450519963,724.56298828125,22.61
2812.5603791959875,595.19091796875,49.18
2812.7921162879793,595.19091796875,49.94
2813.025127787987,1029.81201171875,34.25
2813.257688527985,595.19140625,48.21
2813.4904819109943,595.19140625,50.06
2813.722662849992,456.826171875,51.15
2813.9570091719797,589.56689453125,50.44
2814.191418631992,595.19189453125,49.2
2814.424030634982,489.72900390625,49.03
2814.656066372001,724.564453125,29.01
2814.8910042569914,595.1923828125,49.8
2815.124969241995,595.1923828125,49.43
2815.3562839279766,1029.8134765625,37.26
2815.587419120973,595.19287109375,48.52
2815.819724797999,595.19287109375,49.25
2816.049280860985,456.82763671875,47.11
2816.2827545059845,595.193359375,49.44
2816.5148864149814,595.193359375,48.65
2816.746450438979,492.54296875,49.75
2816.977227620984,544.5654296875,39.73
2817.2113992679806,595.19384765625,49.71
2817.442511272995,595.19384765625,49.74
2817.6772409589903,1029.81494140625,26.82
2817.908837597992,595.1943359375,49.24
2818.141173096985,595.1943359375,50.09
2818.3753484459885,456.8291015625,45.08
2818.6085585079854,595.19482421875,49.34
2818.8380353699904,595.19482421875,48.72
2819.071643181989,456.82958984375,50.76
2819.3017388449807,589.5703125,50.6
2819.532020147977,595.1953125,49.22
2819.7632276979857,595.1953125,48.98
2819.9942158729827,724.56787109375,31.37
2820.2279048409837,595.19580078125,49.74
2820.4590988409764,595.19580078125,49.84
2820.6942101439927,984.81689453125,35.23
2820.925396601,595.1962890625,48.41
2821.1565315839835,595.1962890625,49.42
2821.3878297179763,456.8310546875,51.5
2821.6236997160013,589.57177734375,52.87
2821.8548486669897,595.19677734375,49.84
2822.086510678986,492.54638671875,48.74
2822.3172208829783,578.31591796875,45.7
2822.5535257869924,595.197265625,49.11
2822.7857686749776,595.197265625,49.27
2823.0176341369806,1029.818359375,22.58
2823.2481395629875,595.19775390625,50.5
2823.482262320991,595.19775390625,49.44
2823.713309721992,456.83251953125,45.45
2823.947232591978,589.5732421875,52.65
2824.178013824974,595.1982421875,48.99
2824.4121666149877,489.7353515625,49.19
2824.6449352049967,724.57080078125,39.65
2824.8782951469766,595.19873046875,49.06
2825.110139865981,595.19873046875,48.45
2825.3461417949875,1029.81982421875,24.78
2825.579500095977,595.19921875,49.01
2825.8117668839986,595.19921875,49.75
2826.0440544849844,456.833984375,42.13
2826.2752608589944,482.693359375,50.52
2826.5078993469942,716.8349609375,49.22
2826.7413007209834,492.54931640625,49.63
2826.9747289139777,724.572265625,40.96
2827.2071362939896,595.2001953125,49.51
2827.438489057997,595.2001953125,49.23
2827.6716471010004,1029.8212890625,26.74
2827.9032521349727,595.20068359375,49.01
2828.1339823259914,595.20068359375,49.33
2828.3725358849915,456.83544921875,38.99
2828.6053567309864,595.201171875,50.35
2828.8383442199847,595.201171875,49.6
2829.0694426879927,456.8359375,49.06
2829.2992356669856,747.07373046875,45.65
2829.534703810001,595.20166015625,49.17
2829.7669479689794,595.20166015625,49.69
2829.9992093789915,1029.82275390625,24.17
2830.2298938929744,595.2021484375,49.12
2830.46454041198,595.2021484375,48.92
2830.7033646799973,456.8369140625,43.52
2830.9336552149907,595.20263671875,49.9
2831.1712902099825,595.20263671875,49.32
2831.4041727959993,456.83740234375,49.05
2831.640319455997,747.0751953125,47.8
2831.87525309599,595.203125,49.27
2832.1075554339914,595.203125,49.48
2832.3397911419743,724.57568359375,26.25
2832.5731647879875,595.20361328125,49.01
2832.806090536993,595.20361328125,48.92
2833.0407576599973,456.83837890625,42.36
2833.2720317119965,595.2041015625,49.37
2833.501747584989,615.58935546875,49.72
2833.73262779598,456.8388671875,50.03
2833.9648239039816,747.07666015625,46.98
2834.196605847974,595.20458984375,49.22
2834.4288636259735,595.20458984375,50.01
2834.6600796389976,724.5771484375,30.68
2834.891648144985,595.205078125,49.61
2835.12304777198,595.205078125,48.87
2835.357160697982,984.826171875,35.82
2835.58938886298,595.20556640625,48.51
2835.822169269988,595.20556640625,49.17
2836.054755516001,456.84033203125,49.9
2836.2887194679934,747.078125,49.66
2836.519657159981,595.2060546875,49.13
2836.7525136249897,489.7431640625,49.92
2836.9864511769847,724.57861328125,36.61
2837.218325731985,595.20654296875,49.34
2837.4481273009733,494.3076171875,49.58
2837.6781837939925,1029.82763671875,26.73
2837.910348891979,595.20703125,50.14
2838.140504281997,595.20703125,49.65
2838.3726486359956,456.841796875,47.42
2838.604993018991,589.58251953125,52.27
2838.8375319819897,595.20751953125,48.81
2839.0694809179986,489.74462890625,49.65
2839.301869930001,724.580078125,38.55
2839.534066665976,595.2080078125,49.91
2839.767491366976,595.2080078125,49.66
2839.9991481529723,1029.8291015625,25.84
2840.228896362998,595.20849609375,49.56
2840.4602299199905,595.20849609375,49.68
2840.692542943987,456.84326171875,36.83
2840.924393681984,595.208984375,48.75
2841.155855119985,595.208984375,49.29
2841.387602003,492.55859375,48.97
2841.6181802869833,724.58154296875,49.2
2841.8523370729818,621.2197265625,49.39
2842.0803892359836,595.20947265625,49.49
2842.31028537199,1029.83056640625,24.48
2842.5408687549934,595.2099609375,49.66
2842.771570449986,595.2099609375,48.75
2843.0032785699877,456.8447265625,31.38
2843.236309570988,595.21044921875,49.33
2843.471135514992,595.21044921875,49.87
2843.701625449001,492.56005859375,49.79
2843.933425061987,724.5830078125,49.24
2844.164037708979,595.2109375,49.22
2844.3966032119934,595.2109375,49.31
2844.627396608994,1029.83203125,28.84
2844.8582979829807,595.21142578125,49.49
2845.090478934988,595.21142578125,49.56
2845.322692223999,456.84619140625,38.06
2845.5541894209746,589.5869140625,48.97
2845.7862292219943,595.2119140625,49.61
2846.019715383998,456.8466796875,48.36
2846.256218656985,747.08447265625,51.33
2846.490863220999,595.21240234375,49.21
2846.723973981978,595.21240234375,49.63
2846.957580271992,724.5849609375,41.12
2847.1899671189894,595.212890625,49.33
2847.4230723619985,595.212890625,49.12
2847.657597425976,456.84765625,28.4
2847.891664185998,595.21337890625,50.08
2848.126257555996,595.21337890625,48.54
2848.3584321519884,456.84814453125,48.76
2848.5925984369824,747.0859375,51.66
2848.8230079119967,595.2138671875,48.9
2849.055749975989,489.7509765625,49.09
2849.2854768839898,724.58642578125,49.15
2849.514487560984,716.849609375,50.63
2849.747100556997,595.21435546875,49.05
2849.9805473979795,984.83544921875,22.41
2850.21038381799,595.21484375,50.7
2850.441765216994,595.21484375,49.51
2850.6743749299785,456.849609375,43.82
2850.905832037999,747.08740234375,50.4
2851.1381650359835,595.21533203125,49.36
2851.372619978996,595.21533203125,49.06
2851.6072599329927,724.587890625,41.88
2851.837704748992,595.2158203125,49.25
2852.0694438789797,595.2158203125,49.02
2852.2995780369965,1029.8369140625,29.16
2852.5296238439914,595.21630859375,49.6
2852.7602074359893,595.21630859375,49.68
2852.9915089359856,456.85107421875,38.53
2853.2229875549965,589.591796875,49.28
2853.4551685069746,595.216796875,49.07
2853.6872205299733,595.216796875,49.02
2853.9169382189866,724.58935546875,50.74
2854.147379542992,595.21728515625,49.4
2854.3805581199995,595.21728515625,49.3
2854.612760443997,1029.83837890625,32.88
2854.8453221749805,595.2177734375,49.17
2855.07720119899,595.2177734375,49.28
2855.3113066519727,456.8525390625,23.81
2855.5427934420004,589.59326171875,49.67
2855.774717166001,595.21826171875,49.11
2856.007319195982,489.75537109375,49.55
2856.239998331992,724.5908203125,52.5
2856.4708665999933,595.21875,49.42
2856.7029867899837,595.21875,49.22
2856.9340313399734,1029.83984375,39.8
2857.1658312329964,595.21923828125,49.27
2857.3972509749874,595.21923828125,48.63
2857.630665758974,456.85400390625,49.74
2857.8651737809996,595.2197265625,51.02
2858.0972325789917,595.2197265625,49.12
2858.3304837219766,456.8544921875,49.12
2858.5653820929874,747.09228515625,49.82
2858.7956043219892,595.22021484375,49.31
2859.028798403975,595.22021484375,49.46
2859.2628327569983,1029.84130859375,45.45
2859.496728682978,595.220703125,49.07
2859.7288994379924,595.220703125,49.18
2859.9616088159964,456.85546875,22.94
2860.1960891109775,595.22119140625,50.57
2860.4267461069976,595.22119140625,49.47
2860.658750846982,456.85595703125,48.98
2860.8904456279997,747.09375,49.81
2861.1224736949953,595.2216796875,49.56
2861.354775194981,599.5361328125,49.48
2861.585824214999,724.59423828125,51.26
2861.8200850659923,595.22216796875,49.9
2862.0498940389953,595.22216796875,49.25
2862.2869255279948,984.84326171875,42.56
2862.5178175429755,595.22265625,49.99
2862.751233094983,595.22265625,48.94
2862.9852346919943,456.857421875,49.48
2863.2191128080012,747.09521484375,50.06
2863.451554970001,595.22314453125,49.69
2863.6829389529885,489.76025390625,49.17
2863.9124764489825,724.595703125,52.34
2864.1462310139905,595.2236328125,49.16
2864.379291557998,595.2236328125,49.62
2864.612587539974,1029.8447265625,37.42
2864.84607523898,595.22412109375,49.48
2865.082089337986,595.22412109375,48.66
2865.3149541839957,456.85888671875,49.19
2865.5456701269723,589.599609375,47.68
2865.777838436974,595.224609375,49.36
2866.0094003079867,488.35498046875,49.51
2866.241502827994,724.59716796875,52.64
2866.474193556991,595.22509765625,49.24
2866.708204862982,595.22509765625,50.08
2866.9391181099927,1029.84619140625,42.28
2867.1717050539737,595.2255859375,47.55
2867.4093118329765,595.2255859375,49.8
2867.6440441189916,456.8603515625,23.71
2867.8771973439725,595.22607421875,50.51
2868.1130480819847,595.22607421875,49.01
2868.3457135279896,492.57568359375,49.07
2868.5775226409896,724.5986328125,50.01
2868.8080718009733,595.2265625,49.54
2869.0399649329775,595.2265625,49.74
2869.2714517239947,1029.84765625,37.44
2869.5060436969798,595.22705078125,49.36
2869.739419786987,595.22705078125,49.18
2869.9704620330012,456.86181640625,22.69
2870.201043668989,595.2275390625,50.0
2870.431559653982,595.2275390625,49.18
2870.661809679994,492.5771484375,49.05
2870.896164608974,724.60009765625,52.28
2871.1271544019983,595.22802734375,50.09
2871.358898211998,716.86328125,48.77
2871.5908440759813,1029.84912109375,40.59
2871.8227995069756,595.228515625,49.01
2872.0550710439857,595.228515625,49.23
2872.287360111979,456.86328125,48.94
2872.5196668489953,589.60400390625,49.04
2872.7532285809866,595.22900390625,50.23
2872.983787657984,456.86376953125,48.61
2873.213431942975,747.1015625,48.9
2873.447926975001,595.2294921875,48.89
2873.679224423977,595.2294921875,49.06
2873.915228744998,1029.8505859375,47.18
2874.1472707109933,595.22998046875,49.86
2874.3797982189863,595.22998046875,49.24
2874.611748202995,456.86474609375,49.85
2874.843855680985,595.23046875,51.21
2875.0751572499867,595.23046875,48.83
2875.308902456978,482.82373046875,48.87
2875.5417457919975,724.60302734375,51.41
2875.7732174269913,595.23095703125,49.54
2876.006497903989,595.23095703125,49.68
2876.239349270996,724.603515625,51.67
2876.4729765139928,595.2314453125,48.88
2876.706608505978,595.2314453125,49.25
2876.9398721509788,984.8525390625,45.36
2877.172287073976,595.23193359375,49.41
2877.40635027198,595.23193359375,49.22
2877.6385665639827,456.86669921875,49.33
2877.872771820985,747.1044921875,50.18
2878.107398505992,595.232421875,49.7
2878.341169413994,595.232421875,49.45
2878.573083778989,724.60498046875,52.22
2878.8074113289767,595.23291015625,48.67
2879.040005816001,595.23291015625,50.31
2879.273789575993,1029.85400390625,46.49
2879.5075292649854,595.2333984375,49.84
2879.7412143379916,595.2333984375,49.34
2879.9756060029904,456.8681640625,50.43
2880.207537268987,589.60888671875,50.52
2880.440033278981,595.23388671875,49.01
2880.672195373976,492.58349609375,49.55
2880.90578867399,724.6064453125,51.65
2881.138044845982,595.234375,49.2
2881.371294032986,595.234375,48.91
2881.6060192649893,1029.85546875,42.55
2881.8365412559942,595.23486328125,49.98
2882.067226188985,595.23486328125,49.22
2882.3004951420007,984.85595703125,29.76
2882.535434439982,595.2353515625,49.71
2882.77116274499,595.2353515625,49.19
2883.0044735329866,456.8701171875,49.02
2883.2397318699805,747.10791015625,50.53
2883.472095807985,595.23583984375,49.77
2883.704317828,595.23583984375,48.59
2883.9389880929957,724.6083984375,46.3
2884.170449042984,595.236328125,49.57
2884.4068015269877,595.236328125,49.26
2884.64093610298,456.87109375,22.64
2884.87367963398,595.23681640625,49.76
2885.1052188759786,595.23681640625,48.38
2885.3388307539863,456.87158203125,33.91
2885.5718383579806,589.6123046875,48.98
2885.8080861479975,595.2373046875,49.29
2886.038313684985,489.7744140625,49.35
2886.271110085974,724.60986328125,51.09
2886.503317577997,595.23779296875,49.25
2886.7394245670002,595.23779296875,49.95
2886.9717989119818,1029.85888671875,27.92
2887.2055799469817,595.23828125,49.52
2887.436337096995,595.23828125,49.09
2887.6710441699834,456.873046875,37.46
2887.9042717059783,589.61376953125,49.09
2888.1400778149837,595.23876953125,48.63
2888.3762176299933,492.58837890625,50.51
2888.6088355839893,724.611328125,52.5
2888.8425833749934,595.2392578125,49.23
2889.074831793987,595.2392578125,49.49
2889.3084179009893,1029.8603515625,33.74
2889.540407763998,595.23974609375,48.4
2889.773644646979,595.23974609375,49.72
2890.007648574974,456.87451171875,34.19
2890.2390934939904,589.615234375,48.55
2890.470427852997,595.240234375,49.79
2890.699439199001,492.58984375,49.53
2890.930717823998,747.11279296875,50.79
2891.160590251995,595.24072265625,48.94
2891.392068694986,595.24072265625,49.43
2891.6256426759937,1057.45849609375,45.56
2891.857244668994,595.2412109375,49.46
2892.0882314249757,595.2412109375,49.8
2892.3237504349963,456.8759765625,24.93
2892.556312405999,595.24169921875,50.27
2892.7895085419877,595.24169921875,49.83
2893.020759090985,456.87646484375,43.17
2893.2558789539908,747.1142578125,50.69
2893.488539193,595.2421875,49.62
2893.7200130259735,595.2421875,49.82
2893.9497308939754,724.61474609375,50.82
2894.1844590129913,595.24267578125,48.73
2894.4167713689967,595.24267578125,49.26
2894.648217963986,1029.86376953125,35.02
2894.883313381986,595.2431640625,49.19
2895.1178208009806,595.2431640625,48.85
2895.3486691299768,456.8779296875,33.79
2895.584013883985,589.61865234375,49.55
2895.8167614259874,595.24365234375,49.49
2896.0469850879745,489.78076171875,49.3
2896.2791820649873,724.6162109375,52.09
2896.512141995976,595.244140625,48.9
2896.745375636994,595.244140625,49.99
2896.9814848109963,1029.865234375,45.32
2897.212824687973,595.24462890625,49.12
2897.446817022981,595.24462890625,50.02
2897.6842652069754,456.87939453125,23.46
2897.9142043329775,595.2451171875,50.19
2898.150474352995,595.2451171875,49.13
2898.3819657869753,456.8798828125,42.73
2898.6162661239796,747.11767578125,50.24
2898.8460260369757,595.24560546875,48.76
2899.077991626982,595.24560546875,49.42
2899.31127262098,1029.86669921875,41.16
2899.542912398989,595.24609375,48.75
2899.775289288984,595.24609375,50.17
2900.0095771949855,984.8671875,27.28
2900.242598306999,595.24658203125,49.62
2900.474971634976,595.24658203125,49.17
2900.7067172239767,456.88134765625,38.15
2900.939672963985,589.6220703125,50.35
2901.172309456975,595.2470703125,49.33
2901.4066282319836,595.2470703125,49.29
2901.637849726976,724.61962890625,48.19
2901.873380539997,595.24755859375,49.84
2902.10605621399,595.24755859375,48.87
2902.3412240579783,456.88232421875,23.83
2902.5738182259956,595.248046875,50.08
2902.8065517989744,595.248046875,50.39
2903.036845582974,456.8828125,33.63
2903.271047023998,589.62353515625,48.92
2903.5026951839973,595.24853515625,49.36
2903.7349784849794,489.78564453125,49.54
2903.9675683239766,724.62109375,53.25
2904.2017570530006,595.2490234375,48.91
2904.433434406994,595.2490234375,49.48
2904.665174408001,1029.8701171875,31.4
2904.8993481219804,595.24951171875,48.44
2905.1344714769803,595.24951171875,49.45
2905.3693763659976,456.88427734375,35.56
2905.602098135976,589.625,49.35
2905.8357193299744,595.25,49.48
2906.0655351159803,456.884765625,46.72
2906.2963229609886,747.12255859375,51.99
2906.532035013981,595.25048828125,49.2
2906.765498365974,595.25048828125,49.19
2906.995342716982,1029.87158203125,37.01
2907.2262049439887,595.2509765625,50.25
2907.457166696986,595.2509765625,49.57
2907.6891796399723,456.8857421875,32.2
2907.9237351099728,589.62646484375,48.86
2908.155162149982,595.25146484375,49.74
2908.3862260809983,489.78857421875,49.56
2908.6169094429933,724.6240234375,50.39
2908.8476004179975,595.251953125,48.95
2909.080032553,595.251953125,49.81
2909.312154799991,1029.873046875,39.81
2909.5433505919937,595.25244140625,49.38
2909.7789687079785,595.25244140625,48.62
2910.011067626998,456.88720703125,29.77
2910.2437922599784,589.6279296875,48.0
2910.475404799974,595.2529296875,49.44
2910.7082807099796,489.7900390625,49.26
2910.9390668099804,724.62548828125,53.83
2911.175515834999,595.25341796875,48.93
2911.4083396439964,595.25341796875,49.07
2911.641307955986,1029.87451171875,31.35
2911.8716826169984,595.25390625,49.63
2912.1050231859845,595.25390625,49.06
2912.338659606001,456.888671875,26.39
2912.5717634809844,589.62939453125,49.19
2912.8050983930007,595.25439453125,49.5
2913.0379497190006,492.60400390625,49.42
2913.2704912969784,724.626953125,50.14
2913.502165366983,595.2548828125,49.28
2913.733462639997,595.2548828125,49.01
2913.9666892269743,1029.8759765625,34.29
2914.1987163489976,595.25537109375,49.75
2914.4311308139877,595.25537109375,49.64
2914.662509522983,456.89013671875,32.19
2914.8941048109846,589.630859375,49.04
2915.1255280099867,595.255859375,49.41
2915.358468663995,495.29541015625,49.76
2915.589673814975,747.12841796875,50.99
2915.824234872998,595.25634765625,49.6
2916.0573938529997,595.25634765625,49.26
2916.2910262219957,1029.87744140625,40.82
2916.5222333289857,716.89208984375,49.18
2916.756728176988,595.2568359375,49.58
2916.9908731849864,456.8916015625,29.45
2917.2221789089963,589.63232421875,48.37
2917.454130601982,595.25732421875,49.41
2917.6855241869926,492.60693359375,49.93
2917.9175612260005,747.1298828125,53.34
2918.149181936984,595.2578125,49.19
2918.38096600899,595.2578125,49.22
2918.6158178879996,1029.87890625,43.72
2918.848880066973,595.25830078125,48.49
2919.080673916993,595.25830078125,49.24
2919.312497099978,456.89306640625,27.59
2919.544887398981,595.2587890625,49.58
2919.779092192999,595.2587890625,49.3
2920.011600105994,492.6083984375,48.15
2920.245174925978,724.63134765625,50.94
2920.476758969977,595.25927734375,50.19
2920.7090513509756,595.25927734375,49.45
2920.942879975977,1029.88037109375,43.88
2921.173286833975,595.259765625,48.52
2921.4083670269756,595.259765625,49.73
2921.641858244984,456.89453125,23.58
2921.873160686984,595.26025390625,50.83
2922.105263726,595.26025390625,49.55
2922.338993244979,456.89501953125,43.83
2922.57302476099,747.1328125,51.22
2922.8062156589876,477.13134765625,49.25
2923.039363394986,595.2607421875,48.78
2923.27450309298,1029.8818359375,43.72
2923.5075119829853,595.26123046875,47.88
2923.7393600289943,595.26123046875,49.65
2923.9754217809823,984.88232421875,26.59
2924.206382206001,599.576171875,48.47
2924.4411481799907,599.71142578125,49.43
2924.6736338839983,456.896484375,37.11
2924.906609598984,589.63720703125,49.26
2925.1399722379865,617.76171875,49.88
2925.372949768993,489.79931640625,50.02
2925.605008318991,724.634765625,50.56
2925.838955255982,599.5771484375,49.28
2926.0744526849885,595.2626953125,49.32
2926.306882654986,1029.8837890625,28.62
2926.5405152329768,595.26318359375,49.37
2926.77151952,595.26318359375,49.69
2927.002939086,456.89794921875,30.24
2927.2393485109787,595.263671875,49.04
2927.4747438999766,595.263671875,49.0
2927.706723668991,492.61328125,49.94
2927.938335719984,747.13623046875,52.05
2928.171310735983,595.26416015625,49.0
2928.408155554993,595.26416015625,49.66
2928.6410570279986,1029.88525390625,35.56
2928.875187230995,595.2646484375,49.22
2929.1076329849893,595.2646484375,48.69
2929.342051494983,456.8994140625,33.17
2929.5755624789745,595.26513671875,48.68
2929.8054086459742,595.26513671875,49.52
2930.0384343669866,456.89990234375,43.93
2930.273912379984,747.1376953125,50.83
2930.5113643349905,595.265625,49.07
2930.7447250189725,595.265625,49.09
2930.978135290992,724.63818359375,42.4
2931.210573012999,595.26611328125,46.93
2931.4430446089827,595.26611328125,49.47
2931.675150092982,984.88720703125,25.73
2931.909595002973,595.2666015625,50.67
2932.1411416119954,595.2666015625,49.05
2932.3744671649765,456.9013671875,45.38
2932.6057281209796,589.64208984375,50.69
2932.839135039976,595.26708984375,49.63
2933.0715404249786,489.80419921875,50.15
2933.307376167999,724.6396484375,50.34
2933.5380874669936,595.267578125,49.33
2933.770799528982,595.267578125,49.25
2934.0032883759995,1029.888671875,29.71
2934.237205489975,595.26806640625,49.31
2934.468800918985,595.26806640625,49.29
2934.7027204779733,456.90283203125,38.63
2934.937426107994,589.6435546875,49.14
2935.171035777981,595.2685546875,49.84
2935.4035508159723,489.8056640625,49.2
2935.636295912991,724.64111328125,47.3
2935.8674520349887,595.26904296875,49.39
2936.0985163159785,595.26904296875,48.79
2936.3306654509797,1029.89013671875,40.3
2936.5630922779965,595.26953125,49.76
2936.795292467985,595.26953125,49.51
2937.028991954983,456.904296875,30.23
2937.26293749499,595.27001953125,49.35
2937.495679448999,595.27001953125,49.81
2937.727597686986,492.61962890625,49.49
2937.960951176996,747.142578125,51.53
2938.1945895529934,595.2705078125,50.03
2938.4263155160006,595.2705078125,48.8
2938.659681367979,1029.8916015625,36.25
2938.895135144994,595.27099609375,48.57
2939.126664782001,595.27099609375,50.03
2939.3589093919727,1029.89208984375,26.77
2939.5903795239865,595.271484375,49.25
2939.823160029977,595.271484375,49.31
2940.055316498998,456.90625,40.78
2940.2877621139924,589.64697265625,49.65
2940.5202446740004,595.27197265625,49.26
2940.7510007419914,595.27197265625,48.52
2940.9827079179813,724.64453125,48.27
2941.2166954329878,595.2724609375,50.01
2941.447017503,595.2724609375,49.24
2941.6785945629817,1029.8935546875,29.29
2941.9102523599868,595.27294921875,48.44
2942.1471403419855,595.27294921875,50.5
2942.381174790993,456.90771484375,28.13
2942.6166838129866,595.2734375,49.4
2942.8494220659777,595.2734375,49.57
2943.0803465919744,492.623046875,49.86
2943.310833907977,724.64599609375,51.85
2943.545299002988,595.27392578125,48.61
2943.7783232579823,595.27392578125,49.01
2944.010840250994,1029.89501953125,33.73
2944.242450345977,595.2744140625,48.73
2944.4728750840004,595.2744140625,49.66
2944.7049628979876,456.9091796875,31.34
2944.9377218929876,630.28515625,48.28
2945.169161154976,595.27490234375,48.58
2945.3976380009844,492.62451171875,48.79
2945.629151503992,724.4423828125,49.14
2945.8618224989914,595.0703125,49.43
2946.093203861994,595.0703125,49.95
2946.328315692983,984.69091796875,26.14
2946.561450437992,595.0703125,49.82
2946.7934506699967,595.0703125,49.36
2947.027220068994,456.705078125,42.15
2947.262763732986,746.94287109375,49.94
2947.495845188998,595.07080078125,49.51
2947.72733082599,595.07080078125,49.63
2947.958462083974,724.443359375,48.49
2948.192490736983,595.0712890625,49.76
2948.425061716989,595.0712890625,48.7
2948.6590780769766,1029.6923828125,32.35
2948.8910475089797,595.07177734375,48.64
2949.1236492909957,595.07177734375,49.49
2949.355283690995,456.70654296875,35.0
2949.5873353969946,589.447265625,48.47
2949.8179686819785,595.072265625,48.7
2950.0479888259724,489.609375,51.09
2950.2824841619877,724.44482421875,52.53
2950.513773193001,595.07275390625,49.54
2950.7472067919734,595.07275390625,48.53
2950.980962361995,1029.69384765625,41.43
2951.2122238070006,595.0732421875,49.69
2951.44605955499,595.0732421875,49.1
2951.6800263279874,456.7080078125,22.13
2951.9139371559722,595.07373046875,50.65
2952.1450568209984,595.07373046875,48.87
2952.380038815987,456.70849609375,45.4
2952.6130940809962,746.9462890625,53.03
2952.8444562379736,595.07421875,49.53
2953.0751132689766,595.07421875,49.3
2953.3057155449933,1029.6953125,38.99
2953.539284916973,595.07470703125,50.22
2953.769300240994,595.07470703125,49.46
2954.0055399499834,465.69384765625,26.15
2954.240586408996,595.0751953125,48.96
2954.4712476309796,595.0751953125,49.84
2954.702036774979,456.7099609375,39.63
2954.9338745909918,746.94775390625,50.39
2955.166270094982,595.07568359375,49.99
2955.397854873998,595.07568359375,49.62
2955.6295115889807,724.4482421875,48.03
2955.863381738978,595.076171875,49.81
2956.096263972984,595.076171875,49.31
2956.3302675909945,984.697265625,27.46
2956.561518314993,595.07666015625,49.79
2956.796218327974,595.07666015625,48.49
2957.028731934988,456.71142578125,30.94
2957.2578792959976,589.4521484375,48.26
2957.487597405998,595.0771484375,49.76
2957.7218529439997,489.6142578125,49.75
2957.956560918974,724.44970703125,49.52
2958.188540024974,595.07763671875,49.08
2958.419962490996,595.07763671875,49.1
2958.653740169975,1029.69873046875,35.68
2958.8857354099746,595.078125,48.89
2959.1184878769855,595.078125,49.35
2959.354398112977,456.712890625,27.57
2959.588774058997,595.07861328125,50.31
2959.8204631809785,595.07861328125,49.16
2960.0525295900006,456.71337890625,49.85
2960.283987046976,746.951171875,49.71
2960.517224217998,595.0791015625,49.53
2960.7502962129947,595.0791015625,49.43
2960.9818428569997,724.45166015625,50.49
2961.2172023889725,595.07958984375,49.33
2961.4508086049755,595.07958984375,48.9
2961.6901800039923,456.71435546875,24.97
2961.9238247729954,595.080078125,49.91
2962.1562725899857,595.080078125,49.26
2962.390912817995,456.71484375,42.52
2962.623584407993,746.95263671875,49.95
2962.8592772259726,595.08056640625,48.09
2963.090392596001,489.61767578125,50.46
2963.322789427999,724.453125,50.78
2963.553884403984,595.0810546875,49.45
2963.7857655919797,595.0810546875,49.45
2964.0160003229976,1029.7021484375,33.22
2964.2519692259957,595.08154296875,48.67
2964.485337350983,595.08154296875,49.0
2964.717479329993,456.71630859375,34.4
2964.9523603029957,589.45703125,49.15
2965.1847181629855,595.08203125,48.91
2965.4167269530008,489.619140625,50.55
2965.6512777829776,724.45458984375,52.13
2965.8845454749826,595.08251953125,49.35
2966.1144584439753,595.08251953125,49.52
2966.3487683899875,1029.70361328125,42.51
2966.579908832995,595.0830078125,49.06
2966.8112877859967,595.0830078125,49.52
2967.0452406989934,456.7177734375,26.44
2967.2802349569974,595.08349609375,49.39
2967.5137790839945,595.08349609375,49.37
2967.744606843975,492.43310546875,49.83
2967.9778202689777,724.4560546875,50.0
2968.2110535989923,595.083984375,49.06
2968.444589833991,595.083984375,49.38
2968.679656936991,1029.705078125,38.67
2968.9140845660004,595.08447265625,49.44
2969.1462634899945,595.08447265625,48.28
2969.382210532989,456.70458984375,19.89
2969.6143045299978,595.0703125,50.43
2969.846746828989,595.0703125,48.59
2970.0811968069756,456.70458984375,47.47
2970.313202383986,746.9423828125,50.36
2970.543755664985,595.0703125,49.13
2970.776236096979,595.0703125,49.42
2971.0097409729788,1029.69140625,36.1
2971.2419426659762,595.07080078125,49.65
2971.472591630998,595.07080078125,49.19
2971.707692397991,456.70556640625,26.28
2971.9394508729747,595.0712890625,49.95
2972.171699988976,595.0712890625,49.85
2972.4055120999983,456.7060546875,36.7
2972.639635775995,589.44677734375,49.06
2972.8723971839936,595.07177734375,49.52
2973.102090289991,489.60888671875,49.57
2973.332362805988,724.4443359375,48.65
2973.56287236599,595.072265625,49.43
2973.7953384809953,595.072265625,49.12
2974.0283270149957,1029.693359375,28.48
2974.2622369739984,595.07275390625,49.96
2974.4946744539775,595.07275390625,48.99
2974.727754969994,456.70751953125,35.26
2974.960441505973,621.08349609375,48.36
2975.1917467769817,595.0732421875,49.24
2975.4252537479915,456.7080078125,45.55
2975.6586986990005,746.94580078125,51.54
2975.891687162977,595.07373046875,49.22
2976.1230247009953,595.07373046875,49.42
2976.3560281799873,1029.69482421875,40.06
2976.590673227998,595.07421875,49.32
2976.8237746959785,595.07421875,48.95
2977.057720553974,456.708984375,29.17
2977.289631913998,595.07470703125,50.41
2977.5206975559995,595.07470703125,49.0
2977.7525671509793,456.70947265625,40.76
2977.9844766239985,746.947265625,50.85
2978.2149734029954,595.0751953125,48.76
2978.4492559009814,595.0751953125,49.7
2978.6815289019723,724.44775390625,48.69
2978.914122897986,595.07568359375,49.16
2979.1452845729946,595.07568359375,49.38
2979.3868148589972,465.69482421875,24.29
2979.6203671580006,595.076171875,49.28
2979.8525335809973,595.076171875,49.31
2980.085377610987,456.7109375,41.04
2980.3195978089934,746.94873046875,49.99
2980.5520853659837,595.07666015625,49.44
2980.7827784709807,595.07666015625,49.24
2981.0128560579906,724.44921875,48.99
2981.2447937479883,595.0771484375,48.34
2981.4775594149833,595.0771484375,49.52
2981.7100041589874,1029.6982421875,29.58
2981.940463781997,595.07763671875,49.83
2982.173148012982,595.07763671875,49.2
2982.406404740992,456.71240234375,38.33
2982.6400486719795,589.453125,48.69
2982.871888931986,595.078125,49.17
2983.104463372001,595.078125,49.75
2983.335556462989,724.45068359375,48.66
2983.566397352988,595.07861328125,49.02
2983.7999587309896,595.07861328125,49.71
2984.030429738981,1029.69970703125,34.52
2984.262735775992,595.0791015625,48.3
2984.495203706989,595.0791015625,48.84
2984.7268681049754,456.7138671875,31.68
2984.9603648789926,589.45458984375,47.35
2985.1931607179868,595.07958984375,49.16
2985.4243515869894,489.61669921875,48.94
2985.6566646089777,724.4521484375,50.85
2985.8908329139813,595.080078125,48.88
2986.125387237,595.080078125,49.05
2986.356563229987,1029.701171875,34.74
2986.58965652599,595.08056640625,49.9
2986.8228226679785,595.08056640625,49.62
2987.056390890997,456.71533203125,25.25
2987.288394581992,595.0810546875,49.32
2987.5197332359967,595.0810546875,49.34
2987.7533490909846,456.7158203125,49.45
2987.986356342997,746.95361328125,51.19
2988.2188120509963,595.08154296875,49.62
2988.450579465978,595.08154296875,50.34
2988.6838528859953,1029.70263671875,45.58
2988.9171862299845,595.08203125,49.03
2989.150201931974,595.08203125,49.17
2989.3838941939757,456.716796875,23.76
2989.6169492169865,595.08251953125,51.06
2989.8492340219964,510.701171875,49.31
2990.083239245985,456.71728515625,49.31
2990.3165348059847,746.955078125,48.67
2990.5501563180005,595.0830078125,49.42
2990.7814023619867,595.0830078125,48.73
2991.0191238119733,724.45556640625,48.3
2991.2541860259953,595.08349609375,50.37
2991.48860639098,595.08349609375,49.52
2991.726772315975,465.70263671875,24.29
2991.9605230359884,595.083984375,49.83
2992.192543977988,595.083984375,48.62
2992.425513024995,456.71875,42.79
2992.6572052209813,746.95654296875,51.94
2992.8886629559856,626.7197265625,49.82
2993.121439518989,489.62158203125,50.64
2993.356001314998,724.45703125,51.41
2993.5873493279796,595.0849609375,49.26
2993.8194275409915,595.0849609375,49.24
2994.0502826089796,1029.7060546875,32.67
2994.2849054469843,595.08544921875,49.63
2994.5173363619833,595.08544921875,49.71
2994.750685908977,456.72021484375,35.17
2994.9865030449873,589.4609375,49.85
2995.2189388489933,595.0859375,49.38
2995.449662055995,489.623046875,49.73
2995.6807918829727,724.45849609375,48.61
2995.9114431519993,595.08642578125,49.43
2996.143895717978,595.08642578125,49.36
2996.3798396879865,1029.70751953125,42.57
2996.6123392570007,595.0869140625,48.7
2996.844504142995,595.0869140625,49.54
2997.0766225149855,456.7216796875,27.21
2997.3115563589963,595.08740234375,49.34
2997.544083096989,595.08740234375,50.12
2997.7752256359963,492.43701171875,48.67
2998.0057181539887,746.9599609375,50.95
2998.2390126659884,595.087890625,48.48
2998.470045132999,595.087890625,49.33
2998.704677747999,724.46044921875,45.27
2998.9362209009996,595.08837890625,48.84
2999.170399333001,595.08837890625,49.81
2999.4016368569864,1029.70947265625,34.23
2999.6363363109995,595.0888671875,49.4
2999.8673467079934,595.0888671875,49.17
3000.1010531489737,456.7236328125,33.41
3000.3350059209915,589.46435546875,48.38
3000.570555632992,595.08935546875,49.05
3000.8063248579856,489.62646484375,49.33
3001.0384831789997,724.4619140625,53.01
3001.272818685975,595.08984375,48.97
3001.5041143879935,595.08984375,49.34
3001.7367069169995,1029.7109375,34.78
3001.9688846549834,595.09033203125,49.92
3002.2013933039852,595.09033203125,49.34
3002.4353576699796,456.72509765625,23.92
3002.6670785709866,595.0908203125,49.77
3002.897032466979,595.0908203125,48.84
3003.1281365229806,456.7255859375,49.02
3003.358139517979,746.96337890625,51.74
3003.590532787988,595.09130859375,49.12
3003.822566510993,595.09130859375,48.55
3004.0556898399955,1029.71240234375,43.61
3004.2886695729976,595.091796875,47.77
3004.521466669976,595.091796875,49.05
3004.7543875269766,456.7265625,24.11
3004.9870849579747,595.09228515625,50.29
3005.2198000599747,595.09228515625,48.95
3005.451675381977,456.72705078125,48.86
3005.68456054898,746.96484375,49.86
3005.9158735019737,595.0927734375,49.4
3006.1470480279822,595.0927734375,49.47
3006.3815503179794,724.46533203125,47.95
3006.6182329369767,595.09326171875,49.65
3006.849262051983,595.09326171875,49.7
3007.0836637699977,984.71435546875,29.53
3007.3138447929814,595.09375,49.07
3007.5478825639875,595.09375,49.27
3007.780041443999,456.728515625,28.95
3008.014255495975,595.09423828125,50.8
3008.245265124977,595.09423828125,48.45
3008.4774758269778,456.72900390625,48.97
3008.7079624789767,746.966796875,50.31
3008.9414452849887,595.0947265625,48.48
3009.173327519995,595.0947265625,48.8
3009.40840635699,1029.7158203125,44.81
3009.6420621609723,595.09521484375,49.27
3009.8756768289895,595.09521484375,49.34
3010.1090816209908,456.72998046875,24.47
3010.342347357975,595.095703125,50.66
3010.5742291039787,595.095703125,49.6
3010.8044490989996,456.73046875,50.05
3011.03976092799,746.96826171875,50.32
3011.270137089974,595.09619140625,49.6
3011.5047100599913,595.09619140625,49.6
3011.736772627977,724.46875,51.8
3011.970887154981,595.0966796875,48.93
3012.2034394549846,595.0966796875,48.92
3012.4395127029857,984.7177734375,28.14
3012.673040136986,595.09716796875,49.06
3012.9050568889943,595.09716796875,49.07
3013.1384150959784,456.73193359375,39.73
3013.371081587975,746.9697265625,50.21
3013.6013998509734,595.09765625,49.75
3013.8313109339797,489.634765625,49.11
3014.061187026993,724.47021484375,52.69
3014.2944473159732,595.09814453125,48.98
3014.5270018509764,595.09814453125,48.92
3014.7590358529997,1029.71923828125,40.07
3014.9900243199954,595.0986328125,49.2
3015.2220544109878,595.0986328125,49.82
3015.453715037991,456.7333984375,49.24
3015.6888576399942,589.47412109375,48.81
3015.9218975769763,595.09912109375,49.35
3016.1540360629733,489.63623046875,48.94
3016.3869710979925,724.4716796875,51.39
3016.621404313977,595.099609375,49.17
3016.852199946996,615.48486328125,49.89
3017.08772535398,724.47216796875,48.61
3017.3200441019726,595.10009765625,49.31
3017.5529505009763,595.10009765625,49.06
3017.787563001999,984.72119140625,29.0
3018.021598608,595.1005859375,50.15
3018.2565487249813,595.1005859375,48.76
3018.4894938869984,456.7353515625,49.47
3018.722851884988,746.97314453125,49.77
3018.956166805001,595.10107421875,49.62
3019.1906346079777,595.10107421875,48.97
3019.424716183974,724.4736328125,46.08
3019.6574343029934,595.1015625,49.93
3019.887023354997,595.1015625,49.34
3020.119978377974,1029.72265625,32.75
3020.355111007986,595.10205078125,49.3
3020.588687136973,595.10205078125,48.69
3020.8205902679765,456.73681640625,32.65
3021.055092781986,589.4775390625,48.6
3021.289018330979,595.1025390625,48.75
3021.519499476999,489.6396484375,49.4
3021.750773399981,724.47509765625,50.6
3021.9817518209748,595.10302734375,49.12
3022.2127747319755,595.10302734375,49.14
3022.4508811699925,984.72412109375,29.2
3022.6835840629938,595.103515625,48.83
3022.9132046139857,595.103515625,50.33
3023.144557178981,456.73828125,26.13
3023.378087700985,595.10400390625,50.41
3023.6110682859726,595.10400390625,49.48
3023.8436348469986,492.45361328125,48.84
3024.075009272987,724.4765625,51.35
3024.3064255349746,499.47314453125,49.05
3024.540214611974,595.1044921875,49.5
3024.7720474119997,1029.7255859375,46.22
3025.0059524279786,595.10498046875,49.66
3025.240071927983,595.10498046875,49.01
3025.4722172719776,456.73974609375,50.87
3025.7071655189793,595.10546875,50.2
3025.940149665985,595.10546875,49.67
3026.1721367469872,456.740234375,48.47
3026.403399215982,589.48095703125,48.77
3026.634287470981,595.10595703125,48.93
3026.86486108799,595.10595703125,49.41
3027.0966879509797,724.478515625,52.26
3027.3298062649847,595.1064453125,49.72
3027.562479683984,595.1064453125,48.75
3027.7981063779735,984.7275390625,44.27
3028.0329567759763,595.10693359375,48.71
3028.2628251969873,595.10693359375,48.98
3028.4992598929966,456.74169921875,48.97
3028.729608617985,589.482421875,48.17
3028.9627779169823,595.107421875,49.4
3029.1933116529835,492.45703125,49.79
3029.429493171978,724.47998046875,49.98
3029.663777639973,595.10791015625,49.03
3029.899061338976,595.10791015625,49.32
3030.130536756973,1029.72900390625,45.23
3030.3640035129793,595.1083984375,48.97
3030.5987392299867,595.1083984375,48.91
3030.8302758999926,456.7431640625,50.4
3031.063161568978,595.10888671875,50.13
3031.2949071359762,595.10888671875,49.39
3031.525397081976,456.74365234375,48.81
3031.759110310988,746.9814453125,49.63
3031.9904042089765,595.109375,49.51
3032.2216787609796,489.646484375,49.01
3032.4527799649804,724.48193359375,51.04
3032.689643072983,595.10986328125,50.11
3032.9229032359726,595.10986328125,49.76
3033.1555278359738,1029.73095703125,37.64
3033.3865591279755,595.1103515625,50.18
3033.6174414459965,595.1103515625,48.72
3033.8474661039945,456.7451171875,49.31
3034.082622689981,746.98291015625,48.75
3034.313660057989,595.11083984375,49.26
3034.5460265909787,595.11083984375,49.15
3034.7770640989766,724.4833984375,50.8
3035.010427348985,595.111328125,48.87
3035.242558304977,595.111328125,49.63
3035.476102864981,1029.732421875,30.65
3035.709844938974,595.11181640625,49.54
3035.940594068001,595.11181640625,49.28
3036.1742148959893,456.74658203125,42.79
3036.4081773219805,595.1123046875,50.49
3036.64016510098,595.1123046875,48.97
3036.872440141975,456.7470703125,50.98
3037.1032466119796,589.48779296875,49.94
3037.337894606986,595.11279296875,49.38
3037.5716384269763,492.46240234375,48.8
3037.805278950982,746.9853515625,43.55
3038.0377691739995,595.11328125,48.52
3038.2696528889937,595.11328125,49.74
3038.5000395379902,724.48583984375,32.52
3038.7358203729964,595.11376953125,49.82
3038.9694224829727,595.11376953125,49.25
3039.2000815859938,1029.73486328125,33.27
3039.4334148039925,595.1142578125,49.35
3039.6657813380007,595.1142578125,49.62
3039.897159185988,456.7490234375,49.89
3040.130481927976,589.48974609375,51.08
3040.3644373689895,595.11474609375,49.75
3040.595167501975,456.74951171875,50.06
3040.827381219977,746.9873046875,48.74
3041.0580821589974,595.115234375,49.01
3041.2887566269783,489.65234375,48.93
3041.5218502169882,724.48779296875,36.17
3041.75355101499,595.11572265625,49.72
3041.9879968879977,595.11572265625,49.49
3042.2204974479973,1029.73681640625,32.17
3042.4526182769914,595.1162109375,48.78
3042.6829733579943,595.1162109375,49.5
3042.916194478981,456.7509765625,50.22
3043.146258876979,960.681640625,53.5
3043.37865083199,595.11669921875,48.87
3043.610839826986,595.11669921875,49.67
3043.842303929996,724.4892578125,34.58
3044.0762757149932,595.1171875,49.39
3044.3074506019766,595.1171875,49.2
3044.539526870998,1029.73828125,23.62
3044.772747852985,595.11767578125,50.99
3045.0045750659774,595.11767578125,49.01
3045.236849057983,456.75244140625,44.6
3045.471184440976,589.4931640625,50.97
3045.7021759219933,595.1181640625,48.94
3045.9360571219877,489.6552734375,49.22
3046.1707986359834,724.49072265625,43.84
3046.402412829979,595.11865234375,49.87
3046.633115723991,595.11865234375,49.52
3046.8655378519907,1029.73974609375,24.08
3047.096111817984,595.119140625,50.0
3047.3299757659843,595.119140625,48.97
3047.570254432998,456.75390625,34.61
3047.8032670760003,595.11962890625,49.89
3048.0383481629833,595.11962890625,49.67
3048.274883012986,456.75439453125,49.93
3048.5099119279766,746.9921875,49.06
3048.744113631983,595.1201171875,49.47
3048.97805315,595.1201171875,48.94
3049.212876658974,724.49267578125,26.62
3049.4479896639823,595.12060546875,49.23
3049.6819578159775,595.12060546875,49.39
3049.9130064289784,1029.74169921875,31.44
3050.14380284198,595.12109375,49.51
3050.376822258986,595.12109375,49.18
3050.610122371989,456.755859375,44.82
3050.843113223993,690.74658203125,50.62
3051.0755493199977,595.12158203125,48.92
3051.309553231986,492.47119140625,49.25
3051.5415127949964,724.494140625,44.42
3051.7747456499783,595.1220703125,49.09
3052.0054213059775,595.1220703125,49.27
3052.2399058009905,1029.7431640625,27.61
3052.470486680977,595.12255859375,49.95
3052.7040993369883,595.12255859375,49.64
3052.935322694975,456.75732421875,44.39
3053.1697918249993,595.123046875,50.05
3053.4006798709743,595.123046875,49.57
3053.6353086599847,456.7578125,48.58
3053.865542633983,746.99560546875,45.81
3054.098995840992,595.12353515625,49.57
3054.332152427989,595.12353515625,48.9
3054.5677551659755,1029.74462890625,23.67
3054.8034445769736,595.1240234375,49.7
3055.0367442709976,595.1240234375,49.08
3055.2683293409937,456.7587890625,47.37
3055.5028336719843,595.12451171875,48.98
3055.7343602139736,595.12451171875,49.51
3055.965803225001,456.75927734375,49.72
3056.196523439983,746.9970703125,48.08
3056.4291584460007,595.125,48.89
3056.6628670659848,595.125,49.22
3056.896423289989,724.49755859375,27.82
3057.129949620983,595.12548828125,48.69
3057.3619470389967,595.12548828125,49.42
3057.5952432409977,984.74658203125,39.08
3057.829005847976,595.1259765625,49.5
3058.0617052489833,595.1259765625,49.1
3058.2945423079946,456.7607421875,49.15
3058.527176615986,746.99853515625,47.77
3058.7562311669753,595.12646484375,49.29
3058.9856620259816,489.66357421875,49.29
3059.2169288259756,724.4990234375,37.99
3059.4501617509814,595.126953125,49.27
3059.6851235469803,595.126953125,49.28
3059.9155991049774,1029.748046875,28.74
3060.150050286,595.12744140625,49.23
3060.3838420169777,595.12744140625,49.3
3060.6192775529926,456.76220703125,49.21
3060.854892931995,589.5029296875,51.0
3061.0885650239943,595.1279296875,49.12
3061.3190305939934,489.6650390625,49.46
3061.550563561992,724.50048828125,34.92
3061.782557767001,595.12841796875,49.78
3062.016641577997,595.12841796875,49.06
3062.2496927739994,1029.74951171875,23.66
3062.480646540993,595.12890625,50.0
3062.7111855159746,595.12890625,49.16
3062.94334475699,456.763671875,41.22
3063.176167359983,595.12939453125,50.13
3063.4115308179753,595.12939453125,49.37
3063.6414208200003,482.623046875,48.88
3063.871664012986,747.001953125,48.13
3064.105344974989,595.1298828125,49.58
3064.3410257959913,595.1298828125,49.22
3064.5743759159814,1029.7509765625,25.06
3064.80656553898,595.13037109375,50.08
3065.0401982399926,595.13037109375,49.19
3065.2757697589986,984.75146484375,32.57
3065.5073295459733,595.130859375,48.11
3065.7376677239954,595.130859375,49.37
3065.9692166159803,456.765625,50.49
3066.205292183993,747.00341796875,51.89
3066.4370017129986,595.13134765625,49.84
3066.6696273609996,595.13134765625,50.16
3066.9005745619943,724.50390625,33.92
3067.132419025991,595.1318359375,48.9
3067.3671786989726,595.1318359375,49.8
3067.6043806119997,456.7666015625,33.88
3067.8358439469885,595.13232421875,50.17
3068.069910785998,595.13232421875,49.69
3068.303184777993,456.76708984375,46.57
3068.537315732974,589.5078125,50.62
3068.769038391998,595.1328125,49.51
3069.0004266469914,489.669921875,49.12
3069.2346896029776,724.50537109375,42.68
3069.4663829979836,595.13330078125,49.41
3069.69794013098,595.13330078125,49.28
3069.9304145700007,1029.75439453125,25.56
3070.1628700129804,595.1337890625,49.78
3070.3949494949775,595.1337890625,49.13
3070.624927776982,456.7685546875,46.85
3070.8590022989956,589.50927734375,51.56
3071.091743814992,595.13427734375,50.24
3071.325038898998,456.76904296875,50.64
3071.558128648001,747.0068359375,52.33
3071.790279438981,595.134765625,49.24
3072.0235863959824,595.134765625,48.8
3072.257052313973,724.50732421875,31.98
3072.4875155799964,595.13525390625,49.14
3072.7201074939803,595.13525390625,49.71
3072.9542621949804,456.77001953125,35.08
3073.1889443429827,595.1357421875,49.17
3073.4256875329884,595.1357421875,49.95
3073.657749134989,456.7705078125,51.15
3073.8897628959967,589.51123046875,52.87
3074.123594716977,595.13623046875,49.84
3074.3570174729975,489.67333984375,48.88
3074.5902189689805,724.5087890625,41.19
3074.8220676229976,595.13671875,49.56
3075.055293772981,595.13671875,49.63
3075.2887183439743,1029.7578125,26.72
3075.522170223994,595.13720703125,50.11
3075.7543356120004,595.13720703125,48.87
3075.985508892976,456.77197265625,48.19
3076.2209405169997,589.5126953125,49.84
3076.453834916989,595.1376953125,49.25
3076.6855322229967,489.6748046875,49.39
3076.9211475319753,724.51025390625,39.49
3077.155098573974,595.13818359375,49.43
3077.387012878986,595.13818359375,49.19
3077.621873823984,1029.75927734375,26.34
3077.8548656539933,595.138671875,49.29
3078.0850410999847,595.138671875,49.04
3078.3197733259876,456.7734375,42.1
3078.551839467982,595.13916015625,49.99
3078.786118487973,595.13916015625,48.99
3079.016788765992,500.8037109375,48.98
3079.2503099289897,747.01171875,46.55
3079.4808629420004,595.1396484375,50.26
3079.718399537989,595.1396484375,48.98
3079.9497063569725,724.51220703125,29.83
3080.1843450629967,595.14013671875,50.14
3080.4158966789837,595.14013671875,49.09
3080.6472187229956,1029.76123046875,25.81
3080.8784550019773,595.140625,50.14
3081.11074345198,595.140625,49.26
3081.343251903978,456.775390625,47.27
3081.57640080899,589.51611328125,51.25
3081.808088266989,595.14111328125,49.7
3082.042425814987,489.67822265625,49.47
3082.2755122809904,724.513671875,43.82
3082.509293744981,595.1416015625,48.98
3082.7414010949724,595.1416015625,49.55
3082.974886079988,724.51416015625,29.64
3083.2065193929884,595.14208984375,48.85
3083.4395338149916,595.14208984375,48.91
3083.6711924559786,1029.76318359375,28.11
3083.9031113999954,595.142578125,48.41
3084.134250274976,595.142578125,49.35
3084.368122918997,456.77734375,50.23
3084.5983766119753,589.51806640625,50.68
3084.8296664849913,595.14306640625,48.93
3085.062212054996,595.14306640625,49.47
3085.2947882159788,724.515625,34.77
3085.5261594559997,595.1435546875,49.26
3085.7552705269773,516.38720703125,48.51
3085.9890032769763,1029.7646484375,24.6
3086.2220270579855,595.14404296875,49.49
3086.4545694849803,595.14404296875,48.45
3086.6853555149864,456.77880859375,41.9
3086.9183989909943,589.51953125,50.1
3087.148747598985,595.14453125,49.21
3087.379219269991,489.681640625,49.16
3087.6108242019836,724.51708984375,45.96
3087.844052550994,595.14501953125,49.43
3088.0761295479897,595.14501953125,48.89
3088.307060082996,1029.76611328125,22.53
3088.5398713329923,595.1455078125,50.56
3088.770993863989,595.1455078125,49.42
3089.0042949189956,456.7802734375,40.46
3089.2377489289793,589.52099609375,50.65
3089.4711507659813,595.14599609375,48.46
3089.701931907999,489.68310546875,49.39
3089.938780535973,724.5185546875,49.59
3090.1712130309897,595.146484375,49.67
3090.4027234669775,595.146484375,48.99
3090.6326760689844,1029.767578125,25.26
3090.867075534974,595.14697265625,50.52
3091.09889180999,595.14697265625,49.56
3091.3299632869894,456.78173828125,42.21
3091.5628310389875,589.5224609375,48.8
3091.7928291779826,595.1474609375,49.81
3092.024423215975,492.4970703125,49.69
3092.258438827994,724.52001953125,50.74
3092.4931841529906,595.14794921875,49.42
3092.727198088978,595.14794921875,48.85
3092.961628633988,1029.76904296875,35.18
3093.193319472979,595.1484375,48.99
3093.427646162978,595.1484375,49.42
3093.6607637419947,456.783203125,33.56
3093.8968410309753,595.14892578125,49.07
3094.128648296988,595.14892578125,49.67
3094.363969612983,456.78369140625,50.27
3094.5958034189825,747.021484375,52.9
3094.8321359119727,595.1494140625,48.88
3095.062439610978,595.1494140625,50.07
3095.294958919985,724.52197265625,41.51
3095.5265014139877,595.14990234375,48.88
3095.7601472799724,595.1494140625,49.03
3095.9946082069946,1034.86767578125,23.78
3096.226897175977,595.150390625,49.92
3096.4587841319735,595.150390625,49.01
3096.691839620995,456.78515625,45.47
3096.9219634769834,589.52587890625,53.01
3097.1535445229965,595.15087890625,49.1
3097.385047066986,595.15087890625,48.85
3097.6194636439905,724.5234375,43.2
3097.8491553149943,595.1513671875,49.14
3098.0834370259836,595.1513671875,49.03
3098.3138431139814,1029.7724609375,27.16
3098.5477872779884,595.15185546875,49.29
3098.7796291159757,595.15185546875,49.38
3099.0115856349876,456.78662109375,39.55
3099.245655933977,589.52734375,50.28
3099.4780077609757,595.15234375,49.75
3099.7084441599727,489.689453125,49.08
3099.9436079809966,724.52490234375,47.85
3100.176482787996,595.15283203125,50.16
3100.4097541599767,595.15283203125,49.3
3100.641571622982,1029.77392578125,22.21
3100.8735333099903,595.1533203125,50.04
3101.1056138689746,595.1533203125,49.18
3101.3391243109945,456.7880859375,33.51
3101.5698718589847,589.52880859375,49.4
3101.8063414529897,493.9033203125,49.54
3102.0375032359734,492.50341796875,50.16
3102.271873576974,724.5263671875,49.93
3102.5033120059816,595.154296875,50.04
3102.7382939569943,595.154296875,49.2
3102.9708049549954,1029.775390625,29.25
3103.2052530309884,595.15478515625,49.33
3103.4393354819913,595.15478515625,48.52
3103.6741940219945,456.78955078125,35.22
3103.910577289993,595.1552734375,48.89
3104.140811915975,499.52392578125,49.12
3104.375347713998,456.7900390625,41.64
3104.607743331988,589.53076171875,50.8
3104.843221791991,595.15576171875,48.89
3105.072150644992,489.69287109375,49.14
3105.304182313994,724.5283203125,44.96
3105.539995598985,599.470703125,49.14
3105.7737381279876,595.15625,48.39
3106.0055238119967,1029.77734375,22.61
3106.2401441199763,595.15673828125,50.83
3106.471361217991,595.15673828125,49.04
3106.7042480369855,456.79150390625,41.21
3106.9352333279967,589.5322265625,50.71
3107.1676877540012,595.1572265625,49.08
3107.399303651997,456.7919921875,50.07
3107.629555876978,747.02978515625,52.48
3107.8622028579994,595.15771484375,49.61
3108.094644781988,595.15771484375,49.32
3108.3252360919723,1029.77880859375,30.32
3108.5558686089935,595.158203125,48.77
3108.787653665,595.158203125,49.26
3109.0204369089915,456.79296875,35.86
3109.252141715988,589.53369140625,49.24
3109.483023640001,595.15869140625,49.66
3109.714844105998,474.21484375,51.22
3109.9455861359893,724.53125,53.59
3110.176536086976,595.1591796875,50.03
3110.4069849889784,595.1591796875,49.28
3110.639300916984,1029.7802734375,39.89
3110.871520531975,595.15966796875,48.92
3111.1025866309938,595.15966796875,49.34
3111.336245767976,456.79443359375,28.53
3111.5704667859827,595.16015625,49.2
3111.8032221619796,595.16015625,48.96
3112.033941144997,492.509765625,50.05
3112.2667109079775,724.533203125,50.9
3112.5010903989896,595.16064453125,49.32
3112.7325739459775,595.16064453125,49.72
3112.9675239089993,1029.7822265625,44.96
3113.2000064109743,595.1611328125,49.62
3113.4319390439778,595.1611328125,48.63
3113.6682705599815,984.7822265625,25.16
3113.9005384359916,595.16162109375,49.93
3114.133234725974,595.16162109375,49.47
3114.3664287819993,456.79638671875,43.41
3114.6009265859902,747.0341796875,50.9
3114.835907558998,595.162109375,49.38
3115.0685868769942,595.162109375,49.01
3115.3020937569963,724.53466796875,44.1
3115.535487352987,595.16259765625,48.89
3115.7684410119837,595.16259765625,49.48
3116.001240040001,1029.78369140625,23.92
3116.2353962449997,595.1630859375,49.46
3116.4672282349784,595.1630859375,48.71
3116.702538793994,456.7978515625,34.71
3116.934292979975,589.53857421875,50.01
3117.1672447529854,595.16357421875,49.27
3117.3976215079892,489.70068359375,50.33
3117.6339606359834,724.5361328125,50.4
3117.8655885469925,595.1640625,49.33
3118.0950345119927,595.1640625,49.14
3118.3256764579855,1029.78515625,27.86
3118.5593285399955,595.16455078125,49.24
3118.792217245995,595.16455078125,48.92
3119.02379472999,456.79931640625,34.43
3119.254701168975,589.5400390625,48.73
3119.484371118975,595.1650390625,49.07
3119.717712122976,489.7021484375,50.02
3119.951461566001,724.53759765625,54.24
3120.1822388669825,595.16552734375,48.68
3120.416489986994,595.16552734375,49.36
3120.648415356991,1029.78662109375,33.81
3120.8802185019886,595.166015625,49.35
3121.111336493981,595.166015625,49.49
3121.3441226009745,456.80078125,33.53
3121.578461372992,589.54150390625,48.88
3121.8098250009934,595.16650390625,49.33
3122.0414014379785,492.51611328125,49.95
3122.272690123995,747.0390625,53.53
3122.508034696977,595.1669921875,49.09
3122.7400901129877,595.1669921875,48.93
3122.9732056659996,1029.7880859375,42.01
3123.205868011981,595.16748046875,49.69
3123.4404206420004,595.16748046875,49.88
3123.6773340849904,456.80224609375,29.09
3123.907838021987,589.54296875,47.48
3124.142188457976,595.16796875,48.84
3124.3743085479946,489.705078125,50.68
3124.6113780179876,724.54052734375,52.57
3124.842542803992,488.287109375,49.92
3125.0745201369864,595.16845703125,48.66
3125.3091174659785,1029.78955078125,39.23
3125.543252228992,595.1689453125,49.42
3125.7751930339728,595.1689453125,49.65
3126.008946945978,456.8037109375,30.17
3126.240747506992,477.0380859375,48.31
3126.472448613,488.2880859375,49.47
3126.7044382369786,489.70654296875,50.66
3126.9394241699774,724.5419921875,53.2
3127.1703966099885,595.169921875,48.61
3127.403436663997,595.169921875,49.46
3127.6348537899903,1029.791015625,30.67
3127.869511672994,621.1806640625,48.78
3128.1005181259825,595.17041015625,49.5
3128.3366812509776,456.80517578125,26.09
3128.571958635992,595.1708984375,50.41
3128.8059068500006,595.1708984375,48.86
3129.0396152949834,456.8056640625,46.5
3129.273806979996,747.04345703125,50.34
3129.5047266889887,595.17138671875,48.79
3129.735594225989,489.70849609375,49.15
3129.9679699389962,724.5439453125,47.77
3130.1979988789826,595.171875,50.78
3130.4280414370005,595.171875,49.55
3130.662628848979,578.291015625,25.27
3130.8973046109895,595.17236328125,49.55
3131.1306706189935,505.171875,49.19
3131.365508415998,456.80712890625,30.44
3131.600704922981,595.1728515625,49.39
3131.833339261997,595.1728515625,49.65
3132.063984280976,492.5224609375,50.53
3132.2960721039854,724.54541015625,51.34
3132.5283630279882,621.18359375,49.59
3132.762364741997,595.17333984375,49.1
3132.992311196984,1029.79443359375,31.03
3133.2262214169896,595.173828125,49.2
3133.4572757829737,595.173828125,49.44
3133.690162881976,456.70458984375,37.29
3133.9213641949755,589.4453125,50.67
3134.1534756949986,595.0703125,49.22
3134.384690836974,489.607421875,49.22
3134.618402075983,724.4423828125,47.28
3134.850315082993,595.0703125,50.64
3135.0851519019925,595.0703125,49.15
3135.3181508879934,1029.69140625,24.79
3135.5488891470013,595.07080078125,49.82
3135.779743343999,595.07080078125,49.42
3136.012953464,456.70556640625,42.91
3136.247371158999,746.943359375,51.09
3136.4818957819953,595.0712890625,49.31
3136.7114214369794,595.0712890625,50.25
3136.9434832089755,724.44384765625,44.84
3137.1765475680004,595.07177734375,50.1
3137.408977757994,595.07177734375,49.18
3137.6389701699954,1029.69287109375,26.97
3137.870578174974,595.072265625,50.01
3138.1017478499853,595.072265625,49.29
3138.333135083987,456.70703125,41.26
3138.5645700899768,746.94482421875,50.68
3138.7969872899994,595.07275390625,49.17
3139.0287623589975,595.07275390625,49.78
3139.2604478189896,724.4453125,47.21
3139.494146137993,595.0732421875,49.82
3139.7261069869855,595.0732421875,49.28
3139.960064210987,1029.6943359375,25.92
3140.1926253549755,595.07373046875,49.35
3140.424958673975,595.07373046875,48.68
3140.6564229439828,456.70849609375,33.82
3140.893218142999,589.44921875,50.28
3141.1242954869813,595.07421875,49.29
3141.3551099429897,489.611328125,50.75
3141.585483763978,724.44677734375,49.38
3141.820691656001,595.07470703125,49.07
3142.051256145991,595.07470703125,49.91
3142.2863703089824,984.69580078125,25.76
3142.5198618939903,595.0751953125,50.02
3142.750647644978,595.0751953125,49.71
3142.9855449479946,456.7099609375,38.99
3143.218651840987,589.45068359375,50.79
3143.4535754039825,595.07568359375,49.02
3143.6842689629993,489.61279296875,50.1
3143.9170189609868,724.4482421875,47.53
3144.1494433549815,595.076171875,50.13
3144.3803842259804,595.076171875,49.45
3144.6151322749793,984.697265625,24.15
3144.84649827698,595.07666015625,49.96
3145.077335711976,595.07666015625,48.99
3145.3090530209884,456.71142578125,43.22
3145.5429700849927,746.94921875,51.77
3145.775052320998,595.0771484375,49.3
3146.008482234989,489.6142578125,49.7
3146.2402772079804,724.44970703125,46.76
3146.474785976985,595.07763671875,48.94
3146.706887349981,595.07763671875,49.31
3146.9393183779903,1029.69873046875,26.0
3147.170478204993,595.078125,49.98
3147.401433114981,595.078125,49.38
3147.6353559759737,456.712890625,41.98
3147.8687356729934,533.197265625,49.1
3148.099839207978,595.07861328125,49.49
3148.332860892988,595.07861328125,48.81
3148.5624379609944,724.451171875,46.03
3148.7933588919987,595.0791015625,50.87
3149.0262841749936,595.0791015625,49.03
3149.2572499459784,1029.7001953125,31.94
3149.4902739169775,595.07958984375,48.89
3149.7209623419913,595.07958984375,48.71
3149.9537091069797,456.71435546875,34.14
3150.1880213299883,589.455078125,48.28
3150.4224678609753,595.080078125,49.44
3150.6525131719827,489.6171875,50.63
3150.8852016879828,724.45263671875,52.03
3151.1196730129886,595.08056640625,49.09
3151.3534970349865,595.08056640625,48.41
3151.5858749589825,1029.70166015625,30.98
3151.8184307729825,595.0810546875,48.91
3152.0535239799938,595.0810546875,50.15
3152.286668429995,456.7158203125,26.1
3152.5202234159806,595.08154296875,50.21
3152.752479046001,595.08154296875,48.58
3152.9876709399978,492.43115234375,49.09
3153.2195844789967,746.9541015625,49.52
3153.45458207099,595.08203125,48.99
3153.688060369983,595.08203125,49.65
3153.923836220987,1029.703125,34.67
3154.159824184986,595.08251953125,49.07
3154.3940961779736,595.08251953125,49.38
3154.6278396009875,456.71728515625,35.01
3154.862303313974,595.0830078125,49.12
3155.092836967,595.0830078125,49.32
3155.3255189170013,456.7177734375,48.31
3155.5591121079924,746.95556640625,50.76
3155.7907643639774,595.08349609375,49.24
3156.025656492973,595.08349609375,49.83
3156.259079825977,724.4560546875,39.11
3156.489634361991,595.083984375,50.49
3156.7211171099916,595.083984375,48.97
3156.955351527984,456.71875,30.95
3157.1868039639958,595.08447265625,48.92
3157.4208512029727,595.08447265625,48.9
3157.6552828579734,456.71923828125,49.24
3157.887345930998,746.95703125,51.19
3158.1176053099916,595.0849609375,49.0
3158.347367897979,489.6220703125,48.64
3158.5788179589726,724.45751953125,49.54
3158.813400963001,595.08544921875,49.57
3159.0422915619856,599.39990234375,49.68
3159.2734554769995,984.70654296875,25.93
3159.5060529879993,595.0859375,50.36
3159.739393695985,595.0859375,49.34
3159.970718878001,456.720703125,42.72
3160.2048138209793,746.95849609375,50.91
3160.440103843983,595.08642578125,49.88
3160.675427531998,595.08642578125,49.34
3160.9068939369754,724.458984375,45.53
3161.1394260739908,595.0869140625,49.85
3161.370719339,595.0869140625,49.7
3161.6024964049866,1029.7080078125,35.73
3161.833796303981,595.08740234375,49.08
3162.063708144997,595.08740234375,49.74
3162.2961479499936,456.72216796875,33.61
3162.528382696997,589.462890625,48.94
3162.7596406899975,595.087890625,49.49
3162.9923730669834,489.625,51.02
3163.2288729099964,724.46044921875,51.5
3163.4606811259873,595.08837890625,49.23
3163.6917232349806,595.08837890625,49.18
3163.9239461079997,1029.70947265625,35.73
3164.1557033379795,595.0888671875,48.89
3164.3866235019814,595.0888671875,50.05
3164.6209088350006,456.7236328125,21.81
3164.8525182089943,595.08935546875,50.55
3165.0843934739823,595.08935546875,49.76
3165.3177691729798,456.72412109375,44.66
3165.5492889379966,746.9619140625,52.58
3165.781003215001,595.08984375,49.08
3166.0134752879967,595.08984375,48.78
3166.2444780749793,1029.7109375,38.27
3166.4739509539795,595.09033203125,49.93
3166.707179774996,595.09033203125,49.26
3166.942274866975,456.72509765625,25.61
3167.173419854982,595.0908203125,50.13
3167.404749855981,615.47607421875,48.61
3167.6382922709745,456.7255859375,49.53
3167.8695631159935,746.96337890625,50.67
3168.102322800987,595.09130859375,49.82
3168.3332175419782,595.09130859375,49.28
3168.5654719139857,1029.71240234375,45.22
3168.7988289659843,595.091796875,48.94
3169.0312012329814,595.091796875,49.18
3169.26494276998,456.7265625,26.21
3169.499074378982,595.09228515625,50.4
3169.731431699998,595.09228515625,48.81
3169.96220121198,456.72705078125,49.97
3170.1955016909924,746.96484375,49.9
3170.432635916979,595.0927734375,48.94
3170.667015188985,595.0927734375,49.52
3170.900181569974,724.46533203125,49.48
3171.1360341779946,595.09326171875,50.21
3171.3686029129894,595.09326171875,49.5
3171.604299422994,465.71240234375,24.03
3171.8403949450003,595.09375,50.12
3172.0737165159953,595.09375,49.71
3172.3078838849906,456.728515625,43.52
3172.542946081987,746.96630859375,50.8
3172.7776110809937,595.09423828125,49.03
3173.0087873589946,595.09423828125,49.99
3173.240996472974,724.466796875,47.16
3173.475182000984,595.0947265625,48.93
3173.707822324999,595.0947265625,50.11
3173.9379745659826,1029.7158203125,27.55
3174.1693059639947,595.09521484375,49.5
3174.399376627989,595.09521484375,48.61
3174.630145581992,456.72998046875,41.14
3174.861208085,471.34130859375,50.79
3175.095182827994,595.095703125,49.88
3175.327339559997,595.095703125,49.38
3175.560133537976,724.46826171875,45.93
3175.791532334988,595.09619140625,48.69
3176.023075426987,595.09619140625,48.74
3176.2525328009797,1029.71728515625,31.91
3176.485023241985,595.0966796875,48.76
3176.717583595979,595.0966796875,49.9
3176.9495900959882,456.7314453125,34.32
3177.180435317976,589.47216796875,49.39
3177.4114096789854,533.2158203125,49.49
3177.644980380981,696.34716796875,49.28
3177.875619076978,724.4697265625,48.58
3178.109252426977,595.09765625,48.75
3178.342356647976,595.09765625,49.51
3178.5791323699814,984.71875,26.31
3178.8101251699845,595.09814453125,50.4
3179.043336668983,595.09814453125,49.33
3179.2764477339806,456.73291015625,33.67
3179.508857646986,589.4736328125,48.7
3179.7401006939763,595.0986328125,49.14
3179.9731906659727,489.6357421875,49.58
3180.207077126979,724.47119140625,50.56
3180.438489403983,595.09912109375,49.21
3180.670757185988,595.09912109375,49.36
3180.903907362983,1029.72021484375,34.47
3181.136239050975,595.099609375,49.92
3181.3692746159795,595.099609375,49.17
3181.6041841359984,456.734375,29.83
3181.8382115399872,595.10009765625,49.11
3182.076227601996,595.10009765625,49.63
3182.308262736973,456.73486328125,40.63
3182.541876251984,746.97265625,51.29
3182.7762099169777,595.1005859375,49.41
3183.0098273429903,595.1005859375,49.52
3183.2433537639736,724.47314453125,43.95
3183.475089552987,595.10107421875,48.41
3183.7064492379723,595.10107421875,49.07
3183.9408972349775,579.4248046875,25.23
3184.1772230289935,595.1015625,51.42
3184.4100539549836,595.1015625,49.43
3184.6437840369763,456.736328125,44.85
3184.87629927299,746.97412109375,50.73
3185.1067479269987,595.10205078125,49.15
3185.336527974985,489.63916015625,48.83
3185.5706767659867,724.474609375,48.52
3185.804986893985,595.1025390625,50.0
3186.0364513429813,595.1025390625,48.85
3186.267832957994,1029.7236328125,28.73
3186.5035769609967,595.10302734375,49.73
3186.73579389698,595.10302734375,49.26
3186.970526015997,456.73779296875,36.94
3187.201220307994,589.478515625,49.32
3187.4348125199904,595.103515625,49.19
3187.665783808974,489.640625,49.23
3187.9013601879997,724.47607421875,48.62
3188.1346277019766,595.10400390625,49.04
3188.3662852659763,595.10400390625,49.24
3188.5999847579806,1029.72509765625,43.16
3188.832502646983,595.1044921875,49.52
3189.0636894709896,595.1044921875,49.57
3189.297430029983,456.7392578125,28.8
3189.531569391984,595.10498046875,48.82
3189.7652159429854,595.10498046875,49.89
3189.9946565549762,492.45458984375,50.07
3190.2269691059773,724.4775390625,52.17
3190.4575694589876,595.10546875,48.45
3190.6912511400005,499.65576171875,49.39
3190.9257157609973,1029.7265625,35.9
3191.1574713849986,595.10595703125,49.68
3191.3905794469756,595.10595703125,49.55
3191.6263620719837,984.72705078125,23.6
3191.858238873974,595.1064453125,50.36
3192.0908881379873,595.1064453125,49.59
3192.3229650389985,456.7412109375,42.93
3192.556746386981,746.97900390625,51.71
3192.7923846469785,595.10693359375,49.54
3193.0252108229906,595.10693359375,49.51
3193.2615692339896,724.4794921875,42.97
3193.496594342985,595.107421875,49.19
3193.72985466299,595.107421875,49.15
3193.963477815996,984.728515625,24.88
3194.1982864129823,595.10791015625,49.49
3194.432161069999,595.10791015625,49.47
3194.6655744159943,456.74267578125,39.34
3194.901758986991,589.4833984375,49.84
3195.135456522985,595.1083984375,49.65
3195.3679051979852,489.6455078125,48.96
3195.599942428991,724.48095703125,45.88
3195.834601701994,595.10888671875,49.01
3196.070213910978,595.10888671875,49.02
3196.30205174,1029.72998046875,23.71
3196.5334434129763,595.109375,51.07
3196.7634616249998,595.109375,49.05
3196.993904900999,456.744140625,41.87
3197.226940954977,589.48486328125,51.72
3197.4578141139937,595.10986328125,48.83
3197.692120819993,489.64697265625,49.62
3197.927111008001,724.482421875,48.17
3198.1619781329937,595.1103515625,49.65
3198.3941343059996,595.1103515625,48.62
3198.628034316993,1029.7314453125,32.13
3198.8608971599897,595.11083984375,49.24
3199.0955598549917,595.11083984375,49.8
3199.333316100994,456.74560546875,36.34
3199.568169816979,595.111328125,48.58
3199.799847495975,595.111328125,49.69
3200.031143064989,456.74609375,50.56
3200.2642096399795,746.98388671875,51.94
3200.4935641349875,595.11181640625,48.99
3200.7278845299734,595.11181640625,49.04
3200.9582314929867,724.484375,42.67
3201.189331990987,595.1123046875,47.68
3201.422135956993,595.1123046875,49.2
3201.6556092269893,510.7314453125,26.18
3201.889439603983,595.11279296875,49.42
3202.124671378988,595.11279296875,49.35
3202.357400193985,456.74755859375,45.25
3202.5906245449733,589.48828125,51.46
3202.821579768992,595.11328125,49.32
3203.0559853029845,489.650390625,49.99
3203.287493543001,724.48583984375,50.35
3203.5189368999854,595.11376953125,48.09
3203.749969928991,488.232421875,49.07
3203.9812059219985,1029.73486328125,28.65
3204.215701901994,595.1142578125,49.66
3204.4490896149946,595.1142578125,49.23
3204.6831097549875,456.7490234375,40.88
3204.9120928959746,589.48974609375,49.87
3205.144892950979,595.11474609375,49.06
3205.3751564509876,595.11474609375,49.72
3205.6084567209764,724.4873046875,43.89
3205.839813331986,595.115234375,48.3
3206.0745971349825,595.115234375,49.06
3206.3054392139893,1029.736328125,27.97
3206.5385462979903,595.11572265625,49.16
3206.7722955179925,595.11572265625,49.28
3207.006490893982,456.75048828125,38.52
3207.238217742997,589.4912109375,51.14
3207.4718877609994,595.1162109375,49.95
3207.7049043979787,456.7509765625,48.57
3207.938237493974,746.98876953125,52.34
3208.1710017889854,595.11669921875,49.71
3208.405935473973,595.11669921875,49.53
3208.6375308089773,1029.73779296875,32.63
3208.870145500987,595.1171875,49.04
3209.1021975379845,595.1171875,50.09
3209.336874759989,456.751953125,26.06
3209.57080193999,595.11767578125,50.38
3209.8055513099825,595.11767578125,48.95
3210.0403885419946,456.75244140625,48.8
3210.2737055739854,746.990234375,51.24
3210.506390177994,595.1181640625,49.5
3210.7382743129856,595.1181640625,49.87
3210.9757311430003,1029.7392578125,35.54
3211.2069779619924,595.11865234375,49.25
3211.4387836629758,595.11865234375,48.97
3211.67228410198,456.75341796875,34.28
3211.903952282999,595.119140625,48.19
3212.136716228997,595.119140625,49.15
3212.371866985981,456.75390625,44.69
3212.6035422629793,589.49462890625,51.26
3212.8355495180003,595.11962890625,48.25
3213.0672928369895,595.11962890625,48.94
3213.3005224859808,724.4921875,40.24
3213.5353442769847,595.1201171875,50.0
3213.7687305139843,595.1201171875,48.67
3214.007545791974,456.7548828125,30.07
3214.240401709976,595.12060546875,48.99
3214.4756314549886,595.12060546875,49.43
3214.7087782699964,456.75537109375,50.36
3214.9413207329926,589.49609375,53.08
3215.176645812986,595.12109375,49.6
3215.4086803069804,489.658203125,48.75
3215.6453246529854,724.49365234375,47.26
3215.87718879999,595.12158203125,48.62
3216.1098670379724,595.12158203125,48.64
3216.3415635619895,1029.74267578125,25.42
3216.573522974999,595.1220703125,50.49
3216.8057454169902,595.1220703125,48.88
3217.0394541889837,456.7568359375,45.94
3217.2732502649887,589.49755859375,52.8
3217.5070817519736,595.12255859375,49.38
3217.7386563299806,489.65966796875,49.12
3217.9742142669857,724.4951171875,40.95
3218.208116014983,595.123046875,49.78
3218.442873620981,595.123046875,48.83
3218.6793282729923,1029.744140625,24.9
3218.9130166510004,595.12353515625,48.77
3219.144414874987,595.12353515625,49.55
3219.3764879230002,456.75830078125,42.4
3219.610517553985,595.1240234375,50.01
3219.8436759629985,595.1240234375,49.24
3220.0769386479806,492.4736328125,49.26
3220.3083851329866,746.99658203125,46.61
3220.541769903997,595.12451171875,49.19
3220.7737147889857,595.12451171875,49.3
3221.0078336099978,1029.74609375,25.99
3221.2395677099994,595.125,48.66
3221.471322132973,595.125,49.79
3221.709197113989,984.74609375,33.07
3221.9432545429736,595.12548828125,49.61
3222.1758820739924,595.12548828125,49.26
3222.407101429999,456.76025390625,50.42
3222.6416529289854,746.998046875,50.88
3222.8748358529992,595.1259765625,49.54
3223.106098092976,595.1259765625,49.17
3223.3392551049765,724.49853515625,31.16
3223.571983209986,595.12646484375,49.05
3223.807277210988,595.12646484375,49.27
3224.0392418619886,1029.74755859375,29.16
3224.273672740994,595.126953125,49.7
3224.505116502987,595.126953125,49.38
3224.741327612981,456.76171875,42.45
3224.972842194984,595.12744140625,49.58
3225.2066620179976,595.12744140625,48.68
3225.4391233229835,471.37109375,49.5
3225.6736079819966,747.0,46.61
3225.9055619469727,595.1279296875,49.14
3226.136835221987,595.1279296875,49.93
3226.3709057819797,1029.7490234375,26.16
3226.6054595149762,595.12841796875,50.26
3226.8364194739843,595.12841796875,49.74
3227.0691022519895,1029.74951171875,33.04
3227.3013022739906,595.12890625,50.09
3227.533415830985,595.12890625,49.14
3227.7663012229896,456.763671875,47.05
3227.9978973830002,589.50439453125,52.32
3228.228069860983,595.12939453125,49.48
3228.4593807819765,489.66650390625,49.48
3228.6915087959787,724.501953125,41.73
3228.9231608999835,595.1298828125,49.78
3229.1568056260003,595.1298828125,49.23
3229.389163562999,1029.7509765625,27.7
3229.6234399499954,595.13037109375,50.48
3229.854990571999,595.13037109375,50.04
3230.088254862989,456.76513671875,42.51
3230.3205854919797,595.130859375,49.57
3230.5518474519777,595.130859375,49.19
3230.783591888001,456.765625,49.24
3231.0164458509826,729.81787109375,47.22
3231.251175099984,595.13134765625,49.8
3231.485117776989,595.13134765625,49.12
3231.7156653829734,1029.75244140625,22.58
3231.9471656469977,595.1318359375,51.1
3232.1786802299903,595.1318359375,49.17
3232.413345362991,456.7666015625,42.63
3232.6465972219885,505.1259765625,49.69
3232.877624230983,595.13232421875,49.56
3233.1087673179863,456.76708984375,50.12
3233.341553184,533.25146484375,54.8
3233.573111697973,595.1328125,49.48
3233.805554355,595.1328125,49.45
3234.0371343109873,724.50537109375,37.82
3234.269295220991,595.13330078125,51.2
3234.501261269994,595.13330078125,49.33
3234.738325371989,984.75439453125,32.47
3234.9714726059756,595.1337890625,48.96
3235.2045481809764,595.1337890625,49.43
3235.4355119119864,456.7685546875,50.08
3235.6673585979734,589.50927734375,50.74
3235.8984841549827,595.13427734375,49.76
3236.1304590729997,489.67138671875,48.74
3236.3643742319837,724.5068359375,45.26
3236.597125594999,595.134765625,49.65
3236.8279914059967,595.134765625,49.31
3237.0620630829944,1029.755859375,25.59
3237.2931987669726,595.13525390625,49.79
3237.5276157479966,595.13525390625,49.0
3237.7594120769936,456.77001953125,41.92
3237.9916641329764,589.5107421875,50.78
3238.2229006699927,595.1357421875,49.62
3238.4566398939933,489.6728515625,49.65
3238.6900171909947,724.50830078125,45.37
3238.9222925739887,595.13623046875,49.25
3239.154154066986,595.13623046875,49.61
3239.3900500449818,1034.07177734375,33.72
3239.6231568399817,595.13671875,49.15
3239.858304169,595.13671875,49.03
3240.099877199973,465.755859375,32.97
3240.330904277973,595.13720703125,48.62
3240.5644427029765,595.13720703125,49.09
3240.797510804987,456.77197265625,49.92
3241.0309657679754,747.009765625,53.62
3241.2628635089786,595.1376953125,49.71
3241.4956033489725,595.1376953125,49.36
3241.7287146140006,724.51025390625,32.41
3241.959484459978,595.13818359375,49.93
3242.1915480789903,595.13818359375,49.41
3242.4238525169785,1029.75927734375,23.55
3242.657938929973,595.138671875,50.72
3242.8900304159906,595.138671875,49.2
3243.1218412039743,456.7734375,43.95
3243.357578287978,589.51416015625,50.61
3243.5896193480003,595.13916015625,49.64
3243.8208113949804,489.67626953125,48.71
3244.052503867977,724.51171875,41.16
3244.288658124977,595.1396484375,48.93
3244.525560610986,595.1396484375,49.42
3244.7565963499947,1029.7607421875,27.17
3244.992268200993,595.14013671875,50.26
3245.222631001001,595.14013671875,49.62
3245.45840223899,456.77490234375,36.17
3245.6910745399946,595.140625,49.49
3245.9217748229858,595.140625,49.26
3246.1527975009813,456.775390625,49.47
3246.386695687979,747.01318359375,48.57
3246.6185589969973,595.14111328125,49.28
3246.8515595599893,595.14111328125,49.06
3247.0856084679835,1029.76220703125,26.94
3247.3187784009788,595.1416015625,49.28
3247.5520253709983,595.1416015625,48.78
3247.787438173982,456.7763671875,39.78
3248.020956693974,595.14208984375,50.51
3248.252863444999,595.14208984375,49.72
3248.4856826269825,456.77685546875,47.63
3248.716319002997,589.517578125,52.06
3248.9464257590007,595.142578125,49.09
3249.1782820839726,489.6796875,49.42
3249.4083887699817,724.51513671875,37.25
3249.642632329982,595.14306640625,49.15
3249.8737237339956,595.14306640625,49.16
3250.1098831589916,984.76416015625,30.6
3250.3430104180006,595.1435546875,48.29
3250.574346062989,595.1435546875,49.6
3250.8056488820002,456.7783203125,50.79
3251.037820826983,589.51904296875,52.24
3251.26801893799,595.14404296875,49.33
3251.4992003689986,491.24365234375,48.5
3251.7308603649726,724.5166015625,48.33
3251.962172123982,595.14453125,49.64
3252.1928047279944,595.14453125,48.99
3252.4243599599868,1029.765625,28.14
3252.6579907869746,595.14501953125,49.96
3252.8886356839794,595.14501953125,49.16
3253.1241134409793,456.77978515625,39.11
3253.355856968992,589.5205078125,48.98
3253.5857025119767,595.1455078125,49.29
3253.817429068993,492.4951171875,49.47
3254.0472562429786,544.5146484375,51.59
3254.280154346983,595.14599609375,49.81
3254.5144325500005,595.14599609375,48.6
3254.745353535982,724.5185546875,44.36
3254.9779746429995,595.146484375,48.46
3255.210933369992,595.146484375,48.71
3255.4446054750006,984.767578125,24.8
3255.67850247398,595.14697265625,50.01
3255.9148661899962,595.14697265625,49.0
3256.1475298309815,456.78173828125,45.43
3256.3821473309945,747.01953125,50.75
3256.6133800969983,595.1474609375,49.76
3256.846555337979,595.1474609375,49.02
3257.07730479,724.52001953125,46.58
3257.312132517982,595.14794921875,49.82
3257.5463735639933,595.14794921875,49.3
3257.7783615429944,1029.76904296875,32.6
3258.0084298859874,595.1484375,48.73
3258.239348987001,595.1484375,49.58
3258.472333765996,456.783203125,36.13
3258.7040396480006,589.52392578125,50.06
3258.9372922759794,595.14892578125,48.97
3259.169422594976,489.68603515625,49.57
3259.4048236639937,724.521484375,51.81
3259.635904381983,595.1494140625,49.26
3259.8657409849984,595.1494140625,49.92
3260.096707997989,1029.7705078125,33.7
3260.3281728529837,595.14990234375,50.02
3260.5601655109785,595.14990234375,48.92
3260.7938164529915,456.78466796875,26.07
3261.0245223229867,595.150390625,50.25
3261.258447887987,595.150390625,49.13
3261.4906779429875,456.78515625,47.57
3261.723362745979,747.02294921875,51.11
3261.9561497299874,595.15087890625,49.12
3262.188761965983,595.15087890625,49.42
3262.422319038975,1029.77197265625,37.13
3262.6569493209827,595.1513671875,49.35
3262.8889106889837,595.1513671875,49.38
3263.1238783829904,456.7861328125,24.9
3263.3549644779996,595.15185546875,49.86
3263.5872594169923,595.15185546875,49.26
3263.8198143819754,456.78662109375,38.59
3264.0518698989763,589.52734375,48.93
3264.2822998889897,595.15234375,49.21
3264.5166668619786,595.15234375,48.46
3264.7476403709734,724.52490234375,48.03
3264.98190481498,595.15283203125,49.55
3265.214436032984,595.15283203125,49.49
3265.451864925999,984.77392578125,25.95
3265.6835008259804,595.1533203125,49.54
3265.919380599982,595.1533203125,49.26
3266.1503373459855,456.7880859375,34.36
3266.3860311280005,595.15380859375,48.32
3266.617694126995,595.15380859375,48.94
3266.849108903989,499.5224609375,48.44
3267.080251012987,747.0263671875,50.27
3267.3148682339815,595.154296875,48.97
3267.5471703669755,595.154296875,49.15
3267.7804718849948,1029.775390625,38.68
3268.011618744,595.15478515625,49.67
3268.2468585459865,595.15478515625,49.63
3268.4795831589727,456.78955078125,30.91
3268.711551930988,595.1552734375,49.54
3268.941792995989,595.1552734375,50.04
3269.174417034985,456.7900390625,40.65
3269.406544909987,747.02783203125,49.96
3269.639866890997,595.15576171875,48.95
3269.8721256519784,595.15576171875,48.83
3270.105980954977,724.5283203125,47.38
3270.3405457929766,595.15625,50.38
3270.5739419479796,595.15625,49.76
3270.8082588439866,465.775390625,25.12
3271.042363695975,595.15673828125,49.62
3271.2759671449894,595.15673828125,49.31
3271.5088637819863,456.79150390625,41.99
3271.7431124409777,747.029296875,50.9
3271.9755780069972,595.1572265625,49.18
3272.208069274988,489.6943359375,50.11
3272.443495138985,724.52978515625,52.49
3272.6759565839893,595.15771484375,48.98
3272.9090057579742,595.15771484375,48.86
3273.141212694987,1029.77880859375,33.85
3273.374727093993,595.158203125,49.46
3273.606502400973,595.158203125,49.2
3273.8399121049733,456.79296875,34.24
3274.073575548973,589.53369140625,49.61
3274.3068093879847,595.15869140625,49.66
3274.5406482779945,489.69580078125,50.74
3274.7769392179907,724.53125,52.59
3275.008623937989,595.1591796875,49.21
3275.243785725994,595.1591796875,50.06
3275.477592906973,724.53173828125,43.59
3275.7114887889766,595.15966796875,48.63
3275.945787524979,595.15966796875,49.06
3276.180703394988,984.78076171875,26.28
3276.4129726319807,595.16015625,51.02
3276.6456636509974,595.16015625,49.17
3276.879171337001,456.794921875,46.66
3277.1126223779866,747.03271484375,50.63
3277.3463720679865,595.16064453125,49.36
3277.5817143179884,595.16064453125,49.08
3277.8163959929952,724.533203125,37.31
3278.0479337539873,595.1611328125,48.97
3278.280651582987,595.1611328125,50.02
3278.5115071169857,1029.7822265625,23.39
3278.743568909995,595.16162109375,49.75
3278.977208247001,595.16162109375,49.53
3279.2074104700005,456.79638671875,40.11
3279.4388604379783,589.537109375,51.18
3279.6732778969745,595.162109375,49.72
3279.910050323,456.796875,50.42
3280.1442140419967,747.03466796875,52.95
3280.3762724129774,595.16259765625,49.15
3280.607433090976,595.16259765625,49.78
3280.8407371829962,724.53515625,43.53
3281.0715682019945,595.1630859375,49.99
3281.302837555995,595.1630859375,48.84
3281.5332889079873,1029.7841796875,28.72
3281.765934867988,595.16357421875,49.54
3282.0011520999833,595.16357421875,48.9
3282.2316651239817,456.79833984375,39.79
3282.4626610419946,589.5390625,49.79
3282.693069510977,595.1640625,49.33
3282.924872115982,595.1640625,48.79
3283.1566390319786,724.53662109375,46.62
3283.388616663986,595.16455078125,50.49
3283.621247817995,595.16455078125,49.47
3283.8576546859986,984.78564453125,24.22
3284.0911315689737,595.1650390625,50.38
3284.3220855809923,595.1650390625,49.51
3284.5549933129805,456.7998046875,32.38
3284.788963776984,589.54052734375,48.38
3285.0202394169755,595.16552734375,49.27
3285.2517147379986,489.70263671875,50.09
3285.485246097989,724.5380859375,50.7
3285.7181298739742,595.166015625,48.74
3285.9489634069905,595.166015625,49.39
3286.1801340029924,1029.787109375,30.39
3286.4137161399995,595.16650390625,49.82
3286.646051507996,595.16650390625,50.01
3286.8761352759902,456.80126953125,36.01
3287.106703405996,589.5419921875,48.36
3287.338559441996,595.1669921875,49.01
3287.571232849994,456.8017578125,45.59
3287.8027308009914,747.03955078125,52.43
3288.035336251982,595.16748046875,49.82
3288.265527647978,595.16748046875,49.77
3288.4982137679763,1029.78857421875,42.94
3288.7311830319813,595.16796875,47.78
3288.9629769069725,595.16796875,49.51
3289.194981079985,456.802734375,26.61
3289.4259414479893,595.16845703125,50.19
3289.662683841976,595.16845703125,48.67
3289.8931381979783,456.80322265625,46.48
3290.1272631539905,747.041015625,51.69
3290.359364687989,595.1689453125,49.15
3290.5926254759834,595.1689453125,49.32
3290.8243479719968,724.54150390625,50.71
3291.057521246985,595.16943359375,49.34
3291.290550365986,595.16943359375,49.12
3291.526279895974,510.78857421875,26.98
3291.759101580974,595.169921875,49.38
3291.990952727996,595.169921875,48.76
3292.224090242991,456.8046875,41.05
3292.458549188974,747.04248046875,49.75
3292.691117902985,595.17041015625,48.85
3292.9232815969735,595.17041015625,49.96
3293.1556165459915,724.54296875,48.03
3293.390105942992,595.1708984375,49.51
3293.623210283986,595.1708984375,48.81
3293.8539817959827,1029.7919921875,34.62
3294.0877753469977,595.17138671875,49.12
3294.320655840973,595.17138671875,49.51
3294.550800372992,456.80615234375,33.78
3294.7847751659865,589.546875,48.46
3295.019010543998,595.171875,49.02
3295.2484091529914,489.708984375,49.11
3295.4797308189736,724.54443359375,52.65
3295.7105897759902,595.17236328125,48.48
3295.940857021982,595.17236328125,49.37
3296.170827504975,1029.79345703125,35.15
3296.4032348809997,595.1728515625,48.53
3296.6328343579953,595.1728515625,49.28
3296.8654402279935,456.8076171875,49.74
3297.098160501977,589.54833984375,50.28
3297.3302926269826,595.17333984375,49.11
3297.5615382339747,489.71044921875,48.53
3297.7921914329927,724.5458984375,50.82
3298.025675858982,595.173828125,49.61
3298.261746012984,595.173828125,49.46
3298.492218876985,1029.794921875,39.11
3298.7225914469745,595.17431640625,50.3
3298.9554744539782,716.8095703125,48.9
3299.1881139189936,456.80908203125,49.19
3299.4193602249725,589.5498046875,50.26
3299.648767982988,595.1748046875,49.44
3299.8807794889726,489.7119140625,49.28
3300.1124980729946,724.54736328125,51.27
3300.346665563993,595.17529296875,49.71
3300.578663380991,595.17529296875,49.83
3300.812550451985,1029.79638671875,35.27
3301.0451298509724,595.17578125,49.48
3301.2773622009845,595.17578125,49.7
3301.5099599699897,456.810546875,50.52
3301.7426656459866,589.55126953125,50.35
3301.9755661839736,595.17626953125,48.6
3302.20827933299,456.81103515625,49.7
3302.4416498449864,747.048828125,49.38
3302.676300579973,595.1767578125,49.56
3302.909826421994,595.1767578125,48.94
3303.144583946996,724.54931640625,23.54
3303.38169734698,595.17724609375,50.07
3303.614267596975,595.17724609375,49.24
3303.8495337889763,984.79833984375,44.23
3304.0822771799867,595.177734375,48.51
3304.315812800982,595.177734375,49.19
3304.547257809987,456.8125,49.63
3304.7791748879827,747.05029296875,48.68
3305.009401905001,595.17822265625,49.78
3305.2406459759804,489.71533203125,48.91
3305.474657855986,724.55078125,52.94
3305.706832305994,595.1787109375,49.25
3305.939115291985,595.1787109375,49.67
3306.1727004319837,1029.7998046875,34.81
3306.408346010983,595.17919921875,48.69
3306.6410638389934,595.17919921875,49.35
3306.8729738629772,456.81396484375,49.7
3307.107769452996,589.5546875,50.53
3307.340568089974,595.1796875,49.85
3307.5729098139855,489.716796875,48.64
3307.805480272975,724.55224609375,50.09
3308.038237842993,595.18017578125,49.91
3308.2734426419775,595.18017578125,48.91
3308.507135060994,1029.80126953125,46.42
3308.740537001984,595.1806640625,49.67
3308.9732254269766,595.1806640625,49.41
3309.2069897139736,456.8154296875,50.51
3309.439491587982,595.18115234375,50.01
3309.673979657993,595.18115234375,49.08
3309.9059493279783,456.81591796875,49.1
3310.138239856984,747.0537109375,50.38
3310.3717222569976,595.181640625,49.75
3310.6039838709985,595.181640625,48.77
3310.836932740989,1029.802734375,45.14
3311.066976209986,595.18212890625,49.35
3311.298877153982,595.18212890625,49.48
3311.535680660978,984.80322265625,44.83
3311.7688051159785,595.1826171875,49.02
3312.0006693229952,595.1826171875,49.66
3312.231879519997,456.8173828125,49.51
3312.4643924989796,747.05517578125,48.84
3312.697133165988,595.18310546875,48.67
3312.9304617029848,595.18310546875,49.28
3313.1638041369733,724.5556640625,48.64
3313.398025128001,595.18359375,49.14
3313.6343363809865,595.18359375,49.34
3313.869003597996,456.818359375,26.26
3314.1014407979965,595.18408203125,50.12
3314.3362943569955,595.18408203125,49.46
3314.568207384,456.81884765625,49.38
3314.7995856229973,589.5595703125,49.64
3315.030103395984,595.1845703125,49.56
3315.2621563189896,489.7216796875,49.39
3315.496433952998,724.4423828125,48.65
3315.7301837819978,595.0703125,48.72
3315.9639114009915,595.0703125,49.24
3316.203965541994,456.70458984375,22.78
3316.439621736994,595.0703125,49.85
3316.6728919549787,595.0703125,49.51
3316.907745443983,456.705078125,41.56
3317.1385931549885,589.44580078125,51.46
3317.374383518996,595.07080078125,49.8
3317.6073784149776,489.60791015625,49.94
3317.839541968977,724.443359375,51.54
3318.070458824979,595.0712890625,50.04
3318.3038759919873,595.0712890625,49.8
3318.5347371139796,1029.6923828125,33.41
3318.770385974989,595.07177734375,48.87
3319.0031362109876,595.07177734375,49.07
3319.2354682269797,456.70654296875,34.9
3319.4658169100003,589.447265625,48.38
3319.7044770539796,595.072265625,48.86
3319.936352505989,456.70703125,48.38
3320.1708706089994,746.94482421875,52.92
3320.402654286998,595.07275390625,49.47
3320.633762372978,595.07275390625,49.0
3320.863273009978,724.4453125,48.03
3321.0951673189993,595.0732421875,49.79
3321.3271338459745,595.0732421875,49.67
3321.5620502639795,984.6943359375,24.99
3321.793166800984,595.07373046875,49.5
3322.027057922998,595.07373046875,49.41
3322.25884523298,456.70849609375,42.44
3322.4912784509943,746.9462890625,51.05
3322.723176881991,595.07421875,49.86
3322.9557226169854,595.07421875,49.42
3323.1875282260007,724.44677734375,49.34
3323.4210831229866,595.07470703125,49.04
3323.652494048991,595.07470703125,48.68
3323.881471084984,1029.69580078125,35.99
3324.1141233309754,595.0751953125,49.32
3324.346485518996,595.0751953125,48.76
3324.578839534981,456.7099609375,32.24
3324.812131263985,589.45068359375,48.73
3325.044401538995,595.07568359375,48.82
3325.274482443987,489.61279296875,48.73
3325.5062571119925,724.4482421875,50.68
3325.7394289899967,595.076171875,49.14
3325.9727898639976,595.076171875,49.93
3326.2038340439904,1029.697265625,37.63
3326.4384738829976,595.07666015625,49.12
3326.671752900991,595.07666015625,48.6
3326.907058692974,456.71142578125,24.82
3327.1393506189925,595.0771484375,50.38
3327.370497677999,595.0771484375,49.74
3327.6024700719863,456.7119140625,49.32
3327.8328927889816,746.94970703125,50.73
3328.067349847988,595.07763671875,49.28
3328.300398383988,595.07763671875,49.26
3328.5307150789886,1029.69873046875,42.53
3328.763128601975,595.078125,49.93
3328.996521602996,595.078125,50.07
3329.2292269299796,456.712890625,22.84
3329.460213209997,595.07861328125,49.71
3329.6916265799955,595.07861328125,48.17
3329.922755269974,456.71337890625,49.81
3330.1577094029926,746.951171875,49.19
3330.391871795,595.0791015625,49.78
3330.626234077994,595.0791015625,49.28
3330.8642749239807,724.45166015625,48.65
3331.0976073019847,595.07958984375,50.56
3331.3322178069793,595.07958984375,48.88
3331.573304506979,456.71435546875,22.88
3331.806284665974,595.080078125,49.57
3332.041054133995,595.080078125,49.65
3332.27334284698,456.71484375,33.87
3332.507784052985,589.45556640625,48.48
3332.7414193389995,595.08056640625,49.23
3332.9727324149862,492.43017578125,50.68
3333.2045622599835,724.453125,52.51
3333.438227718987,595.0810546875,49.1
3333.6724056859966,595.0810546875,49.63
3333.9050353029743,1029.7021484375,37.12
3334.1348381629796,595.08154296875,49.51
3334.3662262499856,595.08154296875,48.94
3334.5981954309973,456.71630859375,31.37
3334.8324349999893,711.09228515625,48.67
3335.062396262976,595.08203125,49.57
3335.296144625987,456.716796875,41.26
3335.5277608899924,746.95458984375,49.35
3335.760159116995,595.08251953125,49.44
3335.9908176239987,595.08251953125,49.64
3336.226312062994,724.455078125,49.63
3336.458299193997,595.0830078125,49.07
3336.6913003759983,595.0830078125,50.03
3336.925164607994,984.7041015625,28.79
3337.1571345569973,595.08349609375,49.79
3337.3875803219853,595.08349609375,49.44
3337.624343039992,456.71826171875,49.94
3337.8553263869835,589.458984375,49.67
3338.091242327995,595.083984375,49.72
3338.3227666099847,489.62109375,50.14
3338.5563284909877,724.45654296875,50.71
3338.7901411789935,595.08447265625,50.15
3339.023062669992,595.08447265625,49.61
3339.255407676974,1029.70556640625,41.97
3339.4906391559925,595.0849609375,48.72
3339.725423361,595.0849609375,49.56
3339.9594584989827,456.7197265625,28.46
3340.194480170001,589.46044921875,49.49
3340.426182201976,595.08544921875,48.92
3340.6594919499767,492.43505859375,48.73
3340.891537888994,724.4580078125,51.4
3341.1238235989877,595.0859375,49.54
3341.356567338982,595.0859375,49.17
3341.592231565999,1034.021484375,45.71
3341.8221121269744,595.08642578125,49.85
3342.0569953199883,595.08642578125,49.32
3342.2923550319974,456.72119140625,26.63
3342.5269786299905,595.0869140625,49.59
3342.7626643549884,595.0869140625,49.32
3342.9955455129966,456.7216796875,42.69
3343.2318384979735,746.95947265625,51.59
3343.4657111749984,595.08740234375,49.74
3343.697754740977,595.08740234375,49.77
3343.931089580001,724.4599609375,42.55
3344.163525297976,595.087890625,49.09
3344.400262744981,595.087890625,49.08
3344.629795210989,1029.708984375,29.28
3344.863211133983,595.08837890625,49.24
3345.0963596399815,595.08837890625,48.73
3345.329601591977,456.72314453125,37.11
3345.5621399739757,589.4638671875,50.13
3345.7953463079757,595.0888671875,50.17
3346.026974324981,489.6259765625,48.45
3346.2596053849848,724.46142578125,49.11
3346.4919653269753,595.08935546875,49.25
3346.724909060984,595.08935546875,49.16
3346.955588021985,1029.71044921875,26.16
3347.1900727079774,595.08984375,49.74
3347.4234980600013,595.08984375,48.91
3347.6576234879903,456.724609375,31.71
3347.891687108,595.09033203125,49.0
3348.1243842369877,595.09033203125,49.24
3348.356471312989,492.43994140625,49.94
3348.5887204879837,746.962890625,51.95
3348.822252275975,595.0908203125,49.96
3349.0556109309837,595.0908203125,50.06
3349.288380343991,1029.7119140625,31.87
3349.5227980539785,595.09130859375,48.8
3349.7581620259734,595.09130859375,49.1
3349.9898600929882,456.72607421875,34.55
3350.2229687899817,595.091796875,48.08
3350.4564851429895,595.091796875,48.94
3350.690710721974,456.7265625,45.96
3350.9231333099888,746.96484375,51.36
3351.155415518995,595.09228515625,49.22
3351.3875917809783,595.09228515625,49.16
3351.6212331479765,724.46484375,40.28
3351.8562579069985,595.0927734375,49.11
3352.0897952829837,595.0927734375,48.91
3352.3271883189736,465.7119140625,29.95
3352.560341852979,595.09326171875,49.08
3352.793545880995,595.09326171875,49.43
3353.026528306975,456.72802734375,49.32
3353.257435225998,589.46875,50.84
3353.4898156299896,595.09375,49.5
3353.7232585809834,489.630859375,48.56
3353.9585461489914,724.46630859375,45.99
3354.190715705976,595.09423828125,49.94
3354.421187380998,595.09423828125,48.82
3354.65255845699,1029.71533203125,24.18
3354.8858108149725,595.0947265625,50.55
3355.1182621069893,595.0947265625,49.98
3355.350616740994,456.7294921875,42.52
3355.583250454976,589.47021484375,51.57
3355.8171281609975,595.09521484375,49.15
3356.047479012981,489.63232421875,49.54
3356.2796730139817,724.4677734375,46.17
3356.5121181609866,595.095703125,49.64
3356.7421997089987,595.095703125,49.17
3356.9755236529745,1029.716796875,34.4
3357.20566575299,595.09619140625,48.83
3357.443263070978,595.09619140625,49.63
3357.6766388369724,456.73095703125,34.39
3357.9083253799763,595.0966796875,48.75
3358.1397893429967,595.0966796875,49.61
3358.3734199549945,456.7314453125,50.09
3358.6045811609947,746.96923828125,50.59
3358.835791254998,595.09716796875,49.75
3359.0679368579877,595.09716796875,49.8
3359.3010822199867,724.4697265625,39.56
3359.5331113289867,595.09765625,49.4
3359.766527042986,595.09765625,49.35
3359.998170494975,1029.71875,24.62
3360.233552904974,595.09814453125,50.19
3360.466843674978,595.09814453125,48.95
3360.7000150179956,456.73291015625,42.58
3360.9306114979845,589.4736328125,49.96
3361.163725432998,595.0986328125,49.2
3361.3936392259784,489.6357421875,49.13
3361.626460879983,724.47119140625,46.37
3361.857078799978,595.09912109375,49.65
3362.0928613239957,595.09912109375,50.27
3362.3251359209826,1029.72021484375,28.09
3362.5598512879806,595.099609375,48.69
3362.7897249929956,595.099609375,49.07
3363.023652983975,456.734375,31.03
3363.2555341009866,595.10009765625,48.82
3363.487142703001,595.10009765625,49.29
3363.7194982449873,456.73486328125,50.1
3363.9518080409907,780.72216796875,53.24
3364.1856135319977,595.1005859375,49.5
3364.4196549429907,595.1005859375,49.0
3364.652064400987,1029.7216796875,32.31
3364.8843597399828,595.10107421875,48.73
3365.114034539991,595.10107421875,49.68
3365.3511422799784,456.73583984375,26.77
3365.5810958119982,595.1015625,50.14
3365.8126790609967,595.1015625,48.64
3366.045679435978,456.736328125,41.06
3366.2773636049824,589.47705078125,50.36
3366.5098352909845,595.10205078125,49.29
3366.743212871981,489.63916015625,49.43
3366.975008155976,724.474609375,45.59
3367.207739436999,595.1025390625,49.79
3367.4386015179916,595.1025390625,48.84
3367.6732379669847,1029.7236328125,26.87
3367.9034831509925,595.10302734375,49.96
3368.13877008899,595.10302734375,50.2
3368.371167674981,456.73779296875,35.49
3368.6039970109996,589.478515625,49.15
3368.8383395719866,595.103515625,49.09
3369.06970589899,492.453125,49.8
3369.301176148001,724.47607421875,53.26
3369.5346996249864,595.10400390625,49.41
3369.765176816989,595.10400390625,48.99
3369.9978892419895,1029.72509765625,32.33
3370.2292565459793,595.1044921875,48.42
3370.4641232569993,595.1044921875,49.03
3370.694312498992,456.7392578125,34.69
3370.93181916498,630.115234375,48.45
3371.161605499976,595.10498046875,48.92
3371.3937756159867,456.73974609375,43.73
3371.6250151829736,589.48046875,49.29
3371.858744617988,595.10546875,49.28
3372.0898970939743,595.10546875,49.05
3372.3212428179977,724.47802734375,48.0
3372.554487213987,595.10595703125,50.19
3372.785265626997,595.10595703125,49.45
3373.021136288997,984.72705078125,26.55
3373.254877596977,595.1064453125,49.28
3373.486260894977,595.1064453125,49.44
3373.7193766459823,456.7412109375,37.44
3373.951710815978,589.48193359375,49.38
3374.187045105995,595.10693359375,49.05
3374.4182952189876,456.74169921875,45.92
3374.652302337985,746.9794921875,50.82
3374.883532825974,493.85693359375,49.69
3375.1165012139827,595.107421875,49.69
3375.352249935997,1029.728515625,45.51
3375.5839931889786,595.10791015625,49.47
3375.8140436589892,595.10791015625,48.93
3376.04792925698,456.74267578125,25.77
3376.2794912050012,595.1083984375,49.77
3376.512420063984,595.1083984375,49.23
3376.7445927639783,456.7431640625,45.32
3376.9759412119747,746.98095703125,51.48
3377.206502631976,499.6591796875,49.64
3377.4380082889984,595.10888671875,49.21
3377.671215599985,724.4814453125,49.06
3377.9070670559886,595.109375,49.53
3378.1389370689867,595.109375,49.36
3378.37365222699,984.73046875,29.23
3378.6045964410005,595.10986328125,49.53
3378.8387072029873,595.10986328125,49.42
3379.073487660993,456.74462890625,38.26
3379.3064280439867,589.4853515625,49.75
3379.5387923149974,595.1103515625,49.6
3379.7711171970004,595.1103515625,49.05
3380.004132935981,724.48291015625,49.36
3380.2392625249922,595.11083984375,49.58
3380.469874508999,595.11083984375,48.9
3380.702225999994,1029.73193359375,39.86
3380.9311676889774,595.111328125,48.63
3381.161640900973,595.111328125,49.22
3381.3947623779823,456.74609375,29.06
3381.6302964109927,589.48681640625,48.91
3381.8619510379795,595.11181640625,48.9
3382.0964545799943,489.64892578125,49.54
3382.3300087869866,724.484375,50.42
3382.5631761489785,595.1123046875,49.62
3382.7936046639807,595.1123046875,49.37
3383.0280853689765,1029.7333984375,38.12
3383.260638975975,595.11279296875,49.67
3383.498637944984,499.4814453125,49.31
3383.732086343982,984.73388671875,29.08
3383.9622739789775,595.11328125,48.75
3384.1929644639895,595.11328125,49.58
3384.424774553976,456.748046875,48.88
3384.655405953992,589.48876953125,49.96
3384.886558289989,595.11376953125,49.62
3385.1163030009775,595.11376953125,49.22
3385.3485664929904,724.486328125,51.0
3385.583166274999,595.1142578125,49.31
3385.817005917983,595.1142578125,48.82
3386.0503561219957,984.76953125,32.57
3386.284790242993,595.11474609375,49.53
3386.5149813709722,595.11474609375,49.09
3386.750806846976,456.74951171875,50.8
3386.9852530509816,595.115234375,50.03
3387.2158838219766,595.115234375,49.99
3387.445274302998,492.46484375,49.74
3387.6794894060004,724.48779296875,50.84
3387.911993496993,595.11572265625,49.31
3388.1478770799877,595.11572265625,50.18
3388.379830621998,1029.73681640625,44.67
3388.616414839984,595.1162109375,48.81
3388.8473175679974,595.1162109375,49.56
3389.081386425998,456.7509765625,50.92
3389.314997551992,595.11669921875,49.98
3389.5465207399975,595.11669921875,49.56
3389.7772508929775,456.75146484375,48.9
3390.0085876079975,589.4921875,48.79
3390.2389726119873,595.1171875,49.02
3390.4689470949816,595.1171875,48.83
3390.7027602689923,724.48974609375,52.55
3390.9348650850006,595.11767578125,49.01
3391.167299405992,595.11767578125,49.5
3391.4019285209943,456.75244140625,44.31
3391.637453334988,595.1181640625,48.55
3391.8720413139963,595.1181640625,48.84
3392.105025415978,456.7529296875,49.81
3392.335137205984,589.49365234375,48.35
3392.56720284099,595.11865234375,49.52
3392.8008831789775,489.65576171875,49.08
3393.033903247997,724.4912109375,51.24
3393.266372977989,595.119140625,49.0
3393.4966199079936,595.119140625,48.96
3393.7301044139895,1029.740234375,37.94
3393.9628772499855,595.11962890625,49.72
3394.1954056459945,595.11962890625,49.71
3394.4267428489984,456.75439453125,49.46
3394.661351780989,589.4951171875,49.96
3394.8918269479764,595.1201171875,49.59
3395.122379218985,492.4697265625,49.74
3395.353851562977,544.4892578125,50.92
3395.584583531978,595.12060546875,49.25
3395.817053610983,595.12060546875,48.84
3396.050732481992,1029.74169921875,23.25
3396.2828422559833,595.12109375,49.75
3396.514064642979,595.12109375,49.05
3396.747075702995,456.755859375,46.57
3396.979612409981,595.12158203125,49.18
3397.2131594229722,595.12158203125,49.36
3397.4460976400005,492.47119140625,49.15
3397.6787146619754,746.994140625,41.77
3397.9120966429764,595.1220703125,50.09
3398.1438348679803,595.1220703125,49.63
3398.3786485710007,645.7412109375,23.67
3398.6103154890006,595.12255859375,49.28
3398.8410420109867,595.12255859375,49.28
3399.0760632779857,984.74365234375,40.01
3399.309869886987,595.123046875,49.58
3399.5431997669803,595.123046875,49.33
3399.775792275992,456.7578125,49.46
3400.0091046259913,746.99560546875,48.98
3400.241376847989,595.12353515625,49.51
3400.474559156981,595.12353515625,49.42
3400.709411480988,724.49609375,23.58
3400.9450256199925,595.1240234375,49.72
3401.178185369994,595.1240234375,49.25
3401.410371548991,1029.7451171875,38.12
3401.6435224989837,595.12451171875,47.69
3401.8759677849885,595.12451171875,49.11
3402.109454525984,456.75927734375,50.37
3402.3438629469892,589.5,51.1
3402.577440618974,595.125,49.42
3402.8081305449887,489.662109375,49.56
3403.040709504974,724.49755859375,50.17
3403.273368361988,595.12548828125,49.06
3403.508109290997,595.12548828125,48.76
3403.739706089982,1029.74658203125,39.44
3403.9720612819947,595.1259765625,50.83
3404.203442693979,595.1259765625,49.15
3404.435081955977,456.7607421875,50.61
3404.668367696984,595.12646484375,50.48
3404.902009204001,595.12646484375,49.28
3405.133066557988,456.76123046875,48.92
3405.3635100179818,746.9990234375,41.89
3405.596351018001,595.126953125,49.66
3405.828006691998,595.126953125,48.78
3406.0625032499956,1029.748046875,25.03
3406.297639422992,595.12744140625,49.27
3406.528636709001,595.12744140625,49.17
3406.7661408929853,456.76220703125,44.73
3406.9979448279773,595.1279296875,49.47
3407.232879328978,595.1279296875,49.06
3407.4645220739767,456.7626953125,50.97
3407.699390645983,595.12841796875,49.2
3407.931839131983,595.12841796875,48.94
3408.164418915985,492.47802734375,49.22
3408.394224736985,747.0009765625,42.38
3408.628548629,595.12890625,49.32
3408.861600808974,595.12890625,49.47
3409.0955974329845,1029.75,26.21
3409.3282742939773,595.12939453125,49.86
3409.5602811139834,595.12939453125,49.11
3409.794702292973,456.76416015625,44.37
3410.0292162189726,595.1298828125,49.47
3410.2680071299837,595.1298828125,49.04
3410.4982645339915,456.7646484375,50.76
3410.7325134879793,589.50537109375,49.74
3410.9644597570004,595.13037109375,49.11
3411.196666317992,489.66748046875,49.68
3411.428342096973,724.5029296875,32.53
3411.662470367999,595.130859375,49.81
3411.8941068969725,595.130859375,49.06
3412.1279037089844,1029.751953125,34.62
3412.3620800299977,595.13134765625,49.05
3412.5958688799874,595.13134765625,48.36
3412.832438677986,456.76611328125,50.56
3413.0621998009738,589.5068359375,50.24
3413.2960673599737,595.1318359375,49.49
3413.526629753993,456.7666015625,50.21
3413.759079566982,747.00439453125,48.8
3413.991666474991,595.13232421875,48.64
3414.2273305220006,595.13232421875,49.31
3414.4610362629755,1029.75341796875,25.98
3414.692785792984,595.1328125,49.41
3414.9235535849875,595.1328125,49.94
3415.1572242669936,456.767578125,48.95
3415.390467737976,595.13330078125,49.55
3415.621983304998,595.13330078125,48.14
3415.8547074479866,492.48291015625,49.01
3416.0879754339985,747.005859375,51.04
3416.322410300985,595.1337890625,50.25
3416.5539940309827,599.58349609375,49.0
3416.7852645299863,724.50634765625,28.74
3417.0177303369856,595.13427734375,49.27
3417.2469907779887,595.13427734375,49.04
3417.4857733089884,984.75537109375,38.29
3417.7156785809784,595.134765625,50.16
3417.949826546974,595.134765625,49.19
3418.180423650978,456.76953125,49.31
3418.413716848998,747.00732421875,48.89
3418.6465335999965,595.13525390625,49.55
3418.8789342449745,595.13525390625,49.59
3419.1103807399923,724.5078125,25.73
3419.3464190579834,595.1357421875,49.46
3419.5784273439785,595.1357421875,49.09
3419.811109862989,1029.7568359375,31.47
3420.042079143983,595.13623046875,50.69
3420.2751741359825,595.13623046875,49.88
3420.5072542169946,456.77099609375,50.45
3420.740009718982,589.51171875,50.68
3420.9704702169984,595.13671875,49.58
3421.2051239619905,489.673828125,48.7
3421.4369026149798,724.50927734375,31.45
3421.670211525983,595.13720703125,49.58
3421.9040876759973,595.13720703125,49.52
3422.134182422975,1029.75830078125,34.67
3422.3641043169773,595.1376953125,49.21
3422.598525495996,595.1376953125,49.96
3422.8341637019766,456.7724609375,44.3
3423.0660587079765,595.13818359375,49.85
3423.299793641985,595.13818359375,50.01
3423.532977679977,456.77294921875,48.32
3423.763444323995,747.0107421875,39.88
3423.9978382650006,595.138671875,49.86
3424.229783205985,595.138671875,49.29
3424.465785696986,1029.759765625,27.88
3424.698079626978,595.13916015625,49.51
3424.9301826859883,595.13916015625,49.81
3425.1708124769793,456.77392578125,47.11
3425.403796493978,595.1396484375,49.94
3425.637831179978,595.1396484375,48.59
3425.868581581977,456.7744140625,49.7
3426.103705278976,589.51513671875,50.7
3426.3359462709923,595.14013671875,49.65
3426.567622957984,489.67724609375,48.77
3426.7971186199866,724.5126953125,29.43
3427.0318836899824,595.140625,48.75
3427.2651288379857,595.140625,49.08
3427.495756950986,1029.76171875,37.25
3427.7305508649733,595.14111328125,48.33
3427.963866759994,595.14111328125,49.77
3428.196356870001,456.77587890625,51.17
3428.4307249709964,595.1416015625,49.8
3428.661154529982,595.1416015625,48.47
3428.8940200289944,456.7763671875,49.1
3429.125297930994,747.01416015625,48.65
3429.3568738389877,595.14208984375,49.08
3429.588983462978,595.14208984375,49.44
3429.8252530199825,1029.76318359375,25.89
3430.05562496098,595.142578125,49.36
3430.287337545975,595.142578125,49.62
3430.5212653769995,456.77734375,44.57
3430.7530256619793,595.14306640625,49.54
3430.9852329219866,595.14306640625,49.47
3431.2194829229848,456.77783203125,49.15
3431.453372062999,747.015625,48.79
3431.687439293979,595.1435546875,50.0
3431.918335452996,489.6806640625,49.07
3432.149489318981,724.51611328125,32.79
3432.378689000994,595.14404296875,49.52
3432.6094430349767,595.14404296875,49.4
3432.843065805995,1029.76513671875,35.37
3433.0749087820004,595.14453125,48.85
3433.307028321986,595.14453125,49.5
3433.5367817629885,456.779296875,50.18
3433.769082048995,471.390625,50.85
3434.0000269549782,595.14501953125,49.59
3434.2336644619936,595.14501953125,49.05
3434.4666160739725,724.517578125,34.96
3434.6992988019774,595.1455078125,48.79
3434.9297030789894,595.1455078125,49.13
3435.1598872909963,1029.7666015625,26.44
3435.390308119997,595.14599609375,50.27
3435.6208339179866,595.14599609375,49.34
3435.852956251998,456.78076171875,46.06
3436.083700927993,589.521484375,49.99
3436.31670687499,595.146484375,48.88
3436.547254671983,489.68359375,49.42
3436.7828995129967,724.51904296875,45.71
3437.013388365973,595.14697265625,48.99
3437.248328593996,488.265625,50.28
3437.481261487992,1029.76806640625,26.15
3437.7117184939852,595.1474609375,50.09
3437.946321116993,595.1474609375,48.7
3438.1822248529934,456.7822265625,34.84
3438.415461200988,595.14794921875,49.09
3438.64918887199,595.14794921875,49.28
3438.885530153988,456.78271484375,50.36
3439.1191265959933,747.0205078125,51.76
3439.353487223998,595.1484375,49.01
3439.585324471991,595.1484375,49.69
3439.8192655029998,724.52099609375,31.14
3440.0516662879963,595.14892578125,50.1
3440.285218590987,595.14892578125,49.82
3440.5162559649907,1029.77001953125,26.86
3440.7482016049908,595.1494140625,50.01
3440.977533213998,595.1494140625,49.32
3441.2105022849864,456.7841796875,42.51
3441.4424565849768,589.52490234375,49.55
3441.6758021619753,595.14990234375,48.94
3441.9081023079925,489.68701171875,49.22
3442.1426621889987,724.5224609375,45.01
3442.3733888459974,595.150390625,48.94
3442.6091311829805,595.150390625,49.08
3442.841638613987,1029.771484375,26.36
3443.077350919979,595.15087890625,49.18
3443.3084480769758,595.15087890625,49.72
3443.5441107969964,456.78564453125,35.32
3443.775411116978,595.1513671875,48.24
3444.0078975959914,595.1513671875,48.58
3444.239942477987,456.7861328125,50.01
3444.472498027986,747.02392578125,52.5
3444.70366055498,595.15185546875,48.96
3444.937508070987,595.15185546875,48.93
3445.1693161959993,724.5244140625,35.86
3445.403318755998,595.15234375,50.34
3445.6364603309776,595.15234375,49.5
3445.872005860001,984.7734375,32.47
3446.10377075398,595.15283203125,48.26
3446.33712128998,595.15283203125,48.96
3446.5689581899787,456.78759765625,45.41
3446.8000461979827,589.5283203125,50.06
3447.0309559049783,595.1533203125,49.25
3447.2617370369844,489.6904296875,48.77
3447.4943016659818,724.52587890625,44.69
3447.728573666973,595.15380859375,49.32
3447.959766294982,595.15380859375,49.79
3448.1910199629783,1029.77490234375,25.03
3448.4229315909906,595.154296875,50.72
3448.65620579198,595.154296875,48.82
3448.888942016987,456.7890625,44.5
3449.1216653929732,589.52978515625,51.09
3449.353025495977,595.15478515625,49.18
3449.5881496819784,492.50439453125,49.45
3449.819418225001,747.02734375,48.64
3450.053940252983,595.1552734375,49.12
3450.286539941997,595.1552734375,49.29
