vid_id,vid,frame,inference_time_ms,latency_time_ms
482f2643-7eea-426d-8643-faae675739a0,2025-11-28_053936_de4b6d58-5325-4793-8df3-52c5fc65878c,0005,1289.227,2904.338
482f2643-7eea-426d-8643-faae675739a0,2025-11-28_053936_de4b6d58-5325-4793-8df3-52c5fc65878c,0010,1290.418,1504.697
482f2643-7eea-426d-8643-faae675739a0,2025-11-28_053936_de4b6d58-5325-4793-8df3-52c5fc65878c,0015,1289.393,1512.03
482f2643-7eea-426d-8643-faae675739a0,2025-11-28_053936_de4b6d58-5325-4793-8df3-52c5fc65878c,0020,1289.401,1520.196
482f2643-7eea-426d-8643-faae675739a0,2025-11-28_053936_de4b6d58-5325-4793-8df3-52c5fc65878c,0025,1291.526,1523.134
482f2643-7eea-426d-8643-faae675739a0,2025-11-28_053936_de4b6d58-5325-4793-8df3-52c5fc65878c,0030,1288.765,1520.901
482f2643-7eea-426d-8643-faae675739a0,2025-11-28_053936_de4b6d58-5325-4793-8df3-52c5fc65878c,0035,1288.838,1508.707
482f2643-7eea-426d-8643-faae675739a0,2025-11-28_053936_de4b6d58-5325-4793-8df3-52c5fc65878c,0040,1289.224,1517.61
482f2643-7eea-426d-8643-faae675739a0,2025-11-28_053936_de4b6d58-5325-4793-8df3-52c5fc65878c,0045,1289.049,1508.51
482f2643-7eea-426d-8643-faae675739a0,2025-11-28_053936_de4b6d58-5325-4793-8df3-52c5fc65878c,0050,1290.364,1517.19
482f2643-7eea-426d-8643-faae675739a0,2025-11-28_053936_de4b6d58-5325-4793-8df3-52c5fc65878c,0055,1291.645,1509.876
482f2643-7eea-426d-8643-faae675739a0,2025-11-28_053936_de4b6d58-5325-4793-8df3-52c5fc65878c,0060,1293.92,1498.934
482f2643-7eea-426d-8643-faae675739a0,2025-11-28_053936_de4b6d58-5325-4793-8df3-52c5fc65878c,0065,1302.166,1536.307
482f2643-7eea-426d-8643-faae675739a0,2025-11-28_053936_de4b6d58-5325-4793-8df3-52c5fc65878c,0070,1288.978,1508.565
482f2643-7eea-426d-8643-faae675739a0,2025-11-28_053936_de4b6d58-5325-4793-8df3-52c5fc65878c,0075,1288.668,1513.302
482f2643-7eea-426d-8643-faae675739a0,2025-11-28_053936_de4b6d58-5325-4793-8df3-52c5fc65878c,0080,1289.394,1508.857
482f2643-7eea-426d-8643-faae675739a0,2025-11-28_053936_de4b6d58-5325-4793-8df3-52c5fc65878c,0085,1289.508,1529.9
482f2643-7eea-426d-8643-faae675739a0,2025-11-28_053936_de4b6d58-5325-4793-8df3-52c5fc65878c,0090,1289.905,1522.375
482f2643-7eea-426d-8643-faae675739a0,2025-11-28_053936_de4b6d58-5325-4793-8df3-52c5fc65878c,0095,1289.866,1523.427
482f2643-7eea-426d-8643-faae675739a0,2025-11-28_053936_de4b6d58-5325-4793-8df3-52c5fc65878c,0100,1289.442,1533.745
482f2643-7eea-426d-8643-faae675739a0,2025-11-28_053936_de4b6d58-5325-4793-8df3-52c5fc65878c,0105,1290.466,1536.626
482f2643-7eea-426d-8643-faae675739a0,2025-11-28_053936_de4b6d58-5325-4793-8df3-52c5fc65878c,0110,1291.485,1539.694
482f2643-7eea-426d-8643-faae675739a0,2025-11-28_053936_de4b6d58-5325-4793-8df3-52c5fc65878c,0115,1289.582,1531.12
482f2643-7eea-426d-8643-faae675739a0,2025-11-28_053936_de4b6d58-5325-4793-8df3-52c5fc65878c,0120,1287.93,1522.398
482f2643-7eea-426d-8643-faae675739a0,2025-11-28_053936_de4b6d58-5325-4793-8df3-52c5fc65878c,0125,1288.791,1526.529
482f2643-7eea-426d-8643-faae675739a0,2025-11-28_053936_de4b6d58-5325-4793-8df3-52c5fc65878c,0130,1289.308,1522.808
482f2643-7eea-426d-8643-faae675739a0,2025-11-28_053936_de4b6d58-5325-4793-8df3-52c5fc65878c,0135,1288.117,1508.72
482f2643-7eea-426d-8643-faae675739a0,2025-11-28_053936_de4b6d58-5325-4793-8df3-52c5fc65878c,0140,1287.232,1482.502
482f2643-7eea-426d-8643-faae675739a0,2025-11-28_053936_de4b6d58-5325-4793-8df3-52c5fc65878c,0145,1288.812,1520.578
482f2643-7eea-426d-8643-faae675739a0,2025-11-28_053936_de4b6d58-5325-4793-8df3-52c5fc65878c,0150,1288.2,1492.258
482f2643-7eea-426d-8643-faae675739a0,2025-11-28_053936_de4b6d58-5325-4793-8df3-52c5fc65878c,0155,1288.224,1508.308
482f2643-7eea-426d-8643-faae675739a0,2025-11-28_053936_de4b6d58-5325-4793-8df3-52c5fc65878c,0160,1287.582,1504.026
482f2643-7eea-426d-8643-faae675739a0,2025-11-28_053936_de4b6d58-5325-4793-8df3-52c5fc65878c,0165,1289.648,1516.523
482f2643-7eea-426d-8643-faae675739a0,2025-11-28_053936_de4b6d58-5325-4793-8df3-52c5fc65878c,0170,1290.628,1505.673
482f2643-7eea-426d-8643-faae675739a0,2025-11-28_053936_de4b6d58-5325-4793-8df3-52c5fc65878c,0175,1288.54,1541.626
482f2643-7eea-426d-8643-faae675739a0,2025-11-28_053936_de4b6d58-5325-4793-8df3-52c5fc65878c,0180,1290.258,1506.578
482f2643-7eea-426d-8643-faae675739a0,2025-11-28_053936_de4b6d58-5325-4793-8df3-52c5fc65878c,0185,1289.625,1523.255
482f2643-7eea-426d-8643-faae675739a0,2025-11-28_053936_de4b6d58-5325-4793-8df3-52c5fc65878c,0190,1287.805,1528.673
482f2643-7eea-426d-8643-faae675739a0,2025-11-28_053936_de4b6d58-5325-4793-8df3-52c5fc65878c,0195,1287.533,1513.097
482f2643-7eea-426d-8643-faae675739a0,2025-11-28_053936_de4b6d58-5325-4793-8df3-52c5fc65878c,0200,1290.284,1524.504
482f2643-7eea-426d-8643-faae675739a0,2025-11-28_053936_de4b6d58-5325-4793-8df3-52c5fc65878c,0205,1290.85,1511.691
482f2643-7eea-426d-8643-faae675739a0,2025-11-28_053936_de4b6d58-5325-4793-8df3-52c5fc65878c,0210,1288.84,1506.904
482f2643-7eea-426d-8643-faae675739a0,2025-11-28_053936_de4b6d58-5325-4793-8df3-52c5fc65878c,0215,1289.665,1529.452
482f2643-7eea-426d-8643-faae675739a0,2025-11-28_053936_de4b6d58-5325-4793-8df3-52c5fc65878c,0220,1289.761,1511.184
482f2643-7eea-426d-8643-faae675739a0,2025-11-28_053936_de4b6d58-5325-4793-8df3-52c5fc65878c,0225,1289.177,1530.072
482f2643-7eea-426d-8643-faae675739a0,2025-11-28_053936_de4b6d58-5325-4793-8df3-52c5fc65878c,0230,1293.045,1527.533
482f2643-7eea-426d-8643-faae675739a0,2025-11-28_053936_de4b6d58-5325-4793-8df3-52c5fc65878c,0235,1291.155,1497.316
482f2643-7eea-426d-8643-faae675739a0,2025-11-28_053936_de4b6d58-5325-4793-8df3-52c5fc65878c,0240,1288.108,1521.082
482f2643-7eea-426d-8643-faae675739a0,2025-11-28_053936_de4b6d58-5325-4793-8df3-52c5fc65878c,0245,1289.313,1520.989
482f2643-7eea-426d-8643-faae675739a0,2025-11-28_053936_de4b6d58-5325-4793-8df3-52c5fc65878c,0250,1289.589,1518.9
482f2643-7eea-426d-8643-faae675739a0,2025-11-28_053936_de4b6d58-5325-4793-8df3-52c5fc65878c,0255,1288.183,1536.124
482f2643-7eea-426d-8643-faae675739a0,2025-11-28_053936_de4b6d58-5325-4793-8df3-52c5fc65878c,0260,1288.415,1527.649
482f2643-7eea-426d-8643-faae675739a0,2025-11-28_053936_de4b6d58-5325-4793-8df3-52c5fc65878c,0265,1290.073,1509.15
482f2643-7eea-426d-8643-faae675739a0,2025-11-28_053936_de4b6d58-5325-4793-8df3-52c5fc65878c,0270,1290.455,1525.563
482f2643-7eea-426d-8643-faae675739a0,2025-11-28_053936_de4b6d58-5325-4793-8df3-52c5fc65878c,0275,1287.958,1538.519
482f2643-7eea-426d-8643-faae675739a0,2025-11-28_053936_de4b6d58-5325-4793-8df3-52c5fc65878c,0280,1289.225,1523.626
482f2643-7eea-426d-8643-faae675739a0,2025-11-28_053936_de4b6d58-5325-4793-8df3-52c5fc65878c,0285,1290.011,1522.917
482f2643-7eea-426d-8643-faae675739a0,2025-11-28_053936_de4b6d58-5325-4793-8df3-52c5fc65878c,0290,1288.451,1520.65
482f2643-7eea-426d-8643-faae675739a0,2025-11-28_053936_de4b6d58-5325-4793-8df3-52c5fc65878c,0295,1290.296,1507.151
482f2643-7eea-426d-8643-faae675739a0,2025-11-28_053936_de4b6d58-5325-4793-8df3-52c5fc65878c,0300,1289.714,1524.027
482f2643-7eea-426d-8643-faae675739a0,2025-11-28_053936_de4b6d58-5325-4793-8df3-52c5fc65878c,0305,1288.887,1519.834
482f2643-7eea-426d-8643-faae675739a0,2025-11-28_053936_de4b6d58-5325-4793-8df3-52c5fc65878c,0310,1289.968,1518.271
482f2643-7eea-426d-8643-faae675739a0,2025-11-28_053936_de4b6d58-5325-4793-8df3-52c5fc65878c,0315,1290.292,1522.223
482f2643-7eea-426d-8643-faae675739a0,2025-11-28_053936_de4b6d58-5325-4793-8df3-52c5fc65878c,0320,1290.445,1529.858
482f2643-7eea-426d-8643-faae675739a0,2025-11-28_053936_de4b6d58-5325-4793-8df3-52c5fc65878c,0325,1290.475,1514.86
482f2643-7eea-426d-8643-faae675739a0,2025-11-28_053936_de4b6d58-5325-4793-8df3-52c5fc65878c,0330,1290.161,1527.375
482f2643-7eea-426d-8643-faae675739a0,2025-11-28_053936_de4b6d58-5325-4793-8df3-52c5fc65878c,0335,1289.492,1526.538
482f2643-7eea-426d-8643-faae675739a0,2025-11-28_053936_de4b6d58-5325-4793-8df3-52c5fc65878c,0340,1288.505,1533.313
482f2643-7eea-426d-8643-faae675739a0,2025-11-28_053936_de4b6d58-5325-4793-8df3-52c5fc65878c,0345,1289.031,1526.003
482f2643-7eea-426d-8643-faae675739a0,2025-11-28_053936_de4b6d58-5325-4793-8df3-52c5fc65878c,0350,1289.227,1527.051
482f2643-7eea-426d-8643-faae675739a0,2025-11-28_053936_de4b6d58-5325-4793-8df3-52c5fc65878c,0355,1289.369,1514.025
482f2643-7eea-426d-8643-faae675739a0,2025-11-28_053936_de4b6d58-5325-4793-8df3-52c5fc65878c,0360,1290.461,1522.875
482f2643-7eea-426d-8643-faae675739a0,2025-11-28_053936_de4b6d58-5325-4793-8df3-52c5fc65878c,0365,1288.01,1506.812
482f2643-7eea-426d-8643-faae675739a0,2025-11-28_053936_de4b6d58-5325-4793-8df3-52c5fc65878c,0370,1289.82,1519.577
482f2643-7eea-426d-8643-faae675739a0,2025-11-28_053936_de4b6d58-5325-4793-8df3-52c5fc65878c,0375,1289.387,1539.268
482f2643-7eea-426d-8643-faae675739a0,2025-11-28_053936_de4b6d58-5325-4793-8df3-52c5fc65878c,0380,1289.17,1511.467
482f2643-7eea-426d-8643-faae675739a0,2025-11-28_053936_de4b6d58-5325-4793-8df3-52c5fc65878c,0385,1289.223,1513.779
482f2643-7eea-426d-8643-faae675739a0,2025-11-28_053936_de4b6d58-5325-4793-8df3-52c5fc65878c,0390,1288.587,1503.146
482f2643-7eea-426d-8643-faae675739a0,2025-11-28_053936_de4b6d58-5325-4793-8df3-52c5fc65878c,0395,1289.958,1520.921
482f2643-7eea-426d-8643-faae675739a0,2025-11-28_053936_de4b6d58-5325-4793-8df3-52c5fc65878c,0400,1288.83,1502.291
482f2643-7eea-426d-8643-faae675739a0,2025-11-28_053936_de4b6d58-5325-4793-8df3-52c5fc65878c,0405,1289.272,1527.76
482f2643-7eea-426d-8643-faae675739a0,2025-11-28_053936_de4b6d58-5325-4793-8df3-52c5fc65878c,0410,1289.394,1527.405
482f2643-7eea-426d-8643-faae675739a0,2025-11-28_053936_de4b6d58-5325-4793-8df3-52c5fc65878c,0415,1289.759,1515.224
482f2643-7eea-426d-8643-faae675739a0,2025-11-28_053936_de4b6d58-5325-4793-8df3-52c5fc65878c,0420,1288.689,1499.808
482f2643-7eea-426d-8643-faae675739a0,2025-11-28_053936_de4b6d58-5325-4793-8df3-52c5fc65878c,0425,1291.196,1508.609
482f2643-7eea-426d-8643-faae675739a0,2025-11-28_053936_de4b6d58-5325-4793-8df3-52c5fc65878c,0430,1289.692,1508.137
482f2643-7eea-426d-8643-faae675739a0,2025-11-28_053936_de4b6d58-5325-4793-8df3-52c5fc65878c,0435,1290.769,1513.077
482f2643-7eea-426d-8643-faae675739a0,2025-11-28_053936_de4b6d58-5325-4793-8df3-52c5fc65878c,0440,1287.926,1513.859
482f2643-7eea-426d-8643-faae675739a0,2025-11-28_053936_de4b6d58-5325-4793-8df3-52c5fc65878c,0445,1289.07,1505.05
482f2643-7eea-426d-8643-faae675739a0,2025-11-28_053936_de4b6d58-5325-4793-8df3-52c5fc65878c,0450,1289.43,1510.873
482f2643-7eea-426d-8643-faae675739a0,2025-11-28_053936_de4b6d58-5325-4793-8df3-52c5fc65878c,0455,1290.881,1506.751
482f2643-7eea-426d-8643-faae675739a0,2025-11-28_053936_de4b6d58-5325-4793-8df3-52c5fc65878c,0460,1289.135,1492.853
482f2643-7eea-426d-8643-faae675739a0,2025-11-28_053936_de4b6d58-5325-4793-8df3-52c5fc65878c,0465,1289.207,1516.356
482f2643-7eea-426d-8643-faae675739a0,2025-11-28_053936_de4b6d58-5325-4793-8df3-52c5fc65878c,0470,1288.833,1509.256
482f2643-7eea-426d-8643-faae675739a0,2025-11-28_053936_de4b6d58-5325-4793-8df3-52c5fc65878c,0475,1289.984,1508.595
482f2643-7eea-426d-8643-faae675739a0,2025-11-28_053936_de4b6d58-5325-4793-8df3-52c5fc65878c,0480,1288.882,1510.374
482f2643-7eea-426d-8643-faae675739a0,2025-11-28_053936_de4b6d58-5325-4793-8df3-52c5fc65878c,0485,1287.63,1495.665
482f2643-7eea-426d-8643-faae675739a0,2025-11-28_053936_de4b6d58-5325-4793-8df3-52c5fc65878c,0490,1287.972,1499.976
482f2643-7eea-426d-8643-faae675739a0,2025-11-28_053936_de4b6d58-5325-4793-8df3-52c5fc65878c,0495,1288.293,1503.549
482f2643-7eea-426d-8643-faae675739a0,2025-11-28_053936_de4b6d58-5325-4793-8df3-52c5fc65878c,0500,1288.852,1505.809
482f2643-7eea-426d-8643-faae675739a0,2025-11-28_053936_de4b6d58-5325-4793-8df3-52c5fc65878c,0505,1291.457,1515.907
482f2643-7eea-426d-8643-faae675739a0,2025-11-28_053936_de4b6d58-5325-4793-8df3-52c5fc65878c,0510,1288.108,1492.633
482f2643-7eea-426d-8643-faae675739a0,2025-11-28_053936_de4b6d58-5325-4793-8df3-52c5fc65878c,0515,1290.487,1524.716
482f2643-7eea-426d-8643-faae675739a0,2025-11-28_053936_de4b6d58-5325-4793-8df3-52c5fc65878c,0520,1288.59,1506.677
482f2643-7eea-426d-8643-faae675739a0,2025-11-28_053936_de4b6d58-5325-4793-8df3-52c5fc65878c,0525,1288.906,1509.128
482f2643-7eea-426d-8643-faae675739a0,2025-11-28_053936_de4b6d58-5325-4793-8df3-52c5fc65878c,0530,1289.585,1509.395
482f2643-7eea-426d-8643-faae675739a0,2025-11-28_053936_de4b6d58-5325-4793-8df3-52c5fc65878c,0535,1288.028,1521.156
482f2643-7eea-426d-8643-faae675739a0,2025-11-28_053936_de4b6d58-5325-4793-8df3-52c5fc65878c,0540,1291.882,1508.177
482f2643-7eea-426d-8643-faae675739a0,2025-11-28_053936_de4b6d58-5325-4793-8df3-52c5fc65878c,0545,1288.82,1536.262
482f2643-7eea-426d-8643-faae675739a0,2025-11-28_053936_de4b6d58-5325-4793-8df3-52c5fc65878c,0550,1288.906,1524.735
482f2643-7eea-426d-8643-faae675739a0,2025-11-28_053936_de4b6d58-5325-4793-8df3-52c5fc65878c,0555,1288.436,1506.892
482f2643-7eea-426d-8643-faae675739a0,2025-11-28_053936_de4b6d58-5325-4793-8df3-52c5fc65878c,0560,1290.418,1513.174
482f2643-7eea-426d-8643-faae675739a0,2025-11-28_053936_de4b6d58-5325-4793-8df3-52c5fc65878c,0565,1288.299,1496.232
482f2643-7eea-426d-8643-faae675739a0,2025-11-28_053936_de4b6d58-5325-4793-8df3-52c5fc65878c,0570,1288.582,1496.178
482f2643-7eea-426d-8643-faae675739a0,2025-11-28_053936_de4b6d58-5325-4793-8df3-52c5fc65878c,0575,1287.923,1498.703
482f2643-7eea-426d-8643-faae675739a0,2025-11-28_053936_de4b6d58-5325-4793-8df3-52c5fc65878c,0580,1287.282,1526.466
482f2643-7eea-426d-8643-faae675739a0,2025-11-28_053936_de4b6d58-5325-4793-8df3-52c5fc65878c,0585,1287.852,1507.173
482f2643-7eea-426d-8643-faae675739a0,2025-11-28_053936_de4b6d58-5325-4793-8df3-52c5fc65878c,0590,1289.015,1508.084
482f2643-7eea-426d-8643-faae675739a0,2025-11-28_053936_de4b6d58-5325-4793-8df3-52c5fc65878c,0595,1289.289,1507.262
482f2643-7eea-426d-8643-faae675739a0,2025-11-28_053936_de4b6d58-5325-4793-8df3-52c5fc65878c,0600,1289.008,1512.992
482f2643-7eea-426d-8643-faae675739a0,2025-11-28_053936_de4b6d58-5325-4793-8df3-52c5fc65878c,0605,1287.294,1524.47
482f2643-7eea-426d-8643-faae675739a0,2025-11-28_053936_de4b6d58-5325-4793-8df3-52c5fc65878c,0610,1287.724,1493.455
482f2643-7eea-426d-8643-faae675739a0,2025-11-28_053936_de4b6d58-5325-4793-8df3-52c5fc65878c,0615,1288.878,1494.666
482f2643-7eea-426d-8643-faae675739a0,2025-11-28_053936_de4b6d58-5325-4793-8df3-52c5fc65878c,0620,1289.618,1504.316
482f2643-7eea-426d-8643-faae675739a0,2025-11-28_053936_de4b6d58-5325-4793-8df3-52c5fc65878c,0625,1289.742,1510.914
482f2643-7eea-426d-8643-faae675739a0,2025-11-28_053936_de4b6d58-5325-4793-8df3-52c5fc65878c,0630,1289.682,1518.128
482f2643-7eea-426d-8643-faae675739a0,2025-11-28_053936_de4b6d58-5325-4793-8df3-52c5fc65878c,0635,1290.698,1484.973
482f2643-7eea-426d-8643-faae675739a0,2025-11-28_053936_de4b6d58-5325-4793-8df3-52c5fc65878c,0640,1288.686,1493.88
482f2643-7eea-426d-8643-faae675739a0,2025-11-28_053936_de4b6d58-5325-4793-8df3-52c5fc65878c,0645,1289.05,1481.756
482f2643-7eea-426d-8643-faae675739a0,2025-11-28_053936_de4b6d58-5325-4793-8df3-52c5fc65878c,0650,1290.199,1533.075
482f2643-7eea-426d-8643-faae675739a0,2025-11-28_053936_de4b6d58-5325-4793-8df3-52c5fc65878c,0655,1288.505,1473.802
482f2643-7eea-426d-8643-faae675739a0,2025-11-28_053936_de4b6d58-5325-4793-8df3-52c5fc65878c,0660,1289.665,1520.976
482f2643-7eea-426d-8643-faae675739a0,2025-11-28_053936_de4b6d58-5325-4793-8df3-52c5fc65878c,0665,1289.913,1507.681
482f2643-7eea-426d-8643-faae675739a0,2025-11-28_053936_de4b6d58-5325-4793-8df3-52c5fc65878c,0670,1289.395,1507.334
482f2643-7eea-426d-8643-faae675739a0,2025-11-28_053936_de4b6d58-5325-4793-8df3-52c5fc65878c,0675,1288.622,1477.567
482f2643-7eea-426d-8643-faae675739a0,2025-11-28_053936_de4b6d58-5325-4793-8df3-52c5fc65878c,0680,1288.672,1510.66
482f2643-7eea-426d-8643-faae675739a0,2025-11-28_053936_de4b6d58-5325-4793-8df3-52c5fc65878c,0685,1290.553,1523.445
482f2643-7eea-426d-8643-faae675739a0,2025-11-28_053936_de4b6d58-5325-4793-8df3-52c5fc65878c,0690,1288.795,1527.057
482f2643-7eea-426d-8643-faae675739a0,2025-11-28_053936_de4b6d58-5325-4793-8df3-52c5fc65878c,0695,1289.113,1524.47
482f2643-7eea-426d-8643-faae675739a0,2025-11-28_053936_de4b6d58-5325-4793-8df3-52c5fc65878c,0700,1290.278,1511.597
482f2643-7eea-426d-8643-faae675739a0,2025-11-28_053936_de4b6d58-5325-4793-8df3-52c5fc65878c,0705,1290.545,1501.35
482f2643-7eea-426d-8643-faae675739a0,2025-11-28_053936_de4b6d58-5325-4793-8df3-52c5fc65878c,0710,1290.557,1505.191
482f2643-7eea-426d-8643-faae675739a0,2025-11-28_053936_de4b6d58-5325-4793-8df3-52c5fc65878c,0715,1289.488,1493.173
482f2643-7eea-426d-8643-faae675739a0,2025-11-28_053936_de4b6d58-5325-4793-8df3-52c5fc65878c,0720,1289.973,1509.773
482f2643-7eea-426d-8643-faae675739a0,2025-11-28_053936_de4b6d58-5325-4793-8df3-52c5fc65878c,0725,1288.639,1498.49
482f2643-7eea-426d-8643-faae675739a0,2025-11-28_053936_de4b6d58-5325-4793-8df3-52c5fc65878c,0730,1290.155,1519.8
482f2643-7eea-426d-8643-faae675739a0,2025-11-28_053936_de4b6d58-5325-4793-8df3-52c5fc65878c,0735,1288.954,1490.843
482f2643-7eea-426d-8643-faae675739a0,2025-11-28_053936_de4b6d58-5325-4793-8df3-52c5fc65878c,0740,1290.768,1519.135
482f2643-7eea-426d-8643-faae675739a0,2025-11-28_053936_de4b6d58-5325-4793-8df3-52c5fc65878c,0745,1289.757,1532.888
482f2643-7eea-426d-8643-faae675739a0,2025-11-28_053936_de4b6d58-5325-4793-8df3-52c5fc65878c,0750,1289.891,1506.671
482f2643-7eea-426d-8643-faae675739a0,2025-11-28_053936_de4b6d58-5325-4793-8df3-52c5fc65878c,0755,1288.244,1510.484
482f2643-7eea-426d-8643-faae675739a0,2025-11-28_053936_de4b6d58-5325-4793-8df3-52c5fc65878c,0760,1288.689,1510.343
482f2643-7eea-426d-8643-faae675739a0,2025-11-28_053936_de4b6d58-5325-4793-8df3-52c5fc65878c,0765,1287.682,1509.353
482f2643-7eea-426d-8643-faae675739a0,2025-11-28_053936_de4b6d58-5325-4793-8df3-52c5fc65878c,0770,1288.244,1512.922
482f2643-7eea-426d-8643-faae675739a0,2025-11-28_053936_de4b6d58-5325-4793-8df3-52c5fc65878c,0775,1290.324,1510.74
482f2643-7eea-426d-8643-faae675739a0,2025-11-28_053936_de4b6d58-5325-4793-8df3-52c5fc65878c,0780,1288.637,1478.579
482f2643-7eea-426d-8643-faae675739a0,2025-11-28_053936_de4b6d58-5325-4793-8df3-52c5fc65878c,0785,1288.605,1505.812
482f2643-7eea-426d-8643-faae675739a0,2025-11-28_053936_de4b6d58-5325-4793-8df3-52c5fc65878c,0790,1288.934,1508.376
482f2643-7eea-426d-8643-faae675739a0,2025-11-28_053936_de4b6d58-5325-4793-8df3-52c5fc65878c,0795,1289.485,1508.127
482f2643-7eea-426d-8643-faae675739a0,2025-11-28_053936_de4b6d58-5325-4793-8df3-52c5fc65878c,0800,1291.364,1501.59
482f2643-7eea-426d-8643-faae675739a0,2025-11-28_053936_de4b6d58-5325-4793-8df3-52c5fc65878c,0805,1291.418,1534.687
482f2643-7eea-426d-8643-faae675739a0,2025-11-28_053936_de4b6d58-5325-4793-8df3-52c5fc65878c,0810,1290.999,1500.536
482f2643-7eea-426d-8643-faae675739a0,2025-11-28_053936_de4b6d58-5325-4793-8df3-52c5fc65878c,0815,1287.594,1525.217
76623365-f1ed-409e-a111-e40020eb6217,2025-11-28_075346_42aaa445-db18-438f-836a-752ced15cd22,0005,1288.374,1537.144
76623365-f1ed-409e-a111-e40020eb6217,2025-11-28_075346_42aaa445-db18-438f-836a-752ced15cd22,0010,1288.22,1504.639
76623365-f1ed-409e-a111-e40020eb6217,2025-11-28_075346_42aaa445-db18-438f-836a-752ced15cd22,0015,1288.25,1472.928
76623365-f1ed-409e-a111-e40020eb6217,2025-11-28_075346_42aaa445-db18-438f-836a-752ced15cd22,0020,1289.882,1520.521
76623365-f1ed-409e-a111-e40020eb6217,2025-11-28_075346_42aaa445-db18-438f-836a-752ced15cd22,0025,1289.958,1518.344
76623365-f1ed-409e-a111-e40020eb6217,2025-11-28_075346_42aaa445-db18-438f-836a-752ced15cd22,0030,1290.384,1503.429
76623365-f1ed-409e-a111-e40020eb6217,2025-11-28_075346_42aaa445-db18-438f-836a-752ced15cd22,0035,1290.485,1508.827
76623365-f1ed-409e-a111-e40020eb6217,2025-11-28_075346_42aaa445-db18-438f-836a-752ced15cd22,0040,1288.535,1497.026
76623365-f1ed-409e-a111-e40020eb6217,2025-11-28_075346_42aaa445-db18-438f-836a-752ced15cd22,0045,1288.79,1495.423
76623365-f1ed-409e-a111-e40020eb6217,2025-11-28_075346_42aaa445-db18-438f-836a-752ced15cd22,0050,1289.0,1505.481
76623365-f1ed-409e-a111-e40020eb6217,2025-11-28_075346_42aaa445-db18-438f-836a-752ced15cd22,0055,1289.785,1477.807
76623365-f1ed-409e-a111-e40020eb6217,2025-11-28_075346_42aaa445-db18-438f-836a-752ced15cd22,0060,1288.594,1505.908
76623365-f1ed-409e-a111-e40020eb6217,2025-11-28_075346_42aaa445-db18-438f-836a-752ced15cd22,0065,1289.683,1510.076
76623365-f1ed-409e-a111-e40020eb6217,2025-11-28_075346_42aaa445-db18-438f-836a-752ced15cd22,0070,1288.428,1502.988
76623365-f1ed-409e-a111-e40020eb6217,2025-11-28_075346_42aaa445-db18-438f-836a-752ced15cd22,0075,1288.719,1510.468
76623365-f1ed-409e-a111-e40020eb6217,2025-11-28_075346_42aaa445-db18-438f-836a-752ced15cd22,0080,1290.949,1500.172
76623365-f1ed-409e-a111-e40020eb6217,2025-11-28_075346_42aaa445-db18-438f-836a-752ced15cd22,0085,1289.178,1508.834
76623365-f1ed-409e-a111-e40020eb6217,2025-11-28_075346_42aaa445-db18-438f-836a-752ced15cd22,0090,1290.678,1503.421
76623365-f1ed-409e-a111-e40020eb6217,2025-11-28_075346_42aaa445-db18-438f-836a-752ced15cd22,0095,1288.993,1502.334
76623365-f1ed-409e-a111-e40020eb6217,2025-11-28_075346_42aaa445-db18-438f-836a-752ced15cd22,0100,1288.466,1501.323
76623365-f1ed-409e-a111-e40020eb6217,2025-11-28_075346_42aaa445-db18-438f-836a-752ced15cd22,0105,1288.014,1473.649
76623365-f1ed-409e-a111-e40020eb6217,2025-11-28_075346_42aaa445-db18-438f-836a-752ced15cd22,0110,1290.051,1489.6
76623365-f1ed-409e-a111-e40020eb6217,2025-11-28_075346_42aaa445-db18-438f-836a-752ced15cd22,0115,1288.329,1517.999
76623365-f1ed-409e-a111-e40020eb6217,2025-11-28_075346_42aaa445-db18-438f-836a-752ced15cd22,0120,1288.308,1528.73
76623365-f1ed-409e-a111-e40020eb6217,2025-11-28_075346_42aaa445-db18-438f-836a-752ced15cd22,0125,1288.288,1500.555
76623365-f1ed-409e-a111-e40020eb6217,2025-11-28_075346_42aaa445-db18-438f-836a-752ced15cd22,0130,1288.14,1489.086
76623365-f1ed-409e-a111-e40020eb6217,2025-11-28_075346_42aaa445-db18-438f-836a-752ced15cd22,0135,1289.532,1503.652
76623365-f1ed-409e-a111-e40020eb6217,2025-11-28_075346_42aaa445-db18-438f-836a-752ced15cd22,0140,1287.762,1502.375
76623365-f1ed-409e-a111-e40020eb6217,2025-11-28_075346_42aaa445-db18-438f-836a-752ced15cd22,0145,1288.098,1510.788
76623365-f1ed-409e-a111-e40020eb6217,2025-11-28_075346_42aaa445-db18-438f-836a-752ced15cd22,0150,1288.317,1515.057
76623365-f1ed-409e-a111-e40020eb6217,2025-11-28_075346_42aaa445-db18-438f-836a-752ced15cd22,0155,1288.643,1479.181
76623365-f1ed-409e-a111-e40020eb6217,2025-11-28_075346_42aaa445-db18-438f-836a-752ced15cd22,0160,1288.518,1495.884
76623365-f1ed-409e-a111-e40020eb6217,2025-11-28_075346_42aaa445-db18-438f-836a-752ced15cd22,0165,1288.952,1486.561
76623365-f1ed-409e-a111-e40020eb6217,2025-11-28_075346_42aaa445-db18-438f-836a-752ced15cd22,0170,1287.663,1509.993
76623365-f1ed-409e-a111-e40020eb6217,2025-11-28_075346_42aaa445-db18-438f-836a-752ced15cd22,0175,1287.308,1494.899
76623365-f1ed-409e-a111-e40020eb6217,2025-11-28_075346_42aaa445-db18-438f-836a-752ced15cd22,0180,1288.282,1502.408
76623365-f1ed-409e-a111-e40020eb6217,2025-11-28_075346_42aaa445-db18-438f-836a-752ced15cd22,0185,1289.169,1498.953
76623365-f1ed-409e-a111-e40020eb6217,2025-11-28_075346_42aaa445-db18-438f-836a-752ced15cd22,0190,1288.771,1506.041
76623365-f1ed-409e-a111-e40020eb6217,2025-11-28_075346_42aaa445-db18-438f-836a-752ced15cd22,0195,1288.251,1509.267
76623365-f1ed-409e-a111-e40020eb6217,2025-11-28_075346_42aaa445-db18-438f-836a-752ced15cd22,0200,1287.958,1503.827
76623365-f1ed-409e-a111-e40020eb6217,2025-11-28_075346_42aaa445-db18-438f-836a-752ced15cd22,0205,1289.837,1481.485
76623365-f1ed-409e-a111-e40020eb6217,2025-11-28_075346_42aaa445-db18-438f-836a-752ced15cd22,0210,1288.419,1503.476
76623365-f1ed-409e-a111-e40020eb6217,2025-11-28_075346_42aaa445-db18-438f-836a-752ced15cd22,0215,1289.355,1504.078
76623365-f1ed-409e-a111-e40020eb6217,2025-11-28_075346_42aaa445-db18-438f-836a-752ced15cd22,0220,1289.489,1506.529
76623365-f1ed-409e-a111-e40020eb6217,2025-11-28_075346_42aaa445-db18-438f-836a-752ced15cd22,0225,1288.579,1497.849
76623365-f1ed-409e-a111-e40020eb6217,2025-11-28_075346_42aaa445-db18-438f-836a-752ced15cd22,0230,1288.314,1504.457
76623365-f1ed-409e-a111-e40020eb6217,2025-11-28_075346_42aaa445-db18-438f-836a-752ced15cd22,0235,1288.584,1484.623
76623365-f1ed-409e-a111-e40020eb6217,2025-11-28_075346_42aaa445-db18-438f-836a-752ced15cd22,0240,1289.115,1503.954
76623365-f1ed-409e-a111-e40020eb6217,2025-11-28_075346_42aaa445-db18-438f-836a-752ced15cd22,0245,1288.592,1497.081
76623365-f1ed-409e-a111-e40020eb6217,2025-11-28_075346_42aaa445-db18-438f-836a-752ced15cd22,0250,1288.299,1501.943
76623365-f1ed-409e-a111-e40020eb6217,2025-11-28_075346_42aaa445-db18-438f-836a-752ced15cd22,0255,1288.896,1515.358
76623365-f1ed-409e-a111-e40020eb6217,2025-11-28_075346_42aaa445-db18-438f-836a-752ced15cd22,0260,1288.128,1506.651
76623365-f1ed-409e-a111-e40020eb6217,2025-11-28_075346_42aaa445-db18-438f-836a-752ced15cd22,0265,1288.504,1506.724
76623365-f1ed-409e-a111-e40020eb6217,2025-11-28_075346_42aaa445-db18-438f-836a-752ced15cd22,0270,1289.023,1503.647
76623365-f1ed-409e-a111-e40020eb6217,2025-11-28_075346_42aaa445-db18-438f-836a-752ced15cd22,0275,1288.627,1486.832
76623365-f1ed-409e-a111-e40020eb6217,2025-11-28_075346_42aaa445-db18-438f-836a-752ced15cd22,0280,1289.466,1500.417
76623365-f1ed-409e-a111-e40020eb6217,2025-11-28_075346_42aaa445-db18-438f-836a-752ced15cd22,0285,1288.553,1484.146
76623365-f1ed-409e-a111-e40020eb6217,2025-11-28_075346_42aaa445-db18-438f-836a-752ced15cd22,0290,1291.341,1500.576
76623365-f1ed-409e-a111-e40020eb6217,2025-11-28_075346_42aaa445-db18-438f-836a-752ced15cd22,0295,1289.021,1508.243
76623365-f1ed-409e-a111-e40020eb6217,2025-11-28_075346_42aaa445-db18-438f-836a-752ced15cd22,0300,1289.737,1498.793
76623365-f1ed-409e-a111-e40020eb6217,2025-11-28_075346_42aaa445-db18-438f-836a-752ced15cd22,0305,1290.017,1531.14
76623365-f1ed-409e-a111-e40020eb6217,2025-11-28_075346_42aaa445-db18-438f-836a-752ced15cd22,0310,1289.76,1490.172
76623365-f1ed-409e-a111-e40020eb6217,2025-11-28_075346_42aaa445-db18-438f-836a-752ced15cd22,0315,1290.295,1507.379
76623365-f1ed-409e-a111-e40020eb6217,2025-11-28_075346_42aaa445-db18-438f-836a-752ced15cd22,0320,1289.71,1502.653
76623365-f1ed-409e-a111-e40020eb6217,2025-11-28_075346_42aaa445-db18-438f-836a-752ced15cd22,0325,1289.394,1507.848
76623365-f1ed-409e-a111-e40020eb6217,2025-11-28_075346_42aaa445-db18-438f-836a-752ced15cd22,0330,1289.729,1508.644
76623365-f1ed-409e-a111-e40020eb6217,2025-11-28_075346_42aaa445-db18-438f-836a-752ced15cd22,0335,1288.845,1471.58
76623365-f1ed-409e-a111-e40020eb6217,2025-11-28_075346_42aaa445-db18-438f-836a-752ced15cd22,0340,1289.132,1504.85
76623365-f1ed-409e-a111-e40020eb6217,2025-11-28_075346_42aaa445-db18-438f-836a-752ced15cd22,0345,1288.853,1494.87
76623365-f1ed-409e-a111-e40020eb6217,2025-11-28_075346_42aaa445-db18-438f-836a-752ced15cd22,0350,1289.668,1505.498
76623365-f1ed-409e-a111-e40020eb6217,2025-11-28_075346_42aaa445-db18-438f-836a-752ced15cd22,0355,1288.422,1474.111
76623365-f1ed-409e-a111-e40020eb6217,2025-11-28_075346_42aaa445-db18-438f-836a-752ced15cd22,0360,1289.6,1503.438
76623365-f1ed-409e-a111-e40020eb6217,2025-11-28_075346_42aaa445-db18-438f-836a-752ced15cd22,0365,1290.162,1534.383
76623365-f1ed-409e-a111-e40020eb6217,2025-11-28_075346_42aaa445-db18-438f-836a-752ced15cd22,0370,1289.539,1506.602
76623365-f1ed-409e-a111-e40020eb6217,2025-11-28_075346_42aaa445-db18-438f-836a-752ced15cd22,0375,1290.177,1468.107
76623365-f1ed-409e-a111-e40020eb6217,2025-11-28_075346_42aaa445-db18-438f-836a-752ced15cd22,0380,1290.699,1536.696
76623365-f1ed-409e-a111-e40020eb6217,2025-11-28_075346_42aaa445-db18-438f-836a-752ced15cd22,0385,1288.808,1515.198
76623365-f1ed-409e-a111-e40020eb6217,2025-11-28_075346_42aaa445-db18-438f-836a-752ced15cd22,0390,1289.661,1522.664
76623365-f1ed-409e-a111-e40020eb6217,2025-11-28_075346_42aaa445-db18-438f-836a-752ced15cd22,0395,1287.861,1488.959
76623365-f1ed-409e-a111-e40020eb6217,2025-11-28_075346_42aaa445-db18-438f-836a-752ced15cd22,0400,1288.588,1499.818
76623365-f1ed-409e-a111-e40020eb6217,2025-11-28_075346_42aaa445-db18-438f-836a-752ced15cd22,0405,1288.575,1493.61
76623365-f1ed-409e-a111-e40020eb6217,2025-11-28_075346_42aaa445-db18-438f-836a-752ced15cd22,0410,1289.663,1501.523
76623365-f1ed-409e-a111-e40020eb6217,2025-11-28_075346_42aaa445-db18-438f-836a-752ced15cd22,0415,1287.646,1478.203
76623365-f1ed-409e-a111-e40020eb6217,2025-11-28_075346_42aaa445-db18-438f-836a-752ced15cd22,0420,1289.826,1496.296
76623365-f1ed-409e-a111-e40020eb6217,2025-11-28_075346_42aaa445-db18-438f-836a-752ced15cd22,0425,1287.395,1466.075
76623365-f1ed-409e-a111-e40020eb6217,2025-11-28_075346_42aaa445-db18-438f-836a-752ced15cd22,0430,1288.83,1502.733
76623365-f1ed-409e-a111-e40020eb6217,2025-11-28_075346_42aaa445-db18-438f-836a-752ced15cd22,0435,1288.878,1483.711
76623365-f1ed-409e-a111-e40020eb6217,2025-11-28_075346_42aaa445-db18-438f-836a-752ced15cd22,0440,1288.131,1501.984
76623365-f1ed-409e-a111-e40020eb6217,2025-11-28_075346_42aaa445-db18-438f-836a-752ced15cd22,0445,1288.426,1492.937
76623365-f1ed-409e-a111-e40020eb6217,2025-11-28_075346_42aaa445-db18-438f-836a-752ced15cd22,0450,1288.572,1500.66
76623365-f1ed-409e-a111-e40020eb6217,2025-11-28_075346_42aaa445-db18-438f-836a-752ced15cd22,0455,1289.587,1480.632
76623365-f1ed-409e-a111-e40020eb6217,2025-11-28_075346_42aaa445-db18-438f-836a-752ced15cd22,0460,1289.058,1501.835
76623365-f1ed-409e-a111-e40020eb6217,2025-11-28_075346_42aaa445-db18-438f-836a-752ced15cd22,0465,1288.882,1502.308
76623365-f1ed-409e-a111-e40020eb6217,2025-11-28_075346_42aaa445-db18-438f-836a-752ced15cd22,0470,1289.452,1531.8
76623365-f1ed-409e-a111-e40020eb6217,2025-11-28_075346_42aaa445-db18-438f-836a-752ced15cd22,0475,1287.919,1495.521
76623365-f1ed-409e-a111-e40020eb6217,2025-11-28_075346_42aaa445-db18-438f-836a-752ced15cd22,0480,1289.004,1501.555
76623365-f1ed-409e-a111-e40020eb6217,2025-11-28_075346_42aaa445-db18-438f-836a-752ced15cd22,0485,1290.291,1491.276
76623365-f1ed-409e-a111-e40020eb6217,2025-11-28_075346_42aaa445-db18-438f-836a-752ced15cd22,0490,1288.346,1489.83
76623365-f1ed-409e-a111-e40020eb6217,2025-11-28_075346_42aaa445-db18-438f-836a-752ced15cd22,0495,1288.444,1496.807
76623365-f1ed-409e-a111-e40020eb6217,2025-11-28_075346_42aaa445-db18-438f-836a-752ced15cd22,0500,1289.698,1504.952
76623365-f1ed-409e-a111-e40020eb6217,2025-11-28_075346_42aaa445-db18-438f-836a-752ced15cd22,0505,1289.777,1499.651
76623365-f1ed-409e-a111-e40020eb6217,2025-11-28_075346_42aaa445-db18-438f-836a-752ced15cd22,0510,1289.901,1503.255
76623365-f1ed-409e-a111-e40020eb6217,2025-11-28_075346_42aaa445-db18-438f-836a-752ced15cd22,0515,1287.52,1506.141
76623365-f1ed-409e-a111-e40020eb6217,2025-11-28_075346_42aaa445-db18-438f-836a-752ced15cd22,0520,1288.169,1536.224
76623365-f1ed-409e-a111-e40020eb6217,2025-11-28_075346_42aaa445-db18-438f-836a-752ced15cd22,0525,1287.522,1474.184
76623365-f1ed-409e-a111-e40020eb6217,2025-11-28_075346_42aaa445-db18-438f-836a-752ced15cd22,0530,1289.967,1501.936
76623365-f1ed-409e-a111-e40020eb6217,2025-11-28_075346_42aaa445-db18-438f-836a-752ced15cd22,0535,1288.608,1501.077
76623365-f1ed-409e-a111-e40020eb6217,2025-11-28_075346_42aaa445-db18-438f-836a-752ced15cd22,0540,1288.783,1504.18
76623365-f1ed-409e-a111-e40020eb6217,2025-11-28_075346_42aaa445-db18-438f-836a-752ced15cd22,0545,1289.338,1471.324
76623365-f1ed-409e-a111-e40020eb6217,2025-11-28_075346_42aaa445-db18-438f-836a-752ced15cd22,0550,1288.614,1502.718
76623365-f1ed-409e-a111-e40020eb6217,2025-11-28_075346_42aaa445-db18-438f-836a-752ced15cd22,0555,1288.153,1500.751
76623365-f1ed-409e-a111-e40020eb6217,2025-11-28_075346_42aaa445-db18-438f-836a-752ced15cd22,0560,1288.649,1503.451
76623365-f1ed-409e-a111-e40020eb6217,2025-11-28_075346_42aaa445-db18-438f-836a-752ced15cd22,0565,1290.917,1493.837
76623365-f1ed-409e-a111-e40020eb6217,2025-11-28_075346_42aaa445-db18-438f-836a-752ced15cd22,0570,1288.228,1509.957
76623365-f1ed-409e-a111-e40020eb6217,2025-11-28_075346_42aaa445-db18-438f-836a-752ced15cd22,0575,1288.332,1476.621
76623365-f1ed-409e-a111-e40020eb6217,2025-11-28_075346_42aaa445-db18-438f-836a-752ced15cd22,0580,1288.503,1501.953
76623365-f1ed-409e-a111-e40020eb6217,2025-11-28_075346_42aaa445-db18-438f-836a-752ced15cd22,0585,1287.586,1502.103
76623365-f1ed-409e-a111-e40020eb6217,2025-11-28_075346_42aaa445-db18-438f-836a-752ced15cd22,0590,1291.222,1520.532
76623365-f1ed-409e-a111-e40020eb6217,2025-11-28_075346_42aaa445-db18-438f-836a-752ced15cd22,0595,1291.814,1491.281
76623365-f1ed-409e-a111-e40020eb6217,2025-11-28_075346_42aaa445-db18-438f-836a-752ced15cd22,0600,1289.634,1498.54
76623365-f1ed-409e-a111-e40020eb6217,2025-11-28_075346_42aaa445-db18-438f-836a-752ced15cd22,0605,1290.522,1514.246
76623365-f1ed-409e-a111-e40020eb6217,2025-11-28_075346_42aaa445-db18-438f-836a-752ced15cd22,0610,1289.58,1513.859
76623365-f1ed-409e-a111-e40020eb6217,2025-11-28_075346_42aaa445-db18-438f-836a-752ced15cd22,0615,1290.041,1472.75
76623365-f1ed-409e-a111-e40020eb6217,2025-11-28_075346_42aaa445-db18-438f-836a-752ced15cd22,0620,1289.31,1526.878
76623365-f1ed-409e-a111-e40020eb6217,2025-11-28_075346_42aaa445-db18-438f-836a-752ced15cd22,0625,1289.189,1469.269
76623365-f1ed-409e-a111-e40020eb6217,2025-11-28_075346_42aaa445-db18-438f-836a-752ced15cd22,0630,1290.299,1507.861
76623365-f1ed-409e-a111-e40020eb6217,2025-11-28_075346_42aaa445-db18-438f-836a-752ced15cd22,0635,1293.195,1519.973
76623365-f1ed-409e-a111-e40020eb6217,2025-11-28_075346_42aaa445-db18-438f-836a-752ced15cd22,0640,1290.479,1514.65
76623365-f1ed-409e-a111-e40020eb6217,2025-11-28_075346_42aaa445-db18-438f-836a-752ced15cd22,0645,1290.043,1504.339
76623365-f1ed-409e-a111-e40020eb6217,2025-11-28_075346_42aaa445-db18-438f-836a-752ced15cd22,0650,1288.675,1499.732
76623365-f1ed-409e-a111-e40020eb6217,2025-11-28_075346_42aaa445-db18-438f-836a-752ced15cd22,0655,1288.19,1478.144
76623365-f1ed-409e-a111-e40020eb6217,2025-11-28_075346_42aaa445-db18-438f-836a-752ced15cd22,0660,1289.448,1501.51
76623365-f1ed-409e-a111-e40020eb6217,2025-11-28_075346_42aaa445-db18-438f-836a-752ced15cd22,0665,1287.93,1468.869
76623365-f1ed-409e-a111-e40020eb6217,2025-11-28_075346_42aaa445-db18-438f-836a-752ced15cd22,0670,1289.629,1505.409
76623365-f1ed-409e-a111-e40020eb6217,2025-11-28_075346_42aaa445-db18-438f-836a-752ced15cd22,0675,1289.275,1489.838
76623365-f1ed-409e-a111-e40020eb6217,2025-11-28_075346_42aaa445-db18-438f-836a-752ced15cd22,0680,1287.651,1502.521
76623365-f1ed-409e-a111-e40020eb6217,2025-11-28_075346_42aaa445-db18-438f-836a-752ced15cd22,0685,1288.009,1482.949
76623365-f1ed-409e-a111-e40020eb6217,2025-11-28_075346_42aaa445-db18-438f-836a-752ced15cd22,0690,1290.114,1503.88
76623365-f1ed-409e-a111-e40020eb6217,2025-11-28_075346_42aaa445-db18-438f-836a-752ced15cd22,0695,1288.509,1482.874
76623365-f1ed-409e-a111-e40020eb6217,2025-11-28_075346_42aaa445-db18-438f-836a-752ced15cd22,0700,1288.817,1505.362
76623365-f1ed-409e-a111-e40020eb6217,2025-11-28_075346_42aaa445-db18-438f-836a-752ced15cd22,0705,1287.95,1479.844
76623365-f1ed-409e-a111-e40020eb6217,2025-11-28_075346_42aaa445-db18-438f-836a-752ced15cd22,0710,1290.448,1504.048
76623365-f1ed-409e-a111-e40020eb6217,2025-11-28_075346_42aaa445-db18-438f-836a-752ced15cd22,0715,1287.536,1518.074
76623365-f1ed-409e-a111-e40020eb6217,2025-11-28_075346_42aaa445-db18-438f-836a-752ced15cd22,0720,1288.967,1492.0
76623365-f1ed-409e-a111-e40020eb6217,2025-11-28_075346_42aaa445-db18-438f-836a-752ced15cd22,0725,1286.931,1480.823
76623365-f1ed-409e-a111-e40020eb6217,2025-11-28_075346_42aaa445-db18-438f-836a-752ced15cd22,0730,1287.914,1503.118
76623365-f1ed-409e-a111-e40020eb6217,2025-11-28_075346_42aaa445-db18-438f-836a-752ced15cd22,0735,1289.889,1525.102
76623365-f1ed-409e-a111-e40020eb6217,2025-11-28_075346_42aaa445-db18-438f-836a-752ced15cd22,0740,1290.559,1530.7
76623365-f1ed-409e-a111-e40020eb6217,2025-11-28_075346_42aaa445-db18-438f-836a-752ced15cd22,0745,1290.192,1505.406
76623365-f1ed-409e-a111-e40020eb6217,2025-11-28_075346_42aaa445-db18-438f-836a-752ced15cd22,0750,1287.973,1502.181
76623365-f1ed-409e-a111-e40020eb6217,2025-11-28_075346_42aaa445-db18-438f-836a-752ced15cd22,0755,1289.853,1480.685
76623365-f1ed-409e-a111-e40020eb6217,2025-11-28_075346_42aaa445-db18-438f-836a-752ced15cd22,0760,1289.67,1504.262
76623365-f1ed-409e-a111-e40020eb6217,2025-11-28_075346_42aaa445-db18-438f-836a-752ced15cd22,0765,1288.813,1491.99
76623365-f1ed-409e-a111-e40020eb6217,2025-11-28_075346_42aaa445-db18-438f-836a-752ced15cd22,0770,1287.852,1506.071
76623365-f1ed-409e-a111-e40020eb6217,2025-11-28_075346_42aaa445-db18-438f-836a-752ced15cd22,0775,1287.377,1478.343
76623365-f1ed-409e-a111-e40020eb6217,2025-11-28_075346_42aaa445-db18-438f-836a-752ced15cd22,0780,1288.637,1503.557
76623365-f1ed-409e-a111-e40020eb6217,2025-11-28_075346_42aaa445-db18-438f-836a-752ced15cd22,0785,1289.24,1490.857
76623365-f1ed-409e-a111-e40020eb6217,2025-11-28_075346_42aaa445-db18-438f-836a-752ced15cd22,0790,1288.525,1497.253
76623365-f1ed-409e-a111-e40020eb6217,2025-11-28_075346_42aaa445-db18-438f-836a-752ced15cd22,0795,1290.141,1498.616
76623365-f1ed-409e-a111-e40020eb6217,2025-11-28_075346_42aaa445-db18-438f-836a-752ced15cd22,0800,1288.981,1519.363
76623365-f1ed-409e-a111-e40020eb6217,2025-11-28_075346_42aaa445-db18-438f-836a-752ced15cd22,0805,1289.549,1482.371
76623365-f1ed-409e-a111-e40020eb6217,2025-11-28_075346_42aaa445-db18-438f-836a-752ced15cd22,0810,1289.329,1505.233
76623365-f1ed-409e-a111-e40020eb6217,2025-11-28_075346_42aaa445-db18-438f-836a-752ced15cd22,0815,1290.539,1514.951
76623365-f1ed-409e-a111-e40020eb6217,2025-11-28_075346_42aaa445-db18-438f-836a-752ced15cd22,0820,1288.565,1524.493
76623365-f1ed-409e-a111-e40020eb6217,2025-11-28_075346_42aaa445-db18-438f-836a-752ced15cd22,0825,1290.117,1483.854
76623365-f1ed-409e-a111-e40020eb6217,2025-11-28_075346_42aaa445-db18-438f-836a-752ced15cd22,0830,1289.569,1489.342
76623365-f1ed-409e-a111-e40020eb6217,2025-11-28_075346_42aaa445-db18-438f-836a-752ced15cd22,0835,1288.778,1496.559
76623365-f1ed-409e-a111-e40020eb6217,2025-11-28_075346_42aaa445-db18-438f-836a-752ced15cd22,0840,1291.4,1504.545
76623365-f1ed-409e-a111-e40020eb6217,2025-11-28_075346_42aaa445-db18-438f-836a-752ced15cd22,0845,1289.621,1507.57
76623365-f1ed-409e-a111-e40020eb6217,2025-11-28_075346_42aaa445-db18-438f-836a-752ced15cd22,0850,1289.897,1506.794
76623365-f1ed-409e-a111-e40020eb6217,2025-11-28_075346_42aaa445-db18-438f-836a-752ced15cd22,0855,1289.012,1477.298
76623365-f1ed-409e-a111-e40020eb6217,2025-11-28_075346_42aaa445-db18-438f-836a-752ced15cd22,0860,1289.62,1502.034
76623365-f1ed-409e-a111-e40020eb6217,2025-11-28_075346_42aaa445-db18-438f-836a-752ced15cd22,0865,1289.587,1493.083
76623365-f1ed-409e-a111-e40020eb6217,2025-11-28_075346_42aaa445-db18-438f-836a-752ced15cd22,0870,1290.8,1491.869
76623365-f1ed-409e-a111-e40020eb6217,2025-11-28_075346_42aaa445-db18-438f-836a-752ced15cd22,0875,1288.21,1502.067
76623365-f1ed-409e-a111-e40020eb6217,2025-11-28_075346_42aaa445-db18-438f-836a-752ced15cd22,0880,1289.877,1502.341
76623365-f1ed-409e-a111-e40020eb6217,2025-11-28_075346_42aaa445-db18-438f-836a-752ced15cd22,0885,1288.282,1488.629
76623365-f1ed-409e-a111-e40020eb6217,2025-11-28_075346_42aaa445-db18-438f-836a-752ced15cd22,0890,1288.803,1503.027
76623365-f1ed-409e-a111-e40020eb6217,2025-11-28_075346_42aaa445-db18-438f-836a-752ced15cd22,0895,1288.992,1504.671
76623365-f1ed-409e-a111-e40020eb6217,2025-11-28_075346_42aaa445-db18-438f-836a-752ced15cd22,0900,1289.33,1503.127
76623365-f1ed-409e-a111-e40020eb6217,2025-11-28_075346_42aaa445-db18-438f-836a-752ced15cd22,0905,1289.526,1482.781
76623365-f1ed-409e-a111-e40020eb6217,2025-11-28_075346_42aaa445-db18-438f-836a-752ced15cd22,0910,1288.434,1509.721
76623365-f1ed-409e-a111-e40020eb6217,2025-11-28_075346_42aaa445-db18-438f-836a-752ced15cd22,0915,1289.579,1486.388
76623365-f1ed-409e-a111-e40020eb6217,2025-11-28_075346_42aaa445-db18-438f-836a-752ced15cd22,0920,1289.935,1503.897
76623365-f1ed-409e-a111-e40020eb6217,2025-11-28_075346_42aaa445-db18-438f-836a-752ced15cd22,0925,1288.785,1515.006
76623365-f1ed-409e-a111-e40020eb6217,2025-11-28_075346_42aaa445-db18-438f-836a-752ced15cd22,0930,1289.29,1504.06
76623365-f1ed-409e-a111-e40020eb6217,2025-11-28_075346_42aaa445-db18-438f-836a-752ced15cd22,0935,1288.262,1513.72
76623365-f1ed-409e-a111-e40020eb6217,2025-11-28_075346_42aaa445-db18-438f-836a-752ced15cd22,0940,1290.418,1526.338
76623365-f1ed-409e-a111-e40020eb6217,2025-11-28_075346_42aaa445-db18-438f-836a-752ced15cd22,0945,1290.394,1497.718
76623365-f1ed-409e-a111-e40020eb6217,2025-11-28_075346_42aaa445-db18-438f-836a-752ced15cd22,0950,1291.47,1505.249
76623365-f1ed-409e-a111-e40020eb6217,2025-11-28_075346_42aaa445-db18-438f-836a-752ced15cd22,0955,1290.028,1514.938
76623365-f1ed-409e-a111-e40020eb6217,2025-11-28_075346_42aaa445-db18-438f-836a-752ced15cd22,0960,1288.971,1517.252
76623365-f1ed-409e-a111-e40020eb6217,2025-11-28_075346_42aaa445-db18-438f-836a-752ced15cd22,0965,1288.67,1496.42
76623365-f1ed-409e-a111-e40020eb6217,2025-11-28_075346_42aaa445-db18-438f-836a-752ced15cd22,0970,1288.114,1503.934
76623365-f1ed-409e-a111-e40020eb6217,2025-11-28_075346_42aaa445-db18-438f-836a-752ced15cd22,0975,1288.498,1488.661
76623365-f1ed-409e-a111-e40020eb6217,2025-11-28_075346_42aaa445-db18-438f-836a-752ced15cd22,0980,1288.44,1497.944
76623365-f1ed-409e-a111-e40020eb6217,2025-11-28_075346_42aaa445-db18-438f-836a-752ced15cd22,0985,1289.231,1476.406
76623365-f1ed-409e-a111-e40020eb6217,2025-11-28_075346_42aaa445-db18-438f-836a-752ced15cd22,0990,1287.667,1500.116
76623365-f1ed-409e-a111-e40020eb6217,2025-11-28_075346_42aaa445-db18-438f-836a-752ced15cd22,0995,1289.13,1487.637
76623365-f1ed-409e-a111-e40020eb6217,2025-11-28_075346_42aaa445-db18-438f-836a-752ced15cd22,1000,1288.625,1503.23
76623365-f1ed-409e-a111-e40020eb6217,2025-11-28_075346_42aaa445-db18-438f-836a-752ced15cd22,1005,1289.11,1502.719
76623365-f1ed-409e-a111-e40020eb6217,2025-11-28_075346_42aaa445-db18-438f-836a-752ced15cd22,1010,1289.966,1502.582
76623365-f1ed-409e-a111-e40020eb6217,2025-11-28_075346_42aaa445-db18-438f-836a-752ced15cd22,1015,1289.205,1492.523
76623365-f1ed-409e-a111-e40020eb6217,2025-11-28_075346_42aaa445-db18-438f-836a-752ced15cd22,1020,1288.62,1526.816
76623365-f1ed-409e-a111-e40020eb6217,2025-11-28_075346_42aaa445-db18-438f-836a-752ced15cd22,1025,1288.618,1507.926
76623365-f1ed-409e-a111-e40020eb6217,2025-11-28_075346_42aaa445-db18-438f-836a-752ced15cd22,1030,1289.558,1506.021
76623365-f1ed-409e-a111-e40020eb6217,2025-11-28_075346_42aaa445-db18-438f-836a-752ced15cd22,1035,1289.716,1496.517
76623365-f1ed-409e-a111-e40020eb6217,2025-11-28_075346_42aaa445-db18-438f-836a-752ced15cd22,1040,1288.135,1524.714
76623365-f1ed-409e-a111-e40020eb6217,2025-11-28_075346_42aaa445-db18-438f-836a-752ced15cd22,1045,1288.401,1520.201
76623365-f1ed-409e-a111-e40020eb6217,2025-11-28_075346_42aaa445-db18-438f-836a-752ced15cd22,1050,1289.804,1503.611
76623365-f1ed-409e-a111-e40020eb6217,2025-11-28_075346_42aaa445-db18-438f-836a-752ced15cd22,1055,1288.653,1498.579
76623365-f1ed-409e-a111-e40020eb6217,2025-11-28_075346_42aaa445-db18-438f-836a-752ced15cd22,1060,1289.932,1524.697
76623365-f1ed-409e-a111-e40020eb6217,2025-11-28_075346_42aaa445-db18-438f-836a-752ced15cd22,1065,1290.366,1493.858
76623365-f1ed-409e-a111-e40020eb6217,2025-11-28_075346_42aaa445-db18-438f-836a-752ced15cd22,1070,1289.486,1530.104
76623365-f1ed-409e-a111-e40020eb6217,2025-11-28_075346_42aaa445-db18-438f-836a-752ced15cd22,1075,1288.587,1509.786
76623365-f1ed-409e-a111-e40020eb6217,2025-11-28_075346_42aaa445-db18-438f-836a-752ced15cd22,1080,1289.722,1490.591
76623365-f1ed-409e-a111-e40020eb6217,2025-11-28_075346_42aaa445-db18-438f-836a-752ced15cd22,1085,1290.053,1501.189
76623365-f1ed-409e-a111-e40020eb6217,2025-11-28_075346_42aaa445-db18-438f-836a-752ced15cd22,1090,1289.356,1489.318
76623365-f1ed-409e-a111-e40020eb6217,2025-11-28_075346_42aaa445-db18-438f-836a-752ced15cd22,1095,1288.96,1488.473
76623365-f1ed-409e-a111-e40020eb6217,2025-11-28_075346_42aaa445-db18-438f-836a-752ced15cd22,1100,1289.147,1504.014
76623365-f1ed-409e-a111-e40020eb6217,2025-11-28_075346_42aaa445-db18-438f-836a-752ced15cd22,1105,1289.485,1501.399
76623365-f1ed-409e-a111-e40020eb6217,2025-11-28_075346_42aaa445-db18-438f-836a-752ced15cd22,1110,1290.432,1507.391
76623365-f1ed-409e-a111-e40020eb6217,2025-11-28_075346_42aaa445-db18-438f-836a-752ced15cd22,1115,1289.159,1497.109
76623365-f1ed-409e-a111-e40020eb6217,2025-11-28_075346_42aaa445-db18-438f-836a-752ced15cd22,1120,1289.501,1512.892
76623365-f1ed-409e-a111-e40020eb6217,2025-11-28_075346_42aaa445-db18-438f-836a-752ced15cd22,1125,1290.559,1511.425
76623365-f1ed-409e-a111-e40020eb6217,2025-11-28_075346_42aaa445-db18-438f-836a-752ced15cd22,1130,1289.241,1532.57
76623365-f1ed-409e-a111-e40020eb6217,2025-11-28_075346_42aaa445-db18-438f-836a-752ced15cd22,1135,1288.965,1498.498
76623365-f1ed-409e-a111-e40020eb6217,2025-11-28_075346_42aaa445-db18-438f-836a-752ced15cd22,1140,1288.929,1499.081
76623365-f1ed-409e-a111-e40020eb6217,2025-11-28_075346_42aaa445-db18-438f-836a-752ced15cd22,1145,1288.275,1496.115
76623365-f1ed-409e-a111-e40020eb6217,2025-11-28_075346_42aaa445-db18-438f-836a-752ced15cd22,1150,1288.373,1491.308
76623365-f1ed-409e-a111-e40020eb6217,2025-11-28_075346_42aaa445-db18-438f-836a-752ced15cd22,1155,1289.138,1521.043
76623365-f1ed-409e-a111-e40020eb6217,2025-11-28_075346_42aaa445-db18-438f-836a-752ced15cd22,1160,1290.666,1505.861
76623365-f1ed-409e-a111-e40020eb6217,2025-11-28_075346_42aaa445-db18-438f-836a-752ced15cd22,1165,1288.721,1519.365
76623365-f1ed-409e-a111-e40020eb6217,2025-11-28_075346_42aaa445-db18-438f-836a-752ced15cd22,1170,1289.285,1499.652
76623365-f1ed-409e-a111-e40020eb6217,2025-11-28_075346_42aaa445-db18-438f-836a-752ced15cd22,1175,1288.538,1500.098
76623365-f1ed-409e-a111-e40020eb6217,2025-11-28_075346_42aaa445-db18-438f-836a-752ced15cd22,1180,1289.169,1494.283
76623365-f1ed-409e-a111-e40020eb6217,2025-11-28_075346_42aaa445-db18-438f-836a-752ced15cd22,1185,1289.323,1497.721
76623365-f1ed-409e-a111-e40020eb6217,2025-11-28_075346_42aaa445-db18-438f-836a-752ced15cd22,1190,1290.213,1504.909
76623365-f1ed-409e-a111-e40020eb6217,2025-11-28_075346_42aaa445-db18-438f-836a-752ced15cd22,1195,1291.919,1506.723
76623365-f1ed-409e-a111-e40020eb6217,2025-11-28_075346_42aaa445-db18-438f-836a-752ced15cd22,1200,1290.631,1503.927
76623365-f1ed-409e-a111-e40020eb6217,2025-11-28_075346_42aaa445-db18-438f-836a-752ced15cd22,1205,1289.485,1505.056
76623365-f1ed-409e-a111-e40020eb6217,2025-11-28_075346_42aaa445-db18-438f-836a-752ced15cd22,1210,1289.767,1503.168
76623365-f1ed-409e-a111-e40020eb6217,2025-11-28_075346_42aaa445-db18-438f-836a-752ced15cd22,1215,1288.016,1502.376
76623365-f1ed-409e-a111-e40020eb6217,2025-11-28_075346_42aaa445-db18-438f-836a-752ced15cd22,1220,1290.895,1519.685
76623365-f1ed-409e-a111-e40020eb6217,2025-11-28_075346_42aaa445-db18-438f-836a-752ced15cd22,1225,1290.521,1517.985
76623365-f1ed-409e-a111-e40020eb6217,2025-11-28_075346_42aaa445-db18-438f-836a-752ced15cd22,1230,1289.935,1495.483
76623365-f1ed-409e-a111-e40020eb6217,2025-11-28_075346_42aaa445-db18-438f-836a-752ced15cd22,1235,1289.507,1517.931
76623365-f1ed-409e-a111-e40020eb6217,2025-11-28_075346_42aaa445-db18-438f-836a-752ced15cd22,1240,1289.161,1524.327
76623365-f1ed-409e-a111-e40020eb6217,2025-11-28_075346_42aaa445-db18-438f-836a-752ced15cd22,1245,1292.505,1503.18
76623365-f1ed-409e-a111-e40020eb6217,2025-11-28_075346_42aaa445-db18-438f-836a-752ced15cd22,1250,1291.1,1518.094
76623365-f1ed-409e-a111-e40020eb6217,2025-11-28_075346_42aaa445-db18-438f-836a-752ced15cd22,1255,1290.299,1523.01
76623365-f1ed-409e-a111-e40020eb6217,2025-11-28_075346_42aaa445-db18-438f-836a-752ced15cd22,1260,1290.7,1531.859
76623365-f1ed-409e-a111-e40020eb6217,2025-11-28_075346_42aaa445-db18-438f-836a-752ced15cd22,1265,1289.282,1514.852
76623365-f1ed-409e-a111-e40020eb6217,2025-11-28_075346_42aaa445-db18-438f-836a-752ced15cd22,1270,1288.972,1519.345
76623365-f1ed-409e-a111-e40020eb6217,2025-11-28_075346_42aaa445-db18-438f-836a-752ced15cd22,1275,1289.986,1521.342
76623365-f1ed-409e-a111-e40020eb6217,2025-11-28_075346_42aaa445-db18-438f-836a-752ced15cd22,1280,1288.641,1498.66
76623365-f1ed-409e-a111-e40020eb6217,2025-11-28_075346_42aaa445-db18-438f-836a-752ced15cd22,1285,1290.045,1500.315
5870ba4c-58b7-489b-9d57-4319593579bd,2025-12-01_064005_348424dd-1e9e-45be-9df0-1a2cbe98df3c,0005,1289.011,1513.626
5870ba4c-58b7-489b-9d57-4319593579bd,2025-12-01_064005_348424dd-1e9e-45be-9df0-1a2cbe98df3c,0010,1288.592,1520.46
5870ba4c-58b7-489b-9d57-4319593579bd,2025-12-01_064005_348424dd-1e9e-45be-9df0-1a2cbe98df3c,0015,1289.005,1494.942
5870ba4c-58b7-489b-9d57-4319593579bd,2025-12-01_064005_348424dd-1e9e-45be-9df0-1a2cbe98df3c,0020,1290.014,1512.984
5870ba4c-58b7-489b-9d57-4319593579bd,2025-12-01_064005_348424dd-1e9e-45be-9df0-1a2cbe98df3c,0025,1291.435,1534.03
5870ba4c-58b7-489b-9d57-4319593579bd,2025-12-01_064005_348424dd-1e9e-45be-9df0-1a2cbe98df3c,0030,1290.496,1493.505
5870ba4c-58b7-489b-9d57-4319593579bd,2025-12-01_064005_348424dd-1e9e-45be-9df0-1a2cbe98df3c,0035,1289.646,1513.572
5870ba4c-58b7-489b-9d57-4319593579bd,2025-12-01_064005_348424dd-1e9e-45be-9df0-1a2cbe98df3c,0040,1289.059,1491.241
5870ba4c-58b7-489b-9d57-4319593579bd,2025-12-01_064005_348424dd-1e9e-45be-9df0-1a2cbe98df3c,0045,1289.359,1518.521
5870ba4c-58b7-489b-9d57-4319593579bd,2025-12-01_064005_348424dd-1e9e-45be-9df0-1a2cbe98df3c,0050,1290.696,1491.775
5870ba4c-58b7-489b-9d57-4319593579bd,2025-12-01_064005_348424dd-1e9e-45be-9df0-1a2cbe98df3c,0055,1289.396,1478.375
5870ba4c-58b7-489b-9d57-4319593579bd,2025-12-01_064005_348424dd-1e9e-45be-9df0-1a2cbe98df3c,0060,1289.19,1509.81
5870ba4c-58b7-489b-9d57-4319593579bd,2025-12-01_064005_348424dd-1e9e-45be-9df0-1a2cbe98df3c,0065,1291.359,1468.517
5870ba4c-58b7-489b-9d57-4319593579bd,2025-12-01_064005_348424dd-1e9e-45be-9df0-1a2cbe98df3c,0070,1289.469,1506.25
5870ba4c-58b7-489b-9d57-4319593579bd,2025-12-01_064005_348424dd-1e9e-45be-9df0-1a2cbe98df3c,0075,1288.952,1480.037
5870ba4c-58b7-489b-9d57-4319593579bd,2025-12-01_064005_348424dd-1e9e-45be-9df0-1a2cbe98df3c,0080,1289.611,1497.663
5870ba4c-58b7-489b-9d57-4319593579bd,2025-12-01_064005_348424dd-1e9e-45be-9df0-1a2cbe98df3c,0085,1289.258,1499.313
5870ba4c-58b7-489b-9d57-4319593579bd,2025-12-01_064005_348424dd-1e9e-45be-9df0-1a2cbe98df3c,0090,1289.291,1502.834
5870ba4c-58b7-489b-9d57-4319593579bd,2025-12-01_064005_348424dd-1e9e-45be-9df0-1a2cbe98df3c,0095,1291.175,1491.898
5870ba4c-58b7-489b-9d57-4319593579bd,2025-12-01_064005_348424dd-1e9e-45be-9df0-1a2cbe98df3c,0100,1287.926,1506.82
5870ba4c-58b7-489b-9d57-4319593579bd,2025-12-01_064005_348424dd-1e9e-45be-9df0-1a2cbe98df3c,0105,1290.206,1519.96
5870ba4c-58b7-489b-9d57-4319593579bd,2025-12-01_064005_348424dd-1e9e-45be-9df0-1a2cbe98df3c,0110,1289.185,1519.945
5870ba4c-58b7-489b-9d57-4319593579bd,2025-12-01_064005_348424dd-1e9e-45be-9df0-1a2cbe98df3c,0115,1290.038,1474.649
5870ba4c-58b7-489b-9d57-4319593579bd,2025-12-01_064005_348424dd-1e9e-45be-9df0-1a2cbe98df3c,0120,1289.891,1507.293
5870ba4c-58b7-489b-9d57-4319593579bd,2025-12-01_064005_348424dd-1e9e-45be-9df0-1a2cbe98df3c,0125,1287.922,1478.084
5870ba4c-58b7-489b-9d57-4319593579bd,2025-12-01_064005_348424dd-1e9e-45be-9df0-1a2cbe98df3c,0130,1289.763,1512.173
5870ba4c-58b7-489b-9d57-4319593579bd,2025-12-01_064005_348424dd-1e9e-45be-9df0-1a2cbe98df3c,0135,1289.54,1485.05
5870ba4c-58b7-489b-9d57-4319593579bd,2025-12-01_064005_348424dd-1e9e-45be-9df0-1a2cbe98df3c,0140,1288.772,1503.111
5870ba4c-58b7-489b-9d57-4319593579bd,2025-12-01_064005_348424dd-1e9e-45be-9df0-1a2cbe98df3c,0145,1288.232,1482.217
5870ba4c-58b7-489b-9d57-4319593579bd,2025-12-01_064005_348424dd-1e9e-45be-9df0-1a2cbe98df3c,0150,1289.345,1523.555
5870ba4c-58b7-489b-9d57-4319593579bd,2025-12-01_064005_348424dd-1e9e-45be-9df0-1a2cbe98df3c,0155,1288.794,1516.245
5870ba4c-58b7-489b-9d57-4319593579bd,2025-12-01_064005_348424dd-1e9e-45be-9df0-1a2cbe98df3c,0160,1288.381,1514.418
5870ba4c-58b7-489b-9d57-4319593579bd,2025-12-01_064005_348424dd-1e9e-45be-9df0-1a2cbe98df3c,0165,1288.966,1471.597
5870ba4c-58b7-489b-9d57-4319593579bd,2025-12-01_064005_348424dd-1e9e-45be-9df0-1a2cbe98df3c,0170,1288.445,1503.531
5870ba4c-58b7-489b-9d57-4319593579bd,2025-12-01_064005_348424dd-1e9e-45be-9df0-1a2cbe98df3c,0175,1289.158,1486.895
5870ba4c-58b7-489b-9d57-4319593579bd,2025-12-01_064005_348424dd-1e9e-45be-9df0-1a2cbe98df3c,0180,1289.464,1505.849
5870ba4c-58b7-489b-9d57-4319593579bd,2025-12-01_064005_348424dd-1e9e-45be-9df0-1a2cbe98df3c,0185,1289.272,1481.924
5870ba4c-58b7-489b-9d57-4319593579bd,2025-12-01_064005_348424dd-1e9e-45be-9df0-1a2cbe98df3c,0190,1288.266,1504.181
873f0b89-a563-4440-b7f6-bdb0d22dcd3f,2025-12-12_052743_5ac8852a-cea2-4a6b-82df-a6bf204255f8,0005,1289.283,1521.628
873f0b89-a563-4440-b7f6-bdb0d22dcd3f,2025-12-12_052743_5ac8852a-cea2-4a6b-82df-a6bf204255f8,0010,1290.271,1548.058
873f0b89-a563-4440-b7f6-bdb0d22dcd3f,2025-12-12_052743_5ac8852a-cea2-4a6b-82df-a6bf204255f8,0015,1289.523,1511.269
873f0b89-a563-4440-b7f6-bdb0d22dcd3f,2025-12-12_052743_5ac8852a-cea2-4a6b-82df-a6bf204255f8,0020,1290.582,1503.225
873f0b89-a563-4440-b7f6-bdb0d22dcd3f,2025-12-12_052743_5ac8852a-cea2-4a6b-82df-a6bf204255f8,0025,1290.008,1500.839
873f0b89-a563-4440-b7f6-bdb0d22dcd3f,2025-12-12_052743_5ac8852a-cea2-4a6b-82df-a6bf204255f8,0030,1287.865,1510.203
873f0b89-a563-4440-b7f6-bdb0d22dcd3f,2025-12-12_052743_5ac8852a-cea2-4a6b-82df-a6bf204255f8,0035,1290.19,1498.01
873f0b89-a563-4440-b7f6-bdb0d22dcd3f,2025-12-12_052743_5ac8852a-cea2-4a6b-82df-a6bf204255f8,0040,1287.729,1507.206
873f0b89-a563-4440-b7f6-bdb0d22dcd3f,2025-12-12_052743_5ac8852a-cea2-4a6b-82df-a6bf204255f8,0045,1289.678,1501.389
873f0b89-a563-4440-b7f6-bdb0d22dcd3f,2025-12-12_052743_5ac8852a-cea2-4a6b-82df-a6bf204255f8,0050,1290.587,1506.859
873f0b89-a563-4440-b7f6-bdb0d22dcd3f,2025-12-12_052743_5ac8852a-cea2-4a6b-82df-a6bf204255f8,0055,1289.316,1507.296
873f0b89-a563-4440-b7f6-bdb0d22dcd3f,2025-12-12_052743_5ac8852a-cea2-4a6b-82df-a6bf204255f8,0060,1289.139,1501.663
873f0b89-a563-4440-b7f6-bdb0d22dcd3f,2025-12-12_052743_5ac8852a-cea2-4a6b-82df-a6bf204255f8,0065,1288.04,1508.145
873f0b89-a563-4440-b7f6-bdb0d22dcd3f,2025-12-12_052743_5ac8852a-cea2-4a6b-82df-a6bf204255f8,0070,1288.823,1500.539
873f0b89-a563-4440-b7f6-bdb0d22dcd3f,2025-12-12_052743_5ac8852a-cea2-4a6b-82df-a6bf204255f8,0075,1290.613,1502.656
873f0b89-a563-4440-b7f6-bdb0d22dcd3f,2025-12-12_052743_5ac8852a-cea2-4a6b-82df-a6bf204255f8,0080,1290.197,1520.07
873f0b89-a563-4440-b7f6-bdb0d22dcd3f,2025-12-12_052743_5ac8852a-cea2-4a6b-82df-a6bf204255f8,0085,1288.295,1515.01
873f0b89-a563-4440-b7f6-bdb0d22dcd3f,2025-12-12_052743_5ac8852a-cea2-4a6b-82df-a6bf204255f8,0090,1289.929,1489.568
873f0b89-a563-4440-b7f6-bdb0d22dcd3f,2025-12-12_052743_5ac8852a-cea2-4a6b-82df-a6bf204255f8,0095,1287.859,1497.623
873f0b89-a563-4440-b7f6-bdb0d22dcd3f,2025-12-12_052743_5ac8852a-cea2-4a6b-82df-a6bf204255f8,0100,1288.798,1502.426
873f0b89-a563-4440-b7f6-bdb0d22dcd3f,2025-12-12_052743_5ac8852a-cea2-4a6b-82df-a6bf204255f8,0105,1288.534,1503.526
873f0b89-a563-4440-b7f6-bdb0d22dcd3f,2025-12-12_052743_5ac8852a-cea2-4a6b-82df-a6bf204255f8,0110,1288.275,1528.238
873f0b89-a563-4440-b7f6-bdb0d22dcd3f,2025-12-12_052743_5ac8852a-cea2-4a6b-82df-a6bf204255f8,0115,1289.088,1496.446
873f0b89-a563-4440-b7f6-bdb0d22dcd3f,2025-12-12_052743_5ac8852a-cea2-4a6b-82df-a6bf204255f8,0120,1289.662,1469.215
873f0b89-a563-4440-b7f6-bdb0d22dcd3f,2025-12-12_052743_5ac8852a-cea2-4a6b-82df-a6bf204255f8,0125,1288.614,1501.258
873f0b89-a563-4440-b7f6-bdb0d22dcd3f,2025-12-12_052743_5ac8852a-cea2-4a6b-82df-a6bf204255f8,0130,1289.015,1504.52
873f0b89-a563-4440-b7f6-bdb0d22dcd3f,2025-12-12_052743_5ac8852a-cea2-4a6b-82df-a6bf204255f8,0135,1289.535,1499.853
873f0b89-a563-4440-b7f6-bdb0d22dcd3f,2025-12-12_052743_5ac8852a-cea2-4a6b-82df-a6bf204255f8,0140,1290.097,1492.313
873f0b89-a563-4440-b7f6-bdb0d22dcd3f,2025-12-12_052743_5ac8852a-cea2-4a6b-82df-a6bf204255f8,0145,1288.378,1499.182
873f0b89-a563-4440-b7f6-bdb0d22dcd3f,2025-12-12_052743_5ac8852a-cea2-4a6b-82df-a6bf204255f8,0150,1289.438,1504.894
873f0b89-a563-4440-b7f6-bdb0d22dcd3f,2025-12-12_052743_5ac8852a-cea2-4a6b-82df-a6bf204255f8,0155,1288.075,1499.246
873f0b89-a563-4440-b7f6-bdb0d22dcd3f,2025-12-12_052743_5ac8852a-cea2-4a6b-82df-a6bf204255f8,0160,1288.595,1512.335
873f0b89-a563-4440-b7f6-bdb0d22dcd3f,2025-12-12_052743_5ac8852a-cea2-4a6b-82df-a6bf204255f8,0165,1288.563,1494.056
873f0b89-a563-4440-b7f6-bdb0d22dcd3f,2025-12-12_052743_5ac8852a-cea2-4a6b-82df-a6bf204255f8,0170,1290.964,1477.939
873f0b89-a563-4440-b7f6-bdb0d22dcd3f,2025-12-12_052743_5ac8852a-cea2-4a6b-82df-a6bf204255f8,0175,1288.876,1504.737
873f0b89-a563-4440-b7f6-bdb0d22dcd3f,2025-12-12_052743_5ac8852a-cea2-4a6b-82df-a6bf204255f8,0180,1289.721,1507.667
873f0b89-a563-4440-b7f6-bdb0d22dcd3f,2025-12-12_052743_5ac8852a-cea2-4a6b-82df-a6bf204255f8,0185,1290.271,1504.066
873f0b89-a563-4440-b7f6-bdb0d22dcd3f,2025-12-12_052743_5ac8852a-cea2-4a6b-82df-a6bf204255f8,0190,1289.296,1489.813
873f0b89-a563-4440-b7f6-bdb0d22dcd3f,2025-12-12_052743_5ac8852a-cea2-4a6b-82df-a6bf204255f8,0195,1290.014,1517.606
873f0b89-a563-4440-b7f6-bdb0d22dcd3f,2025-12-12_052743_5ac8852a-cea2-4a6b-82df-a6bf204255f8,0200,1290.198,1499.865
873f0b89-a563-4440-b7f6-bdb0d22dcd3f,2025-12-12_052743_5ac8852a-cea2-4a6b-82df-a6bf204255f8,0205,1287.688,1492.261
873f0b89-a563-4440-b7f6-bdb0d22dcd3f,2025-12-12_052743_5ac8852a-cea2-4a6b-82df-a6bf204255f8,0210,1290.323,1518.341
873f0b89-a563-4440-b7f6-bdb0d22dcd3f,2025-12-12_052743_5ac8852a-cea2-4a6b-82df-a6bf204255f8,0215,1288.454,1498.999
873f0b89-a563-4440-b7f6-bdb0d22dcd3f,2025-12-12_052743_5ac8852a-cea2-4a6b-82df-a6bf204255f8,0220,1289.672,1495.558
873f0b89-a563-4440-b7f6-bdb0d22dcd3f,2025-12-12_052743_5ac8852a-cea2-4a6b-82df-a6bf204255f8,0225,1289.921,1503.869
873f0b89-a563-4440-b7f6-bdb0d22dcd3f,2025-12-12_052743_5ac8852a-cea2-4a6b-82df-a6bf204255f8,0230,1288.448,1503.483
873f0b89-a563-4440-b7f6-bdb0d22dcd3f,2025-12-12_052743_5ac8852a-cea2-4a6b-82df-a6bf204255f8,0235,1289.393,1501.619
873f0b89-a563-4440-b7f6-bdb0d22dcd3f,2025-12-12_052743_5ac8852a-cea2-4a6b-82df-a6bf204255f8,0240,1289.477,1497.463
873f0b89-a563-4440-b7f6-bdb0d22dcd3f,2025-12-12_052743_5ac8852a-cea2-4a6b-82df-a6bf204255f8,0245,1289.521,1506.159
873f0b89-a563-4440-b7f6-bdb0d22dcd3f,2025-12-12_052743_5ac8852a-cea2-4a6b-82df-a6bf204255f8,0250,1289.431,1497.407
873f0b89-a563-4440-b7f6-bdb0d22dcd3f,2025-12-12_052743_5ac8852a-cea2-4a6b-82df-a6bf204255f8,0255,1289.932,1489.947
873f0b89-a563-4440-b7f6-bdb0d22dcd3f,2025-12-12_052743_5ac8852a-cea2-4a6b-82df-a6bf204255f8,0260,1288.331,1497.034
873f0b89-a563-4440-b7f6-bdb0d22dcd3f,2025-12-12_052743_5ac8852a-cea2-4a6b-82df-a6bf204255f8,0265,1288.821,1506.973
873f0b89-a563-4440-b7f6-bdb0d22dcd3f,2025-12-12_052743_5ac8852a-cea2-4a6b-82df-a6bf204255f8,0270,1288.908,1474.598
873f0b89-a563-4440-b7f6-bdb0d22dcd3f,2025-12-12_052743_5ac8852a-cea2-4a6b-82df-a6bf204255f8,0275,1288.822,1515.59
873f0b89-a563-4440-b7f6-bdb0d22dcd3f,2025-12-12_052743_5ac8852a-cea2-4a6b-82df-a6bf204255f8,0280,1288.346,1521.924
873f0b89-a563-4440-b7f6-bdb0d22dcd3f,2025-12-12_052743_5ac8852a-cea2-4a6b-82df-a6bf204255f8,0285,1288.234,1484.636
873f0b89-a563-4440-b7f6-bdb0d22dcd3f,2025-12-12_052743_5ac8852a-cea2-4a6b-82df-a6bf204255f8,0290,1289.539,1508.746
873f0b89-a563-4440-b7f6-bdb0d22dcd3f,2025-12-12_052743_5ac8852a-cea2-4a6b-82df-a6bf204255f8,0295,1288.203,1498.311
873f0b89-a563-4440-b7f6-bdb0d22dcd3f,2025-12-12_052743_5ac8852a-cea2-4a6b-82df-a6bf204255f8,0300,1289.215,1508.047
873f0b89-a563-4440-b7f6-bdb0d22dcd3f,2025-12-12_052743_5ac8852a-cea2-4a6b-82df-a6bf204255f8,0305,1287.915,1501.205
873f0b89-a563-4440-b7f6-bdb0d22dcd3f,2025-12-12_052743_5ac8852a-cea2-4a6b-82df-a6bf204255f8,0310,1288.87,1494.405
873f0b89-a563-4440-b7f6-bdb0d22dcd3f,2025-12-12_052743_5ac8852a-cea2-4a6b-82df-a6bf204255f8,0315,1288.674,1500.033
873f0b89-a563-4440-b7f6-bdb0d22dcd3f,2025-12-12_052743_5ac8852a-cea2-4a6b-82df-a6bf204255f8,0320,1291.373,1483.57
873f0b89-a563-4440-b7f6-bdb0d22dcd3f,2025-12-12_052743_5ac8852a-cea2-4a6b-82df-a6bf204255f8,0325,1290.744,1523.501
873f0b89-a563-4440-b7f6-bdb0d22dcd3f,2025-12-12_052743_5ac8852a-cea2-4a6b-82df-a6bf204255f8,0330,1289.013,1529.897
873f0b89-a563-4440-b7f6-bdb0d22dcd3f,2025-12-12_052743_5ac8852a-cea2-4a6b-82df-a6bf204255f8,0335,1289.218,1506.2
873f0b89-a563-4440-b7f6-bdb0d22dcd3f,2025-12-12_052743_5ac8852a-cea2-4a6b-82df-a6bf204255f8,0340,1288.697,1504.522
873f0b89-a563-4440-b7f6-bdb0d22dcd3f,2025-12-12_052743_5ac8852a-cea2-4a6b-82df-a6bf204255f8,0345,1288.154,1530.974
873f0b89-a563-4440-b7f6-bdb0d22dcd3f,2025-12-12_052743_5ac8852a-cea2-4a6b-82df-a6bf204255f8,0350,1288.12,1507.546
873f0b89-a563-4440-b7f6-bdb0d22dcd3f,2025-12-12_052743_5ac8852a-cea2-4a6b-82df-a6bf204255f8,0355,1288.192,1504.681
873f0b89-a563-4440-b7f6-bdb0d22dcd3f,2025-12-12_052743_5ac8852a-cea2-4a6b-82df-a6bf204255f8,0360,1289.004,1487.867
873f0b89-a563-4440-b7f6-bdb0d22dcd3f,2025-12-12_052743_5ac8852a-cea2-4a6b-82df-a6bf204255f8,0365,1289.31,1508.554
873f0b89-a563-4440-b7f6-bdb0d22dcd3f,2025-12-12_052743_5ac8852a-cea2-4a6b-82df-a6bf204255f8,0370,1288.587,1518.364
873f0b89-a563-4440-b7f6-bdb0d22dcd3f,2025-12-12_052743_5ac8852a-cea2-4a6b-82df-a6bf204255f8,0375,1291.279,1506.264
873f0b89-a563-4440-b7f6-bdb0d22dcd3f,2025-12-12_052743_5ac8852a-cea2-4a6b-82df-a6bf204255f8,0380,1292.008,1543.666
873f0b89-a563-4440-b7f6-bdb0d22dcd3f,2025-12-12_052743_5ac8852a-cea2-4a6b-82df-a6bf204255f8,0385,1291.675,1500.352
873f0b89-a563-4440-b7f6-bdb0d22dcd3f,2025-12-12_052743_5ac8852a-cea2-4a6b-82df-a6bf204255f8,0390,1290.864,1623.302
873f0b89-a563-4440-b7f6-bdb0d22dcd3f,2025-12-12_052743_5ac8852a-cea2-4a6b-82df-a6bf204255f8,0395,1290.186,1482.229
873f0b89-a563-4440-b7f6-bdb0d22dcd3f,2025-12-12_052743_5ac8852a-cea2-4a6b-82df-a6bf204255f8,0400,1288.15,1498.911
873f0b89-a563-4440-b7f6-bdb0d22dcd3f,2025-12-12_052743_5ac8852a-cea2-4a6b-82df-a6bf204255f8,0405,1288.335,1519.77
873f0b89-a563-4440-b7f6-bdb0d22dcd3f,2025-12-12_052743_5ac8852a-cea2-4a6b-82df-a6bf204255f8,0410,1289.487,1517.24
873f0b89-a563-4440-b7f6-bdb0d22dcd3f,2025-12-12_052743_5ac8852a-cea2-4a6b-82df-a6bf204255f8,0415,1289.823,1506.523
873f0b89-a563-4440-b7f6-bdb0d22dcd3f,2025-12-12_052743_5ac8852a-cea2-4a6b-82df-a6bf204255f8,0420,1289.601,1516.863
873f0b89-a563-4440-b7f6-bdb0d22dcd3f,2025-12-12_052743_5ac8852a-cea2-4a6b-82df-a6bf204255f8,0425,1290.427,1523.406
873f0b89-a563-4440-b7f6-bdb0d22dcd3f,2025-12-12_052743_5ac8852a-cea2-4a6b-82df-a6bf204255f8,0430,1289.49,1474.346
873f0b89-a563-4440-b7f6-bdb0d22dcd3f,2025-12-12_052743_5ac8852a-cea2-4a6b-82df-a6bf204255f8,0435,1289.922,1498.747
873f0b89-a563-4440-b7f6-bdb0d22dcd3f,2025-12-12_052743_5ac8852a-cea2-4a6b-82df-a6bf204255f8,0440,1289.026,1484.24
873f0b89-a563-4440-b7f6-bdb0d22dcd3f,2025-12-12_052743_5ac8852a-cea2-4a6b-82df-a6bf204255f8,0445,1288.386,1503.81
873f0b89-a563-4440-b7f6-bdb0d22dcd3f,2025-12-12_052743_5ac8852a-cea2-4a6b-82df-a6bf204255f8,0450,1289.435,1506.919
873f0b89-a563-4440-b7f6-bdb0d22dcd3f,2025-12-12_052743_5ac8852a-cea2-4a6b-82df-a6bf204255f8,0455,1289.716,1530.3
873f0b89-a563-4440-b7f6-bdb0d22dcd3f,2025-12-12_052743_5ac8852a-cea2-4a6b-82df-a6bf204255f8,0460,1289.582,1474.341
873f0b89-a563-4440-b7f6-bdb0d22dcd3f,2025-12-12_052743_5ac8852a-cea2-4a6b-82df-a6bf204255f8,0465,1288.969,1510.692
873f0b89-a563-4440-b7f6-bdb0d22dcd3f,2025-12-12_052743_5ac8852a-cea2-4a6b-82df-a6bf204255f8,0470,1289.746,1512.712
873f0b89-a563-4440-b7f6-bdb0d22dcd3f,2025-12-12_052743_5ac8852a-cea2-4a6b-82df-a6bf204255f8,0475,1288.77,1516.571
873f0b89-a563-4440-b7f6-bdb0d22dcd3f,2025-12-12_052743_5ac8852a-cea2-4a6b-82df-a6bf204255f8,0480,1287.538,1477.13
873f0b89-a563-4440-b7f6-bdb0d22dcd3f,2025-12-12_052743_5ac8852a-cea2-4a6b-82df-a6bf204255f8,0485,1289.702,1496.87
873f0b89-a563-4440-b7f6-bdb0d22dcd3f,2025-12-12_052743_5ac8852a-cea2-4a6b-82df-a6bf204255f8,0490,1289.029,1473.558
873f0b89-a563-4440-b7f6-bdb0d22dcd3f,2025-12-12_052743_5ac8852a-cea2-4a6b-82df-a6bf204255f8,0495,1289.095,1501.392
873f0b89-a563-4440-b7f6-bdb0d22dcd3f,2025-12-12_052743_5ac8852a-cea2-4a6b-82df-a6bf204255f8,0500,1290.711,1493.419
873f0b89-a563-4440-b7f6-bdb0d22dcd3f,2025-12-12_052743_5ac8852a-cea2-4a6b-82df-a6bf204255f8,0505,1289.659,1520.515
873f0b89-a563-4440-b7f6-bdb0d22dcd3f,2025-12-12_052743_5ac8852a-cea2-4a6b-82df-a6bf204255f8,0510,1288.272,1504.519
873f0b89-a563-4440-b7f6-bdb0d22dcd3f,2025-12-12_052743_5ac8852a-cea2-4a6b-82df-a6bf204255f8,0515,1287.668,1487.635
873f0b89-a563-4440-b7f6-bdb0d22dcd3f,2025-12-12_052743_5ac8852a-cea2-4a6b-82df-a6bf204255f8,0520,1289.076,1488.656
873f0b89-a563-4440-b7f6-bdb0d22dcd3f,2025-12-12_052743_5ac8852a-cea2-4a6b-82df-a6bf204255f8,0525,1288.534,1505.074
873f0b89-a563-4440-b7f6-bdb0d22dcd3f,2025-12-12_052743_5ac8852a-cea2-4a6b-82df-a6bf204255f8,0530,1288.373,1524.161
873f0b89-a563-4440-b7f6-bdb0d22dcd3f,2025-12-12_052743_5ac8852a-cea2-4a6b-82df-a6bf204255f8,0535,1290.734,1506.602
bbb7ed0c-3adc-4d61-a73b-eeddeecea29d,2025-12-15_003847_ba96a697-e0b8-40e4-bf84-825d6a982050,0005,1289.12,1505.832
bbb7ed0c-3adc-4d61-a73b-eeddeecea29d,2025-12-15_003847_ba96a697-e0b8-40e4-bf84-825d6a982050,0010,1289.322,1513.178
bbb7ed0c-3adc-4d61-a73b-eeddeecea29d,2025-12-15_003847_ba96a697-e0b8-40e4-bf84-825d6a982050,0015,1289.969,1521.106
bbb7ed0c-3adc-4d61-a73b-eeddeecea29d,2025-12-15_003847_ba96a697-e0b8-40e4-bf84-825d6a982050,0020,1289.609,1507.653
bbb7ed0c-3adc-4d61-a73b-eeddeecea29d,2025-12-15_003847_ba96a697-e0b8-40e4-bf84-825d6a982050,0025,1289.164,1510.121
bbb7ed0c-3adc-4d61-a73b-eeddeecea29d,2025-12-15_003847_ba96a697-e0b8-40e4-bf84-825d6a982050,0030,1289.432,1504.436
bbb7ed0c-3adc-4d61-a73b-eeddeecea29d,2025-12-15_003847_ba96a697-e0b8-40e4-bf84-825d6a982050,0035,1289.427,1501.594
bbb7ed0c-3adc-4d61-a73b-eeddeecea29d,2025-12-15_003847_ba96a697-e0b8-40e4-bf84-825d6a982050,0040,1288.985,1508.182
bbb7ed0c-3adc-4d61-a73b-eeddeecea29d,2025-12-15_003847_ba96a697-e0b8-40e4-bf84-825d6a982050,0045,1289.592,1500.64
bbb7ed0c-3adc-4d61-a73b-eeddeecea29d,2025-12-15_003847_ba96a697-e0b8-40e4-bf84-825d6a982050,0050,1289.82,1514.914
bbb7ed0c-3adc-4d61-a73b-eeddeecea29d,2025-12-15_003847_ba96a697-e0b8-40e4-bf84-825d6a982050,0055,1290.198,1503.24
bbb7ed0c-3adc-4d61-a73b-eeddeecea29d,2025-12-15_003847_ba96a697-e0b8-40e4-bf84-825d6a982050,0060,1288.909,1521.212
bbb7ed0c-3adc-4d61-a73b-eeddeecea29d,2025-12-15_003847_ba96a697-e0b8-40e4-bf84-825d6a982050,0065,1289.452,1498.743
bbb7ed0c-3adc-4d61-a73b-eeddeecea29d,2025-12-15_003847_ba96a697-e0b8-40e4-bf84-825d6a982050,0070,1290.638,1504.446
bbb7ed0c-3adc-4d61-a73b-eeddeecea29d,2025-12-15_003847_ba96a697-e0b8-40e4-bf84-825d6a982050,0075,1288.97,1506.368
bbb7ed0c-3adc-4d61-a73b-eeddeecea29d,2025-12-15_003847_ba96a697-e0b8-40e4-bf84-825d6a982050,0080,1290.913,1505.429
bbb7ed0c-3adc-4d61-a73b-eeddeecea29d,2025-12-15_003847_ba96a697-e0b8-40e4-bf84-825d6a982050,0085,1288.287,1509.773
bbb7ed0c-3adc-4d61-a73b-eeddeecea29d,2025-12-15_003847_ba96a697-e0b8-40e4-bf84-825d6a982050,0090,1291.149,1525.581
bbb7ed0c-3adc-4d61-a73b-eeddeecea29d,2025-12-15_003847_ba96a697-e0b8-40e4-bf84-825d6a982050,0095,1288.894,1521.801
bbb7ed0c-3adc-4d61-a73b-eeddeecea29d,2025-12-15_003847_ba96a697-e0b8-40e4-bf84-825d6a982050,0100,1289.385,1499.243
bbb7ed0c-3adc-4d61-a73b-eeddeecea29d,2025-12-15_003847_ba96a697-e0b8-40e4-bf84-825d6a982050,0105,1289.198,1488.25
bbb7ed0c-3adc-4d61-a73b-eeddeecea29d,2025-12-15_003847_ba96a697-e0b8-40e4-bf84-825d6a982050,0110,1289.159,1494.422
bbb7ed0c-3adc-4d61-a73b-eeddeecea29d,2025-12-15_003847_ba96a697-e0b8-40e4-bf84-825d6a982050,0115,1288.794,1496.633
bbb7ed0c-3adc-4d61-a73b-eeddeecea29d,2025-12-15_003847_ba96a697-e0b8-40e4-bf84-825d6a982050,0120,1288.719,1504.901
bbb7ed0c-3adc-4d61-a73b-eeddeecea29d,2025-12-15_003847_ba96a697-e0b8-40e4-bf84-825d6a982050,0125,1288.411,1496.528
bbb7ed0c-3adc-4d61-a73b-eeddeecea29d,2025-12-15_003847_ba96a697-e0b8-40e4-bf84-825d6a982050,0130,1289.474,1505.029
bbb7ed0c-3adc-4d61-a73b-eeddeecea29d,2025-12-15_003847_ba96a697-e0b8-40e4-bf84-825d6a982050,0135,1288.658,1506.734
bbb7ed0c-3adc-4d61-a73b-eeddeecea29d,2025-12-15_003847_ba96a697-e0b8-40e4-bf84-825d6a982050,0140,1289.059,1470.283
bbb7ed0c-3adc-4d61-a73b-eeddeecea29d,2025-12-15_003847_ba96a697-e0b8-40e4-bf84-825d6a982050,0145,1289.005,1496.808
bbb7ed0c-3adc-4d61-a73b-eeddeecea29d,2025-12-15_003847_ba96a697-e0b8-40e4-bf84-825d6a982050,0150,1289.767,1500.827
bbb7ed0c-3adc-4d61-a73b-eeddeecea29d,2025-12-15_003847_ba96a697-e0b8-40e4-bf84-825d6a982050,0155,1288.936,1497.836
bbb7ed0c-3adc-4d61-a73b-eeddeecea29d,2025-12-15_003847_ba96a697-e0b8-40e4-bf84-825d6a982050,0160,1289.338,1495.697
bbb7ed0c-3adc-4d61-a73b-eeddeecea29d,2025-12-15_003847_ba96a697-e0b8-40e4-bf84-825d6a982050,0165,1289.351,1497.909
bbb7ed0c-3adc-4d61-a73b-eeddeecea29d,2025-12-15_003847_ba96a697-e0b8-40e4-bf84-825d6a982050,0170,1290.181,1507.988
bbb7ed0c-3adc-4d61-a73b-eeddeecea29d,2025-12-15_003847_ba96a697-e0b8-40e4-bf84-825d6a982050,0175,1288.801,1495.3
bbb7ed0c-3adc-4d61-a73b-eeddeecea29d,2025-12-15_003847_ba96a697-e0b8-40e4-bf84-825d6a982050,0180,1289.685,1504.281
bbb7ed0c-3adc-4d61-a73b-eeddeecea29d,2025-12-15_003847_ba96a697-e0b8-40e4-bf84-825d6a982050,0185,1289.35,1517.687
bbb7ed0c-3adc-4d61-a73b-eeddeecea29d,2025-12-15_003847_ba96a697-e0b8-40e4-bf84-825d6a982050,0190,1290.548,1522.971
bbb7ed0c-3adc-4d61-a73b-eeddeecea29d,2025-12-15_003847_ba96a697-e0b8-40e4-bf84-825d6a982050,0195,1290.588,1509.213
bbb7ed0c-3adc-4d61-a73b-eeddeecea29d,2025-12-15_003847_ba96a697-e0b8-40e4-bf84-825d6a982050,0200,1289.471,1503.218
bbb7ed0c-3adc-4d61-a73b-eeddeecea29d,2025-12-15_003847_ba96a697-e0b8-40e4-bf84-825d6a982050,0205,1289.693,1503.2
bbb7ed0c-3adc-4d61-a73b-eeddeecea29d,2025-12-15_003847_ba96a697-e0b8-40e4-bf84-825d6a982050,0210,1289.863,1498.534
bbb7ed0c-3adc-4d61-a73b-eeddeecea29d,2025-12-15_003847_ba96a697-e0b8-40e4-bf84-825d6a982050,0215,1290.12,1508.917
bbb7ed0c-3adc-4d61-a73b-eeddeecea29d,2025-12-15_003847_ba96a697-e0b8-40e4-bf84-825d6a982050,0220,1290.028,1506.651
bbb7ed0c-3adc-4d61-a73b-eeddeecea29d,2025-12-15_003847_ba96a697-e0b8-40e4-bf84-825d6a982050,0225,1288.704,1491.24
bbb7ed0c-3adc-4d61-a73b-eeddeecea29d,2025-12-15_003847_ba96a697-e0b8-40e4-bf84-825d6a982050,0230,1292.5,1527.32
bbb7ed0c-3adc-4d61-a73b-eeddeecea29d,2025-12-15_003847_ba96a697-e0b8-40e4-bf84-825d6a982050,0235,1288.166,1491.588
bbb7ed0c-3adc-4d61-a73b-eeddeecea29d,2025-12-15_003847_ba96a697-e0b8-40e4-bf84-825d6a982050,0240,1289.334,1506.31
bbb7ed0c-3adc-4d61-a73b-eeddeecea29d,2025-12-15_003847_ba96a697-e0b8-40e4-bf84-825d6a982050,0245,1289.123,1511.705
bbb7ed0c-3adc-4d61-a73b-eeddeecea29d,2025-12-15_003847_ba96a697-e0b8-40e4-bf84-825d6a982050,0250,1288.19,1519.558
bbb7ed0c-3adc-4d61-a73b-eeddeecea29d,2025-12-15_003847_ba96a697-e0b8-40e4-bf84-825d6a982050,0255,1289.464,1520.586
bbb7ed0c-3adc-4d61-a73b-eeddeecea29d,2025-12-15_003847_ba96a697-e0b8-40e4-bf84-825d6a982050,0260,1288.306,1515.871
bbb7ed0c-3adc-4d61-a73b-eeddeecea29d,2025-12-15_003847_ba96a697-e0b8-40e4-bf84-825d6a982050,0265,1289.219,1518.066
bbb7ed0c-3adc-4d61-a73b-eeddeecea29d,2025-12-15_003847_ba96a697-e0b8-40e4-bf84-825d6a982050,0270,1289.471,1525.985
bbb7ed0c-3adc-4d61-a73b-eeddeecea29d,2025-12-15_003847_ba96a697-e0b8-40e4-bf84-825d6a982050,0275,1290.091,1492.614
bbb7ed0c-3adc-4d61-a73b-eeddeecea29d,2025-12-15_003847_ba96a697-e0b8-40e4-bf84-825d6a982050,0280,1289.313,1524.716
bbb7ed0c-3adc-4d61-a73b-eeddeecea29d,2025-12-15_003847_ba96a697-e0b8-40e4-bf84-825d6a982050,0285,1289.481,1519.809
bbb7ed0c-3adc-4d61-a73b-eeddeecea29d,2025-12-15_003847_ba96a697-e0b8-40e4-bf84-825d6a982050,0290,1289.5,1513.027
bbb7ed0c-3adc-4d61-a73b-eeddeecea29d,2025-12-15_003847_ba96a697-e0b8-40e4-bf84-825d6a982050,0295,1289.445,1502.322
bbb7ed0c-3adc-4d61-a73b-eeddeecea29d,2025-12-15_003847_ba96a697-e0b8-40e4-bf84-825d6a982050,0300,1289.539,1506.135
bbb7ed0c-3adc-4d61-a73b-eeddeecea29d,2025-12-15_003847_ba96a697-e0b8-40e4-bf84-825d6a982050,0305,1290.58,1504.761
bbb7ed0c-3adc-4d61-a73b-eeddeecea29d,2025-12-15_003847_ba96a697-e0b8-40e4-bf84-825d6a982050,0310,1290.876,1496.633
bbb7ed0c-3adc-4d61-a73b-eeddeecea29d,2025-12-15_003847_ba96a697-e0b8-40e4-bf84-825d6a982050,0315,1290.885,1524.737
bbb7ed0c-3adc-4d61-a73b-eeddeecea29d,2025-12-15_003847_ba96a697-e0b8-40e4-bf84-825d6a982050,0320,1289.453,1533.692
bbb7ed0c-3adc-4d61-a73b-eeddeecea29d,2025-12-15_003847_ba96a697-e0b8-40e4-bf84-825d6a982050,0325,1289.801,1490.958
bbb7ed0c-3adc-4d61-a73b-eeddeecea29d,2025-12-15_003847_ba96a697-e0b8-40e4-bf84-825d6a982050,0330,1289.492,1487.091
bbb7ed0c-3adc-4d61-a73b-eeddeecea29d,2025-12-15_003847_ba96a697-e0b8-40e4-bf84-825d6a982050,0335,1289.292,1509.346
bbb7ed0c-3adc-4d61-a73b-eeddeecea29d,2025-12-15_003847_ba96a697-e0b8-40e4-bf84-825d6a982050,0340,1289.199,1502.014
bbb7ed0c-3adc-4d61-a73b-eeddeecea29d,2025-12-15_003847_ba96a697-e0b8-40e4-bf84-825d6a982050,0345,1290.219,1499.465
bbb7ed0c-3adc-4d61-a73b-eeddeecea29d,2025-12-15_003847_ba96a697-e0b8-40e4-bf84-825d6a982050,0350,1289.706,1514.278
bbb7ed0c-3adc-4d61-a73b-eeddeecea29d,2025-12-15_003847_ba96a697-e0b8-40e4-bf84-825d6a982050,0355,1290.129,1524.811
bbb7ed0c-3adc-4d61-a73b-eeddeecea29d,2025-12-15_003847_ba96a697-e0b8-40e4-bf84-825d6a982050,0360,1288.663,1503.173
bbb7ed0c-3adc-4d61-a73b-eeddeecea29d,2025-12-15_003847_ba96a697-e0b8-40e4-bf84-825d6a982050,0365,1290.205,1497.252
bbb7ed0c-3adc-4d61-a73b-eeddeecea29d,2025-12-15_003847_ba96a697-e0b8-40e4-bf84-825d6a982050,0370,1290.889,1469.723
bbb7ed0c-3adc-4d61-a73b-eeddeecea29d,2025-12-15_003847_ba96a697-e0b8-40e4-bf84-825d6a982050,0375,1288.459,1516.782
bbb7ed0c-3adc-4d61-a73b-eeddeecea29d,2025-12-15_003847_ba96a697-e0b8-40e4-bf84-825d6a982050,0380,1289.202,1483.708
bbb7ed0c-3adc-4d61-a73b-eeddeecea29d,2025-12-15_003847_ba96a697-e0b8-40e4-bf84-825d6a982050,0385,1290.007,1500.48
bbb7ed0c-3adc-4d61-a73b-eeddeecea29d,2025-12-15_003847_ba96a697-e0b8-40e4-bf84-825d6a982050,0390,1292.821,1517.508
bbb7ed0c-3adc-4d61-a73b-eeddeecea29d,2025-12-15_003847_ba96a697-e0b8-40e4-bf84-825d6a982050,0395,1288.562,1517.144
bbb7ed0c-3adc-4d61-a73b-eeddeecea29d,2025-12-15_003847_ba96a697-e0b8-40e4-bf84-825d6a982050,0400,1288.309,1468.929
bbb7ed0c-3adc-4d61-a73b-eeddeecea29d,2025-12-15_003847_ba96a697-e0b8-40e4-bf84-825d6a982050,0405,1288.269,1506.744
bbb7ed0c-3adc-4d61-a73b-eeddeecea29d,2025-12-15_003847_ba96a697-e0b8-40e4-bf84-825d6a982050,0410,1289.346,1482.129
bbb7ed0c-3adc-4d61-a73b-eeddeecea29d,2025-12-15_003847_ba96a697-e0b8-40e4-bf84-825d6a982050,0415,1289.466,1535.169
bbb7ed0c-3adc-4d61-a73b-eeddeecea29d,2025-12-15_003847_ba96a697-e0b8-40e4-bf84-825d6a982050,0420,1288.665,1511.577
bbb7ed0c-3adc-4d61-a73b-eeddeecea29d,2025-12-15_003847_ba96a697-e0b8-40e4-bf84-825d6a982050,0425,1291.552,1510.42
bbb7ed0c-3adc-4d61-a73b-eeddeecea29d,2025-12-15_003847_ba96a697-e0b8-40e4-bf84-825d6a982050,0430,1289.837,1492.984
bbb7ed0c-3adc-4d61-a73b-eeddeecea29d,2025-12-15_003847_ba96a697-e0b8-40e4-bf84-825d6a982050,0435,1288.044,1493.532
bbb7ed0c-3adc-4d61-a73b-eeddeecea29d,2025-12-15_003847_ba96a697-e0b8-40e4-bf84-825d6a982050,0440,1288.693,1473.944
bbb7ed0c-3adc-4d61-a73b-eeddeecea29d,2025-12-15_003847_ba96a697-e0b8-40e4-bf84-825d6a982050,0445,1289.029,1496.102
bbb7ed0c-3adc-4d61-a73b-eeddeecea29d,2025-12-15_003847_ba96a697-e0b8-40e4-bf84-825d6a982050,0450,1289.188,1500.418
bbb7ed0c-3adc-4d61-a73b-eeddeecea29d,2025-12-15_003847_ba96a697-e0b8-40e4-bf84-825d6a982050,0455,1289.317,1516.368
bbb7ed0c-3adc-4d61-a73b-eeddeecea29d,2025-12-15_003847_ba96a697-e0b8-40e4-bf84-825d6a982050,0460,1291.308,1512.745
bbb7ed0c-3adc-4d61-a73b-eeddeecea29d,2025-12-15_003847_ba96a697-e0b8-40e4-bf84-825d6a982050,0465,1288.956,1504.245
bbb7ed0c-3adc-4d61-a73b-eeddeecea29d,2025-12-15_003847_ba96a697-e0b8-40e4-bf84-825d6a982050,0470,1289.314,1491.321
bbb7ed0c-3adc-4d61-a73b-eeddeecea29d,2025-12-15_003847_ba96a697-e0b8-40e4-bf84-825d6a982050,0475,1290.711,1497.437
bbb7ed0c-3adc-4d61-a73b-eeddeecea29d,2025-12-15_003847_ba96a697-e0b8-40e4-bf84-825d6a982050,0480,1289.608,1470.209
bbb7ed0c-3adc-4d61-a73b-eeddeecea29d,2025-12-15_003847_ba96a697-e0b8-40e4-bf84-825d6a982050,0485,1289.857,1497.77
bbb7ed0c-3adc-4d61-a73b-eeddeecea29d,2025-12-15_003847_ba96a697-e0b8-40e4-bf84-825d6a982050,0490,1289.591,1510.022
bbb7ed0c-3adc-4d61-a73b-eeddeecea29d,2025-12-15_003847_ba96a697-e0b8-40e4-bf84-825d6a982050,0495,1288.837,1499.677
bbb7ed0c-3adc-4d61-a73b-eeddeecea29d,2025-12-15_003847_ba96a697-e0b8-40e4-bf84-825d6a982050,0500,1289.078,1493.299
bbb7ed0c-3adc-4d61-a73b-eeddeecea29d,2025-12-15_003847_ba96a697-e0b8-40e4-bf84-825d6a982050,0505,1289.23,1522.737
bbb7ed0c-3adc-4d61-a73b-eeddeecea29d,2025-12-15_003847_ba96a697-e0b8-40e4-bf84-825d6a982050,0510,1289.778,1484.175
bbb7ed0c-3adc-4d61-a73b-eeddeecea29d,2025-12-15_003847_ba96a697-e0b8-40e4-bf84-825d6a982050,0515,1289.042,1478.34
bbb7ed0c-3adc-4d61-a73b-eeddeecea29d,2025-12-15_003847_ba96a697-e0b8-40e4-bf84-825d6a982050,0520,1289.272,1493.678
bbb7ed0c-3adc-4d61-a73b-eeddeecea29d,2025-12-15_003847_ba96a697-e0b8-40e4-bf84-825d6a982050,0525,1288.716,1508.575
bbb7ed0c-3adc-4d61-a73b-eeddeecea29d,2025-12-15_003847_ba96a697-e0b8-40e4-bf84-825d6a982050,0530,1290.603,1487.205
bbb7ed0c-3adc-4d61-a73b-eeddeecea29d,2025-12-15_003847_ba96a697-e0b8-40e4-bf84-825d6a982050,0535,1290.245,1497.482
bbb7ed0c-3adc-4d61-a73b-eeddeecea29d,2025-12-15_003847_ba96a697-e0b8-40e4-bf84-825d6a982050,0540,1289.894,1487.811
bbb7ed0c-3adc-4d61-a73b-eeddeecea29d,2025-12-15_003847_ba96a697-e0b8-40e4-bf84-825d6a982050,0545,1289.281,1505.402
bbb7ed0c-3adc-4d61-a73b-eeddeecea29d,2025-12-15_003847_ba96a697-e0b8-40e4-bf84-825d6a982050,0550,1289.036,1487.16
bbb7ed0c-3adc-4d61-a73b-eeddeecea29d,2025-12-15_003847_ba96a697-e0b8-40e4-bf84-825d6a982050,0555,1288.827,1510.013
bbb7ed0c-3adc-4d61-a73b-eeddeecea29d,2025-12-15_003847_ba96a697-e0b8-40e4-bf84-825d6a982050,0560,1289.436,1491.352
bbb7ed0c-3adc-4d61-a73b-eeddeecea29d,2025-12-15_003847_ba96a697-e0b8-40e4-bf84-825d6a982050,0565,1289.644,1513.834
bbb7ed0c-3adc-4d61-a73b-eeddeecea29d,2025-12-15_003847_ba96a697-e0b8-40e4-bf84-825d6a982050,0570,1289.483,1508.55
bbb7ed0c-3adc-4d61-a73b-eeddeecea29d,2025-12-15_003847_ba96a697-e0b8-40e4-bf84-825d6a982050,0575,1288.877,1504.332
bbb7ed0c-3adc-4d61-a73b-eeddeecea29d,2025-12-15_003847_ba96a697-e0b8-40e4-bf84-825d6a982050,0580,1288.922,1500.518
bbb7ed0c-3adc-4d61-a73b-eeddeecea29d,2025-12-15_003847_ba96a697-e0b8-40e4-bf84-825d6a982050,0585,1289.579,1497.992
bbb7ed0c-3adc-4d61-a73b-eeddeecea29d,2025-12-15_003847_ba96a697-e0b8-40e4-bf84-825d6a982050,0590,1289.01,1486.618
bbb7ed0c-3adc-4d61-a73b-eeddeecea29d,2025-12-15_003847_ba96a697-e0b8-40e4-bf84-825d6a982050,0595,1288.62,1493.061
bbb7ed0c-3adc-4d61-a73b-eeddeecea29d,2025-12-15_003847_ba96a697-e0b8-40e4-bf84-825d6a982050,0600,1290.262,1488.231
bbb7ed0c-3adc-4d61-a73b-eeddeecea29d,2025-12-15_003847_ba96a697-e0b8-40e4-bf84-825d6a982050,0605,1288.989,1512.178
bbb7ed0c-3adc-4d61-a73b-eeddeecea29d,2025-12-15_003847_ba96a697-e0b8-40e4-bf84-825d6a982050,0610,1288.69,1493.883
bbb7ed0c-3adc-4d61-a73b-eeddeecea29d,2025-12-15_003847_ba96a697-e0b8-40e4-bf84-825d6a982050,0615,1290.148,1495.982
bbb7ed0c-3adc-4d61-a73b-eeddeecea29d,2025-12-15_003847_ba96a697-e0b8-40e4-bf84-825d6a982050,0620,1289.776,1491.969
bbb7ed0c-3adc-4d61-a73b-eeddeecea29d,2025-12-15_003847_ba96a697-e0b8-40e4-bf84-825d6a982050,0625,1288.727,1507.878
23af9a66-08d4-447b-8cbc-38dd24f6192e,2025-12-15_021127_5d803b23-52a5-4815-9fb1-988e6b759959,0005,1289.544,1500.165
23af9a66-08d4-447b-8cbc-38dd24f6192e,2025-12-15_021127_5d803b23-52a5-4815-9fb1-988e6b759959,0010,1288.398,1497.836
23af9a66-08d4-447b-8cbc-38dd24f6192e,2025-12-15_021127_5d803b23-52a5-4815-9fb1-988e6b759959,0015,1289.776,1516.877
23af9a66-08d4-447b-8cbc-38dd24f6192e,2025-12-15_021127_5d803b23-52a5-4815-9fb1-988e6b759959,0020,1290.185,1524.455
23af9a66-08d4-447b-8cbc-38dd24f6192e,2025-12-15_021127_5d803b23-52a5-4815-9fb1-988e6b759959,0025,1289.435,1529.739
23af9a66-08d4-447b-8cbc-38dd24f6192e,2025-12-15_021127_5d803b23-52a5-4815-9fb1-988e6b759959,0030,1288.778,1497.367
23af9a66-08d4-447b-8cbc-38dd24f6192e,2025-12-15_021127_5d803b23-52a5-4815-9fb1-988e6b759959,0035,1288.806,1498.056
23af9a66-08d4-447b-8cbc-38dd24f6192e,2025-12-15_021127_5d803b23-52a5-4815-9fb1-988e6b759959,0040,1288.522,1469.416
23af9a66-08d4-447b-8cbc-38dd24f6192e,2025-12-15_021127_5d803b23-52a5-4815-9fb1-988e6b759959,0045,1289.108,1473.928
23af9a66-08d4-447b-8cbc-38dd24f6192e,2025-12-15_021127_5d803b23-52a5-4815-9fb1-988e6b759959,0050,1289.709,1509.198
23af9a66-08d4-447b-8cbc-38dd24f6192e,2025-12-15_021127_5d803b23-52a5-4815-9fb1-988e6b759959,0055,1288.831,1476.465
23af9a66-08d4-447b-8cbc-38dd24f6192e,2025-12-15_021127_5d803b23-52a5-4815-9fb1-988e6b759959,0060,1287.687,1496.487
23af9a66-08d4-447b-8cbc-38dd24f6192e,2025-12-15_021127_5d803b23-52a5-4815-9fb1-988e6b759959,0065,1287.907,1496.634
23af9a66-08d4-447b-8cbc-38dd24f6192e,2025-12-15_021127_5d803b23-52a5-4815-9fb1-988e6b759959,0070,1288.479,1499.71
23af9a66-08d4-447b-8cbc-38dd24f6192e,2025-12-15_021127_5d803b23-52a5-4815-9fb1-988e6b759959,0075,1288.564,1494.94
23af9a66-08d4-447b-8cbc-38dd24f6192e,2025-12-15_021127_5d803b23-52a5-4815-9fb1-988e6b759959,0080,1287.665,1514.54
23af9a66-08d4-447b-8cbc-38dd24f6192e,2025-12-15_021127_5d803b23-52a5-4815-9fb1-988e6b759959,0085,1289.129,1492.118
23af9a66-08d4-447b-8cbc-38dd24f6192e,2025-12-15_021127_5d803b23-52a5-4815-9fb1-988e6b759959,0090,1289.231,1489.925
23af9a66-08d4-447b-8cbc-38dd24f6192e,2025-12-15_021127_5d803b23-52a5-4815-9fb1-988e6b759959,0095,1287.772,1496.126
23af9a66-08d4-447b-8cbc-38dd24f6192e,2025-12-15_021127_5d803b23-52a5-4815-9fb1-988e6b759959,0100,1287.797,1500.881
23af9a66-08d4-447b-8cbc-38dd24f6192e,2025-12-15_021127_5d803b23-52a5-4815-9fb1-988e6b759959,0105,1289.55,1507.04
23af9a66-08d4-447b-8cbc-38dd24f6192e,2025-12-15_021127_5d803b23-52a5-4815-9fb1-988e6b759959,0110,1288.943,1502.235
23af9a66-08d4-447b-8cbc-38dd24f6192e,2025-12-15_021127_5d803b23-52a5-4815-9fb1-988e6b759959,0115,1288.651,1518.138
23af9a66-08d4-447b-8cbc-38dd24f6192e,2025-12-15_021127_5d803b23-52a5-4815-9fb1-988e6b759959,0120,1288.527,1522.164
23af9a66-08d4-447b-8cbc-38dd24f6192e,2025-12-15_021127_5d803b23-52a5-4815-9fb1-988e6b759959,0125,1288.394,1527.911
23af9a66-08d4-447b-8cbc-38dd24f6192e,2025-12-15_021127_5d803b23-52a5-4815-9fb1-988e6b759959,0130,1289.603,1500.655
23af9a66-08d4-447b-8cbc-38dd24f6192e,2025-12-15_021127_5d803b23-52a5-4815-9fb1-988e6b759959,0135,1288.309,1499.995
23af9a66-08d4-447b-8cbc-38dd24f6192e,2025-12-15_021127_5d803b23-52a5-4815-9fb1-988e6b759959,0140,1290.136,1499.052
23af9a66-08d4-447b-8cbc-38dd24f6192e,2025-12-15_021127_5d803b23-52a5-4815-9fb1-988e6b759959,0145,1288.099,1472.363
23af9a66-08d4-447b-8cbc-38dd24f6192e,2025-12-15_021127_5d803b23-52a5-4815-9fb1-988e6b759959,0150,1288.109,1500.051
23af9a66-08d4-447b-8cbc-38dd24f6192e,2025-12-15_021127_5d803b23-52a5-4815-9fb1-988e6b759959,0155,1289.267,1510.913
23af9a66-08d4-447b-8cbc-38dd24f6192e,2025-12-15_021127_5d803b23-52a5-4815-9fb1-988e6b759959,0160,1290.542,1525.05
23af9a66-08d4-447b-8cbc-38dd24f6192e,2025-12-15_021127_5d803b23-52a5-4815-9fb1-988e6b759959,0165,1288.771,1466.363
23af9a66-08d4-447b-8cbc-38dd24f6192e,2025-12-15_021127_5d803b23-52a5-4815-9fb1-988e6b759959,0170,1289.272,1486.998
23af9a66-08d4-447b-8cbc-38dd24f6192e,2025-12-15_021127_5d803b23-52a5-4815-9fb1-988e6b759959,0175,1290.164,1482.091
23af9a66-08d4-447b-8cbc-38dd24f6192e,2025-12-15_021127_5d803b23-52a5-4815-9fb1-988e6b759959,0180,1289.734,1516.439
23af9a66-08d4-447b-8cbc-38dd24f6192e,2025-12-15_021127_5d803b23-52a5-4815-9fb1-988e6b759959,0185,1289.021,1503.437
23af9a66-08d4-447b-8cbc-38dd24f6192e,2025-12-15_021127_5d803b23-52a5-4815-9fb1-988e6b759959,0190,1288.539,1514.724
23af9a66-08d4-447b-8cbc-38dd24f6192e,2025-12-15_021127_5d803b23-52a5-4815-9fb1-988e6b759959,0195,1288.872,1511.413
23af9a66-08d4-447b-8cbc-38dd24f6192e,2025-12-15_021127_5d803b23-52a5-4815-9fb1-988e6b759959,0200,1288.999,1489.592
23af9a66-08d4-447b-8cbc-38dd24f6192e,2025-12-15_021127_5d803b23-52a5-4815-9fb1-988e6b759959,0205,1290.087,1491.723
23af9a66-08d4-447b-8cbc-38dd24f6192e,2025-12-15_021127_5d803b23-52a5-4815-9fb1-988e6b759959,0210,1288.888,1493.444
23af9a66-08d4-447b-8cbc-38dd24f6192e,2025-12-15_021127_5d803b23-52a5-4815-9fb1-988e6b759959,0215,1289.416,1498.223
23af9a66-08d4-447b-8cbc-38dd24f6192e,2025-12-15_021127_5d803b23-52a5-4815-9fb1-988e6b759959,0220,1288.751,1503.557
23af9a66-08d4-447b-8cbc-38dd24f6192e,2025-12-15_021127_5d803b23-52a5-4815-9fb1-988e6b759959,0225,1289.595,1499.858
23af9a66-08d4-447b-8cbc-38dd24f6192e,2025-12-15_021127_5d803b23-52a5-4815-9fb1-988e6b759959,0230,1289.305,1506.845
23af9a66-08d4-447b-8cbc-38dd24f6192e,2025-12-15_021127_5d803b23-52a5-4815-9fb1-988e6b759959,0235,1288.358,1480.634
23af9a66-08d4-447b-8cbc-38dd24f6192e,2025-12-15_021127_5d803b23-52a5-4815-9fb1-988e6b759959,0240,1288.37,1472.468
23af9a66-08d4-447b-8cbc-38dd24f6192e,2025-12-15_021127_5d803b23-52a5-4815-9fb1-988e6b759959,0245,1289.889,1510.664
23af9a66-08d4-447b-8cbc-38dd24f6192e,2025-12-15_021127_5d803b23-52a5-4815-9fb1-988e6b759959,0250,1291.244,1519.196
23af9a66-08d4-447b-8cbc-38dd24f6192e,2025-12-15_021127_5d803b23-52a5-4815-9fb1-988e6b759959,0255,1290.041,1481.86
23af9a66-08d4-447b-8cbc-38dd24f6192e,2025-12-15_021127_5d803b23-52a5-4815-9fb1-988e6b759959,0260,1289.297,1502.357
23af9a66-08d4-447b-8cbc-38dd24f6192e,2025-12-15_021127_5d803b23-52a5-4815-9fb1-988e6b759959,0265,1288.92,1484.318
23af9a66-08d4-447b-8cbc-38dd24f6192e,2025-12-15_021127_5d803b23-52a5-4815-9fb1-988e6b759959,0270,1290.444,1500.3
23af9a66-08d4-447b-8cbc-38dd24f6192e,2025-12-15_021127_5d803b23-52a5-4815-9fb1-988e6b759959,0275,1289.323,1522.717
23af9a66-08d4-447b-8cbc-38dd24f6192e,2025-12-15_021127_5d803b23-52a5-4815-9fb1-988e6b759959,0280,1289.84,1504.805
23af9a66-08d4-447b-8cbc-38dd24f6192e,2025-12-15_021127_5d803b23-52a5-4815-9fb1-988e6b759959,0285,1289.489,1514.738
23af9a66-08d4-447b-8cbc-38dd24f6192e,2025-12-15_021127_5d803b23-52a5-4815-9fb1-988e6b759959,0290,1287.804,1509.304
23af9a66-08d4-447b-8cbc-38dd24f6192e,2025-12-15_021127_5d803b23-52a5-4815-9fb1-988e6b759959,0295,1291.229,1482.82
23af9a66-08d4-447b-8cbc-38dd24f6192e,2025-12-15_021127_5d803b23-52a5-4815-9fb1-988e6b759959,0300,1290.327,1509.823
23af9a66-08d4-447b-8cbc-38dd24f6192e,2025-12-15_021127_5d803b23-52a5-4815-9fb1-988e6b759959,0305,1291.677,1507.478
23af9a66-08d4-447b-8cbc-38dd24f6192e,2025-12-15_021127_5d803b23-52a5-4815-9fb1-988e6b759959,0310,1289.007,1519.815
23af9a66-08d4-447b-8cbc-38dd24f6192e,2025-12-15_021127_5d803b23-52a5-4815-9fb1-988e6b759959,0315,1287.982,1468.767
23af9a66-08d4-447b-8cbc-38dd24f6192e,2025-12-15_021127_5d803b23-52a5-4815-9fb1-988e6b759959,0320,1288.562,1503.648
23af9a66-08d4-447b-8cbc-38dd24f6192e,2025-12-15_021127_5d803b23-52a5-4815-9fb1-988e6b759959,0325,1289.159,1504.022
23af9a66-08d4-447b-8cbc-38dd24f6192e,2025-12-15_021127_5d803b23-52a5-4815-9fb1-988e6b759959,0330,1288.256,1515.312
23af9a66-08d4-447b-8cbc-38dd24f6192e,2025-12-15_021127_5d803b23-52a5-4815-9fb1-988e6b759959,0335,1289.091,1473.646
23af9a66-08d4-447b-8cbc-38dd24f6192e,2025-12-15_021127_5d803b23-52a5-4815-9fb1-988e6b759959,0340,1289.256,1471.867
23af9a66-08d4-447b-8cbc-38dd24f6192e,2025-12-15_021127_5d803b23-52a5-4815-9fb1-988e6b759959,0345,1287.999,1490.419
23af9a66-08d4-447b-8cbc-38dd24f6192e,2025-12-15_021127_5d803b23-52a5-4815-9fb1-988e6b759959,0350,1287.796,1511.881
23af9a66-08d4-447b-8cbc-38dd24f6192e,2025-12-15_021127_5d803b23-52a5-4815-9fb1-988e6b759959,0355,1289.764,1508.471
23af9a66-08d4-447b-8cbc-38dd24f6192e,2025-12-15_021127_5d803b23-52a5-4815-9fb1-988e6b759959,0360,1288.733,1494.59
23af9a66-08d4-447b-8cbc-38dd24f6192e,2025-12-15_021127_5d803b23-52a5-4815-9fb1-988e6b759959,0365,1290.576,1485.368
23af9a66-08d4-447b-8cbc-38dd24f6192e,2025-12-15_021127_5d803b23-52a5-4815-9fb1-988e6b759959,0370,1291.325,1516.54
23af9a66-08d4-447b-8cbc-38dd24f6192e,2025-12-15_021127_5d803b23-52a5-4815-9fb1-988e6b759959,0375,1290.431,1537.495
23af9a66-08d4-447b-8cbc-38dd24f6192e,2025-12-15_021127_5d803b23-52a5-4815-9fb1-988e6b759959,0380,1289.143,1514.188
23af9a66-08d4-447b-8cbc-38dd24f6192e,2025-12-15_021127_5d803b23-52a5-4815-9fb1-988e6b759959,0385,1289.751,1505.905
23af9a66-08d4-447b-8cbc-38dd24f6192e,2025-12-15_021127_5d803b23-52a5-4815-9fb1-988e6b759959,0390,1288.548,1510.855
23af9a66-08d4-447b-8cbc-38dd24f6192e,2025-12-15_021127_5d803b23-52a5-4815-9fb1-988e6b759959,0395,1288.966,1497.078
23af9a66-08d4-447b-8cbc-38dd24f6192e,2025-12-15_021127_5d803b23-52a5-4815-9fb1-988e6b759959,0400,1288.666,1522.215
23af9a66-08d4-447b-8cbc-38dd24f6192e,2025-12-15_021127_5d803b23-52a5-4815-9fb1-988e6b759959,0405,1289.28,1501.726
23af9a66-08d4-447b-8cbc-38dd24f6192e,2025-12-15_021127_5d803b23-52a5-4815-9fb1-988e6b759959,0410,1289.307,1511.359
23af9a66-08d4-447b-8cbc-38dd24f6192e,2025-12-15_021127_5d803b23-52a5-4815-9fb1-988e6b759959,0415,1289.335,1526.249
23af9a66-08d4-447b-8cbc-38dd24f6192e,2025-12-15_021127_5d803b23-52a5-4815-9fb1-988e6b759959,0420,1289.479,1506.647
23af9a66-08d4-447b-8cbc-38dd24f6192e,2025-12-15_021127_5d803b23-52a5-4815-9fb1-988e6b759959,0425,1288.243,1507.466
23af9a66-08d4-447b-8cbc-38dd24f6192e,2025-12-15_021127_5d803b23-52a5-4815-9fb1-988e6b759959,0430,1288.426,1466.633
23af9a66-08d4-447b-8cbc-38dd24f6192e,2025-12-15_021127_5d803b23-52a5-4815-9fb1-988e6b759959,0435,1288.566,1479.804
23af9a66-08d4-447b-8cbc-38dd24f6192e,2025-12-15_021127_5d803b23-52a5-4815-9fb1-988e6b759959,0440,1290.499,1503.644
23af9a66-08d4-447b-8cbc-38dd24f6192e,2025-12-15_021127_5d803b23-52a5-4815-9fb1-988e6b759959,0445,1290.953,1493.326
23af9a66-08d4-447b-8cbc-38dd24f6192e,2025-12-15_021127_5d803b23-52a5-4815-9fb1-988e6b759959,0450,1292.695,1514.075
23af9a66-08d4-447b-8cbc-38dd24f6192e,2025-12-15_021127_5d803b23-52a5-4815-9fb1-988e6b759959,0455,1291.728,1498.49
23af9a66-08d4-447b-8cbc-38dd24f6192e,2025-12-15_021127_5d803b23-52a5-4815-9fb1-988e6b759959,0460,1288.941,1476.657
23af9a66-08d4-447b-8cbc-38dd24f6192e,2025-12-15_021127_5d803b23-52a5-4815-9fb1-988e6b759959,0465,1289.235,1477.588
23af9a66-08d4-447b-8cbc-38dd24f6192e,2025-12-15_021127_5d803b23-52a5-4815-9fb1-988e6b759959,0470,1290.262,1520.028
23af9a66-08d4-447b-8cbc-38dd24f6192e,2025-12-15_021127_5d803b23-52a5-4815-9fb1-988e6b759959,0475,1287.956,1511.284
23af9a66-08d4-447b-8cbc-38dd24f6192e,2025-12-15_021127_5d803b23-52a5-4815-9fb1-988e6b759959,0480,1288.256,1509.886
23af9a66-08d4-447b-8cbc-38dd24f6192e,2025-12-15_021127_5d803b23-52a5-4815-9fb1-988e6b759959,0485,1289.293,1495.515
23af9a66-08d4-447b-8cbc-38dd24f6192e,2025-12-15_021127_5d803b23-52a5-4815-9fb1-988e6b759959,0490,1288.615,1510.346
23af9a66-08d4-447b-8cbc-38dd24f6192e,2025-12-15_021127_5d803b23-52a5-4815-9fb1-988e6b759959,0495,1288.338,1491.986
8168397b-ede6-44fd-9afb-428cf89a5416,0409ea20af4d2089_83d5bcbc-3175-4fdc-b935-4162c087b324,0005,1288.384,1521.801
8168397b-ede6-44fd-9afb-428cf89a5416,0409ea20af4d2089_83d5bcbc-3175-4fdc-b935-4162c087b324,0010,1288.329,1502.677
8168397b-ede6-44fd-9afb-428cf89a5416,0409ea20af4d2089_83d5bcbc-3175-4fdc-b935-4162c087b324,0015,1288.824,1491.939
8168397b-ede6-44fd-9afb-428cf89a5416,0409ea20af4d2089_83d5bcbc-3175-4fdc-b935-4162c087b324,0020,1287.846,1501.667
8168397b-ede6-44fd-9afb-428cf89a5416,0409ea20af4d2089_83d5bcbc-3175-4fdc-b935-4162c087b324,0025,1288.182,1503.417
8168397b-ede6-44fd-9afb-428cf89a5416,0409ea20af4d2089_83d5bcbc-3175-4fdc-b935-4162c087b324,0030,1288.299,1501.475
8168397b-ede6-44fd-9afb-428cf89a5416,0409ea20af4d2089_83d5bcbc-3175-4fdc-b935-4162c087b324,0035,1289.249,1470.635
8168397b-ede6-44fd-9afb-428cf89a5416,0409ea20af4d2089_83d5bcbc-3175-4fdc-b935-4162c087b324,0040,1289.761,1493.716
8168397b-ede6-44fd-9afb-428cf89a5416,0409ea20af4d2089_83d5bcbc-3175-4fdc-b935-4162c087b324,0045,1290.667,1497.741
8168397b-ede6-44fd-9afb-428cf89a5416,0409ea20af4d2089_83d5bcbc-3175-4fdc-b935-4162c087b324,0050,1289.731,1495.043
8168397b-ede6-44fd-9afb-428cf89a5416,0409ea20af4d2089_83d5bcbc-3175-4fdc-b935-4162c087b324,0055,1290.607,1505.874
8168397b-ede6-44fd-9afb-428cf89a5416,0409ea20af4d2089_83d5bcbc-3175-4fdc-b935-4162c087b324,0060,1290.254,1481.466
8168397b-ede6-44fd-9afb-428cf89a5416,0409ea20af4d2089_83d5bcbc-3175-4fdc-b935-4162c087b324,0065,1291.392,1486.109
8168397b-ede6-44fd-9afb-428cf89a5416,0409ea20af4d2089_83d5bcbc-3175-4fdc-b935-4162c087b324,0070,1291.009,1484.464
8168397b-ede6-44fd-9afb-428cf89a5416,0409ea20af4d2089_83d5bcbc-3175-4fdc-b935-4162c087b324,0075,1287.588,1525.12
8168397b-ede6-44fd-9afb-428cf89a5416,0409ea20af4d2089_83d5bcbc-3175-4fdc-b935-4162c087b324,0080,1288.106,1486.247
8168397b-ede6-44fd-9afb-428cf89a5416,0409ea20af4d2089_83d5bcbc-3175-4fdc-b935-4162c087b324,0085,1287.144,1492.456
8168397b-ede6-44fd-9afb-428cf89a5416,0409ea20af4d2089_83d5bcbc-3175-4fdc-b935-4162c087b324,0090,1289.868,1511.613
8168397b-ede6-44fd-9afb-428cf89a5416,0409ea20af4d2089_83d5bcbc-3175-4fdc-b935-4162c087b324,0095,1290.099,1484.474
8168397b-ede6-44fd-9afb-428cf89a5416,0409ea20af4d2089_83d5bcbc-3175-4fdc-b935-4162c087b324,0100,1287.716,1536.455
8168397b-ede6-44fd-9afb-428cf89a5416,0409ea20af4d2089_83d5bcbc-3175-4fdc-b935-4162c087b324,0105,1288.684,1508.595
8168397b-ede6-44fd-9afb-428cf89a5416,0409ea20af4d2089_83d5bcbc-3175-4fdc-b935-4162c087b324,0110,1287.792,1470.457
8168397b-ede6-44fd-9afb-428cf89a5416,0409ea20af4d2089_83d5bcbc-3175-4fdc-b935-4162c087b324,0115,1289.749,1492.385
8168397b-ede6-44fd-9afb-428cf89a5416,0409ea20af4d2089_83d5bcbc-3175-4fdc-b935-4162c087b324,0120,1288.637,1503.513
8168397b-ede6-44fd-9afb-428cf89a5416,0409ea20af4d2089_83d5bcbc-3175-4fdc-b935-4162c087b324,0125,1289.091,1508.908
8168397b-ede6-44fd-9afb-428cf89a5416,0409ea20af4d2089_83d5bcbc-3175-4fdc-b935-4162c087b324,0130,1289.418,1485.363
8168397b-ede6-44fd-9afb-428cf89a5416,0409ea20af4d2089_83d5bcbc-3175-4fdc-b935-4162c087b324,0135,1289.535,1489.848
8168397b-ede6-44fd-9afb-428cf89a5416,0409ea20af4d2089_83d5bcbc-3175-4fdc-b935-4162c087b324,0140,1287.884,1495.987
8168397b-ede6-44fd-9afb-428cf89a5416,0409ea20af4d2089_83d5bcbc-3175-4fdc-b935-4162c087b324,0145,1289.171,1496.104
8168397b-ede6-44fd-9afb-428cf89a5416,0409ea20af4d2089_83d5bcbc-3175-4fdc-b935-4162c087b324,0150,1290.859,1509.418
8168397b-ede6-44fd-9afb-428cf89a5416,0409ea20af4d2089_83d5bcbc-3175-4fdc-b935-4162c087b324,0155,1289.471,1514.455
8168397b-ede6-44fd-9afb-428cf89a5416,0409ea20af4d2089_83d5bcbc-3175-4fdc-b935-4162c087b324,0160,1291.155,1509.898
8168397b-ede6-44fd-9afb-428cf89a5416,0409ea20af4d2089_83d5bcbc-3175-4fdc-b935-4162c087b324,0165,1291.275,1510.133
8168397b-ede6-44fd-9afb-428cf89a5416,0409ea20af4d2089_83d5bcbc-3175-4fdc-b935-4162c087b324,0170,1288.162,1507.76
8168397b-ede6-44fd-9afb-428cf89a5416,0409ea20af4d2089_83d5bcbc-3175-4fdc-b935-4162c087b324,0175,1288.841,1511.836
8168397b-ede6-44fd-9afb-428cf89a5416,0409ea20af4d2089_83d5bcbc-3175-4fdc-b935-4162c087b324,0180,1289.175,1526.862
8168397b-ede6-44fd-9afb-428cf89a5416,0409ea20af4d2089_83d5bcbc-3175-4fdc-b935-4162c087b324,0185,1289.437,1471.34
8168397b-ede6-44fd-9afb-428cf89a5416,0409ea20af4d2089_83d5bcbc-3175-4fdc-b935-4162c087b324,0190,1288.485,1495.621
8168397b-ede6-44fd-9afb-428cf89a5416,0409ea20af4d2089_83d5bcbc-3175-4fdc-b935-4162c087b324,0195,1287.826,1507.154
8168397b-ede6-44fd-9afb-428cf89a5416,0409ea20af4d2089_83d5bcbc-3175-4fdc-b935-4162c087b324,0200,1287.743,1502.769
8168397b-ede6-44fd-9afb-428cf89a5416,0409ea20af4d2089_83d5bcbc-3175-4fdc-b935-4162c087b324,0205,1287.955,1506.737
8168397b-ede6-44fd-9afb-428cf89a5416,0409ea20af4d2089_83d5bcbc-3175-4fdc-b935-4162c087b324,0210,1287.902,1507.798
8168397b-ede6-44fd-9afb-428cf89a5416,0409ea20af4d2089_83d5bcbc-3175-4fdc-b935-4162c087b324,0215,1288.21,1503.164
8168397b-ede6-44fd-9afb-428cf89a5416,0409ea20af4d2089_83d5bcbc-3175-4fdc-b935-4162c087b324,0220,1288.159,1501.296
8168397b-ede6-44fd-9afb-428cf89a5416,0409ea20af4d2089_83d5bcbc-3175-4fdc-b935-4162c087b324,0225,1288.784,1507.795
8168397b-ede6-44fd-9afb-428cf89a5416,0409ea20af4d2089_83d5bcbc-3175-4fdc-b935-4162c087b324,0230,1287.736,1505.755
8168397b-ede6-44fd-9afb-428cf89a5416,0409ea20af4d2089_83d5bcbc-3175-4fdc-b935-4162c087b324,0235,1290.595,1461.291
8168397b-ede6-44fd-9afb-428cf89a5416,0409ea20af4d2089_83d5bcbc-3175-4fdc-b935-4162c087b324,0240,1288.086,1491.374
8168397b-ede6-44fd-9afb-428cf89a5416,0409ea20af4d2089_83d5bcbc-3175-4fdc-b935-4162c087b324,0245,1288.61,1496.407
8168397b-ede6-44fd-9afb-428cf89a5416,0409ea20af4d2089_83d5bcbc-3175-4fdc-b935-4162c087b324,0250,1288.913,1483.861
8168397b-ede6-44fd-9afb-428cf89a5416,0409ea20af4d2089_83d5bcbc-3175-4fdc-b935-4162c087b324,0255,1288.696,1513.947
8168397b-ede6-44fd-9afb-428cf89a5416,0409ea20af4d2089_83d5bcbc-3175-4fdc-b935-4162c087b324,0260,1289.262,1486.682
8168397b-ede6-44fd-9afb-428cf89a5416,0409ea20af4d2089_83d5bcbc-3175-4fdc-b935-4162c087b324,0265,1287.46,1506.939
8168397b-ede6-44fd-9afb-428cf89a5416,0409ea20af4d2089_83d5bcbc-3175-4fdc-b935-4162c087b324,0270,1288.326,1492.987
8168397b-ede6-44fd-9afb-428cf89a5416,0409ea20af4d2089_83d5bcbc-3175-4fdc-b935-4162c087b324,0275,1289.406,1495.761
8168397b-ede6-44fd-9afb-428cf89a5416,0409ea20af4d2089_83d5bcbc-3175-4fdc-b935-4162c087b324,0280,1291.142,1485.554
8168397b-ede6-44fd-9afb-428cf89a5416,0409ea20af4d2089_83d5bcbc-3175-4fdc-b935-4162c087b324,0285,1288.235,1509.319
8168397b-ede6-44fd-9afb-428cf89a5416,0409ea20af4d2089_83d5bcbc-3175-4fdc-b935-4162c087b324,0290,1289.645,1510.269
8168397b-ede6-44fd-9afb-428cf89a5416,0409ea20af4d2089_83d5bcbc-3175-4fdc-b935-4162c087b324,0295,1288.653,1503.044
8168397b-ede6-44fd-9afb-428cf89a5416,0409ea20af4d2089_83d5bcbc-3175-4fdc-b935-4162c087b324,0300,1288.716,1473.529
8168397b-ede6-44fd-9afb-428cf89a5416,0409ea20af4d2089_83d5bcbc-3175-4fdc-b935-4162c087b324,0305,1288.182,1521.361
8168397b-ede6-44fd-9afb-428cf89a5416,0409ea20af4d2089_83d5bcbc-3175-4fdc-b935-4162c087b324,0310,1291.224,1489.889
8168397b-ede6-44fd-9afb-428cf89a5416,0409ea20af4d2089_83d5bcbc-3175-4fdc-b935-4162c087b324,0315,1288.971,1492.057
8168397b-ede6-44fd-9afb-428cf89a5416,0409ea20af4d2089_83d5bcbc-3175-4fdc-b935-4162c087b324,0320,1289.255,1506.614
8168397b-ede6-44fd-9afb-428cf89a5416,0409ea20af4d2089_83d5bcbc-3175-4fdc-b935-4162c087b324,0325,1291.752,1530.871
8168397b-ede6-44fd-9afb-428cf89a5416,0409ea20af4d2089_83d5bcbc-3175-4fdc-b935-4162c087b324,0330,1291.19,1503.66
8168397b-ede6-44fd-9afb-428cf89a5416,0409ea20af4d2089_83d5bcbc-3175-4fdc-b935-4162c087b324,0335,1289.677,1472.009
8168397b-ede6-44fd-9afb-428cf89a5416,0409ea20af4d2089_83d5bcbc-3175-4fdc-b935-4162c087b324,0340,1291.66,1484.056
8168397b-ede6-44fd-9afb-428cf89a5416,0409ea20af4d2089_83d5bcbc-3175-4fdc-b935-4162c087b324,0345,1288.291,1494.015
8168397b-ede6-44fd-9afb-428cf89a5416,0409ea20af4d2089_83d5bcbc-3175-4fdc-b935-4162c087b324,0350,1289.344,1482.933
8168397b-ede6-44fd-9afb-428cf89a5416,0409ea20af4d2089_83d5bcbc-3175-4fdc-b935-4162c087b324,0355,1288.625,1514.883
8168397b-ede6-44fd-9afb-428cf89a5416,0409ea20af4d2089_83d5bcbc-3175-4fdc-b935-4162c087b324,0360,1288.263,1505.309
8168397b-ede6-44fd-9afb-428cf89a5416,0409ea20af4d2089_83d5bcbc-3175-4fdc-b935-4162c087b324,0365,1288.808,1510.865
8168397b-ede6-44fd-9afb-428cf89a5416,0409ea20af4d2089_83d5bcbc-3175-4fdc-b935-4162c087b324,0370,1288.071,1471.677
8168397b-ede6-44fd-9afb-428cf89a5416,0409ea20af4d2089_83d5bcbc-3175-4fdc-b935-4162c087b324,0375,1288.263,1505.725
8168397b-ede6-44fd-9afb-428cf89a5416,0409ea20af4d2089_83d5bcbc-3175-4fdc-b935-4162c087b324,0380,1288.253,1486.798
8168397b-ede6-44fd-9afb-428cf89a5416,0409ea20af4d2089_83d5bcbc-3175-4fdc-b935-4162c087b324,0385,1287.304,1493.916
8168397b-ede6-44fd-9afb-428cf89a5416,0409ea20af4d2089_83d5bcbc-3175-4fdc-b935-4162c087b324,0390,1289.513,1491.433
8168397b-ede6-44fd-9afb-428cf89a5416,0409ea20af4d2089_83d5bcbc-3175-4fdc-b935-4162c087b324,0395,1288.328,1487.085
8168397b-ede6-44fd-9afb-428cf89a5416,0409ea20af4d2089_83d5bcbc-3175-4fdc-b935-4162c087b324,0400,1289.035,1508.444
8168397b-ede6-44fd-9afb-428cf89a5416,0409ea20af4d2089_83d5bcbc-3175-4fdc-b935-4162c087b324,0405,1288.623,1497.213
8168397b-ede6-44fd-9afb-428cf89a5416,0409ea20af4d2089_83d5bcbc-3175-4fdc-b935-4162c087b324,0410,1291.299,1502.202
8168397b-ede6-44fd-9afb-428cf89a5416,0409ea20af4d2089_83d5bcbc-3175-4fdc-b935-4162c087b324,0415,1289.407,1508.562
de079ceb-817c-4296-8f54-7312f03e4bee,dfe1dfc888193864_88e2e864-4689-41d0-8701-c71b1666962e,0005,1289.555,1544.432
de079ceb-817c-4296-8f54-7312f03e4bee,dfe1dfc888193864_88e2e864-4689-41d0-8701-c71b1666962e,0010,1289.626,1532.588
de079ceb-817c-4296-8f54-7312f03e4bee,dfe1dfc888193864_88e2e864-4689-41d0-8701-c71b1666962e,0015,1290.442,1494.527
de079ceb-817c-4296-8f54-7312f03e4bee,dfe1dfc888193864_88e2e864-4689-41d0-8701-c71b1666962e,0020,1290.317,1501.275
de079ceb-817c-4296-8f54-7312f03e4bee,dfe1dfc888193864_88e2e864-4689-41d0-8701-c71b1666962e,0025,1290.247,1501.55
de079ceb-817c-4296-8f54-7312f03e4bee,dfe1dfc888193864_88e2e864-4689-41d0-8701-c71b1666962e,0030,1289.452,1518.069
de079ceb-817c-4296-8f54-7312f03e4bee,dfe1dfc888193864_88e2e864-4689-41d0-8701-c71b1666962e,0035,1289.382,1510.237
de079ceb-817c-4296-8f54-7312f03e4bee,dfe1dfc888193864_88e2e864-4689-41d0-8701-c71b1666962e,0040,1289.008,1515.562
de079ceb-817c-4296-8f54-7312f03e4bee,dfe1dfc888193864_88e2e864-4689-41d0-8701-c71b1666962e,0045,1289.451,1512.003
de079ceb-817c-4296-8f54-7312f03e4bee,dfe1dfc888193864_88e2e864-4689-41d0-8701-c71b1666962e,0050,1289.2,1513.661
de079ceb-817c-4296-8f54-7312f03e4bee,dfe1dfc888193864_88e2e864-4689-41d0-8701-c71b1666962e,0055,1288.471,1509.808
de079ceb-817c-4296-8f54-7312f03e4bee,dfe1dfc888193864_88e2e864-4689-41d0-8701-c71b1666962e,0060,1292.927,1513.783
de079ceb-817c-4296-8f54-7312f03e4bee,dfe1dfc888193864_88e2e864-4689-41d0-8701-c71b1666962e,0065,1291.222,1527.477
de079ceb-817c-4296-8f54-7312f03e4bee,dfe1dfc888193864_88e2e864-4689-41d0-8701-c71b1666962e,0070,1289.696,1514.176
de079ceb-817c-4296-8f54-7312f03e4bee,dfe1dfc888193864_88e2e864-4689-41d0-8701-c71b1666962e,0075,1290.186,1510.177
de079ceb-817c-4296-8f54-7312f03e4bee,dfe1dfc888193864_88e2e864-4689-41d0-8701-c71b1666962e,0080,1288.927,1506.392
de079ceb-817c-4296-8f54-7312f03e4bee,dfe1dfc888193864_88e2e864-4689-41d0-8701-c71b1666962e,0085,1288.505,1511.16
de079ceb-817c-4296-8f54-7312f03e4bee,dfe1dfc888193864_88e2e864-4689-41d0-8701-c71b1666962e,0090,1290.085,1511.728
de079ceb-817c-4296-8f54-7312f03e4bee,dfe1dfc888193864_88e2e864-4689-41d0-8701-c71b1666962e,0095,1289.671,1529.959
de079ceb-817c-4296-8f54-7312f03e4bee,dfe1dfc888193864_88e2e864-4689-41d0-8701-c71b1666962e,0100,1289.066,1524.475
de079ceb-817c-4296-8f54-7312f03e4bee,dfe1dfc888193864_88e2e864-4689-41d0-8701-c71b1666962e,0105,1289.601,1523.317
de079ceb-817c-4296-8f54-7312f03e4bee,dfe1dfc888193864_88e2e864-4689-41d0-8701-c71b1666962e,0110,1290.003,1535.551
de079ceb-817c-4296-8f54-7312f03e4bee,dfe1dfc888193864_88e2e864-4689-41d0-8701-c71b1666962e,0115,1289.611,1505.772
de079ceb-817c-4296-8f54-7312f03e4bee,dfe1dfc888193864_88e2e864-4689-41d0-8701-c71b1666962e,0120,1288.831,1524.332
de079ceb-817c-4296-8f54-7312f03e4bee,dfe1dfc888193864_88e2e864-4689-41d0-8701-c71b1666962e,0125,1289.031,1517.11
de079ceb-817c-4296-8f54-7312f03e4bee,dfe1dfc888193864_88e2e864-4689-41d0-8701-c71b1666962e,0130,1288.133,1532.471
de079ceb-817c-4296-8f54-7312f03e4bee,dfe1dfc888193864_88e2e864-4689-41d0-8701-c71b1666962e,0135,1291.318,1520.98
de079ceb-817c-4296-8f54-7312f03e4bee,dfe1dfc888193864_88e2e864-4689-41d0-8701-c71b1666962e,0140,1289.394,1521.95
de079ceb-817c-4296-8f54-7312f03e4bee,dfe1dfc888193864_88e2e864-4689-41d0-8701-c71b1666962e,0145,1291.114,1504.874
de079ceb-817c-4296-8f54-7312f03e4bee,dfe1dfc888193864_88e2e864-4689-41d0-8701-c71b1666962e,0150,1289.687,1523.503
de079ceb-817c-4296-8f54-7312f03e4bee,dfe1dfc888193864_88e2e864-4689-41d0-8701-c71b1666962e,0155,1291.578,1551.217
de079ceb-817c-4296-8f54-7312f03e4bee,dfe1dfc888193864_88e2e864-4689-41d0-8701-c71b1666962e,0160,1290.866,1524.076
de079ceb-817c-4296-8f54-7312f03e4bee,dfe1dfc888193864_88e2e864-4689-41d0-8701-c71b1666962e,0165,1288.704,1522.124
de079ceb-817c-4296-8f54-7312f03e4bee,dfe1dfc888193864_88e2e864-4689-41d0-8701-c71b1666962e,0170,1289.511,1520.167
de079ceb-817c-4296-8f54-7312f03e4bee,dfe1dfc888193864_88e2e864-4689-41d0-8701-c71b1666962e,0175,1289.524,1527.874
de079ceb-817c-4296-8f54-7312f03e4bee,dfe1dfc888193864_88e2e864-4689-41d0-8701-c71b1666962e,0180,1291.192,1523.235
de079ceb-817c-4296-8f54-7312f03e4bee,dfe1dfc888193864_88e2e864-4689-41d0-8701-c71b1666962e,0185,1288.997,1527.744
de079ceb-817c-4296-8f54-7312f03e4bee,dfe1dfc888193864_88e2e864-4689-41d0-8701-c71b1666962e,0190,1289.526,1516.562
de079ceb-817c-4296-8f54-7312f03e4bee,dfe1dfc888193864_88e2e864-4689-41d0-8701-c71b1666962e,0195,1288.838,1507.177
de079ceb-817c-4296-8f54-7312f03e4bee,dfe1dfc888193864_88e2e864-4689-41d0-8701-c71b1666962e,0200,1289.958,1505.903
de079ceb-817c-4296-8f54-7312f03e4bee,dfe1dfc888193864_88e2e864-4689-41d0-8701-c71b1666962e,0205,1290.184,1513.752
de079ceb-817c-4296-8f54-7312f03e4bee,dfe1dfc888193864_88e2e864-4689-41d0-8701-c71b1666962e,0210,1289.114,1534.061
de079ceb-817c-4296-8f54-7312f03e4bee,dfe1dfc888193864_88e2e864-4689-41d0-8701-c71b1666962e,0215,1288.614,1531.148
de079ceb-817c-4296-8f54-7312f03e4bee,dfe1dfc888193864_88e2e864-4689-41d0-8701-c71b1666962e,0220,1287.22,1514.873
de079ceb-817c-4296-8f54-7312f03e4bee,dfe1dfc888193864_88e2e864-4689-41d0-8701-c71b1666962e,0225,1288.356,1536.56
de079ceb-817c-4296-8f54-7312f03e4bee,dfe1dfc888193864_88e2e864-4689-41d0-8701-c71b1666962e,0230,1288.69,1501.896
de079ceb-817c-4296-8f54-7312f03e4bee,dfe1dfc888193864_88e2e864-4689-41d0-8701-c71b1666962e,0235,1288.423,1516.569
de079ceb-817c-4296-8f54-7312f03e4bee,dfe1dfc888193864_88e2e864-4689-41d0-8701-c71b1666962e,0240,1289.882,1515.267
de079ceb-817c-4296-8f54-7312f03e4bee,dfe1dfc888193864_88e2e864-4689-41d0-8701-c71b1666962e,0245,1289.905,1524.812
de079ceb-817c-4296-8f54-7312f03e4bee,dfe1dfc888193864_88e2e864-4689-41d0-8701-c71b1666962e,0250,1290.033,1541.895
de079ceb-817c-4296-8f54-7312f03e4bee,dfe1dfc888193864_88e2e864-4689-41d0-8701-c71b1666962e,0255,1289.757,1526.705
de079ceb-817c-4296-8f54-7312f03e4bee,dfe1dfc888193864_88e2e864-4689-41d0-8701-c71b1666962e,0260,1289.203,1513.933
de079ceb-817c-4296-8f54-7312f03e4bee,dfe1dfc888193864_88e2e864-4689-41d0-8701-c71b1666962e,0265,1290.549,1496.357
de079ceb-817c-4296-8f54-7312f03e4bee,dfe1dfc888193864_88e2e864-4689-41d0-8701-c71b1666962e,0270,1288.816,1515.669
de079ceb-817c-4296-8f54-7312f03e4bee,dfe1dfc888193864_88e2e864-4689-41d0-8701-c71b1666962e,0275,1289.931,1488.037
de079ceb-817c-4296-8f54-7312f03e4bee,dfe1dfc888193864_88e2e864-4689-41d0-8701-c71b1666962e,0280,1290.4,1506.141
de079ceb-817c-4296-8f54-7312f03e4bee,dfe1dfc888193864_88e2e864-4689-41d0-8701-c71b1666962e,0285,1289.158,1487.319
de079ceb-817c-4296-8f54-7312f03e4bee,dfe1dfc888193864_88e2e864-4689-41d0-8701-c71b1666962e,0290,1288.733,1509.189
de079ceb-817c-4296-8f54-7312f03e4bee,dfe1dfc888193864_88e2e864-4689-41d0-8701-c71b1666962e,0295,1289.744,1520.175
de079ceb-817c-4296-8f54-7312f03e4bee,dfe1dfc888193864_88e2e864-4689-41d0-8701-c71b1666962e,0300,1288.647,1501.83
de079ceb-817c-4296-8f54-7312f03e4bee,dfe1dfc888193864_88e2e864-4689-41d0-8701-c71b1666962e,0305,1289.509,1485.264
de079ceb-817c-4296-8f54-7312f03e4bee,dfe1dfc888193864_88e2e864-4689-41d0-8701-c71b1666962e,0310,1291.248,1507.781
de079ceb-817c-4296-8f54-7312f03e4bee,dfe1dfc888193864_88e2e864-4689-41d0-8701-c71b1666962e,0315,1290.363,1490.277
de079ceb-817c-4296-8f54-7312f03e4bee,dfe1dfc888193864_88e2e864-4689-41d0-8701-c71b1666962e,0320,1291.772,1510.141
de079ceb-817c-4296-8f54-7312f03e4bee,dfe1dfc888193864_88e2e864-4689-41d0-8701-c71b1666962e,0325,1290.378,1505.936
de079ceb-817c-4296-8f54-7312f03e4bee,dfe1dfc888193864_88e2e864-4689-41d0-8701-c71b1666962e,0330,1290.274,1510.088
de079ceb-817c-4296-8f54-7312f03e4bee,dfe1dfc888193864_88e2e864-4689-41d0-8701-c71b1666962e,0335,1290.452,1485.128
de079ceb-817c-4296-8f54-7312f03e4bee,dfe1dfc888193864_88e2e864-4689-41d0-8701-c71b1666962e,0340,1290.373,1513.94
de079ceb-817c-4296-8f54-7312f03e4bee,dfe1dfc888193864_88e2e864-4689-41d0-8701-c71b1666962e,0345,1288.748,1493.555
de079ceb-817c-4296-8f54-7312f03e4bee,dfe1dfc888193864_88e2e864-4689-41d0-8701-c71b1666962e,0350,1287.862,1509.329
de079ceb-817c-4296-8f54-7312f03e4bee,dfe1dfc888193864_88e2e864-4689-41d0-8701-c71b1666962e,0355,1288.05,1483.91
de079ceb-817c-4296-8f54-7312f03e4bee,dfe1dfc888193864_88e2e864-4689-41d0-8701-c71b1666962e,0360,1291.105,1511.167
de079ceb-817c-4296-8f54-7312f03e4bee,dfe1dfc888193864_88e2e864-4689-41d0-8701-c71b1666962e,0365,1289.229,1479.662
de079ceb-817c-4296-8f54-7312f03e4bee,dfe1dfc888193864_88e2e864-4689-41d0-8701-c71b1666962e,0370,1288.618,1501.711
de079ceb-817c-4296-8f54-7312f03e4bee,dfe1dfc888193864_88e2e864-4689-41d0-8701-c71b1666962e,0375,1289.489,1493.044
de079ceb-817c-4296-8f54-7312f03e4bee,dfe1dfc888193864_88e2e864-4689-41d0-8701-c71b1666962e,0380,1289.757,1515.701
de079ceb-817c-4296-8f54-7312f03e4bee,dfe1dfc888193864_88e2e864-4689-41d0-8701-c71b1666962e,0385,1288.84,1489.009
de079ceb-817c-4296-8f54-7312f03e4bee,dfe1dfc888193864_88e2e864-4689-41d0-8701-c71b1666962e,0390,1290.235,1526.603
de079ceb-817c-4296-8f54-7312f03e4bee,dfe1dfc888193864_88e2e864-4689-41d0-8701-c71b1666962e,0395,1287.187,1493.023
de079ceb-817c-4296-8f54-7312f03e4bee,dfe1dfc888193864_88e2e864-4689-41d0-8701-c71b1666962e,0400,1289.847,1511.363
de079ceb-817c-4296-8f54-7312f03e4bee,dfe1dfc888193864_88e2e864-4689-41d0-8701-c71b1666962e,0405,1289.314,1505.302
de079ceb-817c-4296-8f54-7312f03e4bee,dfe1dfc888193864_88e2e864-4689-41d0-8701-c71b1666962e,0410,1290.677,1522.027
de079ceb-817c-4296-8f54-7312f03e4bee,dfe1dfc888193864_88e2e864-4689-41d0-8701-c71b1666962e,0415,1289.343,1515.94
de079ceb-817c-4296-8f54-7312f03e4bee,dfe1dfc888193864_88e2e864-4689-41d0-8701-c71b1666962e,0420,1289.158,1514.038
de079ceb-817c-4296-8f54-7312f03e4bee,dfe1dfc888193864_88e2e864-4689-41d0-8701-c71b1666962e,0425,1289.152,1504.837
de079ceb-817c-4296-8f54-7312f03e4bee,dfe1dfc888193864_88e2e864-4689-41d0-8701-c71b1666962e,0430,1290.318,1517.463
de079ceb-817c-4296-8f54-7312f03e4bee,dfe1dfc888193864_88e2e864-4689-41d0-8701-c71b1666962e,0435,1288.862,1512.594
de079ceb-817c-4296-8f54-7312f03e4bee,dfe1dfc888193864_88e2e864-4689-41d0-8701-c71b1666962e,0440,1289.017,1513.023
de079ceb-817c-4296-8f54-7312f03e4bee,dfe1dfc888193864_88e2e864-4689-41d0-8701-c71b1666962e,0445,1290.584,1513.946
de079ceb-817c-4296-8f54-7312f03e4bee,dfe1dfc888193864_88e2e864-4689-41d0-8701-c71b1666962e,0450,1289.434,1514.076
de079ceb-817c-4296-8f54-7312f03e4bee,dfe1dfc888193864_88e2e864-4689-41d0-8701-c71b1666962e,0455,1290.48,1518.242
333f52ce-20ef-449f-8bd4-534de18395c1,f4134d698722eec5_3434b65c-895e-4c3a-b9d6-30e9eb6928d0,0005,1288.543,1530.349
333f52ce-20ef-449f-8bd4-534de18395c1,f4134d698722eec5_3434b65c-895e-4c3a-b9d6-30e9eb6928d0,0010,1288.323,1512.712
333f52ce-20ef-449f-8bd4-534de18395c1,f4134d698722eec5_3434b65c-895e-4c3a-b9d6-30e9eb6928d0,0015,1289.938,1535.46
333f52ce-20ef-449f-8bd4-534de18395c1,f4134d698722eec5_3434b65c-895e-4c3a-b9d6-30e9eb6928d0,0020,1289.316,1520.842
333f52ce-20ef-449f-8bd4-534de18395c1,f4134d698722eec5_3434b65c-895e-4c3a-b9d6-30e9eb6928d0,0025,1289.632,1535.785
333f52ce-20ef-449f-8bd4-534de18395c1,f4134d698722eec5_3434b65c-895e-4c3a-b9d6-30e9eb6928d0,0030,1289.234,1513.932
333f52ce-20ef-449f-8bd4-534de18395c1,f4134d698722eec5_3434b65c-895e-4c3a-b9d6-30e9eb6928d0,0035,1289.755,1528.094
333f52ce-20ef-449f-8bd4-534de18395c1,f4134d698722eec5_3434b65c-895e-4c3a-b9d6-30e9eb6928d0,0040,1288.983,1512.419
333f52ce-20ef-449f-8bd4-534de18395c1,f4134d698722eec5_3434b65c-895e-4c3a-b9d6-30e9eb6928d0,0045,1288.899,1516.433
333f52ce-20ef-449f-8bd4-534de18395c1,f4134d698722eec5_3434b65c-895e-4c3a-b9d6-30e9eb6928d0,0050,1288.84,1519.03
333f52ce-20ef-449f-8bd4-534de18395c1,f4134d698722eec5_3434b65c-895e-4c3a-b9d6-30e9eb6928d0,0055,1289.355,1526.23
333f52ce-20ef-449f-8bd4-534de18395c1,f4134d698722eec5_3434b65c-895e-4c3a-b9d6-30e9eb6928d0,0060,1288.324,1523.436
333f52ce-20ef-449f-8bd4-534de18395c1,f4134d698722eec5_3434b65c-895e-4c3a-b9d6-30e9eb6928d0,0065,1288.679,1510.682
333f52ce-20ef-449f-8bd4-534de18395c1,f4134d698722eec5_3434b65c-895e-4c3a-b9d6-30e9eb6928d0,0070,1288.985,1511.462
333f52ce-20ef-449f-8bd4-534de18395c1,f4134d698722eec5_3434b65c-895e-4c3a-b9d6-30e9eb6928d0,0075,1288.02,1493.234
333f52ce-20ef-449f-8bd4-534de18395c1,f4134d698722eec5_3434b65c-895e-4c3a-b9d6-30e9eb6928d0,0080,1287.824,1519.713
333f52ce-20ef-449f-8bd4-534de18395c1,f4134d698722eec5_3434b65c-895e-4c3a-b9d6-30e9eb6928d0,0085,1288.778,1492.311
333f52ce-20ef-449f-8bd4-534de18395c1,f4134d698722eec5_3434b65c-895e-4c3a-b9d6-30e9eb6928d0,0090,1289.526,1518.322
333f52ce-20ef-449f-8bd4-534de18395c1,f4134d698722eec5_3434b65c-895e-4c3a-b9d6-30e9eb6928d0,0095,1287.408,1508.673
333f52ce-20ef-449f-8bd4-534de18395c1,f4134d698722eec5_3434b65c-895e-4c3a-b9d6-30e9eb6928d0,0100,1288.904,1519.764
333f52ce-20ef-449f-8bd4-534de18395c1,f4134d698722eec5_3434b65c-895e-4c3a-b9d6-30e9eb6928d0,0105,1290.335,1498.924
333f52ce-20ef-449f-8bd4-534de18395c1,f4134d698722eec5_3434b65c-895e-4c3a-b9d6-30e9eb6928d0,0110,1289.037,1521.961
333f52ce-20ef-449f-8bd4-534de18395c1,f4134d698722eec5_3434b65c-895e-4c3a-b9d6-30e9eb6928d0,0115,1289.12,1513.106
333f52ce-20ef-449f-8bd4-534de18395c1,f4134d698722eec5_3434b65c-895e-4c3a-b9d6-30e9eb6928d0,0120,1289.159,1516.599
333f52ce-20ef-449f-8bd4-534de18395c1,f4134d698722eec5_3434b65c-895e-4c3a-b9d6-30e9eb6928d0,0125,1289.428,1516.331
333f52ce-20ef-449f-8bd4-534de18395c1,f4134d698722eec5_3434b65c-895e-4c3a-b9d6-30e9eb6928d0,0130,1289.016,1514.144
333f52ce-20ef-449f-8bd4-534de18395c1,f4134d698722eec5_3434b65c-895e-4c3a-b9d6-30e9eb6928d0,0135,1288.898,1522.314
333f52ce-20ef-449f-8bd4-534de18395c1,f4134d698722eec5_3434b65c-895e-4c3a-b9d6-30e9eb6928d0,0140,1288.384,1500.962
333f52ce-20ef-449f-8bd4-534de18395c1,f4134d698722eec5_3434b65c-895e-4c3a-b9d6-30e9eb6928d0,0145,1289.665,1511.431
333f52ce-20ef-449f-8bd4-534de18395c1,f4134d698722eec5_3434b65c-895e-4c3a-b9d6-30e9eb6928d0,0150,1290.029,1524.802
333f52ce-20ef-449f-8bd4-534de18395c1,f4134d698722eec5_3434b65c-895e-4c3a-b9d6-30e9eb6928d0,0155,1289.873,1516.014
333f52ce-20ef-449f-8bd4-534de18395c1,f4134d698722eec5_3434b65c-895e-4c3a-b9d6-30e9eb6928d0,0160,1288.26,1515.777
333f52ce-20ef-449f-8bd4-534de18395c1,f4134d698722eec5_3434b65c-895e-4c3a-b9d6-30e9eb6928d0,0165,1288.644,1504.314
333f52ce-20ef-449f-8bd4-534de18395c1,f4134d698722eec5_3434b65c-895e-4c3a-b9d6-30e9eb6928d0,0170,1289.311,1501.809
333f52ce-20ef-449f-8bd4-534de18395c1,f4134d698722eec5_3434b65c-895e-4c3a-b9d6-30e9eb6928d0,0175,1288.851,1522.513
333f52ce-20ef-449f-8bd4-534de18395c1,f4134d698722eec5_3434b65c-895e-4c3a-b9d6-30e9eb6928d0,0180,1288.997,1523.695
333f52ce-20ef-449f-8bd4-534de18395c1,f4134d698722eec5_3434b65c-895e-4c3a-b9d6-30e9eb6928d0,0185,1289.377,1507.708
333f52ce-20ef-449f-8bd4-534de18395c1,f4134d698722eec5_3434b65c-895e-4c3a-b9d6-30e9eb6928d0,0190,1288.936,1541.895
333f52ce-20ef-449f-8bd4-534de18395c1,f4134d698722eec5_3434b65c-895e-4c3a-b9d6-30e9eb6928d0,0195,1288.323,1532.495
333f52ce-20ef-449f-8bd4-534de18395c1,f4134d698722eec5_3434b65c-895e-4c3a-b9d6-30e9eb6928d0,0200,1290.463,1530.705
333f52ce-20ef-449f-8bd4-534de18395c1,f4134d698722eec5_3434b65c-895e-4c3a-b9d6-30e9eb6928d0,0205,1290.638,1536.897
333f52ce-20ef-449f-8bd4-534de18395c1,f4134d698722eec5_3434b65c-895e-4c3a-b9d6-30e9eb6928d0,0210,1289.992,1548.016
333f52ce-20ef-449f-8bd4-534de18395c1,f4134d698722eec5_3434b65c-895e-4c3a-b9d6-30e9eb6928d0,0215,1288.878,1527.246
333f52ce-20ef-449f-8bd4-534de18395c1,f4134d698722eec5_3434b65c-895e-4c3a-b9d6-30e9eb6928d0,0220,1290.904,1520.406
333f52ce-20ef-449f-8bd4-534de18395c1,f4134d698722eec5_3434b65c-895e-4c3a-b9d6-30e9eb6928d0,0225,1288.293,1519.274
333f52ce-20ef-449f-8bd4-534de18395c1,f4134d698722eec5_3434b65c-895e-4c3a-b9d6-30e9eb6928d0,0230,1290.564,1509.039
333f52ce-20ef-449f-8bd4-534de18395c1,f4134d698722eec5_3434b65c-895e-4c3a-b9d6-30e9eb6928d0,0235,1289.705,1519.133
333f52ce-20ef-449f-8bd4-534de18395c1,f4134d698722eec5_3434b65c-895e-4c3a-b9d6-30e9eb6928d0,0240,1288.706,1516.023
333f52ce-20ef-449f-8bd4-534de18395c1,f4134d698722eec5_3434b65c-895e-4c3a-b9d6-30e9eb6928d0,0245,1288.162,1514.279
333f52ce-20ef-449f-8bd4-534de18395c1,f4134d698722eec5_3434b65c-895e-4c3a-b9d6-30e9eb6928d0,0250,1287.336,1521.871
333f52ce-20ef-449f-8bd4-534de18395c1,f4134d698722eec5_3434b65c-895e-4c3a-b9d6-30e9eb6928d0,0255,1289.44,1518.235
333f52ce-20ef-449f-8bd4-534de18395c1,f4134d698722eec5_3434b65c-895e-4c3a-b9d6-30e9eb6928d0,0260,1288.292,1519.092
333f52ce-20ef-449f-8bd4-534de18395c1,f4134d698722eec5_3434b65c-895e-4c3a-b9d6-30e9eb6928d0,0265,1289.662,1534.163
333f52ce-20ef-449f-8bd4-534de18395c1,f4134d698722eec5_3434b65c-895e-4c3a-b9d6-30e9eb6928d0,0270,1287.736,1501.281
333f52ce-20ef-449f-8bd4-534de18395c1,f4134d698722eec5_3434b65c-895e-4c3a-b9d6-30e9eb6928d0,0275,1289.759,1515.156
333f52ce-20ef-449f-8bd4-534de18395c1,f4134d698722eec5_3434b65c-895e-4c3a-b9d6-30e9eb6928d0,0280,1288.603,1516.3
333f52ce-20ef-449f-8bd4-534de18395c1,f4134d698722eec5_3434b65c-895e-4c3a-b9d6-30e9eb6928d0,0285,1289.391,1514.351
333f52ce-20ef-449f-8bd4-534de18395c1,f4134d698722eec5_3434b65c-895e-4c3a-b9d6-30e9eb6928d0,0290,1289.16,1526.315
333f52ce-20ef-449f-8bd4-534de18395c1,f4134d698722eec5_3434b65c-895e-4c3a-b9d6-30e9eb6928d0,0295,1289.874,1504.351
333f52ce-20ef-449f-8bd4-534de18395c1,f4134d698722eec5_3434b65c-895e-4c3a-b9d6-30e9eb6928d0,0300,1290.342,1494.636
333f52ce-20ef-449f-8bd4-534de18395c1,f4134d698722eec5_3434b65c-895e-4c3a-b9d6-30e9eb6928d0,0305,1292.254,1512.794
333f52ce-20ef-449f-8bd4-534de18395c1,f4134d698722eec5_3434b65c-895e-4c3a-b9d6-30e9eb6928d0,0310,1291.19,1520.843
333f52ce-20ef-449f-8bd4-534de18395c1,f4134d698722eec5_3434b65c-895e-4c3a-b9d6-30e9eb6928d0,0315,1290.594,1525.648
333f52ce-20ef-449f-8bd4-534de18395c1,f4134d698722eec5_3434b65c-895e-4c3a-b9d6-30e9eb6928d0,0320,1288.501,1509.735
333f52ce-20ef-449f-8bd4-534de18395c1,f4134d698722eec5_3434b65c-895e-4c3a-b9d6-30e9eb6928d0,0325,1289.281,1539.93
66940b12-6da7-4b1a-b58d-b271c6cbb305,ef8ad6b8f2aca05e_e23299b4-3dfd-40c1-8dcf-22cc0281aec2,0005,1289.446,1520.935
66940b12-6da7-4b1a-b58d-b271c6cbb305,ef8ad6b8f2aca05e_e23299b4-3dfd-40c1-8dcf-22cc0281aec2,0010,1289.291,1539.606
66940b12-6da7-4b1a-b58d-b271c6cbb305,ef8ad6b8f2aca05e_e23299b4-3dfd-40c1-8dcf-22cc0281aec2,0015,1288.905,1500.082
66940b12-6da7-4b1a-b58d-b271c6cbb305,ef8ad6b8f2aca05e_e23299b4-3dfd-40c1-8dcf-22cc0281aec2,0020,1289.336,1511.191
66940b12-6da7-4b1a-b58d-b271c6cbb305,ef8ad6b8f2aca05e_e23299b4-3dfd-40c1-8dcf-22cc0281aec2,0025,1288.879,1518.261
66940b12-6da7-4b1a-b58d-b271c6cbb305,ef8ad6b8f2aca05e_e23299b4-3dfd-40c1-8dcf-22cc0281aec2,0030,1290.51,1500.887
66940b12-6da7-4b1a-b58d-b271c6cbb305,ef8ad6b8f2aca05e_e23299b4-3dfd-40c1-8dcf-22cc0281aec2,0035,1288.676,1530.109
66940b12-6da7-4b1a-b58d-b271c6cbb305,ef8ad6b8f2aca05e_e23299b4-3dfd-40c1-8dcf-22cc0281aec2,0040,1289.424,1546.668
66940b12-6da7-4b1a-b58d-b271c6cbb305,ef8ad6b8f2aca05e_e23299b4-3dfd-40c1-8dcf-22cc0281aec2,0045,1289.69,1515.69
66940b12-6da7-4b1a-b58d-b271c6cbb305,ef8ad6b8f2aca05e_e23299b4-3dfd-40c1-8dcf-22cc0281aec2,0050,1288.415,1498.418
66940b12-6da7-4b1a-b58d-b271c6cbb305,ef8ad6b8f2aca05e_e23299b4-3dfd-40c1-8dcf-22cc0281aec2,0055,1288.639,1516.115
66940b12-6da7-4b1a-b58d-b271c6cbb305,ef8ad6b8f2aca05e_e23299b4-3dfd-40c1-8dcf-22cc0281aec2,0060,1290.017,1532.141
66940b12-6da7-4b1a-b58d-b271c6cbb305,ef8ad6b8f2aca05e_e23299b4-3dfd-40c1-8dcf-22cc0281aec2,0065,1289.563,1507.471
66940b12-6da7-4b1a-b58d-b271c6cbb305,ef8ad6b8f2aca05e_e23299b4-3dfd-40c1-8dcf-22cc0281aec2,0070,1290.258,1514.114
66940b12-6da7-4b1a-b58d-b271c6cbb305,ef8ad6b8f2aca05e_e23299b4-3dfd-40c1-8dcf-22cc0281aec2,0075,1289.697,1534.664
66940b12-6da7-4b1a-b58d-b271c6cbb305,ef8ad6b8f2aca05e_e23299b4-3dfd-40c1-8dcf-22cc0281aec2,0080,1290.075,1517.368
66940b12-6da7-4b1a-b58d-b271c6cbb305,ef8ad6b8f2aca05e_e23299b4-3dfd-40c1-8dcf-22cc0281aec2,0085,1290.27,1522.307
66940b12-6da7-4b1a-b58d-b271c6cbb305,ef8ad6b8f2aca05e_e23299b4-3dfd-40c1-8dcf-22cc0281aec2,0090,1290.63,1515.621
66940b12-6da7-4b1a-b58d-b271c6cbb305,ef8ad6b8f2aca05e_e23299b4-3dfd-40c1-8dcf-22cc0281aec2,0095,1288.118,1523.938
66940b12-6da7-4b1a-b58d-b271c6cbb305,ef8ad6b8f2aca05e_e23299b4-3dfd-40c1-8dcf-22cc0281aec2,0100,1291.879,1604.492
66940b12-6da7-4b1a-b58d-b271c6cbb305,ef8ad6b8f2aca05e_e23299b4-3dfd-40c1-8dcf-22cc0281aec2,0105,1289.163,1536.857
66940b12-6da7-4b1a-b58d-b271c6cbb305,ef8ad6b8f2aca05e_e23299b4-3dfd-40c1-8dcf-22cc0281aec2,0110,1288.621,1537.217
66940b12-6da7-4b1a-b58d-b271c6cbb305,ef8ad6b8f2aca05e_e23299b4-3dfd-40c1-8dcf-22cc0281aec2,0115,1289.42,1514.337
66940b12-6da7-4b1a-b58d-b271c6cbb305,ef8ad6b8f2aca05e_e23299b4-3dfd-40c1-8dcf-22cc0281aec2,0120,1288.939,1517.969
66940b12-6da7-4b1a-b58d-b271c6cbb305,ef8ad6b8f2aca05e_e23299b4-3dfd-40c1-8dcf-22cc0281aec2,0125,1289.131,1532.753
66940b12-6da7-4b1a-b58d-b271c6cbb305,ef8ad6b8f2aca05e_e23299b4-3dfd-40c1-8dcf-22cc0281aec2,0130,1287.816,1511.417
66940b12-6da7-4b1a-b58d-b271c6cbb305,ef8ad6b8f2aca05e_e23299b4-3dfd-40c1-8dcf-22cc0281aec2,0135,1290.134,1490.47
66940b12-6da7-4b1a-b58d-b271c6cbb305,ef8ad6b8f2aca05e_e23299b4-3dfd-40c1-8dcf-22cc0281aec2,0140,1288.775,1520.055
66940b12-6da7-4b1a-b58d-b271c6cbb305,ef8ad6b8f2aca05e_e23299b4-3dfd-40c1-8dcf-22cc0281aec2,0145,1290.13,1524.372
66940b12-6da7-4b1a-b58d-b271c6cbb305,ef8ad6b8f2aca05e_e23299b4-3dfd-40c1-8dcf-22cc0281aec2,0150,1288.841,1522.807
66940b12-6da7-4b1a-b58d-b271c6cbb305,ef8ad6b8f2aca05e_e23299b4-3dfd-40c1-8dcf-22cc0281aec2,0155,1289.427,1521.378
66940b12-6da7-4b1a-b58d-b271c6cbb305,ef8ad6b8f2aca05e_e23299b4-3dfd-40c1-8dcf-22cc0281aec2,0160,1289.207,1512.815
66940b12-6da7-4b1a-b58d-b271c6cbb305,ef8ad6b8f2aca05e_e23299b4-3dfd-40c1-8dcf-22cc0281aec2,0165,1287.773,1505.387
66940b12-6da7-4b1a-b58d-b271c6cbb305,ef8ad6b8f2aca05e_e23299b4-3dfd-40c1-8dcf-22cc0281aec2,0170,1289.818,1515.579
66940b12-6da7-4b1a-b58d-b271c6cbb305,ef8ad6b8f2aca05e_e23299b4-3dfd-40c1-8dcf-22cc0281aec2,0175,1288.768,1519.906
66940b12-6da7-4b1a-b58d-b271c6cbb305,ef8ad6b8f2aca05e_e23299b4-3dfd-40c1-8dcf-22cc0281aec2,0180,1290.106,1519.41
66940b12-6da7-4b1a-b58d-b271c6cbb305,ef8ad6b8f2aca05e_e23299b4-3dfd-40c1-8dcf-22cc0281aec2,0185,1289.068,1499.33
66940b12-6da7-4b1a-b58d-b271c6cbb305,ef8ad6b8f2aca05e_e23299b4-3dfd-40c1-8dcf-22cc0281aec2,0190,1288.749,1516.8
66940b12-6da7-4b1a-b58d-b271c6cbb305,ef8ad6b8f2aca05e_e23299b4-3dfd-40c1-8dcf-22cc0281aec2,0195,1289.18,1513.998
66940b12-6da7-4b1a-b58d-b271c6cbb305,ef8ad6b8f2aca05e_e23299b4-3dfd-40c1-8dcf-22cc0281aec2,0200,1288.505,1532.615
66940b12-6da7-4b1a-b58d-b271c6cbb305,ef8ad6b8f2aca05e_e23299b4-3dfd-40c1-8dcf-22cc0281aec2,0205,1289.027,1503.008
66940b12-6da7-4b1a-b58d-b271c6cbb305,ef8ad6b8f2aca05e_e23299b4-3dfd-40c1-8dcf-22cc0281aec2,0210,1291.53,1526.868
66940b12-6da7-4b1a-b58d-b271c6cbb305,ef8ad6b8f2aca05e_e23299b4-3dfd-40c1-8dcf-22cc0281aec2,0215,1289.023,1520.327
66940b12-6da7-4b1a-b58d-b271c6cbb305,ef8ad6b8f2aca05e_e23299b4-3dfd-40c1-8dcf-22cc0281aec2,0220,1290.415,1516.179
66940b12-6da7-4b1a-b58d-b271c6cbb305,ef8ad6b8f2aca05e_e23299b4-3dfd-40c1-8dcf-22cc0281aec2,0225,1288.995,1527.946
66940b12-6da7-4b1a-b58d-b271c6cbb305,ef8ad6b8f2aca05e_e23299b4-3dfd-40c1-8dcf-22cc0281aec2,0230,1288.986,1530.693
66940b12-6da7-4b1a-b58d-b271c6cbb305,ef8ad6b8f2aca05e_e23299b4-3dfd-40c1-8dcf-22cc0281aec2,0235,1290.324,1530.753
66940b12-6da7-4b1a-b58d-b271c6cbb305,ef8ad6b8f2aca05e_e23299b4-3dfd-40c1-8dcf-22cc0281aec2,0240,1288.536,1539.192
66940b12-6da7-4b1a-b58d-b271c6cbb305,ef8ad6b8f2aca05e_e23299b4-3dfd-40c1-8dcf-22cc0281aec2,0245,1289.069,1498.881
66940b12-6da7-4b1a-b58d-b271c6cbb305,ef8ad6b8f2aca05e_e23299b4-3dfd-40c1-8dcf-22cc0281aec2,0250,1289.393,1518.536
66940b12-6da7-4b1a-b58d-b271c6cbb305,ef8ad6b8f2aca05e_e23299b4-3dfd-40c1-8dcf-22cc0281aec2,0255,1289.069,1530.944
66940b12-6da7-4b1a-b58d-b271c6cbb305,ef8ad6b8f2aca05e_e23299b4-3dfd-40c1-8dcf-22cc0281aec2,0260,1289.1,1515.059
66940b12-6da7-4b1a-b58d-b271c6cbb305,ef8ad6b8f2aca05e_e23299b4-3dfd-40c1-8dcf-22cc0281aec2,0265,1287.617,1510.998
66940b12-6da7-4b1a-b58d-b271c6cbb305,ef8ad6b8f2aca05e_e23299b4-3dfd-40c1-8dcf-22cc0281aec2,0270,1288.385,1512.579
66940b12-6da7-4b1a-b58d-b271c6cbb305,ef8ad6b8f2aca05e_e23299b4-3dfd-40c1-8dcf-22cc0281aec2,0275,1288.563,1517.218
66940b12-6da7-4b1a-b58d-b271c6cbb305,ef8ad6b8f2aca05e_e23299b4-3dfd-40c1-8dcf-22cc0281aec2,0280,1289.584,1524.238
66940b12-6da7-4b1a-b58d-b271c6cbb305,ef8ad6b8f2aca05e_e23299b4-3dfd-40c1-8dcf-22cc0281aec2,0285,1288.81,1541.148
66940b12-6da7-4b1a-b58d-b271c6cbb305,ef8ad6b8f2aca05e_e23299b4-3dfd-40c1-8dcf-22cc0281aec2,0290,1288.601,1513.26
66940b12-6da7-4b1a-b58d-b271c6cbb305,ef8ad6b8f2aca05e_e23299b4-3dfd-40c1-8dcf-22cc0281aec2,0295,1288.973,1531.816
66940b12-6da7-4b1a-b58d-b271c6cbb305,ef8ad6b8f2aca05e_e23299b4-3dfd-40c1-8dcf-22cc0281aec2,0300,1288.412,1503.039
66940b12-6da7-4b1a-b58d-b271c6cbb305,ef8ad6b8f2aca05e_e23299b4-3dfd-40c1-8dcf-22cc0281aec2,0305,1288.23,1537.811
66940b12-6da7-4b1a-b58d-b271c6cbb305,ef8ad6b8f2aca05e_e23299b4-3dfd-40c1-8dcf-22cc0281aec2,0310,1287.98,1559.769
66940b12-6da7-4b1a-b58d-b271c6cbb305,ef8ad6b8f2aca05e_e23299b4-3dfd-40c1-8dcf-22cc0281aec2,0315,1288.35,1530.044
66940b12-6da7-4b1a-b58d-b271c6cbb305,ef8ad6b8f2aca05e_e23299b4-3dfd-40c1-8dcf-22cc0281aec2,0320,1289.02,1494.429
66940b12-6da7-4b1a-b58d-b271c6cbb305,ef8ad6b8f2aca05e_e23299b4-3dfd-40c1-8dcf-22cc0281aec2,0325,1291.654,1529.599
66940b12-6da7-4b1a-b58d-b271c6cbb305,ef8ad6b8f2aca05e_e23299b4-3dfd-40c1-8dcf-22cc0281aec2,0330,1289.188,1524.178
66940b12-6da7-4b1a-b58d-b271c6cbb305,ef8ad6b8f2aca05e_e23299b4-3dfd-40c1-8dcf-22cc0281aec2,0335,1288.609,1537.106
66940b12-6da7-4b1a-b58d-b271c6cbb305,ef8ad6b8f2aca05e_e23299b4-3dfd-40c1-8dcf-22cc0281aec2,0340,1288.176,1510.574
66940b12-6da7-4b1a-b58d-b271c6cbb305,ef8ad6b8f2aca05e_e23299b4-3dfd-40c1-8dcf-22cc0281aec2,0345,1290.317,1536.867
66940b12-6da7-4b1a-b58d-b271c6cbb305,ef8ad6b8f2aca05e_e23299b4-3dfd-40c1-8dcf-22cc0281aec2,0350,1288.426,1528.875
66940b12-6da7-4b1a-b58d-b271c6cbb305,ef8ad6b8f2aca05e_e23299b4-3dfd-40c1-8dcf-22cc0281aec2,0355,1288.941,1525.593
66940b12-6da7-4b1a-b58d-b271c6cbb305,ef8ad6b8f2aca05e_e23299b4-3dfd-40c1-8dcf-22cc0281aec2,0360,1288.543,1513.573
66940b12-6da7-4b1a-b58d-b271c6cbb305,ef8ad6b8f2aca05e_e23299b4-3dfd-40c1-8dcf-22cc0281aec2,0365,1289.077,1552.044
66940b12-6da7-4b1a-b58d-b271c6cbb305,ef8ad6b8f2aca05e_e23299b4-3dfd-40c1-8dcf-22cc0281aec2,0370,1289.432,1516.048
66940b12-6da7-4b1a-b58d-b271c6cbb305,ef8ad6b8f2aca05e_e23299b4-3dfd-40c1-8dcf-22cc0281aec2,0375,1291.69,1503.403
66940b12-6da7-4b1a-b58d-b271c6cbb305,ef8ad6b8f2aca05e_e23299b4-3dfd-40c1-8dcf-22cc0281aec2,0380,1289.076,1512.017
66940b12-6da7-4b1a-b58d-b271c6cbb305,ef8ad6b8f2aca05e_e23299b4-3dfd-40c1-8dcf-22cc0281aec2,0385,1289.237,1541.397
66940b12-6da7-4b1a-b58d-b271c6cbb305,ef8ad6b8f2aca05e_e23299b4-3dfd-40c1-8dcf-22cc0281aec2,0390,1290.029,1521.459
66940b12-6da7-4b1a-b58d-b271c6cbb305,ef8ad6b8f2aca05e_e23299b4-3dfd-40c1-8dcf-22cc0281aec2,0395,1288.692,1510.29
66940b12-6da7-4b1a-b58d-b271c6cbb305,ef8ad6b8f2aca05e_e23299b4-3dfd-40c1-8dcf-22cc0281aec2,0400,1288.625,1517.647
66940b12-6da7-4b1a-b58d-b271c6cbb305,ef8ad6b8f2aca05e_e23299b4-3dfd-40c1-8dcf-22cc0281aec2,0405,1289.368,1514.874
66940b12-6da7-4b1a-b58d-b271c6cbb305,ef8ad6b8f2aca05e_e23299b4-3dfd-40c1-8dcf-22cc0281aec2,0410,1289.475,1516.645
66940b12-6da7-4b1a-b58d-b271c6cbb305,ef8ad6b8f2aca05e_e23299b4-3dfd-40c1-8dcf-22cc0281aec2,0415,1289.553,1516.17
66940b12-6da7-4b1a-b58d-b271c6cbb305,ef8ad6b8f2aca05e_e23299b4-3dfd-40c1-8dcf-22cc0281aec2,0420,1289.443,1532.404
66940b12-6da7-4b1a-b58d-b271c6cbb305,ef8ad6b8f2aca05e_e23299b4-3dfd-40c1-8dcf-22cc0281aec2,0425,1289.25,1526.455
66940b12-6da7-4b1a-b58d-b271c6cbb305,ef8ad6b8f2aca05e_e23299b4-3dfd-40c1-8dcf-22cc0281aec2,0430,1288.413,1519.581
66940b12-6da7-4b1a-b58d-b271c6cbb305,ef8ad6b8f2aca05e_e23299b4-3dfd-40c1-8dcf-22cc0281aec2,0435,1288.986,1483.833
66940b12-6da7-4b1a-b58d-b271c6cbb305,ef8ad6b8f2aca05e_e23299b4-3dfd-40c1-8dcf-22cc0281aec2,0440,1289.433,1517.844
66940b12-6da7-4b1a-b58d-b271c6cbb305,ef8ad6b8f2aca05e_e23299b4-3dfd-40c1-8dcf-22cc0281aec2,0445,1287.782,1515.751
66940b12-6da7-4b1a-b58d-b271c6cbb305,ef8ad6b8f2aca05e_e23299b4-3dfd-40c1-8dcf-22cc0281aec2,0450,1290.214,1537.62
66940b12-6da7-4b1a-b58d-b271c6cbb305,ef8ad6b8f2aca05e_e23299b4-3dfd-40c1-8dcf-22cc0281aec2,0455,1289.093,1508.702
66940b12-6da7-4b1a-b58d-b271c6cbb305,ef8ad6b8f2aca05e_e23299b4-3dfd-40c1-8dcf-22cc0281aec2,0460,1289.293,1520.852
66940b12-6da7-4b1a-b58d-b271c6cbb305,ef8ad6b8f2aca05e_e23299b4-3dfd-40c1-8dcf-22cc0281aec2,0465,1288.992,1519.117
66940b12-6da7-4b1a-b58d-b271c6cbb305,ef8ad6b8f2aca05e_e23299b4-3dfd-40c1-8dcf-22cc0281aec2,0470,1290.854,1544.693
66940b12-6da7-4b1a-b58d-b271c6cbb305,ef8ad6b8f2aca05e_e23299b4-3dfd-40c1-8dcf-22cc0281aec2,0475,1289.947,1502.076
66940b12-6da7-4b1a-b58d-b271c6cbb305,ef8ad6b8f2aca05e_e23299b4-3dfd-40c1-8dcf-22cc0281aec2,0480,1291.406,1532.245
66940b12-6da7-4b1a-b58d-b271c6cbb305,ef8ad6b8f2aca05e_e23299b4-3dfd-40c1-8dcf-22cc0281aec2,0485,1288.47,1517.126
66940b12-6da7-4b1a-b58d-b271c6cbb305,ef8ad6b8f2aca05e_e23299b4-3dfd-40c1-8dcf-22cc0281aec2,0490,1288.62,1502.191
66940b12-6da7-4b1a-b58d-b271c6cbb305,ef8ad6b8f2aca05e_e23299b4-3dfd-40c1-8dcf-22cc0281aec2,0495,1288.485,1516.571
66940b12-6da7-4b1a-b58d-b271c6cbb305,ef8ad6b8f2aca05e_e23299b4-3dfd-40c1-8dcf-22cc0281aec2,0500,1287.992,1529.216
66940b12-6da7-4b1a-b58d-b271c6cbb305,ef8ad6b8f2aca05e_e23299b4-3dfd-40c1-8dcf-22cc0281aec2,0505,1288.713,1526.52
66940b12-6da7-4b1a-b58d-b271c6cbb305,ef8ad6b8f2aca05e_e23299b4-3dfd-40c1-8dcf-22cc0281aec2,0510,1288.288,1502.262
66940b12-6da7-4b1a-b58d-b271c6cbb305,ef8ad6b8f2aca05e_e23299b4-3dfd-40c1-8dcf-22cc0281aec2,0515,1291.03,1517.995
66940b12-6da7-4b1a-b58d-b271c6cbb305,ef8ad6b8f2aca05e_e23299b4-3dfd-40c1-8dcf-22cc0281aec2,0520,1288.628,1514.316
66940b12-6da7-4b1a-b58d-b271c6cbb305,ef8ad6b8f2aca05e_e23299b4-3dfd-40c1-8dcf-22cc0281aec2,0525,1290.526,1519.285
66940b12-6da7-4b1a-b58d-b271c6cbb305,ef8ad6b8f2aca05e_e23299b4-3dfd-40c1-8dcf-22cc0281aec2,0530,1288.866,1514.927
66940b12-6da7-4b1a-b58d-b271c6cbb305,ef8ad6b8f2aca05e_e23299b4-3dfd-40c1-8dcf-22cc0281aec2,0535,1289.341,1515.628
66940b12-6da7-4b1a-b58d-b271c6cbb305,ef8ad6b8f2aca05e_e23299b4-3dfd-40c1-8dcf-22cc0281aec2,0540,1289.856,1525.104
66940b12-6da7-4b1a-b58d-b271c6cbb305,ef8ad6b8f2aca05e_e23299b4-3dfd-40c1-8dcf-22cc0281aec2,0545,1289.272,1522.686
66940b12-6da7-4b1a-b58d-b271c6cbb305,ef8ad6b8f2aca05e_e23299b4-3dfd-40c1-8dcf-22cc0281aec2,0550,1289.418,1491.274
66940b12-6da7-4b1a-b58d-b271c6cbb305,ef8ad6b8f2aca05e_e23299b4-3dfd-40c1-8dcf-22cc0281aec2,0555,1289.508,1517.406
66940b12-6da7-4b1a-b58d-b271c6cbb305,ef8ad6b8f2aca05e_e23299b4-3dfd-40c1-8dcf-22cc0281aec2,0560,1289.777,1532.007
66940b12-6da7-4b1a-b58d-b271c6cbb305,ef8ad6b8f2aca05e_e23299b4-3dfd-40c1-8dcf-22cc0281aec2,0565,1290.802,1537.622
66940b12-6da7-4b1a-b58d-b271c6cbb305,ef8ad6b8f2aca05e_e23299b4-3dfd-40c1-8dcf-22cc0281aec2,0570,1290.556,1519.918
66940b12-6da7-4b1a-b58d-b271c6cbb305,ef8ad6b8f2aca05e_e23299b4-3dfd-40c1-8dcf-22cc0281aec2,0575,1290.333,1515.14
66940b12-6da7-4b1a-b58d-b271c6cbb305,ef8ad6b8f2aca05e_e23299b4-3dfd-40c1-8dcf-22cc0281aec2,0580,1291.633,1548.091
66940b12-6da7-4b1a-b58d-b271c6cbb305,ef8ad6b8f2aca05e_e23299b4-3dfd-40c1-8dcf-22cc0281aec2,0585,1291.14,1554.236
66940b12-6da7-4b1a-b58d-b271c6cbb305,ef8ad6b8f2aca05e_e23299b4-3dfd-40c1-8dcf-22cc0281aec2,0590,1289.039,1544.153
66940b12-6da7-4b1a-b58d-b271c6cbb305,ef8ad6b8f2aca05e_e23299b4-3dfd-40c1-8dcf-22cc0281aec2,0595,1290.959,1501.44
66940b12-6da7-4b1a-b58d-b271c6cbb305,ef8ad6b8f2aca05e_e23299b4-3dfd-40c1-8dcf-22cc0281aec2,0600,1289.236,1514.484
66940b12-6da7-4b1a-b58d-b271c6cbb305,ef8ad6b8f2aca05e_e23299b4-3dfd-40c1-8dcf-22cc0281aec2,0605,1289.814,1501.182
66940b12-6da7-4b1a-b58d-b271c6cbb305,ef8ad6b8f2aca05e_e23299b4-3dfd-40c1-8dcf-22cc0281aec2,0610,1290.242,1520.472
66940b12-6da7-4b1a-b58d-b271c6cbb305,ef8ad6b8f2aca05e_e23299b4-3dfd-40c1-8dcf-22cc0281aec2,0615,1289.401,1522.793
66940b12-6da7-4b1a-b58d-b271c6cbb305,ef8ad6b8f2aca05e_e23299b4-3dfd-40c1-8dcf-22cc0281aec2,0620,1290.109,1519.428
66940b12-6da7-4b1a-b58d-b271c6cbb305,ef8ad6b8f2aca05e_e23299b4-3dfd-40c1-8dcf-22cc0281aec2,0625,1288.396,1498.648
66940b12-6da7-4b1a-b58d-b271c6cbb305,ef8ad6b8f2aca05e_e23299b4-3dfd-40c1-8dcf-22cc0281aec2,0630,1289.052,1519.173
66940b12-6da7-4b1a-b58d-b271c6cbb305,ef8ad6b8f2aca05e_e23299b4-3dfd-40c1-8dcf-22cc0281aec2,0635,1289.861,1517.915
66940b12-6da7-4b1a-b58d-b271c6cbb305,ef8ad6b8f2aca05e_e23299b4-3dfd-40c1-8dcf-22cc0281aec2,0640,1290.764,1518.896
66940b12-6da7-4b1a-b58d-b271c6cbb305,ef8ad6b8f2aca05e_e23299b4-3dfd-40c1-8dcf-22cc0281aec2,0645,1288.855,1530.266
66940b12-6da7-4b1a-b58d-b271c6cbb305,ef8ad6b8f2aca05e_e23299b4-3dfd-40c1-8dcf-22cc0281aec2,0650,1288.561,1518.514
66940b12-6da7-4b1a-b58d-b271c6cbb305,ef8ad6b8f2aca05e_e23299b4-3dfd-40c1-8dcf-22cc0281aec2,0655,1289.808,1523.473
66940b12-6da7-4b1a-b58d-b271c6cbb305,ef8ad6b8f2aca05e_e23299b4-3dfd-40c1-8dcf-22cc0281aec2,0660,1289.357,1521.835
66940b12-6da7-4b1a-b58d-b271c6cbb305,ef8ad6b8f2aca05e_e23299b4-3dfd-40c1-8dcf-22cc0281aec2,0665,1287.978,1507.881
66940b12-6da7-4b1a-b58d-b271c6cbb305,ef8ad6b8f2aca05e_e23299b4-3dfd-40c1-8dcf-22cc0281aec2,0670,1289.632,1532.311
66940b12-6da7-4b1a-b58d-b271c6cbb305,ef8ad6b8f2aca05e_e23299b4-3dfd-40c1-8dcf-22cc0281aec2,0675,1290.563,1524.272
66940b12-6da7-4b1a-b58d-b271c6cbb305,ef8ad6b8f2aca05e_e23299b4-3dfd-40c1-8dcf-22cc0281aec2,0680,1291.692,1530.229
66940b12-6da7-4b1a-b58d-b271c6cbb305,ef8ad6b8f2aca05e_e23299b4-3dfd-40c1-8dcf-22cc0281aec2,0685,1289.749,1500.559
66940b12-6da7-4b1a-b58d-b271c6cbb305,ef8ad6b8f2aca05e_e23299b4-3dfd-40c1-8dcf-22cc0281aec2,0690,1289.363,1529.884
66940b12-6da7-4b1a-b58d-b271c6cbb305,ef8ad6b8f2aca05e_e23299b4-3dfd-40c1-8dcf-22cc0281aec2,0695,1291.226,1509.504
66940b12-6da7-4b1a-b58d-b271c6cbb305,ef8ad6b8f2aca05e_e23299b4-3dfd-40c1-8dcf-22cc0281aec2,0700,1291.183,1549.036
66940b12-6da7-4b1a-b58d-b271c6cbb305,ef8ad6b8f2aca05e_e23299b4-3dfd-40c1-8dcf-22cc0281aec2,0705,1288.029,1527.513
66940b12-6da7-4b1a-b58d-b271c6cbb305,ef8ad6b8f2aca05e_e23299b4-3dfd-40c1-8dcf-22cc0281aec2,0710,1288.663,1536.521
66940b12-6da7-4b1a-b58d-b271c6cbb305,ef8ad6b8f2aca05e_e23299b4-3dfd-40c1-8dcf-22cc0281aec2,0715,1288.169,1516.285
66940b12-6da7-4b1a-b58d-b271c6cbb305,ef8ad6b8f2aca05e_e23299b4-3dfd-40c1-8dcf-22cc0281aec2,0720,1289.327,1521.118
66940b12-6da7-4b1a-b58d-b271c6cbb305,ef8ad6b8f2aca05e_e23299b4-3dfd-40c1-8dcf-22cc0281aec2,0725,1290.721,1508.018
66940b12-6da7-4b1a-b58d-b271c6cbb305,ef8ad6b8f2aca05e_e23299b4-3dfd-40c1-8dcf-22cc0281aec2,0730,1290.715,1528.492
66940b12-6da7-4b1a-b58d-b271c6cbb305,ef8ad6b8f2aca05e_e23299b4-3dfd-40c1-8dcf-22cc0281aec2,0735,1290.579,1518.408
66940b12-6da7-4b1a-b58d-b271c6cbb305,ef8ad6b8f2aca05e_e23299b4-3dfd-40c1-8dcf-22cc0281aec2,0740,1288.679,1516.236
66940b12-6da7-4b1a-b58d-b271c6cbb305,ef8ad6b8f2aca05e_e23299b4-3dfd-40c1-8dcf-22cc0281aec2,0745,1291.494,1508.194
66940b12-6da7-4b1a-b58d-b271c6cbb305,ef8ad6b8f2aca05e_e23299b4-3dfd-40c1-8dcf-22cc0281aec2,0750,1289.153,1511.24
66940b12-6da7-4b1a-b58d-b271c6cbb305,ef8ad6b8f2aca05e_e23299b4-3dfd-40c1-8dcf-22cc0281aec2,0755,1289.37,1509.569
66940b12-6da7-4b1a-b58d-b271c6cbb305,ef8ad6b8f2aca05e_e23299b4-3dfd-40c1-8dcf-22cc0281aec2,0760,1287.447,1491.167
66940b12-6da7-4b1a-b58d-b271c6cbb305,ef8ad6b8f2aca05e_e23299b4-3dfd-40c1-8dcf-22cc0281aec2,0765,1289.138,1503.781
66940b12-6da7-4b1a-b58d-b271c6cbb305,ef8ad6b8f2aca05e_e23299b4-3dfd-40c1-8dcf-22cc0281aec2,0770,1290.189,1498.36
66940b12-6da7-4b1a-b58d-b271c6cbb305,ef8ad6b8f2aca05e_e23299b4-3dfd-40c1-8dcf-22cc0281aec2,0775,1289.281,1494.027
66940b12-6da7-4b1a-b58d-b271c6cbb305,ef8ad6b8f2aca05e_e23299b4-3dfd-40c1-8dcf-22cc0281aec2,0780,1288.858,1503.294
66940b12-6da7-4b1a-b58d-b271c6cbb305,ef8ad6b8f2aca05e_e23299b4-3dfd-40c1-8dcf-22cc0281aec2,0785,1290.347,1505.882
66940b12-6da7-4b1a-b58d-b271c6cbb305,ef8ad6b8f2aca05e_e23299b4-3dfd-40c1-8dcf-22cc0281aec2,0790,1289.505,1496.216
66940b12-6da7-4b1a-b58d-b271c6cbb305,ef8ad6b8f2aca05e_e23299b4-3dfd-40c1-8dcf-22cc0281aec2,0795,1290.106,1490.568
66940b12-6da7-4b1a-b58d-b271c6cbb305,ef8ad6b8f2aca05e_e23299b4-3dfd-40c1-8dcf-22cc0281aec2,0800,1289.288,1497.188
66940b12-6da7-4b1a-b58d-b271c6cbb305,ef8ad6b8f2aca05e_e23299b4-3dfd-40c1-8dcf-22cc0281aec2,0805,1288.773,1505.387
66940b12-6da7-4b1a-b58d-b271c6cbb305,ef8ad6b8f2aca05e_e23299b4-3dfd-40c1-8dcf-22cc0281aec2,0810,1289.327,1490.85
66940b12-6da7-4b1a-b58d-b271c6cbb305,ef8ad6b8f2aca05e_e23299b4-3dfd-40c1-8dcf-22cc0281aec2,0815,1289.901,1504.248
66940b12-6da7-4b1a-b58d-b271c6cbb305,ef8ad6b8f2aca05e_e23299b4-3dfd-40c1-8dcf-22cc0281aec2,0820,1290.275,1484.038
66940b12-6da7-4b1a-b58d-b271c6cbb305,ef8ad6b8f2aca05e_e23299b4-3dfd-40c1-8dcf-22cc0281aec2,0825,1288.516,1505.236
66940b12-6da7-4b1a-b58d-b271c6cbb305,ef8ad6b8f2aca05e_e23299b4-3dfd-40c1-8dcf-22cc0281aec2,0830,1289.271,1505.039
66940b12-6da7-4b1a-b58d-b271c6cbb305,ef8ad6b8f2aca05e_e23299b4-3dfd-40c1-8dcf-22cc0281aec2,0835,1289.058,1503.177
66940b12-6da7-4b1a-b58d-b271c6cbb305,ef8ad6b8f2aca05e_e23299b4-3dfd-40c1-8dcf-22cc0281aec2,0840,1287.638,1530.595
66940b12-6da7-4b1a-b58d-b271c6cbb305,ef8ad6b8f2aca05e_e23299b4-3dfd-40c1-8dcf-22cc0281aec2,0845,1288.605,1514.11
66940b12-6da7-4b1a-b58d-b271c6cbb305,ef8ad6b8f2aca05e_e23299b4-3dfd-40c1-8dcf-22cc0281aec2,0850,1288.775,1503.302
66940b12-6da7-4b1a-b58d-b271c6cbb305,ef8ad6b8f2aca05e_e23299b4-3dfd-40c1-8dcf-22cc0281aec2,0855,1289.098,1506.423
66940b12-6da7-4b1a-b58d-b271c6cbb305,ef8ad6b8f2aca05e_e23299b4-3dfd-40c1-8dcf-22cc0281aec2,0860,1290.371,1503.14
66940b12-6da7-4b1a-b58d-b271c6cbb305,ef8ad6b8f2aca05e_e23299b4-3dfd-40c1-8dcf-22cc0281aec2,0865,1289.457,1506.165
66940b12-6da7-4b1a-b58d-b271c6cbb305,ef8ad6b8f2aca05e_e23299b4-3dfd-40c1-8dcf-22cc0281aec2,0870,1289.686,1526.12
66940b12-6da7-4b1a-b58d-b271c6cbb305,ef8ad6b8f2aca05e_e23299b4-3dfd-40c1-8dcf-22cc0281aec2,0875,1290.047,1512.843
66940b12-6da7-4b1a-b58d-b271c6cbb305,ef8ad6b8f2aca05e_e23299b4-3dfd-40c1-8dcf-22cc0281aec2,0880,1289.266,1486.586
66940b12-6da7-4b1a-b58d-b271c6cbb305,ef8ad6b8f2aca05e_e23299b4-3dfd-40c1-8dcf-22cc0281aec2,0885,1290.634,1495.898
66940b12-6da7-4b1a-b58d-b271c6cbb305,ef8ad6b8f2aca05e_e23299b4-3dfd-40c1-8dcf-22cc0281aec2,0890,1289.401,1494.475
66940b12-6da7-4b1a-b58d-b271c6cbb305,ef8ad6b8f2aca05e_e23299b4-3dfd-40c1-8dcf-22cc0281aec2,0895,1289.52,1509.506
66940b12-6da7-4b1a-b58d-b271c6cbb305,ef8ad6b8f2aca05e_e23299b4-3dfd-40c1-8dcf-22cc0281aec2,0900,1289.058,1502.314
66940b12-6da7-4b1a-b58d-b271c6cbb305,ef8ad6b8f2aca05e_e23299b4-3dfd-40c1-8dcf-22cc0281aec2,0905,1291.362,1498.052
66940b12-6da7-4b1a-b58d-b271c6cbb305,ef8ad6b8f2aca05e_e23299b4-3dfd-40c1-8dcf-22cc0281aec2,0910,1288.584,1514.94
66940b12-6da7-4b1a-b58d-b271c6cbb305,ef8ad6b8f2aca05e_e23299b4-3dfd-40c1-8dcf-22cc0281aec2,0915,1288.921,1504.105
66940b12-6da7-4b1a-b58d-b271c6cbb305,ef8ad6b8f2aca05e_e23299b4-3dfd-40c1-8dcf-22cc0281aec2,0920,1288.932,1506.422
66940b12-6da7-4b1a-b58d-b271c6cbb305,ef8ad6b8f2aca05e_e23299b4-3dfd-40c1-8dcf-22cc0281aec2,0925,1288.828,1492.429
66940b12-6da7-4b1a-b58d-b271c6cbb305,ef8ad6b8f2aca05e_e23299b4-3dfd-40c1-8dcf-22cc0281aec2,0930,1290.402,1474.95
66940b12-6da7-4b1a-b58d-b271c6cbb305,ef8ad6b8f2aca05e_e23299b4-3dfd-40c1-8dcf-22cc0281aec2,0935,1290.037,1505.97
66940b12-6da7-4b1a-b58d-b271c6cbb305,ef8ad6b8f2aca05e_e23299b4-3dfd-40c1-8dcf-22cc0281aec2,0940,1290.329,1506.366
66940b12-6da7-4b1a-b58d-b271c6cbb305,ef8ad6b8f2aca05e_e23299b4-3dfd-40c1-8dcf-22cc0281aec2,0945,1290.629,1528.996
66940b12-6da7-4b1a-b58d-b271c6cbb305,ef8ad6b8f2aca05e_e23299b4-3dfd-40c1-8dcf-22cc0281aec2,0950,1289.941,1537.532
66940b12-6da7-4b1a-b58d-b271c6cbb305,ef8ad6b8f2aca05e_e23299b4-3dfd-40c1-8dcf-22cc0281aec2,0955,1290.033,1499.386
66940b12-6da7-4b1a-b58d-b271c6cbb305,ef8ad6b8f2aca05e_e23299b4-3dfd-40c1-8dcf-22cc0281aec2,0960,1288.498,1501.884
66940b12-6da7-4b1a-b58d-b271c6cbb305,ef8ad6b8f2aca05e_e23299b4-3dfd-40c1-8dcf-22cc0281aec2,0965,1289.158,1507.538
66940b12-6da7-4b1a-b58d-b271c6cbb305,ef8ad6b8f2aca05e_e23299b4-3dfd-40c1-8dcf-22cc0281aec2,0970,1288.446,1503.635
66940b12-6da7-4b1a-b58d-b271c6cbb305,ef8ad6b8f2aca05e_e23299b4-3dfd-40c1-8dcf-22cc0281aec2,0975,1292.012,1507.937
66940b12-6da7-4b1a-b58d-b271c6cbb305,ef8ad6b8f2aca05e_e23299b4-3dfd-40c1-8dcf-22cc0281aec2,0980,1287.779,1489.803
66940b12-6da7-4b1a-b58d-b271c6cbb305,ef8ad6b8f2aca05e_e23299b4-3dfd-40c1-8dcf-22cc0281aec2,0985,1289.561,1508.982
66940b12-6da7-4b1a-b58d-b271c6cbb305,ef8ad6b8f2aca05e_e23299b4-3dfd-40c1-8dcf-22cc0281aec2,0990,1287.686,1508.397
66940b12-6da7-4b1a-b58d-b271c6cbb305,ef8ad6b8f2aca05e_e23299b4-3dfd-40c1-8dcf-22cc0281aec2,0995,1288.622,1505.853
66940b12-6da7-4b1a-b58d-b271c6cbb305,ef8ad6b8f2aca05e_e23299b4-3dfd-40c1-8dcf-22cc0281aec2,1000,1289.274,1506.653
66940b12-6da7-4b1a-b58d-b271c6cbb305,ef8ad6b8f2aca05e_e23299b4-3dfd-40c1-8dcf-22cc0281aec2,1005,1289.837,1522.936
66940b12-6da7-4b1a-b58d-b271c6cbb305,ef8ad6b8f2aca05e_e23299b4-3dfd-40c1-8dcf-22cc0281aec2,1010,1289.327,1492.357
66940b12-6da7-4b1a-b58d-b271c6cbb305,ef8ad6b8f2aca05e_e23299b4-3dfd-40c1-8dcf-22cc0281aec2,1015,1290.187,1514.532
66940b12-6da7-4b1a-b58d-b271c6cbb305,ef8ad6b8f2aca05e_e23299b4-3dfd-40c1-8dcf-22cc0281aec2,1020,1288.928,1507.705
66940b12-6da7-4b1a-b58d-b271c6cbb305,ef8ad6b8f2aca05e_e23299b4-3dfd-40c1-8dcf-22cc0281aec2,1025,1289.161,1519.181
66940b12-6da7-4b1a-b58d-b271c6cbb305,ef8ad6b8f2aca05e_e23299b4-3dfd-40c1-8dcf-22cc0281aec2,1030,1290.409,1492.622
66940b12-6da7-4b1a-b58d-b271c6cbb305,ef8ad6b8f2aca05e_e23299b4-3dfd-40c1-8dcf-22cc0281aec2,1035,1289.393,1532.298
66940b12-6da7-4b1a-b58d-b271c6cbb305,ef8ad6b8f2aca05e_e23299b4-3dfd-40c1-8dcf-22cc0281aec2,1040,1288.739,1508.065
66940b12-6da7-4b1a-b58d-b271c6cbb305,ef8ad6b8f2aca05e_e23299b4-3dfd-40c1-8dcf-22cc0281aec2,1045,1289.235,1519.747
66940b12-6da7-4b1a-b58d-b271c6cbb305,ef8ad6b8f2aca05e_e23299b4-3dfd-40c1-8dcf-22cc0281aec2,1050,1289.378,1501.851
66940b12-6da7-4b1a-b58d-b271c6cbb305,ef8ad6b8f2aca05e_e23299b4-3dfd-40c1-8dcf-22cc0281aec2,1055,1289.641,1511.445
66940b12-6da7-4b1a-b58d-b271c6cbb305,ef8ad6b8f2aca05e_e23299b4-3dfd-40c1-8dcf-22cc0281aec2,1060,1290.925,1508.635
66940b12-6da7-4b1a-b58d-b271c6cbb305,ef8ad6b8f2aca05e_e23299b4-3dfd-40c1-8dcf-22cc0281aec2,1065,1288.627,1517.268
66940b12-6da7-4b1a-b58d-b271c6cbb305,ef8ad6b8f2aca05e_e23299b4-3dfd-40c1-8dcf-22cc0281aec2,1070,1289.962,1520.487
66940b12-6da7-4b1a-b58d-b271c6cbb305,ef8ad6b8f2aca05e_e23299b4-3dfd-40c1-8dcf-22cc0281aec2,1075,1290.871,1513.187
66940b12-6da7-4b1a-b58d-b271c6cbb305,ef8ad6b8f2aca05e_e23299b4-3dfd-40c1-8dcf-22cc0281aec2,1080,1290.322,1508.892
66940b12-6da7-4b1a-b58d-b271c6cbb305,ef8ad6b8f2aca05e_e23299b4-3dfd-40c1-8dcf-22cc0281aec2,1085,1289.897,1487.476
61b05e08-3867-45be-bd5a-293f28f430d4,e4b239254fc5ed78_b3bcfb6b-6191-449a-a8e7-64a8b0771854,0005,1290.396,1508.215
61b05e08-3867-45be-bd5a-293f28f430d4,e4b239254fc5ed78_b3bcfb6b-6191-449a-a8e7-64a8b0771854,0010,1289.958,1502.622
61b05e08-3867-45be-bd5a-293f28f430d4,e4b239254fc5ed78_b3bcfb6b-6191-449a-a8e7-64a8b0771854,0015,1288.112,1508.988
61b05e08-3867-45be-bd5a-293f28f430d4,e4b239254fc5ed78_b3bcfb6b-6191-449a-a8e7-64a8b0771854,0020,1290.891,1493.028
61b05e08-3867-45be-bd5a-293f28f430d4,e4b239254fc5ed78_b3bcfb6b-6191-449a-a8e7-64a8b0771854,0025,1289.772,1508.741
61b05e08-3867-45be-bd5a-293f28f430d4,e4b239254fc5ed78_b3bcfb6b-6191-449a-a8e7-64a8b0771854,0030,1289.05,1491.353
61b05e08-3867-45be-bd5a-293f28f430d4,e4b239254fc5ed78_b3bcfb6b-6191-449a-a8e7-64a8b0771854,0035,1288.755,1502.837
61b05e08-3867-45be-bd5a-293f28f430d4,e4b239254fc5ed78_b3bcfb6b-6191-449a-a8e7-64a8b0771854,0040,1288.133,1499.596
61b05e08-3867-45be-bd5a-293f28f430d4,e4b239254fc5ed78_b3bcfb6b-6191-449a-a8e7-64a8b0771854,0045,1288.72,1508.527
61b05e08-3867-45be-bd5a-293f28f430d4,e4b239254fc5ed78_b3bcfb6b-6191-449a-a8e7-64a8b0771854,0050,1290.589,1493.637
61b05e08-3867-45be-bd5a-293f28f430d4,e4b239254fc5ed78_b3bcfb6b-6191-449a-a8e7-64a8b0771854,0055,1288.205,1505.881
61b05e08-3867-45be-bd5a-293f28f430d4,e4b239254fc5ed78_b3bcfb6b-6191-449a-a8e7-64a8b0771854,0060,1288.45,1509.151
61b05e08-3867-45be-bd5a-293f28f430d4,e4b239254fc5ed78_b3bcfb6b-6191-449a-a8e7-64a8b0771854,0065,1288.664,1519.328
61b05e08-3867-45be-bd5a-293f28f430d4,e4b239254fc5ed78_b3bcfb6b-6191-449a-a8e7-64a8b0771854,0070,1289.265,1514.853
61b05e08-3867-45be-bd5a-293f28f430d4,e4b239254fc5ed78_b3bcfb6b-6191-449a-a8e7-64a8b0771854,0075,1288.389,1518.556
61b05e08-3867-45be-bd5a-293f28f430d4,e4b239254fc5ed78_b3bcfb6b-6191-449a-a8e7-64a8b0771854,0080,1287.69,1486.233
61b05e08-3867-45be-bd5a-293f28f430d4,e4b239254fc5ed78_b3bcfb6b-6191-449a-a8e7-64a8b0771854,0085,1288.88,1506.393
61b05e08-3867-45be-bd5a-293f28f430d4,e4b239254fc5ed78_b3bcfb6b-6191-449a-a8e7-64a8b0771854,0090,1290.313,1509.797
61b05e08-3867-45be-bd5a-293f28f430d4,e4b239254fc5ed78_b3bcfb6b-6191-449a-a8e7-64a8b0771854,0095,1291.139,1521.669
ba5ce3d3-2bc3-47c2-9e4e-dd0df1fd8860,ae6fd2581ddb582b_9127e493-745c-410a-a255-d63acbe44fd6,0005,1291.917,1534.668
ba5ce3d3-2bc3-47c2-9e4e-dd0df1fd8860,ae6fd2581ddb582b_9127e493-745c-410a-a255-d63acbe44fd6,0010,1289.993,1513.291
ba5ce3d3-2bc3-47c2-9e4e-dd0df1fd8860,ae6fd2581ddb582b_9127e493-745c-410a-a255-d63acbe44fd6,0015,1290.735,1490.9
ba5ce3d3-2bc3-47c2-9e4e-dd0df1fd8860,ae6fd2581ddb582b_9127e493-745c-410a-a255-d63acbe44fd6,0020,1289.819,1519.652
ba5ce3d3-2bc3-47c2-9e4e-dd0df1fd8860,ae6fd2581ddb582b_9127e493-745c-410a-a255-d63acbe44fd6,0025,1289.334,1480.118
ba5ce3d3-2bc3-47c2-9e4e-dd0df1fd8860,ae6fd2581ddb582b_9127e493-745c-410a-a255-d63acbe44fd6,0030,1288.918,1503.132
ba5ce3d3-2bc3-47c2-9e4e-dd0df1fd8860,ae6fd2581ddb582b_9127e493-745c-410a-a255-d63acbe44fd6,0035,1288.763,1510.595
ba5ce3d3-2bc3-47c2-9e4e-dd0df1fd8860,ae6fd2581ddb582b_9127e493-745c-410a-a255-d63acbe44fd6,0040,1289.163,1502.634
ba5ce3d3-2bc3-47c2-9e4e-dd0df1fd8860,ae6fd2581ddb582b_9127e493-745c-410a-a255-d63acbe44fd6,0045,1289.034,1499.944
ba5ce3d3-2bc3-47c2-9e4e-dd0df1fd8860,ae6fd2581ddb582b_9127e493-745c-410a-a255-d63acbe44fd6,0050,1287.653,1502.512
ba5ce3d3-2bc3-47c2-9e4e-dd0df1fd8860,ae6fd2581ddb582b_9127e493-745c-410a-a255-d63acbe44fd6,0055,1288.507,1514.137
ba5ce3d3-2bc3-47c2-9e4e-dd0df1fd8860,ae6fd2581ddb582b_9127e493-745c-410a-a255-d63acbe44fd6,0060,1288.415,1505.203
ba5ce3d3-2bc3-47c2-9e4e-dd0df1fd8860,ae6fd2581ddb582b_9127e493-745c-410a-a255-d63acbe44fd6,0065,1289.59,1469.034
ba5ce3d3-2bc3-47c2-9e4e-dd0df1fd8860,ae6fd2581ddb582b_9127e493-745c-410a-a255-d63acbe44fd6,0070,1287.884,1501.111
ba5ce3d3-2bc3-47c2-9e4e-dd0df1fd8860,ae6fd2581ddb582b_9127e493-745c-410a-a255-d63acbe44fd6,0075,1290.33,1504.126
ba5ce3d3-2bc3-47c2-9e4e-dd0df1fd8860,ae6fd2581ddb582b_9127e493-745c-410a-a255-d63acbe44fd6,0080,1290.23,1509.99
ba5ce3d3-2bc3-47c2-9e4e-dd0df1fd8860,ae6fd2581ddb582b_9127e493-745c-410a-a255-d63acbe44fd6,0085,1289.117,1490.57
ba5ce3d3-2bc3-47c2-9e4e-dd0df1fd8860,ae6fd2581ddb582b_9127e493-745c-410a-a255-d63acbe44fd6,0090,1291.055,1506.798
ba5ce3d3-2bc3-47c2-9e4e-dd0df1fd8860,ae6fd2581ddb582b_9127e493-745c-410a-a255-d63acbe44fd6,0095,1290.326,1498.1
ba5ce3d3-2bc3-47c2-9e4e-dd0df1fd8860,ae6fd2581ddb582b_9127e493-745c-410a-a255-d63acbe44fd6,0100,1291.071,1493.9
7aecc574-96af-4618-ae73-77b7f4984275,a2d73b4171e25875_d72409e8-b259-4da7-85b2-f84ea54222ab,0005,1289.111,1530.588
7aecc574-96af-4618-ae73-77b7f4984275,a2d73b4171e25875_d72409e8-b259-4da7-85b2-f84ea54222ab,0010,1289.684,1498.312
7aecc574-96af-4618-ae73-77b7f4984275,a2d73b4171e25875_d72409e8-b259-4da7-85b2-f84ea54222ab,0015,1287.901,1476.385
7aecc574-96af-4618-ae73-77b7f4984275,a2d73b4171e25875_d72409e8-b259-4da7-85b2-f84ea54222ab,0020,1288.396,1509.26
7aecc574-96af-4618-ae73-77b7f4984275,a2d73b4171e25875_d72409e8-b259-4da7-85b2-f84ea54222ab,0025,1288.7,1507.949
7aecc574-96af-4618-ae73-77b7f4984275,a2d73b4171e25875_d72409e8-b259-4da7-85b2-f84ea54222ab,0030,1288.46,1496.636
7aecc574-96af-4618-ae73-77b7f4984275,a2d73b4171e25875_d72409e8-b259-4da7-85b2-f84ea54222ab,0035,1288.3,1510.01
7aecc574-96af-4618-ae73-77b7f4984275,a2d73b4171e25875_d72409e8-b259-4da7-85b2-f84ea54222ab,0040,1290.291,1513.881
7aecc574-96af-4618-ae73-77b7f4984275,a2d73b4171e25875_d72409e8-b259-4da7-85b2-f84ea54222ab,0045,1287.874,1511.755
7aecc574-96af-4618-ae73-77b7f4984275,a2d73b4171e25875_d72409e8-b259-4da7-85b2-f84ea54222ab,0050,1289.763,1513.544
7aecc574-96af-4618-ae73-77b7f4984275,a2d73b4171e25875_d72409e8-b259-4da7-85b2-f84ea54222ab,0055,1290.832,1502.873
7aecc574-96af-4618-ae73-77b7f4984275,a2d73b4171e25875_d72409e8-b259-4da7-85b2-f84ea54222ab,0060,1289.101,1499.041
7aecc574-96af-4618-ae73-77b7f4984275,a2d73b4171e25875_d72409e8-b259-4da7-85b2-f84ea54222ab,0065,1288.538,1482.555
7aecc574-96af-4618-ae73-77b7f4984275,a2d73b4171e25875_d72409e8-b259-4da7-85b2-f84ea54222ab,0070,1289.444,1510.836
7aecc574-96af-4618-ae73-77b7f4984275,a2d73b4171e25875_d72409e8-b259-4da7-85b2-f84ea54222ab,0075,1288.39,1503.91
7aecc574-96af-4618-ae73-77b7f4984275,a2d73b4171e25875_d72409e8-b259-4da7-85b2-f84ea54222ab,0080,1288.847,1508.603
7aecc574-96af-4618-ae73-77b7f4984275,a2d73b4171e25875_d72409e8-b259-4da7-85b2-f84ea54222ab,0085,1287.869,1518.214
7aecc574-96af-4618-ae73-77b7f4984275,a2d73b4171e25875_d72409e8-b259-4da7-85b2-f84ea54222ab,0090,1289.983,1512.117
7aecc574-96af-4618-ae73-77b7f4984275,a2d73b4171e25875_d72409e8-b259-4da7-85b2-f84ea54222ab,0095,1288.895,1503.44
7aecc574-96af-4618-ae73-77b7f4984275,a2d73b4171e25875_d72409e8-b259-4da7-85b2-f84ea54222ab,0100,1290.932,1512.47
7aecc574-96af-4618-ae73-77b7f4984275,a2d73b4171e25875_d72409e8-b259-4da7-85b2-f84ea54222ab,0105,1289.362,1534.034
7aecc574-96af-4618-ae73-77b7f4984275,a2d73b4171e25875_d72409e8-b259-4da7-85b2-f84ea54222ab,0110,1289.909,1517.633
7aecc574-96af-4618-ae73-77b7f4984275,a2d73b4171e25875_d72409e8-b259-4da7-85b2-f84ea54222ab,0115,1288.853,1531.402
7aecc574-96af-4618-ae73-77b7f4984275,a2d73b4171e25875_d72409e8-b259-4da7-85b2-f84ea54222ab,0120,1289.891,1542.312
7aecc574-96af-4618-ae73-77b7f4984275,a2d73b4171e25875_d72409e8-b259-4da7-85b2-f84ea54222ab,0125,1287.934,1509.4
7aecc574-96af-4618-ae73-77b7f4984275,a2d73b4171e25875_d72409e8-b259-4da7-85b2-f84ea54222ab,0130,1291.062,1519.763
7aecc574-96af-4618-ae73-77b7f4984275,a2d73b4171e25875_d72409e8-b259-4da7-85b2-f84ea54222ab,0135,1288.74,1518.091
7aecc574-96af-4618-ae73-77b7f4984275,a2d73b4171e25875_d72409e8-b259-4da7-85b2-f84ea54222ab,0140,1288.158,1535.412
7aecc574-96af-4618-ae73-77b7f4984275,a2d73b4171e25875_d72409e8-b259-4da7-85b2-f84ea54222ab,0145,1288.553,1509.404
7aecc574-96af-4618-ae73-77b7f4984275,a2d73b4171e25875_d72409e8-b259-4da7-85b2-f84ea54222ab,0150,1290.369,1520.237
7aecc574-96af-4618-ae73-77b7f4984275,a2d73b4171e25875_d72409e8-b259-4da7-85b2-f84ea54222ab,0155,1288.875,1505.854
7aecc574-96af-4618-ae73-77b7f4984275,a2d73b4171e25875_d72409e8-b259-4da7-85b2-f84ea54222ab,0160,1287.665,1500.683
7aecc574-96af-4618-ae73-77b7f4984275,a2d73b4171e25875_d72409e8-b259-4da7-85b2-f84ea54222ab,0165,1288.42,1499.326
7aecc574-96af-4618-ae73-77b7f4984275,a2d73b4171e25875_d72409e8-b259-4da7-85b2-f84ea54222ab,0170,1288.456,1484.284
7aecc574-96af-4618-ae73-77b7f4984275,a2d73b4171e25875_d72409e8-b259-4da7-85b2-f84ea54222ab,0175,1289.895,1505.003
7aecc574-96af-4618-ae73-77b7f4984275,a2d73b4171e25875_d72409e8-b259-4da7-85b2-f84ea54222ab,0180,1288.37,1497.02
7aecc574-96af-4618-ae73-77b7f4984275,a2d73b4171e25875_d72409e8-b259-4da7-85b2-f84ea54222ab,0185,1289.423,1504.514
7aecc574-96af-4618-ae73-77b7f4984275,a2d73b4171e25875_d72409e8-b259-4da7-85b2-f84ea54222ab,0190,1288.062,1489.336
6bd417a8-de56-4fb9-9ae4-8f6086c3fd0f,234b9596e5898889_5d891953-7d9a-47bf-9cdb-850305b75650,0005,1288.759,1517.222
6bd417a8-de56-4fb9-9ae4-8f6086c3fd0f,234b9596e5898889_5d891953-7d9a-47bf-9cdb-850305b75650,0010,1289.076,1529.497
6bd417a8-de56-4fb9-9ae4-8f6086c3fd0f,234b9596e5898889_5d891953-7d9a-47bf-9cdb-850305b75650,0015,1289.116,1526.794
6bd417a8-de56-4fb9-9ae4-8f6086c3fd0f,234b9596e5898889_5d891953-7d9a-47bf-9cdb-850305b75650,0020,1289.523,1487.512
6bd417a8-de56-4fb9-9ae4-8f6086c3fd0f,234b9596e5898889_5d891953-7d9a-47bf-9cdb-850305b75650,0025,1290.499,1514.896
6bd417a8-de56-4fb9-9ae4-8f6086c3fd0f,234b9596e5898889_5d891953-7d9a-47bf-9cdb-850305b75650,0030,1291.043,1504.25
6bd417a8-de56-4fb9-9ae4-8f6086c3fd0f,234b9596e5898889_5d891953-7d9a-47bf-9cdb-850305b75650,0035,1290.547,1543.624
5a764d15-7993-4308-a4ea-593e997d50cf,21f15337b82011ac_1ffbac7b-10d8-488e-9046-b527428e8bba,0005,1287.295,1527.722
5a764d15-7993-4308-a4ea-593e997d50cf,21f15337b82011ac_1ffbac7b-10d8-488e-9046-b527428e8bba,0010,1289.004,1528.697
5a764d15-7993-4308-a4ea-593e997d50cf,21f15337b82011ac_1ffbac7b-10d8-488e-9046-b527428e8bba,0015,1287.827,1515.612
5a764d15-7993-4308-a4ea-593e997d50cf,21f15337b82011ac_1ffbac7b-10d8-488e-9046-b527428e8bba,0020,1287.967,1529.443
5a764d15-7993-4308-a4ea-593e997d50cf,21f15337b82011ac_1ffbac7b-10d8-488e-9046-b527428e8bba,0025,1287.835,1512.011
5a764d15-7993-4308-a4ea-593e997d50cf,21f15337b82011ac_1ffbac7b-10d8-488e-9046-b527428e8bba,0030,1288.034,1502.138
5a764d15-7993-4308-a4ea-593e997d50cf,21f15337b82011ac_1ffbac7b-10d8-488e-9046-b527428e8bba,0035,1288.704,1500.244
5a764d15-7993-4308-a4ea-593e997d50cf,21f15337b82011ac_1ffbac7b-10d8-488e-9046-b527428e8bba,0040,1288.143,1504.494
5a764d15-7993-4308-a4ea-593e997d50cf,21f15337b82011ac_1ffbac7b-10d8-488e-9046-b527428e8bba,0045,1289.982,1490.992
5a764d15-7993-4308-a4ea-593e997d50cf,21f15337b82011ac_1ffbac7b-10d8-488e-9046-b527428e8bba,0050,1289.815,1504.387
5a764d15-7993-4308-a4ea-593e997d50cf,21f15337b82011ac_1ffbac7b-10d8-488e-9046-b527428e8bba,0055,1290.714,1511.403
5a764d15-7993-4308-a4ea-593e997d50cf,21f15337b82011ac_1ffbac7b-10d8-488e-9046-b527428e8bba,0060,1288.848,1507.204
5a764d15-7993-4308-a4ea-593e997d50cf,21f15337b82011ac_1ffbac7b-10d8-488e-9046-b527428e8bba,0065,1288.017,1488.965
5a764d15-7993-4308-a4ea-593e997d50cf,21f15337b82011ac_1ffbac7b-10d8-488e-9046-b527428e8bba,0070,1289.458,1505.985
5a764d15-7993-4308-a4ea-593e997d50cf,21f15337b82011ac_1ffbac7b-10d8-488e-9046-b527428e8bba,0075,1288.715,1496.999
5a764d15-7993-4308-a4ea-593e997d50cf,21f15337b82011ac_1ffbac7b-10d8-488e-9046-b527428e8bba,0080,1289.144,1503.472
5a764d15-7993-4308-a4ea-593e997d50cf,21f15337b82011ac_1ffbac7b-10d8-488e-9046-b527428e8bba,0085,1287.706,1502.015
5a764d15-7993-4308-a4ea-593e997d50cf,21f15337b82011ac_1ffbac7b-10d8-488e-9046-b527428e8bba,0090,1287.187,1522.778
5a764d15-7993-4308-a4ea-593e997d50cf,21f15337b82011ac_1ffbac7b-10d8-488e-9046-b527428e8bba,0095,1288.051,1495.051
5a764d15-7993-4308-a4ea-593e997d50cf,21f15337b82011ac_1ffbac7b-10d8-488e-9046-b527428e8bba,0100,1290.674,1506.125
5a764d15-7993-4308-a4ea-593e997d50cf,21f15337b82011ac_1ffbac7b-10d8-488e-9046-b527428e8bba,0105,1288.14,1523.975
5a764d15-7993-4308-a4ea-593e997d50cf,21f15337b82011ac_1ffbac7b-10d8-488e-9046-b527428e8bba,0110,1289.211,1515.383
5a764d15-7993-4308-a4ea-593e997d50cf,21f15337b82011ac_1ffbac7b-10d8-488e-9046-b527428e8bba,0115,1288.007,1504.649
5a764d15-7993-4308-a4ea-593e997d50cf,21f15337b82011ac_1ffbac7b-10d8-488e-9046-b527428e8bba,0120,1290.483,1527.46
5a764d15-7993-4308-a4ea-593e997d50cf,21f15337b82011ac_1ffbac7b-10d8-488e-9046-b527428e8bba,0125,1287.821,1488.134
5a764d15-7993-4308-a4ea-593e997d50cf,21f15337b82011ac_1ffbac7b-10d8-488e-9046-b527428e8bba,0130,1289.088,1527.398
5a764d15-7993-4308-a4ea-593e997d50cf,21f15337b82011ac_1ffbac7b-10d8-488e-9046-b527428e8bba,0135,1287.701,1479.955
5a764d15-7993-4308-a4ea-593e997d50cf,21f15337b82011ac_1ffbac7b-10d8-488e-9046-b527428e8bba,0140,1288.709,1507.766
5a764d15-7993-4308-a4ea-593e997d50cf,21f15337b82011ac_1ffbac7b-10d8-488e-9046-b527428e8bba,0145,1288.576,1498.798
5a764d15-7993-4308-a4ea-593e997d50cf,21f15337b82011ac_1ffbac7b-10d8-488e-9046-b527428e8bba,0150,1288.919,1543.314
5a764d15-7993-4308-a4ea-593e997d50cf,21f15337b82011ac_1ffbac7b-10d8-488e-9046-b527428e8bba,0155,1288.839,1504.262
5a764d15-7993-4308-a4ea-593e997d50cf,21f15337b82011ac_1ffbac7b-10d8-488e-9046-b527428e8bba,0160,1288.863,1509.051
5a764d15-7993-4308-a4ea-593e997d50cf,21f15337b82011ac_1ffbac7b-10d8-488e-9046-b527428e8bba,0165,1289.725,1511.064
5a764d15-7993-4308-a4ea-593e997d50cf,21f15337b82011ac_1ffbac7b-10d8-488e-9046-b527428e8bba,0170,1291.142,1499.3
5a764d15-7993-4308-a4ea-593e997d50cf,21f15337b82011ac_1ffbac7b-10d8-488e-9046-b527428e8bba,0175,1286.672,1487.547
5a764d15-7993-4308-a4ea-593e997d50cf,21f15337b82011ac_1ffbac7b-10d8-488e-9046-b527428e8bba,0180,1288.373,1508.473
5a764d15-7993-4308-a4ea-593e997d50cf,21f15337b82011ac_1ffbac7b-10d8-488e-9046-b527428e8bba,0185,1288.011,1506.648
5a764d15-7993-4308-a4ea-593e997d50cf,21f15337b82011ac_1ffbac7b-10d8-488e-9046-b527428e8bba,0190,1289.133,1523.566
37b3621b-b6b5-4271-8ff5-f3134392dd14,7fb91d21546408a2_5900a5c3-6fc5-492c-a17c-30a4a1d6ef45,0005,1287.374,1529.545
37b3621b-b6b5-4271-8ff5-f3134392dd14,7fb91d21546408a2_5900a5c3-6fc5-492c-a17c-30a4a1d6ef45,0010,1289.692,1515.192
37b3621b-b6b5-4271-8ff5-f3134392dd14,7fb91d21546408a2_5900a5c3-6fc5-492c-a17c-30a4a1d6ef45,0015,1287.09,1515.14
37b3621b-b6b5-4271-8ff5-f3134392dd14,7fb91d21546408a2_5900a5c3-6fc5-492c-a17c-30a4a1d6ef45,0020,1288.065,1520.03
37b3621b-b6b5-4271-8ff5-f3134392dd14,7fb91d21546408a2_5900a5c3-6fc5-492c-a17c-30a4a1d6ef45,0025,1287.193,1514.707
37b3621b-b6b5-4271-8ff5-f3134392dd14,7fb91d21546408a2_5900a5c3-6fc5-492c-a17c-30a4a1d6ef45,0030,1289.646,1486.893
37b3621b-b6b5-4271-8ff5-f3134392dd14,7fb91d21546408a2_5900a5c3-6fc5-492c-a17c-30a4a1d6ef45,0035,1288.054,1510.075
37b3621b-b6b5-4271-8ff5-f3134392dd14,7fb91d21546408a2_5900a5c3-6fc5-492c-a17c-30a4a1d6ef45,0040,1288.857,1486.256
37b3621b-b6b5-4271-8ff5-f3134392dd14,7fb91d21546408a2_5900a5c3-6fc5-492c-a17c-30a4a1d6ef45,0045,1288.829,1503.797
37b3621b-b6b5-4271-8ff5-f3134392dd14,7fb91d21546408a2_5900a5c3-6fc5-492c-a17c-30a4a1d6ef45,0050,1288.518,1494.225
37b3621b-b6b5-4271-8ff5-f3134392dd14,7fb91d21546408a2_5900a5c3-6fc5-492c-a17c-30a4a1d6ef45,0055,1288.166,1504.584
37b3621b-b6b5-4271-8ff5-f3134392dd14,7fb91d21546408a2_5900a5c3-6fc5-492c-a17c-30a4a1d6ef45,0060,1288.645,1475.415
37b3621b-b6b5-4271-8ff5-f3134392dd14,7fb91d21546408a2_5900a5c3-6fc5-492c-a17c-30a4a1d6ef45,0065,1287.733,1504.203
37b3621b-b6b5-4271-8ff5-f3134392dd14,7fb91d21546408a2_5900a5c3-6fc5-492c-a17c-30a4a1d6ef45,0070,1288.905,1485.035
37b3621b-b6b5-4271-8ff5-f3134392dd14,7fb91d21546408a2_5900a5c3-6fc5-492c-a17c-30a4a1d6ef45,0075,1289.406,1502.986
37b3621b-b6b5-4271-8ff5-f3134392dd14,7fb91d21546408a2_5900a5c3-6fc5-492c-a17c-30a4a1d6ef45,0080,1290.147,1496.79
37b3621b-b6b5-4271-8ff5-f3134392dd14,7fb91d21546408a2_5900a5c3-6fc5-492c-a17c-30a4a1d6ef45,0085,1287.835,1491.141
37b3621b-b6b5-4271-8ff5-f3134392dd14,7fb91d21546408a2_5900a5c3-6fc5-492c-a17c-30a4a1d6ef45,0090,1288.352,1490.658
37b3621b-b6b5-4271-8ff5-f3134392dd14,7fb91d21546408a2_5900a5c3-6fc5-492c-a17c-30a4a1d6ef45,0095,1290.071,1506.55
37b3621b-b6b5-4271-8ff5-f3134392dd14,7fb91d21546408a2_5900a5c3-6fc5-492c-a17c-30a4a1d6ef45,0100,1291.222,1487.524
37b3621b-b6b5-4271-8ff5-f3134392dd14,7fb91d21546408a2_5900a5c3-6fc5-492c-a17c-30a4a1d6ef45,0105,1289.472,1498.958
37b3621b-b6b5-4271-8ff5-f3134392dd14,7fb91d21546408a2_5900a5c3-6fc5-492c-a17c-30a4a1d6ef45,0110,1289.849,1516.758
37b3621b-b6b5-4271-8ff5-f3134392dd14,7fb91d21546408a2_5900a5c3-6fc5-492c-a17c-30a4a1d6ef45,0115,1290.22,1512.631
37b3621b-b6b5-4271-8ff5-f3134392dd14,7fb91d21546408a2_5900a5c3-6fc5-492c-a17c-30a4a1d6ef45,0120,1289.227,1553.496
37b3621b-b6b5-4271-8ff5-f3134392dd14,7fb91d21546408a2_5900a5c3-6fc5-492c-a17c-30a4a1d6ef45,0125,1288.035,1491.535
37b3621b-b6b5-4271-8ff5-f3134392dd14,7fb91d21546408a2_5900a5c3-6fc5-492c-a17c-30a4a1d6ef45,0130,1288.19,1478.882
37b3621b-b6b5-4271-8ff5-f3134392dd14,7fb91d21546408a2_5900a5c3-6fc5-492c-a17c-30a4a1d6ef45,0135,1287.884,1490.924
37b3621b-b6b5-4271-8ff5-f3134392dd14,7fb91d21546408a2_5900a5c3-6fc5-492c-a17c-30a4a1d6ef45,0140,1287.372,1507.646
37b3621b-b6b5-4271-8ff5-f3134392dd14,7fb91d21546408a2_5900a5c3-6fc5-492c-a17c-30a4a1d6ef45,0145,1288.824,1510.517
37b3621b-b6b5-4271-8ff5-f3134392dd14,7fb91d21546408a2_5900a5c3-6fc5-492c-a17c-30a4a1d6ef45,0150,1289.529,1489.839
37b3621b-b6b5-4271-8ff5-f3134392dd14,7fb91d21546408a2_5900a5c3-6fc5-492c-a17c-30a4a1d6ef45,0155,1287.863,1523.465
37b3621b-b6b5-4271-8ff5-f3134392dd14,7fb91d21546408a2_5900a5c3-6fc5-492c-a17c-30a4a1d6ef45,0160,1287.189,1504.682
37b3621b-b6b5-4271-8ff5-f3134392dd14,7fb91d21546408a2_5900a5c3-6fc5-492c-a17c-30a4a1d6ef45,0165,1289.028,1522.826
37b3621b-b6b5-4271-8ff5-f3134392dd14,7fb91d21546408a2_5900a5c3-6fc5-492c-a17c-30a4a1d6ef45,0170,1288.19,1526.49
37b3621b-b6b5-4271-8ff5-f3134392dd14,7fb91d21546408a2_5900a5c3-6fc5-492c-a17c-30a4a1d6ef45,0175,1289.043,1516.088
37b3621b-b6b5-4271-8ff5-f3134392dd14,7fb91d21546408a2_5900a5c3-6fc5-492c-a17c-30a4a1d6ef45,0180,1287.922,1498.04
37b3621b-b6b5-4271-8ff5-f3134392dd14,7fb91d21546408a2_5900a5c3-6fc5-492c-a17c-30a4a1d6ef45,0185,1290.972,1519.552
37b3621b-b6b5-4271-8ff5-f3134392dd14,7fb91d21546408a2_5900a5c3-6fc5-492c-a17c-30a4a1d6ef45,0190,1288.307,1504.89
37b3621b-b6b5-4271-8ff5-f3134392dd14,7fb91d21546408a2_5900a5c3-6fc5-492c-a17c-30a4a1d6ef45,0195,1288.893,1502.577
37b3621b-b6b5-4271-8ff5-f3134392dd14,7fb91d21546408a2_5900a5c3-6fc5-492c-a17c-30a4a1d6ef45,0200,1288.277,1499.391
37b3621b-b6b5-4271-8ff5-f3134392dd14,7fb91d21546408a2_5900a5c3-6fc5-492c-a17c-30a4a1d6ef45,0205,1288.257,1505.254
37b3621b-b6b5-4271-8ff5-f3134392dd14,7fb91d21546408a2_5900a5c3-6fc5-492c-a17c-30a4a1d6ef45,0210,1286.958,1500.763
37b3621b-b6b5-4271-8ff5-f3134392dd14,7fb91d21546408a2_5900a5c3-6fc5-492c-a17c-30a4a1d6ef45,0215,1288.793,1504.707
37b3621b-b6b5-4271-8ff5-f3134392dd14,7fb91d21546408a2_5900a5c3-6fc5-492c-a17c-30a4a1d6ef45,0220,1288.824,1501.939
37b3621b-b6b5-4271-8ff5-f3134392dd14,7fb91d21546408a2_5900a5c3-6fc5-492c-a17c-30a4a1d6ef45,0225,1291.029,1533.268
37b3621b-b6b5-4271-8ff5-f3134392dd14,7fb91d21546408a2_5900a5c3-6fc5-492c-a17c-30a4a1d6ef45,0230,1289.683,1516.804
37b3621b-b6b5-4271-8ff5-f3134392dd14,7fb91d21546408a2_5900a5c3-6fc5-492c-a17c-30a4a1d6ef45,0235,1288.894,1520.028
37b3621b-b6b5-4271-8ff5-f3134392dd14,7fb91d21546408a2_5900a5c3-6fc5-492c-a17c-30a4a1d6ef45,0240,1287.783,1489.18
37b3621b-b6b5-4271-8ff5-f3134392dd14,7fb91d21546408a2_5900a5c3-6fc5-492c-a17c-30a4a1d6ef45,0245,1288.647,1490.573
37b3621b-b6b5-4271-8ff5-f3134392dd14,7fb91d21546408a2_5900a5c3-6fc5-492c-a17c-30a4a1d6ef45,0250,1288.414,1496.144
37b3621b-b6b5-4271-8ff5-f3134392dd14,7fb91d21546408a2_5900a5c3-6fc5-492c-a17c-30a4a1d6ef45,0255,1289.501,1503.883
88892b8a-9a15-4548-9f0a-54d1ae59b75e,6cfb1ba29a36ae98_c8a2b6a3-70ec-4a07-a5be-16b6c8c9135b,0005,1288.944,1515.734
88892b8a-9a15-4548-9f0a-54d1ae59b75e,6cfb1ba29a36ae98_c8a2b6a3-70ec-4a07-a5be-16b6c8c9135b,0010,1290.689,1527.818
88892b8a-9a15-4548-9f0a-54d1ae59b75e,6cfb1ba29a36ae98_c8a2b6a3-70ec-4a07-a5be-16b6c8c9135b,0015,1290.469,1505.888
88892b8a-9a15-4548-9f0a-54d1ae59b75e,6cfb1ba29a36ae98_c8a2b6a3-70ec-4a07-a5be-16b6c8c9135b,0020,1290.342,1527.937
88892b8a-9a15-4548-9f0a-54d1ae59b75e,6cfb1ba29a36ae98_c8a2b6a3-70ec-4a07-a5be-16b6c8c9135b,0025,1288.179,1493.199
88892b8a-9a15-4548-9f0a-54d1ae59b75e,6cfb1ba29a36ae98_c8a2b6a3-70ec-4a07-a5be-16b6c8c9135b,0030,1289.457,1506.112
88892b8a-9a15-4548-9f0a-54d1ae59b75e,6cfb1ba29a36ae98_c8a2b6a3-70ec-4a07-a5be-16b6c8c9135b,0035,1287.906,1488.609
88892b8a-9a15-4548-9f0a-54d1ae59b75e,6cfb1ba29a36ae98_c8a2b6a3-70ec-4a07-a5be-16b6c8c9135b,0040,1289.294,1515.233
88892b8a-9a15-4548-9f0a-54d1ae59b75e,6cfb1ba29a36ae98_c8a2b6a3-70ec-4a07-a5be-16b6c8c9135b,0045,1289.068,1515.959
88892b8a-9a15-4548-9f0a-54d1ae59b75e,6cfb1ba29a36ae98_c8a2b6a3-70ec-4a07-a5be-16b6c8c9135b,0050,1289.268,1518.888
88892b8a-9a15-4548-9f0a-54d1ae59b75e,6cfb1ba29a36ae98_c8a2b6a3-70ec-4a07-a5be-16b6c8c9135b,0055,1290.8,1493.603
88892b8a-9a15-4548-9f0a-54d1ae59b75e,6cfb1ba29a36ae98_c8a2b6a3-70ec-4a07-a5be-16b6c8c9135b,0060,1290.436,1540.543
88892b8a-9a15-4548-9f0a-54d1ae59b75e,6cfb1ba29a36ae98_c8a2b6a3-70ec-4a07-a5be-16b6c8c9135b,0065,1289.556,1492.547
88892b8a-9a15-4548-9f0a-54d1ae59b75e,6cfb1ba29a36ae98_c8a2b6a3-70ec-4a07-a5be-16b6c8c9135b,0070,1289.059,1514.711
88892b8a-9a15-4548-9f0a-54d1ae59b75e,6cfb1ba29a36ae98_c8a2b6a3-70ec-4a07-a5be-16b6c8c9135b,0075,1287.827,1501.891
88892b8a-9a15-4548-9f0a-54d1ae59b75e,6cfb1ba29a36ae98_c8a2b6a3-70ec-4a07-a5be-16b6c8c9135b,0080,1288.553,1510.689
88892b8a-9a15-4548-9f0a-54d1ae59b75e,6cfb1ba29a36ae98_c8a2b6a3-70ec-4a07-a5be-16b6c8c9135b,0085,1289.523,1527.012
88892b8a-9a15-4548-9f0a-54d1ae59b75e,6cfb1ba29a36ae98_c8a2b6a3-70ec-4a07-a5be-16b6c8c9135b,0090,1289.556,1510.591
88892b8a-9a15-4548-9f0a-54d1ae59b75e,6cfb1ba29a36ae98_c8a2b6a3-70ec-4a07-a5be-16b6c8c9135b,0095,1289.242,1502.312
88892b8a-9a15-4548-9f0a-54d1ae59b75e,6cfb1ba29a36ae98_c8a2b6a3-70ec-4a07-a5be-16b6c8c9135b,0100,1289.436,1506.3
88892b8a-9a15-4548-9f0a-54d1ae59b75e,6cfb1ba29a36ae98_c8a2b6a3-70ec-4a07-a5be-16b6c8c9135b,0105,1288.264,1502.666
88892b8a-9a15-4548-9f0a-54d1ae59b75e,6cfb1ba29a36ae98_c8a2b6a3-70ec-4a07-a5be-16b6c8c9135b,0110,1290.888,1513.706
88892b8a-9a15-4548-9f0a-54d1ae59b75e,6cfb1ba29a36ae98_c8a2b6a3-70ec-4a07-a5be-16b6c8c9135b,0115,1289.643,1514.076
88892b8a-9a15-4548-9f0a-54d1ae59b75e,6cfb1ba29a36ae98_c8a2b6a3-70ec-4a07-a5be-16b6c8c9135b,0120,1289.023,1523.799
88892b8a-9a15-4548-9f0a-54d1ae59b75e,6cfb1ba29a36ae98_c8a2b6a3-70ec-4a07-a5be-16b6c8c9135b,0125,1289.111,1515.333
88892b8a-9a15-4548-9f0a-54d1ae59b75e,6cfb1ba29a36ae98_c8a2b6a3-70ec-4a07-a5be-16b6c8c9135b,0130,1289.866,1518.619
88892b8a-9a15-4548-9f0a-54d1ae59b75e,6cfb1ba29a36ae98_c8a2b6a3-70ec-4a07-a5be-16b6c8c9135b,0135,1289.185,1505.454
88892b8a-9a15-4548-9f0a-54d1ae59b75e,6cfb1ba29a36ae98_c8a2b6a3-70ec-4a07-a5be-16b6c8c9135b,0140,1288.726,1498.446
88892b8a-9a15-4548-9f0a-54d1ae59b75e,6cfb1ba29a36ae98_c8a2b6a3-70ec-4a07-a5be-16b6c8c9135b,0145,1290.403,1509.019
88892b8a-9a15-4548-9f0a-54d1ae59b75e,6cfb1ba29a36ae98_c8a2b6a3-70ec-4a07-a5be-16b6c8c9135b,0150,1287.893,1506.063
88892b8a-9a15-4548-9f0a-54d1ae59b75e,6cfb1ba29a36ae98_c8a2b6a3-70ec-4a07-a5be-16b6c8c9135b,0155,1287.854,1506.211
88892b8a-9a15-4548-9f0a-54d1ae59b75e,6cfb1ba29a36ae98_c8a2b6a3-70ec-4a07-a5be-16b6c8c9135b,0160,1289.501,1483.49
88892b8a-9a15-4548-9f0a-54d1ae59b75e,6cfb1ba29a36ae98_c8a2b6a3-70ec-4a07-a5be-16b6c8c9135b,0165,1289.092,1503.124
88892b8a-9a15-4548-9f0a-54d1ae59b75e,6cfb1ba29a36ae98_c8a2b6a3-70ec-4a07-a5be-16b6c8c9135b,0170,1288.054,1475.302
88892b8a-9a15-4548-9f0a-54d1ae59b75e,6cfb1ba29a36ae98_c8a2b6a3-70ec-4a07-a5be-16b6c8c9135b,0175,1290.012,1516.582
88892b8a-9a15-4548-9f0a-54d1ae59b75e,6cfb1ba29a36ae98_c8a2b6a3-70ec-4a07-a5be-16b6c8c9135b,0180,1290.01,1513.397
88892b8a-9a15-4548-9f0a-54d1ae59b75e,6cfb1ba29a36ae98_c8a2b6a3-70ec-4a07-a5be-16b6c8c9135b,0185,1288.355,1506.933
88892b8a-9a15-4548-9f0a-54d1ae59b75e,6cfb1ba29a36ae98_c8a2b6a3-70ec-4a07-a5be-16b6c8c9135b,0190,1289.175,1467.774
88892b8a-9a15-4548-9f0a-54d1ae59b75e,6cfb1ba29a36ae98_c8a2b6a3-70ec-4a07-a5be-16b6c8c9135b,0195,1288.584,1505.831
88892b8a-9a15-4548-9f0a-54d1ae59b75e,6cfb1ba29a36ae98_c8a2b6a3-70ec-4a07-a5be-16b6c8c9135b,0200,1288.972,1490.869
88892b8a-9a15-4548-9f0a-54d1ae59b75e,6cfb1ba29a36ae98_c8a2b6a3-70ec-4a07-a5be-16b6c8c9135b,0205,1289.026,1503.958
88892b8a-9a15-4548-9f0a-54d1ae59b75e,6cfb1ba29a36ae98_c8a2b6a3-70ec-4a07-a5be-16b6c8c9135b,0210,1289.256,1480.291
88892b8a-9a15-4548-9f0a-54d1ae59b75e,6cfb1ba29a36ae98_c8a2b6a3-70ec-4a07-a5be-16b6c8c9135b,0215,1289.227,1525.458
88892b8a-9a15-4548-9f0a-54d1ae59b75e,6cfb1ba29a36ae98_c8a2b6a3-70ec-4a07-a5be-16b6c8c9135b,0220,1289.4,1509.96
88892b8a-9a15-4548-9f0a-54d1ae59b75e,6cfb1ba29a36ae98_c8a2b6a3-70ec-4a07-a5be-16b6c8c9135b,0225,1291.107,1500.864
88892b8a-9a15-4548-9f0a-54d1ae59b75e,6cfb1ba29a36ae98_c8a2b6a3-70ec-4a07-a5be-16b6c8c9135b,0230,1291.014,1508.22
88892b8a-9a15-4548-9f0a-54d1ae59b75e,6cfb1ba29a36ae98_c8a2b6a3-70ec-4a07-a5be-16b6c8c9135b,0235,1287.785,1493.897
f598c748-53b8-43b2-b5ab-de9b43a1dbcd,6a028e65be5f3e72_b1a1f87c-ffd5-416a-a29c-dbbdf6260368,0005,1288.611,1487.578
f598c748-53b8-43b2-b5ab-de9b43a1dbcd,6a028e65be5f3e72_b1a1f87c-ffd5-416a-a29c-dbbdf6260368,0010,1288.104,1525.063
f598c748-53b8-43b2-b5ab-de9b43a1dbcd,6a028e65be5f3e72_b1a1f87c-ffd5-416a-a29c-dbbdf6260368,0015,1287.984,1484.634
f598c748-53b8-43b2-b5ab-de9b43a1dbcd,6a028e65be5f3e72_b1a1f87c-ffd5-416a-a29c-dbbdf6260368,0020,1289.02,1502.155
f598c748-53b8-43b2-b5ab-de9b43a1dbcd,6a028e65be5f3e72_b1a1f87c-ffd5-416a-a29c-dbbdf6260368,0025,1288.326,1472.897
f598c748-53b8-43b2-b5ab-de9b43a1dbcd,6a028e65be5f3e72_b1a1f87c-ffd5-416a-a29c-dbbdf6260368,0030,1288.589,1504.908
f598c748-53b8-43b2-b5ab-de9b43a1dbcd,6a028e65be5f3e72_b1a1f87c-ffd5-416a-a29c-dbbdf6260368,0035,1290.577,1493.277
f598c748-53b8-43b2-b5ab-de9b43a1dbcd,6a028e65be5f3e72_b1a1f87c-ffd5-416a-a29c-dbbdf6260368,0040,1288.224,1520.129
f598c748-53b8-43b2-b5ab-de9b43a1dbcd,6a028e65be5f3e72_b1a1f87c-ffd5-416a-a29c-dbbdf6260368,0045,1290.132,1506.03
f598c748-53b8-43b2-b5ab-de9b43a1dbcd,6a028e65be5f3e72_b1a1f87c-ffd5-416a-a29c-dbbdf6260368,0050,1290.384,1502.297
f598c748-53b8-43b2-b5ab-de9b43a1dbcd,6a028e65be5f3e72_b1a1f87c-ffd5-416a-a29c-dbbdf6260368,0055,1289.156,1469.769
f598c748-53b8-43b2-b5ab-de9b43a1dbcd,6a028e65be5f3e72_b1a1f87c-ffd5-416a-a29c-dbbdf6260368,0060,1289.117,1506.891
f598c748-53b8-43b2-b5ab-de9b43a1dbcd,6a028e65be5f3e72_b1a1f87c-ffd5-416a-a29c-dbbdf6260368,0065,1288.311,1492.597
f598c748-53b8-43b2-b5ab-de9b43a1dbcd,6a028e65be5f3e72_b1a1f87c-ffd5-416a-a29c-dbbdf6260368,0070,1288.406,1501.67
f598c748-53b8-43b2-b5ab-de9b43a1dbcd,6a028e65be5f3e72_b1a1f87c-ffd5-416a-a29c-dbbdf6260368,0075,1288.334,1490.503
f598c748-53b8-43b2-b5ab-de9b43a1dbcd,6a028e65be5f3e72_b1a1f87c-ffd5-416a-a29c-dbbdf6260368,0080,1288.507,1503.926
f598c748-53b8-43b2-b5ab-de9b43a1dbcd,6a028e65be5f3e72_b1a1f87c-ffd5-416a-a29c-dbbdf6260368,0085,1288.84,1483.046
f598c748-53b8-43b2-b5ab-de9b43a1dbcd,6a028e65be5f3e72_b1a1f87c-ffd5-416a-a29c-dbbdf6260368,0090,1291.429,1501.105
f598c748-53b8-43b2-b5ab-de9b43a1dbcd,6a028e65be5f3e72_b1a1f87c-ffd5-416a-a29c-dbbdf6260368,0095,1289.724,1504.43
f598c748-53b8-43b2-b5ab-de9b43a1dbcd,6a028e65be5f3e72_b1a1f87c-ffd5-416a-a29c-dbbdf6260368,0100,1288.527,1504.377
f598c748-53b8-43b2-b5ab-de9b43a1dbcd,6a028e65be5f3e72_b1a1f87c-ffd5-416a-a29c-dbbdf6260368,0105,1288.464,1489.827
f598c748-53b8-43b2-b5ab-de9b43a1dbcd,6a028e65be5f3e72_b1a1f87c-ffd5-416a-a29c-dbbdf6260368,0110,1290.16,1522.02
f598c748-53b8-43b2-b5ab-de9b43a1dbcd,6a028e65be5f3e72_b1a1f87c-ffd5-416a-a29c-dbbdf6260368,0115,1289.965,1532.244
f598c748-53b8-43b2-b5ab-de9b43a1dbcd,6a028e65be5f3e72_b1a1f87c-ffd5-416a-a29c-dbbdf6260368,0120,1289.474,1526.255
f598c748-53b8-43b2-b5ab-de9b43a1dbcd,6a028e65be5f3e72_b1a1f87c-ffd5-416a-a29c-dbbdf6260368,0125,1288.674,1488.916
f598c748-53b8-43b2-b5ab-de9b43a1dbcd,6a028e65be5f3e72_b1a1f87c-ffd5-416a-a29c-dbbdf6260368,0130,1288.627,1506.325
f598c748-53b8-43b2-b5ab-de9b43a1dbcd,6a028e65be5f3e72_b1a1f87c-ffd5-416a-a29c-dbbdf6260368,0135,1289.494,1490.354
f598c748-53b8-43b2-b5ab-de9b43a1dbcd,6a028e65be5f3e72_b1a1f87c-ffd5-416a-a29c-dbbdf6260368,0140,1289.054,1515.36
f598c748-53b8-43b2-b5ab-de9b43a1dbcd,6a028e65be5f3e72_b1a1f87c-ffd5-416a-a29c-dbbdf6260368,0145,1291.208,1492.232
f598c748-53b8-43b2-b5ab-de9b43a1dbcd,6a028e65be5f3e72_b1a1f87c-ffd5-416a-a29c-dbbdf6260368,0150,1288.729,1500.69
f598c748-53b8-43b2-b5ab-de9b43a1dbcd,6a028e65be5f3e72_b1a1f87c-ffd5-416a-a29c-dbbdf6260368,0155,1289.526,1501.627
f598c748-53b8-43b2-b5ab-de9b43a1dbcd,6a028e65be5f3e72_b1a1f87c-ffd5-416a-a29c-dbbdf6260368,0160,1288.753,1512.418
f598c748-53b8-43b2-b5ab-de9b43a1dbcd,6a028e65be5f3e72_b1a1f87c-ffd5-416a-a29c-dbbdf6260368,0165,1289.355,1530.98
f598c748-53b8-43b2-b5ab-de9b43a1dbcd,6a028e65be5f3e72_b1a1f87c-ffd5-416a-a29c-dbbdf6260368,0170,1289.004,1492.608
f598c748-53b8-43b2-b5ab-de9b43a1dbcd,6a028e65be5f3e72_b1a1f87c-ffd5-416a-a29c-dbbdf6260368,0175,1288.786,1499.333
f598c748-53b8-43b2-b5ab-de9b43a1dbcd,6a028e65be5f3e72_b1a1f87c-ffd5-416a-a29c-dbbdf6260368,0180,1289.859,1506.512
f598c748-53b8-43b2-b5ab-de9b43a1dbcd,6a028e65be5f3e72_b1a1f87c-ffd5-416a-a29c-dbbdf6260368,0185,1289.601,1500.827
f598c748-53b8-43b2-b5ab-de9b43a1dbcd,6a028e65be5f3e72_b1a1f87c-ffd5-416a-a29c-dbbdf6260368,0190,1289.318,1505.626
f598c748-53b8-43b2-b5ab-de9b43a1dbcd,6a028e65be5f3e72_b1a1f87c-ffd5-416a-a29c-dbbdf6260368,0195,1287.761,1502.054
f598c748-53b8-43b2-b5ab-de9b43a1dbcd,6a028e65be5f3e72_b1a1f87c-ffd5-416a-a29c-dbbdf6260368,0200,1289.028,1504.983
f598c748-53b8-43b2-b5ab-de9b43a1dbcd,6a028e65be5f3e72_b1a1f87c-ffd5-416a-a29c-dbbdf6260368,0205,1289.615,1504.384
f598c748-53b8-43b2-b5ab-de9b43a1dbcd,6a028e65be5f3e72_b1a1f87c-ffd5-416a-a29c-dbbdf6260368,0210,1289.933,1506.047
9164f4ed-0087-45ab-bea7-2048c5c22795,4bf394707daf5e2e_49a7469f-fd22-4c7d-a3ec-25cab4892895,0005,1290.218,1520.265
9164f4ed-0087-45ab-bea7-2048c5c22795,4bf394707daf5e2e_49a7469f-fd22-4c7d-a3ec-25cab4892895,0010,1291.323,1496.228
9164f4ed-0087-45ab-bea7-2048c5c22795,4bf394707daf5e2e_49a7469f-fd22-4c7d-a3ec-25cab4892895,0015,1290.855,1490.611
9164f4ed-0087-45ab-bea7-2048c5c22795,4bf394707daf5e2e_49a7469f-fd22-4c7d-a3ec-25cab4892895,0020,1290.566,1507.703
9164f4ed-0087-45ab-bea7-2048c5c22795,4bf394707daf5e2e_49a7469f-fd22-4c7d-a3ec-25cab4892895,0025,1287.61,1501.13
9164f4ed-0087-45ab-bea7-2048c5c22795,4bf394707daf5e2e_49a7469f-fd22-4c7d-a3ec-25cab4892895,0030,1289.551,1507.165
9164f4ed-0087-45ab-bea7-2048c5c22795,4bf394707daf5e2e_49a7469f-fd22-4c7d-a3ec-25cab4892895,0035,1288.489,1464.918
9164f4ed-0087-45ab-bea7-2048c5c22795,4bf394707daf5e2e_49a7469f-fd22-4c7d-a3ec-25cab4892895,0040,1289.564,1506.1
9164f4ed-0087-45ab-bea7-2048c5c22795,4bf394707daf5e2e_49a7469f-fd22-4c7d-a3ec-25cab4892895,0045,1288.404,1501.005
9164f4ed-0087-45ab-bea7-2048c5c22795,4bf394707daf5e2e_49a7469f-fd22-4c7d-a3ec-25cab4892895,0050,1289.499,1506.182
9164f4ed-0087-45ab-bea7-2048c5c22795,4bf394707daf5e2e_49a7469f-fd22-4c7d-a3ec-25cab4892895,0055,1289.006,1493.231
9164f4ed-0087-45ab-bea7-2048c5c22795,4bf394707daf5e2e_49a7469f-fd22-4c7d-a3ec-25cab4892895,0060,1291.282,1506.753
9164f4ed-0087-45ab-bea7-2048c5c22795,4bf394707daf5e2e_49a7469f-fd22-4c7d-a3ec-25cab4892895,0065,1289.435,1502.392
9164f4ed-0087-45ab-bea7-2048c5c22795,4bf394707daf5e2e_49a7469f-fd22-4c7d-a3ec-25cab4892895,0070,1291.286,1526.125
9164f4ed-0087-45ab-bea7-2048c5c22795,4bf394707daf5e2e_49a7469f-fd22-4c7d-a3ec-25cab4892895,0075,1288.431,1509.177
9164f4ed-0087-45ab-bea7-2048c5c22795,4bf394707daf5e2e_49a7469f-fd22-4c7d-a3ec-25cab4892895,0080,1289.081,1491.271
9164f4ed-0087-45ab-bea7-2048c5c22795,4bf394707daf5e2e_49a7469f-fd22-4c7d-a3ec-25cab4892895,0085,1289.336,1480.127
9164f4ed-0087-45ab-bea7-2048c5c22795,4bf394707daf5e2e_49a7469f-fd22-4c7d-a3ec-25cab4892895,0090,1289.029,1509.597
9164f4ed-0087-45ab-bea7-2048c5c22795,4bf394707daf5e2e_49a7469f-fd22-4c7d-a3ec-25cab4892895,0095,1288.522,1497.438
9164f4ed-0087-45ab-bea7-2048c5c22795,4bf394707daf5e2e_49a7469f-fd22-4c7d-a3ec-25cab4892895,0100,1289.138,1488.899
9164f4ed-0087-45ab-bea7-2048c5c22795,4bf394707daf5e2e_49a7469f-fd22-4c7d-a3ec-25cab4892895,0105,1288.115,1485.127
9164f4ed-0087-45ab-bea7-2048c5c22795,4bf394707daf5e2e_49a7469f-fd22-4c7d-a3ec-25cab4892895,0110,1288.415,1501.769
9164f4ed-0087-45ab-bea7-2048c5c22795,4bf394707daf5e2e_49a7469f-fd22-4c7d-a3ec-25cab4892895,0115,1288.0,1503.394
9164f4ed-0087-45ab-bea7-2048c5c22795,4bf394707daf5e2e_49a7469f-fd22-4c7d-a3ec-25cab4892895,0120,1288.387,1509.626
9164f4ed-0087-45ab-bea7-2048c5c22795,4bf394707daf5e2e_49a7469f-fd22-4c7d-a3ec-25cab4892895,0125,1289.966,1504.308
9164f4ed-0087-45ab-bea7-2048c5c22795,4bf394707daf5e2e_49a7469f-fd22-4c7d-a3ec-25cab4892895,0130,1288.806,1512.999
9164f4ed-0087-45ab-bea7-2048c5c22795,4bf394707daf5e2e_49a7469f-fd22-4c7d-a3ec-25cab4892895,0135,1290.155,1493.812
9164f4ed-0087-45ab-bea7-2048c5c22795,4bf394707daf5e2e_49a7469f-fd22-4c7d-a3ec-25cab4892895,0140,1290.008,1518.214
9164f4ed-0087-45ab-bea7-2048c5c22795,4bf394707daf5e2e_49a7469f-fd22-4c7d-a3ec-25cab4892895,0145,1289.581,1498.164
9164f4ed-0087-45ab-bea7-2048c5c22795,4bf394707daf5e2e_49a7469f-fd22-4c7d-a3ec-25cab4892895,0150,1289.442,1506.816
9164f4ed-0087-45ab-bea7-2048c5c22795,4bf394707daf5e2e_49a7469f-fd22-4c7d-a3ec-25cab4892895,0155,1289.668,1497.784
9164f4ed-0087-45ab-bea7-2048c5c22795,4bf394707daf5e2e_49a7469f-fd22-4c7d-a3ec-25cab4892895,0160,1290.219,1506.692
9164f4ed-0087-45ab-bea7-2048c5c22795,4bf394707daf5e2e_49a7469f-fd22-4c7d-a3ec-25cab4892895,0165,1289.577,1486.561
9164f4ed-0087-45ab-bea7-2048c5c22795,4bf394707daf5e2e_49a7469f-fd22-4c7d-a3ec-25cab4892895,0170,1287.573,1501.883
9164f4ed-0087-45ab-bea7-2048c5c22795,4bf394707daf5e2e_49a7469f-fd22-4c7d-a3ec-25cab4892895,0175,1289.793,1490.16
9164f4ed-0087-45ab-bea7-2048c5c22795,4bf394707daf5e2e_49a7469f-fd22-4c7d-a3ec-25cab4892895,0180,1288.386,1499.933
9164f4ed-0087-45ab-bea7-2048c5c22795,4bf394707daf5e2e_49a7469f-fd22-4c7d-a3ec-25cab4892895,0185,1287.453,1476.376
9164f4ed-0087-45ab-bea7-2048c5c22795,4bf394707daf5e2e_49a7469f-fd22-4c7d-a3ec-25cab4892895,0190,1288.116,1504.757
9164f4ed-0087-45ab-bea7-2048c5c22795,4bf394707daf5e2e_49a7469f-fd22-4c7d-a3ec-25cab4892895,0195,1287.551,1516.446
9164f4ed-0087-45ab-bea7-2048c5c22795,4bf394707daf5e2e_49a7469f-fd22-4c7d-a3ec-25cab4892895,0200,1288.744,1510.469
9164f4ed-0087-45ab-bea7-2048c5c22795,4bf394707daf5e2e_49a7469f-fd22-4c7d-a3ec-25cab4892895,0205,1287.558,1500.689
9164f4ed-0087-45ab-bea7-2048c5c22795,4bf394707daf5e2e_49a7469f-fd22-4c7d-a3ec-25cab4892895,0210,1288.04,1504.961
9164f4ed-0087-45ab-bea7-2048c5c22795,4bf394707daf5e2e_49a7469f-fd22-4c7d-a3ec-25cab4892895,0215,1288.05,1495.391
9164f4ed-0087-45ab-bea7-2048c5c22795,4bf394707daf5e2e_49a7469f-fd22-4c7d-a3ec-25cab4892895,0220,1287.857,1507.264
9164f4ed-0087-45ab-bea7-2048c5c22795,4bf394707daf5e2e_49a7469f-fd22-4c7d-a3ec-25cab4892895,0225,1287.809,1496.718
9164f4ed-0087-45ab-bea7-2048c5c22795,4bf394707daf5e2e_49a7469f-fd22-4c7d-a3ec-25cab4892895,0230,1289.094,1507.503
9164f4ed-0087-45ab-bea7-2048c5c22795,4bf394707daf5e2e_49a7469f-fd22-4c7d-a3ec-25cab4892895,0235,1287.833,1496.379
9164f4ed-0087-45ab-bea7-2048c5c22795,4bf394707daf5e2e_49a7469f-fd22-4c7d-a3ec-25cab4892895,0240,1288.951,1505.436
9164f4ed-0087-45ab-bea7-2048c5c22795,4bf394707daf5e2e_49a7469f-fd22-4c7d-a3ec-25cab4892895,0245,1287.935,1493.969
9164f4ed-0087-45ab-bea7-2048c5c22795,4bf394707daf5e2e_49a7469f-fd22-4c7d-a3ec-25cab4892895,0250,1288.702,1506.879
9164f4ed-0087-45ab-bea7-2048c5c22795,4bf394707daf5e2e_49a7469f-fd22-4c7d-a3ec-25cab4892895,0255,1287.244,1491.771
9604fde0-d0db-462e-be4a-3cb2f9f6b29c,0c11abcb3064d945_2c2d4bfc-0833-44a3-a81f-9b40eee2b33e,0005,1289.916,1524.597
9604fde0-d0db-462e-be4a-3cb2f9f6b29c,0c11abcb3064d945_2c2d4bfc-0833-44a3-a81f-9b40eee2b33e,0010,1290.831,1506.773
9604fde0-d0db-462e-be4a-3cb2f9f6b29c,0c11abcb3064d945_2c2d4bfc-0833-44a3-a81f-9b40eee2b33e,0015,1289.651,1506.034
9604fde0-d0db-462e-be4a-3cb2f9f6b29c,0c11abcb3064d945_2c2d4bfc-0833-44a3-a81f-9b40eee2b33e,0020,1288.748,1490.715
9604fde0-d0db-462e-be4a-3cb2f9f6b29c,0c11abcb3064d945_2c2d4bfc-0833-44a3-a81f-9b40eee2b33e,0025,1289.48,1503.525
9604fde0-d0db-462e-be4a-3cb2f9f6b29c,0c11abcb3064d945_2c2d4bfc-0833-44a3-a81f-9b40eee2b33e,0030,1289.182,1500.399
9604fde0-d0db-462e-be4a-3cb2f9f6b29c,0c11abcb3064d945_2c2d4bfc-0833-44a3-a81f-9b40eee2b33e,0035,1288.63,1505.253
9604fde0-d0db-462e-be4a-3cb2f9f6b29c,0c11abcb3064d945_2c2d4bfc-0833-44a3-a81f-9b40eee2b33e,0040,1288.189,1503.755
9604fde0-d0db-462e-be4a-3cb2f9f6b29c,0c11abcb3064d945_2c2d4bfc-0833-44a3-a81f-9b40eee2b33e,0045,1289.377,1509.378
9604fde0-d0db-462e-be4a-3cb2f9f6b29c,0c11abcb3064d945_2c2d4bfc-0833-44a3-a81f-9b40eee2b33e,0050,1289.183,1494.434
9604fde0-d0db-462e-be4a-3cb2f9f6b29c,0c11abcb3064d945_2c2d4bfc-0833-44a3-a81f-9b40eee2b33e,0055,1289.156,1507.427
9604fde0-d0db-462e-be4a-3cb2f9f6b29c,0c11abcb3064d945_2c2d4bfc-0833-44a3-a81f-9b40eee2b33e,0060,1289.646,1510.717
9604fde0-d0db-462e-be4a-3cb2f9f6b29c,0c11abcb3064d945_2c2d4bfc-0833-44a3-a81f-9b40eee2b33e,0065,1289.826,1506.556
9604fde0-d0db-462e-be4a-3cb2f9f6b29c,0c11abcb3064d945_2c2d4bfc-0833-44a3-a81f-9b40eee2b33e,0070,1289.243,1502.921
9604fde0-d0db-462e-be4a-3cb2f9f6b29c,0c11abcb3064d945_2c2d4bfc-0833-44a3-a81f-9b40eee2b33e,0075,1289.83,1506.578
9604fde0-d0db-462e-be4a-3cb2f9f6b29c,0c11abcb3064d945_2c2d4bfc-0833-44a3-a81f-9b40eee2b33e,0080,1288.35,1512.649
9604fde0-d0db-462e-be4a-3cb2f9f6b29c,0c11abcb3064d945_2c2d4bfc-0833-44a3-a81f-9b40eee2b33e,0085,1288.782,1509.668
9604fde0-d0db-462e-be4a-3cb2f9f6b29c,0c11abcb3064d945_2c2d4bfc-0833-44a3-a81f-9b40eee2b33e,0090,1288.128,1527.73
9604fde0-d0db-462e-be4a-3cb2f9f6b29c,0c11abcb3064d945_2c2d4bfc-0833-44a3-a81f-9b40eee2b33e,0095,1290.355,1526.714
9604fde0-d0db-462e-be4a-3cb2f9f6b29c,0c11abcb3064d945_2c2d4bfc-0833-44a3-a81f-9b40eee2b33e,0100,1289.852,1534.024
9604fde0-d0db-462e-be4a-3cb2f9f6b29c,0c11abcb3064d945_2c2d4bfc-0833-44a3-a81f-9b40eee2b33e,0105,1288.957,1521.148
9604fde0-d0db-462e-be4a-3cb2f9f6b29c,0c11abcb3064d945_2c2d4bfc-0833-44a3-a81f-9b40eee2b33e,0110,1291.569,1504.693
9604fde0-d0db-462e-be4a-3cb2f9f6b29c,0c11abcb3064d945_2c2d4bfc-0833-44a3-a81f-9b40eee2b33e,0115,1289.194,1585.66
9604fde0-d0db-462e-be4a-3cb2f9f6b29c,0c11abcb3064d945_2c2d4bfc-0833-44a3-a81f-9b40eee2b33e,0120,1287.991,1501.683
9604fde0-d0db-462e-be4a-3cb2f9f6b29c,0c11abcb3064d945_2c2d4bfc-0833-44a3-a81f-9b40eee2b33e,0125,1288.961,1480.905
9604fde0-d0db-462e-be4a-3cb2f9f6b29c,0c11abcb3064d945_2c2d4bfc-0833-44a3-a81f-9b40eee2b33e,0130,1289.107,1505.238
9604fde0-d0db-462e-be4a-3cb2f9f6b29c,0c11abcb3064d945_2c2d4bfc-0833-44a3-a81f-9b40eee2b33e,0135,1288.141,1492.347
9604fde0-d0db-462e-be4a-3cb2f9f6b29c,0c11abcb3064d945_2c2d4bfc-0833-44a3-a81f-9b40eee2b33e,0140,1288.441,1501.53
9604fde0-d0db-462e-be4a-3cb2f9f6b29c,0c11abcb3064d945_2c2d4bfc-0833-44a3-a81f-9b40eee2b33e,0145,1290.152,1493.379
9604fde0-d0db-462e-be4a-3cb2f9f6b29c,0c11abcb3064d945_2c2d4bfc-0833-44a3-a81f-9b40eee2b33e,0150,1287.465,1519.711
9604fde0-d0db-462e-be4a-3cb2f9f6b29c,0c11abcb3064d945_2c2d4bfc-0833-44a3-a81f-9b40eee2b33e,0155,1288.437,1499.487
176f61e7-06d3-4bdc-8edc-b548a1387e9d,fefe4f80a578a4db_61049b53-5ad8-4ee8-b337-739dec2db120,0005,1289.518,1523.784
176f61e7-06d3-4bdc-8edc-b548a1387e9d,fefe4f80a578a4db_61049b53-5ad8-4ee8-b337-739dec2db120,0010,1288.197,1520.635
176f61e7-06d3-4bdc-8edc-b548a1387e9d,fefe4f80a578a4db_61049b53-5ad8-4ee8-b337-739dec2db120,0015,1290.049,1507.495
176f61e7-06d3-4bdc-8edc-b548a1387e9d,fefe4f80a578a4db_61049b53-5ad8-4ee8-b337-739dec2db120,0020,1287.011,1510.901
176f61e7-06d3-4bdc-8edc-b548a1387e9d,fefe4f80a578a4db_61049b53-5ad8-4ee8-b337-739dec2db120,0025,1289.691,1522.113
176f61e7-06d3-4bdc-8edc-b548a1387e9d,fefe4f80a578a4db_61049b53-5ad8-4ee8-b337-739dec2db120,0030,1289.019,1487.018
176f61e7-06d3-4bdc-8edc-b548a1387e9d,fefe4f80a578a4db_61049b53-5ad8-4ee8-b337-739dec2db120,0035,1288.376,1505.746
176f61e7-06d3-4bdc-8edc-b548a1387e9d,fefe4f80a578a4db_61049b53-5ad8-4ee8-b337-739dec2db120,0040,1289.078,1487.544
176f61e7-06d3-4bdc-8edc-b548a1387e9d,fefe4f80a578a4db_61049b53-5ad8-4ee8-b337-739dec2db120,0045,1290.518,1506.596
176f61e7-06d3-4bdc-8edc-b548a1387e9d,fefe4f80a578a4db_61049b53-5ad8-4ee8-b337-739dec2db120,0050,1289.844,1503.365
176f61e7-06d3-4bdc-8edc-b548a1387e9d,fefe4f80a578a4db_61049b53-5ad8-4ee8-b337-739dec2db120,0055,1288.15,1508.709
176f61e7-06d3-4bdc-8edc-b548a1387e9d,fefe4f80a578a4db_61049b53-5ad8-4ee8-b337-739dec2db120,0060,1287.405,1479.34
176f61e7-06d3-4bdc-8edc-b548a1387e9d,fefe4f80a578a4db_61049b53-5ad8-4ee8-b337-739dec2db120,0065,1288.251,1515.013
176f61e7-06d3-4bdc-8edc-b548a1387e9d,fefe4f80a578a4db_61049b53-5ad8-4ee8-b337-739dec2db120,0070,1289.699,1495.849
176f61e7-06d3-4bdc-8edc-b548a1387e9d,fefe4f80a578a4db_61049b53-5ad8-4ee8-b337-739dec2db120,0075,1291.106,1505.135
176f61e7-06d3-4bdc-8edc-b548a1387e9d,fefe4f80a578a4db_61049b53-5ad8-4ee8-b337-739dec2db120,0080,1290.202,1491.386
176f61e7-06d3-4bdc-8edc-b548a1387e9d,fefe4f80a578a4db_61049b53-5ad8-4ee8-b337-739dec2db120,0085,1288.948,1503.569
176f61e7-06d3-4bdc-8edc-b548a1387e9d,fefe4f80a578a4db_61049b53-5ad8-4ee8-b337-739dec2db120,0090,1288.84,1494.863
176f61e7-06d3-4bdc-8edc-b548a1387e9d,fefe4f80a578a4db_61049b53-5ad8-4ee8-b337-739dec2db120,0095,1289.67,1507.698
176f61e7-06d3-4bdc-8edc-b548a1387e9d,fefe4f80a578a4db_61049b53-5ad8-4ee8-b337-739dec2db120,0100,1288.095,1487.219
176f61e7-06d3-4bdc-8edc-b548a1387e9d,fefe4f80a578a4db_61049b53-5ad8-4ee8-b337-739dec2db120,0105,1288.695,1502.448
176f61e7-06d3-4bdc-8edc-b548a1387e9d,fefe4f80a578a4db_61049b53-5ad8-4ee8-b337-739dec2db120,0110,1288.658,1485.129
176f61e7-06d3-4bdc-8edc-b548a1387e9d,fefe4f80a578a4db_61049b53-5ad8-4ee8-b337-739dec2db120,0115,1287.514,1495.806
176f61e7-06d3-4bdc-8edc-b548a1387e9d,fefe4f80a578a4db_61049b53-5ad8-4ee8-b337-739dec2db120,0120,1287.681,1480.621
176f61e7-06d3-4bdc-8edc-b548a1387e9d,fefe4f80a578a4db_61049b53-5ad8-4ee8-b337-739dec2db120,0125,1288.685,1501.339
176f61e7-06d3-4bdc-8edc-b548a1387e9d,fefe4f80a578a4db_61049b53-5ad8-4ee8-b337-739dec2db120,0130,1288.824,1474.125
176f61e7-06d3-4bdc-8edc-b548a1387e9d,fefe4f80a578a4db_61049b53-5ad8-4ee8-b337-739dec2db120,0135,1288.613,1504.93
176f61e7-06d3-4bdc-8edc-b548a1387e9d,fefe4f80a578a4db_61049b53-5ad8-4ee8-b337-739dec2db120,0140,1287.272,1510.965
176f61e7-06d3-4bdc-8edc-b548a1387e9d,fefe4f80a578a4db_61049b53-5ad8-4ee8-b337-739dec2db120,0145,1286.596,1500.213
176f61e7-06d3-4bdc-8edc-b548a1387e9d,fefe4f80a578a4db_61049b53-5ad8-4ee8-b337-739dec2db120,0150,1288.144,1470.831
176f61e7-06d3-4bdc-8edc-b548a1387e9d,fefe4f80a578a4db_61049b53-5ad8-4ee8-b337-739dec2db120,0155,1288.531,1509.293
176f61e7-06d3-4bdc-8edc-b548a1387e9d,fefe4f80a578a4db_61049b53-5ad8-4ee8-b337-739dec2db120,0160,1288.543,1489.02
176f61e7-06d3-4bdc-8edc-b548a1387e9d,fefe4f80a578a4db_61049b53-5ad8-4ee8-b337-739dec2db120,0165,1287.16,1504.091
176f61e7-06d3-4bdc-8edc-b548a1387e9d,fefe4f80a578a4db_61049b53-5ad8-4ee8-b337-739dec2db120,0170,1291.222,1502.123
176f61e7-06d3-4bdc-8edc-b548a1387e9d,fefe4f80a578a4db_61049b53-5ad8-4ee8-b337-739dec2db120,0175,1287.913,1503.954
176f61e7-06d3-4bdc-8edc-b548a1387e9d,fefe4f80a578a4db_61049b53-5ad8-4ee8-b337-739dec2db120,0180,1288.723,1488.973
176f61e7-06d3-4bdc-8edc-b548a1387e9d,fefe4f80a578a4db_61049b53-5ad8-4ee8-b337-739dec2db120,0185,1287.564,1505.423
176f61e7-06d3-4bdc-8edc-b548a1387e9d,fefe4f80a578a4db_61049b53-5ad8-4ee8-b337-739dec2db120,0190,1288.695,1501.162
176f61e7-06d3-4bdc-8edc-b548a1387e9d,fefe4f80a578a4db_61049b53-5ad8-4ee8-b337-739dec2db120,0195,1288.349,1497.05
176f61e7-06d3-4bdc-8edc-b548a1387e9d,fefe4f80a578a4db_61049b53-5ad8-4ee8-b337-739dec2db120,0200,1288.992,1473.531
176f61e7-06d3-4bdc-8edc-b548a1387e9d,fefe4f80a578a4db_61049b53-5ad8-4ee8-b337-739dec2db120,0205,1288.269,1503.469
176f61e7-06d3-4bdc-8edc-b548a1387e9d,fefe4f80a578a4db_61049b53-5ad8-4ee8-b337-739dec2db120,0210,1287.33,1517.381
176f61e7-06d3-4bdc-8edc-b548a1387e9d,fefe4f80a578a4db_61049b53-5ad8-4ee8-b337-739dec2db120,0215,1290.776,1502.276
176f61e7-06d3-4bdc-8edc-b548a1387e9d,fefe4f80a578a4db_61049b53-5ad8-4ee8-b337-739dec2db120,0220,1289.577,1499.435
176f61e7-06d3-4bdc-8edc-b548a1387e9d,fefe4f80a578a4db_61049b53-5ad8-4ee8-b337-739dec2db120,0225,1288.665,1506.655
176f61e7-06d3-4bdc-8edc-b548a1387e9d,fefe4f80a578a4db_61049b53-5ad8-4ee8-b337-739dec2db120,0230,1289.351,1465.604
176f61e7-06d3-4bdc-8edc-b548a1387e9d,fefe4f80a578a4db_61049b53-5ad8-4ee8-b337-739dec2db120,0235,1287.339,1486.607
176f61e7-06d3-4bdc-8edc-b548a1387e9d,fefe4f80a578a4db_61049b53-5ad8-4ee8-b337-739dec2db120,0240,1289.343,1507.555
176f61e7-06d3-4bdc-8edc-b548a1387e9d,fefe4f80a578a4db_61049b53-5ad8-4ee8-b337-739dec2db120,0245,1289.065,1506.093
176f61e7-06d3-4bdc-8edc-b548a1387e9d,fefe4f80a578a4db_61049b53-5ad8-4ee8-b337-739dec2db120,0250,1288.889,1499.94
176f61e7-06d3-4bdc-8edc-b548a1387e9d,fefe4f80a578a4db_61049b53-5ad8-4ee8-b337-739dec2db120,0255,1287.589,1524.41
176f61e7-06d3-4bdc-8edc-b548a1387e9d,fefe4f80a578a4db_61049b53-5ad8-4ee8-b337-739dec2db120,0260,1289.76,1493.733
176f61e7-06d3-4bdc-8edc-b548a1387e9d,fefe4f80a578a4db_61049b53-5ad8-4ee8-b337-739dec2db120,0265,1288.584,1496.005
176f61e7-06d3-4bdc-8edc-b548a1387e9d,fefe4f80a578a4db_61049b53-5ad8-4ee8-b337-739dec2db120,0270,1289.668,1509.152
176f61e7-06d3-4bdc-8edc-b548a1387e9d,fefe4f80a578a4db_61049b53-5ad8-4ee8-b337-739dec2db120,0275,1290.606,1506.724
176f61e7-06d3-4bdc-8edc-b548a1387e9d,fefe4f80a578a4db_61049b53-5ad8-4ee8-b337-739dec2db120,0280,1289.086,1517.639
176f61e7-06d3-4bdc-8edc-b548a1387e9d,fefe4f80a578a4db_61049b53-5ad8-4ee8-b337-739dec2db120,0285,1288.864,1516.146
176f61e7-06d3-4bdc-8edc-b548a1387e9d,fefe4f80a578a4db_61049b53-5ad8-4ee8-b337-739dec2db120,0290,1289.053,1512.435
462cad27-c478-404c-a7d6-e9ee086431c2,eda3d67004400d7f_5da5f4d4-7334-4e08-9613-57e1722984f7,0005,1288.395,1510.421
462cad27-c478-404c-a7d6-e9ee086431c2,eda3d67004400d7f_5da5f4d4-7334-4e08-9613-57e1722984f7,0010,1288.997,1474.104
462cad27-c478-404c-a7d6-e9ee086431c2,eda3d67004400d7f_5da5f4d4-7334-4e08-9613-57e1722984f7,0015,1287.953,1498.996
462cad27-c478-404c-a7d6-e9ee086431c2,eda3d67004400d7f_5da5f4d4-7334-4e08-9613-57e1722984f7,0020,1290.326,1498.768
462cad27-c478-404c-a7d6-e9ee086431c2,eda3d67004400d7f_5da5f4d4-7334-4e08-9613-57e1722984f7,0025,1288.947,1510.271
462cad27-c478-404c-a7d6-e9ee086431c2,eda3d67004400d7f_5da5f4d4-7334-4e08-9613-57e1722984f7,0030,1288.721,1501.071
462cad27-c478-404c-a7d6-e9ee086431c2,eda3d67004400d7f_5da5f4d4-7334-4e08-9613-57e1722984f7,0035,1290.77,1501.76
462cad27-c478-404c-a7d6-e9ee086431c2,eda3d67004400d7f_5da5f4d4-7334-4e08-9613-57e1722984f7,0040,1289.316,1473.266
462cad27-c478-404c-a7d6-e9ee086431c2,eda3d67004400d7f_5da5f4d4-7334-4e08-9613-57e1722984f7,0045,1288.873,1503.843
462cad27-c478-404c-a7d6-e9ee086431c2,eda3d67004400d7f_5da5f4d4-7334-4e08-9613-57e1722984f7,0050,1287.843,1480.714
462cad27-c478-404c-a7d6-e9ee086431c2,eda3d67004400d7f_5da5f4d4-7334-4e08-9613-57e1722984f7,0055,1287.68,1498.024
462cad27-c478-404c-a7d6-e9ee086431c2,eda3d67004400d7f_5da5f4d4-7334-4e08-9613-57e1722984f7,0060,1288.28,1481.434
462cad27-c478-404c-a7d6-e9ee086431c2,eda3d67004400d7f_5da5f4d4-7334-4e08-9613-57e1722984f7,0065,1288.824,1514.962
462cad27-c478-404c-a7d6-e9ee086431c2,eda3d67004400d7f_5da5f4d4-7334-4e08-9613-57e1722984f7,0070,1288.973,1476.617
462cad27-c478-404c-a7d6-e9ee086431c2,eda3d67004400d7f_5da5f4d4-7334-4e08-9613-57e1722984f7,0075,1289.432,1502.632
462cad27-c478-404c-a7d6-e9ee086431c2,eda3d67004400d7f_5da5f4d4-7334-4e08-9613-57e1722984f7,0080,1289.229,1512.324
462cad27-c478-404c-a7d6-e9ee086431c2,eda3d67004400d7f_5da5f4d4-7334-4e08-9613-57e1722984f7,0085,1289.303,1492.306
462cad27-c478-404c-a7d6-e9ee086431c2,eda3d67004400d7f_5da5f4d4-7334-4e08-9613-57e1722984f7,0090,1289.348,1506.379
462cad27-c478-404c-a7d6-e9ee086431c2,eda3d67004400d7f_5da5f4d4-7334-4e08-9613-57e1722984f7,0095,1287.547,1498.588
462cad27-c478-404c-a7d6-e9ee086431c2,eda3d67004400d7f_5da5f4d4-7334-4e08-9613-57e1722984f7,0100,1288.915,1482.726
462cad27-c478-404c-a7d6-e9ee086431c2,eda3d67004400d7f_5da5f4d4-7334-4e08-9613-57e1722984f7,0105,1288.353,1519.182
462cad27-c478-404c-a7d6-e9ee086431c2,eda3d67004400d7f_5da5f4d4-7334-4e08-9613-57e1722984f7,0110,1289.114,1482.77
462cad27-c478-404c-a7d6-e9ee086431c2,eda3d67004400d7f_5da5f4d4-7334-4e08-9613-57e1722984f7,0115,1289.051,1502.12
462cad27-c478-404c-a7d6-e9ee086431c2,eda3d67004400d7f_5da5f4d4-7334-4e08-9613-57e1722984f7,0120,1288.056,1482.138
37925524-6cbe-4213-ae81-094d39e30418,e19a3058e4b8513e_dcdd1dfa-c12f-4d57-be18-c89c3bf41489,0005,1288.003,1526.469
37925524-6cbe-4213-ae81-094d39e30418,e19a3058e4b8513e_dcdd1dfa-c12f-4d57-be18-c89c3bf41489,0010,1288.481,1512.392
37925524-6cbe-4213-ae81-094d39e30418,e19a3058e4b8513e_dcdd1dfa-c12f-4d57-be18-c89c3bf41489,0015,1288.391,1503.345
37925524-6cbe-4213-ae81-094d39e30418,e19a3058e4b8513e_dcdd1dfa-c12f-4d57-be18-c89c3bf41489,0020,1288.15,1500.172
37925524-6cbe-4213-ae81-094d39e30418,e19a3058e4b8513e_dcdd1dfa-c12f-4d57-be18-c89c3bf41489,0025,1288.68,1501.763
37925524-6cbe-4213-ae81-094d39e30418,e19a3058e4b8513e_dcdd1dfa-c12f-4d57-be18-c89c3bf41489,0030,1287.917,1513.926
37925524-6cbe-4213-ae81-094d39e30418,e19a3058e4b8513e_dcdd1dfa-c12f-4d57-be18-c89c3bf41489,0035,1290.042,1503.892
37925524-6cbe-4213-ae81-094d39e30418,e19a3058e4b8513e_dcdd1dfa-c12f-4d57-be18-c89c3bf41489,0040,1289.373,1476.807
37925524-6cbe-4213-ae81-094d39e30418,e19a3058e4b8513e_dcdd1dfa-c12f-4d57-be18-c89c3bf41489,0045,1288.494,1508.092
37925524-6cbe-4213-ae81-094d39e30418,e19a3058e4b8513e_dcdd1dfa-c12f-4d57-be18-c89c3bf41489,0050,1288.936,1481.983
37925524-6cbe-4213-ae81-094d39e30418,e19a3058e4b8513e_dcdd1dfa-c12f-4d57-be18-c89c3bf41489,0055,1288.18,1503.433
37925524-6cbe-4213-ae81-094d39e30418,e19a3058e4b8513e_dcdd1dfa-c12f-4d57-be18-c89c3bf41489,0060,1288.847,1496.905
37925524-6cbe-4213-ae81-094d39e30418,e19a3058e4b8513e_dcdd1dfa-c12f-4d57-be18-c89c3bf41489,0065,1287.66,1498.822
37925524-6cbe-4213-ae81-094d39e30418,e19a3058e4b8513e_dcdd1dfa-c12f-4d57-be18-c89c3bf41489,0070,1289.881,1504.768
37925524-6cbe-4213-ae81-094d39e30418,e19a3058e4b8513e_dcdd1dfa-c12f-4d57-be18-c89c3bf41489,0075,1288.165,1500.617
37925524-6cbe-4213-ae81-094d39e30418,e19a3058e4b8513e_dcdd1dfa-c12f-4d57-be18-c89c3bf41489,0080,1287.79,1517.854
37925524-6cbe-4213-ae81-094d39e30418,e19a3058e4b8513e_dcdd1dfa-c12f-4d57-be18-c89c3bf41489,0085,1289.101,1522.072
37925524-6cbe-4213-ae81-094d39e30418,e19a3058e4b8513e_dcdd1dfa-c12f-4d57-be18-c89c3bf41489,0090,1288.166,1484.651
37925524-6cbe-4213-ae81-094d39e30418,e19a3058e4b8513e_dcdd1dfa-c12f-4d57-be18-c89c3bf41489,0095,1287.832,1503.384
37925524-6cbe-4213-ae81-094d39e30418,e19a3058e4b8513e_dcdd1dfa-c12f-4d57-be18-c89c3bf41489,0100,1287.639,1473.515
37925524-6cbe-4213-ae81-094d39e30418,e19a3058e4b8513e_dcdd1dfa-c12f-4d57-be18-c89c3bf41489,0105,1289.405,1510.886
37925524-6cbe-4213-ae81-094d39e30418,e19a3058e4b8513e_dcdd1dfa-c12f-4d57-be18-c89c3bf41489,0110,1289.526,1518.336
37925524-6cbe-4213-ae81-094d39e30418,e19a3058e4b8513e_dcdd1dfa-c12f-4d57-be18-c89c3bf41489,0115,1290.291,1512.547
37925524-6cbe-4213-ae81-094d39e30418,e19a3058e4b8513e_dcdd1dfa-c12f-4d57-be18-c89c3bf41489,0120,1288.868,1510.345
37925524-6cbe-4213-ae81-094d39e30418,e19a3058e4b8513e_dcdd1dfa-c12f-4d57-be18-c89c3bf41489,0125,1288.199,1516.064
37925524-6cbe-4213-ae81-094d39e30418,e19a3058e4b8513e_dcdd1dfa-c12f-4d57-be18-c89c3bf41489,0130,1289.852,1477.692
37925524-6cbe-4213-ae81-094d39e30418,e19a3058e4b8513e_dcdd1dfa-c12f-4d57-be18-c89c3bf41489,0135,1290.336,1505.414
37925524-6cbe-4213-ae81-094d39e30418,e19a3058e4b8513e_dcdd1dfa-c12f-4d57-be18-c89c3bf41489,0140,1290.771,1481.55
37925524-6cbe-4213-ae81-094d39e30418,e19a3058e4b8513e_dcdd1dfa-c12f-4d57-be18-c89c3bf41489,0145,1290.496,1505.562
37925524-6cbe-4213-ae81-094d39e30418,e19a3058e4b8513e_dcdd1dfa-c12f-4d57-be18-c89c3bf41489,0150,1290.508,1480.162
37925524-6cbe-4213-ae81-094d39e30418,e19a3058e4b8513e_dcdd1dfa-c12f-4d57-be18-c89c3bf41489,0155,1288.573,1526.633
37925524-6cbe-4213-ae81-094d39e30418,e19a3058e4b8513e_dcdd1dfa-c12f-4d57-be18-c89c3bf41489,0160,1291.069,1509.12
37925524-6cbe-4213-ae81-094d39e30418,e19a3058e4b8513e_dcdd1dfa-c12f-4d57-be18-c89c3bf41489,0165,1290.686,1513.436
37925524-6cbe-4213-ae81-094d39e30418,e19a3058e4b8513e_dcdd1dfa-c12f-4d57-be18-c89c3bf41489,0170,1288.792,1508.167
37925524-6cbe-4213-ae81-094d39e30418,e19a3058e4b8513e_dcdd1dfa-c12f-4d57-be18-c89c3bf41489,0175,1290.855,1505.16
37925524-6cbe-4213-ae81-094d39e30418,e19a3058e4b8513e_dcdd1dfa-c12f-4d57-be18-c89c3bf41489,0180,1289.464,1492.119
37925524-6cbe-4213-ae81-094d39e30418,e19a3058e4b8513e_dcdd1dfa-c12f-4d57-be18-c89c3bf41489,0185,1290.181,1533.575
37925524-6cbe-4213-ae81-094d39e30418,e19a3058e4b8513e_dcdd1dfa-c12f-4d57-be18-c89c3bf41489,0190,1288.748,1512.071
37925524-6cbe-4213-ae81-094d39e30418,e19a3058e4b8513e_dcdd1dfa-c12f-4d57-be18-c89c3bf41489,0195,1288.397,1503.599
37925524-6cbe-4213-ae81-094d39e30418,e19a3058e4b8513e_dcdd1dfa-c12f-4d57-be18-c89c3bf41489,0200,1289.536,1497.147
37925524-6cbe-4213-ae81-094d39e30418,e19a3058e4b8513e_dcdd1dfa-c12f-4d57-be18-c89c3bf41489,0205,1289.707,1495.658
37925524-6cbe-4213-ae81-094d39e30418,e19a3058e4b8513e_dcdd1dfa-c12f-4d57-be18-c89c3bf41489,0210,1289.311,1499.652
37925524-6cbe-4213-ae81-094d39e30418,e19a3058e4b8513e_dcdd1dfa-c12f-4d57-be18-c89c3bf41489,0215,1288.738,1501.15
37925524-6cbe-4213-ae81-094d39e30418,e19a3058e4b8513e_dcdd1dfa-c12f-4d57-be18-c89c3bf41489,0220,1288.181,1500.169
37925524-6cbe-4213-ae81-094d39e30418,e19a3058e4b8513e_dcdd1dfa-c12f-4d57-be18-c89c3bf41489,0225,1289.242,1503.343
37925524-6cbe-4213-ae81-094d39e30418,e19a3058e4b8513e_dcdd1dfa-c12f-4d57-be18-c89c3bf41489,0230,1288.134,1493.727
37925524-6cbe-4213-ae81-094d39e30418,e19a3058e4b8513e_dcdd1dfa-c12f-4d57-be18-c89c3bf41489,0235,1288.504,1503.152
37925524-6cbe-4213-ae81-094d39e30418,e19a3058e4b8513e_dcdd1dfa-c12f-4d57-be18-c89c3bf41489,0240,1288.489,1514.48
37925524-6cbe-4213-ae81-094d39e30418,e19a3058e4b8513e_dcdd1dfa-c12f-4d57-be18-c89c3bf41489,0245,1289.418,1502.913
37925524-6cbe-4213-ae81-094d39e30418,e19a3058e4b8513e_dcdd1dfa-c12f-4d57-be18-c89c3bf41489,0250,1287.94,1497.189
37925524-6cbe-4213-ae81-094d39e30418,e19a3058e4b8513e_dcdd1dfa-c12f-4d57-be18-c89c3bf41489,0255,1288.925,1506.774
37925524-6cbe-4213-ae81-094d39e30418,e19a3058e4b8513e_dcdd1dfa-c12f-4d57-be18-c89c3bf41489,0260,1287.053,1495.756
37925524-6cbe-4213-ae81-094d39e30418,e19a3058e4b8513e_dcdd1dfa-c12f-4d57-be18-c89c3bf41489,0265,1290.678,1499.221
37925524-6cbe-4213-ae81-094d39e30418,e19a3058e4b8513e_dcdd1dfa-c12f-4d57-be18-c89c3bf41489,0270,1291.499,1506.605
37925524-6cbe-4213-ae81-094d39e30418,e19a3058e4b8513e_dcdd1dfa-c12f-4d57-be18-c89c3bf41489,0275,1288.199,1488.319
37925524-6cbe-4213-ae81-094d39e30418,e19a3058e4b8513e_dcdd1dfa-c12f-4d57-be18-c89c3bf41489,0280,1287.646,1503.413
37925524-6cbe-4213-ae81-094d39e30418,e19a3058e4b8513e_dcdd1dfa-c12f-4d57-be18-c89c3bf41489,0285,1289.099,1502.95
37925524-6cbe-4213-ae81-094d39e30418,e19a3058e4b8513e_dcdd1dfa-c12f-4d57-be18-c89c3bf41489,0290,1289.58,1496.496
37925524-6cbe-4213-ae81-094d39e30418,e19a3058e4b8513e_dcdd1dfa-c12f-4d57-be18-c89c3bf41489,0295,1290.114,1506.794
37925524-6cbe-4213-ae81-094d39e30418,e19a3058e4b8513e_dcdd1dfa-c12f-4d57-be18-c89c3bf41489,0300,1287.752,1492.533
37925524-6cbe-4213-ae81-094d39e30418,e19a3058e4b8513e_dcdd1dfa-c12f-4d57-be18-c89c3bf41489,0305,1289.495,1503.324
37925524-6cbe-4213-ae81-094d39e30418,e19a3058e4b8513e_dcdd1dfa-c12f-4d57-be18-c89c3bf41489,0310,1288.755,1501.185
37925524-6cbe-4213-ae81-094d39e30418,e19a3058e4b8513e_dcdd1dfa-c12f-4d57-be18-c89c3bf41489,0315,1290.232,1506.684
37925524-6cbe-4213-ae81-094d39e30418,e19a3058e4b8513e_dcdd1dfa-c12f-4d57-be18-c89c3bf41489,0320,1289.103,1495.122
37925524-6cbe-4213-ae81-094d39e30418,e19a3058e4b8513e_dcdd1dfa-c12f-4d57-be18-c89c3bf41489,0325,1290.011,1497.052
37925524-6cbe-4213-ae81-094d39e30418,e19a3058e4b8513e_dcdd1dfa-c12f-4d57-be18-c89c3bf41489,0330,1289.347,1494.841
37925524-6cbe-4213-ae81-094d39e30418,e19a3058e4b8513e_dcdd1dfa-c12f-4d57-be18-c89c3bf41489,0335,1289.49,1518.245
37925524-6cbe-4213-ae81-094d39e30418,e19a3058e4b8513e_dcdd1dfa-c12f-4d57-be18-c89c3bf41489,0340,1290.505,1502.518
37925524-6cbe-4213-ae81-094d39e30418,e19a3058e4b8513e_dcdd1dfa-c12f-4d57-be18-c89c3bf41489,0345,1290.686,1513.688
37925524-6cbe-4213-ae81-094d39e30418,e19a3058e4b8513e_dcdd1dfa-c12f-4d57-be18-c89c3bf41489,0350,1287.377,1492.118
37925524-6cbe-4213-ae81-094d39e30418,e19a3058e4b8513e_dcdd1dfa-c12f-4d57-be18-c89c3bf41489,0355,1290.363,1515.726
37925524-6cbe-4213-ae81-094d39e30418,e19a3058e4b8513e_dcdd1dfa-c12f-4d57-be18-c89c3bf41489,0360,1288.011,1528.217
37925524-6cbe-4213-ae81-094d39e30418,e19a3058e4b8513e_dcdd1dfa-c12f-4d57-be18-c89c3bf41489,0365,1288.386,1504.653
37925524-6cbe-4213-ae81-094d39e30418,e19a3058e4b8513e_dcdd1dfa-c12f-4d57-be18-c89c3bf41489,0370,1289.146,1498.627
37925524-6cbe-4213-ae81-094d39e30418,e19a3058e4b8513e_dcdd1dfa-c12f-4d57-be18-c89c3bf41489,0375,1289.68,1512.211
37925524-6cbe-4213-ae81-094d39e30418,e19a3058e4b8513e_dcdd1dfa-c12f-4d57-be18-c89c3bf41489,0380,1289.77,1491.643
37925524-6cbe-4213-ae81-094d39e30418,e19a3058e4b8513e_dcdd1dfa-c12f-4d57-be18-c89c3bf41489,0385,1289.624,1507.542
37925524-6cbe-4213-ae81-094d39e30418,e19a3058e4b8513e_dcdd1dfa-c12f-4d57-be18-c89c3bf41489,0390,1288.936,1505.888
37925524-6cbe-4213-ae81-094d39e30418,e19a3058e4b8513e_dcdd1dfa-c12f-4d57-be18-c89c3bf41489,0395,1288.736,1504.669
37925524-6cbe-4213-ae81-094d39e30418,e19a3058e4b8513e_dcdd1dfa-c12f-4d57-be18-c89c3bf41489,0400,1290.045,1500.124
37925524-6cbe-4213-ae81-094d39e30418,e19a3058e4b8513e_dcdd1dfa-c12f-4d57-be18-c89c3bf41489,0405,1291.147,1514.29
37925524-6cbe-4213-ae81-094d39e30418,e19a3058e4b8513e_dcdd1dfa-c12f-4d57-be18-c89c3bf41489,0410,1289.764,1505.95
37925524-6cbe-4213-ae81-094d39e30418,e19a3058e4b8513e_dcdd1dfa-c12f-4d57-be18-c89c3bf41489,0415,1293.502,1529.992
37925524-6cbe-4213-ae81-094d39e30418,e19a3058e4b8513e_dcdd1dfa-c12f-4d57-be18-c89c3bf41489,0420,1290.482,1521.133
37925524-6cbe-4213-ae81-094d39e30418,e19a3058e4b8513e_dcdd1dfa-c12f-4d57-be18-c89c3bf41489,0425,1289.022,1524.891
37925524-6cbe-4213-ae81-094d39e30418,e19a3058e4b8513e_dcdd1dfa-c12f-4d57-be18-c89c3bf41489,0430,1289.014,1502.849
37925524-6cbe-4213-ae81-094d39e30418,e19a3058e4b8513e_dcdd1dfa-c12f-4d57-be18-c89c3bf41489,0435,1290.018,1510.22
37925524-6cbe-4213-ae81-094d39e30418,e19a3058e4b8513e_dcdd1dfa-c12f-4d57-be18-c89c3bf41489,0440,1289.275,1521.967
37925524-6cbe-4213-ae81-094d39e30418,e19a3058e4b8513e_dcdd1dfa-c12f-4d57-be18-c89c3bf41489,0445,1288.796,1517.194
37925524-6cbe-4213-ae81-094d39e30418,e19a3058e4b8513e_dcdd1dfa-c12f-4d57-be18-c89c3bf41489,0450,1288.072,1505.318
37925524-6cbe-4213-ae81-094d39e30418,e19a3058e4b8513e_dcdd1dfa-c12f-4d57-be18-c89c3bf41489,0455,1288.39,1475.45
37925524-6cbe-4213-ae81-094d39e30418,e19a3058e4b8513e_dcdd1dfa-c12f-4d57-be18-c89c3bf41489,0460,1289.81,1503.137
37925524-6cbe-4213-ae81-094d39e30418,e19a3058e4b8513e_dcdd1dfa-c12f-4d57-be18-c89c3bf41489,0465,1287.915,1521.999
37925524-6cbe-4213-ae81-094d39e30418,e19a3058e4b8513e_dcdd1dfa-c12f-4d57-be18-c89c3bf41489,0470,1288.376,1501.341
37925524-6cbe-4213-ae81-094d39e30418,e19a3058e4b8513e_dcdd1dfa-c12f-4d57-be18-c89c3bf41489,0475,1288.581,1509.195
37925524-6cbe-4213-ae81-094d39e30418,e19a3058e4b8513e_dcdd1dfa-c12f-4d57-be18-c89c3bf41489,0480,1287.88,1502.827
37925524-6cbe-4213-ae81-094d39e30418,e19a3058e4b8513e_dcdd1dfa-c12f-4d57-be18-c89c3bf41489,0485,1289.836,1502.141
37925524-6cbe-4213-ae81-094d39e30418,e19a3058e4b8513e_dcdd1dfa-c12f-4d57-be18-c89c3bf41489,0490,1288.347,1510.374
37925524-6cbe-4213-ae81-094d39e30418,e19a3058e4b8513e_dcdd1dfa-c12f-4d57-be18-c89c3bf41489,0495,1289.404,1507.04
37925524-6cbe-4213-ae81-094d39e30418,e19a3058e4b8513e_dcdd1dfa-c12f-4d57-be18-c89c3bf41489,0500,1289.883,1506.062
37925524-6cbe-4213-ae81-094d39e30418,e19a3058e4b8513e_dcdd1dfa-c12f-4d57-be18-c89c3bf41489,0505,1288.248,1507.304
37925524-6cbe-4213-ae81-094d39e30418,e19a3058e4b8513e_dcdd1dfa-c12f-4d57-be18-c89c3bf41489,0510,1288.975,1526.367
37925524-6cbe-4213-ae81-094d39e30418,e19a3058e4b8513e_dcdd1dfa-c12f-4d57-be18-c89c3bf41489,0515,1289.19,1484.108
37925524-6cbe-4213-ae81-094d39e30418,e19a3058e4b8513e_dcdd1dfa-c12f-4d57-be18-c89c3bf41489,0520,1288.754,1498.595
37925524-6cbe-4213-ae81-094d39e30418,e19a3058e4b8513e_dcdd1dfa-c12f-4d57-be18-c89c3bf41489,0525,1287.309,1527.763
37925524-6cbe-4213-ae81-094d39e30418,e19a3058e4b8513e_dcdd1dfa-c12f-4d57-be18-c89c3bf41489,0530,1287.045,1501.896
37925524-6cbe-4213-ae81-094d39e30418,e19a3058e4b8513e_dcdd1dfa-c12f-4d57-be18-c89c3bf41489,0535,1289.048,1489.872
37925524-6cbe-4213-ae81-094d39e30418,e19a3058e4b8513e_dcdd1dfa-c12f-4d57-be18-c89c3bf41489,0540,1289.34,1503.591
37925524-6cbe-4213-ae81-094d39e30418,e19a3058e4b8513e_dcdd1dfa-c12f-4d57-be18-c89c3bf41489,0545,1288.182,1508.392
37925524-6cbe-4213-ae81-094d39e30418,e19a3058e4b8513e_dcdd1dfa-c12f-4d57-be18-c89c3bf41489,0550,1288.985,1506.354
37925524-6cbe-4213-ae81-094d39e30418,e19a3058e4b8513e_dcdd1dfa-c12f-4d57-be18-c89c3bf41489,0555,1290.44,1483.559
37925524-6cbe-4213-ae81-094d39e30418,e19a3058e4b8513e_dcdd1dfa-c12f-4d57-be18-c89c3bf41489,0560,1288.422,1492.861
37925524-6cbe-4213-ae81-094d39e30418,e19a3058e4b8513e_dcdd1dfa-c12f-4d57-be18-c89c3bf41489,0565,1288.306,1513.414
37925524-6cbe-4213-ae81-094d39e30418,e19a3058e4b8513e_dcdd1dfa-c12f-4d57-be18-c89c3bf41489,0570,1288.479,1501.364
37925524-6cbe-4213-ae81-094d39e30418,e19a3058e4b8513e_dcdd1dfa-c12f-4d57-be18-c89c3bf41489,0575,1290.848,1512.995
37925524-6cbe-4213-ae81-094d39e30418,e19a3058e4b8513e_dcdd1dfa-c12f-4d57-be18-c89c3bf41489,0580,1289.763,1505.249
37925524-6cbe-4213-ae81-094d39e30418,e19a3058e4b8513e_dcdd1dfa-c12f-4d57-be18-c89c3bf41489,0585,1289.872,1504.379
37925524-6cbe-4213-ae81-094d39e30418,e19a3058e4b8513e_dcdd1dfa-c12f-4d57-be18-c89c3bf41489,0590,1288.384,1505.191
37925524-6cbe-4213-ae81-094d39e30418,e19a3058e4b8513e_dcdd1dfa-c12f-4d57-be18-c89c3bf41489,0595,1288.326,1482.428
37925524-6cbe-4213-ae81-094d39e30418,e19a3058e4b8513e_dcdd1dfa-c12f-4d57-be18-c89c3bf41489,0600,1288.45,1503.169
37925524-6cbe-4213-ae81-094d39e30418,e19a3058e4b8513e_dcdd1dfa-c12f-4d57-be18-c89c3bf41489,0605,1288.882,1485.502
37925524-6cbe-4213-ae81-094d39e30418,e19a3058e4b8513e_dcdd1dfa-c12f-4d57-be18-c89c3bf41489,0610,1288.435,1508.687
37925524-6cbe-4213-ae81-094d39e30418,e19a3058e4b8513e_dcdd1dfa-c12f-4d57-be18-c89c3bf41489,0615,1288.701,1504.38
34b69873-36a3-4de7-8923-591eafe4553a,dcd44647e6aa9f59_20df37e1-10a6-4a61-b226-6a1dbd3b58c2,0005,1288.886,1536.201
34b69873-36a3-4de7-8923-591eafe4553a,dcd44647e6aa9f59_20df37e1-10a6-4a61-b226-6a1dbd3b58c2,0010,1290.816,1502.798
34b69873-36a3-4de7-8923-591eafe4553a,dcd44647e6aa9f59_20df37e1-10a6-4a61-b226-6a1dbd3b58c2,0015,1288.266,1508.269
34b69873-36a3-4de7-8923-591eafe4553a,dcd44647e6aa9f59_20df37e1-10a6-4a61-b226-6a1dbd3b58c2,0020,1289.234,1496.294
34b69873-36a3-4de7-8923-591eafe4553a,dcd44647e6aa9f59_20df37e1-10a6-4a61-b226-6a1dbd3b58c2,0025,1289.606,1512.085
34b69873-36a3-4de7-8923-591eafe4553a,dcd44647e6aa9f59_20df37e1-10a6-4a61-b226-6a1dbd3b58c2,0030,1288.385,1495.731
34b69873-36a3-4de7-8923-591eafe4553a,dcd44647e6aa9f59_20df37e1-10a6-4a61-b226-6a1dbd3b58c2,0035,1288.181,1518.32
34b69873-36a3-4de7-8923-591eafe4553a,dcd44647e6aa9f59_20df37e1-10a6-4a61-b226-6a1dbd3b58c2,0040,1288.89,1480.455
34b69873-36a3-4de7-8923-591eafe4553a,dcd44647e6aa9f59_20df37e1-10a6-4a61-b226-6a1dbd3b58c2,0045,1288.973,1504.531
34b69873-36a3-4de7-8923-591eafe4553a,dcd44647e6aa9f59_20df37e1-10a6-4a61-b226-6a1dbd3b58c2,0050,1288.319,1479.889
34b69873-36a3-4de7-8923-591eafe4553a,dcd44647e6aa9f59_20df37e1-10a6-4a61-b226-6a1dbd3b58c2,0055,1288.433,1506.087
34b69873-36a3-4de7-8923-591eafe4553a,dcd44647e6aa9f59_20df37e1-10a6-4a61-b226-6a1dbd3b58c2,0060,1288.877,1489.457
34b69873-36a3-4de7-8923-591eafe4553a,dcd44647e6aa9f59_20df37e1-10a6-4a61-b226-6a1dbd3b58c2,0065,1289.541,1494.073
34b69873-36a3-4de7-8923-591eafe4553a,dcd44647e6aa9f59_20df37e1-10a6-4a61-b226-6a1dbd3b58c2,0070,1288.249,1516.322
34b69873-36a3-4de7-8923-591eafe4553a,dcd44647e6aa9f59_20df37e1-10a6-4a61-b226-6a1dbd3b58c2,0075,1289.046,1510.988
34b69873-36a3-4de7-8923-591eafe4553a,dcd44647e6aa9f59_20df37e1-10a6-4a61-b226-6a1dbd3b58c2,0080,1287.912,1480.739
34b69873-36a3-4de7-8923-591eafe4553a,dcd44647e6aa9f59_20df37e1-10a6-4a61-b226-6a1dbd3b58c2,0085,1288.988,1525.03
34b69873-36a3-4de7-8923-591eafe4553a,dcd44647e6aa9f59_20df37e1-10a6-4a61-b226-6a1dbd3b58c2,0090,1288.359,1479.151
34b69873-36a3-4de7-8923-591eafe4553a,dcd44647e6aa9f59_20df37e1-10a6-4a61-b226-6a1dbd3b58c2,0095,1290.871,1507.439
34b69873-36a3-4de7-8923-591eafe4553a,dcd44647e6aa9f59_20df37e1-10a6-4a61-b226-6a1dbd3b58c2,0100,1288.819,1468.036
34b69873-36a3-4de7-8923-591eafe4553a,dcd44647e6aa9f59_20df37e1-10a6-4a61-b226-6a1dbd3b58c2,0105,1288.588,1517.889
34b69873-36a3-4de7-8923-591eafe4553a,dcd44647e6aa9f59_20df37e1-10a6-4a61-b226-6a1dbd3b58c2,0110,1290.145,1479.85
34b69873-36a3-4de7-8923-591eafe4553a,dcd44647e6aa9f59_20df37e1-10a6-4a61-b226-6a1dbd3b58c2,0115,1287.65,1526.502
34b69873-36a3-4de7-8923-591eafe4553a,dcd44647e6aa9f59_20df37e1-10a6-4a61-b226-6a1dbd3b58c2,0120,1288.224,1491.229
34b69873-36a3-4de7-8923-591eafe4553a,dcd44647e6aa9f59_20df37e1-10a6-4a61-b226-6a1dbd3b58c2,0125,1288.567,1507.347
34b69873-36a3-4de7-8923-591eafe4553a,dcd44647e6aa9f59_20df37e1-10a6-4a61-b226-6a1dbd3b58c2,0130,1289.244,1473.589
34b69873-36a3-4de7-8923-591eafe4553a,dcd44647e6aa9f59_20df37e1-10a6-4a61-b226-6a1dbd3b58c2,0135,1289.882,1509.54
34b69873-36a3-4de7-8923-591eafe4553a,dcd44647e6aa9f59_20df37e1-10a6-4a61-b226-6a1dbd3b58c2,0140,1287.284,1520.778
34b69873-36a3-4de7-8923-591eafe4553a,dcd44647e6aa9f59_20df37e1-10a6-4a61-b226-6a1dbd3b58c2,0145,1290.276,1495.446
34b69873-36a3-4de7-8923-591eafe4553a,dcd44647e6aa9f59_20df37e1-10a6-4a61-b226-6a1dbd3b58c2,0150,1288.255,1492.22
34b69873-36a3-4de7-8923-591eafe4553a,dcd44647e6aa9f59_20df37e1-10a6-4a61-b226-6a1dbd3b58c2,0155,1289.547,1509.031
34b69873-36a3-4de7-8923-591eafe4553a,dcd44647e6aa9f59_20df37e1-10a6-4a61-b226-6a1dbd3b58c2,0160,1288.56,1471.801
34b69873-36a3-4de7-8923-591eafe4553a,dcd44647e6aa9f59_20df37e1-10a6-4a61-b226-6a1dbd3b58c2,0165,1289.769,1520.723
34b69873-36a3-4de7-8923-591eafe4553a,dcd44647e6aa9f59_20df37e1-10a6-4a61-b226-6a1dbd3b58c2,0170,1288.65,1504.943
34b69873-36a3-4de7-8923-591eafe4553a,dcd44647e6aa9f59_20df37e1-10a6-4a61-b226-6a1dbd3b58c2,0175,1289.297,1519.042
34b69873-36a3-4de7-8923-591eafe4553a,dcd44647e6aa9f59_20df37e1-10a6-4a61-b226-6a1dbd3b58c2,0180,1289.352,1484.198
34b69873-36a3-4de7-8923-591eafe4553a,dcd44647e6aa9f59_20df37e1-10a6-4a61-b226-6a1dbd3b58c2,0185,1288.561,1507.287
34b69873-36a3-4de7-8923-591eafe4553a,dcd44647e6aa9f59_20df37e1-10a6-4a61-b226-6a1dbd3b58c2,0190,1289.055,1473.979
34b69873-36a3-4de7-8923-591eafe4553a,dcd44647e6aa9f59_20df37e1-10a6-4a61-b226-6a1dbd3b58c2,0195,1288.932,1504.468
34b69873-36a3-4de7-8923-591eafe4553a,dcd44647e6aa9f59_20df37e1-10a6-4a61-b226-6a1dbd3b58c2,0200,1288.525,1479.191
34b69873-36a3-4de7-8923-591eafe4553a,dcd44647e6aa9f59_20df37e1-10a6-4a61-b226-6a1dbd3b58c2,0205,1288.526,1506.746
34b69873-36a3-4de7-8923-591eafe4553a,dcd44647e6aa9f59_20df37e1-10a6-4a61-b226-6a1dbd3b58c2,0210,1287.966,1487.831
34b69873-36a3-4de7-8923-591eafe4553a,dcd44647e6aa9f59_20df37e1-10a6-4a61-b226-6a1dbd3b58c2,0215,1288.518,1514.878
34b69873-36a3-4de7-8923-591eafe4553a,dcd44647e6aa9f59_20df37e1-10a6-4a61-b226-6a1dbd3b58c2,0220,1290.035,1504.924
34b69873-36a3-4de7-8923-591eafe4553a,dcd44647e6aa9f59_20df37e1-10a6-4a61-b226-6a1dbd3b58c2,0225,1288.976,1509.065
34b69873-36a3-4de7-8923-591eafe4553a,dcd44647e6aa9f59_20df37e1-10a6-4a61-b226-6a1dbd3b58c2,0230,1288.433,1474.524
34b69873-36a3-4de7-8923-591eafe4553a,dcd44647e6aa9f59_20df37e1-10a6-4a61-b226-6a1dbd3b58c2,0235,1288.694,1502.359
34b69873-36a3-4de7-8923-591eafe4553a,dcd44647e6aa9f59_20df37e1-10a6-4a61-b226-6a1dbd3b58c2,0240,1289.33,1494.803
34b69873-36a3-4de7-8923-591eafe4553a,dcd44647e6aa9f59_20df37e1-10a6-4a61-b226-6a1dbd3b58c2,0245,1290.222,1532.611
34b69873-36a3-4de7-8923-591eafe4553a,dcd44647e6aa9f59_20df37e1-10a6-4a61-b226-6a1dbd3b58c2,0250,1288.597,1493.094
34b69873-36a3-4de7-8923-591eafe4553a,dcd44647e6aa9f59_20df37e1-10a6-4a61-b226-6a1dbd3b58c2,0255,1292.204,1516.524
34b69873-36a3-4de7-8923-591eafe4553a,dcd44647e6aa9f59_20df37e1-10a6-4a61-b226-6a1dbd3b58c2,0260,1290.014,1475.167
34b69873-36a3-4de7-8923-591eafe4553a,dcd44647e6aa9f59_20df37e1-10a6-4a61-b226-6a1dbd3b58c2,0265,1288.273,1503.681
34b69873-36a3-4de7-8923-591eafe4553a,dcd44647e6aa9f59_20df37e1-10a6-4a61-b226-6a1dbd3b58c2,0270,1288.436,1479.676
34b69873-36a3-4de7-8923-591eafe4553a,dcd44647e6aa9f59_20df37e1-10a6-4a61-b226-6a1dbd3b58c2,0275,1287.877,1503.899
34b69873-36a3-4de7-8923-591eafe4553a,dcd44647e6aa9f59_20df37e1-10a6-4a61-b226-6a1dbd3b58c2,0280,1288.566,1482.835
34b69873-36a3-4de7-8923-591eafe4553a,dcd44647e6aa9f59_20df37e1-10a6-4a61-b226-6a1dbd3b58c2,0285,1287.657,1486.67
34b69873-36a3-4de7-8923-591eafe4553a,dcd44647e6aa9f59_20df37e1-10a6-4a61-b226-6a1dbd3b58c2,0290,1289.125,1478.234
34b69873-36a3-4de7-8923-591eafe4553a,dcd44647e6aa9f59_20df37e1-10a6-4a61-b226-6a1dbd3b58c2,0295,1287.73,1487.777
34b69873-36a3-4de7-8923-591eafe4553a,dcd44647e6aa9f59_20df37e1-10a6-4a61-b226-6a1dbd3b58c2,0300,1288.587,1508.071
34b69873-36a3-4de7-8923-591eafe4553a,dcd44647e6aa9f59_20df37e1-10a6-4a61-b226-6a1dbd3b58c2,0305,1289.868,1487.729
34b69873-36a3-4de7-8923-591eafe4553a,dcd44647e6aa9f59_20df37e1-10a6-4a61-b226-6a1dbd3b58c2,0310,1288.93,1518.804
34b69873-36a3-4de7-8923-591eafe4553a,dcd44647e6aa9f59_20df37e1-10a6-4a61-b226-6a1dbd3b58c2,0315,1290.275,1501.683
34b69873-36a3-4de7-8923-591eafe4553a,dcd44647e6aa9f59_20df37e1-10a6-4a61-b226-6a1dbd3b58c2,0320,1289.49,1510.079
34b69873-36a3-4de7-8923-591eafe4553a,dcd44647e6aa9f59_20df37e1-10a6-4a61-b226-6a1dbd3b58c2,0325,1287.196,1521.741
34b69873-36a3-4de7-8923-591eafe4553a,dcd44647e6aa9f59_20df37e1-10a6-4a61-b226-6a1dbd3b58c2,0330,1288.956,1495.225
34b69873-36a3-4de7-8923-591eafe4553a,dcd44647e6aa9f59_20df37e1-10a6-4a61-b226-6a1dbd3b58c2,0335,1287.849,1491.46
34b69873-36a3-4de7-8923-591eafe4553a,dcd44647e6aa9f59_20df37e1-10a6-4a61-b226-6a1dbd3b58c2,0340,1288.199,1494.116
34b69873-36a3-4de7-8923-591eafe4553a,dcd44647e6aa9f59_20df37e1-10a6-4a61-b226-6a1dbd3b58c2,0345,1287.653,1502.478
34b69873-36a3-4de7-8923-591eafe4553a,dcd44647e6aa9f59_20df37e1-10a6-4a61-b226-6a1dbd3b58c2,0350,1287.429,1486.16
34b69873-36a3-4de7-8923-591eafe4553a,dcd44647e6aa9f59_20df37e1-10a6-4a61-b226-6a1dbd3b58c2,0355,1287.112,1501.332
34b69873-36a3-4de7-8923-591eafe4553a,dcd44647e6aa9f59_20df37e1-10a6-4a61-b226-6a1dbd3b58c2,0360,1289.553,1487.264
34b69873-36a3-4de7-8923-591eafe4553a,dcd44647e6aa9f59_20df37e1-10a6-4a61-b226-6a1dbd3b58c2,0365,1289.911,1502.488
34b69873-36a3-4de7-8923-591eafe4553a,dcd44647e6aa9f59_20df37e1-10a6-4a61-b226-6a1dbd3b58c2,0370,1289.642,1498.55
34b69873-36a3-4de7-8923-591eafe4553a,dcd44647e6aa9f59_20df37e1-10a6-4a61-b226-6a1dbd3b58c2,0375,1287.738,1500.495
34b69873-36a3-4de7-8923-591eafe4553a,dcd44647e6aa9f59_20df37e1-10a6-4a61-b226-6a1dbd3b58c2,0380,1288.758,1497.934
34b69873-36a3-4de7-8923-591eafe4553a,dcd44647e6aa9f59_20df37e1-10a6-4a61-b226-6a1dbd3b58c2,0385,1289.154,1500.963
34b69873-36a3-4de7-8923-591eafe4553a,dcd44647e6aa9f59_20df37e1-10a6-4a61-b226-6a1dbd3b58c2,0390,1288.146,1507.199
34b69873-36a3-4de7-8923-591eafe4553a,dcd44647e6aa9f59_20df37e1-10a6-4a61-b226-6a1dbd3b58c2,0395,1290.09,1502.347
34b69873-36a3-4de7-8923-591eafe4553a,dcd44647e6aa9f59_20df37e1-10a6-4a61-b226-6a1dbd3b58c2,0400,1286.357,1493.331
34b69873-36a3-4de7-8923-591eafe4553a,dcd44647e6aa9f59_20df37e1-10a6-4a61-b226-6a1dbd3b58c2,0405,1289.165,1522.883
34b69873-36a3-4de7-8923-591eafe4553a,dcd44647e6aa9f59_20df37e1-10a6-4a61-b226-6a1dbd3b58c2,0410,1288.558,1479.667
34b69873-36a3-4de7-8923-591eafe4553a,dcd44647e6aa9f59_20df37e1-10a6-4a61-b226-6a1dbd3b58c2,0415,1287.024,1499.678
34b69873-36a3-4de7-8923-591eafe4553a,dcd44647e6aa9f59_20df37e1-10a6-4a61-b226-6a1dbd3b58c2,0420,1289.187,1498.786
34b69873-36a3-4de7-8923-591eafe4553a,dcd44647e6aa9f59_20df37e1-10a6-4a61-b226-6a1dbd3b58c2,0425,1287.016,1500.221
34b69873-36a3-4de7-8923-591eafe4553a,dcd44647e6aa9f59_20df37e1-10a6-4a61-b226-6a1dbd3b58c2,0430,1288.449,1484.29
34b69873-36a3-4de7-8923-591eafe4553a,dcd44647e6aa9f59_20df37e1-10a6-4a61-b226-6a1dbd3b58c2,0435,1289.383,1530.208
34b69873-36a3-4de7-8923-591eafe4553a,dcd44647e6aa9f59_20df37e1-10a6-4a61-b226-6a1dbd3b58c2,0440,1288.544,1526.925
34b69873-36a3-4de7-8923-591eafe4553a,dcd44647e6aa9f59_20df37e1-10a6-4a61-b226-6a1dbd3b58c2,0445,1290.268,1504.728
34b69873-36a3-4de7-8923-591eafe4553a,dcd44647e6aa9f59_20df37e1-10a6-4a61-b226-6a1dbd3b58c2,0450,1290.451,1482.752
34b69873-36a3-4de7-8923-591eafe4553a,dcd44647e6aa9f59_20df37e1-10a6-4a61-b226-6a1dbd3b58c2,0455,1288.35,1499.918
34b69873-36a3-4de7-8923-591eafe4553a,dcd44647e6aa9f59_20df37e1-10a6-4a61-b226-6a1dbd3b58c2,0460,1293.382,1477.257
34b69873-36a3-4de7-8923-591eafe4553a,dcd44647e6aa9f59_20df37e1-10a6-4a61-b226-6a1dbd3b58c2,0465,1289.156,1500.925
34b69873-36a3-4de7-8923-591eafe4553a,dcd44647e6aa9f59_20df37e1-10a6-4a61-b226-6a1dbd3b58c2,0470,1293.181,1519.978
34b69873-36a3-4de7-8923-591eafe4553a,dcd44647e6aa9f59_20df37e1-10a6-4a61-b226-6a1dbd3b58c2,0475,1289.988,1491.831
34b69873-36a3-4de7-8923-591eafe4553a,dcd44647e6aa9f59_20df37e1-10a6-4a61-b226-6a1dbd3b58c2,0480,1287.665,1507.973
34b69873-36a3-4de7-8923-591eafe4553a,dcd44647e6aa9f59_20df37e1-10a6-4a61-b226-6a1dbd3b58c2,0485,1288.804,1504.758
34b69873-36a3-4de7-8923-591eafe4553a,dcd44647e6aa9f59_20df37e1-10a6-4a61-b226-6a1dbd3b58c2,0490,1288.957,1484.208
34b69873-36a3-4de7-8923-591eafe4553a,dcd44647e6aa9f59_20df37e1-10a6-4a61-b226-6a1dbd3b58c2,0495,1287.91,1500.317
34b69873-36a3-4de7-8923-591eafe4553a,dcd44647e6aa9f59_20df37e1-10a6-4a61-b226-6a1dbd3b58c2,0500,1287.481,1479.956
34b69873-36a3-4de7-8923-591eafe4553a,dcd44647e6aa9f59_20df37e1-10a6-4a61-b226-6a1dbd3b58c2,0505,1287.973,1503.659
34b69873-36a3-4de7-8923-591eafe4553a,dcd44647e6aa9f59_20df37e1-10a6-4a61-b226-6a1dbd3b58c2,0510,1289.53,1514.559
34b69873-36a3-4de7-8923-591eafe4553a,dcd44647e6aa9f59_20df37e1-10a6-4a61-b226-6a1dbd3b58c2,0515,1288.018,1502.76
34b69873-36a3-4de7-8923-591eafe4553a,dcd44647e6aa9f59_20df37e1-10a6-4a61-b226-6a1dbd3b58c2,0520,1288.928,1487.277
34b69873-36a3-4de7-8923-591eafe4553a,dcd44647e6aa9f59_20df37e1-10a6-4a61-b226-6a1dbd3b58c2,0525,1290.173,1506.367
34b69873-36a3-4de7-8923-591eafe4553a,dcd44647e6aa9f59_20df37e1-10a6-4a61-b226-6a1dbd3b58c2,0530,1287.836,1474.559
34b69873-36a3-4de7-8923-591eafe4553a,dcd44647e6aa9f59_20df37e1-10a6-4a61-b226-6a1dbd3b58c2,0535,1287.791,1502.285
34b69873-36a3-4de7-8923-591eafe4553a,dcd44647e6aa9f59_20df37e1-10a6-4a61-b226-6a1dbd3b58c2,0540,1288.335,1504.578
34b69873-36a3-4de7-8923-591eafe4553a,dcd44647e6aa9f59_20df37e1-10a6-4a61-b226-6a1dbd3b58c2,0545,1289.368,1500.199
34b69873-36a3-4de7-8923-591eafe4553a,dcd44647e6aa9f59_20df37e1-10a6-4a61-b226-6a1dbd3b58c2,0550,1290.509,1511.0
34b69873-36a3-4de7-8923-591eafe4553a,dcd44647e6aa9f59_20df37e1-10a6-4a61-b226-6a1dbd3b58c2,0555,1288.163,1520.716
34b69873-36a3-4de7-8923-591eafe4553a,dcd44647e6aa9f59_20df37e1-10a6-4a61-b226-6a1dbd3b58c2,0560,1289.585,1518.417
34b69873-36a3-4de7-8923-591eafe4553a,dcd44647e6aa9f59_20df37e1-10a6-4a61-b226-6a1dbd3b58c2,0565,1287.656,1498.098
34b69873-36a3-4de7-8923-591eafe4553a,dcd44647e6aa9f59_20df37e1-10a6-4a61-b226-6a1dbd3b58c2,0570,1288.568,1483.04
34b69873-36a3-4de7-8923-591eafe4553a,dcd44647e6aa9f59_20df37e1-10a6-4a61-b226-6a1dbd3b58c2,0575,1288.607,1495.397
34b69873-36a3-4de7-8923-591eafe4553a,dcd44647e6aa9f59_20df37e1-10a6-4a61-b226-6a1dbd3b58c2,0580,1289.419,1515.068
34b69873-36a3-4de7-8923-591eafe4553a,dcd44647e6aa9f59_20df37e1-10a6-4a61-b226-6a1dbd3b58c2,0585,1289.98,1514.997
34b69873-36a3-4de7-8923-591eafe4553a,dcd44647e6aa9f59_20df37e1-10a6-4a61-b226-6a1dbd3b58c2,0590,1287.519,1510.982
34b69873-36a3-4de7-8923-591eafe4553a,dcd44647e6aa9f59_20df37e1-10a6-4a61-b226-6a1dbd3b58c2,0595,1288.951,1523.086
34b69873-36a3-4de7-8923-591eafe4553a,dcd44647e6aa9f59_20df37e1-10a6-4a61-b226-6a1dbd3b58c2,0600,1289.82,1474.973
34b69873-36a3-4de7-8923-591eafe4553a,dcd44647e6aa9f59_20df37e1-10a6-4a61-b226-6a1dbd3b58c2,0605,1289.787,1506.926
34b69873-36a3-4de7-8923-591eafe4553a,dcd44647e6aa9f59_20df37e1-10a6-4a61-b226-6a1dbd3b58c2,0610,1290.223,1478.094
34b69873-36a3-4de7-8923-591eafe4553a,dcd44647e6aa9f59_20df37e1-10a6-4a61-b226-6a1dbd3b58c2,0615,1288.665,1501.612
34b69873-36a3-4de7-8923-591eafe4553a,dcd44647e6aa9f59_20df37e1-10a6-4a61-b226-6a1dbd3b58c2,0620,1288.758,1489.346
34b69873-36a3-4de7-8923-591eafe4553a,dcd44647e6aa9f59_20df37e1-10a6-4a61-b226-6a1dbd3b58c2,0625,1288.865,1497.912
34b69873-36a3-4de7-8923-591eafe4553a,dcd44647e6aa9f59_20df37e1-10a6-4a61-b226-6a1dbd3b58c2,0630,1287.807,1509.901
34b69873-36a3-4de7-8923-591eafe4553a,dcd44647e6aa9f59_20df37e1-10a6-4a61-b226-6a1dbd3b58c2,0635,1288.071,1524.471
34b69873-36a3-4de7-8923-591eafe4553a,dcd44647e6aa9f59_20df37e1-10a6-4a61-b226-6a1dbd3b58c2,0640,1287.996,1500.263
34b69873-36a3-4de7-8923-591eafe4553a,dcd44647e6aa9f59_20df37e1-10a6-4a61-b226-6a1dbd3b58c2,0645,1289.077,1503.23
34b69873-36a3-4de7-8923-591eafe4553a,dcd44647e6aa9f59_20df37e1-10a6-4a61-b226-6a1dbd3b58c2,0650,1288.199,1474.53
34b69873-36a3-4de7-8923-591eafe4553a,dcd44647e6aa9f59_20df37e1-10a6-4a61-b226-6a1dbd3b58c2,0655,1289.369,1507.038
34b69873-36a3-4de7-8923-591eafe4553a,dcd44647e6aa9f59_20df37e1-10a6-4a61-b226-6a1dbd3b58c2,0660,1289.639,1498.456
34b69873-36a3-4de7-8923-591eafe4553a,dcd44647e6aa9f59_20df37e1-10a6-4a61-b226-6a1dbd3b58c2,0665,1289.013,1503.181
34b69873-36a3-4de7-8923-591eafe4553a,dcd44647e6aa9f59_20df37e1-10a6-4a61-b226-6a1dbd3b58c2,0670,1288.381,1481.219
34b69873-36a3-4de7-8923-591eafe4553a,dcd44647e6aa9f59_20df37e1-10a6-4a61-b226-6a1dbd3b58c2,0675,1288.723,1498.437
34b69873-36a3-4de7-8923-591eafe4553a,dcd44647e6aa9f59_20df37e1-10a6-4a61-b226-6a1dbd3b58c2,0680,1290.661,1484.353
3daa2868-5469-4f1d-a268-45c14f8bbd38,dbb59f2e3439c4eb_9b199d1d-f6e8-4caa-a872-4ad5a40e2b19,0005,1289.482,1553.623
3daa2868-5469-4f1d-a268-45c14f8bbd38,dbb59f2e3439c4eb_9b199d1d-f6e8-4caa-a872-4ad5a40e2b19,0010,1290.632,1505.739
3daa2868-5469-4f1d-a268-45c14f8bbd38,dbb59f2e3439c4eb_9b199d1d-f6e8-4caa-a872-4ad5a40e2b19,0015,1291.163,1513.906
3daa2868-5469-4f1d-a268-45c14f8bbd38,dbb59f2e3439c4eb_9b199d1d-f6e8-4caa-a872-4ad5a40e2b19,0020,1289.582,1501.896
3daa2868-5469-4f1d-a268-45c14f8bbd38,dbb59f2e3439c4eb_9b199d1d-f6e8-4caa-a872-4ad5a40e2b19,0025,1289.765,1516.79
3daa2868-5469-4f1d-a268-45c14f8bbd38,dbb59f2e3439c4eb_9b199d1d-f6e8-4caa-a872-4ad5a40e2b19,0030,1290.523,1497.877
3daa2868-5469-4f1d-a268-45c14f8bbd38,dbb59f2e3439c4eb_9b199d1d-f6e8-4caa-a872-4ad5a40e2b19,0035,1289.451,1506.46
3daa2868-5469-4f1d-a268-45c14f8bbd38,dbb59f2e3439c4eb_9b199d1d-f6e8-4caa-a872-4ad5a40e2b19,0040,1287.51,1486.854
3daa2868-5469-4f1d-a268-45c14f8bbd38,dbb59f2e3439c4eb_9b199d1d-f6e8-4caa-a872-4ad5a40e2b19,0045,1289.922,1503.951
3daa2868-5469-4f1d-a268-45c14f8bbd38,dbb59f2e3439c4eb_9b199d1d-f6e8-4caa-a872-4ad5a40e2b19,0050,1288.881,1501.415
3daa2868-5469-4f1d-a268-45c14f8bbd38,dbb59f2e3439c4eb_9b199d1d-f6e8-4caa-a872-4ad5a40e2b19,0055,1289.303,1505.594
3daa2868-5469-4f1d-a268-45c14f8bbd38,dbb59f2e3439c4eb_9b199d1d-f6e8-4caa-a872-4ad5a40e2b19,0060,1288.407,1489.992
3daa2868-5469-4f1d-a268-45c14f8bbd38,dbb59f2e3439c4eb_9b199d1d-f6e8-4caa-a872-4ad5a40e2b19,0065,1289.004,1507.701
3daa2868-5469-4f1d-a268-45c14f8bbd38,dbb59f2e3439c4eb_9b199d1d-f6e8-4caa-a872-4ad5a40e2b19,0070,1289.758,1501.537
3daa2868-5469-4f1d-a268-45c14f8bbd38,dbb59f2e3439c4eb_9b199d1d-f6e8-4caa-a872-4ad5a40e2b19,0075,1288.46,1509.828
3daa2868-5469-4f1d-a268-45c14f8bbd38,dbb59f2e3439c4eb_9b199d1d-f6e8-4caa-a872-4ad5a40e2b19,0080,1287.837,1503.211
3daa2868-5469-4f1d-a268-45c14f8bbd38,dbb59f2e3439c4eb_9b199d1d-f6e8-4caa-a872-4ad5a40e2b19,0085,1289.854,1505.906
3daa2868-5469-4f1d-a268-45c14f8bbd38,dbb59f2e3439c4eb_9b199d1d-f6e8-4caa-a872-4ad5a40e2b19,0090,1289.133,1499.197
3daa2868-5469-4f1d-a268-45c14f8bbd38,dbb59f2e3439c4eb_9b199d1d-f6e8-4caa-a872-4ad5a40e2b19,0095,1288.861,1505.846
3daa2868-5469-4f1d-a268-45c14f8bbd38,dbb59f2e3439c4eb_9b199d1d-f6e8-4caa-a872-4ad5a40e2b19,0100,1288.354,1524.311
3daa2868-5469-4f1d-a268-45c14f8bbd38,dbb59f2e3439c4eb_9b199d1d-f6e8-4caa-a872-4ad5a40e2b19,0105,1289.282,1514.761
3daa2868-5469-4f1d-a268-45c14f8bbd38,dbb59f2e3439c4eb_9b199d1d-f6e8-4caa-a872-4ad5a40e2b19,0110,1289.036,1512.322
3daa2868-5469-4f1d-a268-45c14f8bbd38,dbb59f2e3439c4eb_9b199d1d-f6e8-4caa-a872-4ad5a40e2b19,0115,1288.572,1521.647
3daa2868-5469-4f1d-a268-45c14f8bbd38,dbb59f2e3439c4eb_9b199d1d-f6e8-4caa-a872-4ad5a40e2b19,0120,1288.133,1512.248
3daa2868-5469-4f1d-a268-45c14f8bbd38,dbb59f2e3439c4eb_9b199d1d-f6e8-4caa-a872-4ad5a40e2b19,0125,1291.089,1493.305
3daa2868-5469-4f1d-a268-45c14f8bbd38,dbb59f2e3439c4eb_9b199d1d-f6e8-4caa-a872-4ad5a40e2b19,0130,1289.89,1498.767
3daa2868-5469-4f1d-a268-45c14f8bbd38,dbb59f2e3439c4eb_9b199d1d-f6e8-4caa-a872-4ad5a40e2b19,0135,1288.881,1503.419
3daa2868-5469-4f1d-a268-45c14f8bbd38,dbb59f2e3439c4eb_9b199d1d-f6e8-4caa-a872-4ad5a40e2b19,0140,1289.421,1500.875
3daa2868-5469-4f1d-a268-45c14f8bbd38,dbb59f2e3439c4eb_9b199d1d-f6e8-4caa-a872-4ad5a40e2b19,0145,1288.985,1500.147
3daa2868-5469-4f1d-a268-45c14f8bbd38,dbb59f2e3439c4eb_9b199d1d-f6e8-4caa-a872-4ad5a40e2b19,0150,1288.289,1494.112
3daa2868-5469-4f1d-a268-45c14f8bbd38,dbb59f2e3439c4eb_9b199d1d-f6e8-4caa-a872-4ad5a40e2b19,0155,1289.165,1504.906
3daa2868-5469-4f1d-a268-45c14f8bbd38,dbb59f2e3439c4eb_9b199d1d-f6e8-4caa-a872-4ad5a40e2b19,0160,1290.482,1507.506
3daa2868-5469-4f1d-a268-45c14f8bbd38,dbb59f2e3439c4eb_9b199d1d-f6e8-4caa-a872-4ad5a40e2b19,0165,1289.557,1508.693
3daa2868-5469-4f1d-a268-45c14f8bbd38,dbb59f2e3439c4eb_9b199d1d-f6e8-4caa-a872-4ad5a40e2b19,0170,1288.679,1504.338
3daa2868-5469-4f1d-a268-45c14f8bbd38,dbb59f2e3439c4eb_9b199d1d-f6e8-4caa-a872-4ad5a40e2b19,0175,1290.559,1480.061
3daa2868-5469-4f1d-a268-45c14f8bbd38,dbb59f2e3439c4eb_9b199d1d-f6e8-4caa-a872-4ad5a40e2b19,0180,1290.638,1499.466
3daa2868-5469-4f1d-a268-45c14f8bbd38,dbb59f2e3439c4eb_9b199d1d-f6e8-4caa-a872-4ad5a40e2b19,0185,1290.535,1504.532
3daa2868-5469-4f1d-a268-45c14f8bbd38,dbb59f2e3439c4eb_9b199d1d-f6e8-4caa-a872-4ad5a40e2b19,0190,1288.856,1498.468
3daa2868-5469-4f1d-a268-45c14f8bbd38,dbb59f2e3439c4eb_9b199d1d-f6e8-4caa-a872-4ad5a40e2b19,0195,1288.831,1516.331
3daa2868-5469-4f1d-a268-45c14f8bbd38,dbb59f2e3439c4eb_9b199d1d-f6e8-4caa-a872-4ad5a40e2b19,0200,1289.441,1497.199
3daa2868-5469-4f1d-a268-45c14f8bbd38,dbb59f2e3439c4eb_9b199d1d-f6e8-4caa-a872-4ad5a40e2b19,0205,1288.932,1503.926
3daa2868-5469-4f1d-a268-45c14f8bbd38,dbb59f2e3439c4eb_9b199d1d-f6e8-4caa-a872-4ad5a40e2b19,0210,1289.843,1500.874
3daa2868-5469-4f1d-a268-45c14f8bbd38,dbb59f2e3439c4eb_9b199d1d-f6e8-4caa-a872-4ad5a40e2b19,0215,1289.843,1514.345
3daa2868-5469-4f1d-a268-45c14f8bbd38,dbb59f2e3439c4eb_9b199d1d-f6e8-4caa-a872-4ad5a40e2b19,0220,1288.352,1490.723
3daa2868-5469-4f1d-a268-45c14f8bbd38,dbb59f2e3439c4eb_9b199d1d-f6e8-4caa-a872-4ad5a40e2b19,0225,1289.416,1472.374
3daa2868-5469-4f1d-a268-45c14f8bbd38,dbb59f2e3439c4eb_9b199d1d-f6e8-4caa-a872-4ad5a40e2b19,0230,1288.117,1496.488
3daa2868-5469-4f1d-a268-45c14f8bbd38,dbb59f2e3439c4eb_9b199d1d-f6e8-4caa-a872-4ad5a40e2b19,0235,1290.262,1526.179
3daa2868-5469-4f1d-a268-45c14f8bbd38,dbb59f2e3439c4eb_9b199d1d-f6e8-4caa-a872-4ad5a40e2b19,0240,1289.05,1499.793
3daa2868-5469-4f1d-a268-45c14f8bbd38,dbb59f2e3439c4eb_9b199d1d-f6e8-4caa-a872-4ad5a40e2b19,0245,1289.531,1501.212
3daa2868-5469-4f1d-a268-45c14f8bbd38,dbb59f2e3439c4eb_9b199d1d-f6e8-4caa-a872-4ad5a40e2b19,0250,1288.755,1508.81
3daa2868-5469-4f1d-a268-45c14f8bbd38,dbb59f2e3439c4eb_9b199d1d-f6e8-4caa-a872-4ad5a40e2b19,0255,1288.622,1502.275
3daa2868-5469-4f1d-a268-45c14f8bbd38,dbb59f2e3439c4eb_9b199d1d-f6e8-4caa-a872-4ad5a40e2b19,0260,1289.116,1491.738
3daa2868-5469-4f1d-a268-45c14f8bbd38,dbb59f2e3439c4eb_9b199d1d-f6e8-4caa-a872-4ad5a40e2b19,0265,1289.421,1513.304
3daa2868-5469-4f1d-a268-45c14f8bbd38,dbb59f2e3439c4eb_9b199d1d-f6e8-4caa-a872-4ad5a40e2b19,0270,1288.145,1503.526
3daa2868-5469-4f1d-a268-45c14f8bbd38,dbb59f2e3439c4eb_9b199d1d-f6e8-4caa-a872-4ad5a40e2b19,0275,1290.058,1486.359
3daa2868-5469-4f1d-a268-45c14f8bbd38,dbb59f2e3439c4eb_9b199d1d-f6e8-4caa-a872-4ad5a40e2b19,0280,1288.443,1501.773
3daa2868-5469-4f1d-a268-45c14f8bbd38,dbb59f2e3439c4eb_9b199d1d-f6e8-4caa-a872-4ad5a40e2b19,0285,1289.268,1503.608
3daa2868-5469-4f1d-a268-45c14f8bbd38,dbb59f2e3439c4eb_9b199d1d-f6e8-4caa-a872-4ad5a40e2b19,0290,1288.43,1504.02
3daa2868-5469-4f1d-a268-45c14f8bbd38,dbb59f2e3439c4eb_9b199d1d-f6e8-4caa-a872-4ad5a40e2b19,0295,1289.089,1497.213
3daa2868-5469-4f1d-a268-45c14f8bbd38,dbb59f2e3439c4eb_9b199d1d-f6e8-4caa-a872-4ad5a40e2b19,0300,1288.798,1500.598
3daa2868-5469-4f1d-a268-45c14f8bbd38,dbb59f2e3439c4eb_9b199d1d-f6e8-4caa-a872-4ad5a40e2b19,0305,1289.328,1505.441
3daa2868-5469-4f1d-a268-45c14f8bbd38,dbb59f2e3439c4eb_9b199d1d-f6e8-4caa-a872-4ad5a40e2b19,0310,1288.952,1505.13
3daa2868-5469-4f1d-a268-45c14f8bbd38,dbb59f2e3439c4eb_9b199d1d-f6e8-4caa-a872-4ad5a40e2b19,0315,1288.895,1506.429
3daa2868-5469-4f1d-a268-45c14f8bbd38,dbb59f2e3439c4eb_9b199d1d-f6e8-4caa-a872-4ad5a40e2b19,0320,1291.055,1506.952
3daa2868-5469-4f1d-a268-45c14f8bbd38,dbb59f2e3439c4eb_9b199d1d-f6e8-4caa-a872-4ad5a40e2b19,0325,1290.149,1523.713
3daa2868-5469-4f1d-a268-45c14f8bbd38,dbb59f2e3439c4eb_9b199d1d-f6e8-4caa-a872-4ad5a40e2b19,0330,1288.884,1507.772
3daa2868-5469-4f1d-a268-45c14f8bbd38,dbb59f2e3439c4eb_9b199d1d-f6e8-4caa-a872-4ad5a40e2b19,0335,1289.457,1514.478
3daa2868-5469-4f1d-a268-45c14f8bbd38,dbb59f2e3439c4eb_9b199d1d-f6e8-4caa-a872-4ad5a40e2b19,0340,1289.127,1507.571
3daa2868-5469-4f1d-a268-45c14f8bbd38,dbb59f2e3439c4eb_9b199d1d-f6e8-4caa-a872-4ad5a40e2b19,0345,1290.088,1521.57
3daa2868-5469-4f1d-a268-45c14f8bbd38,dbb59f2e3439c4eb_9b199d1d-f6e8-4caa-a872-4ad5a40e2b19,0350,1289.099,1505.452
3daa2868-5469-4f1d-a268-45c14f8bbd38,dbb59f2e3439c4eb_9b199d1d-f6e8-4caa-a872-4ad5a40e2b19,0355,1288.668,1533.46
3daa2868-5469-4f1d-a268-45c14f8bbd38,dbb59f2e3439c4eb_9b199d1d-f6e8-4caa-a872-4ad5a40e2b19,0360,1289.642,1509.675
3daa2868-5469-4f1d-a268-45c14f8bbd38,dbb59f2e3439c4eb_9b199d1d-f6e8-4caa-a872-4ad5a40e2b19,0365,1289.518,1470.278
3daa2868-5469-4f1d-a268-45c14f8bbd38,dbb59f2e3439c4eb_9b199d1d-f6e8-4caa-a872-4ad5a40e2b19,0370,1289.434,1503.343
3daa2868-5469-4f1d-a268-45c14f8bbd38,dbb59f2e3439c4eb_9b199d1d-f6e8-4caa-a872-4ad5a40e2b19,0375,1290.035,1514.277
3daa2868-5469-4f1d-a268-45c14f8bbd38,dbb59f2e3439c4eb_9b199d1d-f6e8-4caa-a872-4ad5a40e2b19,0380,1289.144,1506.609
3daa2868-5469-4f1d-a268-45c14f8bbd38,dbb59f2e3439c4eb_9b199d1d-f6e8-4caa-a872-4ad5a40e2b19,0385,1288.745,1500.011
3daa2868-5469-4f1d-a268-45c14f8bbd38,dbb59f2e3439c4eb_9b199d1d-f6e8-4caa-a872-4ad5a40e2b19,0390,1290.44,1507.511
3daa2868-5469-4f1d-a268-45c14f8bbd38,dbb59f2e3439c4eb_9b199d1d-f6e8-4caa-a872-4ad5a40e2b19,0395,1288.66,1568.404
3daa2868-5469-4f1d-a268-45c14f8bbd38,dbb59f2e3439c4eb_9b199d1d-f6e8-4caa-a872-4ad5a40e2b19,0400,1289.055,1502.0
3daa2868-5469-4f1d-a268-45c14f8bbd38,dbb59f2e3439c4eb_9b199d1d-f6e8-4caa-a872-4ad5a40e2b19,0405,1293.507,1536.895
3daa2868-5469-4f1d-a268-45c14f8bbd38,dbb59f2e3439c4eb_9b199d1d-f6e8-4caa-a872-4ad5a40e2b19,0410,1289.309,1486.657
3daa2868-5469-4f1d-a268-45c14f8bbd38,dbb59f2e3439c4eb_9b199d1d-f6e8-4caa-a872-4ad5a40e2b19,0415,1290.58,1511.795
3daa2868-5469-4f1d-a268-45c14f8bbd38,dbb59f2e3439c4eb_9b199d1d-f6e8-4caa-a872-4ad5a40e2b19,0420,1289.713,1507.712
3daa2868-5469-4f1d-a268-45c14f8bbd38,dbb59f2e3439c4eb_9b199d1d-f6e8-4caa-a872-4ad5a40e2b19,0425,1289.204,1522.504
3daa2868-5469-4f1d-a268-45c14f8bbd38,dbb59f2e3439c4eb_9b199d1d-f6e8-4caa-a872-4ad5a40e2b19,0430,1289.345,1506.425
3daa2868-5469-4f1d-a268-45c14f8bbd38,dbb59f2e3439c4eb_9b199d1d-f6e8-4caa-a872-4ad5a40e2b19,0435,1289.205,1490.632
3daa2868-5469-4f1d-a268-45c14f8bbd38,dbb59f2e3439c4eb_9b199d1d-f6e8-4caa-a872-4ad5a40e2b19,0440,1289.187,1518.658
3daa2868-5469-4f1d-a268-45c14f8bbd38,dbb59f2e3439c4eb_9b199d1d-f6e8-4caa-a872-4ad5a40e2b19,0445,1289.538,1478.607
3daa2868-5469-4f1d-a268-45c14f8bbd38,dbb59f2e3439c4eb_9b199d1d-f6e8-4caa-a872-4ad5a40e2b19,0450,1289.1,1495.832
3daa2868-5469-4f1d-a268-45c14f8bbd38,dbb59f2e3439c4eb_9b199d1d-f6e8-4caa-a872-4ad5a40e2b19,0455,1290.375,1506.353
3daa2868-5469-4f1d-a268-45c14f8bbd38,dbb59f2e3439c4eb_9b199d1d-f6e8-4caa-a872-4ad5a40e2b19,0460,1288.927,1493.26
3daa2868-5469-4f1d-a268-45c14f8bbd38,dbb59f2e3439c4eb_9b199d1d-f6e8-4caa-a872-4ad5a40e2b19,0465,1289.583,1475.501
3daa2868-5469-4f1d-a268-45c14f8bbd38,dbb59f2e3439c4eb_9b199d1d-f6e8-4caa-a872-4ad5a40e2b19,0470,1290.145,1513.508
3daa2868-5469-4f1d-a268-45c14f8bbd38,dbb59f2e3439c4eb_9b199d1d-f6e8-4caa-a872-4ad5a40e2b19,0475,1289.639,1507.296
3daa2868-5469-4f1d-a268-45c14f8bbd38,dbb59f2e3439c4eb_9b199d1d-f6e8-4caa-a872-4ad5a40e2b19,0480,1289.443,1510.948
3daa2868-5469-4f1d-a268-45c14f8bbd38,dbb59f2e3439c4eb_9b199d1d-f6e8-4caa-a872-4ad5a40e2b19,0485,1288.944,1467.845
3daa2868-5469-4f1d-a268-45c14f8bbd38,dbb59f2e3439c4eb_9b199d1d-f6e8-4caa-a872-4ad5a40e2b19,0490,1288.109,1516.813
3daa2868-5469-4f1d-a268-45c14f8bbd38,dbb59f2e3439c4eb_9b199d1d-f6e8-4caa-a872-4ad5a40e2b19,0495,1289.523,1486.339
3daa2868-5469-4f1d-a268-45c14f8bbd38,dbb59f2e3439c4eb_9b199d1d-f6e8-4caa-a872-4ad5a40e2b19,0500,1289.638,1492.746
064fa016-653d-4057-811f-f4b9ccd269df,ca141b97d55814cf_b912ada0-1f85-4bf8-8fe4-983897406a88,0005,1287.612,1506.921
064fa016-653d-4057-811f-f4b9ccd269df,ca141b97d55814cf_b912ada0-1f85-4bf8-8fe4-983897406a88,0010,1289.528,1506.556
064fa016-653d-4057-811f-f4b9ccd269df,ca141b97d55814cf_b912ada0-1f85-4bf8-8fe4-983897406a88,0015,1288.726,1484.084
064fa016-653d-4057-811f-f4b9ccd269df,ca141b97d55814cf_b912ada0-1f85-4bf8-8fe4-983897406a88,0020,1288.744,1502.943
064fa016-653d-4057-811f-f4b9ccd269df,ca141b97d55814cf_b912ada0-1f85-4bf8-8fe4-983897406a88,0025,1288.67,1482.739
064fa016-653d-4057-811f-f4b9ccd269df,ca141b97d55814cf_b912ada0-1f85-4bf8-8fe4-983897406a88,0030,1291.067,1506.853
064fa016-653d-4057-811f-f4b9ccd269df,ca141b97d55814cf_b912ada0-1f85-4bf8-8fe4-983897406a88,0035,1289.385,1529.641
064fa016-653d-4057-811f-f4b9ccd269df,ca141b97d55814cf_b912ada0-1f85-4bf8-8fe4-983897406a88,0040,1288.733,1513.051
064fa016-653d-4057-811f-f4b9ccd269df,ca141b97d55814cf_b912ada0-1f85-4bf8-8fe4-983897406a88,0045,1289.25,1503.004
064fa016-653d-4057-811f-f4b9ccd269df,ca141b97d55814cf_b912ada0-1f85-4bf8-8fe4-983897406a88,0050,1288.976,1491.415
064fa016-653d-4057-811f-f4b9ccd269df,ca141b97d55814cf_b912ada0-1f85-4bf8-8fe4-983897406a88,0055,1289.773,1482.011
064fa016-653d-4057-811f-f4b9ccd269df,ca141b97d55814cf_b912ada0-1f85-4bf8-8fe4-983897406a88,0060,1288.244,1493.6
064fa016-653d-4057-811f-f4b9ccd269df,ca141b97d55814cf_b912ada0-1f85-4bf8-8fe4-983897406a88,0065,1289.004,1495.96
064fa016-653d-4057-811f-f4b9ccd269df,ca141b97d55814cf_b912ada0-1f85-4bf8-8fe4-983897406a88,0070,1289.033,1504.733
064fa016-653d-4057-811f-f4b9ccd269df,ca141b97d55814cf_b912ada0-1f85-4bf8-8fe4-983897406a88,0075,1289.265,1482.639
064fa016-653d-4057-811f-f4b9ccd269df,ca141b97d55814cf_b912ada0-1f85-4bf8-8fe4-983897406a88,0080,1290.159,1504.26
064fa016-653d-4057-811f-f4b9ccd269df,ca141b97d55814cf_b912ada0-1f85-4bf8-8fe4-983897406a88,0085,1289.96,1484.355
064fa016-653d-4057-811f-f4b9ccd269df,ca141b97d55814cf_b912ada0-1f85-4bf8-8fe4-983897406a88,0090,1288.546,1513.475
064fa016-653d-4057-811f-f4b9ccd269df,ca141b97d55814cf_b912ada0-1f85-4bf8-8fe4-983897406a88,0095,1288.747,1488.024
064fa016-653d-4057-811f-f4b9ccd269df,ca141b97d55814cf_b912ada0-1f85-4bf8-8fe4-983897406a88,0100,1287.731,1498.166
064fa016-653d-4057-811f-f4b9ccd269df,ca141b97d55814cf_b912ada0-1f85-4bf8-8fe4-983897406a88,0105,1288.138,1513.308
064fa016-653d-4057-811f-f4b9ccd269df,ca141b97d55814cf_b912ada0-1f85-4bf8-8fe4-983897406a88,0110,1288.193,1487.264
064fa016-653d-4057-811f-f4b9ccd269df,ca141b97d55814cf_b912ada0-1f85-4bf8-8fe4-983897406a88,0115,1289.505,1485.107
064fa016-653d-4057-811f-f4b9ccd269df,ca141b97d55814cf_b912ada0-1f85-4bf8-8fe4-983897406a88,0120,1289.459,1502.682
064fa016-653d-4057-811f-f4b9ccd269df,ca141b97d55814cf_b912ada0-1f85-4bf8-8fe4-983897406a88,0125,1288.528,1510.607
064fa016-653d-4057-811f-f4b9ccd269df,ca141b97d55814cf_b912ada0-1f85-4bf8-8fe4-983897406a88,0130,1288.177,1501.635
064fa016-653d-4057-811f-f4b9ccd269df,ca141b97d55814cf_b912ada0-1f85-4bf8-8fe4-983897406a88,0135,1289.534,1487.752
064fa016-653d-4057-811f-f4b9ccd269df,ca141b97d55814cf_b912ada0-1f85-4bf8-8fe4-983897406a88,0140,1290.066,1504.574
064fa016-653d-4057-811f-f4b9ccd269df,ca141b97d55814cf_b912ada0-1f85-4bf8-8fe4-983897406a88,0145,1289.325,1490.432
064fa016-653d-4057-811f-f4b9ccd269df,ca141b97d55814cf_b912ada0-1f85-4bf8-8fe4-983897406a88,0150,1288.382,1525.986
064fa016-653d-4057-811f-f4b9ccd269df,ca141b97d55814cf_b912ada0-1f85-4bf8-8fe4-983897406a88,0155,1288.508,1470.128
064fa016-653d-4057-811f-f4b9ccd269df,ca141b97d55814cf_b912ada0-1f85-4bf8-8fe4-983897406a88,0160,1287.638,1501.756
064fa016-653d-4057-811f-f4b9ccd269df,ca141b97d55814cf_b912ada0-1f85-4bf8-8fe4-983897406a88,0165,1289.843,1496.768
064fa016-653d-4057-811f-f4b9ccd269df,ca141b97d55814cf_b912ada0-1f85-4bf8-8fe4-983897406a88,0170,1287.661,1502.688
064fa016-653d-4057-811f-f4b9ccd269df,ca141b97d55814cf_b912ada0-1f85-4bf8-8fe4-983897406a88,0175,1290.367,1524.161
064fa016-653d-4057-811f-f4b9ccd269df,ca141b97d55814cf_b912ada0-1f85-4bf8-8fe4-983897406a88,0180,1288.93,1524.193
064fa016-653d-4057-811f-f4b9ccd269df,ca141b97d55814cf_b912ada0-1f85-4bf8-8fe4-983897406a88,0185,1289.779,1485.619
064fa016-653d-4057-811f-f4b9ccd269df,ca141b97d55814cf_b912ada0-1f85-4bf8-8fe4-983897406a88,0190,1287.988,1516.292
064fa016-653d-4057-811f-f4b9ccd269df,ca141b97d55814cf_b912ada0-1f85-4bf8-8fe4-983897406a88,0195,1287.984,1479.297
064fa016-653d-4057-811f-f4b9ccd269df,ca141b97d55814cf_b912ada0-1f85-4bf8-8fe4-983897406a88,0200,1287.043,1495.92
064fa016-653d-4057-811f-f4b9ccd269df,ca141b97d55814cf_b912ada0-1f85-4bf8-8fe4-983897406a88,0205,1288.967,1494.701
064fa016-653d-4057-811f-f4b9ccd269df,ca141b97d55814cf_b912ada0-1f85-4bf8-8fe4-983897406a88,0210,1288.909,1503.048
064fa016-653d-4057-811f-f4b9ccd269df,ca141b97d55814cf_b912ada0-1f85-4bf8-8fe4-983897406a88,0215,1286.758,1509.529
064fa016-653d-4057-811f-f4b9ccd269df,ca141b97d55814cf_b912ada0-1f85-4bf8-8fe4-983897406a88,0220,1288.222,1502.915
064fa016-653d-4057-811f-f4b9ccd269df,ca141b97d55814cf_b912ada0-1f85-4bf8-8fe4-983897406a88,0225,1289.382,1487.898
064fa016-653d-4057-811f-f4b9ccd269df,ca141b97d55814cf_b912ada0-1f85-4bf8-8fe4-983897406a88,0230,1289.587,1504.979
064fa016-653d-4057-811f-f4b9ccd269df,ca141b97d55814cf_b912ada0-1f85-4bf8-8fe4-983897406a88,0235,1290.672,1518.107
064fa016-653d-4057-811f-f4b9ccd269df,ca141b97d55814cf_b912ada0-1f85-4bf8-8fe4-983897406a88,0240,1290.955,1515.711
064fa016-653d-4057-811f-f4b9ccd269df,ca141b97d55814cf_b912ada0-1f85-4bf8-8fe4-983897406a88,0245,1287.614,1496.399
064fa016-653d-4057-811f-f4b9ccd269df,ca141b97d55814cf_b912ada0-1f85-4bf8-8fe4-983897406a88,0250,1289.288,1506.721
064fa016-653d-4057-811f-f4b9ccd269df,ca141b97d55814cf_b912ada0-1f85-4bf8-8fe4-983897406a88,0255,1289.815,1524.285
064fa016-653d-4057-811f-f4b9ccd269df,ca141b97d55814cf_b912ada0-1f85-4bf8-8fe4-983897406a88,0260,1288.796,1515.3
064fa016-653d-4057-811f-f4b9ccd269df,ca141b97d55814cf_b912ada0-1f85-4bf8-8fe4-983897406a88,0265,1288.569,1507.738
064fa016-653d-4057-811f-f4b9ccd269df,ca141b97d55814cf_b912ada0-1f85-4bf8-8fe4-983897406a88,0270,1290.29,1519.935
064fa016-653d-4057-811f-f4b9ccd269df,ca141b97d55814cf_b912ada0-1f85-4bf8-8fe4-983897406a88,0275,1291.025,1500.437
064fa016-653d-4057-811f-f4b9ccd269df,ca141b97d55814cf_b912ada0-1f85-4bf8-8fe4-983897406a88,0280,1290.022,1519.947
064fa016-653d-4057-811f-f4b9ccd269df,ca141b97d55814cf_b912ada0-1f85-4bf8-8fe4-983897406a88,0285,1290.231,1522.855
064fa016-653d-4057-811f-f4b9ccd269df,ca141b97d55814cf_b912ada0-1f85-4bf8-8fe4-983897406a88,0290,1289.213,1475.617
064fa016-653d-4057-811f-f4b9ccd269df,ca141b97d55814cf_b912ada0-1f85-4bf8-8fe4-983897406a88,0295,1288.523,1500.263
064fa016-653d-4057-811f-f4b9ccd269df,ca141b97d55814cf_b912ada0-1f85-4bf8-8fe4-983897406a88,0300,1288.852,1504.972
064fa016-653d-4057-811f-f4b9ccd269df,ca141b97d55814cf_b912ada0-1f85-4bf8-8fe4-983897406a88,0305,1288.135,1483.786
064fa016-653d-4057-811f-f4b9ccd269df,ca141b97d55814cf_b912ada0-1f85-4bf8-8fe4-983897406a88,0310,1288.929,1499.514
064fa016-653d-4057-811f-f4b9ccd269df,ca141b97d55814cf_b912ada0-1f85-4bf8-8fe4-983897406a88,0315,1290.681,1499.337
064fa016-653d-4057-811f-f4b9ccd269df,ca141b97d55814cf_b912ada0-1f85-4bf8-8fe4-983897406a88,0320,1288.956,1488.605
064fa016-653d-4057-811f-f4b9ccd269df,ca141b97d55814cf_b912ada0-1f85-4bf8-8fe4-983897406a88,0325,1289.539,1503.485
064fa016-653d-4057-811f-f4b9ccd269df,ca141b97d55814cf_b912ada0-1f85-4bf8-8fe4-983897406a88,0330,1288.989,1534.353
064fa016-653d-4057-811f-f4b9ccd269df,ca141b97d55814cf_b912ada0-1f85-4bf8-8fe4-983897406a88,0335,1288.818,1486.966
064fa016-653d-4057-811f-f4b9ccd269df,ca141b97d55814cf_b912ada0-1f85-4bf8-8fe4-983897406a88,0340,1289.2,1486.176
064fa016-653d-4057-811f-f4b9ccd269df,ca141b97d55814cf_b912ada0-1f85-4bf8-8fe4-983897406a88,0345,1289.496,1502.901
064fa016-653d-4057-811f-f4b9ccd269df,ca141b97d55814cf_b912ada0-1f85-4bf8-8fe4-983897406a88,0350,1289.632,1505.199
064fa016-653d-4057-811f-f4b9ccd269df,ca141b97d55814cf_b912ada0-1f85-4bf8-8fe4-983897406a88,0355,1288.945,1501.038
064fa016-653d-4057-811f-f4b9ccd269df,ca141b97d55814cf_b912ada0-1f85-4bf8-8fe4-983897406a88,0360,1290.38,1498.438
064fa016-653d-4057-811f-f4b9ccd269df,ca141b97d55814cf_b912ada0-1f85-4bf8-8fe4-983897406a88,0365,1289.064,1499.869
064fa016-653d-4057-811f-f4b9ccd269df,ca141b97d55814cf_b912ada0-1f85-4bf8-8fe4-983897406a88,0370,1287.75,1497.345
064fa016-653d-4057-811f-f4b9ccd269df,ca141b97d55814cf_b912ada0-1f85-4bf8-8fe4-983897406a88,0375,1287.626,1522.638
064fa016-653d-4057-811f-f4b9ccd269df,ca141b97d55814cf_b912ada0-1f85-4bf8-8fe4-983897406a88,0380,1289.325,1509.103
064fa016-653d-4057-811f-f4b9ccd269df,ca141b97d55814cf_b912ada0-1f85-4bf8-8fe4-983897406a88,0385,1288.531,1498.063
064fa016-653d-4057-811f-f4b9ccd269df,ca141b97d55814cf_b912ada0-1f85-4bf8-8fe4-983897406a88,0390,1293.893,1562.785
064fa016-653d-4057-811f-f4b9ccd269df,ca141b97d55814cf_b912ada0-1f85-4bf8-8fe4-983897406a88,0395,1289.395,1544.332
064fa016-653d-4057-811f-f4b9ccd269df,ca141b97d55814cf_b912ada0-1f85-4bf8-8fe4-983897406a88,0400,1289.801,1514.805
064fa016-653d-4057-811f-f4b9ccd269df,ca141b97d55814cf_b912ada0-1f85-4bf8-8fe4-983897406a88,0405,1289.556,1489.339
064fa016-653d-4057-811f-f4b9ccd269df,ca141b97d55814cf_b912ada0-1f85-4bf8-8fe4-983897406a88,0410,1289.577,1503.998
064fa016-653d-4057-811f-f4b9ccd269df,ca141b97d55814cf_b912ada0-1f85-4bf8-8fe4-983897406a88,0415,1287.564,1500.051
064fa016-653d-4057-811f-f4b9ccd269df,ca141b97d55814cf_b912ada0-1f85-4bf8-8fe4-983897406a88,0420,1289.128,1501.451
064fa016-653d-4057-811f-f4b9ccd269df,ca141b97d55814cf_b912ada0-1f85-4bf8-8fe4-983897406a88,0425,1288.157,1501.997
064fa016-653d-4057-811f-f4b9ccd269df,ca141b97d55814cf_b912ada0-1f85-4bf8-8fe4-983897406a88,0430,1289.543,1498.972
064fa016-653d-4057-811f-f4b9ccd269df,ca141b97d55814cf_b912ada0-1f85-4bf8-8fe4-983897406a88,0435,1288.597,1500.993
064fa016-653d-4057-811f-f4b9ccd269df,ca141b97d55814cf_b912ada0-1f85-4bf8-8fe4-983897406a88,0440,1290.408,1515.478
064fa016-653d-4057-811f-f4b9ccd269df,ca141b97d55814cf_b912ada0-1f85-4bf8-8fe4-983897406a88,0445,1289.212,1494.353
064fa016-653d-4057-811f-f4b9ccd269df,ca141b97d55814cf_b912ada0-1f85-4bf8-8fe4-983897406a88,0450,1288.687,1494.384
064fa016-653d-4057-811f-f4b9ccd269df,ca141b97d55814cf_b912ada0-1f85-4bf8-8fe4-983897406a88,0455,1289.203,1489.597
064fa016-653d-4057-811f-f4b9ccd269df,ca141b97d55814cf_b912ada0-1f85-4bf8-8fe4-983897406a88,0460,1289.459,1503.448
064fa016-653d-4057-811f-f4b9ccd269df,ca141b97d55814cf_b912ada0-1f85-4bf8-8fe4-983897406a88,0465,1289.568,1500.625
064fa016-653d-4057-811f-f4b9ccd269df,ca141b97d55814cf_b912ada0-1f85-4bf8-8fe4-983897406a88,0470,1289.783,1505.844
064fa016-653d-4057-811f-f4b9ccd269df,ca141b97d55814cf_b912ada0-1f85-4bf8-8fe4-983897406a88,0475,1288.653,1502.26
064fa016-653d-4057-811f-f4b9ccd269df,ca141b97d55814cf_b912ada0-1f85-4bf8-8fe4-983897406a88,0480,1287.979,1507.548
064fa016-653d-4057-811f-f4b9ccd269df,ca141b97d55814cf_b912ada0-1f85-4bf8-8fe4-983897406a88,0485,1288.454,1505.562
064fa016-653d-4057-811f-f4b9ccd269df,ca141b97d55814cf_b912ada0-1f85-4bf8-8fe4-983897406a88,0490,1288.929,1485.837
064fa016-653d-4057-811f-f4b9ccd269df,ca141b97d55814cf_b912ada0-1f85-4bf8-8fe4-983897406a88,0495,1288.611,1503.106
064fa016-653d-4057-811f-f4b9ccd269df,ca141b97d55814cf_b912ada0-1f85-4bf8-8fe4-983897406a88,0500,1288.369,1486.752
064fa016-653d-4057-811f-f4b9ccd269df,ca141b97d55814cf_b912ada0-1f85-4bf8-8fe4-983897406a88,0505,1289.95,1478.909
064fa016-653d-4057-811f-f4b9ccd269df,ca141b97d55814cf_b912ada0-1f85-4bf8-8fe4-983897406a88,0510,1289.348,1495.98
064fa016-653d-4057-811f-f4b9ccd269df,ca141b97d55814cf_b912ada0-1f85-4bf8-8fe4-983897406a88,0515,1294.586,1520.444
064fa016-653d-4057-811f-f4b9ccd269df,ca141b97d55814cf_b912ada0-1f85-4bf8-8fe4-983897406a88,0520,1289.296,1520.03
064fa016-653d-4057-811f-f4b9ccd269df,ca141b97d55814cf_b912ada0-1f85-4bf8-8fe4-983897406a88,0525,1290.503,1488.372
064fa016-653d-4057-811f-f4b9ccd269df,ca141b97d55814cf_b912ada0-1f85-4bf8-8fe4-983897406a88,0530,1290.048,1528.609
064fa016-653d-4057-811f-f4b9ccd269df,ca141b97d55814cf_b912ada0-1f85-4bf8-8fe4-983897406a88,0535,1289.42,1502.0
064fa016-653d-4057-811f-f4b9ccd269df,ca141b97d55814cf_b912ada0-1f85-4bf8-8fe4-983897406a88,0540,1289.664,1517.461
064fa016-653d-4057-811f-f4b9ccd269df,ca141b97d55814cf_b912ada0-1f85-4bf8-8fe4-983897406a88,0545,1289.316,1505.678
064fa016-653d-4057-811f-f4b9ccd269df,ca141b97d55814cf_b912ada0-1f85-4bf8-8fe4-983897406a88,0550,1290.212,1525.824
064fa016-653d-4057-811f-f4b9ccd269df,ca141b97d55814cf_b912ada0-1f85-4bf8-8fe4-983897406a88,0555,1289.794,1525.665
064fa016-653d-4057-811f-f4b9ccd269df,ca141b97d55814cf_b912ada0-1f85-4bf8-8fe4-983897406a88,0560,1288.197,1508.426
064fa016-653d-4057-811f-f4b9ccd269df,ca141b97d55814cf_b912ada0-1f85-4bf8-8fe4-983897406a88,0565,1288.523,1518.754
064fa016-653d-4057-811f-f4b9ccd269df,ca141b97d55814cf_b912ada0-1f85-4bf8-8fe4-983897406a88,0570,1289.038,1521.015
c7e3ab4d-0839-451a-a9b2-d567567f9602,a60ce82d5287f8c1_6d5e8069-2930-4940-a85c-c21e127f32bc,0005,1288.928,1553.267
c7e3ab4d-0839-451a-a9b2-d567567f9602,a60ce82d5287f8c1_6d5e8069-2930-4940-a85c-c21e127f32bc,0010,1291.071,1521.693
c7e3ab4d-0839-451a-a9b2-d567567f9602,a60ce82d5287f8c1_6d5e8069-2930-4940-a85c-c21e127f32bc,0015,1288.236,1518.904
c7e3ab4d-0839-451a-a9b2-d567567f9602,a60ce82d5287f8c1_6d5e8069-2930-4940-a85c-c21e127f32bc,0020,1288.491,1496.885
c7e3ab4d-0839-451a-a9b2-d567567f9602,a60ce82d5287f8c1_6d5e8069-2930-4940-a85c-c21e127f32bc,0025,1290.031,1497.045
c7e3ab4d-0839-451a-a9b2-d567567f9602,a60ce82d5287f8c1_6d5e8069-2930-4940-a85c-c21e127f32bc,0030,1290.361,1487.241
c7e3ab4d-0839-451a-a9b2-d567567f9602,a60ce82d5287f8c1_6d5e8069-2930-4940-a85c-c21e127f32bc,0035,1288.784,1512.565
c7e3ab4d-0839-451a-a9b2-d567567f9602,a60ce82d5287f8c1_6d5e8069-2930-4940-a85c-c21e127f32bc,0040,1288.77,1514.689
c7e3ab4d-0839-451a-a9b2-d567567f9602,a60ce82d5287f8c1_6d5e8069-2930-4940-a85c-c21e127f32bc,0045,1291.356,1507.264
c7e3ab4d-0839-451a-a9b2-d567567f9602,a60ce82d5287f8c1_6d5e8069-2930-4940-a85c-c21e127f32bc,0050,1289.509,1490.376
c7e3ab4d-0839-451a-a9b2-d567567f9602,a60ce82d5287f8c1_6d5e8069-2930-4940-a85c-c21e127f32bc,0055,1288.975,1510.896
c7e3ab4d-0839-451a-a9b2-d567567f9602,a60ce82d5287f8c1_6d5e8069-2930-4940-a85c-c21e127f32bc,0060,1289.23,1482.222
c7e3ab4d-0839-451a-a9b2-d567567f9602,a60ce82d5287f8c1_6d5e8069-2930-4940-a85c-c21e127f32bc,0065,1288.729,1519.591
c7e3ab4d-0839-451a-a9b2-d567567f9602,a60ce82d5287f8c1_6d5e8069-2930-4940-a85c-c21e127f32bc,0070,1288.792,1507.64
c7e3ab4d-0839-451a-a9b2-d567567f9602,a60ce82d5287f8c1_6d5e8069-2930-4940-a85c-c21e127f32bc,0075,1288.531,1511.446
c7e3ab4d-0839-451a-a9b2-d567567f9602,a60ce82d5287f8c1_6d5e8069-2930-4940-a85c-c21e127f32bc,0080,1288.03,1512.309
c7e3ab4d-0839-451a-a9b2-d567567f9602,a60ce82d5287f8c1_6d5e8069-2930-4940-a85c-c21e127f32bc,0085,1289.828,1512.106
c7e3ab4d-0839-451a-a9b2-d567567f9602,a60ce82d5287f8c1_6d5e8069-2930-4940-a85c-c21e127f32bc,0090,1289.161,1508.238
c7e3ab4d-0839-451a-a9b2-d567567f9602,a60ce82d5287f8c1_6d5e8069-2930-4940-a85c-c21e127f32bc,0095,1289.043,1505.019
c7e3ab4d-0839-451a-a9b2-d567567f9602,a60ce82d5287f8c1_6d5e8069-2930-4940-a85c-c21e127f32bc,0100,1289.379,1495.586
c7e3ab4d-0839-451a-a9b2-d567567f9602,a60ce82d5287f8c1_6d5e8069-2930-4940-a85c-c21e127f32bc,0105,1290.359,1503.213
c7e3ab4d-0839-451a-a9b2-d567567f9602,a60ce82d5287f8c1_6d5e8069-2930-4940-a85c-c21e127f32bc,0110,1290.269,1499.713
c7e3ab4d-0839-451a-a9b2-d567567f9602,a60ce82d5287f8c1_6d5e8069-2930-4940-a85c-c21e127f32bc,0115,1288.326,1505.471
c7e3ab4d-0839-451a-a9b2-d567567f9602,a60ce82d5287f8c1_6d5e8069-2930-4940-a85c-c21e127f32bc,0120,1289.363,1498.308
c7e3ab4d-0839-451a-a9b2-d567567f9602,a60ce82d5287f8c1_6d5e8069-2930-4940-a85c-c21e127f32bc,0125,1289.793,1527.063
c7e3ab4d-0839-451a-a9b2-d567567f9602,a60ce82d5287f8c1_6d5e8069-2930-4940-a85c-c21e127f32bc,0130,1288.221,1507.936
c7e3ab4d-0839-451a-a9b2-d567567f9602,a60ce82d5287f8c1_6d5e8069-2930-4940-a85c-c21e127f32bc,0135,1288.695,1498.913
c7e3ab4d-0839-451a-a9b2-d567567f9602,a60ce82d5287f8c1_6d5e8069-2930-4940-a85c-c21e127f32bc,0140,1288.849,1504.483
c7e3ab4d-0839-451a-a9b2-d567567f9602,a60ce82d5287f8c1_6d5e8069-2930-4940-a85c-c21e127f32bc,0145,1289.435,1512.256
c7e3ab4d-0839-451a-a9b2-d567567f9602,a60ce82d5287f8c1_6d5e8069-2930-4940-a85c-c21e127f32bc,0150,1287.853,1499.645
c7e3ab4d-0839-451a-a9b2-d567567f9602,a60ce82d5287f8c1_6d5e8069-2930-4940-a85c-c21e127f32bc,0155,1288.243,1500.778
c7e3ab4d-0839-451a-a9b2-d567567f9602,a60ce82d5287f8c1_6d5e8069-2930-4940-a85c-c21e127f32bc,0160,1289.279,1514.186
c7e3ab4d-0839-451a-a9b2-d567567f9602,a60ce82d5287f8c1_6d5e8069-2930-4940-a85c-c21e127f32bc,0165,1289.088,1502.765
c7e3ab4d-0839-451a-a9b2-d567567f9602,a60ce82d5287f8c1_6d5e8069-2930-4940-a85c-c21e127f32bc,0170,1288.791,1486.534
c7e3ab4d-0839-451a-a9b2-d567567f9602,a60ce82d5287f8c1_6d5e8069-2930-4940-a85c-c21e127f32bc,0175,1290.478,1499.322
c7e3ab4d-0839-451a-a9b2-d567567f9602,a60ce82d5287f8c1_6d5e8069-2930-4940-a85c-c21e127f32bc,0180,1289.292,1496.89
c7e3ab4d-0839-451a-a9b2-d567567f9602,a60ce82d5287f8c1_6d5e8069-2930-4940-a85c-c21e127f32bc,0185,1289.065,1483.11
c7e3ab4d-0839-451a-a9b2-d567567f9602,a60ce82d5287f8c1_6d5e8069-2930-4940-a85c-c21e127f32bc,0190,1288.156,1520.021
c7e3ab4d-0839-451a-a9b2-d567567f9602,a60ce82d5287f8c1_6d5e8069-2930-4940-a85c-c21e127f32bc,0195,1288.891,1502.364
c7e3ab4d-0839-451a-a9b2-d567567f9602,a60ce82d5287f8c1_6d5e8069-2930-4940-a85c-c21e127f32bc,0200,1288.218,1499.301
c7e3ab4d-0839-451a-a9b2-d567567f9602,a60ce82d5287f8c1_6d5e8069-2930-4940-a85c-c21e127f32bc,0205,1289.582,1505.615
c7e3ab4d-0839-451a-a9b2-d567567f9602,a60ce82d5287f8c1_6d5e8069-2930-4940-a85c-c21e127f32bc,0210,1288.288,1498.843
c7e3ab4d-0839-451a-a9b2-d567567f9602,a60ce82d5287f8c1_6d5e8069-2930-4940-a85c-c21e127f32bc,0215,1288.618,1501.757
c7e3ab4d-0839-451a-a9b2-d567567f9602,a60ce82d5287f8c1_6d5e8069-2930-4940-a85c-c21e127f32bc,0220,1287.354,1500.407
c7e3ab4d-0839-451a-a9b2-d567567f9602,a60ce82d5287f8c1_6d5e8069-2930-4940-a85c-c21e127f32bc,0225,1290.595,1509.673
c7e3ab4d-0839-451a-a9b2-d567567f9602,a60ce82d5287f8c1_6d5e8069-2930-4940-a85c-c21e127f32bc,0230,1288.218,1504.326
c7e3ab4d-0839-451a-a9b2-d567567f9602,a60ce82d5287f8c1_6d5e8069-2930-4940-a85c-c21e127f32bc,0235,1288.092,1486.401
c7e3ab4d-0839-451a-a9b2-d567567f9602,a60ce82d5287f8c1_6d5e8069-2930-4940-a85c-c21e127f32bc,0240,1288.987,1492.62
c7e3ab4d-0839-451a-a9b2-d567567f9602,a60ce82d5287f8c1_6d5e8069-2930-4940-a85c-c21e127f32bc,0245,1288.649,1499.982
93eaec3f-a31e-4058-aac8-16699a8001d2,60980501b10504dc_89bb8c1a-31e8-4582-8c51-a5267356e2f2,0005,1288.932,1542.487
93eaec3f-a31e-4058-aac8-16699a8001d2,60980501b10504dc_89bb8c1a-31e8-4582-8c51-a5267356e2f2,0010,1290.08,1496.141
93eaec3f-a31e-4058-aac8-16699a8001d2,60980501b10504dc_89bb8c1a-31e8-4582-8c51-a5267356e2f2,0015,1287.691,1494.244
93eaec3f-a31e-4058-aac8-16699a8001d2,60980501b10504dc_89bb8c1a-31e8-4582-8c51-a5267356e2f2,0020,1288.939,1501.222
93eaec3f-a31e-4058-aac8-16699a8001d2,60980501b10504dc_89bb8c1a-31e8-4582-8c51-a5267356e2f2,0025,1289.337,1496.556
93eaec3f-a31e-4058-aac8-16699a8001d2,60980501b10504dc_89bb8c1a-31e8-4582-8c51-a5267356e2f2,0030,1290.551,1488.801
93eaec3f-a31e-4058-aac8-16699a8001d2,60980501b10504dc_89bb8c1a-31e8-4582-8c51-a5267356e2f2,0035,1288.761,1533.532
93eaec3f-a31e-4058-aac8-16699a8001d2,60980501b10504dc_89bb8c1a-31e8-4582-8c51-a5267356e2f2,0040,1288.662,1495.635
93eaec3f-a31e-4058-aac8-16699a8001d2,60980501b10504dc_89bb8c1a-31e8-4582-8c51-a5267356e2f2,0045,1288.86,1498.915
93eaec3f-a31e-4058-aac8-16699a8001d2,60980501b10504dc_89bb8c1a-31e8-4582-8c51-a5267356e2f2,0050,1288.338,1493.663
93eaec3f-a31e-4058-aac8-16699a8001d2,60980501b10504dc_89bb8c1a-31e8-4582-8c51-a5267356e2f2,0055,1289.597,1496.636
93eaec3f-a31e-4058-aac8-16699a8001d2,60980501b10504dc_89bb8c1a-31e8-4582-8c51-a5267356e2f2,0060,1289.493,1502.601
93eaec3f-a31e-4058-aac8-16699a8001d2,60980501b10504dc_89bb8c1a-31e8-4582-8c51-a5267356e2f2,0065,1288.637,1491.941
93eaec3f-a31e-4058-aac8-16699a8001d2,60980501b10504dc_89bb8c1a-31e8-4582-8c51-a5267356e2f2,0070,1296.971,1488.055
93eaec3f-a31e-4058-aac8-16699a8001d2,60980501b10504dc_89bb8c1a-31e8-4582-8c51-a5267356e2f2,0075,1288.601,1520.039
93eaec3f-a31e-4058-aac8-16699a8001d2,60980501b10504dc_89bb8c1a-31e8-4582-8c51-a5267356e2f2,0080,1291.323,1487.651
93eaec3f-a31e-4058-aac8-16699a8001d2,60980501b10504dc_89bb8c1a-31e8-4582-8c51-a5267356e2f2,0085,1288.138,1523.616
93eaec3f-a31e-4058-aac8-16699a8001d2,60980501b10504dc_89bb8c1a-31e8-4582-8c51-a5267356e2f2,0090,1289.601,1488.024
93eaec3f-a31e-4058-aac8-16699a8001d2,60980501b10504dc_89bb8c1a-31e8-4582-8c51-a5267356e2f2,0095,1288.249,1499.729
93eaec3f-a31e-4058-aac8-16699a8001d2,60980501b10504dc_89bb8c1a-31e8-4582-8c51-a5267356e2f2,0100,1288.071,1497.26
93eaec3f-a31e-4058-aac8-16699a8001d2,60980501b10504dc_89bb8c1a-31e8-4582-8c51-a5267356e2f2,0105,1289.446,1497.939
93eaec3f-a31e-4058-aac8-16699a8001d2,60980501b10504dc_89bb8c1a-31e8-4582-8c51-a5267356e2f2,0110,1290.022,1504.977
93eaec3f-a31e-4058-aac8-16699a8001d2,60980501b10504dc_89bb8c1a-31e8-4582-8c51-a5267356e2f2,0115,1289.797,1522.97
93eaec3f-a31e-4058-aac8-16699a8001d2,60980501b10504dc_89bb8c1a-31e8-4582-8c51-a5267356e2f2,0120,1289.627,1503.02
93eaec3f-a31e-4058-aac8-16699a8001d2,60980501b10504dc_89bb8c1a-31e8-4582-8c51-a5267356e2f2,0125,1287.659,1525.835
93eaec3f-a31e-4058-aac8-16699a8001d2,60980501b10504dc_89bb8c1a-31e8-4582-8c51-a5267356e2f2,0130,1287.991,1518.278
93eaec3f-a31e-4058-aac8-16699a8001d2,60980501b10504dc_89bb8c1a-31e8-4582-8c51-a5267356e2f2,0135,1287.921,1498.465
93eaec3f-a31e-4058-aac8-16699a8001d2,60980501b10504dc_89bb8c1a-31e8-4582-8c51-a5267356e2f2,0140,1289.546,1505.865
93eaec3f-a31e-4058-aac8-16699a8001d2,60980501b10504dc_89bb8c1a-31e8-4582-8c51-a5267356e2f2,0145,1287.837,1502.294
93eaec3f-a31e-4058-aac8-16699a8001d2,60980501b10504dc_89bb8c1a-31e8-4582-8c51-a5267356e2f2,0150,1288.588,1517.481
93eaec3f-a31e-4058-aac8-16699a8001d2,60980501b10504dc_89bb8c1a-31e8-4582-8c51-a5267356e2f2,0155,1289.71,1488.085
93eaec3f-a31e-4058-aac8-16699a8001d2,60980501b10504dc_89bb8c1a-31e8-4582-8c51-a5267356e2f2,0160,1289.976,1497.629
93eaec3f-a31e-4058-aac8-16699a8001d2,60980501b10504dc_89bb8c1a-31e8-4582-8c51-a5267356e2f2,0165,1288.967,1505.142
93eaec3f-a31e-4058-aac8-16699a8001d2,60980501b10504dc_89bb8c1a-31e8-4582-8c51-a5267356e2f2,0170,1290.049,1507.682
93eaec3f-a31e-4058-aac8-16699a8001d2,60980501b10504dc_89bb8c1a-31e8-4582-8c51-a5267356e2f2,0175,1290.264,1504.005
93eaec3f-a31e-4058-aac8-16699a8001d2,60980501b10504dc_89bb8c1a-31e8-4582-8c51-a5267356e2f2,0180,1288.84,1506.155
93eaec3f-a31e-4058-aac8-16699a8001d2,60980501b10504dc_89bb8c1a-31e8-4582-8c51-a5267356e2f2,0185,1288.322,1506.821
93eaec3f-a31e-4058-aac8-16699a8001d2,60980501b10504dc_89bb8c1a-31e8-4582-8c51-a5267356e2f2,0190,1290.158,1528.667
93eaec3f-a31e-4058-aac8-16699a8001d2,60980501b10504dc_89bb8c1a-31e8-4582-8c51-a5267356e2f2,0195,1289.084,1501.42
93eaec3f-a31e-4058-aac8-16699a8001d2,60980501b10504dc_89bb8c1a-31e8-4582-8c51-a5267356e2f2,0200,1288.566,1505.261
93eaec3f-a31e-4058-aac8-16699a8001d2,60980501b10504dc_89bb8c1a-31e8-4582-8c51-a5267356e2f2,0205,1288.475,1503.885
93eaec3f-a31e-4058-aac8-16699a8001d2,60980501b10504dc_89bb8c1a-31e8-4582-8c51-a5267356e2f2,0210,1288.5,1515.975
93eaec3f-a31e-4058-aac8-16699a8001d2,60980501b10504dc_89bb8c1a-31e8-4582-8c51-a5267356e2f2,0215,1288.33,1502.809
93eaec3f-a31e-4058-aac8-16699a8001d2,60980501b10504dc_89bb8c1a-31e8-4582-8c51-a5267356e2f2,0220,1289.939,1509.09
93eaec3f-a31e-4058-aac8-16699a8001d2,60980501b10504dc_89bb8c1a-31e8-4582-8c51-a5267356e2f2,0225,1289.988,1502.827
93eaec3f-a31e-4058-aac8-16699a8001d2,60980501b10504dc_89bb8c1a-31e8-4582-8c51-a5267356e2f2,0230,1288.655,1510.118
93eaec3f-a31e-4058-aac8-16699a8001d2,60980501b10504dc_89bb8c1a-31e8-4582-8c51-a5267356e2f2,0235,1288.641,1501.491
93eaec3f-a31e-4058-aac8-16699a8001d2,60980501b10504dc_89bb8c1a-31e8-4582-8c51-a5267356e2f2,0240,1289.39,1516.74
93eaec3f-a31e-4058-aac8-16699a8001d2,60980501b10504dc_89bb8c1a-31e8-4582-8c51-a5267356e2f2,0245,1288.784,1509.428
93eaec3f-a31e-4058-aac8-16699a8001d2,60980501b10504dc_89bb8c1a-31e8-4582-8c51-a5267356e2f2,0250,1288.674,1495.304
93eaec3f-a31e-4058-aac8-16699a8001d2,60980501b10504dc_89bb8c1a-31e8-4582-8c51-a5267356e2f2,0255,1288.373,1520.293
93eaec3f-a31e-4058-aac8-16699a8001d2,60980501b10504dc_89bb8c1a-31e8-4582-8c51-a5267356e2f2,0260,1287.831,1513.308
93eaec3f-a31e-4058-aac8-16699a8001d2,60980501b10504dc_89bb8c1a-31e8-4582-8c51-a5267356e2f2,0265,1289.029,1524.271
93eaec3f-a31e-4058-aac8-16699a8001d2,60980501b10504dc_89bb8c1a-31e8-4582-8c51-a5267356e2f2,0270,1288.47,1520.865
93eaec3f-a31e-4058-aac8-16699a8001d2,60980501b10504dc_89bb8c1a-31e8-4582-8c51-a5267356e2f2,0275,1290.333,1525.449
93eaec3f-a31e-4058-aac8-16699a8001d2,60980501b10504dc_89bb8c1a-31e8-4582-8c51-a5267356e2f2,0280,1289.112,1480.776
93eaec3f-a31e-4058-aac8-16699a8001d2,60980501b10504dc_89bb8c1a-31e8-4582-8c51-a5267356e2f2,0285,1289.073,1517.609
93eaec3f-a31e-4058-aac8-16699a8001d2,60980501b10504dc_89bb8c1a-31e8-4582-8c51-a5267356e2f2,0290,1289.164,1487.402
93eaec3f-a31e-4058-aac8-16699a8001d2,60980501b10504dc_89bb8c1a-31e8-4582-8c51-a5267356e2f2,0295,1291.158,1514.416
93eaec3f-a31e-4058-aac8-16699a8001d2,60980501b10504dc_89bb8c1a-31e8-4582-8c51-a5267356e2f2,0300,1290.123,1516.699
93eaec3f-a31e-4058-aac8-16699a8001d2,60980501b10504dc_89bb8c1a-31e8-4582-8c51-a5267356e2f2,0305,1289.08,1492.83
93eaec3f-a31e-4058-aac8-16699a8001d2,60980501b10504dc_89bb8c1a-31e8-4582-8c51-a5267356e2f2,0310,1291.76,1494.205
93eaec3f-a31e-4058-aac8-16699a8001d2,60980501b10504dc_89bb8c1a-31e8-4582-8c51-a5267356e2f2,0315,1291.702,1529.527
93eaec3f-a31e-4058-aac8-16699a8001d2,60980501b10504dc_89bb8c1a-31e8-4582-8c51-a5267356e2f2,0320,1288.463,1489.017
93eaec3f-a31e-4058-aac8-16699a8001d2,60980501b10504dc_89bb8c1a-31e8-4582-8c51-a5267356e2f2,0325,1288.003,1507.54
93eaec3f-a31e-4058-aac8-16699a8001d2,60980501b10504dc_89bb8c1a-31e8-4582-8c51-a5267356e2f2,0330,1288.501,1472.651
93eaec3f-a31e-4058-aac8-16699a8001d2,60980501b10504dc_89bb8c1a-31e8-4582-8c51-a5267356e2f2,0335,1289.017,1502.162
93eaec3f-a31e-4058-aac8-16699a8001d2,60980501b10504dc_89bb8c1a-31e8-4582-8c51-a5267356e2f2,0340,1287.841,1473.475
93eaec3f-a31e-4058-aac8-16699a8001d2,60980501b10504dc_89bb8c1a-31e8-4582-8c51-a5267356e2f2,0345,1289.138,1517.034
93eaec3f-a31e-4058-aac8-16699a8001d2,60980501b10504dc_89bb8c1a-31e8-4582-8c51-a5267356e2f2,0350,1289.314,1521.19
93eaec3f-a31e-4058-aac8-16699a8001d2,60980501b10504dc_89bb8c1a-31e8-4582-8c51-a5267356e2f2,0355,1288.212,1498.239
93eaec3f-a31e-4058-aac8-16699a8001d2,60980501b10504dc_89bb8c1a-31e8-4582-8c51-a5267356e2f2,0360,1289.337,1478.291
93eaec3f-a31e-4058-aac8-16699a8001d2,60980501b10504dc_89bb8c1a-31e8-4582-8c51-a5267356e2f2,0365,1288.496,1480.87
93eaec3f-a31e-4058-aac8-16699a8001d2,60980501b10504dc_89bb8c1a-31e8-4582-8c51-a5267356e2f2,0370,1289.697,1496.29
93eaec3f-a31e-4058-aac8-16699a8001d2,60980501b10504dc_89bb8c1a-31e8-4582-8c51-a5267356e2f2,0375,1287.782,1496.31
93eaec3f-a31e-4058-aac8-16699a8001d2,60980501b10504dc_89bb8c1a-31e8-4582-8c51-a5267356e2f2,0380,1288.235,1486.449
93eaec3f-a31e-4058-aac8-16699a8001d2,60980501b10504dc_89bb8c1a-31e8-4582-8c51-a5267356e2f2,0385,1289.134,1503.829
93eaec3f-a31e-4058-aac8-16699a8001d2,60980501b10504dc_89bb8c1a-31e8-4582-8c51-a5267356e2f2,0390,1287.488,1495.571
93eaec3f-a31e-4058-aac8-16699a8001d2,60980501b10504dc_89bb8c1a-31e8-4582-8c51-a5267356e2f2,0395,1288.457,1518.062
93eaec3f-a31e-4058-aac8-16699a8001d2,60980501b10504dc_89bb8c1a-31e8-4582-8c51-a5267356e2f2,0400,1287.048,1489.833
93eaec3f-a31e-4058-aac8-16699a8001d2,60980501b10504dc_89bb8c1a-31e8-4582-8c51-a5267356e2f2,0405,1288.069,1493.201
93eaec3f-a31e-4058-aac8-16699a8001d2,60980501b10504dc_89bb8c1a-31e8-4582-8c51-a5267356e2f2,0410,1288.0,1494.706
93eaec3f-a31e-4058-aac8-16699a8001d2,60980501b10504dc_89bb8c1a-31e8-4582-8c51-a5267356e2f2,0415,1287.25,1502.023
93eaec3f-a31e-4058-aac8-16699a8001d2,60980501b10504dc_89bb8c1a-31e8-4582-8c51-a5267356e2f2,0420,1290.15,1485.323
93eaec3f-a31e-4058-aac8-16699a8001d2,60980501b10504dc_89bb8c1a-31e8-4582-8c51-a5267356e2f2,0425,1290.535,1505.589
93eaec3f-a31e-4058-aac8-16699a8001d2,60980501b10504dc_89bb8c1a-31e8-4582-8c51-a5267356e2f2,0430,1287.706,1497.37
93eaec3f-a31e-4058-aac8-16699a8001d2,60980501b10504dc_89bb8c1a-31e8-4582-8c51-a5267356e2f2,0435,1287.951,1516.967
93eaec3f-a31e-4058-aac8-16699a8001d2,60980501b10504dc_89bb8c1a-31e8-4582-8c51-a5267356e2f2,0440,1287.471,1496.402
93eaec3f-a31e-4058-aac8-16699a8001d2,60980501b10504dc_89bb8c1a-31e8-4582-8c51-a5267356e2f2,0445,1288.052,1498.815
93eaec3f-a31e-4058-aac8-16699a8001d2,60980501b10504dc_89bb8c1a-31e8-4582-8c51-a5267356e2f2,0450,1290.113,1506.302
93eaec3f-a31e-4058-aac8-16699a8001d2,60980501b10504dc_89bb8c1a-31e8-4582-8c51-a5267356e2f2,0455,1286.703,1510.987
93eaec3f-a31e-4058-aac8-16699a8001d2,60980501b10504dc_89bb8c1a-31e8-4582-8c51-a5267356e2f2,0460,1288.171,1489.433
93eaec3f-a31e-4058-aac8-16699a8001d2,60980501b10504dc_89bb8c1a-31e8-4582-8c51-a5267356e2f2,0465,1286.928,1512.841
93eaec3f-a31e-4058-aac8-16699a8001d2,60980501b10504dc_89bb8c1a-31e8-4582-8c51-a5267356e2f2,0470,1287.811,1496.097
93eaec3f-a31e-4058-aac8-16699a8001d2,60980501b10504dc_89bb8c1a-31e8-4582-8c51-a5267356e2f2,0475,1289.949,1502.272
93eaec3f-a31e-4058-aac8-16699a8001d2,60980501b10504dc_89bb8c1a-31e8-4582-8c51-a5267356e2f2,0480,1289.515,1503.955
93eaec3f-a31e-4058-aac8-16699a8001d2,60980501b10504dc_89bb8c1a-31e8-4582-8c51-a5267356e2f2,0485,1287.992,1499.142
4a9743ac-763c-4bbc-b22e-8622821c7f7e,48460807b1547a94_2a5a7d96-500c-4ab6-8b24-a727a8687932,0005,1289.317,1562.634
4a9743ac-763c-4bbc-b22e-8622821c7f7e,48460807b1547a94_2a5a7d96-500c-4ab6-8b24-a727a8687932,0010,1289.291,1513.531
4a9743ac-763c-4bbc-b22e-8622821c7f7e,48460807b1547a94_2a5a7d96-500c-4ab6-8b24-a727a8687932,0015,1289.449,1488.1
4a9743ac-763c-4bbc-b22e-8622821c7f7e,48460807b1547a94_2a5a7d96-500c-4ab6-8b24-a727a8687932,0020,1289.819,1500.652
4a9743ac-763c-4bbc-b22e-8622821c7f7e,48460807b1547a94_2a5a7d96-500c-4ab6-8b24-a727a8687932,0025,1287.652,1493.66
4a9743ac-763c-4bbc-b22e-8622821c7f7e,48460807b1547a94_2a5a7d96-500c-4ab6-8b24-a727a8687932,0030,1287.957,1490.487
4a9743ac-763c-4bbc-b22e-8622821c7f7e,48460807b1547a94_2a5a7d96-500c-4ab6-8b24-a727a8687932,0035,1289.062,1497.433
4a9743ac-763c-4bbc-b22e-8622821c7f7e,48460807b1547a94_2a5a7d96-500c-4ab6-8b24-a727a8687932,0040,1289.032,1514.724
4a9743ac-763c-4bbc-b22e-8622821c7f7e,48460807b1547a94_2a5a7d96-500c-4ab6-8b24-a727a8687932,0045,1290.024,1496.13
4a9743ac-763c-4bbc-b22e-8622821c7f7e,48460807b1547a94_2a5a7d96-500c-4ab6-8b24-a727a8687932,0050,1289.506,1510.05
4a9743ac-763c-4bbc-b22e-8622821c7f7e,48460807b1547a94_2a5a7d96-500c-4ab6-8b24-a727a8687932,0055,1289.626,1495.434
4a9743ac-763c-4bbc-b22e-8622821c7f7e,48460807b1547a94_2a5a7d96-500c-4ab6-8b24-a727a8687932,0060,1289.07,1503.427
4a9743ac-763c-4bbc-b22e-8622821c7f7e,48460807b1547a94_2a5a7d96-500c-4ab6-8b24-a727a8687932,0065,1288.606,1488.431
4a9743ac-763c-4bbc-b22e-8622821c7f7e,48460807b1547a94_2a5a7d96-500c-4ab6-8b24-a727a8687932,0070,1288.206,1463.418
4a9743ac-763c-4bbc-b22e-8622821c7f7e,48460807b1547a94_2a5a7d96-500c-4ab6-8b24-a727a8687932,0075,1287.634,1490.202
4a9743ac-763c-4bbc-b22e-8622821c7f7e,48460807b1547a94_2a5a7d96-500c-4ab6-8b24-a727a8687932,0080,1288.245,1489.575
4a9743ac-763c-4bbc-b22e-8622821c7f7e,48460807b1547a94_2a5a7d96-500c-4ab6-8b24-a727a8687932,0085,1288.77,1483.201
4a9743ac-763c-4bbc-b22e-8622821c7f7e,48460807b1547a94_2a5a7d96-500c-4ab6-8b24-a727a8687932,0090,1289.548,1502.19
4a9743ac-763c-4bbc-b22e-8622821c7f7e,48460807b1547a94_2a5a7d96-500c-4ab6-8b24-a727a8687932,0095,1288.136,1481.591
4a9743ac-763c-4bbc-b22e-8622821c7f7e,48460807b1547a94_2a5a7d96-500c-4ab6-8b24-a727a8687932,0100,1288.664,1504.076
4a9743ac-763c-4bbc-b22e-8622821c7f7e,48460807b1547a94_2a5a7d96-500c-4ab6-8b24-a727a8687932,0105,1289.964,1508.085
4a9743ac-763c-4bbc-b22e-8622821c7f7e,48460807b1547a94_2a5a7d96-500c-4ab6-8b24-a727a8687932,0110,1288.796,1510.405
4a9743ac-763c-4bbc-b22e-8622821c7f7e,48460807b1547a94_2a5a7d96-500c-4ab6-8b24-a727a8687932,0115,1287.622,1532.457
4a9743ac-763c-4bbc-b22e-8622821c7f7e,48460807b1547a94_2a5a7d96-500c-4ab6-8b24-a727a8687932,0120,1288.874,1477.192
4a9743ac-763c-4bbc-b22e-8622821c7f7e,48460807b1547a94_2a5a7d96-500c-4ab6-8b24-a727a8687932,0125,1289.388,1510.708
4a9743ac-763c-4bbc-b22e-8622821c7f7e,48460807b1547a94_2a5a7d96-500c-4ab6-8b24-a727a8687932,0130,1288.726,1506.662
4a9743ac-763c-4bbc-b22e-8622821c7f7e,48460807b1547a94_2a5a7d96-500c-4ab6-8b24-a727a8687932,0135,1288.966,1496.661
4a9743ac-763c-4bbc-b22e-8622821c7f7e,48460807b1547a94_2a5a7d96-500c-4ab6-8b24-a727a8687932,0140,1288.89,1522.807
4a9743ac-763c-4bbc-b22e-8622821c7f7e,48460807b1547a94_2a5a7d96-500c-4ab6-8b24-a727a8687932,0145,1288.519,1473.133
4a9743ac-763c-4bbc-b22e-8622821c7f7e,48460807b1547a94_2a5a7d96-500c-4ab6-8b24-a727a8687932,0150,1288.365,1502.065
4a9743ac-763c-4bbc-b22e-8622821c7f7e,48460807b1547a94_2a5a7d96-500c-4ab6-8b24-a727a8687932,0155,1288.83,1477.64
4a9743ac-763c-4bbc-b22e-8622821c7f7e,48460807b1547a94_2a5a7d96-500c-4ab6-8b24-a727a8687932,0160,1289.203,1510.802
4a9743ac-763c-4bbc-b22e-8622821c7f7e,48460807b1547a94_2a5a7d96-500c-4ab6-8b24-a727a8687932,0165,1287.761,1485.315
4a9743ac-763c-4bbc-b22e-8622821c7f7e,48460807b1547a94_2a5a7d96-500c-4ab6-8b24-a727a8687932,0170,1290.271,1505.935
4a9743ac-763c-4bbc-b22e-8622821c7f7e,48460807b1547a94_2a5a7d96-500c-4ab6-8b24-a727a8687932,0175,1288.428,1521.334
4a9743ac-763c-4bbc-b22e-8622821c7f7e,48460807b1547a94_2a5a7d96-500c-4ab6-8b24-a727a8687932,0180,1288.724,1506.356
4a9743ac-763c-4bbc-b22e-8622821c7f7e,48460807b1547a94_2a5a7d96-500c-4ab6-8b24-a727a8687932,0185,1290.188,1469.332
4a9743ac-763c-4bbc-b22e-8622821c7f7e,48460807b1547a94_2a5a7d96-500c-4ab6-8b24-a727a8687932,0190,1289.952,1500.957
4a9743ac-763c-4bbc-b22e-8622821c7f7e,48460807b1547a94_2a5a7d96-500c-4ab6-8b24-a727a8687932,0195,1289.457,1526.969
4a9743ac-763c-4bbc-b22e-8622821c7f7e,48460807b1547a94_2a5a7d96-500c-4ab6-8b24-a727a8687932,0200,1287.676,1512.131
4a9743ac-763c-4bbc-b22e-8622821c7f7e,48460807b1547a94_2a5a7d96-500c-4ab6-8b24-a727a8687932,0205,1288.066,1485.835
4a9743ac-763c-4bbc-b22e-8622821c7f7e,48460807b1547a94_2a5a7d96-500c-4ab6-8b24-a727a8687932,0210,1289.334,1504.135
4a9743ac-763c-4bbc-b22e-8622821c7f7e,48460807b1547a94_2a5a7d96-500c-4ab6-8b24-a727a8687932,0215,1289.45,1517.449
4a9743ac-763c-4bbc-b22e-8622821c7f7e,48460807b1547a94_2a5a7d96-500c-4ab6-8b24-a727a8687932,0220,1288.394,1511.238
4a9743ac-763c-4bbc-b22e-8622821c7f7e,48460807b1547a94_2a5a7d96-500c-4ab6-8b24-a727a8687932,0225,1289.387,1494.869
4a9743ac-763c-4bbc-b22e-8622821c7f7e,48460807b1547a94_2a5a7d96-500c-4ab6-8b24-a727a8687932,0230,1289.761,1500.565
4a9743ac-763c-4bbc-b22e-8622821c7f7e,48460807b1547a94_2a5a7d96-500c-4ab6-8b24-a727a8687932,0235,1288.534,1483.68
4a9743ac-763c-4bbc-b22e-8622821c7f7e,48460807b1547a94_2a5a7d96-500c-4ab6-8b24-a727a8687932,0240,1288.582,1494.309
4a9743ac-763c-4bbc-b22e-8622821c7f7e,48460807b1547a94_2a5a7d96-500c-4ab6-8b24-a727a8687932,0245,1289.667,1504.645
4a9743ac-763c-4bbc-b22e-8622821c7f7e,48460807b1547a94_2a5a7d96-500c-4ab6-8b24-a727a8687932,0250,1289.056,1529.242
4a9743ac-763c-4bbc-b22e-8622821c7f7e,48460807b1547a94_2a5a7d96-500c-4ab6-8b24-a727a8687932,0255,1288.676,1513.393
4a9743ac-763c-4bbc-b22e-8622821c7f7e,48460807b1547a94_2a5a7d96-500c-4ab6-8b24-a727a8687932,0260,1289.69,1489.612
4a9743ac-763c-4bbc-b22e-8622821c7f7e,48460807b1547a94_2a5a7d96-500c-4ab6-8b24-a727a8687932,0265,1287.814,1509.743
4a9743ac-763c-4bbc-b22e-8622821c7f7e,48460807b1547a94_2a5a7d96-500c-4ab6-8b24-a727a8687932,0270,1289.903,1486.196
4a9743ac-763c-4bbc-b22e-8622821c7f7e,48460807b1547a94_2a5a7d96-500c-4ab6-8b24-a727a8687932,0275,1290.542,1522.606
4a9743ac-763c-4bbc-b22e-8622821c7f7e,48460807b1547a94_2a5a7d96-500c-4ab6-8b24-a727a8687932,0280,1289.31,1499.598
4a9743ac-763c-4bbc-b22e-8622821c7f7e,48460807b1547a94_2a5a7d96-500c-4ab6-8b24-a727a8687932,0285,1289.885,1492.281
4a9743ac-763c-4bbc-b22e-8622821c7f7e,48460807b1547a94_2a5a7d96-500c-4ab6-8b24-a727a8687932,0290,1288.535,1520.873
4a9743ac-763c-4bbc-b22e-8622821c7f7e,48460807b1547a94_2a5a7d96-500c-4ab6-8b24-a727a8687932,0295,1289.6,1508.176
4a9743ac-763c-4bbc-b22e-8622821c7f7e,48460807b1547a94_2a5a7d96-500c-4ab6-8b24-a727a8687932,0300,1288.473,1520.824
4a9743ac-763c-4bbc-b22e-8622821c7f7e,48460807b1547a94_2a5a7d96-500c-4ab6-8b24-a727a8687932,0305,1287.492,1499.553
4a9743ac-763c-4bbc-b22e-8622821c7f7e,48460807b1547a94_2a5a7d96-500c-4ab6-8b24-a727a8687932,0310,1290.119,1478.28
4a9743ac-763c-4bbc-b22e-8622821c7f7e,48460807b1547a94_2a5a7d96-500c-4ab6-8b24-a727a8687932,0315,1289.22,1526.322
4a9743ac-763c-4bbc-b22e-8622821c7f7e,48460807b1547a94_2a5a7d96-500c-4ab6-8b24-a727a8687932,0320,1289.887,1505.082
4a9743ac-763c-4bbc-b22e-8622821c7f7e,48460807b1547a94_2a5a7d96-500c-4ab6-8b24-a727a8687932,0325,1287.997,1496.654
4a9743ac-763c-4bbc-b22e-8622821c7f7e,48460807b1547a94_2a5a7d96-500c-4ab6-8b24-a727a8687932,0330,1288.306,1489.344
4a9743ac-763c-4bbc-b22e-8622821c7f7e,48460807b1547a94_2a5a7d96-500c-4ab6-8b24-a727a8687932,0335,1289.132,1499.586
4a9743ac-763c-4bbc-b22e-8622821c7f7e,48460807b1547a94_2a5a7d96-500c-4ab6-8b24-a727a8687932,0340,1289.288,1503.289
4a9743ac-763c-4bbc-b22e-8622821c7f7e,48460807b1547a94_2a5a7d96-500c-4ab6-8b24-a727a8687932,0345,1288.852,1499.36
4a9743ac-763c-4bbc-b22e-8622821c7f7e,48460807b1547a94_2a5a7d96-500c-4ab6-8b24-a727a8687932,0350,1289.543,1502.855
4a9743ac-763c-4bbc-b22e-8622821c7f7e,48460807b1547a94_2a5a7d96-500c-4ab6-8b24-a727a8687932,0355,1288.633,1505.499
4a9743ac-763c-4bbc-b22e-8622821c7f7e,48460807b1547a94_2a5a7d96-500c-4ab6-8b24-a727a8687932,0360,1288.52,1473.565
4a9743ac-763c-4bbc-b22e-8622821c7f7e,48460807b1547a94_2a5a7d96-500c-4ab6-8b24-a727a8687932,0365,1290.449,1510.191
4a9743ac-763c-4bbc-b22e-8622821c7f7e,48460807b1547a94_2a5a7d96-500c-4ab6-8b24-a727a8687932,0370,1289.449,1505.07
4a9743ac-763c-4bbc-b22e-8622821c7f7e,48460807b1547a94_2a5a7d96-500c-4ab6-8b24-a727a8687932,0375,1288.58,1503.635
4a9743ac-763c-4bbc-b22e-8622821c7f7e,48460807b1547a94_2a5a7d96-500c-4ab6-8b24-a727a8687932,0380,1288.916,1489.68
4a9743ac-763c-4bbc-b22e-8622821c7f7e,48460807b1547a94_2a5a7d96-500c-4ab6-8b24-a727a8687932,0385,1288.938,1501.328
4a9743ac-763c-4bbc-b22e-8622821c7f7e,48460807b1547a94_2a5a7d96-500c-4ab6-8b24-a727a8687932,0390,1288.997,1525.171
4a9743ac-763c-4bbc-b22e-8622821c7f7e,48460807b1547a94_2a5a7d96-500c-4ab6-8b24-a727a8687932,0395,1288.587,1489.487
4a9743ac-763c-4bbc-b22e-8622821c7f7e,48460807b1547a94_2a5a7d96-500c-4ab6-8b24-a727a8687932,0400,1290.307,1514.794
4a9743ac-763c-4bbc-b22e-8622821c7f7e,48460807b1547a94_2a5a7d96-500c-4ab6-8b24-a727a8687932,0405,1287.901,1491.651
4a9743ac-763c-4bbc-b22e-8622821c7f7e,48460807b1547a94_2a5a7d96-500c-4ab6-8b24-a727a8687932,0410,1290.656,1485.341
4a9743ac-763c-4bbc-b22e-8622821c7f7e,48460807b1547a94_2a5a7d96-500c-4ab6-8b24-a727a8687932,0415,1288.828,1504.133
4a9743ac-763c-4bbc-b22e-8622821c7f7e,48460807b1547a94_2a5a7d96-500c-4ab6-8b24-a727a8687932,0420,1289.133,1507.91
4a9743ac-763c-4bbc-b22e-8622821c7f7e,48460807b1547a94_2a5a7d96-500c-4ab6-8b24-a727a8687932,0425,1291.436,1506.367
4a9743ac-763c-4bbc-b22e-8622821c7f7e,48460807b1547a94_2a5a7d96-500c-4ab6-8b24-a727a8687932,0430,1289.731,1503.34
4a9743ac-763c-4bbc-b22e-8622821c7f7e,48460807b1547a94_2a5a7d96-500c-4ab6-8b24-a727a8687932,0435,1289.212,1490.244
4a9743ac-763c-4bbc-b22e-8622821c7f7e,48460807b1547a94_2a5a7d96-500c-4ab6-8b24-a727a8687932,0440,1292.271,1512.571
4a9743ac-763c-4bbc-b22e-8622821c7f7e,48460807b1547a94_2a5a7d96-500c-4ab6-8b24-a727a8687932,0445,1290.662,1510.314
4a9743ac-763c-4bbc-b22e-8622821c7f7e,48460807b1547a94_2a5a7d96-500c-4ab6-8b24-a727a8687932,0450,1289.391,1508.583
4a9743ac-763c-4bbc-b22e-8622821c7f7e,48460807b1547a94_2a5a7d96-500c-4ab6-8b24-a727a8687932,0455,1288.488,1502.63
4a9743ac-763c-4bbc-b22e-8622821c7f7e,48460807b1547a94_2a5a7d96-500c-4ab6-8b24-a727a8687932,0460,1288.051,1500.713
4a9743ac-763c-4bbc-b22e-8622821c7f7e,48460807b1547a94_2a5a7d96-500c-4ab6-8b24-a727a8687932,0465,1289.928,1508.023
4a9743ac-763c-4bbc-b22e-8622821c7f7e,48460807b1547a94_2a5a7d96-500c-4ab6-8b24-a727a8687932,0470,1289.694,1511.732
4a9743ac-763c-4bbc-b22e-8622821c7f7e,48460807b1547a94_2a5a7d96-500c-4ab6-8b24-a727a8687932,0475,1290.39,1529.765
4a9743ac-763c-4bbc-b22e-8622821c7f7e,48460807b1547a94_2a5a7d96-500c-4ab6-8b24-a727a8687932,0480,1289.472,1520.733
4a9743ac-763c-4bbc-b22e-8622821c7f7e,48460807b1547a94_2a5a7d96-500c-4ab6-8b24-a727a8687932,0485,1290.304,1501.9
4a9743ac-763c-4bbc-b22e-8622821c7f7e,48460807b1547a94_2a5a7d96-500c-4ab6-8b24-a727a8687932,0490,1288.329,1490.9
4a9743ac-763c-4bbc-b22e-8622821c7f7e,48460807b1547a94_2a5a7d96-500c-4ab6-8b24-a727a8687932,0495,1289.586,1503.516
4a9743ac-763c-4bbc-b22e-8622821c7f7e,48460807b1547a94_2a5a7d96-500c-4ab6-8b24-a727a8687932,0500,1290.466,1498.836
4a9743ac-763c-4bbc-b22e-8622821c7f7e,48460807b1547a94_2a5a7d96-500c-4ab6-8b24-a727a8687932,0505,1289.502,1502.143
4a9743ac-763c-4bbc-b22e-8622821c7f7e,48460807b1547a94_2a5a7d96-500c-4ab6-8b24-a727a8687932,0510,1288.159,1516.331
4a9743ac-763c-4bbc-b22e-8622821c7f7e,48460807b1547a94_2a5a7d96-500c-4ab6-8b24-a727a8687932,0515,1290.183,1489.349
4a9743ac-763c-4bbc-b22e-8622821c7f7e,48460807b1547a94_2a5a7d96-500c-4ab6-8b24-a727a8687932,0520,1289.738,1504.569
4a9743ac-763c-4bbc-b22e-8622821c7f7e,48460807b1547a94_2a5a7d96-500c-4ab6-8b24-a727a8687932,0525,1288.249,1497.641
4a9743ac-763c-4bbc-b22e-8622821c7f7e,48460807b1547a94_2a5a7d96-500c-4ab6-8b24-a727a8687932,0530,1289.225,1507.703
4a9743ac-763c-4bbc-b22e-8622821c7f7e,48460807b1547a94_2a5a7d96-500c-4ab6-8b24-a727a8687932,0535,1289.812,1492.226
4a9743ac-763c-4bbc-b22e-8622821c7f7e,48460807b1547a94_2a5a7d96-500c-4ab6-8b24-a727a8687932,0540,1289.165,1488.955
4a9743ac-763c-4bbc-b22e-8622821c7f7e,48460807b1547a94_2a5a7d96-500c-4ab6-8b24-a727a8687932,0545,1288.329,1487.512
4a9743ac-763c-4bbc-b22e-8622821c7f7e,48460807b1547a94_2a5a7d96-500c-4ab6-8b24-a727a8687932,0550,1288.744,1504.577
4a9743ac-763c-4bbc-b22e-8622821c7f7e,48460807b1547a94_2a5a7d96-500c-4ab6-8b24-a727a8687932,0555,1290.771,1508.962
4a9743ac-763c-4bbc-b22e-8622821c7f7e,48460807b1547a94_2a5a7d96-500c-4ab6-8b24-a727a8687932,0560,1290.024,1507.058
4a9743ac-763c-4bbc-b22e-8622821c7f7e,48460807b1547a94_2a5a7d96-500c-4ab6-8b24-a727a8687932,0565,1289.981,1494.763
4a9743ac-763c-4bbc-b22e-8622821c7f7e,48460807b1547a94_2a5a7d96-500c-4ab6-8b24-a727a8687932,0570,1287.565,1488.627
4a9743ac-763c-4bbc-b22e-8622821c7f7e,48460807b1547a94_2a5a7d96-500c-4ab6-8b24-a727a8687932,0575,1291.024,1516.214
4a9743ac-763c-4bbc-b22e-8622821c7f7e,48460807b1547a94_2a5a7d96-500c-4ab6-8b24-a727a8687932,0580,1290.311,1516.692
4a9743ac-763c-4bbc-b22e-8622821c7f7e,48460807b1547a94_2a5a7d96-500c-4ab6-8b24-a727a8687932,0585,1287.797,1504.504
4a9743ac-763c-4bbc-b22e-8622821c7f7e,48460807b1547a94_2a5a7d96-500c-4ab6-8b24-a727a8687932,0590,1288.953,1508.34
4a9743ac-763c-4bbc-b22e-8622821c7f7e,48460807b1547a94_2a5a7d96-500c-4ab6-8b24-a727a8687932,0595,1287.694,1502.787
4a9743ac-763c-4bbc-b22e-8622821c7f7e,48460807b1547a94_2a5a7d96-500c-4ab6-8b24-a727a8687932,0600,1288.098,1502.619
4a9743ac-763c-4bbc-b22e-8622821c7f7e,48460807b1547a94_2a5a7d96-500c-4ab6-8b24-a727a8687932,0605,1288.479,1509.281
4a9743ac-763c-4bbc-b22e-8622821c7f7e,48460807b1547a94_2a5a7d96-500c-4ab6-8b24-a727a8687932,0610,1289.102,1527.365
4a9743ac-763c-4bbc-b22e-8622821c7f7e,48460807b1547a94_2a5a7d96-500c-4ab6-8b24-a727a8687932,0615,1289.327,1505.949
4a9743ac-763c-4bbc-b22e-8622821c7f7e,48460807b1547a94_2a5a7d96-500c-4ab6-8b24-a727a8687932,0620,1289.239,1508.586
4a9743ac-763c-4bbc-b22e-8622821c7f7e,48460807b1547a94_2a5a7d96-500c-4ab6-8b24-a727a8687932,0625,1289.729,1531.821
4a9743ac-763c-4bbc-b22e-8622821c7f7e,48460807b1547a94_2a5a7d96-500c-4ab6-8b24-a727a8687932,0630,1288.944,1516.133
4a9743ac-763c-4bbc-b22e-8622821c7f7e,48460807b1547a94_2a5a7d96-500c-4ab6-8b24-a727a8687932,0635,1289.21,1533.742
4a9743ac-763c-4bbc-b22e-8622821c7f7e,48460807b1547a94_2a5a7d96-500c-4ab6-8b24-a727a8687932,0640,1290.223,1512.405
4a9743ac-763c-4bbc-b22e-8622821c7f7e,48460807b1547a94_2a5a7d96-500c-4ab6-8b24-a727a8687932,0645,1289.802,1501.442
4a9743ac-763c-4bbc-b22e-8622821c7f7e,48460807b1547a94_2a5a7d96-500c-4ab6-8b24-a727a8687932,0650,1290.45,1506.312
4a9743ac-763c-4bbc-b22e-8622821c7f7e,48460807b1547a94_2a5a7d96-500c-4ab6-8b24-a727a8687932,0655,1289.097,1502.888
4a9743ac-763c-4bbc-b22e-8622821c7f7e,48460807b1547a94_2a5a7d96-500c-4ab6-8b24-a727a8687932,0660,1290.434,1499.676
4a9743ac-763c-4bbc-b22e-8622821c7f7e,48460807b1547a94_2a5a7d96-500c-4ab6-8b24-a727a8687932,0665,1289.25,1511.935
4a9743ac-763c-4bbc-b22e-8622821c7f7e,48460807b1547a94_2a5a7d96-500c-4ab6-8b24-a727a8687932,0670,1288.157,1486.843
4a9743ac-763c-4bbc-b22e-8622821c7f7e,48460807b1547a94_2a5a7d96-500c-4ab6-8b24-a727a8687932,0675,1290.558,1514.083
4a9743ac-763c-4bbc-b22e-8622821c7f7e,48460807b1547a94_2a5a7d96-500c-4ab6-8b24-a727a8687932,0680,1291.649,1512.417
4a9743ac-763c-4bbc-b22e-8622821c7f7e,48460807b1547a94_2a5a7d96-500c-4ab6-8b24-a727a8687932,0685,1287.897,1508.081
4a9743ac-763c-4bbc-b22e-8622821c7f7e,48460807b1547a94_2a5a7d96-500c-4ab6-8b24-a727a8687932,0690,1288.537,1505.19
4a9743ac-763c-4bbc-b22e-8622821c7f7e,48460807b1547a94_2a5a7d96-500c-4ab6-8b24-a727a8687932,0695,1287.777,1501.409
4a9743ac-763c-4bbc-b22e-8622821c7f7e,48460807b1547a94_2a5a7d96-500c-4ab6-8b24-a727a8687932,0700,1287.509,1481.714
4a9743ac-763c-4bbc-b22e-8622821c7f7e,48460807b1547a94_2a5a7d96-500c-4ab6-8b24-a727a8687932,0705,1288.094,1488.072
4a9743ac-763c-4bbc-b22e-8622821c7f7e,48460807b1547a94_2a5a7d96-500c-4ab6-8b24-a727a8687932,0710,1287.839,1487.766
4a9743ac-763c-4bbc-b22e-8622821c7f7e,48460807b1547a94_2a5a7d96-500c-4ab6-8b24-a727a8687932,0715,1288.617,1503.813
4a9743ac-763c-4bbc-b22e-8622821c7f7e,48460807b1547a94_2a5a7d96-500c-4ab6-8b24-a727a8687932,0720,1289.895,1523.776
4a9743ac-763c-4bbc-b22e-8622821c7f7e,48460807b1547a94_2a5a7d96-500c-4ab6-8b24-a727a8687932,0725,1289.406,1521.169
4a9743ac-763c-4bbc-b22e-8622821c7f7e,48460807b1547a94_2a5a7d96-500c-4ab6-8b24-a727a8687932,0730,1288.747,1485.168
4a9743ac-763c-4bbc-b22e-8622821c7f7e,48460807b1547a94_2a5a7d96-500c-4ab6-8b24-a727a8687932,0735,1287.435,1486.738
4a9743ac-763c-4bbc-b22e-8622821c7f7e,48460807b1547a94_2a5a7d96-500c-4ab6-8b24-a727a8687932,0740,1289.64,1488.121
4a9743ac-763c-4bbc-b22e-8622821c7f7e,48460807b1547a94_2a5a7d96-500c-4ab6-8b24-a727a8687932,0745,1288.543,1520.05
4a9743ac-763c-4bbc-b22e-8622821c7f7e,48460807b1547a94_2a5a7d96-500c-4ab6-8b24-a727a8687932,0750,1288.407,1483.575
4a9743ac-763c-4bbc-b22e-8622821c7f7e,48460807b1547a94_2a5a7d96-500c-4ab6-8b24-a727a8687932,0755,1287.881,1497.496
4a9743ac-763c-4bbc-b22e-8622821c7f7e,48460807b1547a94_2a5a7d96-500c-4ab6-8b24-a727a8687932,0760,1289.73,1487.111
4a9743ac-763c-4bbc-b22e-8622821c7f7e,48460807b1547a94_2a5a7d96-500c-4ab6-8b24-a727a8687932,0765,1288.596,1494.997
4a9743ac-763c-4bbc-b22e-8622821c7f7e,48460807b1547a94_2a5a7d96-500c-4ab6-8b24-a727a8687932,0770,1290.123,1499.585
4a9743ac-763c-4bbc-b22e-8622821c7f7e,48460807b1547a94_2a5a7d96-500c-4ab6-8b24-a727a8687932,0775,1288.474,1509.06
4a9743ac-763c-4bbc-b22e-8622821c7f7e,48460807b1547a94_2a5a7d96-500c-4ab6-8b24-a727a8687932,0780,1289.542,1502.486
4a9743ac-763c-4bbc-b22e-8622821c7f7e,48460807b1547a94_2a5a7d96-500c-4ab6-8b24-a727a8687932,0785,1287.956,1479.747
4a9743ac-763c-4bbc-b22e-8622821c7f7e,48460807b1547a94_2a5a7d96-500c-4ab6-8b24-a727a8687932,0790,1292.397,1484.834
4a9743ac-763c-4bbc-b22e-8622821c7f7e,48460807b1547a94_2a5a7d96-500c-4ab6-8b24-a727a8687932,0795,1290.0,1506.111
4a9743ac-763c-4bbc-b22e-8622821c7f7e,48460807b1547a94_2a5a7d96-500c-4ab6-8b24-a727a8687932,0800,1289.243,1502.0
4a9743ac-763c-4bbc-b22e-8622821c7f7e,48460807b1547a94_2a5a7d96-500c-4ab6-8b24-a727a8687932,0805,1289.786,1487.042
4a9743ac-763c-4bbc-b22e-8622821c7f7e,48460807b1547a94_2a5a7d96-500c-4ab6-8b24-a727a8687932,0810,1291.188,1532.709
4a9743ac-763c-4bbc-b22e-8622821c7f7e,48460807b1547a94_2a5a7d96-500c-4ab6-8b24-a727a8687932,0815,1287.893,1518.882
4a9743ac-763c-4bbc-b22e-8622821c7f7e,48460807b1547a94_2a5a7d96-500c-4ab6-8b24-a727a8687932,0820,1288.42,1490.782
4a9743ac-763c-4bbc-b22e-8622821c7f7e,48460807b1547a94_2a5a7d96-500c-4ab6-8b24-a727a8687932,0825,1289.081,1507.324
4a9743ac-763c-4bbc-b22e-8622821c7f7e,48460807b1547a94_2a5a7d96-500c-4ab6-8b24-a727a8687932,0830,1286.69,1481.565
4a9743ac-763c-4bbc-b22e-8622821c7f7e,48460807b1547a94_2a5a7d96-500c-4ab6-8b24-a727a8687932,0835,1287.286,1466.616
4a9743ac-763c-4bbc-b22e-8622821c7f7e,48460807b1547a94_2a5a7d96-500c-4ab6-8b24-a727a8687932,0840,1288.941,1503.564
4a9743ac-763c-4bbc-b22e-8622821c7f7e,48460807b1547a94_2a5a7d96-500c-4ab6-8b24-a727a8687932,0845,1289.525,1519.819
4a9743ac-763c-4bbc-b22e-8622821c7f7e,48460807b1547a94_2a5a7d96-500c-4ab6-8b24-a727a8687932,0850,1288.645,1514.405
4a9743ac-763c-4bbc-b22e-8622821c7f7e,48460807b1547a94_2a5a7d96-500c-4ab6-8b24-a727a8687932,0855,1291.282,1492.814
4a9743ac-763c-4bbc-b22e-8622821c7f7e,48460807b1547a94_2a5a7d96-500c-4ab6-8b24-a727a8687932,0860,1287.848,1516.221
4a9743ac-763c-4bbc-b22e-8622821c7f7e,48460807b1547a94_2a5a7d96-500c-4ab6-8b24-a727a8687932,0865,1289.653,1516.401
4a9743ac-763c-4bbc-b22e-8622821c7f7e,48460807b1547a94_2a5a7d96-500c-4ab6-8b24-a727a8687932,0870,1286.898,1511.461
4a9743ac-763c-4bbc-b22e-8622821c7f7e,48460807b1547a94_2a5a7d96-500c-4ab6-8b24-a727a8687932,0875,1288.821,1496.099
4a9743ac-763c-4bbc-b22e-8622821c7f7e,48460807b1547a94_2a5a7d96-500c-4ab6-8b24-a727a8687932,0880,1287.301,1489.817
4a9743ac-763c-4bbc-b22e-8622821c7f7e,48460807b1547a94_2a5a7d96-500c-4ab6-8b24-a727a8687932,0885,1288.128,1475.225
4a9743ac-763c-4bbc-b22e-8622821c7f7e,48460807b1547a94_2a5a7d96-500c-4ab6-8b24-a727a8687932,0890,1288.937,1503.687
4a9743ac-763c-4bbc-b22e-8622821c7f7e,48460807b1547a94_2a5a7d96-500c-4ab6-8b24-a727a8687932,0895,1289.681,1510.571
4a9743ac-763c-4bbc-b22e-8622821c7f7e,48460807b1547a94_2a5a7d96-500c-4ab6-8b24-a727a8687932,0900,1289.81,1513.713
4a9743ac-763c-4bbc-b22e-8622821c7f7e,48460807b1547a94_2a5a7d96-500c-4ab6-8b24-a727a8687932,0905,1289.302,1501.378
4a9743ac-763c-4bbc-b22e-8622821c7f7e,48460807b1547a94_2a5a7d96-500c-4ab6-8b24-a727a8687932,0910,1288.811,1508.532
4a9743ac-763c-4bbc-b22e-8622821c7f7e,48460807b1547a94_2a5a7d96-500c-4ab6-8b24-a727a8687932,0915,1288.507,1505.013
4a9743ac-763c-4bbc-b22e-8622821c7f7e,48460807b1547a94_2a5a7d96-500c-4ab6-8b24-a727a8687932,0920,1289.172,1497.415
4a9743ac-763c-4bbc-b22e-8622821c7f7e,48460807b1547a94_2a5a7d96-500c-4ab6-8b24-a727a8687932,0925,1288.682,1495.323
4a9743ac-763c-4bbc-b22e-8622821c7f7e,48460807b1547a94_2a5a7d96-500c-4ab6-8b24-a727a8687932,0930,1288.771,1486.961
4a9743ac-763c-4bbc-b22e-8622821c7f7e,48460807b1547a94_2a5a7d96-500c-4ab6-8b24-a727a8687932,0935,1289.521,1492.401
4a9743ac-763c-4bbc-b22e-8622821c7f7e,48460807b1547a94_2a5a7d96-500c-4ab6-8b24-a727a8687932,0940,1289.081,1490.709
4a9743ac-763c-4bbc-b22e-8622821c7f7e,48460807b1547a94_2a5a7d96-500c-4ab6-8b24-a727a8687932,0945,1286.997,1500.174
4a9743ac-763c-4bbc-b22e-8622821c7f7e,48460807b1547a94_2a5a7d96-500c-4ab6-8b24-a727a8687932,0950,1290.031,1490.213
4a9743ac-763c-4bbc-b22e-8622821c7f7e,48460807b1547a94_2a5a7d96-500c-4ab6-8b24-a727a8687932,0955,1288.558,1506.299
4a9743ac-763c-4bbc-b22e-8622821c7f7e,48460807b1547a94_2a5a7d96-500c-4ab6-8b24-a727a8687932,0960,1287.993,1489.937
4a9743ac-763c-4bbc-b22e-8622821c7f7e,48460807b1547a94_2a5a7d96-500c-4ab6-8b24-a727a8687932,0965,1287.564,1498.708
4a9743ac-763c-4bbc-b22e-8622821c7f7e,48460807b1547a94_2a5a7d96-500c-4ab6-8b24-a727a8687932,0970,1287.631,1492.073
4a9743ac-763c-4bbc-b22e-8622821c7f7e,48460807b1547a94_2a5a7d96-500c-4ab6-8b24-a727a8687932,0975,1289.74,1503.413
4a9743ac-763c-4bbc-b22e-8622821c7f7e,48460807b1547a94_2a5a7d96-500c-4ab6-8b24-a727a8687932,0980,1287.936,1521.254
4a9743ac-763c-4bbc-b22e-8622821c7f7e,48460807b1547a94_2a5a7d96-500c-4ab6-8b24-a727a8687932,0985,1288.047,1482.464
4a9743ac-763c-4bbc-b22e-8622821c7f7e,48460807b1547a94_2a5a7d96-500c-4ab6-8b24-a727a8687932,0990,1288.907,1491.343
4a9743ac-763c-4bbc-b22e-8622821c7f7e,48460807b1547a94_2a5a7d96-500c-4ab6-8b24-a727a8687932,0995,1288.334,1503.91
4a9743ac-763c-4bbc-b22e-8622821c7f7e,48460807b1547a94_2a5a7d96-500c-4ab6-8b24-a727a8687932,1000,1287.44,1526.566
4a9743ac-763c-4bbc-b22e-8622821c7f7e,48460807b1547a94_2a5a7d96-500c-4ab6-8b24-a727a8687932,1005,1288.855,1488.909
4a9743ac-763c-4bbc-b22e-8622821c7f7e,48460807b1547a94_2a5a7d96-500c-4ab6-8b24-a727a8687932,1010,1290.305,1498.412
4a9743ac-763c-4bbc-b22e-8622821c7f7e,48460807b1547a94_2a5a7d96-500c-4ab6-8b24-a727a8687932,1015,1289.361,1509.849
4a9743ac-763c-4bbc-b22e-8622821c7f7e,48460807b1547a94_2a5a7d96-500c-4ab6-8b24-a727a8687932,1020,1289.752,1493.941
4a9743ac-763c-4bbc-b22e-8622821c7f7e,48460807b1547a94_2a5a7d96-500c-4ab6-8b24-a727a8687932,1025,1290.224,1497.261
4a9743ac-763c-4bbc-b22e-8622821c7f7e,48460807b1547a94_2a5a7d96-500c-4ab6-8b24-a727a8687932,1030,1290.683,1501.097
4a9743ac-763c-4bbc-b22e-8622821c7f7e,48460807b1547a94_2a5a7d96-500c-4ab6-8b24-a727a8687932,1035,1289.582,1505.541
4a9743ac-763c-4bbc-b22e-8622821c7f7e,48460807b1547a94_2a5a7d96-500c-4ab6-8b24-a727a8687932,1040,1291.13,1520.133
4a9743ac-763c-4bbc-b22e-8622821c7f7e,48460807b1547a94_2a5a7d96-500c-4ab6-8b24-a727a8687932,1045,1288.508,1492.796
4a9743ac-763c-4bbc-b22e-8622821c7f7e,48460807b1547a94_2a5a7d96-500c-4ab6-8b24-a727a8687932,1050,1286.886,1480.673
4a9743ac-763c-4bbc-b22e-8622821c7f7e,48460807b1547a94_2a5a7d96-500c-4ab6-8b24-a727a8687932,1055,1294.52,1507.237
4a9743ac-763c-4bbc-b22e-8622821c7f7e,48460807b1547a94_2a5a7d96-500c-4ab6-8b24-a727a8687932,1060,1289.716,1529.59
4a9743ac-763c-4bbc-b22e-8622821c7f7e,48460807b1547a94_2a5a7d96-500c-4ab6-8b24-a727a8687932,1065,1290.717,1506.06
4a9743ac-763c-4bbc-b22e-8622821c7f7e,48460807b1547a94_2a5a7d96-500c-4ab6-8b24-a727a8687932,1070,1288.298,1521.398
4a9743ac-763c-4bbc-b22e-8622821c7f7e,48460807b1547a94_2a5a7d96-500c-4ab6-8b24-a727a8687932,1075,1290.104,1490.481
4a9743ac-763c-4bbc-b22e-8622821c7f7e,48460807b1547a94_2a5a7d96-500c-4ab6-8b24-a727a8687932,1080,1288.686,1517.652
4a9743ac-763c-4bbc-b22e-8622821c7f7e,48460807b1547a94_2a5a7d96-500c-4ab6-8b24-a727a8687932,1085,1287.932,1501.053
4a9743ac-763c-4bbc-b22e-8622821c7f7e,48460807b1547a94_2a5a7d96-500c-4ab6-8b24-a727a8687932,1090,1288.812,1487.201
4a9743ac-763c-4bbc-b22e-8622821c7f7e,48460807b1547a94_2a5a7d96-500c-4ab6-8b24-a727a8687932,1095,1288.037,1492.94
d02e624f-ee3c-4677-8e8c-3676d34b174b,787952f918d925db_70b54719-f9ce-43bd-b2ca-800e1c676e8b,0005,1289.856,1498.875
d02e624f-ee3c-4677-8e8c-3676d34b174b,787952f918d925db_70b54719-f9ce-43bd-b2ca-800e1c676e8b,0010,1289.583,1517.574
d02e624f-ee3c-4677-8e8c-3676d34b174b,787952f918d925db_70b54719-f9ce-43bd-b2ca-800e1c676e8b,0015,1290.194,1494.17
d02e624f-ee3c-4677-8e8c-3676d34b174b,787952f918d925db_70b54719-f9ce-43bd-b2ca-800e1c676e8b,0020,1290.59,1528.633
d02e624f-ee3c-4677-8e8c-3676d34b174b,787952f918d925db_70b54719-f9ce-43bd-b2ca-800e1c676e8b,0025,1288.402,1482.345
d02e624f-ee3c-4677-8e8c-3676d34b174b,787952f918d925db_70b54719-f9ce-43bd-b2ca-800e1c676e8b,0030,1288.667,1487.816
d02e624f-ee3c-4677-8e8c-3676d34b174b,787952f918d925db_70b54719-f9ce-43bd-b2ca-800e1c676e8b,0035,1289.351,1485.005
d02e624f-ee3c-4677-8e8c-3676d34b174b,787952f918d925db_70b54719-f9ce-43bd-b2ca-800e1c676e8b,0040,1289.032,1499.206
d02e624f-ee3c-4677-8e8c-3676d34b174b,787952f918d925db_70b54719-f9ce-43bd-b2ca-800e1c676e8b,0045,1288.888,1511.868
d02e624f-ee3c-4677-8e8c-3676d34b174b,787952f918d925db_70b54719-f9ce-43bd-b2ca-800e1c676e8b,0050,1288.522,1490.712
d02e624f-ee3c-4677-8e8c-3676d34b174b,787952f918d925db_70b54719-f9ce-43bd-b2ca-800e1c676e8b,0055,1291.296,1504.496
d02e624f-ee3c-4677-8e8c-3676d34b174b,787952f918d925db_70b54719-f9ce-43bd-b2ca-800e1c676e8b,0060,1290.642,1531.574
d02e624f-ee3c-4677-8e8c-3676d34b174b,787952f918d925db_70b54719-f9ce-43bd-b2ca-800e1c676e8b,0065,1289.465,1506.517
d02e624f-ee3c-4677-8e8c-3676d34b174b,787952f918d925db_70b54719-f9ce-43bd-b2ca-800e1c676e8b,0070,1288.465,1522.159
d02e624f-ee3c-4677-8e8c-3676d34b174b,787952f918d925db_70b54719-f9ce-43bd-b2ca-800e1c676e8b,0075,1287.531,1501.551
d02e624f-ee3c-4677-8e8c-3676d34b174b,787952f918d925db_70b54719-f9ce-43bd-b2ca-800e1c676e8b,0080,1288.564,1512.043
d02e624f-ee3c-4677-8e8c-3676d34b174b,787952f918d925db_70b54719-f9ce-43bd-b2ca-800e1c676e8b,0085,1287.711,1501.468
d02e624f-ee3c-4677-8e8c-3676d34b174b,787952f918d925db_70b54719-f9ce-43bd-b2ca-800e1c676e8b,0090,1288.723,1522.343
d02e624f-ee3c-4677-8e8c-3676d34b174b,787952f918d925db_70b54719-f9ce-43bd-b2ca-800e1c676e8b,0095,1290.031,1505.508
d02e624f-ee3c-4677-8e8c-3676d34b174b,787952f918d925db_70b54719-f9ce-43bd-b2ca-800e1c676e8b,0100,1289.009,1513.028
d02e624f-ee3c-4677-8e8c-3676d34b174b,787952f918d925db_70b54719-f9ce-43bd-b2ca-800e1c676e8b,0105,1289.479,1502.658
d02e624f-ee3c-4677-8e8c-3676d34b174b,787952f918d925db_70b54719-f9ce-43bd-b2ca-800e1c676e8b,0110,1289.049,1513.462
d02e624f-ee3c-4677-8e8c-3676d34b174b,787952f918d925db_70b54719-f9ce-43bd-b2ca-800e1c676e8b,0115,1289.656,1508.823
d02e624f-ee3c-4677-8e8c-3676d34b174b,787952f918d925db_70b54719-f9ce-43bd-b2ca-800e1c676e8b,0120,1289.741,1509.679
d02e624f-ee3c-4677-8e8c-3676d34b174b,787952f918d925db_70b54719-f9ce-43bd-b2ca-800e1c676e8b,0125,1288.943,1485.327
d02e624f-ee3c-4677-8e8c-3676d34b174b,787952f918d925db_70b54719-f9ce-43bd-b2ca-800e1c676e8b,0130,1290.814,1507.047
d02e624f-ee3c-4677-8e8c-3676d34b174b,787952f918d925db_70b54719-f9ce-43bd-b2ca-800e1c676e8b,0135,1288.647,1525.461
d02e624f-ee3c-4677-8e8c-3676d34b174b,787952f918d925db_70b54719-f9ce-43bd-b2ca-800e1c676e8b,0140,1289.888,1502.759
d02e624f-ee3c-4677-8e8c-3676d34b174b,787952f918d925db_70b54719-f9ce-43bd-b2ca-800e1c676e8b,0145,1288.424,1496.912
d02e624f-ee3c-4677-8e8c-3676d34b174b,787952f918d925db_70b54719-f9ce-43bd-b2ca-800e1c676e8b,0150,1289.665,1506.48
d02e624f-ee3c-4677-8e8c-3676d34b174b,787952f918d925db_70b54719-f9ce-43bd-b2ca-800e1c676e8b,0155,1287.797,1504.317
d02e624f-ee3c-4677-8e8c-3676d34b174b,787952f918d925db_70b54719-f9ce-43bd-b2ca-800e1c676e8b,0160,1288.708,1511.888
d02e624f-ee3c-4677-8e8c-3676d34b174b,787952f918d925db_70b54719-f9ce-43bd-b2ca-800e1c676e8b,0165,1288.744,1523.902
d02e624f-ee3c-4677-8e8c-3676d34b174b,787952f918d925db_70b54719-f9ce-43bd-b2ca-800e1c676e8b,0170,1289.87,1511.509
d02e624f-ee3c-4677-8e8c-3676d34b174b,787952f918d925db_70b54719-f9ce-43bd-b2ca-800e1c676e8b,0175,1288.921,1514.177
d02e624f-ee3c-4677-8e8c-3676d34b174b,787952f918d925db_70b54719-f9ce-43bd-b2ca-800e1c676e8b,0180,1289.331,1524.526
d02e624f-ee3c-4677-8e8c-3676d34b174b,787952f918d925db_70b54719-f9ce-43bd-b2ca-800e1c676e8b,0185,1290.072,1510.304
d02e624f-ee3c-4677-8e8c-3676d34b174b,787952f918d925db_70b54719-f9ce-43bd-b2ca-800e1c676e8b,0190,1289.803,1526.009
d02e624f-ee3c-4677-8e8c-3676d34b174b,787952f918d925db_70b54719-f9ce-43bd-b2ca-800e1c676e8b,0195,1287.999,1529.298
d02e624f-ee3c-4677-8e8c-3676d34b174b,787952f918d925db_70b54719-f9ce-43bd-b2ca-800e1c676e8b,0200,1289.29,1517.833
d02e624f-ee3c-4677-8e8c-3676d34b174b,787952f918d925db_70b54719-f9ce-43bd-b2ca-800e1c676e8b,0205,1288.31,1476.091
d02e624f-ee3c-4677-8e8c-3676d34b174b,787952f918d925db_70b54719-f9ce-43bd-b2ca-800e1c676e8b,0210,1289.598,1515.13
d02e624f-ee3c-4677-8e8c-3676d34b174b,787952f918d925db_70b54719-f9ce-43bd-b2ca-800e1c676e8b,0215,1288.332,1503.03
d02e624f-ee3c-4677-8e8c-3676d34b174b,787952f918d925db_70b54719-f9ce-43bd-b2ca-800e1c676e8b,0220,1289.174,1505.873
d02e624f-ee3c-4677-8e8c-3676d34b174b,787952f918d925db_70b54719-f9ce-43bd-b2ca-800e1c676e8b,0225,1287.537,1518.74
d02e624f-ee3c-4677-8e8c-3676d34b174b,787952f918d925db_70b54719-f9ce-43bd-b2ca-800e1c676e8b,0230,1288.698,1521.86
d02e624f-ee3c-4677-8e8c-3676d34b174b,787952f918d925db_70b54719-f9ce-43bd-b2ca-800e1c676e8b,0235,1289.049,1522.262
d02e624f-ee3c-4677-8e8c-3676d34b174b,787952f918d925db_70b54719-f9ce-43bd-b2ca-800e1c676e8b,0240,1287.789,1514.708
d02e624f-ee3c-4677-8e8c-3676d34b174b,787952f918d925db_70b54719-f9ce-43bd-b2ca-800e1c676e8b,0245,1288.542,1507.611
d02e624f-ee3c-4677-8e8c-3676d34b174b,787952f918d925db_70b54719-f9ce-43bd-b2ca-800e1c676e8b,0250,1288.9,1535.081
d02e624f-ee3c-4677-8e8c-3676d34b174b,787952f918d925db_70b54719-f9ce-43bd-b2ca-800e1c676e8b,0255,1288.427,1511.71
d02e624f-ee3c-4677-8e8c-3676d34b174b,787952f918d925db_70b54719-f9ce-43bd-b2ca-800e1c676e8b,0260,1288.599,1490.547
d02e624f-ee3c-4677-8e8c-3676d34b174b,787952f918d925db_70b54719-f9ce-43bd-b2ca-800e1c676e8b,0265,1287.39,1491.922
d02e624f-ee3c-4677-8e8c-3676d34b174b,787952f918d925db_70b54719-f9ce-43bd-b2ca-800e1c676e8b,0270,1289.459,1489.583
d02e624f-ee3c-4677-8e8c-3676d34b174b,787952f918d925db_70b54719-f9ce-43bd-b2ca-800e1c676e8b,0275,1288.909,1545.646
d02e624f-ee3c-4677-8e8c-3676d34b174b,787952f918d925db_70b54719-f9ce-43bd-b2ca-800e1c676e8b,0280,1288.918,1512.724
d02e624f-ee3c-4677-8e8c-3676d34b174b,787952f918d925db_70b54719-f9ce-43bd-b2ca-800e1c676e8b,0285,1287.968,1514.623
d02e624f-ee3c-4677-8e8c-3676d34b174b,787952f918d925db_70b54719-f9ce-43bd-b2ca-800e1c676e8b,0290,1287.694,1477.776
d02e624f-ee3c-4677-8e8c-3676d34b174b,787952f918d925db_70b54719-f9ce-43bd-b2ca-800e1c676e8b,0295,1290.146,1494.649
d02e624f-ee3c-4677-8e8c-3676d34b174b,787952f918d925db_70b54719-f9ce-43bd-b2ca-800e1c676e8b,0300,1292.187,1485.983
d02e624f-ee3c-4677-8e8c-3676d34b174b,787952f918d925db_70b54719-f9ce-43bd-b2ca-800e1c676e8b,0305,1288.989,1526.38
d02e624f-ee3c-4677-8e8c-3676d34b174b,787952f918d925db_70b54719-f9ce-43bd-b2ca-800e1c676e8b,0310,1290.457,1510.548
d02e624f-ee3c-4677-8e8c-3676d34b174b,787952f918d925db_70b54719-f9ce-43bd-b2ca-800e1c676e8b,0315,1288.697,1503.141
d02e624f-ee3c-4677-8e8c-3676d34b174b,787952f918d925db_70b54719-f9ce-43bd-b2ca-800e1c676e8b,0320,1289.02,1497.044
d02e624f-ee3c-4677-8e8c-3676d34b174b,787952f918d925db_70b54719-f9ce-43bd-b2ca-800e1c676e8b,0325,1288.845,1500.005
d02e624f-ee3c-4677-8e8c-3676d34b174b,787952f918d925db_70b54719-f9ce-43bd-b2ca-800e1c676e8b,0330,1288.47,1477.743
d02e624f-ee3c-4677-8e8c-3676d34b174b,787952f918d925db_70b54719-f9ce-43bd-b2ca-800e1c676e8b,0335,1287.986,1508.722
d02e624f-ee3c-4677-8e8c-3676d34b174b,787952f918d925db_70b54719-f9ce-43bd-b2ca-800e1c676e8b,0340,1287.934,1474.977
d02e624f-ee3c-4677-8e8c-3676d34b174b,787952f918d925db_70b54719-f9ce-43bd-b2ca-800e1c676e8b,0345,1287.653,1485.217
d02e624f-ee3c-4677-8e8c-3676d34b174b,787952f918d925db_70b54719-f9ce-43bd-b2ca-800e1c676e8b,0350,1287.571,1492.644
d02e624f-ee3c-4677-8e8c-3676d34b174b,787952f918d925db_70b54719-f9ce-43bd-b2ca-800e1c676e8b,0355,1288.268,1525.664
d02e624f-ee3c-4677-8e8c-3676d34b174b,787952f918d925db_70b54719-f9ce-43bd-b2ca-800e1c676e8b,0360,1289.483,1503.223
d02e624f-ee3c-4677-8e8c-3676d34b174b,787952f918d925db_70b54719-f9ce-43bd-b2ca-800e1c676e8b,0365,1288.93,1521.272
d02e624f-ee3c-4677-8e8c-3676d34b174b,787952f918d925db_70b54719-f9ce-43bd-b2ca-800e1c676e8b,0370,1288.564,1492.875
d02e624f-ee3c-4677-8e8c-3676d34b174b,787952f918d925db_70b54719-f9ce-43bd-b2ca-800e1c676e8b,0375,1288.78,1508.948
d02e624f-ee3c-4677-8e8c-3676d34b174b,787952f918d925db_70b54719-f9ce-43bd-b2ca-800e1c676e8b,0380,1286.36,1488.16
d02e624f-ee3c-4677-8e8c-3676d34b174b,787952f918d925db_70b54719-f9ce-43bd-b2ca-800e1c676e8b,0385,1288.179,1505.923
d02e624f-ee3c-4677-8e8c-3676d34b174b,787952f918d925db_70b54719-f9ce-43bd-b2ca-800e1c676e8b,0390,1287.608,1476.678
d02e624f-ee3c-4677-8e8c-3676d34b174b,787952f918d925db_70b54719-f9ce-43bd-b2ca-800e1c676e8b,0395,1288.823,1501.547
d02e624f-ee3c-4677-8e8c-3676d34b174b,787952f918d925db_70b54719-f9ce-43bd-b2ca-800e1c676e8b,0400,1287.762,1479.343
d02e624f-ee3c-4677-8e8c-3676d34b174b,787952f918d925db_70b54719-f9ce-43bd-b2ca-800e1c676e8b,0405,1288.285,1510.493
d02e624f-ee3c-4677-8e8c-3676d34b174b,787952f918d925db_70b54719-f9ce-43bd-b2ca-800e1c676e8b,0410,1288.299,1497.13
d02e624f-ee3c-4677-8e8c-3676d34b174b,787952f918d925db_70b54719-f9ce-43bd-b2ca-800e1c676e8b,0415,1287.906,1486.918
d02e624f-ee3c-4677-8e8c-3676d34b174b,787952f918d925db_70b54719-f9ce-43bd-b2ca-800e1c676e8b,0420,1288.201,1489.484
d02e624f-ee3c-4677-8e8c-3676d34b174b,787952f918d925db_70b54719-f9ce-43bd-b2ca-800e1c676e8b,0425,1288.438,1490.523
d02e624f-ee3c-4677-8e8c-3676d34b174b,787952f918d925db_70b54719-f9ce-43bd-b2ca-800e1c676e8b,0430,1287.708,1507.759
d02e624f-ee3c-4677-8e8c-3676d34b174b,787952f918d925db_70b54719-f9ce-43bd-b2ca-800e1c676e8b,0435,1287.887,1504.904
d02e624f-ee3c-4677-8e8c-3676d34b174b,787952f918d925db_70b54719-f9ce-43bd-b2ca-800e1c676e8b,0440,1287.727,1522.402
d02e624f-ee3c-4677-8e8c-3676d34b174b,787952f918d925db_70b54719-f9ce-43bd-b2ca-800e1c676e8b,0445,1287.691,1460.692
d02e624f-ee3c-4677-8e8c-3676d34b174b,787952f918d925db_70b54719-f9ce-43bd-b2ca-800e1c676e8b,0450,1288.685,1482.727
6d38279f-80db-4738-88fb-f0d70842b162,718788f156f5d372_c8170f06-df8c-44eb-b4de-471e2ca7b37b,0005,1289.121,1520.485
6d38279f-80db-4738-88fb-f0d70842b162,718788f156f5d372_c8170f06-df8c-44eb-b4de-471e2ca7b37b,0010,1287.744,1490.794
6d38279f-80db-4738-88fb-f0d70842b162,718788f156f5d372_c8170f06-df8c-44eb-b4de-471e2ca7b37b,0015,1287.994,1494.523
6d38279f-80db-4738-88fb-f0d70842b162,718788f156f5d372_c8170f06-df8c-44eb-b4de-471e2ca7b37b,0020,1288.639,1483.744
6d38279f-80db-4738-88fb-f0d70842b162,718788f156f5d372_c8170f06-df8c-44eb-b4de-471e2ca7b37b,0025,1289.351,1504.515
6d38279f-80db-4738-88fb-f0d70842b162,718788f156f5d372_c8170f06-df8c-44eb-b4de-471e2ca7b37b,0030,1287.635,1510.845
6d38279f-80db-4738-88fb-f0d70842b162,718788f156f5d372_c8170f06-df8c-44eb-b4de-471e2ca7b37b,0035,1287.977,1505.729
6d38279f-80db-4738-88fb-f0d70842b162,718788f156f5d372_c8170f06-df8c-44eb-b4de-471e2ca7b37b,0040,1289.432,1515.881
6d38279f-80db-4738-88fb-f0d70842b162,718788f156f5d372_c8170f06-df8c-44eb-b4de-471e2ca7b37b,0045,1288.709,1525.793
6d38279f-80db-4738-88fb-f0d70842b162,718788f156f5d372_c8170f06-df8c-44eb-b4de-471e2ca7b37b,0050,1289.034,1514.185
6d38279f-80db-4738-88fb-f0d70842b162,718788f156f5d372_c8170f06-df8c-44eb-b4de-471e2ca7b37b,0055,1288.209,1516.844
6d38279f-80db-4738-88fb-f0d70842b162,718788f156f5d372_c8170f06-df8c-44eb-b4de-471e2ca7b37b,0060,1288.14,1482.512
6d38279f-80db-4738-88fb-f0d70842b162,718788f156f5d372_c8170f06-df8c-44eb-b4de-471e2ca7b37b,0065,1287.148,1490.679
6d38279f-80db-4738-88fb-f0d70842b162,718788f156f5d372_c8170f06-df8c-44eb-b4de-471e2ca7b37b,0070,1289.031,1476.645
6d38279f-80db-4738-88fb-f0d70842b162,718788f156f5d372_c8170f06-df8c-44eb-b4de-471e2ca7b37b,0075,1287.44,1503.667
6d38279f-80db-4738-88fb-f0d70842b162,718788f156f5d372_c8170f06-df8c-44eb-b4de-471e2ca7b37b,0080,1288.375,1502.593
6d38279f-80db-4738-88fb-f0d70842b162,718788f156f5d372_c8170f06-df8c-44eb-b4de-471e2ca7b37b,0085,1288.362,1501.642
6d38279f-80db-4738-88fb-f0d70842b162,718788f156f5d372_c8170f06-df8c-44eb-b4de-471e2ca7b37b,0090,1288.212,1491.025
6d38279f-80db-4738-88fb-f0d70842b162,718788f156f5d372_c8170f06-df8c-44eb-b4de-471e2ca7b37b,0095,1288.617,1472.979
6d38279f-80db-4738-88fb-f0d70842b162,718788f156f5d372_c8170f06-df8c-44eb-b4de-471e2ca7b37b,0100,1289.503,1509.268
6d38279f-80db-4738-88fb-f0d70842b162,718788f156f5d372_c8170f06-df8c-44eb-b4de-471e2ca7b37b,0105,1288.572,1498.822
6d38279f-80db-4738-88fb-f0d70842b162,718788f156f5d372_c8170f06-df8c-44eb-b4de-471e2ca7b37b,0110,1290.181,1516.145
6d38279f-80db-4738-88fb-f0d70842b162,718788f156f5d372_c8170f06-df8c-44eb-b4de-471e2ca7b37b,0115,1288.256,1513.878
6d38279f-80db-4738-88fb-f0d70842b162,718788f156f5d372_c8170f06-df8c-44eb-b4de-471e2ca7b37b,0120,1295.175,1493.916
6d38279f-80db-4738-88fb-f0d70842b162,718788f156f5d372_c8170f06-df8c-44eb-b4de-471e2ca7b37b,0125,1291.141,1504.682
6d38279f-80db-4738-88fb-f0d70842b162,718788f156f5d372_c8170f06-df8c-44eb-b4de-471e2ca7b37b,0130,1287.918,1507.934
6d38279f-80db-4738-88fb-f0d70842b162,718788f156f5d372_c8170f06-df8c-44eb-b4de-471e2ca7b37b,0135,1288.052,1500.856
6d38279f-80db-4738-88fb-f0d70842b162,718788f156f5d372_c8170f06-df8c-44eb-b4de-471e2ca7b37b,0140,1288.854,1491.839
6d38279f-80db-4738-88fb-f0d70842b162,718788f156f5d372_c8170f06-df8c-44eb-b4de-471e2ca7b37b,0145,1288.813,1488.073
6d38279f-80db-4738-88fb-f0d70842b162,718788f156f5d372_c8170f06-df8c-44eb-b4de-471e2ca7b37b,0150,1290.943,1493.192
6d38279f-80db-4738-88fb-f0d70842b162,718788f156f5d372_c8170f06-df8c-44eb-b4de-471e2ca7b37b,0155,1288.472,1503.265
6d38279f-80db-4738-88fb-f0d70842b162,718788f156f5d372_c8170f06-df8c-44eb-b4de-471e2ca7b37b,0160,1295.14,1506.824
6d38279f-80db-4738-88fb-f0d70842b162,718788f156f5d372_c8170f06-df8c-44eb-b4de-471e2ca7b37b,0165,1288.298,1503.386
6d38279f-80db-4738-88fb-f0d70842b162,718788f156f5d372_c8170f06-df8c-44eb-b4de-471e2ca7b37b,0170,1288.58,1490.881
6d38279f-80db-4738-88fb-f0d70842b162,718788f156f5d372_c8170f06-df8c-44eb-b4de-471e2ca7b37b,0175,1287.676,1501.954
6d38279f-80db-4738-88fb-f0d70842b162,718788f156f5d372_c8170f06-df8c-44eb-b4de-471e2ca7b37b,0180,1287.994,1497.378
6d38279f-80db-4738-88fb-f0d70842b162,718788f156f5d372_c8170f06-df8c-44eb-b4de-471e2ca7b37b,0185,1287.694,1523.518
6d38279f-80db-4738-88fb-f0d70842b162,718788f156f5d372_c8170f06-df8c-44eb-b4de-471e2ca7b37b,0190,1289.679,1486.68
6d38279f-80db-4738-88fb-f0d70842b162,718788f156f5d372_c8170f06-df8c-44eb-b4de-471e2ca7b37b,0195,1288.591,1505.005
6d38279f-80db-4738-88fb-f0d70842b162,718788f156f5d372_c8170f06-df8c-44eb-b4de-471e2ca7b37b,0200,1289.041,1506.396
6d38279f-80db-4738-88fb-f0d70842b162,718788f156f5d372_c8170f06-df8c-44eb-b4de-471e2ca7b37b,0205,1287.734,1501.256
6d38279f-80db-4738-88fb-f0d70842b162,718788f156f5d372_c8170f06-df8c-44eb-b4de-471e2ca7b37b,0210,1288.251,1496.994
6d38279f-80db-4738-88fb-f0d70842b162,718788f156f5d372_c8170f06-df8c-44eb-b4de-471e2ca7b37b,0215,1289.282,1505.022
6d38279f-80db-4738-88fb-f0d70842b162,718788f156f5d372_c8170f06-df8c-44eb-b4de-471e2ca7b37b,0220,1288.201,1510.433
6d38279f-80db-4738-88fb-f0d70842b162,718788f156f5d372_c8170f06-df8c-44eb-b4de-471e2ca7b37b,0225,1288.067,1499.618
6d38279f-80db-4738-88fb-f0d70842b162,718788f156f5d372_c8170f06-df8c-44eb-b4de-471e2ca7b37b,0230,1287.424,1482.217
6d38279f-80db-4738-88fb-f0d70842b162,718788f156f5d372_c8170f06-df8c-44eb-b4de-471e2ca7b37b,0235,1288.736,1502.629
6d38279f-80db-4738-88fb-f0d70842b162,718788f156f5d372_c8170f06-df8c-44eb-b4de-471e2ca7b37b,0240,1287.878,1497.832
6d38279f-80db-4738-88fb-f0d70842b162,718788f156f5d372_c8170f06-df8c-44eb-b4de-471e2ca7b37b,0245,1289.895,1497.745
6d38279f-80db-4738-88fb-f0d70842b162,718788f156f5d372_c8170f06-df8c-44eb-b4de-471e2ca7b37b,0250,1288.427,1500.159
6d38279f-80db-4738-88fb-f0d70842b162,718788f156f5d372_c8170f06-df8c-44eb-b4de-471e2ca7b37b,0255,1287.551,1501.732
6d38279f-80db-4738-88fb-f0d70842b162,718788f156f5d372_c8170f06-df8c-44eb-b4de-471e2ca7b37b,0260,1287.617,1488.91
6d38279f-80db-4738-88fb-f0d70842b162,718788f156f5d372_c8170f06-df8c-44eb-b4de-471e2ca7b37b,0265,1287.946,1517.831
6d38279f-80db-4738-88fb-f0d70842b162,718788f156f5d372_c8170f06-df8c-44eb-b4de-471e2ca7b37b,0270,1288.602,1498.261
6d38279f-80db-4738-88fb-f0d70842b162,718788f156f5d372_c8170f06-df8c-44eb-b4de-471e2ca7b37b,0275,1288.593,1491.765
6d38279f-80db-4738-88fb-f0d70842b162,718788f156f5d372_c8170f06-df8c-44eb-b4de-471e2ca7b37b,0280,1290.717,1497.172
6d38279f-80db-4738-88fb-f0d70842b162,718788f156f5d372_c8170f06-df8c-44eb-b4de-471e2ca7b37b,0285,1288.035,1515.949
6d38279f-80db-4738-88fb-f0d70842b162,718788f156f5d372_c8170f06-df8c-44eb-b4de-471e2ca7b37b,0290,1289.321,1472.447
6d38279f-80db-4738-88fb-f0d70842b162,718788f156f5d372_c8170f06-df8c-44eb-b4de-471e2ca7b37b,0295,1288.031,1505.333
6d38279f-80db-4738-88fb-f0d70842b162,718788f156f5d372_c8170f06-df8c-44eb-b4de-471e2ca7b37b,0300,1287.689,1484.162
6d38279f-80db-4738-88fb-f0d70842b162,718788f156f5d372_c8170f06-df8c-44eb-b4de-471e2ca7b37b,0305,1287.92,1490.603
6d38279f-80db-4738-88fb-f0d70842b162,718788f156f5d372_c8170f06-df8c-44eb-b4de-471e2ca7b37b,0310,1288.844,1503.325
6d38279f-80db-4738-88fb-f0d70842b162,718788f156f5d372_c8170f06-df8c-44eb-b4de-471e2ca7b37b,0315,1287.367,1495.812
6d38279f-80db-4738-88fb-f0d70842b162,718788f156f5d372_c8170f06-df8c-44eb-b4de-471e2ca7b37b,0320,1287.31,1482.522
6d38279f-80db-4738-88fb-f0d70842b162,718788f156f5d372_c8170f06-df8c-44eb-b4de-471e2ca7b37b,0325,1287.233,1522.169
6d38279f-80db-4738-88fb-f0d70842b162,718788f156f5d372_c8170f06-df8c-44eb-b4de-471e2ca7b37b,0330,1288.089,1508.101
6d38279f-80db-4738-88fb-f0d70842b162,718788f156f5d372_c8170f06-df8c-44eb-b4de-471e2ca7b37b,0335,1290.05,1503.817
6d38279f-80db-4738-88fb-f0d70842b162,718788f156f5d372_c8170f06-df8c-44eb-b4de-471e2ca7b37b,0340,1289.319,1505.236
6d38279f-80db-4738-88fb-f0d70842b162,718788f156f5d372_c8170f06-df8c-44eb-b4de-471e2ca7b37b,0345,1287.349,1514.108
6d38279f-80db-4738-88fb-f0d70842b162,718788f156f5d372_c8170f06-df8c-44eb-b4de-471e2ca7b37b,0350,1287.51,1477.775
6d38279f-80db-4738-88fb-f0d70842b162,718788f156f5d372_c8170f06-df8c-44eb-b4de-471e2ca7b37b,0355,1288.601,1500.374
6d38279f-80db-4738-88fb-f0d70842b162,718788f156f5d372_c8170f06-df8c-44eb-b4de-471e2ca7b37b,0360,1288.692,1498.974
6d38279f-80db-4738-88fb-f0d70842b162,718788f156f5d372_c8170f06-df8c-44eb-b4de-471e2ca7b37b,0365,1289.95,1503.808
6d38279f-80db-4738-88fb-f0d70842b162,718788f156f5d372_c8170f06-df8c-44eb-b4de-471e2ca7b37b,0370,1289.542,1485.647
6d38279f-80db-4738-88fb-f0d70842b162,718788f156f5d372_c8170f06-df8c-44eb-b4de-471e2ca7b37b,0375,1287.863,1491.895
6d38279f-80db-4738-88fb-f0d70842b162,718788f156f5d372_c8170f06-df8c-44eb-b4de-471e2ca7b37b,0380,1289.44,1482.743
6d38279f-80db-4738-88fb-f0d70842b162,718788f156f5d372_c8170f06-df8c-44eb-b4de-471e2ca7b37b,0385,1289.306,1500.801
ad8cea90-5a8b-46ba-b79e-fced012e6a9e,4826cf7214d68d96_32a393a2-08bc-47e5-9826-6560f36c51e0,0005,1288.312,1523.849
ad8cea90-5a8b-46ba-b79e-fced012e6a9e,4826cf7214d68d96_32a393a2-08bc-47e5-9826-6560f36c51e0,0010,1288.642,1497.651
ad8cea90-5a8b-46ba-b79e-fced012e6a9e,4826cf7214d68d96_32a393a2-08bc-47e5-9826-6560f36c51e0,0015,1287.758,1491.426
ad8cea90-5a8b-46ba-b79e-fced012e6a9e,4826cf7214d68d96_32a393a2-08bc-47e5-9826-6560f36c51e0,0020,1288.173,1502.974
ad8cea90-5a8b-46ba-b79e-fced012e6a9e,4826cf7214d68d96_32a393a2-08bc-47e5-9826-6560f36c51e0,0025,1288.318,1515.877
ad8cea90-5a8b-46ba-b79e-fced012e6a9e,4826cf7214d68d96_32a393a2-08bc-47e5-9826-6560f36c51e0,0030,1287.819,1503.171
ad8cea90-5a8b-46ba-b79e-fced012e6a9e,4826cf7214d68d96_32a393a2-08bc-47e5-9826-6560f36c51e0,0035,1288.451,1507.283
ad8cea90-5a8b-46ba-b79e-fced012e6a9e,4826cf7214d68d96_32a393a2-08bc-47e5-9826-6560f36c51e0,0040,1289.74,1529.408
ad8cea90-5a8b-46ba-b79e-fced012e6a9e,4826cf7214d68d96_32a393a2-08bc-47e5-9826-6560f36c51e0,0045,1288.892,1506.531
ad8cea90-5a8b-46ba-b79e-fced012e6a9e,4826cf7214d68d96_32a393a2-08bc-47e5-9826-6560f36c51e0,0050,1288.075,1501.2
ad8cea90-5a8b-46ba-b79e-fced012e6a9e,4826cf7214d68d96_32a393a2-08bc-47e5-9826-6560f36c51e0,0055,1288.049,1489.91
ad8cea90-5a8b-46ba-b79e-fced012e6a9e,4826cf7214d68d96_32a393a2-08bc-47e5-9826-6560f36c51e0,0060,1287.823,1505.264
ad8cea90-5a8b-46ba-b79e-fced012e6a9e,4826cf7214d68d96_32a393a2-08bc-47e5-9826-6560f36c51e0,0065,1288.414,1497.673
ad8cea90-5a8b-46ba-b79e-fced012e6a9e,4826cf7214d68d96_32a393a2-08bc-47e5-9826-6560f36c51e0,0070,1291.37,1540.061
ad8cea90-5a8b-46ba-b79e-fced012e6a9e,4826cf7214d68d96_32a393a2-08bc-47e5-9826-6560f36c51e0,0075,1289.244,1485.959
ad8cea90-5a8b-46ba-b79e-fced012e6a9e,4826cf7214d68d96_32a393a2-08bc-47e5-9826-6560f36c51e0,0080,1287.582,1503.679
ad8cea90-5a8b-46ba-b79e-fced012e6a9e,4826cf7214d68d96_32a393a2-08bc-47e5-9826-6560f36c51e0,0085,1287.707,1508.997
ad8cea90-5a8b-46ba-b79e-fced012e6a9e,4826cf7214d68d96_32a393a2-08bc-47e5-9826-6560f36c51e0,0090,1287.768,1505.474
ad8cea90-5a8b-46ba-b79e-fced012e6a9e,4826cf7214d68d96_32a393a2-08bc-47e5-9826-6560f36c51e0,0095,1289.945,1505.531
ad8cea90-5a8b-46ba-b79e-fced012e6a9e,4826cf7214d68d96_32a393a2-08bc-47e5-9826-6560f36c51e0,0100,1288.124,1510.928
ad8cea90-5a8b-46ba-b79e-fced012e6a9e,4826cf7214d68d96_32a393a2-08bc-47e5-9826-6560f36c51e0,0105,1288.838,1511.091
ad8cea90-5a8b-46ba-b79e-fced012e6a9e,4826cf7214d68d96_32a393a2-08bc-47e5-9826-6560f36c51e0,0110,1290.353,1529.78
ad8cea90-5a8b-46ba-b79e-fced012e6a9e,4826cf7214d68d96_32a393a2-08bc-47e5-9826-6560f36c51e0,0115,1289.076,1502.42
ad8cea90-5a8b-46ba-b79e-fced012e6a9e,4826cf7214d68d96_32a393a2-08bc-47e5-9826-6560f36c51e0,0120,1288.163,1508.901
ad8cea90-5a8b-46ba-b79e-fced012e6a9e,4826cf7214d68d96_32a393a2-08bc-47e5-9826-6560f36c51e0,0125,1290.766,1484.159
ad8cea90-5a8b-46ba-b79e-fced012e6a9e,4826cf7214d68d96_32a393a2-08bc-47e5-9826-6560f36c51e0,0130,1288.856,1503.802
ad8cea90-5a8b-46ba-b79e-fced012e6a9e,4826cf7214d68d96_32a393a2-08bc-47e5-9826-6560f36c51e0,0135,1287.443,1494.509
ad8cea90-5a8b-46ba-b79e-fced012e6a9e,4826cf7214d68d96_32a393a2-08bc-47e5-9826-6560f36c51e0,0140,1289.736,1511.038
ad8cea90-5a8b-46ba-b79e-fced012e6a9e,4826cf7214d68d96_32a393a2-08bc-47e5-9826-6560f36c51e0,0145,1288.194,1493.031
ad8cea90-5a8b-46ba-b79e-fced012e6a9e,4826cf7214d68d96_32a393a2-08bc-47e5-9826-6560f36c51e0,0150,1287.558,1494.328
ad8cea90-5a8b-46ba-b79e-fced012e6a9e,4826cf7214d68d96_32a393a2-08bc-47e5-9826-6560f36c51e0,0155,1288.231,1501.274
ad8cea90-5a8b-46ba-b79e-fced012e6a9e,4826cf7214d68d96_32a393a2-08bc-47e5-9826-6560f36c51e0,0160,1288.944,1491.555
ad8cea90-5a8b-46ba-b79e-fced012e6a9e,4826cf7214d68d96_32a393a2-08bc-47e5-9826-6560f36c51e0,0165,1286.719,1500.175
ad8cea90-5a8b-46ba-b79e-fced012e6a9e,4826cf7214d68d96_32a393a2-08bc-47e5-9826-6560f36c51e0,0170,1288.249,1503.787
ad8cea90-5a8b-46ba-b79e-fced012e6a9e,4826cf7214d68d96_32a393a2-08bc-47e5-9826-6560f36c51e0,0175,1288.709,1502.387
d2d16ea9-8b31-4025-b47f-06d11fb47d57,90f607d5b3838c07_4aa9fc18-537e-48cd-b756-57482983eb95,0005,1287.99,1526.066
d2d16ea9-8b31-4025-b47f-06d11fb47d57,90f607d5b3838c07_4aa9fc18-537e-48cd-b756-57482983eb95,0010,1288.45,1492.313
d2d16ea9-8b31-4025-b47f-06d11fb47d57,90f607d5b3838c07_4aa9fc18-537e-48cd-b756-57482983eb95,0015,1289.181,1506.738
d2d16ea9-8b31-4025-b47f-06d11fb47d57,90f607d5b3838c07_4aa9fc18-537e-48cd-b756-57482983eb95,0020,1287.774,1499.495
d2d16ea9-8b31-4025-b47f-06d11fb47d57,90f607d5b3838c07_4aa9fc18-537e-48cd-b756-57482983eb95,0025,1289.916,1503.822
d2d16ea9-8b31-4025-b47f-06d11fb47d57,90f607d5b3838c07_4aa9fc18-537e-48cd-b756-57482983eb95,0030,1289.524,1489.269
d2d16ea9-8b31-4025-b47f-06d11fb47d57,90f607d5b3838c07_4aa9fc18-537e-48cd-b756-57482983eb95,0035,1288.392,1498.531
d2d16ea9-8b31-4025-b47f-06d11fb47d57,90f607d5b3838c07_4aa9fc18-537e-48cd-b756-57482983eb95,0040,1288.678,1501.62
d2d16ea9-8b31-4025-b47f-06d11fb47d57,90f607d5b3838c07_4aa9fc18-537e-48cd-b756-57482983eb95,0045,1289.333,1489.425
d2d16ea9-8b31-4025-b47f-06d11fb47d57,90f607d5b3838c07_4aa9fc18-537e-48cd-b756-57482983eb95,0050,1288.697,1498.897
d2d16ea9-8b31-4025-b47f-06d11fb47d57,90f607d5b3838c07_4aa9fc18-537e-48cd-b756-57482983eb95,0055,1288.156,1500.923
d2d16ea9-8b31-4025-b47f-06d11fb47d57,90f607d5b3838c07_4aa9fc18-537e-48cd-b756-57482983eb95,0060,1288.015,1526.534
d2d16ea9-8b31-4025-b47f-06d11fb47d57,90f607d5b3838c07_4aa9fc18-537e-48cd-b756-57482983eb95,0065,1290.523,1524.194
d2d16ea9-8b31-4025-b47f-06d11fb47d57,90f607d5b3838c07_4aa9fc18-537e-48cd-b756-57482983eb95,0070,1289.143,1489.174
d2d16ea9-8b31-4025-b47f-06d11fb47d57,90f607d5b3838c07_4aa9fc18-537e-48cd-b756-57482983eb95,0075,1289.483,1504.441
d2d16ea9-8b31-4025-b47f-06d11fb47d57,90f607d5b3838c07_4aa9fc18-537e-48cd-b756-57482983eb95,0080,1288.784,1515.995
d2d16ea9-8b31-4025-b47f-06d11fb47d57,90f607d5b3838c07_4aa9fc18-537e-48cd-b756-57482983eb95,0085,1288.972,1508.627
d2d16ea9-8b31-4025-b47f-06d11fb47d57,90f607d5b3838c07_4aa9fc18-537e-48cd-b756-57482983eb95,0090,1288.552,1506.101
d2d16ea9-8b31-4025-b47f-06d11fb47d57,90f607d5b3838c07_4aa9fc18-537e-48cd-b756-57482983eb95,0095,1287.881,1505.07
d2d16ea9-8b31-4025-b47f-06d11fb47d57,90f607d5b3838c07_4aa9fc18-537e-48cd-b756-57482983eb95,0100,1289.244,1515.053
d2d16ea9-8b31-4025-b47f-06d11fb47d57,90f607d5b3838c07_4aa9fc18-537e-48cd-b756-57482983eb95,0105,1288.584,1503.938
d2d16ea9-8b31-4025-b47f-06d11fb47d57,90f607d5b3838c07_4aa9fc18-537e-48cd-b756-57482983eb95,0110,1289.087,1500.958
d2d16ea9-8b31-4025-b47f-06d11fb47d57,90f607d5b3838c07_4aa9fc18-537e-48cd-b756-57482983eb95,0115,1289.049,1499.139
d2d16ea9-8b31-4025-b47f-06d11fb47d57,90f607d5b3838c07_4aa9fc18-537e-48cd-b756-57482983eb95,0120,1288.519,1525.588
d2d16ea9-8b31-4025-b47f-06d11fb47d57,90f607d5b3838c07_4aa9fc18-537e-48cd-b756-57482983eb95,0125,1288.737,1528.094
d2d16ea9-8b31-4025-b47f-06d11fb47d57,90f607d5b3838c07_4aa9fc18-537e-48cd-b756-57482983eb95,0130,1288.583,1487.076
d2d16ea9-8b31-4025-b47f-06d11fb47d57,90f607d5b3838c07_4aa9fc18-537e-48cd-b756-57482983eb95,0135,1291.097,1499.643
d2d16ea9-8b31-4025-b47f-06d11fb47d57,90f607d5b3838c07_4aa9fc18-537e-48cd-b756-57482983eb95,0140,1290.337,1505.08
d2d16ea9-8b31-4025-b47f-06d11fb47d57,90f607d5b3838c07_4aa9fc18-537e-48cd-b756-57482983eb95,0145,1289.856,1518.512
d2d16ea9-8b31-4025-b47f-06d11fb47d57,90f607d5b3838c07_4aa9fc18-537e-48cd-b756-57482983eb95,0150,1289.862,1513.651
d2d16ea9-8b31-4025-b47f-06d11fb47d57,90f607d5b3838c07_4aa9fc18-537e-48cd-b756-57482983eb95,0155,1288.11,1507.396
d2d16ea9-8b31-4025-b47f-06d11fb47d57,90f607d5b3838c07_4aa9fc18-537e-48cd-b756-57482983eb95,0160,1290.125,1489.319
d2d16ea9-8b31-4025-b47f-06d11fb47d57,90f607d5b3838c07_4aa9fc18-537e-48cd-b756-57482983eb95,0165,1290.045,1536.733
d2d16ea9-8b31-4025-b47f-06d11fb47d57,90f607d5b3838c07_4aa9fc18-537e-48cd-b756-57482983eb95,0170,1291.752,1513.991
d2d16ea9-8b31-4025-b47f-06d11fb47d57,90f607d5b3838c07_4aa9fc18-537e-48cd-b756-57482983eb95,0175,1290.832,1544.309
d2d16ea9-8b31-4025-b47f-06d11fb47d57,90f607d5b3838c07_4aa9fc18-537e-48cd-b756-57482983eb95,0180,1287.733,1489.639
d2d16ea9-8b31-4025-b47f-06d11fb47d57,90f607d5b3838c07_4aa9fc18-537e-48cd-b756-57482983eb95,0185,1288.54,1515.562
d2d16ea9-8b31-4025-b47f-06d11fb47d57,90f607d5b3838c07_4aa9fc18-537e-48cd-b756-57482983eb95,0190,1288.539,1502.235
d2d16ea9-8b31-4025-b47f-06d11fb47d57,90f607d5b3838c07_4aa9fc18-537e-48cd-b756-57482983eb95,0195,1287.668,1526.074
d2d16ea9-8b31-4025-b47f-06d11fb47d57,90f607d5b3838c07_4aa9fc18-537e-48cd-b756-57482983eb95,0200,1288.205,1490.212
d2d16ea9-8b31-4025-b47f-06d11fb47d57,90f607d5b3838c07_4aa9fc18-537e-48cd-b756-57482983eb95,0205,1288.995,1502.39
d2d16ea9-8b31-4025-b47f-06d11fb47d57,90f607d5b3838c07_4aa9fc18-537e-48cd-b756-57482983eb95,0210,1287.544,1503.6
d2d16ea9-8b31-4025-b47f-06d11fb47d57,90f607d5b3838c07_4aa9fc18-537e-48cd-b756-57482983eb95,0215,1290.563,1511.44
d2d16ea9-8b31-4025-b47f-06d11fb47d57,90f607d5b3838c07_4aa9fc18-537e-48cd-b756-57482983eb95,0220,1289.261,1496.546
d2d16ea9-8b31-4025-b47f-06d11fb47d57,90f607d5b3838c07_4aa9fc18-537e-48cd-b756-57482983eb95,0225,1288.988,1509.616
d2d16ea9-8b31-4025-b47f-06d11fb47d57,90f607d5b3838c07_4aa9fc18-537e-48cd-b756-57482983eb95,0230,1288.131,1516.344
d2d16ea9-8b31-4025-b47f-06d11fb47d57,90f607d5b3838c07_4aa9fc18-537e-48cd-b756-57482983eb95,0235,1288.119,1487.475
d2d16ea9-8b31-4025-b47f-06d11fb47d57,90f607d5b3838c07_4aa9fc18-537e-48cd-b756-57482983eb95,0240,1290.167,1518.786
d2d16ea9-8b31-4025-b47f-06d11fb47d57,90f607d5b3838c07_4aa9fc18-537e-48cd-b756-57482983eb95,0245,1289.44,1495.531
d2d16ea9-8b31-4025-b47f-06d11fb47d57,90f607d5b3838c07_4aa9fc18-537e-48cd-b756-57482983eb95,0250,1288.975,1481.942
d2d16ea9-8b31-4025-b47f-06d11fb47d57,90f607d5b3838c07_4aa9fc18-537e-48cd-b756-57482983eb95,0255,1288.637,1520.18
d2d16ea9-8b31-4025-b47f-06d11fb47d57,90f607d5b3838c07_4aa9fc18-537e-48cd-b756-57482983eb95,0260,1287.36,1511.045
d2d16ea9-8b31-4025-b47f-06d11fb47d57,90f607d5b3838c07_4aa9fc18-537e-48cd-b756-57482983eb95,0265,1289.331,1491.617
d2d16ea9-8b31-4025-b47f-06d11fb47d57,90f607d5b3838c07_4aa9fc18-537e-48cd-b756-57482983eb95,0270,1287.528,1502.132
d2d16ea9-8b31-4025-b47f-06d11fb47d57,90f607d5b3838c07_4aa9fc18-537e-48cd-b756-57482983eb95,0275,1289.226,1482.233
d2d16ea9-8b31-4025-b47f-06d11fb47d57,90f607d5b3838c07_4aa9fc18-537e-48cd-b756-57482983eb95,0280,1287.363,1519.373
d2d16ea9-8b31-4025-b47f-06d11fb47d57,90f607d5b3838c07_4aa9fc18-537e-48cd-b756-57482983eb95,0285,1288.508,1506.188
d2d16ea9-8b31-4025-b47f-06d11fb47d57,90f607d5b3838c07_4aa9fc18-537e-48cd-b756-57482983eb95,0290,1288.517,1503.208
d2d16ea9-8b31-4025-b47f-06d11fb47d57,90f607d5b3838c07_4aa9fc18-537e-48cd-b756-57482983eb95,0295,1287.795,1485.111
d2d16ea9-8b31-4025-b47f-06d11fb47d57,90f607d5b3838c07_4aa9fc18-537e-48cd-b756-57482983eb95,0300,1289.302,1500.457
d2d16ea9-8b31-4025-b47f-06d11fb47d57,90f607d5b3838c07_4aa9fc18-537e-48cd-b756-57482983eb95,0305,1288.191,1489.707
d2d16ea9-8b31-4025-b47f-06d11fb47d57,90f607d5b3838c07_4aa9fc18-537e-48cd-b756-57482983eb95,0310,1288.527,1489.024
d2d16ea9-8b31-4025-b47f-06d11fb47d57,90f607d5b3838c07_4aa9fc18-537e-48cd-b756-57482983eb95,0315,1289.835,1502.953
d2d16ea9-8b31-4025-b47f-06d11fb47d57,90f607d5b3838c07_4aa9fc18-537e-48cd-b756-57482983eb95,0320,1289.524,1521.637
d2d16ea9-8b31-4025-b47f-06d11fb47d57,90f607d5b3838c07_4aa9fc18-537e-48cd-b756-57482983eb95,0325,1289.247,1511.144
d2d16ea9-8b31-4025-b47f-06d11fb47d57,90f607d5b3838c07_4aa9fc18-537e-48cd-b756-57482983eb95,0330,1288.879,1526.549
d2d16ea9-8b31-4025-b47f-06d11fb47d57,90f607d5b3838c07_4aa9fc18-537e-48cd-b756-57482983eb95,0335,1289.125,1494.652
d2d16ea9-8b31-4025-b47f-06d11fb47d57,90f607d5b3838c07_4aa9fc18-537e-48cd-b756-57482983eb95,0340,1290.423,1498.501
d2d16ea9-8b31-4025-b47f-06d11fb47d57,90f607d5b3838c07_4aa9fc18-537e-48cd-b756-57482983eb95,0345,1288.055,1519.355
d2d16ea9-8b31-4025-b47f-06d11fb47d57,90f607d5b3838c07_4aa9fc18-537e-48cd-b756-57482983eb95,0350,1288.844,1489.276
d2d16ea9-8b31-4025-b47f-06d11fb47d57,90f607d5b3838c07_4aa9fc18-537e-48cd-b756-57482983eb95,0355,1290.215,1473.997
d2d16ea9-8b31-4025-b47f-06d11fb47d57,90f607d5b3838c07_4aa9fc18-537e-48cd-b756-57482983eb95,0360,1289.481,1501.566
d2d16ea9-8b31-4025-b47f-06d11fb47d57,90f607d5b3838c07_4aa9fc18-537e-48cd-b756-57482983eb95,0365,1289.514,1497.823
d2d16ea9-8b31-4025-b47f-06d11fb47d57,90f607d5b3838c07_4aa9fc18-537e-48cd-b756-57482983eb95,0370,1288.621,1509.912
d2d16ea9-8b31-4025-b47f-06d11fb47d57,90f607d5b3838c07_4aa9fc18-537e-48cd-b756-57482983eb95,0375,1289.221,1472.753
d2d16ea9-8b31-4025-b47f-06d11fb47d57,90f607d5b3838c07_4aa9fc18-537e-48cd-b756-57482983eb95,0380,1288.767,1500.29
d2d16ea9-8b31-4025-b47f-06d11fb47d57,90f607d5b3838c07_4aa9fc18-537e-48cd-b756-57482983eb95,0385,1289.983,1510.012
d2d16ea9-8b31-4025-b47f-06d11fb47d57,90f607d5b3838c07_4aa9fc18-537e-48cd-b756-57482983eb95,0390,1288.71,1517.696
d2d16ea9-8b31-4025-b47f-06d11fb47d57,90f607d5b3838c07_4aa9fc18-537e-48cd-b756-57482983eb95,0395,1288.986,1464.385
d2d16ea9-8b31-4025-b47f-06d11fb47d57,90f607d5b3838c07_4aa9fc18-537e-48cd-b756-57482983eb95,0400,1288.537,1500.694
d2d16ea9-8b31-4025-b47f-06d11fb47d57,90f607d5b3838c07_4aa9fc18-537e-48cd-b756-57482983eb95,0405,1288.717,1488.392
d2d16ea9-8b31-4025-b47f-06d11fb47d57,90f607d5b3838c07_4aa9fc18-537e-48cd-b756-57482983eb95,0410,1288.269,1496.526
d2d16ea9-8b31-4025-b47f-06d11fb47d57,90f607d5b3838c07_4aa9fc18-537e-48cd-b756-57482983eb95,0415,1288.683,1504.648
d2d16ea9-8b31-4025-b47f-06d11fb47d57,90f607d5b3838c07_4aa9fc18-537e-48cd-b756-57482983eb95,0420,1287.67,1502.463
d2d16ea9-8b31-4025-b47f-06d11fb47d57,90f607d5b3838c07_4aa9fc18-537e-48cd-b756-57482983eb95,0425,1288.163,1510.565
d2d16ea9-8b31-4025-b47f-06d11fb47d57,90f607d5b3838c07_4aa9fc18-537e-48cd-b756-57482983eb95,0430,1288.155,1503.28
d2d16ea9-8b31-4025-b47f-06d11fb47d57,90f607d5b3838c07_4aa9fc18-537e-48cd-b756-57482983eb95,0435,1288.726,1491.683
d2d16ea9-8b31-4025-b47f-06d11fb47d57,90f607d5b3838c07_4aa9fc18-537e-48cd-b756-57482983eb95,0440,1286.984,1501.201
d2d16ea9-8b31-4025-b47f-06d11fb47d57,90f607d5b3838c07_4aa9fc18-537e-48cd-b756-57482983eb95,0445,1289.06,1502.465
d2d16ea9-8b31-4025-b47f-06d11fb47d57,90f607d5b3838c07_4aa9fc18-537e-48cd-b756-57482983eb95,0450,1287.431,1515.079
d2d16ea9-8b31-4025-b47f-06d11fb47d57,90f607d5b3838c07_4aa9fc18-537e-48cd-b756-57482983eb95,0455,1289.971,1495.303
d2d16ea9-8b31-4025-b47f-06d11fb47d57,90f607d5b3838c07_4aa9fc18-537e-48cd-b756-57482983eb95,0460,1287.583,1490.49
d2d16ea9-8b31-4025-b47f-06d11fb47d57,90f607d5b3838c07_4aa9fc18-537e-48cd-b756-57482983eb95,0465,1288.09,1503.506
d2d16ea9-8b31-4025-b47f-06d11fb47d57,90f607d5b3838c07_4aa9fc18-537e-48cd-b756-57482983eb95,0470,1287.09,1505.47
d2d16ea9-8b31-4025-b47f-06d11fb47d57,90f607d5b3838c07_4aa9fc18-537e-48cd-b756-57482983eb95,0475,1287.708,1526.567
d2d16ea9-8b31-4025-b47f-06d11fb47d57,90f607d5b3838c07_4aa9fc18-537e-48cd-b756-57482983eb95,0480,1289.053,1517.716
d2d16ea9-8b31-4025-b47f-06d11fb47d57,90f607d5b3838c07_4aa9fc18-537e-48cd-b756-57482983eb95,0485,1288.512,1485.031
d2d16ea9-8b31-4025-b47f-06d11fb47d57,90f607d5b3838c07_4aa9fc18-537e-48cd-b756-57482983eb95,0490,1289.512,1506.698
d2d16ea9-8b31-4025-b47f-06d11fb47d57,90f607d5b3838c07_4aa9fc18-537e-48cd-b756-57482983eb95,0495,1291.141,1527.092
d2d16ea9-8b31-4025-b47f-06d11fb47d57,90f607d5b3838c07_4aa9fc18-537e-48cd-b756-57482983eb95,0500,1290.051,1506.436
d2d16ea9-8b31-4025-b47f-06d11fb47d57,90f607d5b3838c07_4aa9fc18-537e-48cd-b756-57482983eb95,0505,1287.738,1496.617
d2d16ea9-8b31-4025-b47f-06d11fb47d57,90f607d5b3838c07_4aa9fc18-537e-48cd-b756-57482983eb95,0510,1289.392,1490.54
d2d16ea9-8b31-4025-b47f-06d11fb47d57,90f607d5b3838c07_4aa9fc18-537e-48cd-b756-57482983eb95,0515,1289.904,1489.468
d2d16ea9-8b31-4025-b47f-06d11fb47d57,90f607d5b3838c07_4aa9fc18-537e-48cd-b756-57482983eb95,0520,1288.589,1522.146
d2d16ea9-8b31-4025-b47f-06d11fb47d57,90f607d5b3838c07_4aa9fc18-537e-48cd-b756-57482983eb95,0525,1289.104,1510.074
d2d16ea9-8b31-4025-b47f-06d11fb47d57,90f607d5b3838c07_4aa9fc18-537e-48cd-b756-57482983eb95,0530,1287.756,1524.973
d2d16ea9-8b31-4025-b47f-06d11fb47d57,90f607d5b3838c07_4aa9fc18-537e-48cd-b756-57482983eb95,0535,1289.217,1501.782
d2d16ea9-8b31-4025-b47f-06d11fb47d57,90f607d5b3838c07_4aa9fc18-537e-48cd-b756-57482983eb95,0540,1290.033,1529.22
d2d16ea9-8b31-4025-b47f-06d11fb47d57,90f607d5b3838c07_4aa9fc18-537e-48cd-b756-57482983eb95,0545,1289.909,1508.617
d2d16ea9-8b31-4025-b47f-06d11fb47d57,90f607d5b3838c07_4aa9fc18-537e-48cd-b756-57482983eb95,0550,1289.086,1520.923
d2d16ea9-8b31-4025-b47f-06d11fb47d57,90f607d5b3838c07_4aa9fc18-537e-48cd-b756-57482983eb95,0555,1288.64,1496.068
d2d16ea9-8b31-4025-b47f-06d11fb47d57,90f607d5b3838c07_4aa9fc18-537e-48cd-b756-57482983eb95,0560,1288.941,1501.893
d2d16ea9-8b31-4025-b47f-06d11fb47d57,90f607d5b3838c07_4aa9fc18-537e-48cd-b756-57482983eb95,0565,1288.938,1526.569
d2d16ea9-8b31-4025-b47f-06d11fb47d57,90f607d5b3838c07_4aa9fc18-537e-48cd-b756-57482983eb95,0570,1288.971,1490.618
d2d16ea9-8b31-4025-b47f-06d11fb47d57,90f607d5b3838c07_4aa9fc18-537e-48cd-b756-57482983eb95,0575,1288.256,1478.915
d2d16ea9-8b31-4025-b47f-06d11fb47d57,90f607d5b3838c07_4aa9fc18-537e-48cd-b756-57482983eb95,0580,1291.341,1505.504
d2d16ea9-8b31-4025-b47f-06d11fb47d57,90f607d5b3838c07_4aa9fc18-537e-48cd-b756-57482983eb95,0585,1289.058,1508.886
d2d16ea9-8b31-4025-b47f-06d11fb47d57,90f607d5b3838c07_4aa9fc18-537e-48cd-b756-57482983eb95,0590,1288.227,1496.973
d2d16ea9-8b31-4025-b47f-06d11fb47d57,90f607d5b3838c07_4aa9fc18-537e-48cd-b756-57482983eb95,0595,1288.739,1484.922
d2d16ea9-8b31-4025-b47f-06d11fb47d57,90f607d5b3838c07_4aa9fc18-537e-48cd-b756-57482983eb95,0600,1289.716,1497.531
d2d16ea9-8b31-4025-b47f-06d11fb47d57,90f607d5b3838c07_4aa9fc18-537e-48cd-b756-57482983eb95,0605,1287.931,1497.908
d2d16ea9-8b31-4025-b47f-06d11fb47d57,90f607d5b3838c07_4aa9fc18-537e-48cd-b756-57482983eb95,0610,1288.899,1504.426
d2d16ea9-8b31-4025-b47f-06d11fb47d57,90f607d5b3838c07_4aa9fc18-537e-48cd-b756-57482983eb95,0615,1289.368,1514.734
d2d16ea9-8b31-4025-b47f-06d11fb47d57,90f607d5b3838c07_4aa9fc18-537e-48cd-b756-57482983eb95,0620,1288.209,1502.166
d2d16ea9-8b31-4025-b47f-06d11fb47d57,90f607d5b3838c07_4aa9fc18-537e-48cd-b756-57482983eb95,0625,1289.029,1478.896
d2d16ea9-8b31-4025-b47f-06d11fb47d57,90f607d5b3838c07_4aa9fc18-537e-48cd-b756-57482983eb95,0630,1287.693,1534.586
d2d16ea9-8b31-4025-b47f-06d11fb47d57,90f607d5b3838c07_4aa9fc18-537e-48cd-b756-57482983eb95,0635,1289.184,1515.355
d2d16ea9-8b31-4025-b47f-06d11fb47d57,90f607d5b3838c07_4aa9fc18-537e-48cd-b756-57482983eb95,0640,1289.146,1527.668
d2d16ea9-8b31-4025-b47f-06d11fb47d57,90f607d5b3838c07_4aa9fc18-537e-48cd-b756-57482983eb95,0645,1289.813,1505.838
d2d16ea9-8b31-4025-b47f-06d11fb47d57,90f607d5b3838c07_4aa9fc18-537e-48cd-b756-57482983eb95,0650,1289.051,1498.368
d2d16ea9-8b31-4025-b47f-06d11fb47d57,90f607d5b3838c07_4aa9fc18-537e-48cd-b756-57482983eb95,0655,1288.751,1503.629
d2d16ea9-8b31-4025-b47f-06d11fb47d57,90f607d5b3838c07_4aa9fc18-537e-48cd-b756-57482983eb95,0660,1288.623,1502.172
d2d16ea9-8b31-4025-b47f-06d11fb47d57,90f607d5b3838c07_4aa9fc18-537e-48cd-b756-57482983eb95,0665,1288.611,1502.129
d2d16ea9-8b31-4025-b47f-06d11fb47d57,90f607d5b3838c07_4aa9fc18-537e-48cd-b756-57482983eb95,0670,1290.254,1509.306
d2d16ea9-8b31-4025-b47f-06d11fb47d57,90f607d5b3838c07_4aa9fc18-537e-48cd-b756-57482983eb95,0675,1288.938,1498.145
d2d16ea9-8b31-4025-b47f-06d11fb47d57,90f607d5b3838c07_4aa9fc18-537e-48cd-b756-57482983eb95,0680,1288.837,1505.278
d2d16ea9-8b31-4025-b47f-06d11fb47d57,90f607d5b3838c07_4aa9fc18-537e-48cd-b756-57482983eb95,0685,1287.457,1495.195
d2d16ea9-8b31-4025-b47f-06d11fb47d57,90f607d5b3838c07_4aa9fc18-537e-48cd-b756-57482983eb95,0690,1288.884,1488.1
d2d16ea9-8b31-4025-b47f-06d11fb47d57,90f607d5b3838c07_4aa9fc18-537e-48cd-b756-57482983eb95,0695,1288.315,1497.898
d2d16ea9-8b31-4025-b47f-06d11fb47d57,90f607d5b3838c07_4aa9fc18-537e-48cd-b756-57482983eb95,0700,1289.022,1507.005
d2d16ea9-8b31-4025-b47f-06d11fb47d57,90f607d5b3838c07_4aa9fc18-537e-48cd-b756-57482983eb95,0705,1289.387,1503.861
d2d16ea9-8b31-4025-b47f-06d11fb47d57,90f607d5b3838c07_4aa9fc18-537e-48cd-b756-57482983eb95,0710,1290.032,1505.76
d2d16ea9-8b31-4025-b47f-06d11fb47d57,90f607d5b3838c07_4aa9fc18-537e-48cd-b756-57482983eb95,0715,1289.897,1517.965
d2d16ea9-8b31-4025-b47f-06d11fb47d57,90f607d5b3838c07_4aa9fc18-537e-48cd-b756-57482983eb95,0720,1288.821,1503.329
d2d16ea9-8b31-4025-b47f-06d11fb47d57,90f607d5b3838c07_4aa9fc18-537e-48cd-b756-57482983eb95,0725,1287.893,1499.379
d2d16ea9-8b31-4025-b47f-06d11fb47d57,90f607d5b3838c07_4aa9fc18-537e-48cd-b756-57482983eb95,0730,1287.716,1505.955
d2d16ea9-8b31-4025-b47f-06d11fb47d57,90f607d5b3838c07_4aa9fc18-537e-48cd-b756-57482983eb95,0735,1289.937,1518.137
d2d16ea9-8b31-4025-b47f-06d11fb47d57,90f607d5b3838c07_4aa9fc18-537e-48cd-b756-57482983eb95,0740,1288.958,1523.145
d2d16ea9-8b31-4025-b47f-06d11fb47d57,90f607d5b3838c07_4aa9fc18-537e-48cd-b756-57482983eb95,0745,1289.107,1506.02
d2d16ea9-8b31-4025-b47f-06d11fb47d57,90f607d5b3838c07_4aa9fc18-537e-48cd-b756-57482983eb95,0750,1288.038,1516.94
d2d16ea9-8b31-4025-b47f-06d11fb47d57,90f607d5b3838c07_4aa9fc18-537e-48cd-b756-57482983eb95,0755,1289.307,1502.317
d2d16ea9-8b31-4025-b47f-06d11fb47d57,90f607d5b3838c07_4aa9fc18-537e-48cd-b756-57482983eb95,0760,1288.949,1533.038
d2d16ea9-8b31-4025-b47f-06d11fb47d57,90f607d5b3838c07_4aa9fc18-537e-48cd-b756-57482983eb95,0765,1289.06,1492.943
d2d16ea9-8b31-4025-b47f-06d11fb47d57,90f607d5b3838c07_4aa9fc18-537e-48cd-b756-57482983eb95,0770,1290.877,1515.571
d2d16ea9-8b31-4025-b47f-06d11fb47d57,90f607d5b3838c07_4aa9fc18-537e-48cd-b756-57482983eb95,0775,1289.267,1508.299
d2d16ea9-8b31-4025-b47f-06d11fb47d57,90f607d5b3838c07_4aa9fc18-537e-48cd-b756-57482983eb95,0780,1290.554,1510.509
d2d16ea9-8b31-4025-b47f-06d11fb47d57,90f607d5b3838c07_4aa9fc18-537e-48cd-b756-57482983eb95,0785,1292.168,1510.697
d2d16ea9-8b31-4025-b47f-06d11fb47d57,90f607d5b3838c07_4aa9fc18-537e-48cd-b756-57482983eb95,0790,1289.939,1496.953
d2d16ea9-8b31-4025-b47f-06d11fb47d57,90f607d5b3838c07_4aa9fc18-537e-48cd-b756-57482983eb95,0795,1288.702,1503.04
d2d16ea9-8b31-4025-b47f-06d11fb47d57,90f607d5b3838c07_4aa9fc18-537e-48cd-b756-57482983eb95,0800,1289.049,1527.139
d2d16ea9-8b31-4025-b47f-06d11fb47d57,90f607d5b3838c07_4aa9fc18-537e-48cd-b756-57482983eb95,0805,1287.308,1487.552
d2d16ea9-8b31-4025-b47f-06d11fb47d57,90f607d5b3838c07_4aa9fc18-537e-48cd-b756-57482983eb95,0810,1288.178,1493.588
d2d16ea9-8b31-4025-b47f-06d11fb47d57,90f607d5b3838c07_4aa9fc18-537e-48cd-b756-57482983eb95,0815,1291.525,1508.977
d2d16ea9-8b31-4025-b47f-06d11fb47d57,90f607d5b3838c07_4aa9fc18-537e-48cd-b756-57482983eb95,0820,1288.635,1512.29
d2d16ea9-8b31-4025-b47f-06d11fb47d57,90f607d5b3838c07_4aa9fc18-537e-48cd-b756-57482983eb95,0825,1288.174,1500.668
d2d16ea9-8b31-4025-b47f-06d11fb47d57,90f607d5b3838c07_4aa9fc18-537e-48cd-b756-57482983eb95,0830,1288.786,1491.993
d2d16ea9-8b31-4025-b47f-06d11fb47d57,90f607d5b3838c07_4aa9fc18-537e-48cd-b756-57482983eb95,0835,1287.939,1502.224
d2d16ea9-8b31-4025-b47f-06d11fb47d57,90f607d5b3838c07_4aa9fc18-537e-48cd-b756-57482983eb95,0840,1288.677,1487.626
d2d16ea9-8b31-4025-b47f-06d11fb47d57,90f607d5b3838c07_4aa9fc18-537e-48cd-b756-57482983eb95,0845,1288.558,1488.041
d2d16ea9-8b31-4025-b47f-06d11fb47d57,90f607d5b3838c07_4aa9fc18-537e-48cd-b756-57482983eb95,0850,1289.691,1516.623
d2d16ea9-8b31-4025-b47f-06d11fb47d57,90f607d5b3838c07_4aa9fc18-537e-48cd-b756-57482983eb95,0855,1288.853,1510.405
d2d16ea9-8b31-4025-b47f-06d11fb47d57,90f607d5b3838c07_4aa9fc18-537e-48cd-b756-57482983eb95,0860,1288.641,1487.695
d2d16ea9-8b31-4025-b47f-06d11fb47d57,90f607d5b3838c07_4aa9fc18-537e-48cd-b756-57482983eb95,0865,1287.765,1486.835
d2d16ea9-8b31-4025-b47f-06d11fb47d57,90f607d5b3838c07_4aa9fc18-537e-48cd-b756-57482983eb95,0870,1289.46,1501.986
d2d16ea9-8b31-4025-b47f-06d11fb47d57,90f607d5b3838c07_4aa9fc18-537e-48cd-b756-57482983eb95,0875,1288.129,1506.423
d2d16ea9-8b31-4025-b47f-06d11fb47d57,90f607d5b3838c07_4aa9fc18-537e-48cd-b756-57482983eb95,0880,1289.091,1524.485
d2d16ea9-8b31-4025-b47f-06d11fb47d57,90f607d5b3838c07_4aa9fc18-537e-48cd-b756-57482983eb95,0885,1289.612,1502.578
d2d16ea9-8b31-4025-b47f-06d11fb47d57,90f607d5b3838c07_4aa9fc18-537e-48cd-b756-57482983eb95,0890,1293.389,1510.569
d2d16ea9-8b31-4025-b47f-06d11fb47d57,90f607d5b3838c07_4aa9fc18-537e-48cd-b756-57482983eb95,0895,1289.983,1507.739
d2d16ea9-8b31-4025-b47f-06d11fb47d57,90f607d5b3838c07_4aa9fc18-537e-48cd-b756-57482983eb95,0900,1290.468,1505.662
d2d16ea9-8b31-4025-b47f-06d11fb47d57,90f607d5b3838c07_4aa9fc18-537e-48cd-b756-57482983eb95,0905,1289.978,1507.341
0789051d-c2c3-472d-ac01-57f17d8761c4,027f6d0ce122a990_ca3db7e5-a522-4ebd-be1e-267a67d25dcf,0005,1289.45,1562.555
0789051d-c2c3-472d-ac01-57f17d8761c4,027f6d0ce122a990_ca3db7e5-a522-4ebd-be1e-267a67d25dcf,0010,1289.167,1497.885
0789051d-c2c3-472d-ac01-57f17d8761c4,027f6d0ce122a990_ca3db7e5-a522-4ebd-be1e-267a67d25dcf,0015,1288.654,1483.87
0789051d-c2c3-472d-ac01-57f17d8761c4,027f6d0ce122a990_ca3db7e5-a522-4ebd-be1e-267a67d25dcf,0020,1290.473,1497.403
0789051d-c2c3-472d-ac01-57f17d8761c4,027f6d0ce122a990_ca3db7e5-a522-4ebd-be1e-267a67d25dcf,0025,1289.212,1492.704
0789051d-c2c3-472d-ac01-57f17d8761c4,027f6d0ce122a990_ca3db7e5-a522-4ebd-be1e-267a67d25dcf,0030,1287.425,1496.875
0789051d-c2c3-472d-ac01-57f17d8761c4,027f6d0ce122a990_ca3db7e5-a522-4ebd-be1e-267a67d25dcf,0035,1288.343,1501.263
0789051d-c2c3-472d-ac01-57f17d8761c4,027f6d0ce122a990_ca3db7e5-a522-4ebd-be1e-267a67d25dcf,0040,1289.374,1519.818
0789051d-c2c3-472d-ac01-57f17d8761c4,027f6d0ce122a990_ca3db7e5-a522-4ebd-be1e-267a67d25dcf,0045,1289.533,1473.981
0789051d-c2c3-472d-ac01-57f17d8761c4,027f6d0ce122a990_ca3db7e5-a522-4ebd-be1e-267a67d25dcf,0050,1290.249,1490.723
0789051d-c2c3-472d-ac01-57f17d8761c4,027f6d0ce122a990_ca3db7e5-a522-4ebd-be1e-267a67d25dcf,0055,1290.126,1468.225
0789051d-c2c3-472d-ac01-57f17d8761c4,027f6d0ce122a990_ca3db7e5-a522-4ebd-be1e-267a67d25dcf,0060,1288.858,1507.511
0789051d-c2c3-472d-ac01-57f17d8761c4,027f6d0ce122a990_ca3db7e5-a522-4ebd-be1e-267a67d25dcf,0065,1288.23,1489.671
0789051d-c2c3-472d-ac01-57f17d8761c4,027f6d0ce122a990_ca3db7e5-a522-4ebd-be1e-267a67d25dcf,0070,1287.694,1503.26
0789051d-c2c3-472d-ac01-57f17d8761c4,027f6d0ce122a990_ca3db7e5-a522-4ebd-be1e-267a67d25dcf,0075,1288.588,1496.305
0789051d-c2c3-472d-ac01-57f17d8761c4,027f6d0ce122a990_ca3db7e5-a522-4ebd-be1e-267a67d25dcf,0080,1287.974,1502.06
0789051d-c2c3-472d-ac01-57f17d8761c4,027f6d0ce122a990_ca3db7e5-a522-4ebd-be1e-267a67d25dcf,0085,1289.003,1505.231
0789051d-c2c3-472d-ac01-57f17d8761c4,027f6d0ce122a990_ca3db7e5-a522-4ebd-be1e-267a67d25dcf,0090,1288.32,1501.332
0789051d-c2c3-472d-ac01-57f17d8761c4,027f6d0ce122a990_ca3db7e5-a522-4ebd-be1e-267a67d25dcf,0095,1287.922,1493.9
0789051d-c2c3-472d-ac01-57f17d8761c4,027f6d0ce122a990_ca3db7e5-a522-4ebd-be1e-267a67d25dcf,0100,1289.698,1499.402
0789051d-c2c3-472d-ac01-57f17d8761c4,027f6d0ce122a990_ca3db7e5-a522-4ebd-be1e-267a67d25dcf,0105,1289.121,1487.632
0789051d-c2c3-472d-ac01-57f17d8761c4,027f6d0ce122a990_ca3db7e5-a522-4ebd-be1e-267a67d25dcf,0110,1288.985,1488.639
0789051d-c2c3-472d-ac01-57f17d8761c4,027f6d0ce122a990_ca3db7e5-a522-4ebd-be1e-267a67d25dcf,0115,1289.886,1515.807
0789051d-c2c3-472d-ac01-57f17d8761c4,027f6d0ce122a990_ca3db7e5-a522-4ebd-be1e-267a67d25dcf,0120,1287.375,1527.372
0789051d-c2c3-472d-ac01-57f17d8761c4,027f6d0ce122a990_ca3db7e5-a522-4ebd-be1e-267a67d25dcf,0125,1290.354,1479.322
0789051d-c2c3-472d-ac01-57f17d8761c4,027f6d0ce122a990_ca3db7e5-a522-4ebd-be1e-267a67d25dcf,0130,1289.786,1500.807
0789051d-c2c3-472d-ac01-57f17d8761c4,027f6d0ce122a990_ca3db7e5-a522-4ebd-be1e-267a67d25dcf,0135,1288.963,1510.258
0789051d-c2c3-472d-ac01-57f17d8761c4,027f6d0ce122a990_ca3db7e5-a522-4ebd-be1e-267a67d25dcf,0140,1288.982,1488.501
0789051d-c2c3-472d-ac01-57f17d8761c4,027f6d0ce122a990_ca3db7e5-a522-4ebd-be1e-267a67d25dcf,0145,1290.222,1489.547
0789051d-c2c3-472d-ac01-57f17d8761c4,027f6d0ce122a990_ca3db7e5-a522-4ebd-be1e-267a67d25dcf,0150,1289.527,1527.681
0789051d-c2c3-472d-ac01-57f17d8761c4,027f6d0ce122a990_ca3db7e5-a522-4ebd-be1e-267a67d25dcf,0155,1288.308,1488.304
0789051d-c2c3-472d-ac01-57f17d8761c4,027f6d0ce122a990_ca3db7e5-a522-4ebd-be1e-267a67d25dcf,0160,1288.011,1506.292
0789051d-c2c3-472d-ac01-57f17d8761c4,027f6d0ce122a990_ca3db7e5-a522-4ebd-be1e-267a67d25dcf,0165,1289.876,1488.48
0789051d-c2c3-472d-ac01-57f17d8761c4,027f6d0ce122a990_ca3db7e5-a522-4ebd-be1e-267a67d25dcf,0170,1289.407,1494.991
0789051d-c2c3-472d-ac01-57f17d8761c4,027f6d0ce122a990_ca3db7e5-a522-4ebd-be1e-267a67d25dcf,0175,1288.916,1514.057
0789051d-c2c3-472d-ac01-57f17d8761c4,027f6d0ce122a990_ca3db7e5-a522-4ebd-be1e-267a67d25dcf,0180,1287.454,1488.569
0789051d-c2c3-472d-ac01-57f17d8761c4,027f6d0ce122a990_ca3db7e5-a522-4ebd-be1e-267a67d25dcf,0185,1288.715,1495.752
0789051d-c2c3-472d-ac01-57f17d8761c4,027f6d0ce122a990_ca3db7e5-a522-4ebd-be1e-267a67d25dcf,0190,1289.337,1504.165
0789051d-c2c3-472d-ac01-57f17d8761c4,027f6d0ce122a990_ca3db7e5-a522-4ebd-be1e-267a67d25dcf,0195,1292.331,1505.569
0789051d-c2c3-472d-ac01-57f17d8761c4,027f6d0ce122a990_ca3db7e5-a522-4ebd-be1e-267a67d25dcf,0200,1289.543,1493.736
0789051d-c2c3-472d-ac01-57f17d8761c4,027f6d0ce122a990_ca3db7e5-a522-4ebd-be1e-267a67d25dcf,0205,1288.019,1512.511
0789051d-c2c3-472d-ac01-57f17d8761c4,027f6d0ce122a990_ca3db7e5-a522-4ebd-be1e-267a67d25dcf,0210,1287.561,1495.615
0789051d-c2c3-472d-ac01-57f17d8761c4,027f6d0ce122a990_ca3db7e5-a522-4ebd-be1e-267a67d25dcf,0215,1289.87,1495.393
0789051d-c2c3-472d-ac01-57f17d8761c4,027f6d0ce122a990_ca3db7e5-a522-4ebd-be1e-267a67d25dcf,0220,1288.931,1506.278
0789051d-c2c3-472d-ac01-57f17d8761c4,027f6d0ce122a990_ca3db7e5-a522-4ebd-be1e-267a67d25dcf,0225,1288.832,1502.35
0789051d-c2c3-472d-ac01-57f17d8761c4,027f6d0ce122a990_ca3db7e5-a522-4ebd-be1e-267a67d25dcf,0230,1289.947,1510.053
0789051d-c2c3-472d-ac01-57f17d8761c4,027f6d0ce122a990_ca3db7e5-a522-4ebd-be1e-267a67d25dcf,0235,1288.588,1502.236
0789051d-c2c3-472d-ac01-57f17d8761c4,027f6d0ce122a990_ca3db7e5-a522-4ebd-be1e-267a67d25dcf,0240,1289.745,1528.311
0789051d-c2c3-472d-ac01-57f17d8761c4,027f6d0ce122a990_ca3db7e5-a522-4ebd-be1e-267a67d25dcf,0245,1288.555,1488.076
0789051d-c2c3-472d-ac01-57f17d8761c4,027f6d0ce122a990_ca3db7e5-a522-4ebd-be1e-267a67d25dcf,0250,1288.494,1499.544
0789051d-c2c3-472d-ac01-57f17d8761c4,027f6d0ce122a990_ca3db7e5-a522-4ebd-be1e-267a67d25dcf,0255,1287.916,1468.33
0789051d-c2c3-472d-ac01-57f17d8761c4,027f6d0ce122a990_ca3db7e5-a522-4ebd-be1e-267a67d25dcf,0260,1289.404,1518.464
0789051d-c2c3-472d-ac01-57f17d8761c4,027f6d0ce122a990_ca3db7e5-a522-4ebd-be1e-267a67d25dcf,0265,1292.083,1476.816
0789051d-c2c3-472d-ac01-57f17d8761c4,027f6d0ce122a990_ca3db7e5-a522-4ebd-be1e-267a67d25dcf,0270,1288.306,1510.47
0789051d-c2c3-472d-ac01-57f17d8761c4,027f6d0ce122a990_ca3db7e5-a522-4ebd-be1e-267a67d25dcf,0275,1290.126,1489.586
0789051d-c2c3-472d-ac01-57f17d8761c4,027f6d0ce122a990_ca3db7e5-a522-4ebd-be1e-267a67d25dcf,0280,1288.535,1519.907
0789051d-c2c3-472d-ac01-57f17d8761c4,027f6d0ce122a990_ca3db7e5-a522-4ebd-be1e-267a67d25dcf,0285,1288.133,1478.314
0789051d-c2c3-472d-ac01-57f17d8761c4,027f6d0ce122a990_ca3db7e5-a522-4ebd-be1e-267a67d25dcf,0290,1288.702,1503.806
0789051d-c2c3-472d-ac01-57f17d8761c4,027f6d0ce122a990_ca3db7e5-a522-4ebd-be1e-267a67d25dcf,0295,1288.047,1501.858
0789051d-c2c3-472d-ac01-57f17d8761c4,027f6d0ce122a990_ca3db7e5-a522-4ebd-be1e-267a67d25dcf,0300,1287.949,1503.837
0789051d-c2c3-472d-ac01-57f17d8761c4,027f6d0ce122a990_ca3db7e5-a522-4ebd-be1e-267a67d25dcf,0305,1288.043,1491.717
0789051d-c2c3-472d-ac01-57f17d8761c4,027f6d0ce122a990_ca3db7e5-a522-4ebd-be1e-267a67d25dcf,0310,1288.729,1519.885
0789051d-c2c3-472d-ac01-57f17d8761c4,027f6d0ce122a990_ca3db7e5-a522-4ebd-be1e-267a67d25dcf,0315,1288.507,1508.538
0789051d-c2c3-472d-ac01-57f17d8761c4,027f6d0ce122a990_ca3db7e5-a522-4ebd-be1e-267a67d25dcf,0320,1289.24,1528.607
0789051d-c2c3-472d-ac01-57f17d8761c4,027f6d0ce122a990_ca3db7e5-a522-4ebd-be1e-267a67d25dcf,0325,1288.157,1502.025
0789051d-c2c3-472d-ac01-57f17d8761c4,027f6d0ce122a990_ca3db7e5-a522-4ebd-be1e-267a67d25dcf,0330,1290.075,1490.07
0789051d-c2c3-472d-ac01-57f17d8761c4,027f6d0ce122a990_ca3db7e5-a522-4ebd-be1e-267a67d25dcf,0335,1288.366,1498.332
0789051d-c2c3-472d-ac01-57f17d8761c4,027f6d0ce122a990_ca3db7e5-a522-4ebd-be1e-267a67d25dcf,0340,1289.556,1499.602
0789051d-c2c3-472d-ac01-57f17d8761c4,027f6d0ce122a990_ca3db7e5-a522-4ebd-be1e-267a67d25dcf,0345,1289.956,1512.421
0789051d-c2c3-472d-ac01-57f17d8761c4,027f6d0ce122a990_ca3db7e5-a522-4ebd-be1e-267a67d25dcf,0350,1290.371,1506.212
0789051d-c2c3-472d-ac01-57f17d8761c4,027f6d0ce122a990_ca3db7e5-a522-4ebd-be1e-267a67d25dcf,0355,1289.236,1503.775
0789051d-c2c3-472d-ac01-57f17d8761c4,027f6d0ce122a990_ca3db7e5-a522-4ebd-be1e-267a67d25dcf,0360,1288.904,1503.341
0789051d-c2c3-472d-ac01-57f17d8761c4,027f6d0ce122a990_ca3db7e5-a522-4ebd-be1e-267a67d25dcf,0365,1288.754,1496.716
0789051d-c2c3-472d-ac01-57f17d8761c4,027f6d0ce122a990_ca3db7e5-a522-4ebd-be1e-267a67d25dcf,0370,1288.351,1505.842
0789051d-c2c3-472d-ac01-57f17d8761c4,027f6d0ce122a990_ca3db7e5-a522-4ebd-be1e-267a67d25dcf,0375,1289.988,1529.323
0789051d-c2c3-472d-ac01-57f17d8761c4,027f6d0ce122a990_ca3db7e5-a522-4ebd-be1e-267a67d25dcf,0380,1288.797,1512.888
0789051d-c2c3-472d-ac01-57f17d8761c4,027f6d0ce122a990_ca3db7e5-a522-4ebd-be1e-267a67d25dcf,0385,1288.262,1467.703
0789051d-c2c3-472d-ac01-57f17d8761c4,027f6d0ce122a990_ca3db7e5-a522-4ebd-be1e-267a67d25dcf,0390,1288.684,1508.771
63d0193e-77b4-4a87-9a50-935054b3c7c3,2cc6fb21357b9412_354f2473-ace2-413e-bc0a-fd9bf7575496,0005,1289.452,1509.181
63d0193e-77b4-4a87-9a50-935054b3c7c3,2cc6fb21357b9412_354f2473-ace2-413e-bc0a-fd9bf7575496,0010,1289.255,1497.293
63d0193e-77b4-4a87-9a50-935054b3c7c3,2cc6fb21357b9412_354f2473-ace2-413e-bc0a-fd9bf7575496,0015,1289.256,1492.859
63d0193e-77b4-4a87-9a50-935054b3c7c3,2cc6fb21357b9412_354f2473-ace2-413e-bc0a-fd9bf7575496,0020,1289.352,1510.689
63d0193e-77b4-4a87-9a50-935054b3c7c3,2cc6fb21357b9412_354f2473-ace2-413e-bc0a-fd9bf7575496,0025,1289.091,1496.187
63d0193e-77b4-4a87-9a50-935054b3c7c3,2cc6fb21357b9412_354f2473-ace2-413e-bc0a-fd9bf7575496,0030,1288.312,1488.96
63d0193e-77b4-4a87-9a50-935054b3c7c3,2cc6fb21357b9412_354f2473-ace2-413e-bc0a-fd9bf7575496,0035,1289.983,1525.276
63d0193e-77b4-4a87-9a50-935054b3c7c3,2cc6fb21357b9412_354f2473-ace2-413e-bc0a-fd9bf7575496,0040,1291.243,1522.174
63d0193e-77b4-4a87-9a50-935054b3c7c3,2cc6fb21357b9412_354f2473-ace2-413e-bc0a-fd9bf7575496,0045,1289.001,1487.062
63d0193e-77b4-4a87-9a50-935054b3c7c3,2cc6fb21357b9412_354f2473-ace2-413e-bc0a-fd9bf7575496,0050,1289.545,1514.284
63d0193e-77b4-4a87-9a50-935054b3c7c3,2cc6fb21357b9412_354f2473-ace2-413e-bc0a-fd9bf7575496,0055,1290.441,1501.996
63d0193e-77b4-4a87-9a50-935054b3c7c3,2cc6fb21357b9412_354f2473-ace2-413e-bc0a-fd9bf7575496,0060,1291.204,1529.408
63d0193e-77b4-4a87-9a50-935054b3c7c3,2cc6fb21357b9412_354f2473-ace2-413e-bc0a-fd9bf7575496,0065,1290.588,1504.422
63d0193e-77b4-4a87-9a50-935054b3c7c3,2cc6fb21357b9412_354f2473-ace2-413e-bc0a-fd9bf7575496,0070,1291.609,1523.941
63d0193e-77b4-4a87-9a50-935054b3c7c3,2cc6fb21357b9412_354f2473-ace2-413e-bc0a-fd9bf7575496,0075,1290.234,1509.17
63d0193e-77b4-4a87-9a50-935054b3c7c3,2cc6fb21357b9412_354f2473-ace2-413e-bc0a-fd9bf7575496,0080,1289.213,1493.706
63d0193e-77b4-4a87-9a50-935054b3c7c3,2cc6fb21357b9412_354f2473-ace2-413e-bc0a-fd9bf7575496,0085,1290.543,1473.693
63d0193e-77b4-4a87-9a50-935054b3c7c3,2cc6fb21357b9412_354f2473-ace2-413e-bc0a-fd9bf7575496,0090,1291.586,1529.292
63d0193e-77b4-4a87-9a50-935054b3c7c3,2cc6fb21357b9412_354f2473-ace2-413e-bc0a-fd9bf7575496,0095,1290.22,1486.373
63d0193e-77b4-4a87-9a50-935054b3c7c3,2cc6fb21357b9412_354f2473-ace2-413e-bc0a-fd9bf7575496,0100,1293.681,1493.752
63d0193e-77b4-4a87-9a50-935054b3c7c3,2cc6fb21357b9412_354f2473-ace2-413e-bc0a-fd9bf7575496,0105,1291.967,1485.306
63d0193e-77b4-4a87-9a50-935054b3c7c3,2cc6fb21357b9412_354f2473-ace2-413e-bc0a-fd9bf7575496,0110,1290.998,1511.487
63d0193e-77b4-4a87-9a50-935054b3c7c3,2cc6fb21357b9412_354f2473-ace2-413e-bc0a-fd9bf7575496,0115,1290.315,1504.106
63d0193e-77b4-4a87-9a50-935054b3c7c3,2cc6fb21357b9412_354f2473-ace2-413e-bc0a-fd9bf7575496,0120,1288.566,1526.865
63d0193e-77b4-4a87-9a50-935054b3c7c3,2cc6fb21357b9412_354f2473-ace2-413e-bc0a-fd9bf7575496,0125,1288.423,1488.907
63d0193e-77b4-4a87-9a50-935054b3c7c3,2cc6fb21357b9412_354f2473-ace2-413e-bc0a-fd9bf7575496,0130,1290.335,1497.186
63d0193e-77b4-4a87-9a50-935054b3c7c3,2cc6fb21357b9412_354f2473-ace2-413e-bc0a-fd9bf7575496,0135,1288.881,1515.59
63d0193e-77b4-4a87-9a50-935054b3c7c3,2cc6fb21357b9412_354f2473-ace2-413e-bc0a-fd9bf7575496,0140,1289.16,1500.734
63d0193e-77b4-4a87-9a50-935054b3c7c3,2cc6fb21357b9412_354f2473-ace2-413e-bc0a-fd9bf7575496,0145,1289.89,1498.395
63d0193e-77b4-4a87-9a50-935054b3c7c3,2cc6fb21357b9412_354f2473-ace2-413e-bc0a-fd9bf7575496,0150,1290.298,1511.953
63d0193e-77b4-4a87-9a50-935054b3c7c3,2cc6fb21357b9412_354f2473-ace2-413e-bc0a-fd9bf7575496,0155,1287.781,1507.958
63d0193e-77b4-4a87-9a50-935054b3c7c3,2cc6fb21357b9412_354f2473-ace2-413e-bc0a-fd9bf7575496,0160,1289.9,1489.622
63d0193e-77b4-4a87-9a50-935054b3c7c3,2cc6fb21357b9412_354f2473-ace2-413e-bc0a-fd9bf7575496,0165,1289.215,1507.964
63d0193e-77b4-4a87-9a50-935054b3c7c3,2cc6fb21357b9412_354f2473-ace2-413e-bc0a-fd9bf7575496,0170,1290.023,1507.695
63d0193e-77b4-4a87-9a50-935054b3c7c3,2cc6fb21357b9412_354f2473-ace2-413e-bc0a-fd9bf7575496,0175,1288.72,1501.482
63d0193e-77b4-4a87-9a50-935054b3c7c3,2cc6fb21357b9412_354f2473-ace2-413e-bc0a-fd9bf7575496,0180,1289.066,1488.811
63d0193e-77b4-4a87-9a50-935054b3c7c3,2cc6fb21357b9412_354f2473-ace2-413e-bc0a-fd9bf7575496,0185,1288.44,1464.108
63d0193e-77b4-4a87-9a50-935054b3c7c3,2cc6fb21357b9412_354f2473-ace2-413e-bc0a-fd9bf7575496,0190,1290.902,1509.651
63d0193e-77b4-4a87-9a50-935054b3c7c3,2cc6fb21357b9412_354f2473-ace2-413e-bc0a-fd9bf7575496,0195,1288.676,1498.506
63d0193e-77b4-4a87-9a50-935054b3c7c3,2cc6fb21357b9412_354f2473-ace2-413e-bc0a-fd9bf7575496,0200,1288.192,1502.721
63d0193e-77b4-4a87-9a50-935054b3c7c3,2cc6fb21357b9412_354f2473-ace2-413e-bc0a-fd9bf7575496,0205,1289.261,1516.42
63d0193e-77b4-4a87-9a50-935054b3c7c3,2cc6fb21357b9412_354f2473-ace2-413e-bc0a-fd9bf7575496,0210,1289.004,1523.068
63d0193e-77b4-4a87-9a50-935054b3c7c3,2cc6fb21357b9412_354f2473-ace2-413e-bc0a-fd9bf7575496,0215,1288.7,1520.493
63d0193e-77b4-4a87-9a50-935054b3c7c3,2cc6fb21357b9412_354f2473-ace2-413e-bc0a-fd9bf7575496,0220,1289.032,1514.671
63d0193e-77b4-4a87-9a50-935054b3c7c3,2cc6fb21357b9412_354f2473-ace2-413e-bc0a-fd9bf7575496,0225,1287.878,1520.795
63d0193e-77b4-4a87-9a50-935054b3c7c3,2cc6fb21357b9412_354f2473-ace2-413e-bc0a-fd9bf7575496,0230,1289.385,1520.022
63d0193e-77b4-4a87-9a50-935054b3c7c3,2cc6fb21357b9412_354f2473-ace2-413e-bc0a-fd9bf7575496,0235,1290.861,1499.117
63d0193e-77b4-4a87-9a50-935054b3c7c3,2cc6fb21357b9412_354f2473-ace2-413e-bc0a-fd9bf7575496,0240,1288.723,1524.866
63d0193e-77b4-4a87-9a50-935054b3c7c3,2cc6fb21357b9412_354f2473-ace2-413e-bc0a-fd9bf7575496,0245,1288.953,1501.176
63d0193e-77b4-4a87-9a50-935054b3c7c3,2cc6fb21357b9412_354f2473-ace2-413e-bc0a-fd9bf7575496,0250,1288.882,1505.809
63d0193e-77b4-4a87-9a50-935054b3c7c3,2cc6fb21357b9412_354f2473-ace2-413e-bc0a-fd9bf7575496,0255,1287.651,1520.095
63d0193e-77b4-4a87-9a50-935054b3c7c3,2cc6fb21357b9412_354f2473-ace2-413e-bc0a-fd9bf7575496,0260,1289.431,1547.426
63d0193e-77b4-4a87-9a50-935054b3c7c3,2cc6fb21357b9412_354f2473-ace2-413e-bc0a-fd9bf7575496,0265,1288.054,1488.167
63d0193e-77b4-4a87-9a50-935054b3c7c3,2cc6fb21357b9412_354f2473-ace2-413e-bc0a-fd9bf7575496,0270,1288.28,1507.251
63d0193e-77b4-4a87-9a50-935054b3c7c3,2cc6fb21357b9412_354f2473-ace2-413e-bc0a-fd9bf7575496,0275,1287.721,1508.651
63d0193e-77b4-4a87-9a50-935054b3c7c3,2cc6fb21357b9412_354f2473-ace2-413e-bc0a-fd9bf7575496,0280,1288.353,1511.324
63d0193e-77b4-4a87-9a50-935054b3c7c3,2cc6fb21357b9412_354f2473-ace2-413e-bc0a-fd9bf7575496,0285,1289.043,1497.633
63d0193e-77b4-4a87-9a50-935054b3c7c3,2cc6fb21357b9412_354f2473-ace2-413e-bc0a-fd9bf7575496,0290,1288.639,1526.398
63d0193e-77b4-4a87-9a50-935054b3c7c3,2cc6fb21357b9412_354f2473-ace2-413e-bc0a-fd9bf7575496,0295,1287.712,1503.074
63d0193e-77b4-4a87-9a50-935054b3c7c3,2cc6fb21357b9412_354f2473-ace2-413e-bc0a-fd9bf7575496,0300,1288.137,1486.011
63d0193e-77b4-4a87-9a50-935054b3c7c3,2cc6fb21357b9412_354f2473-ace2-413e-bc0a-fd9bf7575496,0305,1287.714,1496.56
63d0193e-77b4-4a87-9a50-935054b3c7c3,2cc6fb21357b9412_354f2473-ace2-413e-bc0a-fd9bf7575496,0310,1288.042,1496.063
63d0193e-77b4-4a87-9a50-935054b3c7c3,2cc6fb21357b9412_354f2473-ace2-413e-bc0a-fd9bf7575496,0315,1287.636,1499.848
63d0193e-77b4-4a87-9a50-935054b3c7c3,2cc6fb21357b9412_354f2473-ace2-413e-bc0a-fd9bf7575496,0320,1289.929,1497.761
63d0193e-77b4-4a87-9a50-935054b3c7c3,2cc6fb21357b9412_354f2473-ace2-413e-bc0a-fd9bf7575496,0325,1287.278,1507.801
63d0193e-77b4-4a87-9a50-935054b3c7c3,2cc6fb21357b9412_354f2473-ace2-413e-bc0a-fd9bf7575496,0330,1289.029,1508.651
63d0193e-77b4-4a87-9a50-935054b3c7c3,2cc6fb21357b9412_354f2473-ace2-413e-bc0a-fd9bf7575496,0335,1289.221,1487.07
63d0193e-77b4-4a87-9a50-935054b3c7c3,2cc6fb21357b9412_354f2473-ace2-413e-bc0a-fd9bf7575496,0340,1287.407,1487.721
63d0193e-77b4-4a87-9a50-935054b3c7c3,2cc6fb21357b9412_354f2473-ace2-413e-bc0a-fd9bf7575496,0345,1288.185,1513.853
63d0193e-77b4-4a87-9a50-935054b3c7c3,2cc6fb21357b9412_354f2473-ace2-413e-bc0a-fd9bf7575496,0350,1288.833,1502.582
63d0193e-77b4-4a87-9a50-935054b3c7c3,2cc6fb21357b9412_354f2473-ace2-413e-bc0a-fd9bf7575496,0355,1288.316,1507.29
63d0193e-77b4-4a87-9a50-935054b3c7c3,2cc6fb21357b9412_354f2473-ace2-413e-bc0a-fd9bf7575496,0360,1288.986,1513.882
63d0193e-77b4-4a87-9a50-935054b3c7c3,2cc6fb21357b9412_354f2473-ace2-413e-bc0a-fd9bf7575496,0365,1288.518,1504.994
63d0193e-77b4-4a87-9a50-935054b3c7c3,2cc6fb21357b9412_354f2473-ace2-413e-bc0a-fd9bf7575496,0370,1288.801,1489.593
63d0193e-77b4-4a87-9a50-935054b3c7c3,2cc6fb21357b9412_354f2473-ace2-413e-bc0a-fd9bf7575496,0375,1288.583,1522.575
63d0193e-77b4-4a87-9a50-935054b3c7c3,2cc6fb21357b9412_354f2473-ace2-413e-bc0a-fd9bf7575496,0380,1289.664,1530.056
63d0193e-77b4-4a87-9a50-935054b3c7c3,2cc6fb21357b9412_354f2473-ace2-413e-bc0a-fd9bf7575496,0385,1290.141,1529.612
63d0193e-77b4-4a87-9a50-935054b3c7c3,2cc6fb21357b9412_354f2473-ace2-413e-bc0a-fd9bf7575496,0390,1288.819,1514.18
63d0193e-77b4-4a87-9a50-935054b3c7c3,2cc6fb21357b9412_354f2473-ace2-413e-bc0a-fd9bf7575496,0395,1289.632,1509.084
63d0193e-77b4-4a87-9a50-935054b3c7c3,2cc6fb21357b9412_354f2473-ace2-413e-bc0a-fd9bf7575496,0400,1290.764,1498.349
63d0193e-77b4-4a87-9a50-935054b3c7c3,2cc6fb21357b9412_354f2473-ace2-413e-bc0a-fd9bf7575496,0405,1291.445,1517.286
63d0193e-77b4-4a87-9a50-935054b3c7c3,2cc6fb21357b9412_354f2473-ace2-413e-bc0a-fd9bf7575496,0410,1290.108,1520.356
63d0193e-77b4-4a87-9a50-935054b3c7c3,2cc6fb21357b9412_354f2473-ace2-413e-bc0a-fd9bf7575496,0415,1289.437,1499.76
63d0193e-77b4-4a87-9a50-935054b3c7c3,2cc6fb21357b9412_354f2473-ace2-413e-bc0a-fd9bf7575496,0420,1286.977,1514.265
63d0193e-77b4-4a87-9a50-935054b3c7c3,2cc6fb21357b9412_354f2473-ace2-413e-bc0a-fd9bf7575496,0425,1287.978,1503.128
63d0193e-77b4-4a87-9a50-935054b3c7c3,2cc6fb21357b9412_354f2473-ace2-413e-bc0a-fd9bf7575496,0430,1288.043,1493.152
63d0193e-77b4-4a87-9a50-935054b3c7c3,2cc6fb21357b9412_354f2473-ace2-413e-bc0a-fd9bf7575496,0435,1288.649,1512.403
63d0193e-77b4-4a87-9a50-935054b3c7c3,2cc6fb21357b9412_354f2473-ace2-413e-bc0a-fd9bf7575496,0440,1288.892,1498.593
63d0193e-77b4-4a87-9a50-935054b3c7c3,2cc6fb21357b9412_354f2473-ace2-413e-bc0a-fd9bf7575496,0445,1288.382,1510.672
63d0193e-77b4-4a87-9a50-935054b3c7c3,2cc6fb21357b9412_354f2473-ace2-413e-bc0a-fd9bf7575496,0450,1287.908,1479.137
63d0193e-77b4-4a87-9a50-935054b3c7c3,2cc6fb21357b9412_354f2473-ace2-413e-bc0a-fd9bf7575496,0455,1287.61,1506.446
63d0193e-77b4-4a87-9a50-935054b3c7c3,2cc6fb21357b9412_354f2473-ace2-413e-bc0a-fd9bf7575496,0460,1286.39,1485.14
63d0193e-77b4-4a87-9a50-935054b3c7c3,2cc6fb21357b9412_354f2473-ace2-413e-bc0a-fd9bf7575496,0465,1289.035,1504.823
63d0193e-77b4-4a87-9a50-935054b3c7c3,2cc6fb21357b9412_354f2473-ace2-413e-bc0a-fd9bf7575496,0470,1286.54,1498.026
63d0193e-77b4-4a87-9a50-935054b3c7c3,2cc6fb21357b9412_354f2473-ace2-413e-bc0a-fd9bf7575496,0475,1288.799,1501.352
63d0193e-77b4-4a87-9a50-935054b3c7c3,2cc6fb21357b9412_354f2473-ace2-413e-bc0a-fd9bf7575496,0480,1289.872,1515.753
63d0193e-77b4-4a87-9a50-935054b3c7c3,2cc6fb21357b9412_354f2473-ace2-413e-bc0a-fd9bf7575496,0485,1288.245,1517.694
63d0193e-77b4-4a87-9a50-935054b3c7c3,2cc6fb21357b9412_354f2473-ace2-413e-bc0a-fd9bf7575496,0490,1289.516,1491.393
63d0193e-77b4-4a87-9a50-935054b3c7c3,2cc6fb21357b9412_354f2473-ace2-413e-bc0a-fd9bf7575496,0495,1290.23,1521.769
63d0193e-77b4-4a87-9a50-935054b3c7c3,2cc6fb21357b9412_354f2473-ace2-413e-bc0a-fd9bf7575496,0500,1287.879,1506.081
63d0193e-77b4-4a87-9a50-935054b3c7c3,2cc6fb21357b9412_354f2473-ace2-413e-bc0a-fd9bf7575496,0505,1289.983,1505.44
63d0193e-77b4-4a87-9a50-935054b3c7c3,2cc6fb21357b9412_354f2473-ace2-413e-bc0a-fd9bf7575496,0510,1288.083,1485.842
63d0193e-77b4-4a87-9a50-935054b3c7c3,2cc6fb21357b9412_354f2473-ace2-413e-bc0a-fd9bf7575496,0515,1289.072,1500.39
63d0193e-77b4-4a87-9a50-935054b3c7c3,2cc6fb21357b9412_354f2473-ace2-413e-bc0a-fd9bf7575496,0520,1288.158,1493.231
63d0193e-77b4-4a87-9a50-935054b3c7c3,2cc6fb21357b9412_354f2473-ace2-413e-bc0a-fd9bf7575496,0525,1291.216,1496.005
63d0193e-77b4-4a87-9a50-935054b3c7c3,2cc6fb21357b9412_354f2473-ace2-413e-bc0a-fd9bf7575496,0530,1290.854,1506.13
63d0193e-77b4-4a87-9a50-935054b3c7c3,2cc6fb21357b9412_354f2473-ace2-413e-bc0a-fd9bf7575496,0535,1288.874,1522.645
63d0193e-77b4-4a87-9a50-935054b3c7c3,2cc6fb21357b9412_354f2473-ace2-413e-bc0a-fd9bf7575496,0540,1288.946,1497.521
63d0193e-77b4-4a87-9a50-935054b3c7c3,2cc6fb21357b9412_354f2473-ace2-413e-bc0a-fd9bf7575496,0545,1288.775,1492.273
63d0193e-77b4-4a87-9a50-935054b3c7c3,2cc6fb21357b9412_354f2473-ace2-413e-bc0a-fd9bf7575496,0550,1287.89,1472.988
63d0193e-77b4-4a87-9a50-935054b3c7c3,2cc6fb21357b9412_354f2473-ace2-413e-bc0a-fd9bf7575496,0555,1289.605,1506.662
63d0193e-77b4-4a87-9a50-935054b3c7c3,2cc6fb21357b9412_354f2473-ace2-413e-bc0a-fd9bf7575496,0560,1289.149,1497.453
63d0193e-77b4-4a87-9a50-935054b3c7c3,2cc6fb21357b9412_354f2473-ace2-413e-bc0a-fd9bf7575496,0565,1290.535,1499.482
63d0193e-77b4-4a87-9a50-935054b3c7c3,2cc6fb21357b9412_354f2473-ace2-413e-bc0a-fd9bf7575496,0570,1287.052,1513.465
63d0193e-77b4-4a87-9a50-935054b3c7c3,2cc6fb21357b9412_354f2473-ace2-413e-bc0a-fd9bf7575496,0575,1288.238,1519.565
63d0193e-77b4-4a87-9a50-935054b3c7c3,2cc6fb21357b9412_354f2473-ace2-413e-bc0a-fd9bf7575496,0580,1288.765,1531.341
63d0193e-77b4-4a87-9a50-935054b3c7c3,2cc6fb21357b9412_354f2473-ace2-413e-bc0a-fd9bf7575496,0585,1289.093,1502.17
63d0193e-77b4-4a87-9a50-935054b3c7c3,2cc6fb21357b9412_354f2473-ace2-413e-bc0a-fd9bf7575496,0590,1288.176,1504.806
63d0193e-77b4-4a87-9a50-935054b3c7c3,2cc6fb21357b9412_354f2473-ace2-413e-bc0a-fd9bf7575496,0595,1289.161,1496.976
63d0193e-77b4-4a87-9a50-935054b3c7c3,2cc6fb21357b9412_354f2473-ace2-413e-bc0a-fd9bf7575496,0600,1289.446,1486.991
63d0193e-77b4-4a87-9a50-935054b3c7c3,2cc6fb21357b9412_354f2473-ace2-413e-bc0a-fd9bf7575496,0605,1289.23,1504.691
63d0193e-77b4-4a87-9a50-935054b3c7c3,2cc6fb21357b9412_354f2473-ace2-413e-bc0a-fd9bf7575496,0610,1289.832,1507.956
63d0193e-77b4-4a87-9a50-935054b3c7c3,2cc6fb21357b9412_354f2473-ace2-413e-bc0a-fd9bf7575496,0615,1290.109,1505.878
63d0193e-77b4-4a87-9a50-935054b3c7c3,2cc6fb21357b9412_354f2473-ace2-413e-bc0a-fd9bf7575496,0620,1291.039,1490.769
63d0193e-77b4-4a87-9a50-935054b3c7c3,2cc6fb21357b9412_354f2473-ace2-413e-bc0a-fd9bf7575496,0625,1290.115,1493.295
63d0193e-77b4-4a87-9a50-935054b3c7c3,2cc6fb21357b9412_354f2473-ace2-413e-bc0a-fd9bf7575496,0630,1289.899,1491.21
63d0193e-77b4-4a87-9a50-935054b3c7c3,2cc6fb21357b9412_354f2473-ace2-413e-bc0a-fd9bf7575496,0635,1288.237,1500.518
63d0193e-77b4-4a87-9a50-935054b3c7c3,2cc6fb21357b9412_354f2473-ace2-413e-bc0a-fd9bf7575496,0640,1288.121,1496.039
63d0193e-77b4-4a87-9a50-935054b3c7c3,2cc6fb21357b9412_354f2473-ace2-413e-bc0a-fd9bf7575496,0645,1288.985,1506.929
63d0193e-77b4-4a87-9a50-935054b3c7c3,2cc6fb21357b9412_354f2473-ace2-413e-bc0a-fd9bf7575496,0650,1287.357,1481.158
63d0193e-77b4-4a87-9a50-935054b3c7c3,2cc6fb21357b9412_354f2473-ace2-413e-bc0a-fd9bf7575496,0655,1289.022,1505.604
63d0193e-77b4-4a87-9a50-935054b3c7c3,2cc6fb21357b9412_354f2473-ace2-413e-bc0a-fd9bf7575496,0660,1287.649,1498.263
63d0193e-77b4-4a87-9a50-935054b3c7c3,2cc6fb21357b9412_354f2473-ace2-413e-bc0a-fd9bf7575496,0665,1288.536,1501.316
63d0193e-77b4-4a87-9a50-935054b3c7c3,2cc6fb21357b9412_354f2473-ace2-413e-bc0a-fd9bf7575496,0670,1288.754,1497.206
63d0193e-77b4-4a87-9a50-935054b3c7c3,2cc6fb21357b9412_354f2473-ace2-413e-bc0a-fd9bf7575496,0675,1288.292,1494.273
63d0193e-77b4-4a87-9a50-935054b3c7c3,2cc6fb21357b9412_354f2473-ace2-413e-bc0a-fd9bf7575496,0680,1288.952,1488.288
63d0193e-77b4-4a87-9a50-935054b3c7c3,2cc6fb21357b9412_354f2473-ace2-413e-bc0a-fd9bf7575496,0685,1289.503,1501.082
63d0193e-77b4-4a87-9a50-935054b3c7c3,2cc6fb21357b9412_354f2473-ace2-413e-bc0a-fd9bf7575496,0690,1288.505,1509.126
63d0193e-77b4-4a87-9a50-935054b3c7c3,2cc6fb21357b9412_354f2473-ace2-413e-bc0a-fd9bf7575496,0695,1288.208,1498.565
63d0193e-77b4-4a87-9a50-935054b3c7c3,2cc6fb21357b9412_354f2473-ace2-413e-bc0a-fd9bf7575496,0700,1288.501,1470.519
63d0193e-77b4-4a87-9a50-935054b3c7c3,2cc6fb21357b9412_354f2473-ace2-413e-bc0a-fd9bf7575496,0705,1288.478,1527.608
63d0193e-77b4-4a87-9a50-935054b3c7c3,2cc6fb21357b9412_354f2473-ace2-413e-bc0a-fd9bf7575496,0710,1290.575,1528.053
63d0193e-77b4-4a87-9a50-935054b3c7c3,2cc6fb21357b9412_354f2473-ace2-413e-bc0a-fd9bf7575496,0715,1293.303,1546.06
63d0193e-77b4-4a87-9a50-935054b3c7c3,2cc6fb21357b9412_354f2473-ace2-413e-bc0a-fd9bf7575496,0720,1287.954,1510.777
63d0193e-77b4-4a87-9a50-935054b3c7c3,2cc6fb21357b9412_354f2473-ace2-413e-bc0a-fd9bf7575496,0725,1289.56,1524.014
63d0193e-77b4-4a87-9a50-935054b3c7c3,2cc6fb21357b9412_354f2473-ace2-413e-bc0a-fd9bf7575496,0730,1290.444,1501.572
63d0193e-77b4-4a87-9a50-935054b3c7c3,2cc6fb21357b9412_354f2473-ace2-413e-bc0a-fd9bf7575496,0735,1288.408,1496.95
63d0193e-77b4-4a87-9a50-935054b3c7c3,2cc6fb21357b9412_354f2473-ace2-413e-bc0a-fd9bf7575496,0740,1288.847,1497.488
63d0193e-77b4-4a87-9a50-935054b3c7c3,2cc6fb21357b9412_354f2473-ace2-413e-bc0a-fd9bf7575496,0745,1287.716,1529.943
63d0193e-77b4-4a87-9a50-935054b3c7c3,2cc6fb21357b9412_354f2473-ace2-413e-bc0a-fd9bf7575496,0750,1288.414,1515.348
63d0193e-77b4-4a87-9a50-935054b3c7c3,2cc6fb21357b9412_354f2473-ace2-413e-bc0a-fd9bf7575496,0755,1288.238,1513.731
63d0193e-77b4-4a87-9a50-935054b3c7c3,2cc6fb21357b9412_354f2473-ace2-413e-bc0a-fd9bf7575496,0760,1290.128,1509.126
63d0193e-77b4-4a87-9a50-935054b3c7c3,2cc6fb21357b9412_354f2473-ace2-413e-bc0a-fd9bf7575496,0765,1288.727,1534.623
63d0193e-77b4-4a87-9a50-935054b3c7c3,2cc6fb21357b9412_354f2473-ace2-413e-bc0a-fd9bf7575496,0770,1289.075,1492.242
63d0193e-77b4-4a87-9a50-935054b3c7c3,2cc6fb21357b9412_354f2473-ace2-413e-bc0a-fd9bf7575496,0775,1290.165,1525.913
63d0193e-77b4-4a87-9a50-935054b3c7c3,2cc6fb21357b9412_354f2473-ace2-413e-bc0a-fd9bf7575496,0780,1289.575,1517.517
63d0193e-77b4-4a87-9a50-935054b3c7c3,2cc6fb21357b9412_354f2473-ace2-413e-bc0a-fd9bf7575496,0785,1290.339,1509.299
63d0193e-77b4-4a87-9a50-935054b3c7c3,2cc6fb21357b9412_354f2473-ace2-413e-bc0a-fd9bf7575496,0790,1290.826,1507.63
63d0193e-77b4-4a87-9a50-935054b3c7c3,2cc6fb21357b9412_354f2473-ace2-413e-bc0a-fd9bf7575496,0795,1288.086,1490.92
63d0193e-77b4-4a87-9a50-935054b3c7c3,2cc6fb21357b9412_354f2473-ace2-413e-bc0a-fd9bf7575496,0800,1288.876,1505.005
63d0193e-77b4-4a87-9a50-935054b3c7c3,2cc6fb21357b9412_354f2473-ace2-413e-bc0a-fd9bf7575496,0805,1289.807,1504.012
63d0193e-77b4-4a87-9a50-935054b3c7c3,2cc6fb21357b9412_354f2473-ace2-413e-bc0a-fd9bf7575496,0810,1288.684,1481.493
63d0193e-77b4-4a87-9a50-935054b3c7c3,2cc6fb21357b9412_354f2473-ace2-413e-bc0a-fd9bf7575496,0815,1287.333,1515.797
63d0193e-77b4-4a87-9a50-935054b3c7c3,2cc6fb21357b9412_354f2473-ace2-413e-bc0a-fd9bf7575496,0820,1287.251,1489.198
63d0193e-77b4-4a87-9a50-935054b3c7c3,2cc6fb21357b9412_354f2473-ace2-413e-bc0a-fd9bf7575496,0825,1288.48,1499.424
63d0193e-77b4-4a87-9a50-935054b3c7c3,2cc6fb21357b9412_354f2473-ace2-413e-bc0a-fd9bf7575496,0830,1287.883,1500.0
63d0193e-77b4-4a87-9a50-935054b3c7c3,2cc6fb21357b9412_354f2473-ace2-413e-bc0a-fd9bf7575496,0835,1287.915,1498.648
63d0193e-77b4-4a87-9a50-935054b3c7c3,2cc6fb21357b9412_354f2473-ace2-413e-bc0a-fd9bf7575496,0840,1287.723,1505.764
63d0193e-77b4-4a87-9a50-935054b3c7c3,2cc6fb21357b9412_354f2473-ace2-413e-bc0a-fd9bf7575496,0845,1289.075,1500.516
63d0193e-77b4-4a87-9a50-935054b3c7c3,2cc6fb21357b9412_354f2473-ace2-413e-bc0a-fd9bf7575496,0850,1287.871,1533.578
63d0193e-77b4-4a87-9a50-935054b3c7c3,2cc6fb21357b9412_354f2473-ace2-413e-bc0a-fd9bf7575496,0855,1289.541,1494.48
63d0193e-77b4-4a87-9a50-935054b3c7c3,2cc6fb21357b9412_354f2473-ace2-413e-bc0a-fd9bf7575496,0860,1287.926,1522.503
63d0193e-77b4-4a87-9a50-935054b3c7c3,2cc6fb21357b9412_354f2473-ace2-413e-bc0a-fd9bf7575496,0865,1288.992,1513.641
63d0193e-77b4-4a87-9a50-935054b3c7c3,2cc6fb21357b9412_354f2473-ace2-413e-bc0a-fd9bf7575496,0870,1288.803,1495.111
63d0193e-77b4-4a87-9a50-935054b3c7c3,2cc6fb21357b9412_354f2473-ace2-413e-bc0a-fd9bf7575496,0875,1288.908,1472.502
63d0193e-77b4-4a87-9a50-935054b3c7c3,2cc6fb21357b9412_354f2473-ace2-413e-bc0a-fd9bf7575496,0880,1288.918,1505.938
63d0193e-77b4-4a87-9a50-935054b3c7c3,2cc6fb21357b9412_354f2473-ace2-413e-bc0a-fd9bf7575496,0885,1287.647,1494.602
63d0193e-77b4-4a87-9a50-935054b3c7c3,2cc6fb21357b9412_354f2473-ace2-413e-bc0a-fd9bf7575496,0890,1288.541,1503.116
63d0193e-77b4-4a87-9a50-935054b3c7c3,2cc6fb21357b9412_354f2473-ace2-413e-bc0a-fd9bf7575496,0895,1289.343,1507.613
63d0193e-77b4-4a87-9a50-935054b3c7c3,2cc6fb21357b9412_354f2473-ace2-413e-bc0a-fd9bf7575496,0900,1289.302,1504.408
63d0193e-77b4-4a87-9a50-935054b3c7c3,2cc6fb21357b9412_354f2473-ace2-413e-bc0a-fd9bf7575496,0905,1288.473,1506.117
63d0193e-77b4-4a87-9a50-935054b3c7c3,2cc6fb21357b9412_354f2473-ace2-413e-bc0a-fd9bf7575496,0910,1289.197,1502.25
63d0193e-77b4-4a87-9a50-935054b3c7c3,2cc6fb21357b9412_354f2473-ace2-413e-bc0a-fd9bf7575496,0915,1288.519,1490.593
63d0193e-77b4-4a87-9a50-935054b3c7c3,2cc6fb21357b9412_354f2473-ace2-413e-bc0a-fd9bf7575496,0920,1288.249,1524.705
63d0193e-77b4-4a87-9a50-935054b3c7c3,2cc6fb21357b9412_354f2473-ace2-413e-bc0a-fd9bf7575496,0925,1287.75,1476.199
63d0193e-77b4-4a87-9a50-935054b3c7c3,2cc6fb21357b9412_354f2473-ace2-413e-bc0a-fd9bf7575496,0930,1287.991,1502.447
63d0193e-77b4-4a87-9a50-935054b3c7c3,2cc6fb21357b9412_354f2473-ace2-413e-bc0a-fd9bf7575496,0935,1289.756,1504.895
63d0193e-77b4-4a87-9a50-935054b3c7c3,2cc6fb21357b9412_354f2473-ace2-413e-bc0a-fd9bf7575496,0940,1288.423,1494.543
63d0193e-77b4-4a87-9a50-935054b3c7c3,2cc6fb21357b9412_354f2473-ace2-413e-bc0a-fd9bf7575496,0945,1287.352,1481.553
63d0193e-77b4-4a87-9a50-935054b3c7c3,2cc6fb21357b9412_354f2473-ace2-413e-bc0a-fd9bf7575496,0950,1288.86,1504.215
63d0193e-77b4-4a87-9a50-935054b3c7c3,2cc6fb21357b9412_354f2473-ace2-413e-bc0a-fd9bf7575496,0955,1288.607,1497.403
63d0193e-77b4-4a87-9a50-935054b3c7c3,2cc6fb21357b9412_354f2473-ace2-413e-bc0a-fd9bf7575496,0960,1288.641,1502.357
63d0193e-77b4-4a87-9a50-935054b3c7c3,2cc6fb21357b9412_354f2473-ace2-413e-bc0a-fd9bf7575496,0965,1289.932,1504.907
63d0193e-77b4-4a87-9a50-935054b3c7c3,2cc6fb21357b9412_354f2473-ace2-413e-bc0a-fd9bf7575496,0970,1287.108,1502.164
63d0193e-77b4-4a87-9a50-935054b3c7c3,2cc6fb21357b9412_354f2473-ace2-413e-bc0a-fd9bf7575496,0975,1288.895,1480.686
63d0193e-77b4-4a87-9a50-935054b3c7c3,2cc6fb21357b9412_354f2473-ace2-413e-bc0a-fd9bf7575496,0980,1288.66,1504.697
63d0193e-77b4-4a87-9a50-935054b3c7c3,2cc6fb21357b9412_354f2473-ace2-413e-bc0a-fd9bf7575496,0985,1288.478,1486.314
63d0193e-77b4-4a87-9a50-935054b3c7c3,2cc6fb21357b9412_354f2473-ace2-413e-bc0a-fd9bf7575496,0990,1287.542,1502.819
63d0193e-77b4-4a87-9a50-935054b3c7c3,2cc6fb21357b9412_354f2473-ace2-413e-bc0a-fd9bf7575496,0995,1288.354,1486.203
63d0193e-77b4-4a87-9a50-935054b3c7c3,2cc6fb21357b9412_354f2473-ace2-413e-bc0a-fd9bf7575496,1000,1289.525,1504.366
63d0193e-77b4-4a87-9a50-935054b3c7c3,2cc6fb21357b9412_354f2473-ace2-413e-bc0a-fd9bf7575496,1005,1289.423,1518.154
63d0193e-77b4-4a87-9a50-935054b3c7c3,2cc6fb21357b9412_354f2473-ace2-413e-bc0a-fd9bf7575496,1010,1290.291,1499.385
63d0193e-77b4-4a87-9a50-935054b3c7c3,2cc6fb21357b9412_354f2473-ace2-413e-bc0a-fd9bf7575496,1015,1289.35,1495.078
63d0193e-77b4-4a87-9a50-935054b3c7c3,2cc6fb21357b9412_354f2473-ace2-413e-bc0a-fd9bf7575496,1020,1289.815,1506.375
63d0193e-77b4-4a87-9a50-935054b3c7c3,2cc6fb21357b9412_354f2473-ace2-413e-bc0a-fd9bf7575496,1025,1288.986,1479.931
63d0193e-77b4-4a87-9a50-935054b3c7c3,2cc6fb21357b9412_354f2473-ace2-413e-bc0a-fd9bf7575496,1030,1288.701,1500.854
63d0193e-77b4-4a87-9a50-935054b3c7c3,2cc6fb21357b9412_354f2473-ace2-413e-bc0a-fd9bf7575496,1035,1288.724,1497.178
63d0193e-77b4-4a87-9a50-935054b3c7c3,2cc6fb21357b9412_354f2473-ace2-413e-bc0a-fd9bf7575496,1040,1295.577,1513.054
63d0193e-77b4-4a87-9a50-935054b3c7c3,2cc6fb21357b9412_354f2473-ace2-413e-bc0a-fd9bf7575496,1045,1289.395,1500.101
63d0193e-77b4-4a87-9a50-935054b3c7c3,2cc6fb21357b9412_354f2473-ace2-413e-bc0a-fd9bf7575496,1050,1289.658,1503.417
63d0193e-77b4-4a87-9a50-935054b3c7c3,2cc6fb21357b9412_354f2473-ace2-413e-bc0a-fd9bf7575496,1055,1287.812,1531.123
63d0193e-77b4-4a87-9a50-935054b3c7c3,2cc6fb21357b9412_354f2473-ace2-413e-bc0a-fd9bf7575496,1060,1289.341,1490.994
63d0193e-77b4-4a87-9a50-935054b3c7c3,2cc6fb21357b9412_354f2473-ace2-413e-bc0a-fd9bf7575496,1065,1288.383,1527.737
63d0193e-77b4-4a87-9a50-935054b3c7c3,2cc6fb21357b9412_354f2473-ace2-413e-bc0a-fd9bf7575496,1070,1287.788,1499.406
63d0193e-77b4-4a87-9a50-935054b3c7c3,2cc6fb21357b9412_354f2473-ace2-413e-bc0a-fd9bf7575496,1075,1287.834,1466.791
63d0193e-77b4-4a87-9a50-935054b3c7c3,2cc6fb21357b9412_354f2473-ace2-413e-bc0a-fd9bf7575496,1080,1288.391,1503.9
63d0193e-77b4-4a87-9a50-935054b3c7c3,2cc6fb21357b9412_354f2473-ace2-413e-bc0a-fd9bf7575496,1085,1288.588,1522.158
63d0193e-77b4-4a87-9a50-935054b3c7c3,2cc6fb21357b9412_354f2473-ace2-413e-bc0a-fd9bf7575496,1090,1290.003,1498.996
63d0193e-77b4-4a87-9a50-935054b3c7c3,2cc6fb21357b9412_354f2473-ace2-413e-bc0a-fd9bf7575496,1095,1288.41,1464.759
63d0193e-77b4-4a87-9a50-935054b3c7c3,2cc6fb21357b9412_354f2473-ace2-413e-bc0a-fd9bf7575496,1100,1288.9,1531.954
63d0193e-77b4-4a87-9a50-935054b3c7c3,2cc6fb21357b9412_354f2473-ace2-413e-bc0a-fd9bf7575496,1105,1289.627,1494.332
63d0193e-77b4-4a87-9a50-935054b3c7c3,2cc6fb21357b9412_354f2473-ace2-413e-bc0a-fd9bf7575496,1110,1289.454,1529.497
63d0193e-77b4-4a87-9a50-935054b3c7c3,2cc6fb21357b9412_354f2473-ace2-413e-bc0a-fd9bf7575496,1115,1288.736,1484.309
63d0193e-77b4-4a87-9a50-935054b3c7c3,2cc6fb21357b9412_354f2473-ace2-413e-bc0a-fd9bf7575496,1120,1289.714,1492.311
63d0193e-77b4-4a87-9a50-935054b3c7c3,2cc6fb21357b9412_354f2473-ace2-413e-bc0a-fd9bf7575496,1125,1289.768,1517.839
63d0193e-77b4-4a87-9a50-935054b3c7c3,2cc6fb21357b9412_354f2473-ace2-413e-bc0a-fd9bf7575496,1130,1288.839,1526.681
63d0193e-77b4-4a87-9a50-935054b3c7c3,2cc6fb21357b9412_354f2473-ace2-413e-bc0a-fd9bf7575496,1135,1288.59,1487.335
63d0193e-77b4-4a87-9a50-935054b3c7c3,2cc6fb21357b9412_354f2473-ace2-413e-bc0a-fd9bf7575496,1140,1288.433,1527.381
63d0193e-77b4-4a87-9a50-935054b3c7c3,2cc6fb21357b9412_354f2473-ace2-413e-bc0a-fd9bf7575496,1145,1287.944,1496.98
63d0193e-77b4-4a87-9a50-935054b3c7c3,2cc6fb21357b9412_354f2473-ace2-413e-bc0a-fd9bf7575496,1150,1289.008,1504.831
63d0193e-77b4-4a87-9a50-935054b3c7c3,2cc6fb21357b9412_354f2473-ace2-413e-bc0a-fd9bf7575496,1155,1290.615,1492.482
63d0193e-77b4-4a87-9a50-935054b3c7c3,2cc6fb21357b9412_354f2473-ace2-413e-bc0a-fd9bf7575496,1160,1289.157,1508.223
63d0193e-77b4-4a87-9a50-935054b3c7c3,2cc6fb21357b9412_354f2473-ace2-413e-bc0a-fd9bf7575496,1165,1287.507,1509.818
63d0193e-77b4-4a87-9a50-935054b3c7c3,2cc6fb21357b9412_354f2473-ace2-413e-bc0a-fd9bf7575496,1170,1288.517,1504.049
63d0193e-77b4-4a87-9a50-935054b3c7c3,2cc6fb21357b9412_354f2473-ace2-413e-bc0a-fd9bf7575496,1175,1288.805,1497.089
63d0193e-77b4-4a87-9a50-935054b3c7c3,2cc6fb21357b9412_354f2473-ace2-413e-bc0a-fd9bf7575496,1180,1288.968,1508.535
63d0193e-77b4-4a87-9a50-935054b3c7c3,2cc6fb21357b9412_354f2473-ace2-413e-bc0a-fd9bf7575496,1185,1290.025,1492.195
63d0193e-77b4-4a87-9a50-935054b3c7c3,2cc6fb21357b9412_354f2473-ace2-413e-bc0a-fd9bf7575496,1190,1288.332,1513.721
63d0193e-77b4-4a87-9a50-935054b3c7c3,2cc6fb21357b9412_354f2473-ace2-413e-bc0a-fd9bf7575496,1195,1289.604,1505.536
63d0193e-77b4-4a87-9a50-935054b3c7c3,2cc6fb21357b9412_354f2473-ace2-413e-bc0a-fd9bf7575496,1200,1289.951,1499.785
63d0193e-77b4-4a87-9a50-935054b3c7c3,2cc6fb21357b9412_354f2473-ace2-413e-bc0a-fd9bf7575496,1205,1289.498,1506.525
63d0193e-77b4-4a87-9a50-935054b3c7c3,2cc6fb21357b9412_354f2473-ace2-413e-bc0a-fd9bf7575496,1210,1288.996,1502.194
63d0193e-77b4-4a87-9a50-935054b3c7c3,2cc6fb21357b9412_354f2473-ace2-413e-bc0a-fd9bf7575496,1215,1288.115,1488.37
63d0193e-77b4-4a87-9a50-935054b3c7c3,2cc6fb21357b9412_354f2473-ace2-413e-bc0a-fd9bf7575496,1220,1289.16,1508.525
63d0193e-77b4-4a87-9a50-935054b3c7c3,2cc6fb21357b9412_354f2473-ace2-413e-bc0a-fd9bf7575496,1225,1288.799,1501.977
63d0193e-77b4-4a87-9a50-935054b3c7c3,2cc6fb21357b9412_354f2473-ace2-413e-bc0a-fd9bf7575496,1230,1288.745,1500.658
63d0193e-77b4-4a87-9a50-935054b3c7c3,2cc6fb21357b9412_354f2473-ace2-413e-bc0a-fd9bf7575496,1235,1288.974,1498.38
63d0193e-77b4-4a87-9a50-935054b3c7c3,2cc6fb21357b9412_354f2473-ace2-413e-bc0a-fd9bf7575496,1240,1291.258,1508.46
63d0193e-77b4-4a87-9a50-935054b3c7c3,2cc6fb21357b9412_354f2473-ace2-413e-bc0a-fd9bf7575496,1245,1287.402,1500.445
63d0193e-77b4-4a87-9a50-935054b3c7c3,2cc6fb21357b9412_354f2473-ace2-413e-bc0a-fd9bf7575496,1250,1288.039,1518.937
63d0193e-77b4-4a87-9a50-935054b3c7c3,2cc6fb21357b9412_354f2473-ace2-413e-bc0a-fd9bf7575496,1255,1287.598,1489.625
63d0193e-77b4-4a87-9a50-935054b3c7c3,2cc6fb21357b9412_354f2473-ace2-413e-bc0a-fd9bf7575496,1260,1288.141,1504.971
63d0193e-77b4-4a87-9a50-935054b3c7c3,2cc6fb21357b9412_354f2473-ace2-413e-bc0a-fd9bf7575496,1265,1288.117,1480.623
63d0193e-77b4-4a87-9a50-935054b3c7c3,2cc6fb21357b9412_354f2473-ace2-413e-bc0a-fd9bf7575496,1270,1288.513,1506.51
63d0193e-77b4-4a87-9a50-935054b3c7c3,2cc6fb21357b9412_354f2473-ace2-413e-bc0a-fd9bf7575496,1275,1288.413,1505.293
63d0193e-77b4-4a87-9a50-935054b3c7c3,2cc6fb21357b9412_354f2473-ace2-413e-bc0a-fd9bf7575496,1280,1288.888,1506.252
63d0193e-77b4-4a87-9a50-935054b3c7c3,2cc6fb21357b9412_354f2473-ace2-413e-bc0a-fd9bf7575496,1285,1287.636,1499.022
63d0193e-77b4-4a87-9a50-935054b3c7c3,2cc6fb21357b9412_354f2473-ace2-413e-bc0a-fd9bf7575496,1290,1290.614,1493.399
63d0193e-77b4-4a87-9a50-935054b3c7c3,2cc6fb21357b9412_354f2473-ace2-413e-bc0a-fd9bf7575496,1295,1287.935,1500.31
63d0193e-77b4-4a87-9a50-935054b3c7c3,2cc6fb21357b9412_354f2473-ace2-413e-bc0a-fd9bf7575496,1300,1288.823,1502.7
63d0193e-77b4-4a87-9a50-935054b3c7c3,2cc6fb21357b9412_354f2473-ace2-413e-bc0a-fd9bf7575496,1305,1288.57,1509.634
63d0193e-77b4-4a87-9a50-935054b3c7c3,2cc6fb21357b9412_354f2473-ace2-413e-bc0a-fd9bf7575496,1310,1290.385,1490.002
63d0193e-77b4-4a87-9a50-935054b3c7c3,2cc6fb21357b9412_354f2473-ace2-413e-bc0a-fd9bf7575496,1315,1288.493,1477.133
63d0193e-77b4-4a87-9a50-935054b3c7c3,2cc6fb21357b9412_354f2473-ace2-413e-bc0a-fd9bf7575496,1320,1289.551,1511.94
63d0193e-77b4-4a87-9a50-935054b3c7c3,2cc6fb21357b9412_354f2473-ace2-413e-bc0a-fd9bf7575496,1325,1292.098,1491.243
63d0193e-77b4-4a87-9a50-935054b3c7c3,2cc6fb21357b9412_354f2473-ace2-413e-bc0a-fd9bf7575496,1330,1290.842,1502.611
63d0193e-77b4-4a87-9a50-935054b3c7c3,2cc6fb21357b9412_354f2473-ace2-413e-bc0a-fd9bf7575496,1335,1288.368,1496.805
63d0193e-77b4-4a87-9a50-935054b3c7c3,2cc6fb21357b9412_354f2473-ace2-413e-bc0a-fd9bf7575496,1340,1290.578,1509.051
63d0193e-77b4-4a87-9a50-935054b3c7c3,2cc6fb21357b9412_354f2473-ace2-413e-bc0a-fd9bf7575496,1345,1288.405,1499.007
63d0193e-77b4-4a87-9a50-935054b3c7c3,2cc6fb21357b9412_354f2473-ace2-413e-bc0a-fd9bf7575496,1350,1289.21,1504.544
63d0193e-77b4-4a87-9a50-935054b3c7c3,2cc6fb21357b9412_354f2473-ace2-413e-bc0a-fd9bf7575496,1355,1287.378,1507.893
63d0193e-77b4-4a87-9a50-935054b3c7c3,2cc6fb21357b9412_354f2473-ace2-413e-bc0a-fd9bf7575496,1360,1289.62,1511.816
63d0193e-77b4-4a87-9a50-935054b3c7c3,2cc6fb21357b9412_354f2473-ace2-413e-bc0a-fd9bf7575496,1365,1288.618,1497.858
63d0193e-77b4-4a87-9a50-935054b3c7c3,2cc6fb21357b9412_354f2473-ace2-413e-bc0a-fd9bf7575496,1370,1288.466,1527.576
63d0193e-77b4-4a87-9a50-935054b3c7c3,2cc6fb21357b9412_354f2473-ace2-413e-bc0a-fd9bf7575496,1375,1290.097,1475.16
63d0193e-77b4-4a87-9a50-935054b3c7c3,2cc6fb21357b9412_354f2473-ace2-413e-bc0a-fd9bf7575496,1380,1291.231,1500.183
63d0193e-77b4-4a87-9a50-935054b3c7c3,2cc6fb21357b9412_354f2473-ace2-413e-bc0a-fd9bf7575496,1385,1288.141,1486.221
63d0193e-77b4-4a87-9a50-935054b3c7c3,2cc6fb21357b9412_354f2473-ace2-413e-bc0a-fd9bf7575496,1390,1288.822,1503.53
63d0193e-77b4-4a87-9a50-935054b3c7c3,2cc6fb21357b9412_354f2473-ace2-413e-bc0a-fd9bf7575496,1395,1288.883,1496.154
63d0193e-77b4-4a87-9a50-935054b3c7c3,2cc6fb21357b9412_354f2473-ace2-413e-bc0a-fd9bf7575496,1400,1290.1,1489.807
63d0193e-77b4-4a87-9a50-935054b3c7c3,2cc6fb21357b9412_354f2473-ace2-413e-bc0a-fd9bf7575496,1405,1288.934,1497.461
63d0193e-77b4-4a87-9a50-935054b3c7c3,2cc6fb21357b9412_354f2473-ace2-413e-bc0a-fd9bf7575496,1410,1288.895,1503.582
63d0193e-77b4-4a87-9a50-935054b3c7c3,2cc6fb21357b9412_354f2473-ace2-413e-bc0a-fd9bf7575496,1415,1288.447,1497.642
63d0193e-77b4-4a87-9a50-935054b3c7c3,2cc6fb21357b9412_354f2473-ace2-413e-bc0a-fd9bf7575496,1420,1290.464,1502.723
63d0193e-77b4-4a87-9a50-935054b3c7c3,2cc6fb21357b9412_354f2473-ace2-413e-bc0a-fd9bf7575496,1425,1288.517,1501.185
63d0193e-77b4-4a87-9a50-935054b3c7c3,2cc6fb21357b9412_354f2473-ace2-413e-bc0a-fd9bf7575496,1430,1288.742,1506.396
63d0193e-77b4-4a87-9a50-935054b3c7c3,2cc6fb21357b9412_354f2473-ace2-413e-bc0a-fd9bf7575496,1435,1288.941,1509.827
63d0193e-77b4-4a87-9a50-935054b3c7c3,2cc6fb21357b9412_354f2473-ace2-413e-bc0a-fd9bf7575496,1440,1289.837,1504.593
63d0193e-77b4-4a87-9a50-935054b3c7c3,2cc6fb21357b9412_354f2473-ace2-413e-bc0a-fd9bf7575496,1445,1288.911,1504.396
63d0193e-77b4-4a87-9a50-935054b3c7c3,2cc6fb21357b9412_354f2473-ace2-413e-bc0a-fd9bf7575496,1450,1289.502,1511.044
63d0193e-77b4-4a87-9a50-935054b3c7c3,2cc6fb21357b9412_354f2473-ace2-413e-bc0a-fd9bf7575496,1455,1288.843,1483.163
63d0193e-77b4-4a87-9a50-935054b3c7c3,2cc6fb21357b9412_354f2473-ace2-413e-bc0a-fd9bf7575496,1460,1288.624,1496.374
251692a9-3c19-4cf0-93ac-e50d8714575c,0ac1a535e0177700_cf166d63-675b-4ef1-9b93-32432e0811ee,0005,1289.17,1505.279
251692a9-3c19-4cf0-93ac-e50d8714575c,0ac1a535e0177700_cf166d63-675b-4ef1-9b93-32432e0811ee,0010,1288.665,1509.199
251692a9-3c19-4cf0-93ac-e50d8714575c,0ac1a535e0177700_cf166d63-675b-4ef1-9b93-32432e0811ee,0015,1287.555,1498.962
251692a9-3c19-4cf0-93ac-e50d8714575c,0ac1a535e0177700_cf166d63-675b-4ef1-9b93-32432e0811ee,0020,1289.242,1520.494
251692a9-3c19-4cf0-93ac-e50d8714575c,0ac1a535e0177700_cf166d63-675b-4ef1-9b93-32432e0811ee,0025,1289.453,1498.478
251692a9-3c19-4cf0-93ac-e50d8714575c,0ac1a535e0177700_cf166d63-675b-4ef1-9b93-32432e0811ee,0030,1289.485,1502.322
251692a9-3c19-4cf0-93ac-e50d8714575c,0ac1a535e0177700_cf166d63-675b-4ef1-9b93-32432e0811ee,0035,1289.079,1479.989
251692a9-3c19-4cf0-93ac-e50d8714575c,0ac1a535e0177700_cf166d63-675b-4ef1-9b93-32432e0811ee,0040,1288.852,1491.241
251692a9-3c19-4cf0-93ac-e50d8714575c,0ac1a535e0177700_cf166d63-675b-4ef1-9b93-32432e0811ee,0045,1289.067,1486.751
251692a9-3c19-4cf0-93ac-e50d8714575c,0ac1a535e0177700_cf166d63-675b-4ef1-9b93-32432e0811ee,0050,1290.118,1506.298
251692a9-3c19-4cf0-93ac-e50d8714575c,0ac1a535e0177700_cf166d63-675b-4ef1-9b93-32432e0811ee,0055,1288.922,1484.492
251692a9-3c19-4cf0-93ac-e50d8714575c,0ac1a535e0177700_cf166d63-675b-4ef1-9b93-32432e0811ee,0060,1289.685,1523.444
251692a9-3c19-4cf0-93ac-e50d8714575c,0ac1a535e0177700_cf166d63-675b-4ef1-9b93-32432e0811ee,0065,1287.665,1492.851
251692a9-3c19-4cf0-93ac-e50d8714575c,0ac1a535e0177700_cf166d63-675b-4ef1-9b93-32432e0811ee,0070,1289.174,1497.43
251692a9-3c19-4cf0-93ac-e50d8714575c,0ac1a535e0177700_cf166d63-675b-4ef1-9b93-32432e0811ee,0075,1289.252,1497.098
251692a9-3c19-4cf0-93ac-e50d8714575c,0ac1a535e0177700_cf166d63-675b-4ef1-9b93-32432e0811ee,0080,1289.72,1497.209
251692a9-3c19-4cf0-93ac-e50d8714575c,0ac1a535e0177700_cf166d63-675b-4ef1-9b93-32432e0811ee,0085,1288.711,1495.96
251692a9-3c19-4cf0-93ac-e50d8714575c,0ac1a535e0177700_cf166d63-675b-4ef1-9b93-32432e0811ee,0090,1289.222,1506.121
251692a9-3c19-4cf0-93ac-e50d8714575c,0ac1a535e0177700_cf166d63-675b-4ef1-9b93-32432e0811ee,0095,1288.245,1511.833
251692a9-3c19-4cf0-93ac-e50d8714575c,0ac1a535e0177700_cf166d63-675b-4ef1-9b93-32432e0811ee,0100,1289.026,1503.056
251692a9-3c19-4cf0-93ac-e50d8714575c,0ac1a535e0177700_cf166d63-675b-4ef1-9b93-32432e0811ee,0105,1288.403,1493.757
251692a9-3c19-4cf0-93ac-e50d8714575c,0ac1a535e0177700_cf166d63-675b-4ef1-9b93-32432e0811ee,0110,1289.707,1498.674
251692a9-3c19-4cf0-93ac-e50d8714575c,0ac1a535e0177700_cf166d63-675b-4ef1-9b93-32432e0811ee,0115,1288.602,1531.103
251692a9-3c19-4cf0-93ac-e50d8714575c,0ac1a535e0177700_cf166d63-675b-4ef1-9b93-32432e0811ee,0120,1288.05,1501.905
251692a9-3c19-4cf0-93ac-e50d8714575c,0ac1a535e0177700_cf166d63-675b-4ef1-9b93-32432e0811ee,0125,1288.379,1478.904
251692a9-3c19-4cf0-93ac-e50d8714575c,0ac1a535e0177700_cf166d63-675b-4ef1-9b93-32432e0811ee,0130,1288.574,1513.596
251692a9-3c19-4cf0-93ac-e50d8714575c,0ac1a535e0177700_cf166d63-675b-4ef1-9b93-32432e0811ee,0135,1288.173,1494.146
251692a9-3c19-4cf0-93ac-e50d8714575c,0ac1a535e0177700_cf166d63-675b-4ef1-9b93-32432e0811ee,0140,1291.435,1509.662
251692a9-3c19-4cf0-93ac-e50d8714575c,0ac1a535e0177700_cf166d63-675b-4ef1-9b93-32432e0811ee,0145,1289.108,1495.846
251692a9-3c19-4cf0-93ac-e50d8714575c,0ac1a535e0177700_cf166d63-675b-4ef1-9b93-32432e0811ee,0150,1290.136,1492.927
251692a9-3c19-4cf0-93ac-e50d8714575c,0ac1a535e0177700_cf166d63-675b-4ef1-9b93-32432e0811ee,0155,1289.079,1514.219
251692a9-3c19-4cf0-93ac-e50d8714575c,0ac1a535e0177700_cf166d63-675b-4ef1-9b93-32432e0811ee,0160,1289.5,1530.08
251692a9-3c19-4cf0-93ac-e50d8714575c,0ac1a535e0177700_cf166d63-675b-4ef1-9b93-32432e0811ee,0165,1288.521,1514.59
251692a9-3c19-4cf0-93ac-e50d8714575c,0ac1a535e0177700_cf166d63-675b-4ef1-9b93-32432e0811ee,0170,1290.191,1495.269
251692a9-3c19-4cf0-93ac-e50d8714575c,0ac1a535e0177700_cf166d63-675b-4ef1-9b93-32432e0811ee,0175,1288.497,1499.594
251692a9-3c19-4cf0-93ac-e50d8714575c,0ac1a535e0177700_cf166d63-675b-4ef1-9b93-32432e0811ee,0180,1289.616,1517.75
251692a9-3c19-4cf0-93ac-e50d8714575c,0ac1a535e0177700_cf166d63-675b-4ef1-9b93-32432e0811ee,0185,1290.005,1499.754
251692a9-3c19-4cf0-93ac-e50d8714575c,0ac1a535e0177700_cf166d63-675b-4ef1-9b93-32432e0811ee,0190,1289.677,1509.165
251692a9-3c19-4cf0-93ac-e50d8714575c,0ac1a535e0177700_cf166d63-675b-4ef1-9b93-32432e0811ee,0195,1289.502,1514.069
251692a9-3c19-4cf0-93ac-e50d8714575c,0ac1a535e0177700_cf166d63-675b-4ef1-9b93-32432e0811ee,0200,1289.874,1505.217
251692a9-3c19-4cf0-93ac-e50d8714575c,0ac1a535e0177700_cf166d63-675b-4ef1-9b93-32432e0811ee,0205,1288.237,1508.719
251692a9-3c19-4cf0-93ac-e50d8714575c,0ac1a535e0177700_cf166d63-675b-4ef1-9b93-32432e0811ee,0210,1288.514,1531.345
251692a9-3c19-4cf0-93ac-e50d8714575c,0ac1a535e0177700_cf166d63-675b-4ef1-9b93-32432e0811ee,0215,1290.443,1492.297
251692a9-3c19-4cf0-93ac-e50d8714575c,0ac1a535e0177700_cf166d63-675b-4ef1-9b93-32432e0811ee,0220,1290.195,1528.317
251692a9-3c19-4cf0-93ac-e50d8714575c,0ac1a535e0177700_cf166d63-675b-4ef1-9b93-32432e0811ee,0225,1288.265,1495.298
251692a9-3c19-4cf0-93ac-e50d8714575c,0ac1a535e0177700_cf166d63-675b-4ef1-9b93-32432e0811ee,0230,1289.45,1502.633
251692a9-3c19-4cf0-93ac-e50d8714575c,0ac1a535e0177700_cf166d63-675b-4ef1-9b93-32432e0811ee,0235,1288.432,1520.637
251692a9-3c19-4cf0-93ac-e50d8714575c,0ac1a535e0177700_cf166d63-675b-4ef1-9b93-32432e0811ee,0240,1290.868,1512.227
251692a9-3c19-4cf0-93ac-e50d8714575c,0ac1a535e0177700_cf166d63-675b-4ef1-9b93-32432e0811ee,0245,1290.525,1490.182
251692a9-3c19-4cf0-93ac-e50d8714575c,0ac1a535e0177700_cf166d63-675b-4ef1-9b93-32432e0811ee,0250,1288.25,1514.988
251692a9-3c19-4cf0-93ac-e50d8714575c,0ac1a535e0177700_cf166d63-675b-4ef1-9b93-32432e0811ee,0255,1288.761,1499.26
251692a9-3c19-4cf0-93ac-e50d8714575c,0ac1a535e0177700_cf166d63-675b-4ef1-9b93-32432e0811ee,0260,1289.337,1521.732
251692a9-3c19-4cf0-93ac-e50d8714575c,0ac1a535e0177700_cf166d63-675b-4ef1-9b93-32432e0811ee,0265,1288.47,1514.394
d4db73d4-e084-448b-a294-1a033dfdc4cb,2025-12-05_075123_1cdb3944-32d2-44b7-96a1-ff7d69014b09,0005,1289.143,1541.793
d4db73d4-e084-448b-a294-1a033dfdc4cb,2025-12-05_075123_1cdb3944-32d2-44b7-96a1-ff7d69014b09,0010,1287.728,1511.332
d4db73d4-e084-448b-a294-1a033dfdc4cb,2025-12-05_075123_1cdb3944-32d2-44b7-96a1-ff7d69014b09,0015,1289.398,1481.726
d4db73d4-e084-448b-a294-1a033dfdc4cb,2025-12-05_075123_1cdb3944-32d2-44b7-96a1-ff7d69014b09,0020,1287.921,1506.71
d4db73d4-e084-448b-a294-1a033dfdc4cb,2025-12-05_075123_1cdb3944-32d2-44b7-96a1-ff7d69014b09,0025,1289.171,1507.22
d4db73d4-e084-448b-a294-1a033dfdc4cb,2025-12-05_075123_1cdb3944-32d2-44b7-96a1-ff7d69014b09,0030,1289.42,1506.72
d4db73d4-e084-448b-a294-1a033dfdc4cb,2025-12-05_075123_1cdb3944-32d2-44b7-96a1-ff7d69014b09,0035,1287.461,1521.929
d4db73d4-e084-448b-a294-1a033dfdc4cb,2025-12-05_075123_1cdb3944-32d2-44b7-96a1-ff7d69014b09,0040,1289.283,1506.505
d4db73d4-e084-448b-a294-1a033dfdc4cb,2025-12-05_075123_1cdb3944-32d2-44b7-96a1-ff7d69014b09,0045,1290.166,1509.199
d4db73d4-e084-448b-a294-1a033dfdc4cb,2025-12-05_075123_1cdb3944-32d2-44b7-96a1-ff7d69014b09,0050,1289.414,1531.813
d4db73d4-e084-448b-a294-1a033dfdc4cb,2025-12-05_075123_1cdb3944-32d2-44b7-96a1-ff7d69014b09,0055,1288.852,1470.373
d4db73d4-e084-448b-a294-1a033dfdc4cb,2025-12-05_075123_1cdb3944-32d2-44b7-96a1-ff7d69014b09,0060,1288.6,1519.892
d4db73d4-e084-448b-a294-1a033dfdc4cb,2025-12-05_075123_1cdb3944-32d2-44b7-96a1-ff7d69014b09,0065,1287.991,1474.768
d4db73d4-e084-448b-a294-1a033dfdc4cb,2025-12-05_075123_1cdb3944-32d2-44b7-96a1-ff7d69014b09,0070,1288.688,1502.588
d4db73d4-e084-448b-a294-1a033dfdc4cb,2025-12-05_075123_1cdb3944-32d2-44b7-96a1-ff7d69014b09,0075,1287.599,1497.788
d4db73d4-e084-448b-a294-1a033dfdc4cb,2025-12-05_075123_1cdb3944-32d2-44b7-96a1-ff7d69014b09,0080,1288.775,1507.978
d4db73d4-e084-448b-a294-1a033dfdc4cb,2025-12-05_075123_1cdb3944-32d2-44b7-96a1-ff7d69014b09,0085,1287.81,1473.654
d4db73d4-e084-448b-a294-1a033dfdc4cb,2025-12-05_075123_1cdb3944-32d2-44b7-96a1-ff7d69014b09,0090,1287.8,1506.08
d4db73d4-e084-448b-a294-1a033dfdc4cb,2025-12-05_075123_1cdb3944-32d2-44b7-96a1-ff7d69014b09,0095,1288.508,1479.614
d4db73d4-e084-448b-a294-1a033dfdc4cb,2025-12-05_075123_1cdb3944-32d2-44b7-96a1-ff7d69014b09,0100,1288.311,1503.442
d4db73d4-e084-448b-a294-1a033dfdc4cb,2025-12-05_075123_1cdb3944-32d2-44b7-96a1-ff7d69014b09,0105,1287.912,1505.066
d4db73d4-e084-448b-a294-1a033dfdc4cb,2025-12-05_075123_1cdb3944-32d2-44b7-96a1-ff7d69014b09,0110,1289.026,1507.069
d4db73d4-e084-448b-a294-1a033dfdc4cb,2025-12-05_075123_1cdb3944-32d2-44b7-96a1-ff7d69014b09,0115,1288.48,1487.829
d4db73d4-e084-448b-a294-1a033dfdc4cb,2025-12-05_075123_1cdb3944-32d2-44b7-96a1-ff7d69014b09,0120,1287.638,1505.0
d4db73d4-e084-448b-a294-1a033dfdc4cb,2025-12-05_075123_1cdb3944-32d2-44b7-96a1-ff7d69014b09,0125,1287.249,1499.104
d4db73d4-e084-448b-a294-1a033dfdc4cb,2025-12-05_075123_1cdb3944-32d2-44b7-96a1-ff7d69014b09,0130,1288.789,1504.382
d4db73d4-e084-448b-a294-1a033dfdc4cb,2025-12-05_075123_1cdb3944-32d2-44b7-96a1-ff7d69014b09,0135,1288.432,1483.752
d4db73d4-e084-448b-a294-1a033dfdc4cb,2025-12-05_075123_1cdb3944-32d2-44b7-96a1-ff7d69014b09,0140,1288.277,1506.59
d4db73d4-e084-448b-a294-1a033dfdc4cb,2025-12-05_075123_1cdb3944-32d2-44b7-96a1-ff7d69014b09,0145,1289.426,1505.627
d4db73d4-e084-448b-a294-1a033dfdc4cb,2025-12-05_075123_1cdb3944-32d2-44b7-96a1-ff7d69014b09,0150,1287.992,1502.946
d4db73d4-e084-448b-a294-1a033dfdc4cb,2025-12-05_075123_1cdb3944-32d2-44b7-96a1-ff7d69014b09,0155,1288.402,1479.47
d4db73d4-e084-448b-a294-1a033dfdc4cb,2025-12-05_075123_1cdb3944-32d2-44b7-96a1-ff7d69014b09,0160,1289.478,1503.297
d4db73d4-e084-448b-a294-1a033dfdc4cb,2025-12-05_075123_1cdb3944-32d2-44b7-96a1-ff7d69014b09,0165,1288.802,1474.057
d4db73d4-e084-448b-a294-1a033dfdc4cb,2025-12-05_075123_1cdb3944-32d2-44b7-96a1-ff7d69014b09,0170,1288.81,1507.077
d4db73d4-e084-448b-a294-1a033dfdc4cb,2025-12-05_075123_1cdb3944-32d2-44b7-96a1-ff7d69014b09,0175,1288.945,1500.159
d4db73d4-e084-448b-a294-1a033dfdc4cb,2025-12-05_075123_1cdb3944-32d2-44b7-96a1-ff7d69014b09,0180,1288.933,1493.979
d4db73d4-e084-448b-a294-1a033dfdc4cb,2025-12-05_075123_1cdb3944-32d2-44b7-96a1-ff7d69014b09,0185,1288.952,1493.36
d4db73d4-e084-448b-a294-1a033dfdc4cb,2025-12-05_075123_1cdb3944-32d2-44b7-96a1-ff7d69014b09,0190,1288.44,1506.052
d4db73d4-e084-448b-a294-1a033dfdc4cb,2025-12-05_075123_1cdb3944-32d2-44b7-96a1-ff7d69014b09,0195,1289.268,1490.301
d4db73d4-e084-448b-a294-1a033dfdc4cb,2025-12-05_075123_1cdb3944-32d2-44b7-96a1-ff7d69014b09,0200,1289.014,1504.431
d4db73d4-e084-448b-a294-1a033dfdc4cb,2025-12-05_075123_1cdb3944-32d2-44b7-96a1-ff7d69014b09,0205,1289.168,1508.898
d4db73d4-e084-448b-a294-1a033dfdc4cb,2025-12-05_075123_1cdb3944-32d2-44b7-96a1-ff7d69014b09,0210,1291.721,1505.101
d4db73d4-e084-448b-a294-1a033dfdc4cb,2025-12-05_075123_1cdb3944-32d2-44b7-96a1-ff7d69014b09,0215,1290.975,1529.813
d4db73d4-e084-448b-a294-1a033dfdc4cb,2025-12-05_075123_1cdb3944-32d2-44b7-96a1-ff7d69014b09,0220,1287.727,1519.419
d4db73d4-e084-448b-a294-1a033dfdc4cb,2025-12-05_075123_1cdb3944-32d2-44b7-96a1-ff7d69014b09,0225,1289.522,1500.907
d4db73d4-e084-448b-a294-1a033dfdc4cb,2025-12-05_075123_1cdb3944-32d2-44b7-96a1-ff7d69014b09,0230,1287.873,1492.773
d4db73d4-e084-448b-a294-1a033dfdc4cb,2025-12-05_075123_1cdb3944-32d2-44b7-96a1-ff7d69014b09,0235,1288.287,1500.307
d4db73d4-e084-448b-a294-1a033dfdc4cb,2025-12-05_075123_1cdb3944-32d2-44b7-96a1-ff7d69014b09,0240,1288.8,1512.454
d4db73d4-e084-448b-a294-1a033dfdc4cb,2025-12-05_075123_1cdb3944-32d2-44b7-96a1-ff7d69014b09,0245,1289.192,1479.058
d4db73d4-e084-448b-a294-1a033dfdc4cb,2025-12-05_075123_1cdb3944-32d2-44b7-96a1-ff7d69014b09,0250,1289.58,1497.431
d4db73d4-e084-448b-a294-1a033dfdc4cb,2025-12-05_075123_1cdb3944-32d2-44b7-96a1-ff7d69014b09,0255,1288.16,1509.994
d4db73d4-e084-448b-a294-1a033dfdc4cb,2025-12-05_075123_1cdb3944-32d2-44b7-96a1-ff7d69014b09,0260,1289.828,1507.837
d4db73d4-e084-448b-a294-1a033dfdc4cb,2025-12-05_075123_1cdb3944-32d2-44b7-96a1-ff7d69014b09,0265,1289.908,1497.952
d4db73d4-e084-448b-a294-1a033dfdc4cb,2025-12-05_075123_1cdb3944-32d2-44b7-96a1-ff7d69014b09,0270,1288.056,1502.24
d4db73d4-e084-448b-a294-1a033dfdc4cb,2025-12-05_075123_1cdb3944-32d2-44b7-96a1-ff7d69014b09,0275,1288.344,1477.823
d4db73d4-e084-448b-a294-1a033dfdc4cb,2025-12-05_075123_1cdb3944-32d2-44b7-96a1-ff7d69014b09,0280,1288.904,1506.268
d4db73d4-e084-448b-a294-1a033dfdc4cb,2025-12-05_075123_1cdb3944-32d2-44b7-96a1-ff7d69014b09,0285,1288.541,1500.685
d4db73d4-e084-448b-a294-1a033dfdc4cb,2025-12-05_075123_1cdb3944-32d2-44b7-96a1-ff7d69014b09,0290,1288.192,1519.17
d4db73d4-e084-448b-a294-1a033dfdc4cb,2025-12-05_075123_1cdb3944-32d2-44b7-96a1-ff7d69014b09,0295,1289.522,1497.278
d4db73d4-e084-448b-a294-1a033dfdc4cb,2025-12-05_075123_1cdb3944-32d2-44b7-96a1-ff7d69014b09,0300,1288.065,1495.557
08b1d3c7-7585-4701-9e8f-6511bbf71822,adfaa4c9515dd647_69dc3a2b-525d-43e5-b361-2f165982a8c4,0005,1290.06,1502.067
08b1d3c7-7585-4701-9e8f-6511bbf71822,adfaa4c9515dd647_69dc3a2b-525d-43e5-b361-2f165982a8c4,0010,1287.788,1507.813
08b1d3c7-7585-4701-9e8f-6511bbf71822,adfaa4c9515dd647_69dc3a2b-525d-43e5-b361-2f165982a8c4,0015,1289.547,1505.716
08b1d3c7-7585-4701-9e8f-6511bbf71822,adfaa4c9515dd647_69dc3a2b-525d-43e5-b361-2f165982a8c4,0020,1288.358,1511.11
08b1d3c7-7585-4701-9e8f-6511bbf71822,adfaa4c9515dd647_69dc3a2b-525d-43e5-b361-2f165982a8c4,0025,1287.922,1485.935
08b1d3c7-7585-4701-9e8f-6511bbf71822,adfaa4c9515dd647_69dc3a2b-525d-43e5-b361-2f165982a8c4,0030,1288.123,1500.037
08b1d3c7-7585-4701-9e8f-6511bbf71822,adfaa4c9515dd647_69dc3a2b-525d-43e5-b361-2f165982a8c4,0035,1287.71,1507.803
08b1d3c7-7585-4701-9e8f-6511bbf71822,adfaa4c9515dd647_69dc3a2b-525d-43e5-b361-2f165982a8c4,0040,1289.938,1508.298
08b1d3c7-7585-4701-9e8f-6511bbf71822,adfaa4c9515dd647_69dc3a2b-525d-43e5-b361-2f165982a8c4,0045,1290.467,1504.194
08b1d3c7-7585-4701-9e8f-6511bbf71822,adfaa4c9515dd647_69dc3a2b-525d-43e5-b361-2f165982a8c4,0050,1290.764,1506.413
08b1d3c7-7585-4701-9e8f-6511bbf71822,adfaa4c9515dd647_69dc3a2b-525d-43e5-b361-2f165982a8c4,0055,1289.622,1502.702
08b1d3c7-7585-4701-9e8f-6511bbf71822,adfaa4c9515dd647_69dc3a2b-525d-43e5-b361-2f165982a8c4,0060,1288.273,1505.401
08b1d3c7-7585-4701-9e8f-6511bbf71822,adfaa4c9515dd647_69dc3a2b-525d-43e5-b361-2f165982a8c4,0065,1288.528,1497.108
08b1d3c7-7585-4701-9e8f-6511bbf71822,adfaa4c9515dd647_69dc3a2b-525d-43e5-b361-2f165982a8c4,0070,1288.25,1502.606
08b1d3c7-7585-4701-9e8f-6511bbf71822,adfaa4c9515dd647_69dc3a2b-525d-43e5-b361-2f165982a8c4,0075,1287.646,1484.976
08b1d3c7-7585-4701-9e8f-6511bbf71822,adfaa4c9515dd647_69dc3a2b-525d-43e5-b361-2f165982a8c4,0080,1289.445,1500.762
08b1d3c7-7585-4701-9e8f-6511bbf71822,adfaa4c9515dd647_69dc3a2b-525d-43e5-b361-2f165982a8c4,0085,1288.94,1501.347
08b1d3c7-7585-4701-9e8f-6511bbf71822,adfaa4c9515dd647_69dc3a2b-525d-43e5-b361-2f165982a8c4,0090,1289.047,1510.413
08b1d3c7-7585-4701-9e8f-6511bbf71822,adfaa4c9515dd647_69dc3a2b-525d-43e5-b361-2f165982a8c4,0095,1288.363,1512.749
08b1d3c7-7585-4701-9e8f-6511bbf71822,adfaa4c9515dd647_69dc3a2b-525d-43e5-b361-2f165982a8c4,0100,1289.057,1503.583
08b1d3c7-7585-4701-9e8f-6511bbf71822,adfaa4c9515dd647_69dc3a2b-525d-43e5-b361-2f165982a8c4,0105,1289.181,1492.478
08b1d3c7-7585-4701-9e8f-6511bbf71822,adfaa4c9515dd647_69dc3a2b-525d-43e5-b361-2f165982a8c4,0110,1288.842,1505.865
08b1d3c7-7585-4701-9e8f-6511bbf71822,adfaa4c9515dd647_69dc3a2b-525d-43e5-b361-2f165982a8c4,0115,1288.647,1505.455
08b1d3c7-7585-4701-9e8f-6511bbf71822,adfaa4c9515dd647_69dc3a2b-525d-43e5-b361-2f165982a8c4,0120,1290.859,1499.139
08b1d3c7-7585-4701-9e8f-6511bbf71822,adfaa4c9515dd647_69dc3a2b-525d-43e5-b361-2f165982a8c4,0125,1288.061,1519.084
08b1d3c7-7585-4701-9e8f-6511bbf71822,adfaa4c9515dd647_69dc3a2b-525d-43e5-b361-2f165982a8c4,0130,1288.25,1501.949
08b1d3c7-7585-4701-9e8f-6511bbf71822,adfaa4c9515dd647_69dc3a2b-525d-43e5-b361-2f165982a8c4,0135,1289.736,1498.436
08b1d3c7-7585-4701-9e8f-6511bbf71822,adfaa4c9515dd647_69dc3a2b-525d-43e5-b361-2f165982a8c4,0140,1288.94,1507.338
08b1d3c7-7585-4701-9e8f-6511bbf71822,adfaa4c9515dd647_69dc3a2b-525d-43e5-b361-2f165982a8c4,0145,1288.418,1497.41
08b1d3c7-7585-4701-9e8f-6511bbf71822,adfaa4c9515dd647_69dc3a2b-525d-43e5-b361-2f165982a8c4,0150,1290.324,1507.456
08b1d3c7-7585-4701-9e8f-6511bbf71822,adfaa4c9515dd647_69dc3a2b-525d-43e5-b361-2f165982a8c4,0155,1289.193,1486.222
08b1d3c7-7585-4701-9e8f-6511bbf71822,adfaa4c9515dd647_69dc3a2b-525d-43e5-b361-2f165982a8c4,0160,1288.421,1491.978
08b1d3c7-7585-4701-9e8f-6511bbf71822,adfaa4c9515dd647_69dc3a2b-525d-43e5-b361-2f165982a8c4,0165,1288.702,1504.402
08b1d3c7-7585-4701-9e8f-6511bbf71822,adfaa4c9515dd647_69dc3a2b-525d-43e5-b361-2f165982a8c4,0170,1289.605,1506.071
9f3ae8af-c7b3-4edb-9e95-ef983c00b054,3b4212d9b1dde96f_8be8f377-55f1-4396-9026-af6bf4caf832,0005,1289.312,1511.994
9f3ae8af-c7b3-4edb-9e95-ef983c00b054,3b4212d9b1dde96f_8be8f377-55f1-4396-9026-af6bf4caf832,0010,1288.535,1521.903
9f3ae8af-c7b3-4edb-9e95-ef983c00b054,3b4212d9b1dde96f_8be8f377-55f1-4396-9026-af6bf4caf832,0015,1288.963,1502.38
9f3ae8af-c7b3-4edb-9e95-ef983c00b054,3b4212d9b1dde96f_8be8f377-55f1-4396-9026-af6bf4caf832,0020,1292.593,1507.617
9f3ae8af-c7b3-4edb-9e95-ef983c00b054,3b4212d9b1dde96f_8be8f377-55f1-4396-9026-af6bf4caf832,0025,1290.365,1517.672
9f3ae8af-c7b3-4edb-9e95-ef983c00b054,3b4212d9b1dde96f_8be8f377-55f1-4396-9026-af6bf4caf832,0030,1289.465,1518.906
9f3ae8af-c7b3-4edb-9e95-ef983c00b054,3b4212d9b1dde96f_8be8f377-55f1-4396-9026-af6bf4caf832,0035,1288.925,1503.517
9f3ae8af-c7b3-4edb-9e95-ef983c00b054,3b4212d9b1dde96f_8be8f377-55f1-4396-9026-af6bf4caf832,0040,1288.779,1505.546
9f3ae8af-c7b3-4edb-9e95-ef983c00b054,3b4212d9b1dde96f_8be8f377-55f1-4396-9026-af6bf4caf832,0045,1290.297,1504.891
9f3ae8af-c7b3-4edb-9e95-ef983c00b054,3b4212d9b1dde96f_8be8f377-55f1-4396-9026-af6bf4caf832,0050,1289.674,1509.273
9f3ae8af-c7b3-4edb-9e95-ef983c00b054,3b4212d9b1dde96f_8be8f377-55f1-4396-9026-af6bf4caf832,0055,1288.078,1529.616
9f3ae8af-c7b3-4edb-9e95-ef983c00b054,3b4212d9b1dde96f_8be8f377-55f1-4396-9026-af6bf4caf832,0060,1288.654,1510.828
9f3ae8af-c7b3-4edb-9e95-ef983c00b054,3b4212d9b1dde96f_8be8f377-55f1-4396-9026-af6bf4caf832,0065,1287.908,1490.015
9f3ae8af-c7b3-4edb-9e95-ef983c00b054,3b4212d9b1dde96f_8be8f377-55f1-4396-9026-af6bf4caf832,0070,1288.435,1504.608
9f3ae8af-c7b3-4edb-9e95-ef983c00b054,3b4212d9b1dde96f_8be8f377-55f1-4396-9026-af6bf4caf832,0075,1288.637,1508.177
9f3ae8af-c7b3-4edb-9e95-ef983c00b054,3b4212d9b1dde96f_8be8f377-55f1-4396-9026-af6bf4caf832,0080,1289.002,1508.337
9f3ae8af-c7b3-4edb-9e95-ef983c00b054,3b4212d9b1dde96f_8be8f377-55f1-4396-9026-af6bf4caf832,0085,1289.122,1487.871
9f3ae8af-c7b3-4edb-9e95-ef983c00b054,3b4212d9b1dde96f_8be8f377-55f1-4396-9026-af6bf4caf832,0090,1289.731,1515.752
621a134f-27a4-4d0d-9c76-e11fc3d68616,15b4ab836fa9fbc7_2d7f73d1-3a3c-4fe7-8c73-8ecc3483d530,0005,1289.184,1513.861
621a134f-27a4-4d0d-9c76-e11fc3d68616,15b4ab836fa9fbc7_2d7f73d1-3a3c-4fe7-8c73-8ecc3483d530,0010,1289.203,1524.436
621a134f-27a4-4d0d-9c76-e11fc3d68616,15b4ab836fa9fbc7_2d7f73d1-3a3c-4fe7-8c73-8ecc3483d530,0015,1287.549,1504.108
621a134f-27a4-4d0d-9c76-e11fc3d68616,15b4ab836fa9fbc7_2d7f73d1-3a3c-4fe7-8c73-8ecc3483d530,0020,1289.211,1472.697
621a134f-27a4-4d0d-9c76-e11fc3d68616,15b4ab836fa9fbc7_2d7f73d1-3a3c-4fe7-8c73-8ecc3483d530,0025,1290.354,1507.815
621a134f-27a4-4d0d-9c76-e11fc3d68616,15b4ab836fa9fbc7_2d7f73d1-3a3c-4fe7-8c73-8ecc3483d530,0030,1288.5,1492.361
621a134f-27a4-4d0d-9c76-e11fc3d68616,15b4ab836fa9fbc7_2d7f73d1-3a3c-4fe7-8c73-8ecc3483d530,0035,1289.206,1496.724
621a134f-27a4-4d0d-9c76-e11fc3d68616,15b4ab836fa9fbc7_2d7f73d1-3a3c-4fe7-8c73-8ecc3483d530,0040,1290.619,1504.525
621a134f-27a4-4d0d-9c76-e11fc3d68616,15b4ab836fa9fbc7_2d7f73d1-3a3c-4fe7-8c73-8ecc3483d530,0045,1289.418,1502.387
621a134f-27a4-4d0d-9c76-e11fc3d68616,15b4ab836fa9fbc7_2d7f73d1-3a3c-4fe7-8c73-8ecc3483d530,0050,1289.27,1508.884
621a134f-27a4-4d0d-9c76-e11fc3d68616,15b4ab836fa9fbc7_2d7f73d1-3a3c-4fe7-8c73-8ecc3483d530,0055,1288.662,1507.785
621a134f-27a4-4d0d-9c76-e11fc3d68616,15b4ab836fa9fbc7_2d7f73d1-3a3c-4fe7-8c73-8ecc3483d530,0060,1288.638,1524.135
621a134f-27a4-4d0d-9c76-e11fc3d68616,15b4ab836fa9fbc7_2d7f73d1-3a3c-4fe7-8c73-8ecc3483d530,0065,1288.017,1497.829
621a134f-27a4-4d0d-9c76-e11fc3d68616,15b4ab836fa9fbc7_2d7f73d1-3a3c-4fe7-8c73-8ecc3483d530,0070,1288.791,1491.658
621a134f-27a4-4d0d-9c76-e11fc3d68616,15b4ab836fa9fbc7_2d7f73d1-3a3c-4fe7-8c73-8ecc3483d530,0075,1287.887,1488.864
621a134f-27a4-4d0d-9c76-e11fc3d68616,15b4ab836fa9fbc7_2d7f73d1-3a3c-4fe7-8c73-8ecc3483d530,0080,1290.358,1518.674
621a134f-27a4-4d0d-9c76-e11fc3d68616,15b4ab836fa9fbc7_2d7f73d1-3a3c-4fe7-8c73-8ecc3483d530,0085,1289.691,1500.948
621a134f-27a4-4d0d-9c76-e11fc3d68616,15b4ab836fa9fbc7_2d7f73d1-3a3c-4fe7-8c73-8ecc3483d530,0090,1288.818,1502.94
621a134f-27a4-4d0d-9c76-e11fc3d68616,15b4ab836fa9fbc7_2d7f73d1-3a3c-4fe7-8c73-8ecc3483d530,0095,1289.136,1503.352
621a134f-27a4-4d0d-9c76-e11fc3d68616,15b4ab836fa9fbc7_2d7f73d1-3a3c-4fe7-8c73-8ecc3483d530,0100,1288.559,1526.395
621a134f-27a4-4d0d-9c76-e11fc3d68616,15b4ab836fa9fbc7_2d7f73d1-3a3c-4fe7-8c73-8ecc3483d530,0105,1287.567,1503.589
621a134f-27a4-4d0d-9c76-e11fc3d68616,15b4ab836fa9fbc7_2d7f73d1-3a3c-4fe7-8c73-8ecc3483d530,0110,1289.228,1515.202
621a134f-27a4-4d0d-9c76-e11fc3d68616,15b4ab836fa9fbc7_2d7f73d1-3a3c-4fe7-8c73-8ecc3483d530,0115,1288.547,1504.263
621a134f-27a4-4d0d-9c76-e11fc3d68616,15b4ab836fa9fbc7_2d7f73d1-3a3c-4fe7-8c73-8ecc3483d530,0120,1289.136,1519.119
621a134f-27a4-4d0d-9c76-e11fc3d68616,15b4ab836fa9fbc7_2d7f73d1-3a3c-4fe7-8c73-8ecc3483d530,0125,1290.827,1501.172
621a134f-27a4-4d0d-9c76-e11fc3d68616,15b4ab836fa9fbc7_2d7f73d1-3a3c-4fe7-8c73-8ecc3483d530,0130,1287.87,1496.159
621a134f-27a4-4d0d-9c76-e11fc3d68616,15b4ab836fa9fbc7_2d7f73d1-3a3c-4fe7-8c73-8ecc3483d530,0135,1289.036,1504.044
621a134f-27a4-4d0d-9c76-e11fc3d68616,15b4ab836fa9fbc7_2d7f73d1-3a3c-4fe7-8c73-8ecc3483d530,0140,1288.853,1502.219
621a134f-27a4-4d0d-9c76-e11fc3d68616,15b4ab836fa9fbc7_2d7f73d1-3a3c-4fe7-8c73-8ecc3483d530,0145,1288.696,1504.824
621a134f-27a4-4d0d-9c76-e11fc3d68616,15b4ab836fa9fbc7_2d7f73d1-3a3c-4fe7-8c73-8ecc3483d530,0150,1288.797,1509.668
621a134f-27a4-4d0d-9c76-e11fc3d68616,15b4ab836fa9fbc7_2d7f73d1-3a3c-4fe7-8c73-8ecc3483d530,0155,1288.271,1502.368
621a134f-27a4-4d0d-9c76-e11fc3d68616,15b4ab836fa9fbc7_2d7f73d1-3a3c-4fe7-8c73-8ecc3483d530,0160,1288.928,1503.86
621a134f-27a4-4d0d-9c76-e11fc3d68616,15b4ab836fa9fbc7_2d7f73d1-3a3c-4fe7-8c73-8ecc3483d530,0165,1287.551,1504.591
621a134f-27a4-4d0d-9c76-e11fc3d68616,15b4ab836fa9fbc7_2d7f73d1-3a3c-4fe7-8c73-8ecc3483d530,0170,1288.286,1515.874
621a134f-27a4-4d0d-9c76-e11fc3d68616,15b4ab836fa9fbc7_2d7f73d1-3a3c-4fe7-8c73-8ecc3483d530,0175,1287.913,1507.031
621a134f-27a4-4d0d-9c76-e11fc3d68616,15b4ab836fa9fbc7_2d7f73d1-3a3c-4fe7-8c73-8ecc3483d530,0180,1289.937,1501.662
621a134f-27a4-4d0d-9c76-e11fc3d68616,15b4ab836fa9fbc7_2d7f73d1-3a3c-4fe7-8c73-8ecc3483d530,0185,1288.132,1502.318
621a134f-27a4-4d0d-9c76-e11fc3d68616,15b4ab836fa9fbc7_2d7f73d1-3a3c-4fe7-8c73-8ecc3483d530,0190,1287.835,1485.238
621a134f-27a4-4d0d-9c76-e11fc3d68616,15b4ab836fa9fbc7_2d7f73d1-3a3c-4fe7-8c73-8ecc3483d530,0195,1288.141,1506.445
621a134f-27a4-4d0d-9c76-e11fc3d68616,15b4ab836fa9fbc7_2d7f73d1-3a3c-4fe7-8c73-8ecc3483d530,0200,1287.992,1483.719
621a134f-27a4-4d0d-9c76-e11fc3d68616,15b4ab836fa9fbc7_2d7f73d1-3a3c-4fe7-8c73-8ecc3483d530,0205,1289.622,1491.686
621a134f-27a4-4d0d-9c76-e11fc3d68616,15b4ab836fa9fbc7_2d7f73d1-3a3c-4fe7-8c73-8ecc3483d530,0210,1287.859,1520.623
621a134f-27a4-4d0d-9c76-e11fc3d68616,15b4ab836fa9fbc7_2d7f73d1-3a3c-4fe7-8c73-8ecc3483d530,0215,1288.929,1502.177
621a134f-27a4-4d0d-9c76-e11fc3d68616,15b4ab836fa9fbc7_2d7f73d1-3a3c-4fe7-8c73-8ecc3483d530,0220,1289.22,1499.23
621a134f-27a4-4d0d-9c76-e11fc3d68616,15b4ab836fa9fbc7_2d7f73d1-3a3c-4fe7-8c73-8ecc3483d530,0225,1288.726,1503.575
621a134f-27a4-4d0d-9c76-e11fc3d68616,15b4ab836fa9fbc7_2d7f73d1-3a3c-4fe7-8c73-8ecc3483d530,0230,1289.939,1482.469
621a134f-27a4-4d0d-9c76-e11fc3d68616,15b4ab836fa9fbc7_2d7f73d1-3a3c-4fe7-8c73-8ecc3483d530,0235,1289.092,1512.972
621a134f-27a4-4d0d-9c76-e11fc3d68616,15b4ab836fa9fbc7_2d7f73d1-3a3c-4fe7-8c73-8ecc3483d530,0240,1289.802,1490.345
621a134f-27a4-4d0d-9c76-e11fc3d68616,15b4ab836fa9fbc7_2d7f73d1-3a3c-4fe7-8c73-8ecc3483d530,0245,1287.517,1509.001
621a134f-27a4-4d0d-9c76-e11fc3d68616,15b4ab836fa9fbc7_2d7f73d1-3a3c-4fe7-8c73-8ecc3483d530,0250,1289.466,1486.894
621a134f-27a4-4d0d-9c76-e11fc3d68616,15b4ab836fa9fbc7_2d7f73d1-3a3c-4fe7-8c73-8ecc3483d530,0255,1289.493,1524.241
621a134f-27a4-4d0d-9c76-e11fc3d68616,15b4ab836fa9fbc7_2d7f73d1-3a3c-4fe7-8c73-8ecc3483d530,0260,1287.659,1521.296
621a134f-27a4-4d0d-9c76-e11fc3d68616,15b4ab836fa9fbc7_2d7f73d1-3a3c-4fe7-8c73-8ecc3483d530,0265,1292.415,1526.345
621a134f-27a4-4d0d-9c76-e11fc3d68616,15b4ab836fa9fbc7_2d7f73d1-3a3c-4fe7-8c73-8ecc3483d530,0270,1291.539,1531.24
621a134f-27a4-4d0d-9c76-e11fc3d68616,15b4ab836fa9fbc7_2d7f73d1-3a3c-4fe7-8c73-8ecc3483d530,0275,1289.476,1507.667
621a134f-27a4-4d0d-9c76-e11fc3d68616,15b4ab836fa9fbc7_2d7f73d1-3a3c-4fe7-8c73-8ecc3483d530,0280,1288.739,1477.731
621a134f-27a4-4d0d-9c76-e11fc3d68616,15b4ab836fa9fbc7_2d7f73d1-3a3c-4fe7-8c73-8ecc3483d530,0285,1290.227,1505.513
621a134f-27a4-4d0d-9c76-e11fc3d68616,15b4ab836fa9fbc7_2d7f73d1-3a3c-4fe7-8c73-8ecc3483d530,0290,1288.931,1475.013
621a134f-27a4-4d0d-9c76-e11fc3d68616,15b4ab836fa9fbc7_2d7f73d1-3a3c-4fe7-8c73-8ecc3483d530,0295,1287.757,1501.904
621a134f-27a4-4d0d-9c76-e11fc3d68616,15b4ab836fa9fbc7_2d7f73d1-3a3c-4fe7-8c73-8ecc3483d530,0300,1289.016,1476.203
621a134f-27a4-4d0d-9c76-e11fc3d68616,15b4ab836fa9fbc7_2d7f73d1-3a3c-4fe7-8c73-8ecc3483d530,0305,1288.988,1502.937
621a134f-27a4-4d0d-9c76-e11fc3d68616,15b4ab836fa9fbc7_2d7f73d1-3a3c-4fe7-8c73-8ecc3483d530,0310,1288.501,1497.679
621a134f-27a4-4d0d-9c76-e11fc3d68616,15b4ab836fa9fbc7_2d7f73d1-3a3c-4fe7-8c73-8ecc3483d530,0315,1289.034,1521.677
621a134f-27a4-4d0d-9c76-e11fc3d68616,15b4ab836fa9fbc7_2d7f73d1-3a3c-4fe7-8c73-8ecc3483d530,0320,1289.173,1503.921
621a134f-27a4-4d0d-9c76-e11fc3d68616,15b4ab836fa9fbc7_2d7f73d1-3a3c-4fe7-8c73-8ecc3483d530,0325,1287.563,1511.956
621a134f-27a4-4d0d-9c76-e11fc3d68616,15b4ab836fa9fbc7_2d7f73d1-3a3c-4fe7-8c73-8ecc3483d530,0330,1287.391,1468.389
621a134f-27a4-4d0d-9c76-e11fc3d68616,15b4ab836fa9fbc7_2d7f73d1-3a3c-4fe7-8c73-8ecc3483d530,0335,1289.917,1516.882
621a134f-27a4-4d0d-9c76-e11fc3d68616,15b4ab836fa9fbc7_2d7f73d1-3a3c-4fe7-8c73-8ecc3483d530,0340,1289.94,1507.287
621a134f-27a4-4d0d-9c76-e11fc3d68616,15b4ab836fa9fbc7_2d7f73d1-3a3c-4fe7-8c73-8ecc3483d530,0345,1287.261,1506.885
621a134f-27a4-4d0d-9c76-e11fc3d68616,15b4ab836fa9fbc7_2d7f73d1-3a3c-4fe7-8c73-8ecc3483d530,0350,1288.36,1469.08
621a134f-27a4-4d0d-9c76-e11fc3d68616,15b4ab836fa9fbc7_2d7f73d1-3a3c-4fe7-8c73-8ecc3483d530,0355,1287.736,1494.031
621a134f-27a4-4d0d-9c76-e11fc3d68616,15b4ab836fa9fbc7_2d7f73d1-3a3c-4fe7-8c73-8ecc3483d530,0360,1288.647,1489.806
621a134f-27a4-4d0d-9c76-e11fc3d68616,15b4ab836fa9fbc7_2d7f73d1-3a3c-4fe7-8c73-8ecc3483d530,0365,1289.469,1506.053
621a134f-27a4-4d0d-9c76-e11fc3d68616,15b4ab836fa9fbc7_2d7f73d1-3a3c-4fe7-8c73-8ecc3483d530,0370,1289.464,1483.433
621a134f-27a4-4d0d-9c76-e11fc3d68616,15b4ab836fa9fbc7_2d7f73d1-3a3c-4fe7-8c73-8ecc3483d530,0375,1289.012,1492.211
621a134f-27a4-4d0d-9c76-e11fc3d68616,15b4ab836fa9fbc7_2d7f73d1-3a3c-4fe7-8c73-8ecc3483d530,0380,1290.298,1498.243
621a134f-27a4-4d0d-9c76-e11fc3d68616,15b4ab836fa9fbc7_2d7f73d1-3a3c-4fe7-8c73-8ecc3483d530,0385,1290.471,1503.927
621a134f-27a4-4d0d-9c76-e11fc3d68616,15b4ab836fa9fbc7_2d7f73d1-3a3c-4fe7-8c73-8ecc3483d530,0390,1288.714,1511.474
621a134f-27a4-4d0d-9c76-e11fc3d68616,15b4ab836fa9fbc7_2d7f73d1-3a3c-4fe7-8c73-8ecc3483d530,0395,1289.422,1499.561
621a134f-27a4-4d0d-9c76-e11fc3d68616,15b4ab836fa9fbc7_2d7f73d1-3a3c-4fe7-8c73-8ecc3483d530,0400,1289.298,1509.305
621a134f-27a4-4d0d-9c76-e11fc3d68616,15b4ab836fa9fbc7_2d7f73d1-3a3c-4fe7-8c73-8ecc3483d530,0405,1288.69,1501.317
621a134f-27a4-4d0d-9c76-e11fc3d68616,15b4ab836fa9fbc7_2d7f73d1-3a3c-4fe7-8c73-8ecc3483d530,0410,1288.046,1481.404
621a134f-27a4-4d0d-9c76-e11fc3d68616,15b4ab836fa9fbc7_2d7f73d1-3a3c-4fe7-8c73-8ecc3483d530,0415,1289.411,1500.784
621a134f-27a4-4d0d-9c76-e11fc3d68616,15b4ab836fa9fbc7_2d7f73d1-3a3c-4fe7-8c73-8ecc3483d530,0420,1288.679,1482.493
621a134f-27a4-4d0d-9c76-e11fc3d68616,15b4ab836fa9fbc7_2d7f73d1-3a3c-4fe7-8c73-8ecc3483d530,0425,1290.317,1504.453
621a134f-27a4-4d0d-9c76-e11fc3d68616,15b4ab836fa9fbc7_2d7f73d1-3a3c-4fe7-8c73-8ecc3483d530,0430,1288.155,1507.355
621a134f-27a4-4d0d-9c76-e11fc3d68616,15b4ab836fa9fbc7_2d7f73d1-3a3c-4fe7-8c73-8ecc3483d530,0435,1289.218,1497.208
621a134f-27a4-4d0d-9c76-e11fc3d68616,15b4ab836fa9fbc7_2d7f73d1-3a3c-4fe7-8c73-8ecc3483d530,0440,1288.639,1504.809
621a134f-27a4-4d0d-9c76-e11fc3d68616,15b4ab836fa9fbc7_2d7f73d1-3a3c-4fe7-8c73-8ecc3483d530,0445,1289.813,1503.431
621a134f-27a4-4d0d-9c76-e11fc3d68616,15b4ab836fa9fbc7_2d7f73d1-3a3c-4fe7-8c73-8ecc3483d530,0450,1287.567,1517.007
621a134f-27a4-4d0d-9c76-e11fc3d68616,15b4ab836fa9fbc7_2d7f73d1-3a3c-4fe7-8c73-8ecc3483d530,0455,1288.215,1486.998
621a134f-27a4-4d0d-9c76-e11fc3d68616,15b4ab836fa9fbc7_2d7f73d1-3a3c-4fe7-8c73-8ecc3483d530,0460,1288.82,1507.671
621a134f-27a4-4d0d-9c76-e11fc3d68616,15b4ab836fa9fbc7_2d7f73d1-3a3c-4fe7-8c73-8ecc3483d530,0465,1289.846,1496.603
621a134f-27a4-4d0d-9c76-e11fc3d68616,15b4ab836fa9fbc7_2d7f73d1-3a3c-4fe7-8c73-8ecc3483d530,0470,1288.799,1496.367
621a134f-27a4-4d0d-9c76-e11fc3d68616,15b4ab836fa9fbc7_2d7f73d1-3a3c-4fe7-8c73-8ecc3483d530,0475,1287.372,1500.911
621a134f-27a4-4d0d-9c76-e11fc3d68616,15b4ab836fa9fbc7_2d7f73d1-3a3c-4fe7-8c73-8ecc3483d530,0480,1288.799,1511.049
621a134f-27a4-4d0d-9c76-e11fc3d68616,15b4ab836fa9fbc7_2d7f73d1-3a3c-4fe7-8c73-8ecc3483d530,0485,1289.766,1509.413
621a134f-27a4-4d0d-9c76-e11fc3d68616,15b4ab836fa9fbc7_2d7f73d1-3a3c-4fe7-8c73-8ecc3483d530,0490,1289.851,1503.955
621a134f-27a4-4d0d-9c76-e11fc3d68616,15b4ab836fa9fbc7_2d7f73d1-3a3c-4fe7-8c73-8ecc3483d530,0495,1288.694,1520.223
621a134f-27a4-4d0d-9c76-e11fc3d68616,15b4ab836fa9fbc7_2d7f73d1-3a3c-4fe7-8c73-8ecc3483d530,0500,1290.674,1473.178
621a134f-27a4-4d0d-9c76-e11fc3d68616,15b4ab836fa9fbc7_2d7f73d1-3a3c-4fe7-8c73-8ecc3483d530,0505,1288.098,1503.597
621a134f-27a4-4d0d-9c76-e11fc3d68616,15b4ab836fa9fbc7_2d7f73d1-3a3c-4fe7-8c73-8ecc3483d530,0510,1288.346,1499.227
621a134f-27a4-4d0d-9c76-e11fc3d68616,15b4ab836fa9fbc7_2d7f73d1-3a3c-4fe7-8c73-8ecc3483d530,0515,1288.285,1503.802
621a134f-27a4-4d0d-9c76-e11fc3d68616,15b4ab836fa9fbc7_2d7f73d1-3a3c-4fe7-8c73-8ecc3483d530,0520,1287.265,1494.591
621a134f-27a4-4d0d-9c76-e11fc3d68616,15b4ab836fa9fbc7_2d7f73d1-3a3c-4fe7-8c73-8ecc3483d530,0525,1290.016,1516.065
621a134f-27a4-4d0d-9c76-e11fc3d68616,15b4ab836fa9fbc7_2d7f73d1-3a3c-4fe7-8c73-8ecc3483d530,0530,1290.33,1505.457
621a134f-27a4-4d0d-9c76-e11fc3d68616,15b4ab836fa9fbc7_2d7f73d1-3a3c-4fe7-8c73-8ecc3483d530,0535,1290.481,1502.239
621a134f-27a4-4d0d-9c76-e11fc3d68616,15b4ab836fa9fbc7_2d7f73d1-3a3c-4fe7-8c73-8ecc3483d530,0540,1291.652,1518.434
621a134f-27a4-4d0d-9c76-e11fc3d68616,15b4ab836fa9fbc7_2d7f73d1-3a3c-4fe7-8c73-8ecc3483d530,0545,1289.898,1507.867
621a134f-27a4-4d0d-9c76-e11fc3d68616,15b4ab836fa9fbc7_2d7f73d1-3a3c-4fe7-8c73-8ecc3483d530,0550,1290.43,1491.283
621a134f-27a4-4d0d-9c76-e11fc3d68616,15b4ab836fa9fbc7_2d7f73d1-3a3c-4fe7-8c73-8ecc3483d530,0555,1289.129,1505.251
621a134f-27a4-4d0d-9c76-e11fc3d68616,15b4ab836fa9fbc7_2d7f73d1-3a3c-4fe7-8c73-8ecc3483d530,0560,1289.199,1477.542
621a134f-27a4-4d0d-9c76-e11fc3d68616,15b4ab836fa9fbc7_2d7f73d1-3a3c-4fe7-8c73-8ecc3483d530,0565,1289.239,1503.648
621a134f-27a4-4d0d-9c76-e11fc3d68616,15b4ab836fa9fbc7_2d7f73d1-3a3c-4fe7-8c73-8ecc3483d530,0570,1289.596,1474.419
621a134f-27a4-4d0d-9c76-e11fc3d68616,15b4ab836fa9fbc7_2d7f73d1-3a3c-4fe7-8c73-8ecc3483d530,0575,1291.099,1511.178
621a134f-27a4-4d0d-9c76-e11fc3d68616,15b4ab836fa9fbc7_2d7f73d1-3a3c-4fe7-8c73-8ecc3483d530,0580,1290.006,1523.623
621a134f-27a4-4d0d-9c76-e11fc3d68616,15b4ab836fa9fbc7_2d7f73d1-3a3c-4fe7-8c73-8ecc3483d530,0585,1290.274,1526.232
621a134f-27a4-4d0d-9c76-e11fc3d68616,15b4ab836fa9fbc7_2d7f73d1-3a3c-4fe7-8c73-8ecc3483d530,0590,1289.846,1530.653
621a134f-27a4-4d0d-9c76-e11fc3d68616,15b4ab836fa9fbc7_2d7f73d1-3a3c-4fe7-8c73-8ecc3483d530,0595,1288.662,1502.493
621a134f-27a4-4d0d-9c76-e11fc3d68616,15b4ab836fa9fbc7_2d7f73d1-3a3c-4fe7-8c73-8ecc3483d530,0600,1288.971,1500.126
621a134f-27a4-4d0d-9c76-e11fc3d68616,15b4ab836fa9fbc7_2d7f73d1-3a3c-4fe7-8c73-8ecc3483d530,0605,1289.295,1498.393
621a134f-27a4-4d0d-9c76-e11fc3d68616,15b4ab836fa9fbc7_2d7f73d1-3a3c-4fe7-8c73-8ecc3483d530,0610,1289.102,1496.827
621a134f-27a4-4d0d-9c76-e11fc3d68616,15b4ab836fa9fbc7_2d7f73d1-3a3c-4fe7-8c73-8ecc3483d530,0615,1288.94,1512.897
621a134f-27a4-4d0d-9c76-e11fc3d68616,15b4ab836fa9fbc7_2d7f73d1-3a3c-4fe7-8c73-8ecc3483d530,0620,1288.456,1486.519
621a134f-27a4-4d0d-9c76-e11fc3d68616,15b4ab836fa9fbc7_2d7f73d1-3a3c-4fe7-8c73-8ecc3483d530,0625,1288.902,1509.336
621a134f-27a4-4d0d-9c76-e11fc3d68616,15b4ab836fa9fbc7_2d7f73d1-3a3c-4fe7-8c73-8ecc3483d530,0630,1289.304,1492.253
621a134f-27a4-4d0d-9c76-e11fc3d68616,15b4ab836fa9fbc7_2d7f73d1-3a3c-4fe7-8c73-8ecc3483d530,0635,1289.398,1528.805
621a134f-27a4-4d0d-9c76-e11fc3d68616,15b4ab836fa9fbc7_2d7f73d1-3a3c-4fe7-8c73-8ecc3483d530,0640,1289.272,1497.438
621a134f-27a4-4d0d-9c76-e11fc3d68616,15b4ab836fa9fbc7_2d7f73d1-3a3c-4fe7-8c73-8ecc3483d530,0645,1287.922,1499.171
621a134f-27a4-4d0d-9c76-e11fc3d68616,15b4ab836fa9fbc7_2d7f73d1-3a3c-4fe7-8c73-8ecc3483d530,0650,1287.626,1495.43
621a134f-27a4-4d0d-9c76-e11fc3d68616,15b4ab836fa9fbc7_2d7f73d1-3a3c-4fe7-8c73-8ecc3483d530,0655,1288.614,1503.124
621a134f-27a4-4d0d-9c76-e11fc3d68616,15b4ab836fa9fbc7_2d7f73d1-3a3c-4fe7-8c73-8ecc3483d530,0660,1288.413,1498.861
621a134f-27a4-4d0d-9c76-e11fc3d68616,15b4ab836fa9fbc7_2d7f73d1-3a3c-4fe7-8c73-8ecc3483d530,0665,1288.058,1501.008
621a134f-27a4-4d0d-9c76-e11fc3d68616,15b4ab836fa9fbc7_2d7f73d1-3a3c-4fe7-8c73-8ecc3483d530,0670,1288.457,1506.83
621a134f-27a4-4d0d-9c76-e11fc3d68616,15b4ab836fa9fbc7_2d7f73d1-3a3c-4fe7-8c73-8ecc3483d530,0675,1289.013,1501.666
621a134f-27a4-4d0d-9c76-e11fc3d68616,15b4ab836fa9fbc7_2d7f73d1-3a3c-4fe7-8c73-8ecc3483d530,0680,1289.646,1510.668
621a134f-27a4-4d0d-9c76-e11fc3d68616,15b4ab836fa9fbc7_2d7f73d1-3a3c-4fe7-8c73-8ecc3483d530,0685,1289.83,1508.74
621a134f-27a4-4d0d-9c76-e11fc3d68616,15b4ab836fa9fbc7_2d7f73d1-3a3c-4fe7-8c73-8ecc3483d530,0690,1289.178,1512.778
621a134f-27a4-4d0d-9c76-e11fc3d68616,15b4ab836fa9fbc7_2d7f73d1-3a3c-4fe7-8c73-8ecc3483d530,0695,1289.227,1496.669
621a134f-27a4-4d0d-9c76-e11fc3d68616,15b4ab836fa9fbc7_2d7f73d1-3a3c-4fe7-8c73-8ecc3483d530,0700,1288.859,1498.906
621a134f-27a4-4d0d-9c76-e11fc3d68616,15b4ab836fa9fbc7_2d7f73d1-3a3c-4fe7-8c73-8ecc3483d530,0705,1290.233,1509.507
621a134f-27a4-4d0d-9c76-e11fc3d68616,15b4ab836fa9fbc7_2d7f73d1-3a3c-4fe7-8c73-8ecc3483d530,0710,1290.012,1495.83
621a134f-27a4-4d0d-9c76-e11fc3d68616,15b4ab836fa9fbc7_2d7f73d1-3a3c-4fe7-8c73-8ecc3483d530,0715,1289.848,1503.637
621a134f-27a4-4d0d-9c76-e11fc3d68616,15b4ab836fa9fbc7_2d7f73d1-3a3c-4fe7-8c73-8ecc3483d530,0720,1288.711,1487.203
621a134f-27a4-4d0d-9c76-e11fc3d68616,15b4ab836fa9fbc7_2d7f73d1-3a3c-4fe7-8c73-8ecc3483d530,0725,1289.954,1505.405
621a134f-27a4-4d0d-9c76-e11fc3d68616,15b4ab836fa9fbc7_2d7f73d1-3a3c-4fe7-8c73-8ecc3483d530,0730,1288.201,1498.629
621a134f-27a4-4d0d-9c76-e11fc3d68616,15b4ab836fa9fbc7_2d7f73d1-3a3c-4fe7-8c73-8ecc3483d530,0735,1289.135,1526.843
621a134f-27a4-4d0d-9c76-e11fc3d68616,15b4ab836fa9fbc7_2d7f73d1-3a3c-4fe7-8c73-8ecc3483d530,0740,1290.347,1497.002
621a134f-27a4-4d0d-9c76-e11fc3d68616,15b4ab836fa9fbc7_2d7f73d1-3a3c-4fe7-8c73-8ecc3483d530,0745,1290.404,1499.167
621a134f-27a4-4d0d-9c76-e11fc3d68616,15b4ab836fa9fbc7_2d7f73d1-3a3c-4fe7-8c73-8ecc3483d530,0750,1289.549,1503.063
621a134f-27a4-4d0d-9c76-e11fc3d68616,15b4ab836fa9fbc7_2d7f73d1-3a3c-4fe7-8c73-8ecc3483d530,0755,1290.401,1501.497
621a134f-27a4-4d0d-9c76-e11fc3d68616,15b4ab836fa9fbc7_2d7f73d1-3a3c-4fe7-8c73-8ecc3483d530,0760,1288.061,1497.991
621a134f-27a4-4d0d-9c76-e11fc3d68616,15b4ab836fa9fbc7_2d7f73d1-3a3c-4fe7-8c73-8ecc3483d530,0765,1288.773,1496.21
621a134f-27a4-4d0d-9c76-e11fc3d68616,15b4ab836fa9fbc7_2d7f73d1-3a3c-4fe7-8c73-8ecc3483d530,0770,1288.23,1498.142
621a134f-27a4-4d0d-9c76-e11fc3d68616,15b4ab836fa9fbc7_2d7f73d1-3a3c-4fe7-8c73-8ecc3483d530,0775,1287.417,1504.608
621a134f-27a4-4d0d-9c76-e11fc3d68616,15b4ab836fa9fbc7_2d7f73d1-3a3c-4fe7-8c73-8ecc3483d530,0780,1287.39,1511.095
621a134f-27a4-4d0d-9c76-e11fc3d68616,15b4ab836fa9fbc7_2d7f73d1-3a3c-4fe7-8c73-8ecc3483d530,0785,1289.026,1478.414
621a134f-27a4-4d0d-9c76-e11fc3d68616,15b4ab836fa9fbc7_2d7f73d1-3a3c-4fe7-8c73-8ecc3483d530,0790,1288.285,1505.353
621a134f-27a4-4d0d-9c76-e11fc3d68616,15b4ab836fa9fbc7_2d7f73d1-3a3c-4fe7-8c73-8ecc3483d530,0795,1289.399,1512.906
621a134f-27a4-4d0d-9c76-e11fc3d68616,15b4ab836fa9fbc7_2d7f73d1-3a3c-4fe7-8c73-8ecc3483d530,0800,1288.128,1501.733
621a134f-27a4-4d0d-9c76-e11fc3d68616,15b4ab836fa9fbc7_2d7f73d1-3a3c-4fe7-8c73-8ecc3483d530,0805,1288.933,1495.114
621a134f-27a4-4d0d-9c76-e11fc3d68616,15b4ab836fa9fbc7_2d7f73d1-3a3c-4fe7-8c73-8ecc3483d530,0810,1288.174,1498.57
621a134f-27a4-4d0d-9c76-e11fc3d68616,15b4ab836fa9fbc7_2d7f73d1-3a3c-4fe7-8c73-8ecc3483d530,0815,1289.638,1527.699
621a134f-27a4-4d0d-9c76-e11fc3d68616,15b4ab836fa9fbc7_2d7f73d1-3a3c-4fe7-8c73-8ecc3483d530,0820,1289.378,1504.174
621a134f-27a4-4d0d-9c76-e11fc3d68616,15b4ab836fa9fbc7_2d7f73d1-3a3c-4fe7-8c73-8ecc3483d530,0825,1290.275,1514.714
621a134f-27a4-4d0d-9c76-e11fc3d68616,15b4ab836fa9fbc7_2d7f73d1-3a3c-4fe7-8c73-8ecc3483d530,0830,1290.384,1509.294
621a134f-27a4-4d0d-9c76-e11fc3d68616,15b4ab836fa9fbc7_2d7f73d1-3a3c-4fe7-8c73-8ecc3483d530,0835,1288.445,1473.082
621a134f-27a4-4d0d-9c76-e11fc3d68616,15b4ab836fa9fbc7_2d7f73d1-3a3c-4fe7-8c73-8ecc3483d530,0840,1288.862,1499.793
621a134f-27a4-4d0d-9c76-e11fc3d68616,15b4ab836fa9fbc7_2d7f73d1-3a3c-4fe7-8c73-8ecc3483d530,0845,1288.734,1507.742
621a134f-27a4-4d0d-9c76-e11fc3d68616,15b4ab836fa9fbc7_2d7f73d1-3a3c-4fe7-8c73-8ecc3483d530,0850,1288.711,1504.052
621a134f-27a4-4d0d-9c76-e11fc3d68616,15b4ab836fa9fbc7_2d7f73d1-3a3c-4fe7-8c73-8ecc3483d530,0855,1287.939,1488.785
621a134f-27a4-4d0d-9c76-e11fc3d68616,15b4ab836fa9fbc7_2d7f73d1-3a3c-4fe7-8c73-8ecc3483d530,0860,1290.092,1503.624
621a134f-27a4-4d0d-9c76-e11fc3d68616,15b4ab836fa9fbc7_2d7f73d1-3a3c-4fe7-8c73-8ecc3483d530,0865,1290.899,1497.171
621a134f-27a4-4d0d-9c76-e11fc3d68616,15b4ab836fa9fbc7_2d7f73d1-3a3c-4fe7-8c73-8ecc3483d530,0870,1290.386,1498.625
621a134f-27a4-4d0d-9c76-e11fc3d68616,15b4ab836fa9fbc7_2d7f73d1-3a3c-4fe7-8c73-8ecc3483d530,0875,1294.391,1523.816
621a134f-27a4-4d0d-9c76-e11fc3d68616,15b4ab836fa9fbc7_2d7f73d1-3a3c-4fe7-8c73-8ecc3483d530,0880,1289.069,1503.511
621a134f-27a4-4d0d-9c76-e11fc3d68616,15b4ab836fa9fbc7_2d7f73d1-3a3c-4fe7-8c73-8ecc3483d530,0885,1289.222,1466.68
621a134f-27a4-4d0d-9c76-e11fc3d68616,15b4ab836fa9fbc7_2d7f73d1-3a3c-4fe7-8c73-8ecc3483d530,0890,1288.558,1502.22
621a134f-27a4-4d0d-9c76-e11fc3d68616,15b4ab836fa9fbc7_2d7f73d1-3a3c-4fe7-8c73-8ecc3483d530,0895,1287.646,1506.096
621a134f-27a4-4d0d-9c76-e11fc3d68616,15b4ab836fa9fbc7_2d7f73d1-3a3c-4fe7-8c73-8ecc3483d530,0900,1287.589,1503.167
621a134f-27a4-4d0d-9c76-e11fc3d68616,15b4ab836fa9fbc7_2d7f73d1-3a3c-4fe7-8c73-8ecc3483d530,0905,1287.209,1493.009
621a134f-27a4-4d0d-9c76-e11fc3d68616,15b4ab836fa9fbc7_2d7f73d1-3a3c-4fe7-8c73-8ecc3483d530,0910,1289.802,1497.087
621a134f-27a4-4d0d-9c76-e11fc3d68616,15b4ab836fa9fbc7_2d7f73d1-3a3c-4fe7-8c73-8ecc3483d530,0915,1289.493,1504.484
621a134f-27a4-4d0d-9c76-e11fc3d68616,15b4ab836fa9fbc7_2d7f73d1-3a3c-4fe7-8c73-8ecc3483d530,0920,1289.382,1504.429
621a134f-27a4-4d0d-9c76-e11fc3d68616,15b4ab836fa9fbc7_2d7f73d1-3a3c-4fe7-8c73-8ecc3483d530,0925,1290.445,1511.642
621a134f-27a4-4d0d-9c76-e11fc3d68616,15b4ab836fa9fbc7_2d7f73d1-3a3c-4fe7-8c73-8ecc3483d530,0930,1288.305,1502.751
621a134f-27a4-4d0d-9c76-e11fc3d68616,15b4ab836fa9fbc7_2d7f73d1-3a3c-4fe7-8c73-8ecc3483d530,0935,1288.55,1470.894
621a134f-27a4-4d0d-9c76-e11fc3d68616,15b4ab836fa9fbc7_2d7f73d1-3a3c-4fe7-8c73-8ecc3483d530,0940,1288.36,1500.498
621a134f-27a4-4d0d-9c76-e11fc3d68616,15b4ab836fa9fbc7_2d7f73d1-3a3c-4fe7-8c73-8ecc3483d530,0945,1289.886,1532.098
621a134f-27a4-4d0d-9c76-e11fc3d68616,15b4ab836fa9fbc7_2d7f73d1-3a3c-4fe7-8c73-8ecc3483d530,0950,1288.7,1500.666
621a134f-27a4-4d0d-9c76-e11fc3d68616,15b4ab836fa9fbc7_2d7f73d1-3a3c-4fe7-8c73-8ecc3483d530,0955,1288.745,1508.199
621a134f-27a4-4d0d-9c76-e11fc3d68616,15b4ab836fa9fbc7_2d7f73d1-3a3c-4fe7-8c73-8ecc3483d530,0960,1287.727,1502.442
621a134f-27a4-4d0d-9c76-e11fc3d68616,15b4ab836fa9fbc7_2d7f73d1-3a3c-4fe7-8c73-8ecc3483d530,0965,1289.851,1498.779
621a134f-27a4-4d0d-9c76-e11fc3d68616,15b4ab836fa9fbc7_2d7f73d1-3a3c-4fe7-8c73-8ecc3483d530,0970,1288.063,1493.798
621a134f-27a4-4d0d-9c76-e11fc3d68616,15b4ab836fa9fbc7_2d7f73d1-3a3c-4fe7-8c73-8ecc3483d530,0975,1287.332,1499.366
621a134f-27a4-4d0d-9c76-e11fc3d68616,15b4ab836fa9fbc7_2d7f73d1-3a3c-4fe7-8c73-8ecc3483d530,0980,1286.788,1487.402
621a134f-27a4-4d0d-9c76-e11fc3d68616,15b4ab836fa9fbc7_2d7f73d1-3a3c-4fe7-8c73-8ecc3483d530,0985,1289.097,1470.026
621a134f-27a4-4d0d-9c76-e11fc3d68616,15b4ab836fa9fbc7_2d7f73d1-3a3c-4fe7-8c73-8ecc3483d530,0990,1289.069,1503.875
621a134f-27a4-4d0d-9c76-e11fc3d68616,15b4ab836fa9fbc7_2d7f73d1-3a3c-4fe7-8c73-8ecc3483d530,0995,1288.477,1503.006
621a134f-27a4-4d0d-9c76-e11fc3d68616,15b4ab836fa9fbc7_2d7f73d1-3a3c-4fe7-8c73-8ecc3483d530,1000,1288.25,1502.139
621a134f-27a4-4d0d-9c76-e11fc3d68616,15b4ab836fa9fbc7_2d7f73d1-3a3c-4fe7-8c73-8ecc3483d530,1005,1288.683,1489.26
621a134f-27a4-4d0d-9c76-e11fc3d68616,15b4ab836fa9fbc7_2d7f73d1-3a3c-4fe7-8c73-8ecc3483d530,1010,1287.986,1502.523
621a134f-27a4-4d0d-9c76-e11fc3d68616,15b4ab836fa9fbc7_2d7f73d1-3a3c-4fe7-8c73-8ecc3483d530,1015,1289.032,1504.355
621a134f-27a4-4d0d-9c76-e11fc3d68616,15b4ab836fa9fbc7_2d7f73d1-3a3c-4fe7-8c73-8ecc3483d530,1020,1287.995,1501.36
621a134f-27a4-4d0d-9c76-e11fc3d68616,15b4ab836fa9fbc7_2d7f73d1-3a3c-4fe7-8c73-8ecc3483d530,1025,1290.333,1519.771
621a134f-27a4-4d0d-9c76-e11fc3d68616,15b4ab836fa9fbc7_2d7f73d1-3a3c-4fe7-8c73-8ecc3483d530,1030,1288.739,1503.249
621a134f-27a4-4d0d-9c76-e11fc3d68616,15b4ab836fa9fbc7_2d7f73d1-3a3c-4fe7-8c73-8ecc3483d530,1035,1288.074,1495.484
621a134f-27a4-4d0d-9c76-e11fc3d68616,15b4ab836fa9fbc7_2d7f73d1-3a3c-4fe7-8c73-8ecc3483d530,1040,1287.89,1504.366
621a134f-27a4-4d0d-9c76-e11fc3d68616,15b4ab836fa9fbc7_2d7f73d1-3a3c-4fe7-8c73-8ecc3483d530,1045,1288.43,1503.576
621a134f-27a4-4d0d-9c76-e11fc3d68616,15b4ab836fa9fbc7_2d7f73d1-3a3c-4fe7-8c73-8ecc3483d530,1050,1289.313,1526.579
621a134f-27a4-4d0d-9c76-e11fc3d68616,15b4ab836fa9fbc7_2d7f73d1-3a3c-4fe7-8c73-8ecc3483d530,1055,1290.04,1506.567
621a134f-27a4-4d0d-9c76-e11fc3d68616,15b4ab836fa9fbc7_2d7f73d1-3a3c-4fe7-8c73-8ecc3483d530,1060,1288.209,1517.785
621a134f-27a4-4d0d-9c76-e11fc3d68616,15b4ab836fa9fbc7_2d7f73d1-3a3c-4fe7-8c73-8ecc3483d530,1065,1288.902,1524.39
621a134f-27a4-4d0d-9c76-e11fc3d68616,15b4ab836fa9fbc7_2d7f73d1-3a3c-4fe7-8c73-8ecc3483d530,1070,1288.958,1521.533
621a134f-27a4-4d0d-9c76-e11fc3d68616,15b4ab836fa9fbc7_2d7f73d1-3a3c-4fe7-8c73-8ecc3483d530,1075,1288.879,1525.073
621a134f-27a4-4d0d-9c76-e11fc3d68616,15b4ab836fa9fbc7_2d7f73d1-3a3c-4fe7-8c73-8ecc3483d530,1080,1289.522,1503.586
621a134f-27a4-4d0d-9c76-e11fc3d68616,15b4ab836fa9fbc7_2d7f73d1-3a3c-4fe7-8c73-8ecc3483d530,1085,1289.442,1530.478
621a134f-27a4-4d0d-9c76-e11fc3d68616,15b4ab836fa9fbc7_2d7f73d1-3a3c-4fe7-8c73-8ecc3483d530,1090,1289.796,1501.854
621a134f-27a4-4d0d-9c76-e11fc3d68616,15b4ab836fa9fbc7_2d7f73d1-3a3c-4fe7-8c73-8ecc3483d530,1095,1289.844,1507.775
621a134f-27a4-4d0d-9c76-e11fc3d68616,15b4ab836fa9fbc7_2d7f73d1-3a3c-4fe7-8c73-8ecc3483d530,1100,1289.266,1495.962
621a134f-27a4-4d0d-9c76-e11fc3d68616,15b4ab836fa9fbc7_2d7f73d1-3a3c-4fe7-8c73-8ecc3483d530,1105,1289.91,1503.044
621a134f-27a4-4d0d-9c76-e11fc3d68616,15b4ab836fa9fbc7_2d7f73d1-3a3c-4fe7-8c73-8ecc3483d530,1110,1289.554,1505.954
621a134f-27a4-4d0d-9c76-e11fc3d68616,15b4ab836fa9fbc7_2d7f73d1-3a3c-4fe7-8c73-8ecc3483d530,1115,1289.071,1511.615
621a134f-27a4-4d0d-9c76-e11fc3d68616,15b4ab836fa9fbc7_2d7f73d1-3a3c-4fe7-8c73-8ecc3483d530,1120,1287.775,1507.18
621a134f-27a4-4d0d-9c76-e11fc3d68616,15b4ab836fa9fbc7_2d7f73d1-3a3c-4fe7-8c73-8ecc3483d530,1125,1288.458,1506.298
621a134f-27a4-4d0d-9c76-e11fc3d68616,15b4ab836fa9fbc7_2d7f73d1-3a3c-4fe7-8c73-8ecc3483d530,1130,1288.711,1505.241
621a134f-27a4-4d0d-9c76-e11fc3d68616,15b4ab836fa9fbc7_2d7f73d1-3a3c-4fe7-8c73-8ecc3483d530,1135,1291.581,1509.243
621a134f-27a4-4d0d-9c76-e11fc3d68616,15b4ab836fa9fbc7_2d7f73d1-3a3c-4fe7-8c73-8ecc3483d530,1140,1288.952,1496.465
621a134f-27a4-4d0d-9c76-e11fc3d68616,15b4ab836fa9fbc7_2d7f73d1-3a3c-4fe7-8c73-8ecc3483d530,1145,1288.362,1505.377
621a134f-27a4-4d0d-9c76-e11fc3d68616,15b4ab836fa9fbc7_2d7f73d1-3a3c-4fe7-8c73-8ecc3483d530,1150,1288.835,1514.925
621a134f-27a4-4d0d-9c76-e11fc3d68616,15b4ab836fa9fbc7_2d7f73d1-3a3c-4fe7-8c73-8ecc3483d530,1155,1288.81,1513.45
621a134f-27a4-4d0d-9c76-e11fc3d68616,15b4ab836fa9fbc7_2d7f73d1-3a3c-4fe7-8c73-8ecc3483d530,1160,1289.671,1508.967
621a134f-27a4-4d0d-9c76-e11fc3d68616,15b4ab836fa9fbc7_2d7f73d1-3a3c-4fe7-8c73-8ecc3483d530,1165,1288.935,1524.688
621a134f-27a4-4d0d-9c76-e11fc3d68616,15b4ab836fa9fbc7_2d7f73d1-3a3c-4fe7-8c73-8ecc3483d530,1170,1288.084,1510.707
621a134f-27a4-4d0d-9c76-e11fc3d68616,15b4ab836fa9fbc7_2d7f73d1-3a3c-4fe7-8c73-8ecc3483d530,1175,1290.261,1489.958
621a134f-27a4-4d0d-9c76-e11fc3d68616,15b4ab836fa9fbc7_2d7f73d1-3a3c-4fe7-8c73-8ecc3483d530,1180,1288.111,1488.881
621a134f-27a4-4d0d-9c76-e11fc3d68616,15b4ab836fa9fbc7_2d7f73d1-3a3c-4fe7-8c73-8ecc3483d530,1185,1290.297,1479.734
621a134f-27a4-4d0d-9c76-e11fc3d68616,15b4ab836fa9fbc7_2d7f73d1-3a3c-4fe7-8c73-8ecc3483d530,1190,1289.092,1491.242
621a134f-27a4-4d0d-9c76-e11fc3d68616,15b4ab836fa9fbc7_2d7f73d1-3a3c-4fe7-8c73-8ecc3483d530,1195,1288.852,1491.542
621a134f-27a4-4d0d-9c76-e11fc3d68616,15b4ab836fa9fbc7_2d7f73d1-3a3c-4fe7-8c73-8ecc3483d530,1200,1288.072,1529.633
621a134f-27a4-4d0d-9c76-e11fc3d68616,15b4ab836fa9fbc7_2d7f73d1-3a3c-4fe7-8c73-8ecc3483d530,1205,1288.132,1480.444
621a134f-27a4-4d0d-9c76-e11fc3d68616,15b4ab836fa9fbc7_2d7f73d1-3a3c-4fe7-8c73-8ecc3483d530,1210,1287.581,1502.67
621a134f-27a4-4d0d-9c76-e11fc3d68616,15b4ab836fa9fbc7_2d7f73d1-3a3c-4fe7-8c73-8ecc3483d530,1215,1289.029,1481.541
621a134f-27a4-4d0d-9c76-e11fc3d68616,15b4ab836fa9fbc7_2d7f73d1-3a3c-4fe7-8c73-8ecc3483d530,1220,1289.069,1485.086
621a134f-27a4-4d0d-9c76-e11fc3d68616,15b4ab836fa9fbc7_2d7f73d1-3a3c-4fe7-8c73-8ecc3483d530,1225,1288.622,1484.921
621a134f-27a4-4d0d-9c76-e11fc3d68616,15b4ab836fa9fbc7_2d7f73d1-3a3c-4fe7-8c73-8ecc3483d530,1230,1289.226,1506.002
621a134f-27a4-4d0d-9c76-e11fc3d68616,15b4ab836fa9fbc7_2d7f73d1-3a3c-4fe7-8c73-8ecc3483d530,1235,1289.873,1497.481
621a134f-27a4-4d0d-9c76-e11fc3d68616,15b4ab836fa9fbc7_2d7f73d1-3a3c-4fe7-8c73-8ecc3483d530,1240,1289.226,1500.566
621a134f-27a4-4d0d-9c76-e11fc3d68616,15b4ab836fa9fbc7_2d7f73d1-3a3c-4fe7-8c73-8ecc3483d530,1245,1288.883,1489.401
621a134f-27a4-4d0d-9c76-e11fc3d68616,15b4ab836fa9fbc7_2d7f73d1-3a3c-4fe7-8c73-8ecc3483d530,1250,1288.16,1515.244
621a134f-27a4-4d0d-9c76-e11fc3d68616,15b4ab836fa9fbc7_2d7f73d1-3a3c-4fe7-8c73-8ecc3483d530,1255,1287.719,1487.814
621a134f-27a4-4d0d-9c76-e11fc3d68616,15b4ab836fa9fbc7_2d7f73d1-3a3c-4fe7-8c73-8ecc3483d530,1260,1289.983,1506.793
621a134f-27a4-4d0d-9c76-e11fc3d68616,15b4ab836fa9fbc7_2d7f73d1-3a3c-4fe7-8c73-8ecc3483d530,1265,1288.073,1491.333
621a134f-27a4-4d0d-9c76-e11fc3d68616,15b4ab836fa9fbc7_2d7f73d1-3a3c-4fe7-8c73-8ecc3483d530,1270,1288.766,1504.514
621a134f-27a4-4d0d-9c76-e11fc3d68616,15b4ab836fa9fbc7_2d7f73d1-3a3c-4fe7-8c73-8ecc3483d530,1275,1288.743,1511.591
621a134f-27a4-4d0d-9c76-e11fc3d68616,15b4ab836fa9fbc7_2d7f73d1-3a3c-4fe7-8c73-8ecc3483d530,1280,1289.765,1523.395
621a134f-27a4-4d0d-9c76-e11fc3d68616,15b4ab836fa9fbc7_2d7f73d1-3a3c-4fe7-8c73-8ecc3483d530,1285,1288.211,1485.954
621a134f-27a4-4d0d-9c76-e11fc3d68616,15b4ab836fa9fbc7_2d7f73d1-3a3c-4fe7-8c73-8ecc3483d530,1290,1288.239,1502.633
621a134f-27a4-4d0d-9c76-e11fc3d68616,15b4ab836fa9fbc7_2d7f73d1-3a3c-4fe7-8c73-8ecc3483d530,1295,1291.019,1522.112
621a134f-27a4-4d0d-9c76-e11fc3d68616,15b4ab836fa9fbc7_2d7f73d1-3a3c-4fe7-8c73-8ecc3483d530,1300,1288.523,1520.098
621a134f-27a4-4d0d-9c76-e11fc3d68616,15b4ab836fa9fbc7_2d7f73d1-3a3c-4fe7-8c73-8ecc3483d530,1305,1289.53,1490.321
621a134f-27a4-4d0d-9c76-e11fc3d68616,15b4ab836fa9fbc7_2d7f73d1-3a3c-4fe7-8c73-8ecc3483d530,1310,1290.221,1508.378
621a134f-27a4-4d0d-9c76-e11fc3d68616,15b4ab836fa9fbc7_2d7f73d1-3a3c-4fe7-8c73-8ecc3483d530,1315,1287.363,1504.604
621a134f-27a4-4d0d-9c76-e11fc3d68616,15b4ab836fa9fbc7_2d7f73d1-3a3c-4fe7-8c73-8ecc3483d530,1320,1288.088,1504.028
621a134f-27a4-4d0d-9c76-e11fc3d68616,15b4ab836fa9fbc7_2d7f73d1-3a3c-4fe7-8c73-8ecc3483d530,1325,1288.372,1478.358
621a134f-27a4-4d0d-9c76-e11fc3d68616,15b4ab836fa9fbc7_2d7f73d1-3a3c-4fe7-8c73-8ecc3483d530,1330,1288.249,1479.392
621a134f-27a4-4d0d-9c76-e11fc3d68616,15b4ab836fa9fbc7_2d7f73d1-3a3c-4fe7-8c73-8ecc3483d530,1335,1289.38,1518.452
621a134f-27a4-4d0d-9c76-e11fc3d68616,15b4ab836fa9fbc7_2d7f73d1-3a3c-4fe7-8c73-8ecc3483d530,1340,1288.542,1496.361
621a134f-27a4-4d0d-9c76-e11fc3d68616,15b4ab836fa9fbc7_2d7f73d1-3a3c-4fe7-8c73-8ecc3483d530,1345,1289.044,1482.268
621a134f-27a4-4d0d-9c76-e11fc3d68616,15b4ab836fa9fbc7_2d7f73d1-3a3c-4fe7-8c73-8ecc3483d530,1350,1286.859,1516.722
621a134f-27a4-4d0d-9c76-e11fc3d68616,15b4ab836fa9fbc7_2d7f73d1-3a3c-4fe7-8c73-8ecc3483d530,1355,1288.029,1488.074
621a134f-27a4-4d0d-9c76-e11fc3d68616,15b4ab836fa9fbc7_2d7f73d1-3a3c-4fe7-8c73-8ecc3483d530,1360,1288.808,1504.186
621a134f-27a4-4d0d-9c76-e11fc3d68616,15b4ab836fa9fbc7_2d7f73d1-3a3c-4fe7-8c73-8ecc3483d530,1365,1290.047,1490.565
621a134f-27a4-4d0d-9c76-e11fc3d68616,15b4ab836fa9fbc7_2d7f73d1-3a3c-4fe7-8c73-8ecc3483d530,1370,1287.829,1505.183
621a134f-27a4-4d0d-9c76-e11fc3d68616,15b4ab836fa9fbc7_2d7f73d1-3a3c-4fe7-8c73-8ecc3483d530,1375,1289.598,1491.643
621a134f-27a4-4d0d-9c76-e11fc3d68616,15b4ab836fa9fbc7_2d7f73d1-3a3c-4fe7-8c73-8ecc3483d530,1380,1290.174,1517.305
621a134f-27a4-4d0d-9c76-e11fc3d68616,15b4ab836fa9fbc7_2d7f73d1-3a3c-4fe7-8c73-8ecc3483d530,1385,1288.245,1511.047
621a134f-27a4-4d0d-9c76-e11fc3d68616,15b4ab836fa9fbc7_2d7f73d1-3a3c-4fe7-8c73-8ecc3483d530,1390,1288.712,1502.752
621a134f-27a4-4d0d-9c76-e11fc3d68616,15b4ab836fa9fbc7_2d7f73d1-3a3c-4fe7-8c73-8ecc3483d530,1395,1288.459,1477.343
621a134f-27a4-4d0d-9c76-e11fc3d68616,15b4ab836fa9fbc7_2d7f73d1-3a3c-4fe7-8c73-8ecc3483d530,1400,1289.24,1514.871
621a134f-27a4-4d0d-9c76-e11fc3d68616,15b4ab836fa9fbc7_2d7f73d1-3a3c-4fe7-8c73-8ecc3483d530,1405,1290.403,1511.226
621a134f-27a4-4d0d-9c76-e11fc3d68616,15b4ab836fa9fbc7_2d7f73d1-3a3c-4fe7-8c73-8ecc3483d530,1410,1288.652,1503.08
621a134f-27a4-4d0d-9c76-e11fc3d68616,15b4ab836fa9fbc7_2d7f73d1-3a3c-4fe7-8c73-8ecc3483d530,1415,1290.007,1473.648
621a134f-27a4-4d0d-9c76-e11fc3d68616,15b4ab836fa9fbc7_2d7f73d1-3a3c-4fe7-8c73-8ecc3483d530,1420,1287.907,1509.768
621a134f-27a4-4d0d-9c76-e11fc3d68616,15b4ab836fa9fbc7_2d7f73d1-3a3c-4fe7-8c73-8ecc3483d530,1425,1287.031,1490.889
621a134f-27a4-4d0d-9c76-e11fc3d68616,15b4ab836fa9fbc7_2d7f73d1-3a3c-4fe7-8c73-8ecc3483d530,1430,1289.359,1506.032
621a134f-27a4-4d0d-9c76-e11fc3d68616,15b4ab836fa9fbc7_2d7f73d1-3a3c-4fe7-8c73-8ecc3483d530,1435,1287.363,1507.965
621a134f-27a4-4d0d-9c76-e11fc3d68616,15b4ab836fa9fbc7_2d7f73d1-3a3c-4fe7-8c73-8ecc3483d530,1440,1287.998,1504.53
621a134f-27a4-4d0d-9c76-e11fc3d68616,15b4ab836fa9fbc7_2d7f73d1-3a3c-4fe7-8c73-8ecc3483d530,1445,1287.115,1475.419
621a134f-27a4-4d0d-9c76-e11fc3d68616,15b4ab836fa9fbc7_2d7f73d1-3a3c-4fe7-8c73-8ecc3483d530,1450,1295.315,1520.378
621a134f-27a4-4d0d-9c76-e11fc3d68616,15b4ab836fa9fbc7_2d7f73d1-3a3c-4fe7-8c73-8ecc3483d530,1455,1287.787,1559.202
621a134f-27a4-4d0d-9c76-e11fc3d68616,15b4ab836fa9fbc7_2d7f73d1-3a3c-4fe7-8c73-8ecc3483d530,1460,1288.903,1506.707
621a134f-27a4-4d0d-9c76-e11fc3d68616,15b4ab836fa9fbc7_2d7f73d1-3a3c-4fe7-8c73-8ecc3483d530,1465,1288.996,1510.693
621a134f-27a4-4d0d-9c76-e11fc3d68616,15b4ab836fa9fbc7_2d7f73d1-3a3c-4fe7-8c73-8ecc3483d530,1470,1289.386,1505.307
621a134f-27a4-4d0d-9c76-e11fc3d68616,15b4ab836fa9fbc7_2d7f73d1-3a3c-4fe7-8c73-8ecc3483d530,1475,1289.708,1510.039
621a134f-27a4-4d0d-9c76-e11fc3d68616,15b4ab836fa9fbc7_2d7f73d1-3a3c-4fe7-8c73-8ecc3483d530,1480,1290.183,1542.349
621a134f-27a4-4d0d-9c76-e11fc3d68616,15b4ab836fa9fbc7_2d7f73d1-3a3c-4fe7-8c73-8ecc3483d530,1485,1288.397,1496.514
621a134f-27a4-4d0d-9c76-e11fc3d68616,15b4ab836fa9fbc7_2d7f73d1-3a3c-4fe7-8c73-8ecc3483d530,1490,1290.402,1532.663
621a134f-27a4-4d0d-9c76-e11fc3d68616,15b4ab836fa9fbc7_2d7f73d1-3a3c-4fe7-8c73-8ecc3483d530,1495,1289.811,1502.803
621a134f-27a4-4d0d-9c76-e11fc3d68616,15b4ab836fa9fbc7_2d7f73d1-3a3c-4fe7-8c73-8ecc3483d530,1500,1286.808,1496.527
621a134f-27a4-4d0d-9c76-e11fc3d68616,15b4ab836fa9fbc7_2d7f73d1-3a3c-4fe7-8c73-8ecc3483d530,1505,1288.828,1522.433
621a134f-27a4-4d0d-9c76-e11fc3d68616,15b4ab836fa9fbc7_2d7f73d1-3a3c-4fe7-8c73-8ecc3483d530,1510,1288.149,1499.959
621a134f-27a4-4d0d-9c76-e11fc3d68616,15b4ab836fa9fbc7_2d7f73d1-3a3c-4fe7-8c73-8ecc3483d530,1515,1289.554,1496.222
621a134f-27a4-4d0d-9c76-e11fc3d68616,15b4ab836fa9fbc7_2d7f73d1-3a3c-4fe7-8c73-8ecc3483d530,1520,1287.914,1501.634
621a134f-27a4-4d0d-9c76-e11fc3d68616,15b4ab836fa9fbc7_2d7f73d1-3a3c-4fe7-8c73-8ecc3483d530,1525,1288.065,1505.98
621a134f-27a4-4d0d-9c76-e11fc3d68616,15b4ab836fa9fbc7_2d7f73d1-3a3c-4fe7-8c73-8ecc3483d530,1530,1288.69,1497.926
621a134f-27a4-4d0d-9c76-e11fc3d68616,15b4ab836fa9fbc7_2d7f73d1-3a3c-4fe7-8c73-8ecc3483d530,1535,1289.303,1505.909
621a134f-27a4-4d0d-9c76-e11fc3d68616,15b4ab836fa9fbc7_2d7f73d1-3a3c-4fe7-8c73-8ecc3483d530,1540,1289.433,1510.973
621a134f-27a4-4d0d-9c76-e11fc3d68616,15b4ab836fa9fbc7_2d7f73d1-3a3c-4fe7-8c73-8ecc3483d530,1545,1289.183,1532.262
621a134f-27a4-4d0d-9c76-e11fc3d68616,15b4ab836fa9fbc7_2d7f73d1-3a3c-4fe7-8c73-8ecc3483d530,1550,1290.875,1505.002
621a134f-27a4-4d0d-9c76-e11fc3d68616,15b4ab836fa9fbc7_2d7f73d1-3a3c-4fe7-8c73-8ecc3483d530,1555,1287.972,1504.018
621a134f-27a4-4d0d-9c76-e11fc3d68616,15b4ab836fa9fbc7_2d7f73d1-3a3c-4fe7-8c73-8ecc3483d530,1560,1290.079,1526.418
621a134f-27a4-4d0d-9c76-e11fc3d68616,15b4ab836fa9fbc7_2d7f73d1-3a3c-4fe7-8c73-8ecc3483d530,1565,1290.194,1509.06
621a134f-27a4-4d0d-9c76-e11fc3d68616,15b4ab836fa9fbc7_2d7f73d1-3a3c-4fe7-8c73-8ecc3483d530,1570,1290.648,1515.444
621a134f-27a4-4d0d-9c76-e11fc3d68616,15b4ab836fa9fbc7_2d7f73d1-3a3c-4fe7-8c73-8ecc3483d530,1575,1289.465,1509.946
621a134f-27a4-4d0d-9c76-e11fc3d68616,15b4ab836fa9fbc7_2d7f73d1-3a3c-4fe7-8c73-8ecc3483d530,1580,1287.428,1513.109
621a134f-27a4-4d0d-9c76-e11fc3d68616,15b4ab836fa9fbc7_2d7f73d1-3a3c-4fe7-8c73-8ecc3483d530,1585,1290.633,1509.659
621a134f-27a4-4d0d-9c76-e11fc3d68616,15b4ab836fa9fbc7_2d7f73d1-3a3c-4fe7-8c73-8ecc3483d530,1590,1288.229,1518.033
621a134f-27a4-4d0d-9c76-e11fc3d68616,15b4ab836fa9fbc7_2d7f73d1-3a3c-4fe7-8c73-8ecc3483d530,1595,1288.982,1506.919
621a134f-27a4-4d0d-9c76-e11fc3d68616,15b4ab836fa9fbc7_2d7f73d1-3a3c-4fe7-8c73-8ecc3483d530,1600,1288.112,1507.036
621a134f-27a4-4d0d-9c76-e11fc3d68616,15b4ab836fa9fbc7_2d7f73d1-3a3c-4fe7-8c73-8ecc3483d530,1605,1288.304,1485.931
621a134f-27a4-4d0d-9c76-e11fc3d68616,15b4ab836fa9fbc7_2d7f73d1-3a3c-4fe7-8c73-8ecc3483d530,1610,1287.166,1501.902
621a134f-27a4-4d0d-9c76-e11fc3d68616,15b4ab836fa9fbc7_2d7f73d1-3a3c-4fe7-8c73-8ecc3483d530,1615,1288.237,1487.45
621a134f-27a4-4d0d-9c76-e11fc3d68616,15b4ab836fa9fbc7_2d7f73d1-3a3c-4fe7-8c73-8ecc3483d530,1620,1287.901,1513.024
621a134f-27a4-4d0d-9c76-e11fc3d68616,15b4ab836fa9fbc7_2d7f73d1-3a3c-4fe7-8c73-8ecc3483d530,1625,1287.82,1526.653
621a134f-27a4-4d0d-9c76-e11fc3d68616,15b4ab836fa9fbc7_2d7f73d1-3a3c-4fe7-8c73-8ecc3483d530,1630,1289.098,1498.969
621a134f-27a4-4d0d-9c76-e11fc3d68616,15b4ab836fa9fbc7_2d7f73d1-3a3c-4fe7-8c73-8ecc3483d530,1635,1288.888,1504.371
621a134f-27a4-4d0d-9c76-e11fc3d68616,15b4ab836fa9fbc7_2d7f73d1-3a3c-4fe7-8c73-8ecc3483d530,1640,1289.453,1518.485
621a134f-27a4-4d0d-9c76-e11fc3d68616,15b4ab836fa9fbc7_2d7f73d1-3a3c-4fe7-8c73-8ecc3483d530,1645,1289.47,1526.618
621a134f-27a4-4d0d-9c76-e11fc3d68616,15b4ab836fa9fbc7_2d7f73d1-3a3c-4fe7-8c73-8ecc3483d530,1650,1288.618,1517.276
621a134f-27a4-4d0d-9c76-e11fc3d68616,15b4ab836fa9fbc7_2d7f73d1-3a3c-4fe7-8c73-8ecc3483d530,1655,1289.99,1497.778
621a134f-27a4-4d0d-9c76-e11fc3d68616,15b4ab836fa9fbc7_2d7f73d1-3a3c-4fe7-8c73-8ecc3483d530,1660,1288.259,1504.056
621a134f-27a4-4d0d-9c76-e11fc3d68616,15b4ab836fa9fbc7_2d7f73d1-3a3c-4fe7-8c73-8ecc3483d530,1665,1287.662,1524.981
621a134f-27a4-4d0d-9c76-e11fc3d68616,15b4ab836fa9fbc7_2d7f73d1-3a3c-4fe7-8c73-8ecc3483d530,1670,1289.146,1507.178
621a134f-27a4-4d0d-9c76-e11fc3d68616,15b4ab836fa9fbc7_2d7f73d1-3a3c-4fe7-8c73-8ecc3483d530,1675,1288.238,1500.711
621a134f-27a4-4d0d-9c76-e11fc3d68616,15b4ab836fa9fbc7_2d7f73d1-3a3c-4fe7-8c73-8ecc3483d530,1680,1287.373,1518.175
621a134f-27a4-4d0d-9c76-e11fc3d68616,15b4ab836fa9fbc7_2d7f73d1-3a3c-4fe7-8c73-8ecc3483d530,1685,1289.142,1519.15
621a134f-27a4-4d0d-9c76-e11fc3d68616,15b4ab836fa9fbc7_2d7f73d1-3a3c-4fe7-8c73-8ecc3483d530,1690,1288.71,1475.41
621a134f-27a4-4d0d-9c76-e11fc3d68616,15b4ab836fa9fbc7_2d7f73d1-3a3c-4fe7-8c73-8ecc3483d530,1695,1288.088,1506.129
621a134f-27a4-4d0d-9c76-e11fc3d68616,15b4ab836fa9fbc7_2d7f73d1-3a3c-4fe7-8c73-8ecc3483d530,1700,1288.412,1475.006
621a134f-27a4-4d0d-9c76-e11fc3d68616,15b4ab836fa9fbc7_2d7f73d1-3a3c-4fe7-8c73-8ecc3483d530,1705,1289.079,1501.283
621a134f-27a4-4d0d-9c76-e11fc3d68616,15b4ab836fa9fbc7_2d7f73d1-3a3c-4fe7-8c73-8ecc3483d530,1710,1290.001,1487.426
621a134f-27a4-4d0d-9c76-e11fc3d68616,15b4ab836fa9fbc7_2d7f73d1-3a3c-4fe7-8c73-8ecc3483d530,1715,1288.456,1508.572
621a134f-27a4-4d0d-9c76-e11fc3d68616,15b4ab836fa9fbc7_2d7f73d1-3a3c-4fe7-8c73-8ecc3483d530,1720,1288.986,1488.462
621a134f-27a4-4d0d-9c76-e11fc3d68616,15b4ab836fa9fbc7_2d7f73d1-3a3c-4fe7-8c73-8ecc3483d530,1725,1288.277,1488.567
621a134f-27a4-4d0d-9c76-e11fc3d68616,15b4ab836fa9fbc7_2d7f73d1-3a3c-4fe7-8c73-8ecc3483d530,1730,1288.364,1520.123
621a134f-27a4-4d0d-9c76-e11fc3d68616,15b4ab836fa9fbc7_2d7f73d1-3a3c-4fe7-8c73-8ecc3483d530,1735,1290.663,1506.242
621a134f-27a4-4d0d-9c76-e11fc3d68616,15b4ab836fa9fbc7_2d7f73d1-3a3c-4fe7-8c73-8ecc3483d530,1740,1290.597,1494.354
621a134f-27a4-4d0d-9c76-e11fc3d68616,15b4ab836fa9fbc7_2d7f73d1-3a3c-4fe7-8c73-8ecc3483d530,1745,1288.65,1502.291
621a134f-27a4-4d0d-9c76-e11fc3d68616,15b4ab836fa9fbc7_2d7f73d1-3a3c-4fe7-8c73-8ecc3483d530,1750,1288.515,1494.988
621a134f-27a4-4d0d-9c76-e11fc3d68616,15b4ab836fa9fbc7_2d7f73d1-3a3c-4fe7-8c73-8ecc3483d530,1755,1289.77,1508.028
621a134f-27a4-4d0d-9c76-e11fc3d68616,15b4ab836fa9fbc7_2d7f73d1-3a3c-4fe7-8c73-8ecc3483d530,1760,1288.36,1500.813
621a134f-27a4-4d0d-9c76-e11fc3d68616,15b4ab836fa9fbc7_2d7f73d1-3a3c-4fe7-8c73-8ecc3483d530,1765,1288.191,1503.052
621a134f-27a4-4d0d-9c76-e11fc3d68616,15b4ab836fa9fbc7_2d7f73d1-3a3c-4fe7-8c73-8ecc3483d530,1770,1287.929,1524.403
621a134f-27a4-4d0d-9c76-e11fc3d68616,15b4ab836fa9fbc7_2d7f73d1-3a3c-4fe7-8c73-8ecc3483d530,1775,1288.464,1504.235
621a134f-27a4-4d0d-9c76-e11fc3d68616,15b4ab836fa9fbc7_2d7f73d1-3a3c-4fe7-8c73-8ecc3483d530,1780,1287.944,1478.12
621a134f-27a4-4d0d-9c76-e11fc3d68616,15b4ab836fa9fbc7_2d7f73d1-3a3c-4fe7-8c73-8ecc3483d530,1785,1288.162,1493.569
621a134f-27a4-4d0d-9c76-e11fc3d68616,15b4ab836fa9fbc7_2d7f73d1-3a3c-4fe7-8c73-8ecc3483d530,1790,1289.336,1503.128
621a134f-27a4-4d0d-9c76-e11fc3d68616,15b4ab836fa9fbc7_2d7f73d1-3a3c-4fe7-8c73-8ecc3483d530,1795,1288.276,1529.507
621a134f-27a4-4d0d-9c76-e11fc3d68616,15b4ab836fa9fbc7_2d7f73d1-3a3c-4fe7-8c73-8ecc3483d530,1800,1288.754,1475.494
621a134f-27a4-4d0d-9c76-e11fc3d68616,15b4ab836fa9fbc7_2d7f73d1-3a3c-4fe7-8c73-8ecc3483d530,1805,1288.382,1487.948
621a134f-27a4-4d0d-9c76-e11fc3d68616,15b4ab836fa9fbc7_2d7f73d1-3a3c-4fe7-8c73-8ecc3483d530,1810,1288.36,1491.705
621a134f-27a4-4d0d-9c76-e11fc3d68616,15b4ab836fa9fbc7_2d7f73d1-3a3c-4fe7-8c73-8ecc3483d530,1815,1288.52,1506.43
621a134f-27a4-4d0d-9c76-e11fc3d68616,15b4ab836fa9fbc7_2d7f73d1-3a3c-4fe7-8c73-8ecc3483d530,1820,1289.888,1496.783
621a134f-27a4-4d0d-9c76-e11fc3d68616,15b4ab836fa9fbc7_2d7f73d1-3a3c-4fe7-8c73-8ecc3483d530,1825,1288.326,1504.829
621a134f-27a4-4d0d-9c76-e11fc3d68616,15b4ab836fa9fbc7_2d7f73d1-3a3c-4fe7-8c73-8ecc3483d530,1830,1288.111,1485.247
621a134f-27a4-4d0d-9c76-e11fc3d68616,15b4ab836fa9fbc7_2d7f73d1-3a3c-4fe7-8c73-8ecc3483d530,1835,1289.548,1513.852
621a134f-27a4-4d0d-9c76-e11fc3d68616,15b4ab836fa9fbc7_2d7f73d1-3a3c-4fe7-8c73-8ecc3483d530,1840,1289.559,1486.013
621a134f-27a4-4d0d-9c76-e11fc3d68616,15b4ab836fa9fbc7_2d7f73d1-3a3c-4fe7-8c73-8ecc3483d530,1845,1287.612,1503.981
621a134f-27a4-4d0d-9c76-e11fc3d68616,15b4ab836fa9fbc7_2d7f73d1-3a3c-4fe7-8c73-8ecc3483d530,1850,1288.071,1495.221
621a134f-27a4-4d0d-9c76-e11fc3d68616,15b4ab836fa9fbc7_2d7f73d1-3a3c-4fe7-8c73-8ecc3483d530,1855,1287.814,1505.992
621a134f-27a4-4d0d-9c76-e11fc3d68616,15b4ab836fa9fbc7_2d7f73d1-3a3c-4fe7-8c73-8ecc3483d530,1860,1288.255,1485.479
621a134f-27a4-4d0d-9c76-e11fc3d68616,15b4ab836fa9fbc7_2d7f73d1-3a3c-4fe7-8c73-8ecc3483d530,1865,1288.204,1504.402
621a134f-27a4-4d0d-9c76-e11fc3d68616,15b4ab836fa9fbc7_2d7f73d1-3a3c-4fe7-8c73-8ecc3483d530,1870,1288.57,1486.757
621a134f-27a4-4d0d-9c76-e11fc3d68616,15b4ab836fa9fbc7_2d7f73d1-3a3c-4fe7-8c73-8ecc3483d530,1875,1288.387,1502.044
621a134f-27a4-4d0d-9c76-e11fc3d68616,15b4ab836fa9fbc7_2d7f73d1-3a3c-4fe7-8c73-8ecc3483d530,1880,1289.635,1478.47
621a134f-27a4-4d0d-9c76-e11fc3d68616,15b4ab836fa9fbc7_2d7f73d1-3a3c-4fe7-8c73-8ecc3483d530,1885,1288.189,1505.537
621a134f-27a4-4d0d-9c76-e11fc3d68616,15b4ab836fa9fbc7_2d7f73d1-3a3c-4fe7-8c73-8ecc3483d530,1890,1288.412,1492.764
621a134f-27a4-4d0d-9c76-e11fc3d68616,15b4ab836fa9fbc7_2d7f73d1-3a3c-4fe7-8c73-8ecc3483d530,1895,1288.047,1502.562
621a134f-27a4-4d0d-9c76-e11fc3d68616,15b4ab836fa9fbc7_2d7f73d1-3a3c-4fe7-8c73-8ecc3483d530,1900,1288.587,1503.703
621a134f-27a4-4d0d-9c76-e11fc3d68616,15b4ab836fa9fbc7_2d7f73d1-3a3c-4fe7-8c73-8ecc3483d530,1905,1289.638,1495.155
621a134f-27a4-4d0d-9c76-e11fc3d68616,15b4ab836fa9fbc7_2d7f73d1-3a3c-4fe7-8c73-8ecc3483d530,1910,1288.558,1514.113
621a134f-27a4-4d0d-9c76-e11fc3d68616,15b4ab836fa9fbc7_2d7f73d1-3a3c-4fe7-8c73-8ecc3483d530,1915,1288.553,1507.867
621a134f-27a4-4d0d-9c76-e11fc3d68616,15b4ab836fa9fbc7_2d7f73d1-3a3c-4fe7-8c73-8ecc3483d530,1920,1289.54,1528.237
621a134f-27a4-4d0d-9c76-e11fc3d68616,15b4ab836fa9fbc7_2d7f73d1-3a3c-4fe7-8c73-8ecc3483d530,1925,1290.082,1515.429
621a134f-27a4-4d0d-9c76-e11fc3d68616,15b4ab836fa9fbc7_2d7f73d1-3a3c-4fe7-8c73-8ecc3483d530,1930,1289.065,1521.227
621a134f-27a4-4d0d-9c76-e11fc3d68616,15b4ab836fa9fbc7_2d7f73d1-3a3c-4fe7-8c73-8ecc3483d530,1935,1290.69,1508.149
621a134f-27a4-4d0d-9c76-e11fc3d68616,15b4ab836fa9fbc7_2d7f73d1-3a3c-4fe7-8c73-8ecc3483d530,1940,1289.601,1505.041
621a134f-27a4-4d0d-9c76-e11fc3d68616,15b4ab836fa9fbc7_2d7f73d1-3a3c-4fe7-8c73-8ecc3483d530,1945,1289.119,1493.257
621a134f-27a4-4d0d-9c76-e11fc3d68616,15b4ab836fa9fbc7_2d7f73d1-3a3c-4fe7-8c73-8ecc3483d530,1950,1289.649,1477.568
621a134f-27a4-4d0d-9c76-e11fc3d68616,15b4ab836fa9fbc7_2d7f73d1-3a3c-4fe7-8c73-8ecc3483d530,1955,1287.741,1515.876
621a134f-27a4-4d0d-9c76-e11fc3d68616,15b4ab836fa9fbc7_2d7f73d1-3a3c-4fe7-8c73-8ecc3483d530,1960,1290.31,1481.077
621a134f-27a4-4d0d-9c76-e11fc3d68616,15b4ab836fa9fbc7_2d7f73d1-3a3c-4fe7-8c73-8ecc3483d530,1965,1287.459,1501.279
621a134f-27a4-4d0d-9c76-e11fc3d68616,15b4ab836fa9fbc7_2d7f73d1-3a3c-4fe7-8c73-8ecc3483d530,1970,1287.928,1472.991
621a134f-27a4-4d0d-9c76-e11fc3d68616,15b4ab836fa9fbc7_2d7f73d1-3a3c-4fe7-8c73-8ecc3483d530,1975,1286.958,1516.424
621a134f-27a4-4d0d-9c76-e11fc3d68616,15b4ab836fa9fbc7_2d7f73d1-3a3c-4fe7-8c73-8ecc3483d530,1980,1289.44,1479.512
621a134f-27a4-4d0d-9c76-e11fc3d68616,15b4ab836fa9fbc7_2d7f73d1-3a3c-4fe7-8c73-8ecc3483d530,1985,1288.636,1518.842
621a134f-27a4-4d0d-9c76-e11fc3d68616,15b4ab836fa9fbc7_2d7f73d1-3a3c-4fe7-8c73-8ecc3483d530,1990,1288.558,1479.49
621a134f-27a4-4d0d-9c76-e11fc3d68616,15b4ab836fa9fbc7_2d7f73d1-3a3c-4fe7-8c73-8ecc3483d530,1995,1289.592,1494.708
621a134f-27a4-4d0d-9c76-e11fc3d68616,15b4ab836fa9fbc7_2d7f73d1-3a3c-4fe7-8c73-8ecc3483d530,2000,1289.029,1519.274
621a134f-27a4-4d0d-9c76-e11fc3d68616,15b4ab836fa9fbc7_2d7f73d1-3a3c-4fe7-8c73-8ecc3483d530,2005,1290.497,1514.612
621a134f-27a4-4d0d-9c76-e11fc3d68616,15b4ab836fa9fbc7_2d7f73d1-3a3c-4fe7-8c73-8ecc3483d530,2010,1288.428,1519.998
621a134f-27a4-4d0d-9c76-e11fc3d68616,15b4ab836fa9fbc7_2d7f73d1-3a3c-4fe7-8c73-8ecc3483d530,2015,1289.187,1489.27
621a134f-27a4-4d0d-9c76-e11fc3d68616,15b4ab836fa9fbc7_2d7f73d1-3a3c-4fe7-8c73-8ecc3483d530,2020,1289.687,1476.075
621a134f-27a4-4d0d-9c76-e11fc3d68616,15b4ab836fa9fbc7_2d7f73d1-3a3c-4fe7-8c73-8ecc3483d530,2025,1289.514,1514.782
621a134f-27a4-4d0d-9c76-e11fc3d68616,15b4ab836fa9fbc7_2d7f73d1-3a3c-4fe7-8c73-8ecc3483d530,2030,1290.738,1509.359
621a134f-27a4-4d0d-9c76-e11fc3d68616,15b4ab836fa9fbc7_2d7f73d1-3a3c-4fe7-8c73-8ecc3483d530,2035,1290.775,1510.954
621a134f-27a4-4d0d-9c76-e11fc3d68616,15b4ab836fa9fbc7_2d7f73d1-3a3c-4fe7-8c73-8ecc3483d530,2040,1288.76,1508.105
621a134f-27a4-4d0d-9c76-e11fc3d68616,15b4ab836fa9fbc7_2d7f73d1-3a3c-4fe7-8c73-8ecc3483d530,2045,1290.661,1523.576
621a134f-27a4-4d0d-9c76-e11fc3d68616,15b4ab836fa9fbc7_2d7f73d1-3a3c-4fe7-8c73-8ecc3483d530,2050,1287.265,1505.652
621a134f-27a4-4d0d-9c76-e11fc3d68616,15b4ab836fa9fbc7_2d7f73d1-3a3c-4fe7-8c73-8ecc3483d530,2055,1288.466,1510.234
621a134f-27a4-4d0d-9c76-e11fc3d68616,15b4ab836fa9fbc7_2d7f73d1-3a3c-4fe7-8c73-8ecc3483d530,2060,1287.392,1515.04
621a134f-27a4-4d0d-9c76-e11fc3d68616,15b4ab836fa9fbc7_2d7f73d1-3a3c-4fe7-8c73-8ecc3483d530,2065,1287.723,1491.252
621a134f-27a4-4d0d-9c76-e11fc3d68616,15b4ab836fa9fbc7_2d7f73d1-3a3c-4fe7-8c73-8ecc3483d530,2070,1288.206,1494.028
621a134f-27a4-4d0d-9c76-e11fc3d68616,15b4ab836fa9fbc7_2d7f73d1-3a3c-4fe7-8c73-8ecc3483d530,2075,1286.664,1500.662
621a134f-27a4-4d0d-9c76-e11fc3d68616,15b4ab836fa9fbc7_2d7f73d1-3a3c-4fe7-8c73-8ecc3483d530,2080,1287.283,1498.827
621a134f-27a4-4d0d-9c76-e11fc3d68616,15b4ab836fa9fbc7_2d7f73d1-3a3c-4fe7-8c73-8ecc3483d530,2085,1289.895,1495.916
621a134f-27a4-4d0d-9c76-e11fc3d68616,15b4ab836fa9fbc7_2d7f73d1-3a3c-4fe7-8c73-8ecc3483d530,2090,1288.332,1485.587
621a134f-27a4-4d0d-9c76-e11fc3d68616,15b4ab836fa9fbc7_2d7f73d1-3a3c-4fe7-8c73-8ecc3483d530,2095,1289.233,1498.753
621a134f-27a4-4d0d-9c76-e11fc3d68616,15b4ab836fa9fbc7_2d7f73d1-3a3c-4fe7-8c73-8ecc3483d530,2100,1293.46,1498.017
621a134f-27a4-4d0d-9c76-e11fc3d68616,15b4ab836fa9fbc7_2d7f73d1-3a3c-4fe7-8c73-8ecc3483d530,2105,1291.038,1511.051
766a38bf-37a7-472f-94ff-9a1e9fc21570,199c42cda4a54270_cef2879f-868b-459a-8330-74dc2f0344ee,0005,1288.703,1524.698
766a38bf-37a7-472f-94ff-9a1e9fc21570,199c42cda4a54270_cef2879f-868b-459a-8330-74dc2f0344ee,0010,1289.485,1522.807
766a38bf-37a7-472f-94ff-9a1e9fc21570,199c42cda4a54270_cef2879f-868b-459a-8330-74dc2f0344ee,0015,1288.682,1489.333
766a38bf-37a7-472f-94ff-9a1e9fc21570,199c42cda4a54270_cef2879f-868b-459a-8330-74dc2f0344ee,0020,1288.138,1490.594
766a38bf-37a7-472f-94ff-9a1e9fc21570,199c42cda4a54270_cef2879f-868b-459a-8330-74dc2f0344ee,0025,1289.391,1496.477
766a38bf-37a7-472f-94ff-9a1e9fc21570,199c42cda4a54270_cef2879f-868b-459a-8330-74dc2f0344ee,0030,1289.76,1499.539
766a38bf-37a7-472f-94ff-9a1e9fc21570,199c42cda4a54270_cef2879f-868b-459a-8330-74dc2f0344ee,0035,1288.946,1519.871
766a38bf-37a7-472f-94ff-9a1e9fc21570,199c42cda4a54270_cef2879f-868b-459a-8330-74dc2f0344ee,0040,1287.791,1496.1
766a38bf-37a7-472f-94ff-9a1e9fc21570,199c42cda4a54270_cef2879f-868b-459a-8330-74dc2f0344ee,0045,1289.699,1486.84
766a38bf-37a7-472f-94ff-9a1e9fc21570,199c42cda4a54270_cef2879f-868b-459a-8330-74dc2f0344ee,0050,1289.111,1521.524
766a38bf-37a7-472f-94ff-9a1e9fc21570,199c42cda4a54270_cef2879f-868b-459a-8330-74dc2f0344ee,0055,1288.326,1498.867
766a38bf-37a7-472f-94ff-9a1e9fc21570,199c42cda4a54270_cef2879f-868b-459a-8330-74dc2f0344ee,0060,1289.466,1488.583
766a38bf-37a7-472f-94ff-9a1e9fc21570,199c42cda4a54270_cef2879f-868b-459a-8330-74dc2f0344ee,0065,1287.602,1508.507
766a38bf-37a7-472f-94ff-9a1e9fc21570,199c42cda4a54270_cef2879f-868b-459a-8330-74dc2f0344ee,0070,1290.313,1509.157
766a38bf-37a7-472f-94ff-9a1e9fc21570,199c42cda4a54270_cef2879f-868b-459a-8330-74dc2f0344ee,0075,1289.419,1492.646
766a38bf-37a7-472f-94ff-9a1e9fc21570,199c42cda4a54270_cef2879f-868b-459a-8330-74dc2f0344ee,0080,1289.277,1502.356
766a38bf-37a7-472f-94ff-9a1e9fc21570,199c42cda4a54270_cef2879f-868b-459a-8330-74dc2f0344ee,0085,1288.57,1518.823
766a38bf-37a7-472f-94ff-9a1e9fc21570,199c42cda4a54270_cef2879f-868b-459a-8330-74dc2f0344ee,0090,1290.555,1504.871
766a38bf-37a7-472f-94ff-9a1e9fc21570,199c42cda4a54270_cef2879f-868b-459a-8330-74dc2f0344ee,0095,1290.685,1500.5
766a38bf-37a7-472f-94ff-9a1e9fc21570,199c42cda4a54270_cef2879f-868b-459a-8330-74dc2f0344ee,0100,1290.271,1513.45
766a38bf-37a7-472f-94ff-9a1e9fc21570,199c42cda4a54270_cef2879f-868b-459a-8330-74dc2f0344ee,0105,1290.535,1504.726
766a38bf-37a7-472f-94ff-9a1e9fc21570,199c42cda4a54270_cef2879f-868b-459a-8330-74dc2f0344ee,0110,1288.077,1507.261
766a38bf-37a7-472f-94ff-9a1e9fc21570,199c42cda4a54270_cef2879f-868b-459a-8330-74dc2f0344ee,0115,1289.435,1513.142
766a38bf-37a7-472f-94ff-9a1e9fc21570,199c42cda4a54270_cef2879f-868b-459a-8330-74dc2f0344ee,0120,1289.844,1479.271
766a38bf-37a7-472f-94ff-9a1e9fc21570,199c42cda4a54270_cef2879f-868b-459a-8330-74dc2f0344ee,0125,1287.411,1505.425
766a38bf-37a7-472f-94ff-9a1e9fc21570,199c42cda4a54270_cef2879f-868b-459a-8330-74dc2f0344ee,0130,1290.45,1503.994
766a38bf-37a7-472f-94ff-9a1e9fc21570,199c42cda4a54270_cef2879f-868b-459a-8330-74dc2f0344ee,0135,1291.195,1513.793
766a38bf-37a7-472f-94ff-9a1e9fc21570,199c42cda4a54270_cef2879f-868b-459a-8330-74dc2f0344ee,0140,1288.988,1510.737
766a38bf-37a7-472f-94ff-9a1e9fc21570,199c42cda4a54270_cef2879f-868b-459a-8330-74dc2f0344ee,0145,1288.176,1496.992
766a38bf-37a7-472f-94ff-9a1e9fc21570,199c42cda4a54270_cef2879f-868b-459a-8330-74dc2f0344ee,0150,1288.403,1469.714
766a38bf-37a7-472f-94ff-9a1e9fc21570,199c42cda4a54270_cef2879f-868b-459a-8330-74dc2f0344ee,0155,1288.277,1496.937
07c6623a-b240-474e-a5c6-238584ff0921,404e37e6c297372b_1a416681-5eb4-4d32-ba73-f53b0cfcfaf4,0005,1290.572,1537.244
07c6623a-b240-474e-a5c6-238584ff0921,404e37e6c297372b_1a416681-5eb4-4d32-ba73-f53b0cfcfaf4,0010,1288.29,1500.196
07c6623a-b240-474e-a5c6-238584ff0921,404e37e6c297372b_1a416681-5eb4-4d32-ba73-f53b0cfcfaf4,0015,1288.474,1483.615
07c6623a-b240-474e-a5c6-238584ff0921,404e37e6c297372b_1a416681-5eb4-4d32-ba73-f53b0cfcfaf4,0020,1289.644,1489.86
07c6623a-b240-474e-a5c6-238584ff0921,404e37e6c297372b_1a416681-5eb4-4d32-ba73-f53b0cfcfaf4,0025,1288.921,1504.339
07c6623a-b240-474e-a5c6-238584ff0921,404e37e6c297372b_1a416681-5eb4-4d32-ba73-f53b0cfcfaf4,0030,1288.017,1484.508
07c6623a-b240-474e-a5c6-238584ff0921,404e37e6c297372b_1a416681-5eb4-4d32-ba73-f53b0cfcfaf4,0035,1289.497,1526.622
07c6623a-b240-474e-a5c6-238584ff0921,404e37e6c297372b_1a416681-5eb4-4d32-ba73-f53b0cfcfaf4,0040,1288.554,1495.764
07c6623a-b240-474e-a5c6-238584ff0921,404e37e6c297372b_1a416681-5eb4-4d32-ba73-f53b0cfcfaf4,0045,1290.567,1467.485
07c6623a-b240-474e-a5c6-238584ff0921,404e37e6c297372b_1a416681-5eb4-4d32-ba73-f53b0cfcfaf4,0050,1290.827,1512.426
07c6623a-b240-474e-a5c6-238584ff0921,404e37e6c297372b_1a416681-5eb4-4d32-ba73-f53b0cfcfaf4,0055,1289.642,1500.559
07c6623a-b240-474e-a5c6-238584ff0921,404e37e6c297372b_1a416681-5eb4-4d32-ba73-f53b0cfcfaf4,0060,1289.345,1518.086
07c6623a-b240-474e-a5c6-238584ff0921,404e37e6c297372b_1a416681-5eb4-4d32-ba73-f53b0cfcfaf4,0065,1291.732,1498.566
07c6623a-b240-474e-a5c6-238584ff0921,404e37e6c297372b_1a416681-5eb4-4d32-ba73-f53b0cfcfaf4,0070,1290.846,1507.739
07c6623a-b240-474e-a5c6-238584ff0921,404e37e6c297372b_1a416681-5eb4-4d32-ba73-f53b0cfcfaf4,0075,1289.05,1502.778
07c6623a-b240-474e-a5c6-238584ff0921,404e37e6c297372b_1a416681-5eb4-4d32-ba73-f53b0cfcfaf4,0080,1289.488,1523.198
07c6623a-b240-474e-a5c6-238584ff0921,404e37e6c297372b_1a416681-5eb4-4d32-ba73-f53b0cfcfaf4,0085,1291.268,1527.345
07c6623a-b240-474e-a5c6-238584ff0921,404e37e6c297372b_1a416681-5eb4-4d32-ba73-f53b0cfcfaf4,0090,1289.235,1510.625
07c6623a-b240-474e-a5c6-238584ff0921,404e37e6c297372b_1a416681-5eb4-4d32-ba73-f53b0cfcfaf4,0095,1289.24,1500.72
07c6623a-b240-474e-a5c6-238584ff0921,404e37e6c297372b_1a416681-5eb4-4d32-ba73-f53b0cfcfaf4,0100,1288.409,1490.529
07c6623a-b240-474e-a5c6-238584ff0921,404e37e6c297372b_1a416681-5eb4-4d32-ba73-f53b0cfcfaf4,0105,1290.042,1501.587
07c6623a-b240-474e-a5c6-238584ff0921,404e37e6c297372b_1a416681-5eb4-4d32-ba73-f53b0cfcfaf4,0110,1290.003,1506.257
07c6623a-b240-474e-a5c6-238584ff0921,404e37e6c297372b_1a416681-5eb4-4d32-ba73-f53b0cfcfaf4,0115,1289.247,1507.668
07c6623a-b240-474e-a5c6-238584ff0921,404e37e6c297372b_1a416681-5eb4-4d32-ba73-f53b0cfcfaf4,0120,1289.674,1489.549
07c6623a-b240-474e-a5c6-238584ff0921,404e37e6c297372b_1a416681-5eb4-4d32-ba73-f53b0cfcfaf4,0125,1291.168,1511.206
07c6623a-b240-474e-a5c6-238584ff0921,404e37e6c297372b_1a416681-5eb4-4d32-ba73-f53b0cfcfaf4,0130,1290.347,1501.004
07c6623a-b240-474e-a5c6-238584ff0921,404e37e6c297372b_1a416681-5eb4-4d32-ba73-f53b0cfcfaf4,0135,1289.791,1518.664
07c6623a-b240-474e-a5c6-238584ff0921,404e37e6c297372b_1a416681-5eb4-4d32-ba73-f53b0cfcfaf4,0140,1289.279,1541.207
07c6623a-b240-474e-a5c6-238584ff0921,404e37e6c297372b_1a416681-5eb4-4d32-ba73-f53b0cfcfaf4,0145,1289.324,1507.007
07c6623a-b240-474e-a5c6-238584ff0921,404e37e6c297372b_1a416681-5eb4-4d32-ba73-f53b0cfcfaf4,0150,1288.587,1503.385
07c6623a-b240-474e-a5c6-238584ff0921,404e37e6c297372b_1a416681-5eb4-4d32-ba73-f53b0cfcfaf4,0155,1288.887,1521.901
07c6623a-b240-474e-a5c6-238584ff0921,404e37e6c297372b_1a416681-5eb4-4d32-ba73-f53b0cfcfaf4,0160,1288.656,1502.682
07c6623a-b240-474e-a5c6-238584ff0921,404e37e6c297372b_1a416681-5eb4-4d32-ba73-f53b0cfcfaf4,0165,1289.11,1509.155
07c6623a-b240-474e-a5c6-238584ff0921,404e37e6c297372b_1a416681-5eb4-4d32-ba73-f53b0cfcfaf4,0170,1287.823,1524.272
07c6623a-b240-474e-a5c6-238584ff0921,404e37e6c297372b_1a416681-5eb4-4d32-ba73-f53b0cfcfaf4,0175,1290.373,1533.881
07c6623a-b240-474e-a5c6-238584ff0921,404e37e6c297372b_1a416681-5eb4-4d32-ba73-f53b0cfcfaf4,0180,1288.717,1504.512
07c6623a-b240-474e-a5c6-238584ff0921,404e37e6c297372b_1a416681-5eb4-4d32-ba73-f53b0cfcfaf4,0185,1289.793,1529.628
07c6623a-b240-474e-a5c6-238584ff0921,404e37e6c297372b_1a416681-5eb4-4d32-ba73-f53b0cfcfaf4,0190,1288.665,1502.027
07c6623a-b240-474e-a5c6-238584ff0921,404e37e6c297372b_1a416681-5eb4-4d32-ba73-f53b0cfcfaf4,0195,1290.069,1491.981
07c6623a-b240-474e-a5c6-238584ff0921,404e37e6c297372b_1a416681-5eb4-4d32-ba73-f53b0cfcfaf4,0200,1289.248,1513.399
07c6623a-b240-474e-a5c6-238584ff0921,404e37e6c297372b_1a416681-5eb4-4d32-ba73-f53b0cfcfaf4,0205,1288.792,1500.779
07c6623a-b240-474e-a5c6-238584ff0921,404e37e6c297372b_1a416681-5eb4-4d32-ba73-f53b0cfcfaf4,0210,1287.628,1518.252
07c6623a-b240-474e-a5c6-238584ff0921,404e37e6c297372b_1a416681-5eb4-4d32-ba73-f53b0cfcfaf4,0215,1288.841,1502.861
07c6623a-b240-474e-a5c6-238584ff0921,404e37e6c297372b_1a416681-5eb4-4d32-ba73-f53b0cfcfaf4,0220,1289.58,1495.651
07c6623a-b240-474e-a5c6-238584ff0921,404e37e6c297372b_1a416681-5eb4-4d32-ba73-f53b0cfcfaf4,0225,1288.86,1487.092
07c6623a-b240-474e-a5c6-238584ff0921,404e37e6c297372b_1a416681-5eb4-4d32-ba73-f53b0cfcfaf4,0230,1289.077,1506.921
07c6623a-b240-474e-a5c6-238584ff0921,404e37e6c297372b_1a416681-5eb4-4d32-ba73-f53b0cfcfaf4,0235,1288.705,1515.628
07c6623a-b240-474e-a5c6-238584ff0921,404e37e6c297372b_1a416681-5eb4-4d32-ba73-f53b0cfcfaf4,0240,1288.761,1498.375
07c6623a-b240-474e-a5c6-238584ff0921,404e37e6c297372b_1a416681-5eb4-4d32-ba73-f53b0cfcfaf4,0245,1290.178,1485.661
07c6623a-b240-474e-a5c6-238584ff0921,404e37e6c297372b_1a416681-5eb4-4d32-ba73-f53b0cfcfaf4,0250,1288.933,1506.987
07c6623a-b240-474e-a5c6-238584ff0921,404e37e6c297372b_1a416681-5eb4-4d32-ba73-f53b0cfcfaf4,0255,1289.545,1489.478
07c6623a-b240-474e-a5c6-238584ff0921,404e37e6c297372b_1a416681-5eb4-4d32-ba73-f53b0cfcfaf4,0260,1289.435,1505.837
07c6623a-b240-474e-a5c6-238584ff0921,404e37e6c297372b_1a416681-5eb4-4d32-ba73-f53b0cfcfaf4,0265,1288.913,1490.539
07c6623a-b240-474e-a5c6-238584ff0921,404e37e6c297372b_1a416681-5eb4-4d32-ba73-f53b0cfcfaf4,0270,1288.783,1495.343
07c6623a-b240-474e-a5c6-238584ff0921,404e37e6c297372b_1a416681-5eb4-4d32-ba73-f53b0cfcfaf4,0275,1288.524,1511.363
07c6623a-b240-474e-a5c6-238584ff0921,404e37e6c297372b_1a416681-5eb4-4d32-ba73-f53b0cfcfaf4,0280,1288.413,1509.887
07c6623a-b240-474e-a5c6-238584ff0921,404e37e6c297372b_1a416681-5eb4-4d32-ba73-f53b0cfcfaf4,0285,1290.11,1485.252
07c6623a-b240-474e-a5c6-238584ff0921,404e37e6c297372b_1a416681-5eb4-4d32-ba73-f53b0cfcfaf4,0290,1290.205,1527.003
07c6623a-b240-474e-a5c6-238584ff0921,404e37e6c297372b_1a416681-5eb4-4d32-ba73-f53b0cfcfaf4,0295,1291.203,1515.654
07c6623a-b240-474e-a5c6-238584ff0921,404e37e6c297372b_1a416681-5eb4-4d32-ba73-f53b0cfcfaf4,0300,1289.062,1531.464
07c6623a-b240-474e-a5c6-238584ff0921,404e37e6c297372b_1a416681-5eb4-4d32-ba73-f53b0cfcfaf4,0305,1290.173,1501.156
07c6623a-b240-474e-a5c6-238584ff0921,404e37e6c297372b_1a416681-5eb4-4d32-ba73-f53b0cfcfaf4,0310,1291.246,1500.714
07c6623a-b240-474e-a5c6-238584ff0921,404e37e6c297372b_1a416681-5eb4-4d32-ba73-f53b0cfcfaf4,0315,1289.585,1501.665
07c6623a-b240-474e-a5c6-238584ff0921,404e37e6c297372b_1a416681-5eb4-4d32-ba73-f53b0cfcfaf4,0320,1289.77,1505.102
07c6623a-b240-474e-a5c6-238584ff0921,404e37e6c297372b_1a416681-5eb4-4d32-ba73-f53b0cfcfaf4,0325,1289.332,1496.756
07c6623a-b240-474e-a5c6-238584ff0921,404e37e6c297372b_1a416681-5eb4-4d32-ba73-f53b0cfcfaf4,0330,1288.349,1502.959
07c6623a-b240-474e-a5c6-238584ff0921,404e37e6c297372b_1a416681-5eb4-4d32-ba73-f53b0cfcfaf4,0335,1289.203,1501.088
07c6623a-b240-474e-a5c6-238584ff0921,404e37e6c297372b_1a416681-5eb4-4d32-ba73-f53b0cfcfaf4,0340,1289.05,1507.4
07c6623a-b240-474e-a5c6-238584ff0921,404e37e6c297372b_1a416681-5eb4-4d32-ba73-f53b0cfcfaf4,0345,1288.784,1487.661
07c6623a-b240-474e-a5c6-238584ff0921,404e37e6c297372b_1a416681-5eb4-4d32-ba73-f53b0cfcfaf4,0350,1289.668,1512.907
07c6623a-b240-474e-a5c6-238584ff0921,404e37e6c297372b_1a416681-5eb4-4d32-ba73-f53b0cfcfaf4,0355,1289.286,1502.524
07c6623a-b240-474e-a5c6-238584ff0921,404e37e6c297372b_1a416681-5eb4-4d32-ba73-f53b0cfcfaf4,0360,1288.771,1490.427
07c6623a-b240-474e-a5c6-238584ff0921,404e37e6c297372b_1a416681-5eb4-4d32-ba73-f53b0cfcfaf4,0365,1288.182,1489.107
07c6623a-b240-474e-a5c6-238584ff0921,404e37e6c297372b_1a416681-5eb4-4d32-ba73-f53b0cfcfaf4,0370,1290.445,1492.753
07c6623a-b240-474e-a5c6-238584ff0921,404e37e6c297372b_1a416681-5eb4-4d32-ba73-f53b0cfcfaf4,0375,1288.311,1478.685
07c6623a-b240-474e-a5c6-238584ff0921,404e37e6c297372b_1a416681-5eb4-4d32-ba73-f53b0cfcfaf4,0380,1288.545,1503.049
07c6623a-b240-474e-a5c6-238584ff0921,404e37e6c297372b_1a416681-5eb4-4d32-ba73-f53b0cfcfaf4,0385,1288.55,1474.922
07c6623a-b240-474e-a5c6-238584ff0921,404e37e6c297372b_1a416681-5eb4-4d32-ba73-f53b0cfcfaf4,0390,1288.881,1502.265
07c6623a-b240-474e-a5c6-238584ff0921,404e37e6c297372b_1a416681-5eb4-4d32-ba73-f53b0cfcfaf4,0395,1288.88,1478.601
07c6623a-b240-474e-a5c6-238584ff0921,404e37e6c297372b_1a416681-5eb4-4d32-ba73-f53b0cfcfaf4,0400,1289.262,1494.652
07c6623a-b240-474e-a5c6-238584ff0921,404e37e6c297372b_1a416681-5eb4-4d32-ba73-f53b0cfcfaf4,0405,1289.603,1489.285
07c6623a-b240-474e-a5c6-238584ff0921,404e37e6c297372b_1a416681-5eb4-4d32-ba73-f53b0cfcfaf4,0410,1287.688,1512.017
07c6623a-b240-474e-a5c6-238584ff0921,404e37e6c297372b_1a416681-5eb4-4d32-ba73-f53b0cfcfaf4,0415,1289.354,1515.512
07c6623a-b240-474e-a5c6-238584ff0921,404e37e6c297372b_1a416681-5eb4-4d32-ba73-f53b0cfcfaf4,0420,1288.263,1491.064
07c6623a-b240-474e-a5c6-238584ff0921,404e37e6c297372b_1a416681-5eb4-4d32-ba73-f53b0cfcfaf4,0425,1290.165,1498.653
07c6623a-b240-474e-a5c6-238584ff0921,404e37e6c297372b_1a416681-5eb4-4d32-ba73-f53b0cfcfaf4,0430,1288.149,1506.531
07c6623a-b240-474e-a5c6-238584ff0921,404e37e6c297372b_1a416681-5eb4-4d32-ba73-f53b0cfcfaf4,0435,1287.562,1481.667
07c6623a-b240-474e-a5c6-238584ff0921,404e37e6c297372b_1a416681-5eb4-4d32-ba73-f53b0cfcfaf4,0440,1291.642,1494.67
07c6623a-b240-474e-a5c6-238584ff0921,404e37e6c297372b_1a416681-5eb4-4d32-ba73-f53b0cfcfaf4,0445,1290.166,1515.473
07c6623a-b240-474e-a5c6-238584ff0921,404e37e6c297372b_1a416681-5eb4-4d32-ba73-f53b0cfcfaf4,0450,1292.543,1518.467
07c6623a-b240-474e-a5c6-238584ff0921,404e37e6c297372b_1a416681-5eb4-4d32-ba73-f53b0cfcfaf4,0455,1289.308,1490.447
07c6623a-b240-474e-a5c6-238584ff0921,404e37e6c297372b_1a416681-5eb4-4d32-ba73-f53b0cfcfaf4,0460,1291.552,1533.893
07c6623a-b240-474e-a5c6-238584ff0921,404e37e6c297372b_1a416681-5eb4-4d32-ba73-f53b0cfcfaf4,0465,1289.643,1517.278
07c6623a-b240-474e-a5c6-238584ff0921,404e37e6c297372b_1a416681-5eb4-4d32-ba73-f53b0cfcfaf4,0470,1289.722,1531.975
07c6623a-b240-474e-a5c6-238584ff0921,404e37e6c297372b_1a416681-5eb4-4d32-ba73-f53b0cfcfaf4,0475,1288.034,1498.006
07c6623a-b240-474e-a5c6-238584ff0921,404e37e6c297372b_1a416681-5eb4-4d32-ba73-f53b0cfcfaf4,0480,1290.124,1513.193
07c6623a-b240-474e-a5c6-238584ff0921,404e37e6c297372b_1a416681-5eb4-4d32-ba73-f53b0cfcfaf4,0485,1289.648,1496.525
07c6623a-b240-474e-a5c6-238584ff0921,404e37e6c297372b_1a416681-5eb4-4d32-ba73-f53b0cfcfaf4,0490,1290.689,1508.708
07c6623a-b240-474e-a5c6-238584ff0921,404e37e6c297372b_1a416681-5eb4-4d32-ba73-f53b0cfcfaf4,0495,1289.008,1503.884
07c6623a-b240-474e-a5c6-238584ff0921,404e37e6c297372b_1a416681-5eb4-4d32-ba73-f53b0cfcfaf4,0500,1289.9,1528.203
07c6623a-b240-474e-a5c6-238584ff0921,404e37e6c297372b_1a416681-5eb4-4d32-ba73-f53b0cfcfaf4,0505,1288.875,1507.717
07c6623a-b240-474e-a5c6-238584ff0921,404e37e6c297372b_1a416681-5eb4-4d32-ba73-f53b0cfcfaf4,0510,1289.358,1498.6
07c6623a-b240-474e-a5c6-238584ff0921,404e37e6c297372b_1a416681-5eb4-4d32-ba73-f53b0cfcfaf4,0515,1288.595,1494.924
07c6623a-b240-474e-a5c6-238584ff0921,404e37e6c297372b_1a416681-5eb4-4d32-ba73-f53b0cfcfaf4,0520,1290.706,1501.217
07c6623a-b240-474e-a5c6-238584ff0921,404e37e6c297372b_1a416681-5eb4-4d32-ba73-f53b0cfcfaf4,0525,1288.346,1504.253
07c6623a-b240-474e-a5c6-238584ff0921,404e37e6c297372b_1a416681-5eb4-4d32-ba73-f53b0cfcfaf4,0530,1289.745,1502.313
07c6623a-b240-474e-a5c6-238584ff0921,404e37e6c297372b_1a416681-5eb4-4d32-ba73-f53b0cfcfaf4,0535,1288.466,1501.614
07c6623a-b240-474e-a5c6-238584ff0921,404e37e6c297372b_1a416681-5eb4-4d32-ba73-f53b0cfcfaf4,0540,1290.775,1507.732
07c6623a-b240-474e-a5c6-238584ff0921,404e37e6c297372b_1a416681-5eb4-4d32-ba73-f53b0cfcfaf4,0545,1288.893,1497.789
07c6623a-b240-474e-a5c6-238584ff0921,404e37e6c297372b_1a416681-5eb4-4d32-ba73-f53b0cfcfaf4,0550,1289.424,1503.53
07c6623a-b240-474e-a5c6-238584ff0921,404e37e6c297372b_1a416681-5eb4-4d32-ba73-f53b0cfcfaf4,0555,1290.426,1506.996
07c6623a-b240-474e-a5c6-238584ff0921,404e37e6c297372b_1a416681-5eb4-4d32-ba73-f53b0cfcfaf4,0560,1290.244,1490.018
07c6623a-b240-474e-a5c6-238584ff0921,404e37e6c297372b_1a416681-5eb4-4d32-ba73-f53b0cfcfaf4,0565,1290.261,1505.771
07c6623a-b240-474e-a5c6-238584ff0921,404e37e6c297372b_1a416681-5eb4-4d32-ba73-f53b0cfcfaf4,0570,1290.351,1507.293
07c6623a-b240-474e-a5c6-238584ff0921,404e37e6c297372b_1a416681-5eb4-4d32-ba73-f53b0cfcfaf4,0575,1289.393,1497.519
07c6623a-b240-474e-a5c6-238584ff0921,404e37e6c297372b_1a416681-5eb4-4d32-ba73-f53b0cfcfaf4,0580,1290.756,1503.859
07c6623a-b240-474e-a5c6-238584ff0921,404e37e6c297372b_1a416681-5eb4-4d32-ba73-f53b0cfcfaf4,0585,1289.587,1494.907
07c6623a-b240-474e-a5c6-238584ff0921,404e37e6c297372b_1a416681-5eb4-4d32-ba73-f53b0cfcfaf4,0590,1291.279,1510.413
07c6623a-b240-474e-a5c6-238584ff0921,404e37e6c297372b_1a416681-5eb4-4d32-ba73-f53b0cfcfaf4,0595,1289.404,1512.172
07c6623a-b240-474e-a5c6-238584ff0921,404e37e6c297372b_1a416681-5eb4-4d32-ba73-f53b0cfcfaf4,0600,1288.38,1503.228
07c6623a-b240-474e-a5c6-238584ff0921,404e37e6c297372b_1a416681-5eb4-4d32-ba73-f53b0cfcfaf4,0605,1288.74,1523.012
07c6623a-b240-474e-a5c6-238584ff0921,404e37e6c297372b_1a416681-5eb4-4d32-ba73-f53b0cfcfaf4,0610,1288.528,1494.271
07c6623a-b240-474e-a5c6-238584ff0921,404e37e6c297372b_1a416681-5eb4-4d32-ba73-f53b0cfcfaf4,0615,1288.707,1501.204
07c6623a-b240-474e-a5c6-238584ff0921,404e37e6c297372b_1a416681-5eb4-4d32-ba73-f53b0cfcfaf4,0620,1288.654,1504.242
07c6623a-b240-474e-a5c6-238584ff0921,404e37e6c297372b_1a416681-5eb4-4d32-ba73-f53b0cfcfaf4,0625,1288.47,1488.149
07c6623a-b240-474e-a5c6-238584ff0921,404e37e6c297372b_1a416681-5eb4-4d32-ba73-f53b0cfcfaf4,0630,1291.29,1519.058
07c6623a-b240-474e-a5c6-238584ff0921,404e37e6c297372b_1a416681-5eb4-4d32-ba73-f53b0cfcfaf4,0635,1289.226,1537.44
07c6623a-b240-474e-a5c6-238584ff0921,404e37e6c297372b_1a416681-5eb4-4d32-ba73-f53b0cfcfaf4,0640,1289.617,1503.559
07c6623a-b240-474e-a5c6-238584ff0921,404e37e6c297372b_1a416681-5eb4-4d32-ba73-f53b0cfcfaf4,0645,1288.89,1503.328
07c6623a-b240-474e-a5c6-238584ff0921,404e37e6c297372b_1a416681-5eb4-4d32-ba73-f53b0cfcfaf4,0650,1289.829,1493.77
07c6623a-b240-474e-a5c6-238584ff0921,404e37e6c297372b_1a416681-5eb4-4d32-ba73-f53b0cfcfaf4,0655,1290.052,1517.417
07c6623a-b240-474e-a5c6-238584ff0921,404e37e6c297372b_1a416681-5eb4-4d32-ba73-f53b0cfcfaf4,0660,1290.181,1503.34
07c6623a-b240-474e-a5c6-238584ff0921,404e37e6c297372b_1a416681-5eb4-4d32-ba73-f53b0cfcfaf4,0665,1288.403,1505.868
07c6623a-b240-474e-a5c6-238584ff0921,404e37e6c297372b_1a416681-5eb4-4d32-ba73-f53b0cfcfaf4,0670,1289.983,1506.285
07c6623a-b240-474e-a5c6-238584ff0921,404e37e6c297372b_1a416681-5eb4-4d32-ba73-f53b0cfcfaf4,0675,1288.744,1520.703
07c6623a-b240-474e-a5c6-238584ff0921,404e37e6c297372b_1a416681-5eb4-4d32-ba73-f53b0cfcfaf4,0680,1291.012,1498.355
07c6623a-b240-474e-a5c6-238584ff0921,404e37e6c297372b_1a416681-5eb4-4d32-ba73-f53b0cfcfaf4,0685,1290.35,1521.511
07c6623a-b240-474e-a5c6-238584ff0921,404e37e6c297372b_1a416681-5eb4-4d32-ba73-f53b0cfcfaf4,0690,1288.474,1505.511
07c6623a-b240-474e-a5c6-238584ff0921,404e37e6c297372b_1a416681-5eb4-4d32-ba73-f53b0cfcfaf4,0695,1288.708,1526.465
07c6623a-b240-474e-a5c6-238584ff0921,404e37e6c297372b_1a416681-5eb4-4d32-ba73-f53b0cfcfaf4,0700,1289.615,1527.916
07c6623a-b240-474e-a5c6-238584ff0921,404e37e6c297372b_1a416681-5eb4-4d32-ba73-f53b0cfcfaf4,0705,1289.738,1501.661
07c6623a-b240-474e-a5c6-238584ff0921,404e37e6c297372b_1a416681-5eb4-4d32-ba73-f53b0cfcfaf4,0710,1290.398,1531.397
07c6623a-b240-474e-a5c6-238584ff0921,404e37e6c297372b_1a416681-5eb4-4d32-ba73-f53b0cfcfaf4,0715,1291.232,1512.391
07c6623a-b240-474e-a5c6-238584ff0921,404e37e6c297372b_1a416681-5eb4-4d32-ba73-f53b0cfcfaf4,0720,1290.877,1513.099
07c6623a-b240-474e-a5c6-238584ff0921,404e37e6c297372b_1a416681-5eb4-4d32-ba73-f53b0cfcfaf4,0725,1288.898,1532.417
07c6623a-b240-474e-a5c6-238584ff0921,404e37e6c297372b_1a416681-5eb4-4d32-ba73-f53b0cfcfaf4,0730,1290.85,1507.282
07c6623a-b240-474e-a5c6-238584ff0921,404e37e6c297372b_1a416681-5eb4-4d32-ba73-f53b0cfcfaf4,0735,1288.693,1526.567
07c6623a-b240-474e-a5c6-238584ff0921,404e37e6c297372b_1a416681-5eb4-4d32-ba73-f53b0cfcfaf4,0740,1290.668,1504.702
07c6623a-b240-474e-a5c6-238584ff0921,404e37e6c297372b_1a416681-5eb4-4d32-ba73-f53b0cfcfaf4,0745,1288.621,1523.42
07c6623a-b240-474e-a5c6-238584ff0921,404e37e6c297372b_1a416681-5eb4-4d32-ba73-f53b0cfcfaf4,0750,1289.785,1490.495
07c6623a-b240-474e-a5c6-238584ff0921,404e37e6c297372b_1a416681-5eb4-4d32-ba73-f53b0cfcfaf4,0755,1288.547,1534.052
07c6623a-b240-474e-a5c6-238584ff0921,404e37e6c297372b_1a416681-5eb4-4d32-ba73-f53b0cfcfaf4,0760,1289.385,1507.64
07c6623a-b240-474e-a5c6-238584ff0921,404e37e6c297372b_1a416681-5eb4-4d32-ba73-f53b0cfcfaf4,0765,1290.419,1511.962
07c6623a-b240-474e-a5c6-238584ff0921,404e37e6c297372b_1a416681-5eb4-4d32-ba73-f53b0cfcfaf4,0770,1288.699,1502.064
07c6623a-b240-474e-a5c6-238584ff0921,404e37e6c297372b_1a416681-5eb4-4d32-ba73-f53b0cfcfaf4,0775,1289.876,1486.029
07c6623a-b240-474e-a5c6-238584ff0921,404e37e6c297372b_1a416681-5eb4-4d32-ba73-f53b0cfcfaf4,0780,1288.888,1516.88
07c6623a-b240-474e-a5c6-238584ff0921,404e37e6c297372b_1a416681-5eb4-4d32-ba73-f53b0cfcfaf4,0785,1289.023,1524.617
07c6623a-b240-474e-a5c6-238584ff0921,404e37e6c297372b_1a416681-5eb4-4d32-ba73-f53b0cfcfaf4,0790,1289.14,1492.509
07c6623a-b240-474e-a5c6-238584ff0921,404e37e6c297372b_1a416681-5eb4-4d32-ba73-f53b0cfcfaf4,0795,1288.836,1509.27
07c6623a-b240-474e-a5c6-238584ff0921,404e37e6c297372b_1a416681-5eb4-4d32-ba73-f53b0cfcfaf4,0800,1289.187,1505.355
07c6623a-b240-474e-a5c6-238584ff0921,404e37e6c297372b_1a416681-5eb4-4d32-ba73-f53b0cfcfaf4,0805,1289.87,1511.463
07c6623a-b240-474e-a5c6-238584ff0921,404e37e6c297372b_1a416681-5eb4-4d32-ba73-f53b0cfcfaf4,0810,1289.482,1499.061
07c6623a-b240-474e-a5c6-238584ff0921,404e37e6c297372b_1a416681-5eb4-4d32-ba73-f53b0cfcfaf4,0815,1289.807,1513.213
07c6623a-b240-474e-a5c6-238584ff0921,404e37e6c297372b_1a416681-5eb4-4d32-ba73-f53b0cfcfaf4,0820,1289.672,1505.541
07c6623a-b240-474e-a5c6-238584ff0921,404e37e6c297372b_1a416681-5eb4-4d32-ba73-f53b0cfcfaf4,0825,1289.668,1510.891
07c6623a-b240-474e-a5c6-238584ff0921,404e37e6c297372b_1a416681-5eb4-4d32-ba73-f53b0cfcfaf4,0830,1288.363,1506.168
07c6623a-b240-474e-a5c6-238584ff0921,404e37e6c297372b_1a416681-5eb4-4d32-ba73-f53b0cfcfaf4,0835,1288.156,1508.239
07c6623a-b240-474e-a5c6-238584ff0921,404e37e6c297372b_1a416681-5eb4-4d32-ba73-f53b0cfcfaf4,0840,1292.09,1506.981
07c6623a-b240-474e-a5c6-238584ff0921,404e37e6c297372b_1a416681-5eb4-4d32-ba73-f53b0cfcfaf4,0845,1289.644,1507.244
07c6623a-b240-474e-a5c6-238584ff0921,404e37e6c297372b_1a416681-5eb4-4d32-ba73-f53b0cfcfaf4,0850,1288.686,1527.822
07c6623a-b240-474e-a5c6-238584ff0921,404e37e6c297372b_1a416681-5eb4-4d32-ba73-f53b0cfcfaf4,0855,1290.325,1502.257
07c6623a-b240-474e-a5c6-238584ff0921,404e37e6c297372b_1a416681-5eb4-4d32-ba73-f53b0cfcfaf4,0860,1289.005,1500.286
07c6623a-b240-474e-a5c6-238584ff0921,404e37e6c297372b_1a416681-5eb4-4d32-ba73-f53b0cfcfaf4,0865,1290.199,1497.473
07c6623a-b240-474e-a5c6-238584ff0921,404e37e6c297372b_1a416681-5eb4-4d32-ba73-f53b0cfcfaf4,0870,1289.09,1522.616
07c6623a-b240-474e-a5c6-238584ff0921,404e37e6c297372b_1a416681-5eb4-4d32-ba73-f53b0cfcfaf4,0875,1290.285,1515.233
07c6623a-b240-474e-a5c6-238584ff0921,404e37e6c297372b_1a416681-5eb4-4d32-ba73-f53b0cfcfaf4,0880,1290.678,1512.238
07c6623a-b240-474e-a5c6-238584ff0921,404e37e6c297372b_1a416681-5eb4-4d32-ba73-f53b0cfcfaf4,0885,1290.586,1504.429
07c6623a-b240-474e-a5c6-238584ff0921,404e37e6c297372b_1a416681-5eb4-4d32-ba73-f53b0cfcfaf4,0890,1288.711,1503.517
07c6623a-b240-474e-a5c6-238584ff0921,404e37e6c297372b_1a416681-5eb4-4d32-ba73-f53b0cfcfaf4,0895,1289.579,1523.58
07c6623a-b240-474e-a5c6-238584ff0921,404e37e6c297372b_1a416681-5eb4-4d32-ba73-f53b0cfcfaf4,0900,1290.399,1533.702
07c6623a-b240-474e-a5c6-238584ff0921,404e37e6c297372b_1a416681-5eb4-4d32-ba73-f53b0cfcfaf4,0905,1290.741,1538.465
07c6623a-b240-474e-a5c6-238584ff0921,404e37e6c297372b_1a416681-5eb4-4d32-ba73-f53b0cfcfaf4,0910,1289.504,1500.378
07c6623a-b240-474e-a5c6-238584ff0921,404e37e6c297372b_1a416681-5eb4-4d32-ba73-f53b0cfcfaf4,0915,1290.065,1504.717
07c6623a-b240-474e-a5c6-238584ff0921,404e37e6c297372b_1a416681-5eb4-4d32-ba73-f53b0cfcfaf4,0920,1288.844,1509.335
07c6623a-b240-474e-a5c6-238584ff0921,404e37e6c297372b_1a416681-5eb4-4d32-ba73-f53b0cfcfaf4,0925,1290.394,1501.7
07c6623a-b240-474e-a5c6-238584ff0921,404e37e6c297372b_1a416681-5eb4-4d32-ba73-f53b0cfcfaf4,0930,1290.192,1492.775
07c6623a-b240-474e-a5c6-238584ff0921,404e37e6c297372b_1a416681-5eb4-4d32-ba73-f53b0cfcfaf4,0935,1288.842,1510.521
07c6623a-b240-474e-a5c6-238584ff0921,404e37e6c297372b_1a416681-5eb4-4d32-ba73-f53b0cfcfaf4,0940,1289.624,1519.513
07c6623a-b240-474e-a5c6-238584ff0921,404e37e6c297372b_1a416681-5eb4-4d32-ba73-f53b0cfcfaf4,0945,1289.968,1511.227
07c6623a-b240-474e-a5c6-238584ff0921,404e37e6c297372b_1a416681-5eb4-4d32-ba73-f53b0cfcfaf4,0950,1290.188,1521.288
07c6623a-b240-474e-a5c6-238584ff0921,404e37e6c297372b_1a416681-5eb4-4d32-ba73-f53b0cfcfaf4,0955,1288.848,1520.498
07c6623a-b240-474e-a5c6-238584ff0921,404e37e6c297372b_1a416681-5eb4-4d32-ba73-f53b0cfcfaf4,0960,1288.459,1501.754
07c6623a-b240-474e-a5c6-238584ff0921,404e37e6c297372b_1a416681-5eb4-4d32-ba73-f53b0cfcfaf4,0965,1289.508,1514.506
07c6623a-b240-474e-a5c6-238584ff0921,404e37e6c297372b_1a416681-5eb4-4d32-ba73-f53b0cfcfaf4,0970,1289.076,1506.139
07c6623a-b240-474e-a5c6-238584ff0921,404e37e6c297372b_1a416681-5eb4-4d32-ba73-f53b0cfcfaf4,0975,1289.264,1483.535
07c6623a-b240-474e-a5c6-238584ff0921,404e37e6c297372b_1a416681-5eb4-4d32-ba73-f53b0cfcfaf4,0980,1289.116,1492.954
07c6623a-b240-474e-a5c6-238584ff0921,404e37e6c297372b_1a416681-5eb4-4d32-ba73-f53b0cfcfaf4,0985,1288.997,1496.049
07c6623a-b240-474e-a5c6-238584ff0921,404e37e6c297372b_1a416681-5eb4-4d32-ba73-f53b0cfcfaf4,0990,1288.388,1490.674
07c6623a-b240-474e-a5c6-238584ff0921,404e37e6c297372b_1a416681-5eb4-4d32-ba73-f53b0cfcfaf4,0995,1289.928,1487.685
07c6623a-b240-474e-a5c6-238584ff0921,404e37e6c297372b_1a416681-5eb4-4d32-ba73-f53b0cfcfaf4,1000,1289.273,1497.615
07c6623a-b240-474e-a5c6-238584ff0921,404e37e6c297372b_1a416681-5eb4-4d32-ba73-f53b0cfcfaf4,1005,1290.276,1501.675
07c6623a-b240-474e-a5c6-238584ff0921,404e37e6c297372b_1a416681-5eb4-4d32-ba73-f53b0cfcfaf4,1010,1288.739,1500.473
07c6623a-b240-474e-a5c6-238584ff0921,404e37e6c297372b_1a416681-5eb4-4d32-ba73-f53b0cfcfaf4,1015,1290.148,1532.449
07c6623a-b240-474e-a5c6-238584ff0921,404e37e6c297372b_1a416681-5eb4-4d32-ba73-f53b0cfcfaf4,1020,1288.268,1506.059
07c6623a-b240-474e-a5c6-238584ff0921,404e37e6c297372b_1a416681-5eb4-4d32-ba73-f53b0cfcfaf4,1025,1290.715,1531.528
07c6623a-b240-474e-a5c6-238584ff0921,404e37e6c297372b_1a416681-5eb4-4d32-ba73-f53b0cfcfaf4,1030,1288.931,1494.607
07c6623a-b240-474e-a5c6-238584ff0921,404e37e6c297372b_1a416681-5eb4-4d32-ba73-f53b0cfcfaf4,1035,1288.901,1464.405
07c6623a-b240-474e-a5c6-238584ff0921,404e37e6c297372b_1a416681-5eb4-4d32-ba73-f53b0cfcfaf4,1040,1288.564,1508.259
07c6623a-b240-474e-a5c6-238584ff0921,404e37e6c297372b_1a416681-5eb4-4d32-ba73-f53b0cfcfaf4,1045,1289.14,1489.165
07c6623a-b240-474e-a5c6-238584ff0921,404e37e6c297372b_1a416681-5eb4-4d32-ba73-f53b0cfcfaf4,1050,1289.578,1499.515
07c6623a-b240-474e-a5c6-238584ff0921,404e37e6c297372b_1a416681-5eb4-4d32-ba73-f53b0cfcfaf4,1055,1289.075,1505.165
07c6623a-b240-474e-a5c6-238584ff0921,404e37e6c297372b_1a416681-5eb4-4d32-ba73-f53b0cfcfaf4,1060,1290.776,1502.083
07c6623a-b240-474e-a5c6-238584ff0921,404e37e6c297372b_1a416681-5eb4-4d32-ba73-f53b0cfcfaf4,1065,1289.376,1514.644
07c6623a-b240-474e-a5c6-238584ff0921,404e37e6c297372b_1a416681-5eb4-4d32-ba73-f53b0cfcfaf4,1070,1289.971,1495.346
78acd00e-fc3c-40b3-a795-44718ff6b8fe,759c960f4882d210_70b94d29-6e56-4331-9fe8-0f1a512bac0b,0005,1290.067,1502.567
78acd00e-fc3c-40b3-a795-44718ff6b8fe,759c960f4882d210_70b94d29-6e56-4331-9fe8-0f1a512bac0b,0010,1289.631,1506.79
78acd00e-fc3c-40b3-a795-44718ff6b8fe,759c960f4882d210_70b94d29-6e56-4331-9fe8-0f1a512bac0b,0015,1287.819,1470.402
78acd00e-fc3c-40b3-a795-44718ff6b8fe,759c960f4882d210_70b94d29-6e56-4331-9fe8-0f1a512bac0b,0020,1289.438,1483.678
78acd00e-fc3c-40b3-a795-44718ff6b8fe,759c960f4882d210_70b94d29-6e56-4331-9fe8-0f1a512bac0b,0025,1289.544,1484.019
78acd00e-fc3c-40b3-a795-44718ff6b8fe,759c960f4882d210_70b94d29-6e56-4331-9fe8-0f1a512bac0b,0030,1289.129,1494.799
78acd00e-fc3c-40b3-a795-44718ff6b8fe,759c960f4882d210_70b94d29-6e56-4331-9fe8-0f1a512bac0b,0035,1290.618,1508.449
78acd00e-fc3c-40b3-a795-44718ff6b8fe,759c960f4882d210_70b94d29-6e56-4331-9fe8-0f1a512bac0b,0040,1290.17,1494.096
78acd00e-fc3c-40b3-a795-44718ff6b8fe,759c960f4882d210_70b94d29-6e56-4331-9fe8-0f1a512bac0b,0045,1291.073,1491.319
78acd00e-fc3c-40b3-a795-44718ff6b8fe,759c960f4882d210_70b94d29-6e56-4331-9fe8-0f1a512bac0b,0050,1289.18,1491.543
78acd00e-fc3c-40b3-a795-44718ff6b8fe,759c960f4882d210_70b94d29-6e56-4331-9fe8-0f1a512bac0b,0055,1289.095,1504.06
78acd00e-fc3c-40b3-a795-44718ff6b8fe,759c960f4882d210_70b94d29-6e56-4331-9fe8-0f1a512bac0b,0060,1289.218,1504.691
78acd00e-fc3c-40b3-a795-44718ff6b8fe,759c960f4882d210_70b94d29-6e56-4331-9fe8-0f1a512bac0b,0065,1287.845,1495.237
78acd00e-fc3c-40b3-a795-44718ff6b8fe,759c960f4882d210_70b94d29-6e56-4331-9fe8-0f1a512bac0b,0070,1289.416,1514.913
78acd00e-fc3c-40b3-a795-44718ff6b8fe,759c960f4882d210_70b94d29-6e56-4331-9fe8-0f1a512bac0b,0075,1288.833,1511.817
78acd00e-fc3c-40b3-a795-44718ff6b8fe,759c960f4882d210_70b94d29-6e56-4331-9fe8-0f1a512bac0b,0080,1287.965,1522.007
78acd00e-fc3c-40b3-a795-44718ff6b8fe,759c960f4882d210_70b94d29-6e56-4331-9fe8-0f1a512bac0b,0085,1288.235,1491.055
78acd00e-fc3c-40b3-a795-44718ff6b8fe,759c960f4882d210_70b94d29-6e56-4331-9fe8-0f1a512bac0b,0090,1288.56,1489.095
78acd00e-fc3c-40b3-a795-44718ff6b8fe,759c960f4882d210_70b94d29-6e56-4331-9fe8-0f1a512bac0b,0095,1289.653,1516.715
78acd00e-fc3c-40b3-a795-44718ff6b8fe,759c960f4882d210_70b94d29-6e56-4331-9fe8-0f1a512bac0b,0100,1289.504,1501.842
78acd00e-fc3c-40b3-a795-44718ff6b8fe,759c960f4882d210_70b94d29-6e56-4331-9fe8-0f1a512bac0b,0105,1290.0,1488.52
78acd00e-fc3c-40b3-a795-44718ff6b8fe,759c960f4882d210_70b94d29-6e56-4331-9fe8-0f1a512bac0b,0110,1289.3,1506.162
78acd00e-fc3c-40b3-a795-44718ff6b8fe,759c960f4882d210_70b94d29-6e56-4331-9fe8-0f1a512bac0b,0115,1288.343,1528.825
78acd00e-fc3c-40b3-a795-44718ff6b8fe,759c960f4882d210_70b94d29-6e56-4331-9fe8-0f1a512bac0b,0120,1288.017,1476.348
78acd00e-fc3c-40b3-a795-44718ff6b8fe,759c960f4882d210_70b94d29-6e56-4331-9fe8-0f1a512bac0b,0125,1288.351,1483.889
78acd00e-fc3c-40b3-a795-44718ff6b8fe,759c960f4882d210_70b94d29-6e56-4331-9fe8-0f1a512bac0b,0130,1287.613,1519.906
78acd00e-fc3c-40b3-a795-44718ff6b8fe,759c960f4882d210_70b94d29-6e56-4331-9fe8-0f1a512bac0b,0135,1289.394,1515.995
78acd00e-fc3c-40b3-a795-44718ff6b8fe,759c960f4882d210_70b94d29-6e56-4331-9fe8-0f1a512bac0b,0140,1288.925,1488.509
78acd00e-fc3c-40b3-a795-44718ff6b8fe,759c960f4882d210_70b94d29-6e56-4331-9fe8-0f1a512bac0b,0145,1288.661,1501.627
78acd00e-fc3c-40b3-a795-44718ff6b8fe,759c960f4882d210_70b94d29-6e56-4331-9fe8-0f1a512bac0b,0150,1290.937,1507.006
78acd00e-fc3c-40b3-a795-44718ff6b8fe,759c960f4882d210_70b94d29-6e56-4331-9fe8-0f1a512bac0b,0155,1288.873,1519.731
78acd00e-fc3c-40b3-a795-44718ff6b8fe,759c960f4882d210_70b94d29-6e56-4331-9fe8-0f1a512bac0b,0160,1290.454,1489.296
78acd00e-fc3c-40b3-a795-44718ff6b8fe,759c960f4882d210_70b94d29-6e56-4331-9fe8-0f1a512bac0b,0165,1288.175,1487.611
78acd00e-fc3c-40b3-a795-44718ff6b8fe,759c960f4882d210_70b94d29-6e56-4331-9fe8-0f1a512bac0b,0170,1292.459,1473.196
78acd00e-fc3c-40b3-a795-44718ff6b8fe,759c960f4882d210_70b94d29-6e56-4331-9fe8-0f1a512bac0b,0175,1287.458,1507.815
78acd00e-fc3c-40b3-a795-44718ff6b8fe,759c960f4882d210_70b94d29-6e56-4331-9fe8-0f1a512bac0b,0180,1289.776,1502.885
78acd00e-fc3c-40b3-a795-44718ff6b8fe,759c960f4882d210_70b94d29-6e56-4331-9fe8-0f1a512bac0b,0185,1289.833,1481.206
78acd00e-fc3c-40b3-a795-44718ff6b8fe,759c960f4882d210_70b94d29-6e56-4331-9fe8-0f1a512bac0b,0190,1288.666,1496.292
78acd00e-fc3c-40b3-a795-44718ff6b8fe,759c960f4882d210_70b94d29-6e56-4331-9fe8-0f1a512bac0b,0195,1289.041,1478.321
78acd00e-fc3c-40b3-a795-44718ff6b8fe,759c960f4882d210_70b94d29-6e56-4331-9fe8-0f1a512bac0b,0200,1289.082,1502.242
78acd00e-fc3c-40b3-a795-44718ff6b8fe,759c960f4882d210_70b94d29-6e56-4331-9fe8-0f1a512bac0b,0205,1287.653,1508.826
78acd00e-fc3c-40b3-a795-44718ff6b8fe,759c960f4882d210_70b94d29-6e56-4331-9fe8-0f1a512bac0b,0210,1290.299,1507.356
78acd00e-fc3c-40b3-a795-44718ff6b8fe,759c960f4882d210_70b94d29-6e56-4331-9fe8-0f1a512bac0b,0215,1290.136,1491.659
78acd00e-fc3c-40b3-a795-44718ff6b8fe,759c960f4882d210_70b94d29-6e56-4331-9fe8-0f1a512bac0b,0220,1290.443,1520.598
78acd00e-fc3c-40b3-a795-44718ff6b8fe,759c960f4882d210_70b94d29-6e56-4331-9fe8-0f1a512bac0b,0225,1289.844,1524.291
78acd00e-fc3c-40b3-a795-44718ff6b8fe,759c960f4882d210_70b94d29-6e56-4331-9fe8-0f1a512bac0b,0230,1290.222,1501.893
78acd00e-fc3c-40b3-a795-44718ff6b8fe,759c960f4882d210_70b94d29-6e56-4331-9fe8-0f1a512bac0b,0235,1288.368,1511.668
78acd00e-fc3c-40b3-a795-44718ff6b8fe,759c960f4882d210_70b94d29-6e56-4331-9fe8-0f1a512bac0b,0240,1290.573,1483.651
78acd00e-fc3c-40b3-a795-44718ff6b8fe,759c960f4882d210_70b94d29-6e56-4331-9fe8-0f1a512bac0b,0245,1289.613,1524.269
78acd00e-fc3c-40b3-a795-44718ff6b8fe,759c960f4882d210_70b94d29-6e56-4331-9fe8-0f1a512bac0b,0250,1290.078,1539.856
78acd00e-fc3c-40b3-a795-44718ff6b8fe,759c960f4882d210_70b94d29-6e56-4331-9fe8-0f1a512bac0b,0255,1289.445,1498.359
78acd00e-fc3c-40b3-a795-44718ff6b8fe,759c960f4882d210_70b94d29-6e56-4331-9fe8-0f1a512bac0b,0260,1291.112,1491.9
78acd00e-fc3c-40b3-a795-44718ff6b8fe,759c960f4882d210_70b94d29-6e56-4331-9fe8-0f1a512bac0b,0265,1288.821,1495.757
78acd00e-fc3c-40b3-a795-44718ff6b8fe,759c960f4882d210_70b94d29-6e56-4331-9fe8-0f1a512bac0b,0270,1289.644,1476.656
78acd00e-fc3c-40b3-a795-44718ff6b8fe,759c960f4882d210_70b94d29-6e56-4331-9fe8-0f1a512bac0b,0275,1288.673,1497.965
78acd00e-fc3c-40b3-a795-44718ff6b8fe,759c960f4882d210_70b94d29-6e56-4331-9fe8-0f1a512bac0b,0280,1289.493,1515.328
78acd00e-fc3c-40b3-a795-44718ff6b8fe,759c960f4882d210_70b94d29-6e56-4331-9fe8-0f1a512bac0b,0285,1291.204,1505.07
78acd00e-fc3c-40b3-a795-44718ff6b8fe,759c960f4882d210_70b94d29-6e56-4331-9fe8-0f1a512bac0b,0290,1291.242,1526.889
78acd00e-fc3c-40b3-a795-44718ff6b8fe,759c960f4882d210_70b94d29-6e56-4331-9fe8-0f1a512bac0b,0295,1290.74,1519.577
78acd00e-fc3c-40b3-a795-44718ff6b8fe,759c960f4882d210_70b94d29-6e56-4331-9fe8-0f1a512bac0b,0300,1291.426,1505.146
78acd00e-fc3c-40b3-a795-44718ff6b8fe,759c960f4882d210_70b94d29-6e56-4331-9fe8-0f1a512bac0b,0305,1289.109,1519.264
78acd00e-fc3c-40b3-a795-44718ff6b8fe,759c960f4882d210_70b94d29-6e56-4331-9fe8-0f1a512bac0b,0310,1288.511,1491.108
78acd00e-fc3c-40b3-a795-44718ff6b8fe,759c960f4882d210_70b94d29-6e56-4331-9fe8-0f1a512bac0b,0315,1289.108,1503.704
78acd00e-fc3c-40b3-a795-44718ff6b8fe,759c960f4882d210_70b94d29-6e56-4331-9fe8-0f1a512bac0b,0320,1288.964,1510.148
78acd00e-fc3c-40b3-a795-44718ff6b8fe,759c960f4882d210_70b94d29-6e56-4331-9fe8-0f1a512bac0b,0325,1288.22,1491.18
78acd00e-fc3c-40b3-a795-44718ff6b8fe,759c960f4882d210_70b94d29-6e56-4331-9fe8-0f1a512bac0b,0330,1289.595,1504.457
78acd00e-fc3c-40b3-a795-44718ff6b8fe,759c960f4882d210_70b94d29-6e56-4331-9fe8-0f1a512bac0b,0335,1290.189,1523.65
78acd00e-fc3c-40b3-a795-44718ff6b8fe,759c960f4882d210_70b94d29-6e56-4331-9fe8-0f1a512bac0b,0340,1289.447,1505.042
78acd00e-fc3c-40b3-a795-44718ff6b8fe,759c960f4882d210_70b94d29-6e56-4331-9fe8-0f1a512bac0b,0345,1288.298,1505.442
78acd00e-fc3c-40b3-a795-44718ff6b8fe,759c960f4882d210_70b94d29-6e56-4331-9fe8-0f1a512bac0b,0350,1288.99,1503.178
78acd00e-fc3c-40b3-a795-44718ff6b8fe,759c960f4882d210_70b94d29-6e56-4331-9fe8-0f1a512bac0b,0355,1288.696,1490.879
78acd00e-fc3c-40b3-a795-44718ff6b8fe,759c960f4882d210_70b94d29-6e56-4331-9fe8-0f1a512bac0b,0360,1289.56,1503.517
78acd00e-fc3c-40b3-a795-44718ff6b8fe,759c960f4882d210_70b94d29-6e56-4331-9fe8-0f1a512bac0b,0365,1288.087,1521.309
78acd00e-fc3c-40b3-a795-44718ff6b8fe,759c960f4882d210_70b94d29-6e56-4331-9fe8-0f1a512bac0b,0370,1289.257,1488.802
78acd00e-fc3c-40b3-a795-44718ff6b8fe,759c960f4882d210_70b94d29-6e56-4331-9fe8-0f1a512bac0b,0375,1288.614,1496.876
78acd00e-fc3c-40b3-a795-44718ff6b8fe,759c960f4882d210_70b94d29-6e56-4331-9fe8-0f1a512bac0b,0380,1289.002,1512.413
78acd00e-fc3c-40b3-a795-44718ff6b8fe,759c960f4882d210_70b94d29-6e56-4331-9fe8-0f1a512bac0b,0385,1288.864,1504.157
78acd00e-fc3c-40b3-a795-44718ff6b8fe,759c960f4882d210_70b94d29-6e56-4331-9fe8-0f1a512bac0b,0390,1288.705,1489.502
78acd00e-fc3c-40b3-a795-44718ff6b8fe,759c960f4882d210_70b94d29-6e56-4331-9fe8-0f1a512bac0b,0395,1289.62,1507.348
78acd00e-fc3c-40b3-a795-44718ff6b8fe,759c960f4882d210_70b94d29-6e56-4331-9fe8-0f1a512bac0b,0400,1289.727,1516.043
78acd00e-fc3c-40b3-a795-44718ff6b8fe,759c960f4882d210_70b94d29-6e56-4331-9fe8-0f1a512bac0b,0405,1289.366,1500.631
78acd00e-fc3c-40b3-a795-44718ff6b8fe,759c960f4882d210_70b94d29-6e56-4331-9fe8-0f1a512bac0b,0410,1289.401,1500.255
78acd00e-fc3c-40b3-a795-44718ff6b8fe,759c960f4882d210_70b94d29-6e56-4331-9fe8-0f1a512bac0b,0415,1288.644,1494.747
78acd00e-fc3c-40b3-a795-44718ff6b8fe,759c960f4882d210_70b94d29-6e56-4331-9fe8-0f1a512bac0b,0420,1289.544,1504.362
78acd00e-fc3c-40b3-a795-44718ff6b8fe,759c960f4882d210_70b94d29-6e56-4331-9fe8-0f1a512bac0b,0425,1288.314,1497.923
78acd00e-fc3c-40b3-a795-44718ff6b8fe,759c960f4882d210_70b94d29-6e56-4331-9fe8-0f1a512bac0b,0430,1288.297,1502.323
78acd00e-fc3c-40b3-a795-44718ff6b8fe,759c960f4882d210_70b94d29-6e56-4331-9fe8-0f1a512bac0b,0435,1288.011,1494.759
78acd00e-fc3c-40b3-a795-44718ff6b8fe,759c960f4882d210_70b94d29-6e56-4331-9fe8-0f1a512bac0b,0440,1289.021,1503.111
78acd00e-fc3c-40b3-a795-44718ff6b8fe,759c960f4882d210_70b94d29-6e56-4331-9fe8-0f1a512bac0b,0445,1288.127,1505.994
78acd00e-fc3c-40b3-a795-44718ff6b8fe,759c960f4882d210_70b94d29-6e56-4331-9fe8-0f1a512bac0b,0450,1289.447,1487.454
78acd00e-fc3c-40b3-a795-44718ff6b8fe,759c960f4882d210_70b94d29-6e56-4331-9fe8-0f1a512bac0b,0455,1287.65,1491.793
78acd00e-fc3c-40b3-a795-44718ff6b8fe,759c960f4882d210_70b94d29-6e56-4331-9fe8-0f1a512bac0b,0460,1289.286,1488.584
78acd00e-fc3c-40b3-a795-44718ff6b8fe,759c960f4882d210_70b94d29-6e56-4331-9fe8-0f1a512bac0b,0465,1289.864,1498.297
78acd00e-fc3c-40b3-a795-44718ff6b8fe,759c960f4882d210_70b94d29-6e56-4331-9fe8-0f1a512bac0b,0470,1290.325,1505.026
78acd00e-fc3c-40b3-a795-44718ff6b8fe,759c960f4882d210_70b94d29-6e56-4331-9fe8-0f1a512bac0b,0475,1289.662,1503.363
78acd00e-fc3c-40b3-a795-44718ff6b8fe,759c960f4882d210_70b94d29-6e56-4331-9fe8-0f1a512bac0b,0480,1289.379,1503.354
78acd00e-fc3c-40b3-a795-44718ff6b8fe,759c960f4882d210_70b94d29-6e56-4331-9fe8-0f1a512bac0b,0485,1289.502,1500.665
78acd00e-fc3c-40b3-a795-44718ff6b8fe,759c960f4882d210_70b94d29-6e56-4331-9fe8-0f1a512bac0b,0490,1290.552,1508.427
78acd00e-fc3c-40b3-a795-44718ff6b8fe,759c960f4882d210_70b94d29-6e56-4331-9fe8-0f1a512bac0b,0495,1290.993,1535.0
78acd00e-fc3c-40b3-a795-44718ff6b8fe,759c960f4882d210_70b94d29-6e56-4331-9fe8-0f1a512bac0b,0500,1288.449,1508.181
78acd00e-fc3c-40b3-a795-44718ff6b8fe,759c960f4882d210_70b94d29-6e56-4331-9fe8-0f1a512bac0b,0505,1287.904,1491.759
78acd00e-fc3c-40b3-a795-44718ff6b8fe,759c960f4882d210_70b94d29-6e56-4331-9fe8-0f1a512bac0b,0510,1289.491,1496.093
78acd00e-fc3c-40b3-a795-44718ff6b8fe,759c960f4882d210_70b94d29-6e56-4331-9fe8-0f1a512bac0b,0515,1289.842,1505.813
78acd00e-fc3c-40b3-a795-44718ff6b8fe,759c960f4882d210_70b94d29-6e56-4331-9fe8-0f1a512bac0b,0520,1289.223,1498.314
78acd00e-fc3c-40b3-a795-44718ff6b8fe,759c960f4882d210_70b94d29-6e56-4331-9fe8-0f1a512bac0b,0525,1288.085,1502.121
78acd00e-fc3c-40b3-a795-44718ff6b8fe,759c960f4882d210_70b94d29-6e56-4331-9fe8-0f1a512bac0b,0530,1288.807,1501.092
78acd00e-fc3c-40b3-a795-44718ff6b8fe,759c960f4882d210_70b94d29-6e56-4331-9fe8-0f1a512bac0b,0535,1288.639,1497.046
78acd00e-fc3c-40b3-a795-44718ff6b8fe,759c960f4882d210_70b94d29-6e56-4331-9fe8-0f1a512bac0b,0540,1288.4,1504.834
78acd00e-fc3c-40b3-a795-44718ff6b8fe,759c960f4882d210_70b94d29-6e56-4331-9fe8-0f1a512bac0b,0545,1288.239,1497.753
78acd00e-fc3c-40b3-a795-44718ff6b8fe,759c960f4882d210_70b94d29-6e56-4331-9fe8-0f1a512bac0b,0550,1291.327,1507.479
78acd00e-fc3c-40b3-a795-44718ff6b8fe,759c960f4882d210_70b94d29-6e56-4331-9fe8-0f1a512bac0b,0555,1287.833,1506.915
78acd00e-fc3c-40b3-a795-44718ff6b8fe,759c960f4882d210_70b94d29-6e56-4331-9fe8-0f1a512bac0b,0560,1292.279,1504.457
78acd00e-fc3c-40b3-a795-44718ff6b8fe,759c960f4882d210_70b94d29-6e56-4331-9fe8-0f1a512bac0b,0565,1288.431,1526.865
78acd00e-fc3c-40b3-a795-44718ff6b8fe,759c960f4882d210_70b94d29-6e56-4331-9fe8-0f1a512bac0b,0570,1288.862,1513.112
78acd00e-fc3c-40b3-a795-44718ff6b8fe,759c960f4882d210_70b94d29-6e56-4331-9fe8-0f1a512bac0b,0575,1291.056,1504.004
78acd00e-fc3c-40b3-a795-44718ff6b8fe,759c960f4882d210_70b94d29-6e56-4331-9fe8-0f1a512bac0b,0580,1290.634,1499.78
78acd00e-fc3c-40b3-a795-44718ff6b8fe,759c960f4882d210_70b94d29-6e56-4331-9fe8-0f1a512bac0b,0585,1289.84,1523.546
78acd00e-fc3c-40b3-a795-44718ff6b8fe,759c960f4882d210_70b94d29-6e56-4331-9fe8-0f1a512bac0b,0590,1289.705,1518.151
78acd00e-fc3c-40b3-a795-44718ff6b8fe,759c960f4882d210_70b94d29-6e56-4331-9fe8-0f1a512bac0b,0595,1288.778,1472.659
78acd00e-fc3c-40b3-a795-44718ff6b8fe,759c960f4882d210_70b94d29-6e56-4331-9fe8-0f1a512bac0b,0600,1288.821,1528.148
78acd00e-fc3c-40b3-a795-44718ff6b8fe,759c960f4882d210_70b94d29-6e56-4331-9fe8-0f1a512bac0b,0605,1294.59,1508.994
78acd00e-fc3c-40b3-a795-44718ff6b8fe,759c960f4882d210_70b94d29-6e56-4331-9fe8-0f1a512bac0b,0610,1289.952,1536.247
78acd00e-fc3c-40b3-a795-44718ff6b8fe,759c960f4882d210_70b94d29-6e56-4331-9fe8-0f1a512bac0b,0615,1289.358,1520.619
78acd00e-fc3c-40b3-a795-44718ff6b8fe,759c960f4882d210_70b94d29-6e56-4331-9fe8-0f1a512bac0b,0620,1289.77,1499.953
78acd00e-fc3c-40b3-a795-44718ff6b8fe,759c960f4882d210_70b94d29-6e56-4331-9fe8-0f1a512bac0b,0625,1289.332,1492.798
78acd00e-fc3c-40b3-a795-44718ff6b8fe,759c960f4882d210_70b94d29-6e56-4331-9fe8-0f1a512bac0b,0630,1289.83,1523.594
78acd00e-fc3c-40b3-a795-44718ff6b8fe,759c960f4882d210_70b94d29-6e56-4331-9fe8-0f1a512bac0b,0635,1290.523,1507.528
78acd00e-fc3c-40b3-a795-44718ff6b8fe,759c960f4882d210_70b94d29-6e56-4331-9fe8-0f1a512bac0b,0640,1288.783,1526.363
78acd00e-fc3c-40b3-a795-44718ff6b8fe,759c960f4882d210_70b94d29-6e56-4331-9fe8-0f1a512bac0b,0645,1287.395,1486.282
78acd00e-fc3c-40b3-a795-44718ff6b8fe,759c960f4882d210_70b94d29-6e56-4331-9fe8-0f1a512bac0b,0650,1290.667,1494.956
78acd00e-fc3c-40b3-a795-44718ff6b8fe,759c960f4882d210_70b94d29-6e56-4331-9fe8-0f1a512bac0b,0655,1288.413,1496.708
78acd00e-fc3c-40b3-a795-44718ff6b8fe,759c960f4882d210_70b94d29-6e56-4331-9fe8-0f1a512bac0b,0660,1289.492,1502.565
78acd00e-fc3c-40b3-a795-44718ff6b8fe,759c960f4882d210_70b94d29-6e56-4331-9fe8-0f1a512bac0b,0665,1289.084,1504.233
78acd00e-fc3c-40b3-a795-44718ff6b8fe,759c960f4882d210_70b94d29-6e56-4331-9fe8-0f1a512bac0b,0670,1288.187,1515.067
78acd00e-fc3c-40b3-a795-44718ff6b8fe,759c960f4882d210_70b94d29-6e56-4331-9fe8-0f1a512bac0b,0675,1289.672,1516.833
78acd00e-fc3c-40b3-a795-44718ff6b8fe,759c960f4882d210_70b94d29-6e56-4331-9fe8-0f1a512bac0b,0680,1290.329,1486.801
78acd00e-fc3c-40b3-a795-44718ff6b8fe,759c960f4882d210_70b94d29-6e56-4331-9fe8-0f1a512bac0b,0685,1287.897,1489.12
78acd00e-fc3c-40b3-a795-44718ff6b8fe,759c960f4882d210_70b94d29-6e56-4331-9fe8-0f1a512bac0b,0690,1289.253,1493.064
78acd00e-fc3c-40b3-a795-44718ff6b8fe,759c960f4882d210_70b94d29-6e56-4331-9fe8-0f1a512bac0b,0695,1288.473,1498.923
78acd00e-fc3c-40b3-a795-44718ff6b8fe,759c960f4882d210_70b94d29-6e56-4331-9fe8-0f1a512bac0b,0700,1289.868,1498.173
78acd00e-fc3c-40b3-a795-44718ff6b8fe,759c960f4882d210_70b94d29-6e56-4331-9fe8-0f1a512bac0b,0705,1289.803,1496.12
78acd00e-fc3c-40b3-a795-44718ff6b8fe,759c960f4882d210_70b94d29-6e56-4331-9fe8-0f1a512bac0b,0710,1288.925,1504.552
78acd00e-fc3c-40b3-a795-44718ff6b8fe,759c960f4882d210_70b94d29-6e56-4331-9fe8-0f1a512bac0b,0715,1288.857,1501.374
78acd00e-fc3c-40b3-a795-44718ff6b8fe,759c960f4882d210_70b94d29-6e56-4331-9fe8-0f1a512bac0b,0720,1289.611,1509.654
78acd00e-fc3c-40b3-a795-44718ff6b8fe,759c960f4882d210_70b94d29-6e56-4331-9fe8-0f1a512bac0b,0725,1288.365,1499.471
78acd00e-fc3c-40b3-a795-44718ff6b8fe,759c960f4882d210_70b94d29-6e56-4331-9fe8-0f1a512bac0b,0730,1288.953,1485.669
78acd00e-fc3c-40b3-a795-44718ff6b8fe,759c960f4882d210_70b94d29-6e56-4331-9fe8-0f1a512bac0b,0735,1289.495,1497.133
78acd00e-fc3c-40b3-a795-44718ff6b8fe,759c960f4882d210_70b94d29-6e56-4331-9fe8-0f1a512bac0b,0740,1289.861,1528.295
78acd00e-fc3c-40b3-a795-44718ff6b8fe,759c960f4882d210_70b94d29-6e56-4331-9fe8-0f1a512bac0b,0745,1289.61,1492.775
78acd00e-fc3c-40b3-a795-44718ff6b8fe,759c960f4882d210_70b94d29-6e56-4331-9fe8-0f1a512bac0b,0750,1288.63,1519.49
78acd00e-fc3c-40b3-a795-44718ff6b8fe,759c960f4882d210_70b94d29-6e56-4331-9fe8-0f1a512bac0b,0755,1288.27,1494.921
78acd00e-fc3c-40b3-a795-44718ff6b8fe,759c960f4882d210_70b94d29-6e56-4331-9fe8-0f1a512bac0b,0760,1288.78,1486.488
78acd00e-fc3c-40b3-a795-44718ff6b8fe,759c960f4882d210_70b94d29-6e56-4331-9fe8-0f1a512bac0b,0765,1288.614,1503.747
78acd00e-fc3c-40b3-a795-44718ff6b8fe,759c960f4882d210_70b94d29-6e56-4331-9fe8-0f1a512bac0b,0770,1288.927,1491.847
78acd00e-fc3c-40b3-a795-44718ff6b8fe,759c960f4882d210_70b94d29-6e56-4331-9fe8-0f1a512bac0b,0775,1289.333,1497.778
78acd00e-fc3c-40b3-a795-44718ff6b8fe,759c960f4882d210_70b94d29-6e56-4331-9fe8-0f1a512bac0b,0780,1289.047,1485.807
78acd00e-fc3c-40b3-a795-44718ff6b8fe,759c960f4882d210_70b94d29-6e56-4331-9fe8-0f1a512bac0b,0785,1288.18,1470.396
78acd00e-fc3c-40b3-a795-44718ff6b8fe,759c960f4882d210_70b94d29-6e56-4331-9fe8-0f1a512bac0b,0790,1290.543,1503.335
78acd00e-fc3c-40b3-a795-44718ff6b8fe,759c960f4882d210_70b94d29-6e56-4331-9fe8-0f1a512bac0b,0795,1288.501,1505.494
78acd00e-fc3c-40b3-a795-44718ff6b8fe,759c960f4882d210_70b94d29-6e56-4331-9fe8-0f1a512bac0b,0800,1289.902,1517.582
78acd00e-fc3c-40b3-a795-44718ff6b8fe,759c960f4882d210_70b94d29-6e56-4331-9fe8-0f1a512bac0b,0805,1288.573,1487.219
78acd00e-fc3c-40b3-a795-44718ff6b8fe,759c960f4882d210_70b94d29-6e56-4331-9fe8-0f1a512bac0b,0810,1290.954,1525.142
78acd00e-fc3c-40b3-a795-44718ff6b8fe,759c960f4882d210_70b94d29-6e56-4331-9fe8-0f1a512bac0b,0815,1294.883,1513.309
78acd00e-fc3c-40b3-a795-44718ff6b8fe,759c960f4882d210_70b94d29-6e56-4331-9fe8-0f1a512bac0b,0820,1290.359,1518.521
78acd00e-fc3c-40b3-a795-44718ff6b8fe,759c960f4882d210_70b94d29-6e56-4331-9fe8-0f1a512bac0b,0825,1289.849,1508.855
78acd00e-fc3c-40b3-a795-44718ff6b8fe,759c960f4882d210_70b94d29-6e56-4331-9fe8-0f1a512bac0b,0830,1288.718,1509.513
78acd00e-fc3c-40b3-a795-44718ff6b8fe,759c960f4882d210_70b94d29-6e56-4331-9fe8-0f1a512bac0b,0835,1288.923,1483.304
78acd00e-fc3c-40b3-a795-44718ff6b8fe,759c960f4882d210_70b94d29-6e56-4331-9fe8-0f1a512bac0b,0840,1289.692,1489.846
78acd00e-fc3c-40b3-a795-44718ff6b8fe,759c960f4882d210_70b94d29-6e56-4331-9fe8-0f1a512bac0b,0845,1288.753,1512.134
78acd00e-fc3c-40b3-a795-44718ff6b8fe,759c960f4882d210_70b94d29-6e56-4331-9fe8-0f1a512bac0b,0850,1289.52,1485.012
78acd00e-fc3c-40b3-a795-44718ff6b8fe,759c960f4882d210_70b94d29-6e56-4331-9fe8-0f1a512bac0b,0855,1286.93,1498.676
78acd00e-fc3c-40b3-a795-44718ff6b8fe,759c960f4882d210_70b94d29-6e56-4331-9fe8-0f1a512bac0b,0860,1289.15,1499.178
78acd00e-fc3c-40b3-a795-44718ff6b8fe,759c960f4882d210_70b94d29-6e56-4331-9fe8-0f1a512bac0b,0865,1287.8,1502.009
78acd00e-fc3c-40b3-a795-44718ff6b8fe,759c960f4882d210_70b94d29-6e56-4331-9fe8-0f1a512bac0b,0870,1288.774,1484.212
78acd00e-fc3c-40b3-a795-44718ff6b8fe,759c960f4882d210_70b94d29-6e56-4331-9fe8-0f1a512bac0b,0875,1287.833,1492.447
78acd00e-fc3c-40b3-a795-44718ff6b8fe,759c960f4882d210_70b94d29-6e56-4331-9fe8-0f1a512bac0b,0880,1287.517,1489.789
78acd00e-fc3c-40b3-a795-44718ff6b8fe,759c960f4882d210_70b94d29-6e56-4331-9fe8-0f1a512bac0b,0885,1287.876,1488.965
78acd00e-fc3c-40b3-a795-44718ff6b8fe,759c960f4882d210_70b94d29-6e56-4331-9fe8-0f1a512bac0b,0890,1288.761,1496.389
78acd00e-fc3c-40b3-a795-44718ff6b8fe,759c960f4882d210_70b94d29-6e56-4331-9fe8-0f1a512bac0b,0895,1288.175,1501.811
78acd00e-fc3c-40b3-a795-44718ff6b8fe,759c960f4882d210_70b94d29-6e56-4331-9fe8-0f1a512bac0b,0900,1288.883,1524.595
78acd00e-fc3c-40b3-a795-44718ff6b8fe,759c960f4882d210_70b94d29-6e56-4331-9fe8-0f1a512bac0b,0905,1289.067,1500.426
78acd00e-fc3c-40b3-a795-44718ff6b8fe,759c960f4882d210_70b94d29-6e56-4331-9fe8-0f1a512bac0b,0910,1289.023,1484.541
78acd00e-fc3c-40b3-a795-44718ff6b8fe,759c960f4882d210_70b94d29-6e56-4331-9fe8-0f1a512bac0b,0915,1288.826,1517.218
78acd00e-fc3c-40b3-a795-44718ff6b8fe,759c960f4882d210_70b94d29-6e56-4331-9fe8-0f1a512bac0b,0920,1288.579,1524.065
78acd00e-fc3c-40b3-a795-44718ff6b8fe,759c960f4882d210_70b94d29-6e56-4331-9fe8-0f1a512bac0b,0925,1290.728,1515.305
78acd00e-fc3c-40b3-a795-44718ff6b8fe,759c960f4882d210_70b94d29-6e56-4331-9fe8-0f1a512bac0b,0930,1290.57,1515.078
78acd00e-fc3c-40b3-a795-44718ff6b8fe,759c960f4882d210_70b94d29-6e56-4331-9fe8-0f1a512bac0b,0935,1290.767,1505.659
78acd00e-fc3c-40b3-a795-44718ff6b8fe,759c960f4882d210_70b94d29-6e56-4331-9fe8-0f1a512bac0b,0940,1289.752,1519.909
78acd00e-fc3c-40b3-a795-44718ff6b8fe,759c960f4882d210_70b94d29-6e56-4331-9fe8-0f1a512bac0b,0945,1290.256,1502.201
78acd00e-fc3c-40b3-a795-44718ff6b8fe,759c960f4882d210_70b94d29-6e56-4331-9fe8-0f1a512bac0b,0950,1290.149,1517.235
78acd00e-fc3c-40b3-a795-44718ff6b8fe,759c960f4882d210_70b94d29-6e56-4331-9fe8-0f1a512bac0b,0955,1290.358,1507.992
78acd00e-fc3c-40b3-a795-44718ff6b8fe,759c960f4882d210_70b94d29-6e56-4331-9fe8-0f1a512bac0b,0960,1289.439,1501.818
78acd00e-fc3c-40b3-a795-44718ff6b8fe,759c960f4882d210_70b94d29-6e56-4331-9fe8-0f1a512bac0b,0965,1288.031,1526.218
78acd00e-fc3c-40b3-a795-44718ff6b8fe,759c960f4882d210_70b94d29-6e56-4331-9fe8-0f1a512bac0b,0970,1288.63,1514.132
78acd00e-fc3c-40b3-a795-44718ff6b8fe,759c960f4882d210_70b94d29-6e56-4331-9fe8-0f1a512bac0b,0975,1288.683,1501.19
78acd00e-fc3c-40b3-a795-44718ff6b8fe,759c960f4882d210_70b94d29-6e56-4331-9fe8-0f1a512bac0b,0980,1289.644,1496.869
78acd00e-fc3c-40b3-a795-44718ff6b8fe,759c960f4882d210_70b94d29-6e56-4331-9fe8-0f1a512bac0b,0985,1289.105,1515.43
78acd00e-fc3c-40b3-a795-44718ff6b8fe,759c960f4882d210_70b94d29-6e56-4331-9fe8-0f1a512bac0b,0990,1287.796,1493.951
78acd00e-fc3c-40b3-a795-44718ff6b8fe,759c960f4882d210_70b94d29-6e56-4331-9fe8-0f1a512bac0b,0995,1288.475,1503.552
78acd00e-fc3c-40b3-a795-44718ff6b8fe,759c960f4882d210_70b94d29-6e56-4331-9fe8-0f1a512bac0b,1000,1288.034,1500.582
78acd00e-fc3c-40b3-a795-44718ff6b8fe,759c960f4882d210_70b94d29-6e56-4331-9fe8-0f1a512bac0b,1005,1288.876,1503.305
78acd00e-fc3c-40b3-a795-44718ff6b8fe,759c960f4882d210_70b94d29-6e56-4331-9fe8-0f1a512bac0b,1010,1288.841,1506.611
78acd00e-fc3c-40b3-a795-44718ff6b8fe,759c960f4882d210_70b94d29-6e56-4331-9fe8-0f1a512bac0b,1015,1290.673,1505.6
78acd00e-fc3c-40b3-a795-44718ff6b8fe,759c960f4882d210_70b94d29-6e56-4331-9fe8-0f1a512bac0b,1020,1288.188,1513.073
78acd00e-fc3c-40b3-a795-44718ff6b8fe,759c960f4882d210_70b94d29-6e56-4331-9fe8-0f1a512bac0b,1025,1289.551,1506.178
78acd00e-fc3c-40b3-a795-44718ff6b8fe,759c960f4882d210_70b94d29-6e56-4331-9fe8-0f1a512bac0b,1030,1289.589,1507.965
78acd00e-fc3c-40b3-a795-44718ff6b8fe,759c960f4882d210_70b94d29-6e56-4331-9fe8-0f1a512bac0b,1035,1289.139,1508.98
78acd00e-fc3c-40b3-a795-44718ff6b8fe,759c960f4882d210_70b94d29-6e56-4331-9fe8-0f1a512bac0b,1040,1289.114,1494.839
78acd00e-fc3c-40b3-a795-44718ff6b8fe,759c960f4882d210_70b94d29-6e56-4331-9fe8-0f1a512bac0b,1045,1289.505,1505.281
78acd00e-fc3c-40b3-a795-44718ff6b8fe,759c960f4882d210_70b94d29-6e56-4331-9fe8-0f1a512bac0b,1050,1290.384,1515.617
78acd00e-fc3c-40b3-a795-44718ff6b8fe,759c960f4882d210_70b94d29-6e56-4331-9fe8-0f1a512bac0b,1055,1290.243,1508.542
78acd00e-fc3c-40b3-a795-44718ff6b8fe,759c960f4882d210_70b94d29-6e56-4331-9fe8-0f1a512bac0b,1060,1289.346,1537.129
78acd00e-fc3c-40b3-a795-44718ff6b8fe,759c960f4882d210_70b94d29-6e56-4331-9fe8-0f1a512bac0b,1065,1288.411,1518.329
78acd00e-fc3c-40b3-a795-44718ff6b8fe,759c960f4882d210_70b94d29-6e56-4331-9fe8-0f1a512bac0b,1070,1289.522,1490.989
78acd00e-fc3c-40b3-a795-44718ff6b8fe,759c960f4882d210_70b94d29-6e56-4331-9fe8-0f1a512bac0b,1075,1289.186,1505.115
78acd00e-fc3c-40b3-a795-44718ff6b8fe,759c960f4882d210_70b94d29-6e56-4331-9fe8-0f1a512bac0b,1080,1289.32,1491.597
78acd00e-fc3c-40b3-a795-44718ff6b8fe,759c960f4882d210_70b94d29-6e56-4331-9fe8-0f1a512bac0b,1085,1290.112,1532.6
78acd00e-fc3c-40b3-a795-44718ff6b8fe,759c960f4882d210_70b94d29-6e56-4331-9fe8-0f1a512bac0b,1090,1290.659,1505.474
78acd00e-fc3c-40b3-a795-44718ff6b8fe,759c960f4882d210_70b94d29-6e56-4331-9fe8-0f1a512bac0b,1095,1289.47,1509.66
78acd00e-fc3c-40b3-a795-44718ff6b8fe,759c960f4882d210_70b94d29-6e56-4331-9fe8-0f1a512bac0b,1100,1289.814,1496.309
78acd00e-fc3c-40b3-a795-44718ff6b8fe,759c960f4882d210_70b94d29-6e56-4331-9fe8-0f1a512bac0b,1105,1289.697,1506.863
78acd00e-fc3c-40b3-a795-44718ff6b8fe,759c960f4882d210_70b94d29-6e56-4331-9fe8-0f1a512bac0b,1110,1290.257,1503.826
78acd00e-fc3c-40b3-a795-44718ff6b8fe,759c960f4882d210_70b94d29-6e56-4331-9fe8-0f1a512bac0b,1115,1289.689,1494.058
78acd00e-fc3c-40b3-a795-44718ff6b8fe,759c960f4882d210_70b94d29-6e56-4331-9fe8-0f1a512bac0b,1120,1288.732,1502.682
78acd00e-fc3c-40b3-a795-44718ff6b8fe,759c960f4882d210_70b94d29-6e56-4331-9fe8-0f1a512bac0b,1125,1287.75,1529.89
78acd00e-fc3c-40b3-a795-44718ff6b8fe,759c960f4882d210_70b94d29-6e56-4331-9fe8-0f1a512bac0b,1130,1288.415,1500.203
78acd00e-fc3c-40b3-a795-44718ff6b8fe,759c960f4882d210_70b94d29-6e56-4331-9fe8-0f1a512bac0b,1135,1287.836,1506.85
78acd00e-fc3c-40b3-a795-44718ff6b8fe,759c960f4882d210_70b94d29-6e56-4331-9fe8-0f1a512bac0b,1140,1287.512,1503.771
78acd00e-fc3c-40b3-a795-44718ff6b8fe,759c960f4882d210_70b94d29-6e56-4331-9fe8-0f1a512bac0b,1145,1288.084,1506.557
78acd00e-fc3c-40b3-a795-44718ff6b8fe,759c960f4882d210_70b94d29-6e56-4331-9fe8-0f1a512bac0b,1150,1289.814,1517.539
78acd00e-fc3c-40b3-a795-44718ff6b8fe,759c960f4882d210_70b94d29-6e56-4331-9fe8-0f1a512bac0b,1155,1289.63,1519.82
78acd00e-fc3c-40b3-a795-44718ff6b8fe,759c960f4882d210_70b94d29-6e56-4331-9fe8-0f1a512bac0b,1160,1288.245,1489.033
78acd00e-fc3c-40b3-a795-44718ff6b8fe,759c960f4882d210_70b94d29-6e56-4331-9fe8-0f1a512bac0b,1165,1287.43,1505.758
78acd00e-fc3c-40b3-a795-44718ff6b8fe,759c960f4882d210_70b94d29-6e56-4331-9fe8-0f1a512bac0b,1170,1287.278,1500.907
78acd00e-fc3c-40b3-a795-44718ff6b8fe,759c960f4882d210_70b94d29-6e56-4331-9fe8-0f1a512bac0b,1175,1288.594,1512.823
78acd00e-fc3c-40b3-a795-44718ff6b8fe,759c960f4882d210_70b94d29-6e56-4331-9fe8-0f1a512bac0b,1180,1289.357,1492.069
4c889612-05ba-45f7-b1b8-4e35f1ec5d1a,f2ad364cf5776bf7_d31068d4-91ea-4ca3-9d03-332d58aab367,0005,1288.356,1531.051
4c889612-05ba-45f7-b1b8-4e35f1ec5d1a,f2ad364cf5776bf7_d31068d4-91ea-4ca3-9d03-332d58aab367,0010,1287.379,1507.64
4c889612-05ba-45f7-b1b8-4e35f1ec5d1a,f2ad364cf5776bf7_d31068d4-91ea-4ca3-9d03-332d58aab367,0015,1287.326,1525.144
4c889612-05ba-45f7-b1b8-4e35f1ec5d1a,f2ad364cf5776bf7_d31068d4-91ea-4ca3-9d03-332d58aab367,0020,1288.101,1501.949
4c889612-05ba-45f7-b1b8-4e35f1ec5d1a,f2ad364cf5776bf7_d31068d4-91ea-4ca3-9d03-332d58aab367,0025,1288.787,1490.769
4c889612-05ba-45f7-b1b8-4e35f1ec5d1a,f2ad364cf5776bf7_d31068d4-91ea-4ca3-9d03-332d58aab367,0030,1289.785,1494.988
4c889612-05ba-45f7-b1b8-4e35f1ec5d1a,f2ad364cf5776bf7_d31068d4-91ea-4ca3-9d03-332d58aab367,0035,1292.696,1500.714
4c889612-05ba-45f7-b1b8-4e35f1ec5d1a,f2ad364cf5776bf7_d31068d4-91ea-4ca3-9d03-332d58aab367,0040,1286.942,1492.254
4c889612-05ba-45f7-b1b8-4e35f1ec5d1a,f2ad364cf5776bf7_d31068d4-91ea-4ca3-9d03-332d58aab367,0045,1289.658,1510.206
4c889612-05ba-45f7-b1b8-4e35f1ec5d1a,f2ad364cf5776bf7_d31068d4-91ea-4ca3-9d03-332d58aab367,0050,1288.863,1498.093
4c889612-05ba-45f7-b1b8-4e35f1ec5d1a,f2ad364cf5776bf7_d31068d4-91ea-4ca3-9d03-332d58aab367,0055,1289.295,1494.334
4c889612-05ba-45f7-b1b8-4e35f1ec5d1a,f2ad364cf5776bf7_d31068d4-91ea-4ca3-9d03-332d58aab367,0060,1286.766,1494.986
4c889612-05ba-45f7-b1b8-4e35f1ec5d1a,f2ad364cf5776bf7_d31068d4-91ea-4ca3-9d03-332d58aab367,0065,1288.309,1503.418
4c889612-05ba-45f7-b1b8-4e35f1ec5d1a,f2ad364cf5776bf7_d31068d4-91ea-4ca3-9d03-332d58aab367,0070,1290.131,1507.229
4c889612-05ba-45f7-b1b8-4e35f1ec5d1a,f2ad364cf5776bf7_d31068d4-91ea-4ca3-9d03-332d58aab367,0075,1289.789,1513.309
4c889612-05ba-45f7-b1b8-4e35f1ec5d1a,f2ad364cf5776bf7_d31068d4-91ea-4ca3-9d03-332d58aab367,0080,1287.243,1511.788
4c889612-05ba-45f7-b1b8-4e35f1ec5d1a,f2ad364cf5776bf7_d31068d4-91ea-4ca3-9d03-332d58aab367,0085,1288.963,1508.11
4c889612-05ba-45f7-b1b8-4e35f1ec5d1a,f2ad364cf5776bf7_d31068d4-91ea-4ca3-9d03-332d58aab367,0090,1288.226,1519.927
4c889612-05ba-45f7-b1b8-4e35f1ec5d1a,f2ad364cf5776bf7_d31068d4-91ea-4ca3-9d03-332d58aab367,0095,1289.667,1506.969
4c889612-05ba-45f7-b1b8-4e35f1ec5d1a,f2ad364cf5776bf7_d31068d4-91ea-4ca3-9d03-332d58aab367,0100,1288.38,1486.447
4c889612-05ba-45f7-b1b8-4e35f1ec5d1a,f2ad364cf5776bf7_d31068d4-91ea-4ca3-9d03-332d58aab367,0105,1287.939,1484.242
4c889612-05ba-45f7-b1b8-4e35f1ec5d1a,f2ad364cf5776bf7_d31068d4-91ea-4ca3-9d03-332d58aab367,0110,1288.385,1494.689
4c889612-05ba-45f7-b1b8-4e35f1ec5d1a,f2ad364cf5776bf7_d31068d4-91ea-4ca3-9d03-332d58aab367,0115,1288.896,1484.32
4c889612-05ba-45f7-b1b8-4e35f1ec5d1a,f2ad364cf5776bf7_d31068d4-91ea-4ca3-9d03-332d58aab367,0120,1288.443,1500.795
4c889612-05ba-45f7-b1b8-4e35f1ec5d1a,f2ad364cf5776bf7_d31068d4-91ea-4ca3-9d03-332d58aab367,0125,1288.87,1503.663
4c889612-05ba-45f7-b1b8-4e35f1ec5d1a,f2ad364cf5776bf7_d31068d4-91ea-4ca3-9d03-332d58aab367,0130,1290.655,1513.798
4c889612-05ba-45f7-b1b8-4e35f1ec5d1a,f2ad364cf5776bf7_d31068d4-91ea-4ca3-9d03-332d58aab367,0135,1289.112,1517.139
4c889612-05ba-45f7-b1b8-4e35f1ec5d1a,f2ad364cf5776bf7_d31068d4-91ea-4ca3-9d03-332d58aab367,0140,1289.26,1491.494
4c889612-05ba-45f7-b1b8-4e35f1ec5d1a,f2ad364cf5776bf7_d31068d4-91ea-4ca3-9d03-332d58aab367,0145,1290.503,1479.79
4c889612-05ba-45f7-b1b8-4e35f1ec5d1a,f2ad364cf5776bf7_d31068d4-91ea-4ca3-9d03-332d58aab367,0150,1289.405,1493.609
4c889612-05ba-45f7-b1b8-4e35f1ec5d1a,f2ad364cf5776bf7_d31068d4-91ea-4ca3-9d03-332d58aab367,0155,1288.623,1483.245
4c889612-05ba-45f7-b1b8-4e35f1ec5d1a,f2ad364cf5776bf7_d31068d4-91ea-4ca3-9d03-332d58aab367,0160,1288.291,1491.625
4c889612-05ba-45f7-b1b8-4e35f1ec5d1a,f2ad364cf5776bf7_d31068d4-91ea-4ca3-9d03-332d58aab367,0165,1289.081,1491.56
4c889612-05ba-45f7-b1b8-4e35f1ec5d1a,f2ad364cf5776bf7_d31068d4-91ea-4ca3-9d03-332d58aab367,0170,1287.124,1490.763
4c889612-05ba-45f7-b1b8-4e35f1ec5d1a,f2ad364cf5776bf7_d31068d4-91ea-4ca3-9d03-332d58aab367,0175,1287.774,1510.33
4c889612-05ba-45f7-b1b8-4e35f1ec5d1a,f2ad364cf5776bf7_d31068d4-91ea-4ca3-9d03-332d58aab367,0180,1287.75,1480.885
4c889612-05ba-45f7-b1b8-4e35f1ec5d1a,f2ad364cf5776bf7_d31068d4-91ea-4ca3-9d03-332d58aab367,0185,1291.031,1497.698
4c889612-05ba-45f7-b1b8-4e35f1ec5d1a,f2ad364cf5776bf7_d31068d4-91ea-4ca3-9d03-332d58aab367,0190,1288.939,1519.325
4c889612-05ba-45f7-b1b8-4e35f1ec5d1a,f2ad364cf5776bf7_d31068d4-91ea-4ca3-9d03-332d58aab367,0195,1287.623,1526.55
4c889612-05ba-45f7-b1b8-4e35f1ec5d1a,f2ad364cf5776bf7_d31068d4-91ea-4ca3-9d03-332d58aab367,0200,1288.554,1511.37
4c889612-05ba-45f7-b1b8-4e35f1ec5d1a,f2ad364cf5776bf7_d31068d4-91ea-4ca3-9d03-332d58aab367,0205,1288.199,1497.7
4c889612-05ba-45f7-b1b8-4e35f1ec5d1a,f2ad364cf5776bf7_d31068d4-91ea-4ca3-9d03-332d58aab367,0210,1288.696,1500.992
4c889612-05ba-45f7-b1b8-4e35f1ec5d1a,f2ad364cf5776bf7_d31068d4-91ea-4ca3-9d03-332d58aab367,0215,1288.925,1512.621
4c889612-05ba-45f7-b1b8-4e35f1ec5d1a,f2ad364cf5776bf7_d31068d4-91ea-4ca3-9d03-332d58aab367,0220,1288.4,1488.334
4c889612-05ba-45f7-b1b8-4e35f1ec5d1a,f2ad364cf5776bf7_d31068d4-91ea-4ca3-9d03-332d58aab367,0225,1288.62,1511.332
4c889612-05ba-45f7-b1b8-4e35f1ec5d1a,f2ad364cf5776bf7_d31068d4-91ea-4ca3-9d03-332d58aab367,0230,1289.015,1503.579
4c889612-05ba-45f7-b1b8-4e35f1ec5d1a,f2ad364cf5776bf7_d31068d4-91ea-4ca3-9d03-332d58aab367,0235,1289.428,1490.378
4c889612-05ba-45f7-b1b8-4e35f1ec5d1a,f2ad364cf5776bf7_d31068d4-91ea-4ca3-9d03-332d58aab367,0240,1290.559,1525.407
4c889612-05ba-45f7-b1b8-4e35f1ec5d1a,f2ad364cf5776bf7_d31068d4-91ea-4ca3-9d03-332d58aab367,0245,1290.722,1504.816
4c889612-05ba-45f7-b1b8-4e35f1ec5d1a,f2ad364cf5776bf7_d31068d4-91ea-4ca3-9d03-332d58aab367,0250,1289.215,1530.183
4c889612-05ba-45f7-b1b8-4e35f1ec5d1a,f2ad364cf5776bf7_d31068d4-91ea-4ca3-9d03-332d58aab367,0255,1289.809,1473.705
4c889612-05ba-45f7-b1b8-4e35f1ec5d1a,f2ad364cf5776bf7_d31068d4-91ea-4ca3-9d03-332d58aab367,0260,1287.801,1495.883
4c889612-05ba-45f7-b1b8-4e35f1ec5d1a,f2ad364cf5776bf7_d31068d4-91ea-4ca3-9d03-332d58aab367,0265,1288.782,1487.708
4c889612-05ba-45f7-b1b8-4e35f1ec5d1a,f2ad364cf5776bf7_d31068d4-91ea-4ca3-9d03-332d58aab367,0270,1290.083,1496.658
4c889612-05ba-45f7-b1b8-4e35f1ec5d1a,f2ad364cf5776bf7_d31068d4-91ea-4ca3-9d03-332d58aab367,0275,1290.328,1526.283
4c889612-05ba-45f7-b1b8-4e35f1ec5d1a,f2ad364cf5776bf7_d31068d4-91ea-4ca3-9d03-332d58aab367,0280,1289.437,1532.547
4c889612-05ba-45f7-b1b8-4e35f1ec5d1a,f2ad364cf5776bf7_d31068d4-91ea-4ca3-9d03-332d58aab367,0285,1290.408,1501.2
4c889612-05ba-45f7-b1b8-4e35f1ec5d1a,f2ad364cf5776bf7_d31068d4-91ea-4ca3-9d03-332d58aab367,0290,1287.97,1502.315
4c889612-05ba-45f7-b1b8-4e35f1ec5d1a,f2ad364cf5776bf7_d31068d4-91ea-4ca3-9d03-332d58aab367,0295,1288.43,1492.418
4c889612-05ba-45f7-b1b8-4e35f1ec5d1a,f2ad364cf5776bf7_d31068d4-91ea-4ca3-9d03-332d58aab367,0300,1288.457,1486.935
4c889612-05ba-45f7-b1b8-4e35f1ec5d1a,f2ad364cf5776bf7_d31068d4-91ea-4ca3-9d03-332d58aab367,0305,1289.471,1466.684
4c889612-05ba-45f7-b1b8-4e35f1ec5d1a,f2ad364cf5776bf7_d31068d4-91ea-4ca3-9d03-332d58aab367,0310,1287.218,1503.628
4c889612-05ba-45f7-b1b8-4e35f1ec5d1a,f2ad364cf5776bf7_d31068d4-91ea-4ca3-9d03-332d58aab367,0315,1288.351,1491.006
4c889612-05ba-45f7-b1b8-4e35f1ec5d1a,f2ad364cf5776bf7_d31068d4-91ea-4ca3-9d03-332d58aab367,0320,1288.607,1497.342
4c889612-05ba-45f7-b1b8-4e35f1ec5d1a,f2ad364cf5776bf7_d31068d4-91ea-4ca3-9d03-332d58aab367,0325,1289.887,1485.105
4c889612-05ba-45f7-b1b8-4e35f1ec5d1a,f2ad364cf5776bf7_d31068d4-91ea-4ca3-9d03-332d58aab367,0330,1288.989,1496.765
4c889612-05ba-45f7-b1b8-4e35f1ec5d1a,f2ad364cf5776bf7_d31068d4-91ea-4ca3-9d03-332d58aab367,0335,1288.203,1496.512
4c889612-05ba-45f7-b1b8-4e35f1ec5d1a,f2ad364cf5776bf7_d31068d4-91ea-4ca3-9d03-332d58aab367,0340,1288.472,1499.47
4c889612-05ba-45f7-b1b8-4e35f1ec5d1a,f2ad364cf5776bf7_d31068d4-91ea-4ca3-9d03-332d58aab367,0345,1287.148,1486.271
4c889612-05ba-45f7-b1b8-4e35f1ec5d1a,f2ad364cf5776bf7_d31068d4-91ea-4ca3-9d03-332d58aab367,0350,1288.027,1521.077
4c889612-05ba-45f7-b1b8-4e35f1ec5d1a,f2ad364cf5776bf7_d31068d4-91ea-4ca3-9d03-332d58aab367,0355,1288.45,1498.31
4c889612-05ba-45f7-b1b8-4e35f1ec5d1a,f2ad364cf5776bf7_d31068d4-91ea-4ca3-9d03-332d58aab367,0360,1288.728,1505.286
4c889612-05ba-45f7-b1b8-4e35f1ec5d1a,f2ad364cf5776bf7_d31068d4-91ea-4ca3-9d03-332d58aab367,0365,1289.06,1484.546
4c889612-05ba-45f7-b1b8-4e35f1ec5d1a,f2ad364cf5776bf7_d31068d4-91ea-4ca3-9d03-332d58aab367,0370,1289.109,1513.775
4c889612-05ba-45f7-b1b8-4e35f1ec5d1a,f2ad364cf5776bf7_d31068d4-91ea-4ca3-9d03-332d58aab367,0375,1288.365,1507.486
4c889612-05ba-45f7-b1b8-4e35f1ec5d1a,f2ad364cf5776bf7_d31068d4-91ea-4ca3-9d03-332d58aab367,0380,1289.795,1497.37
4c889612-05ba-45f7-b1b8-4e35f1ec5d1a,f2ad364cf5776bf7_d31068d4-91ea-4ca3-9d03-332d58aab367,0385,1289.858,1507.157
4c889612-05ba-45f7-b1b8-4e35f1ec5d1a,f2ad364cf5776bf7_d31068d4-91ea-4ca3-9d03-332d58aab367,0390,1288.396,1506.179
4c889612-05ba-45f7-b1b8-4e35f1ec5d1a,f2ad364cf5776bf7_d31068d4-91ea-4ca3-9d03-332d58aab367,0395,1288.569,1487.348
4c889612-05ba-45f7-b1b8-4e35f1ec5d1a,f2ad364cf5776bf7_d31068d4-91ea-4ca3-9d03-332d58aab367,0400,1288.299,1505.807
4c889612-05ba-45f7-b1b8-4e35f1ec5d1a,f2ad364cf5776bf7_d31068d4-91ea-4ca3-9d03-332d58aab367,0405,1291.658,1501.686
4c889612-05ba-45f7-b1b8-4e35f1ec5d1a,f2ad364cf5776bf7_d31068d4-91ea-4ca3-9d03-332d58aab367,0410,1288.086,1522.976
4c889612-05ba-45f7-b1b8-4e35f1ec5d1a,f2ad364cf5776bf7_d31068d4-91ea-4ca3-9d03-332d58aab367,0415,1288.063,1480.574
4c889612-05ba-45f7-b1b8-4e35f1ec5d1a,f2ad364cf5776bf7_d31068d4-91ea-4ca3-9d03-332d58aab367,0420,1289.288,1502.929
4c889612-05ba-45f7-b1b8-4e35f1ec5d1a,f2ad364cf5776bf7_d31068d4-91ea-4ca3-9d03-332d58aab367,0425,1288.094,1513.185
4c889612-05ba-45f7-b1b8-4e35f1ec5d1a,f2ad364cf5776bf7_d31068d4-91ea-4ca3-9d03-332d58aab367,0430,1287.521,1495.676
4c889612-05ba-45f7-b1b8-4e35f1ec5d1a,f2ad364cf5776bf7_d31068d4-91ea-4ca3-9d03-332d58aab367,0435,1289.591,1476.096
4c889612-05ba-45f7-b1b8-4e35f1ec5d1a,f2ad364cf5776bf7_d31068d4-91ea-4ca3-9d03-332d58aab367,0440,1288.119,1501.872
4c889612-05ba-45f7-b1b8-4e35f1ec5d1a,f2ad364cf5776bf7_d31068d4-91ea-4ca3-9d03-332d58aab367,0445,1288.678,1512.64
4c889612-05ba-45f7-b1b8-4e35f1ec5d1a,f2ad364cf5776bf7_d31068d4-91ea-4ca3-9d03-332d58aab367,0450,1288.858,1485.268
4c889612-05ba-45f7-b1b8-4e35f1ec5d1a,f2ad364cf5776bf7_d31068d4-91ea-4ca3-9d03-332d58aab367,0455,1288.602,1522.236
4c889612-05ba-45f7-b1b8-4e35f1ec5d1a,f2ad364cf5776bf7_d31068d4-91ea-4ca3-9d03-332d58aab367,0460,1288.585,1503.253
4c889612-05ba-45f7-b1b8-4e35f1ec5d1a,f2ad364cf5776bf7_d31068d4-91ea-4ca3-9d03-332d58aab367,0465,1289.576,1504.011
4c889612-05ba-45f7-b1b8-4e35f1ec5d1a,f2ad364cf5776bf7_d31068d4-91ea-4ca3-9d03-332d58aab367,0470,1288.073,1487.709
4c889612-05ba-45f7-b1b8-4e35f1ec5d1a,f2ad364cf5776bf7_d31068d4-91ea-4ca3-9d03-332d58aab367,0475,1288.768,1490.244
4c889612-05ba-45f7-b1b8-4e35f1ec5d1a,f2ad364cf5776bf7_d31068d4-91ea-4ca3-9d03-332d58aab367,0480,1287.73,1515.895
4c889612-05ba-45f7-b1b8-4e35f1ec5d1a,f2ad364cf5776bf7_d31068d4-91ea-4ca3-9d03-332d58aab367,0485,1288.643,1498.992
4c889612-05ba-45f7-b1b8-4e35f1ec5d1a,f2ad364cf5776bf7_d31068d4-91ea-4ca3-9d03-332d58aab367,0490,1289.878,1509.97
4c889612-05ba-45f7-b1b8-4e35f1ec5d1a,f2ad364cf5776bf7_d31068d4-91ea-4ca3-9d03-332d58aab367,0495,1290.872,1509.127
4c889612-05ba-45f7-b1b8-4e35f1ec5d1a,f2ad364cf5776bf7_d31068d4-91ea-4ca3-9d03-332d58aab367,0500,1289.472,1524.293
4c889612-05ba-45f7-b1b8-4e35f1ec5d1a,f2ad364cf5776bf7_d31068d4-91ea-4ca3-9d03-332d58aab367,0505,1289.927,1502.164
4c889612-05ba-45f7-b1b8-4e35f1ec5d1a,f2ad364cf5776bf7_d31068d4-91ea-4ca3-9d03-332d58aab367,0510,1287.157,1503.528
4c889612-05ba-45f7-b1b8-4e35f1ec5d1a,f2ad364cf5776bf7_d31068d4-91ea-4ca3-9d03-332d58aab367,0515,1288.058,1482.063
4c889612-05ba-45f7-b1b8-4e35f1ec5d1a,f2ad364cf5776bf7_d31068d4-91ea-4ca3-9d03-332d58aab367,0520,1289.831,1504.086
4c889612-05ba-45f7-b1b8-4e35f1ec5d1a,f2ad364cf5776bf7_d31068d4-91ea-4ca3-9d03-332d58aab367,0525,1287.691,1487.025
4c889612-05ba-45f7-b1b8-4e35f1ec5d1a,f2ad364cf5776bf7_d31068d4-91ea-4ca3-9d03-332d58aab367,0530,1288.092,1501.057
4c889612-05ba-45f7-b1b8-4e35f1ec5d1a,f2ad364cf5776bf7_d31068d4-91ea-4ca3-9d03-332d58aab367,0535,1288.234,1476.417
4c889612-05ba-45f7-b1b8-4e35f1ec5d1a,f2ad364cf5776bf7_d31068d4-91ea-4ca3-9d03-332d58aab367,0540,1287.272,1496.909
4c889612-05ba-45f7-b1b8-4e35f1ec5d1a,f2ad364cf5776bf7_d31068d4-91ea-4ca3-9d03-332d58aab367,0545,1287.651,1485.855
4c889612-05ba-45f7-b1b8-4e35f1ec5d1a,f2ad364cf5776bf7_d31068d4-91ea-4ca3-9d03-332d58aab367,0550,1288.796,1490.477
4c889612-05ba-45f7-b1b8-4e35f1ec5d1a,f2ad364cf5776bf7_d31068d4-91ea-4ca3-9d03-332d58aab367,0555,1290.103,1482.566
4c889612-05ba-45f7-b1b8-4e35f1ec5d1a,f2ad364cf5776bf7_d31068d4-91ea-4ca3-9d03-332d58aab367,0560,1288.553,1499.374
4c889612-05ba-45f7-b1b8-4e35f1ec5d1a,f2ad364cf5776bf7_d31068d4-91ea-4ca3-9d03-332d58aab367,0565,1287.975,1494.877
4c889612-05ba-45f7-b1b8-4e35f1ec5d1a,f2ad364cf5776bf7_d31068d4-91ea-4ca3-9d03-332d58aab367,0570,1288.602,1503.428
4c889612-05ba-45f7-b1b8-4e35f1ec5d1a,f2ad364cf5776bf7_d31068d4-91ea-4ca3-9d03-332d58aab367,0575,1288.339,1510.009
4c889612-05ba-45f7-b1b8-4e35f1ec5d1a,f2ad364cf5776bf7_d31068d4-91ea-4ca3-9d03-332d58aab367,0580,1288.104,1503.967
4c889612-05ba-45f7-b1b8-4e35f1ec5d1a,f2ad364cf5776bf7_d31068d4-91ea-4ca3-9d03-332d58aab367,0585,1289.277,1484.115
4c889612-05ba-45f7-b1b8-4e35f1ec5d1a,f2ad364cf5776bf7_d31068d4-91ea-4ca3-9d03-332d58aab367,0590,1287.481,1514.609
4c889612-05ba-45f7-b1b8-4e35f1ec5d1a,f2ad364cf5776bf7_d31068d4-91ea-4ca3-9d03-332d58aab367,0595,1288.354,1495.137
4c889612-05ba-45f7-b1b8-4e35f1ec5d1a,f2ad364cf5776bf7_d31068d4-91ea-4ca3-9d03-332d58aab367,0600,1288.783,1487.798
4c889612-05ba-45f7-b1b8-4e35f1ec5d1a,f2ad364cf5776bf7_d31068d4-91ea-4ca3-9d03-332d58aab367,0605,1289.094,1482.688
4c889612-05ba-45f7-b1b8-4e35f1ec5d1a,f2ad364cf5776bf7_d31068d4-91ea-4ca3-9d03-332d58aab367,0610,1288.243,1486.39
4c889612-05ba-45f7-b1b8-4e35f1ec5d1a,f2ad364cf5776bf7_d31068d4-91ea-4ca3-9d03-332d58aab367,0615,1289.311,1487.737
4c889612-05ba-45f7-b1b8-4e35f1ec5d1a,f2ad364cf5776bf7_d31068d4-91ea-4ca3-9d03-332d58aab367,0620,1288.086,1487.624
4c889612-05ba-45f7-b1b8-4e35f1ec5d1a,f2ad364cf5776bf7_d31068d4-91ea-4ca3-9d03-332d58aab367,0625,1289.671,1500.682
4c889612-05ba-45f7-b1b8-4e35f1ec5d1a,f2ad364cf5776bf7_d31068d4-91ea-4ca3-9d03-332d58aab367,0630,1287.823,1510.727
4c889612-05ba-45f7-b1b8-4e35f1ec5d1a,f2ad364cf5776bf7_d31068d4-91ea-4ca3-9d03-332d58aab367,0635,1290.869,1508.24
4c889612-05ba-45f7-b1b8-4e35f1ec5d1a,f2ad364cf5776bf7_d31068d4-91ea-4ca3-9d03-332d58aab367,0640,1287.399,1515.053
4c889612-05ba-45f7-b1b8-4e35f1ec5d1a,f2ad364cf5776bf7_d31068d4-91ea-4ca3-9d03-332d58aab367,0645,1288.83,1503.661
4c889612-05ba-45f7-b1b8-4e35f1ec5d1a,f2ad364cf5776bf7_d31068d4-91ea-4ca3-9d03-332d58aab367,0650,1292.369,1525.314
4c889612-05ba-45f7-b1b8-4e35f1ec5d1a,f2ad364cf5776bf7_d31068d4-91ea-4ca3-9d03-332d58aab367,0655,1288.012,1475.52
4c889612-05ba-45f7-b1b8-4e35f1ec5d1a,f2ad364cf5776bf7_d31068d4-91ea-4ca3-9d03-332d58aab367,0660,1288.501,1529.022
4c889612-05ba-45f7-b1b8-4e35f1ec5d1a,f2ad364cf5776bf7_d31068d4-91ea-4ca3-9d03-332d58aab367,0665,1287.912,1504.756
4c889612-05ba-45f7-b1b8-4e35f1ec5d1a,f2ad364cf5776bf7_d31068d4-91ea-4ca3-9d03-332d58aab367,0670,1289.195,1523.919
4c889612-05ba-45f7-b1b8-4e35f1ec5d1a,f2ad364cf5776bf7_d31068d4-91ea-4ca3-9d03-332d58aab367,0675,1289.687,1512.685
4c889612-05ba-45f7-b1b8-4e35f1ec5d1a,f2ad364cf5776bf7_d31068d4-91ea-4ca3-9d03-332d58aab367,0680,1289.152,1526.809
4c889612-05ba-45f7-b1b8-4e35f1ec5d1a,f2ad364cf5776bf7_d31068d4-91ea-4ca3-9d03-332d58aab367,0685,1289.473,1471.117
4c889612-05ba-45f7-b1b8-4e35f1ec5d1a,f2ad364cf5776bf7_d31068d4-91ea-4ca3-9d03-332d58aab367,0690,1289.522,1496.12
4c889612-05ba-45f7-b1b8-4e35f1ec5d1a,f2ad364cf5776bf7_d31068d4-91ea-4ca3-9d03-332d58aab367,0695,1287.469,1512.036
4c889612-05ba-45f7-b1b8-4e35f1ec5d1a,f2ad364cf5776bf7_d31068d4-91ea-4ca3-9d03-332d58aab367,0700,1288.871,1497.204
4c889612-05ba-45f7-b1b8-4e35f1ec5d1a,f2ad364cf5776bf7_d31068d4-91ea-4ca3-9d03-332d58aab367,0705,1288.365,1479.158
4c889612-05ba-45f7-b1b8-4e35f1ec5d1a,f2ad364cf5776bf7_d31068d4-91ea-4ca3-9d03-332d58aab367,0710,1289.028,1503.413
4c889612-05ba-45f7-b1b8-4e35f1ec5d1a,f2ad364cf5776bf7_d31068d4-91ea-4ca3-9d03-332d58aab367,0715,1289.087,1509.7
4c889612-05ba-45f7-b1b8-4e35f1ec5d1a,f2ad364cf5776bf7_d31068d4-91ea-4ca3-9d03-332d58aab367,0720,1289.6,1485.19
4c889612-05ba-45f7-b1b8-4e35f1ec5d1a,f2ad364cf5776bf7_d31068d4-91ea-4ca3-9d03-332d58aab367,0725,1290.035,1492.167
4c889612-05ba-45f7-b1b8-4e35f1ec5d1a,f2ad364cf5776bf7_d31068d4-91ea-4ca3-9d03-332d58aab367,0730,1289.924,1496.584
4c889612-05ba-45f7-b1b8-4e35f1ec5d1a,f2ad364cf5776bf7_d31068d4-91ea-4ca3-9d03-332d58aab367,0735,1289.343,1506.271
4c889612-05ba-45f7-b1b8-4e35f1ec5d1a,f2ad364cf5776bf7_d31068d4-91ea-4ca3-9d03-332d58aab367,0740,1288.983,1503.219
4c889612-05ba-45f7-b1b8-4e35f1ec5d1a,f2ad364cf5776bf7_d31068d4-91ea-4ca3-9d03-332d58aab367,0745,1288.13,1483.461
4c889612-05ba-45f7-b1b8-4e35f1ec5d1a,f2ad364cf5776bf7_d31068d4-91ea-4ca3-9d03-332d58aab367,0750,1288.483,1488.726
4c889612-05ba-45f7-b1b8-4e35f1ec5d1a,f2ad364cf5776bf7_d31068d4-91ea-4ca3-9d03-332d58aab367,0755,1289.468,1510.217
4c889612-05ba-45f7-b1b8-4e35f1ec5d1a,f2ad364cf5776bf7_d31068d4-91ea-4ca3-9d03-332d58aab367,0760,1288.716,1505.352
4c889612-05ba-45f7-b1b8-4e35f1ec5d1a,f2ad364cf5776bf7_d31068d4-91ea-4ca3-9d03-332d58aab367,0765,1288.846,1503.267
4c889612-05ba-45f7-b1b8-4e35f1ec5d1a,f2ad364cf5776bf7_d31068d4-91ea-4ca3-9d03-332d58aab367,0770,1288.591,1500.839
4c889612-05ba-45f7-b1b8-4e35f1ec5d1a,f2ad364cf5776bf7_d31068d4-91ea-4ca3-9d03-332d58aab367,0775,1288.443,1470.465
4c889612-05ba-45f7-b1b8-4e35f1ec5d1a,f2ad364cf5776bf7_d31068d4-91ea-4ca3-9d03-332d58aab367,0780,1288.173,1500.862
4c889612-05ba-45f7-b1b8-4e35f1ec5d1a,f2ad364cf5776bf7_d31068d4-91ea-4ca3-9d03-332d58aab367,0785,1289.946,1491.001
4c889612-05ba-45f7-b1b8-4e35f1ec5d1a,f2ad364cf5776bf7_d31068d4-91ea-4ca3-9d03-332d58aab367,0790,1290.26,1506.63
4c889612-05ba-45f7-b1b8-4e35f1ec5d1a,f2ad364cf5776bf7_d31068d4-91ea-4ca3-9d03-332d58aab367,0795,1290.599,1525.036
4c889612-05ba-45f7-b1b8-4e35f1ec5d1a,f2ad364cf5776bf7_d31068d4-91ea-4ca3-9d03-332d58aab367,0800,1289.405,1493.566
4c889612-05ba-45f7-b1b8-4e35f1ec5d1a,f2ad364cf5776bf7_d31068d4-91ea-4ca3-9d03-332d58aab367,0805,1288.245,1498.923
4c889612-05ba-45f7-b1b8-4e35f1ec5d1a,f2ad364cf5776bf7_d31068d4-91ea-4ca3-9d03-332d58aab367,0810,1292.538,1503.996
4c889612-05ba-45f7-b1b8-4e35f1ec5d1a,f2ad364cf5776bf7_d31068d4-91ea-4ca3-9d03-332d58aab367,0815,1290.747,1516.773
4c889612-05ba-45f7-b1b8-4e35f1ec5d1a,f2ad364cf5776bf7_d31068d4-91ea-4ca3-9d03-332d58aab367,0820,1288.261,1503.859
4c889612-05ba-45f7-b1b8-4e35f1ec5d1a,f2ad364cf5776bf7_d31068d4-91ea-4ca3-9d03-332d58aab367,0825,1288.42,1471.018
4c889612-05ba-45f7-b1b8-4e35f1ec5d1a,f2ad364cf5776bf7_d31068d4-91ea-4ca3-9d03-332d58aab367,0830,1288.023,1499.828
4c889612-05ba-45f7-b1b8-4e35f1ec5d1a,f2ad364cf5776bf7_d31068d4-91ea-4ca3-9d03-332d58aab367,0835,1288.603,1493.644
4c889612-05ba-45f7-b1b8-4e35f1ec5d1a,f2ad364cf5776bf7_d31068d4-91ea-4ca3-9d03-332d58aab367,0840,1289.163,1501.072
4c889612-05ba-45f7-b1b8-4e35f1ec5d1a,f2ad364cf5776bf7_d31068d4-91ea-4ca3-9d03-332d58aab367,0845,1290.846,1522.127
4c889612-05ba-45f7-b1b8-4e35f1ec5d1a,f2ad364cf5776bf7_d31068d4-91ea-4ca3-9d03-332d58aab367,0850,1288.982,1513.222
4c889612-05ba-45f7-b1b8-4e35f1ec5d1a,f2ad364cf5776bf7_d31068d4-91ea-4ca3-9d03-332d58aab367,0855,1286.983,1475.09
4c889612-05ba-45f7-b1b8-4e35f1ec5d1a,f2ad364cf5776bf7_d31068d4-91ea-4ca3-9d03-332d58aab367,0860,1287.324,1499.052
4c889612-05ba-45f7-b1b8-4e35f1ec5d1a,f2ad364cf5776bf7_d31068d4-91ea-4ca3-9d03-332d58aab367,0865,1289.571,1508.671
4c889612-05ba-45f7-b1b8-4e35f1ec5d1a,f2ad364cf5776bf7_d31068d4-91ea-4ca3-9d03-332d58aab367,0870,1290.581,1503.977
4c889612-05ba-45f7-b1b8-4e35f1ec5d1a,f2ad364cf5776bf7_d31068d4-91ea-4ca3-9d03-332d58aab367,0875,1289.211,1509.384
4c889612-05ba-45f7-b1b8-4e35f1ec5d1a,f2ad364cf5776bf7_d31068d4-91ea-4ca3-9d03-332d58aab367,0880,1289.32,1497.56
