time_s,memory_mb,power_w
0.1426891660084948,424.71630859375,2.25
0.4672334870265331,456.20068359375,2.053
0.7889476749987807,478.70263671875,2.25
1.2568190690071788,1074.7021484375,2.566
1.5842001120036002,1395.79931640625,4.172
1.908195872005308,589.45703125,6.736
2.2309569390199613,595.08203125,8.237
2.5533573560242075,595.08203125,9.105
2.8793540699989535,472.796875,7.077
3.201319626008626,1029.70263671875,7.038
3.523998994001886,595.08203125,8.56
3.8472275310195982,595.08203125,9.245
4.171222426026361,595.08203125,9.712
4.496865018008975,456.71630859375,6.921
4.819325980002759,746.9541015625,8.366
5.141025991004426,595.08203125,9.09
5.46379982601502,595.08203125,9.595
5.787680253997678,456.71630859375,7.534
6.11644184900797,1029.70263671875,7.834
6.438194918009685,595.08203125,8.794
6.760839821014088,635.71728515625,9.44
7.0825525039981585,595.08203125,9.712
7.4060450160177425,456.71630859375,7.222
7.7284596399986185,746.9541015625,8.482
8.050157346006017,595.08203125,9.206
8.372511136025423,476.95849609375,9.673
8.694053798011737,456.71630859375,7.105
9.016617547022179,724.4541015625,8.107
9.339816737017827,595.08203125,8.949
9.662815921998117,505.25732421875,9.556
9.985354709002422,489.619140625,8.871
10.308025308011565,1029.70263671875,7.639
10.630351257015718,589.45703125,8.755
10.951351023017196,595.08203125,9.401
11.273342529020738,595.08203125,9.634
11.593885641021188,456.71630859375,7.066
11.917560942005366,746.9541015625,8.56
12.23963440299849,595.08203125,9.206
12.562502991000656,494.00732421875,9.673
12.885124276013812,456.71630859375,7.69
13.207493009016616,724.4541015625,8.093
13.530907790001947,595.08203125,9.09
13.852955426002154,595.08203125,9.478
14.1766093490005,489.619140625,9.129
14.498414225003216,1029.70263671875,7.639
14.821105912007624,589.45703125,8.716
15.143360210000537,621.09228515625,9.44
15.46632144000614,595.08203125,9.634
15.787340278009651,456.71630859375,6.53
16.11241357002291,724.4541015625,8.068
16.43581955000991,595.08203125,9.051
16.757743693015072,595.08203125,9.478
17.080178540025372,492.431640625,8.443
17.40217487802147,1029.703125,7.912
17.72439727000892,595.08251953125,8.949
18.04672062501777,595.08251953125,9.517
18.370452374016168,595.08251953125,9.889
18.69082239200361,984.70361328125,7.717
19.01498388100299,505.07666015625,8.677
19.337737456022296,716.71826171875,9.362
19.660444727021968,595.0830078125,9.595
19.98088079399895,456.7177734375,7.495
20.30291185202077,724.45556640625,8.404
20.625348394009052,595.08349609375,9.168
20.946947664022446,595.08349609375,9.673
21.268982722016517,456.71826171875,8.145
21.591011091019027,724.4560546875,8.327
21.913919967017137,635.71923828125,9.284
22.236407550022705,595.083984375,9.556
22.558734297024785,488.20263671875,9.284
22.881732615001965,1029.705078125,7.834
23.203652821015567,589.45947265625,8.818
23.527380281011574,595.08447265625,9.478
23.849065984017216,595.08447265625,9.696
24.174012744013453,456.71923828125,7.417
24.495966519025387,746.95703125,8.521
24.81737458202406,595.0849609375,9.284
25.13950689000194,595.0849609375,9.634
25.46584428200731,456.7197265625,7.456
25.788584896014072,724.45751953125,7.951
26.11244304702268,615.470703125,9.051
26.434773345012218,595.08544921875,9.44
26.760760902019683,488.2265625,9.245
27.082962300017243,1029.70654296875,7.717
27.40682105900487,589.4609375,8.755
27.729036857024767,510.70458984375,9.44
28.051045480999164,595.0859375,9.696
28.3719016550167,456.720703125,7.261
28.694310707011027,544.4990234375,8.482
29.0177031159983,595.08642578125,9.245
29.34078348299954,696.33642578125,9.618
29.662456673017005,456.72119140625,7.717
29.985741206008242,724.458984375,8.093
30.309676255012164,595.0869140625,9.44
30.631897908024257,595.0869140625,9.734
30.953221904026577,595.0869140625,9.556
31.275456806004513,1029.7080078125,7.795
31.598453810001956,589.46240234375,8.833
31.921558402013034,595.08740234375,9.517
32.243738518009195,595.08740234375,9.734
32.566214835009305,456.72216796875,7.144
32.88958061800804,724.4599609375,8.366
33.21273445902625,595.087890625,9.284
33.53469546500128,595.087890625,9.502
33.85713190800743,456.72265625,7.912
34.179846376006026,1029.708984375,8.054
34.501836566021666,595.08837890625,8.935
34.82710032502655,595.0888671875,9.517
35.14951811201172,595.08837890625,9.696
35.471736725012306,984.70947265625,7.522
35.79433611701825,589.4638671875,8.624
36.1212752200081,516.33251953125,9.54
36.442880695016356,595.0888671875,9.657
36.767684407997876,456.7236328125,6.871
37.09007928101346,724.46142578125,8.288
37.41306274800445,595.08935546875,9.09
37.7351467970002,595.08935546875,9.362
38.05699711001944,479.7734375,8.482
38.379977761011105,1029.71044921875,7.873
38.70186446001753,595.08984375,8.818
39.02398617300787,595.08984375,9.478
39.346098606009036,595.08984375,9.773
39.66780593901058,456.724609375,7.417
39.98999984600232,746.96240234375,8.56
40.312642599019455,595.09033203125,9.168
40.63650375499856,595.09033203125,9.517
40.95772524899803,456.72509765625,7.183
41.28062167300959,724.462890625,8.015
41.60267048800597,595.0908203125,8.935
41.925233173999004,595.0908203125,9.478
42.2491887640208,489.6279296875,8.896
42.57189606199972,1029.7119140625,7.444
42.89512763201492,589.46630859375,8.677
43.218247998011066,595.09130859375,9.245
43.54147649501101,595.09130859375,9.556
43.86501444102032,456.72607421875,7.066
44.186939924024045,724.4638671875,8.21
44.510771446017316,493.84130859375,9.129
44.83364975699806,595.091796875,9.401
45.158616641012486,456.7265625,7.873
45.48121017499943,1029.712890625,7.873
45.80423268102459,595.09228515625,8.896
46.134071293025045,595.09228515625,9.401
46.45644600401283,595.09228515625,9.595
46.77772292299778,555.71337890625,7.756
47.09968427801505,589.4677734375,8.779
47.4222284660209,595.0927734375,9.245
47.74445827701129,516.33642578125,9.618
48.06641835201299,456.7275390625,7.483
48.38922606801498,746.96533203125,8.599
48.7115879470075,595.09326171875,9.129
49.03436363002402,611.9677734375,9.618
49.35617605200969,456.72802734375,7.6
49.67854474700289,724.4658203125,8.249
50.00080134201562,595.09375,9.012
50.32320798901492,476.96240234375,9.502
50.64637558700633,489.630859375,8.794
50.96817274502246,1029.71484375,7.405
51.29053772700718,589.46923828125,8.599
51.61411557701649,595.09423828125,9.168
51.93886331800604,595.09423828125,9.657
52.26257589101442,456.72900390625,7.105
52.586045354022644,724.466796875,8.171
52.90866221502074,595.0947265625,9.168
53.23116438501165,595.0947265625,9.385
53.555417807016056,456.7294921875,7.834
53.8784508400131,1029.7158203125,8.054
54.20068314601667,595.09521484375,8.818
54.52291686000535,716.73046875,9.401
54.844994633022,595.09521484375,9.595
55.166628905019024,456.72998046875,7.3
55.49004876500112,746.9677734375,8.482
55.812217677012086,595.095703125,9.129
56.13943697701325,595.095703125,9.54
56.46353538602125,456.73046875,6.91
56.78549888302223,724.46826171875,8.21
57.10844080999959,499.646484375,9.09
57.430477621004684,595.09619140625,9.401
57.75300670301658,471.33984375,8.443
58.07466686301632,1029.71728515625,7.717
58.39664453701698,595.0966796875,8.779
58.71890913101379,595.0966796875,9.284
59.041467077011475,595.0966796875,9.696
59.36484255202231,456.7314453125,6.949
59.68839025500347,746.96923828125,8.327
60.01041602602345,595.09716796875,9.051
60.3333533120167,595.09716796875,9.502
60.65560788899893,456.73193359375,7.444
60.977032042021165,724.4697265625,7.938
61.299543619010365,595.09765625,8.779
61.622577163012465,595.09765625,9.401
61.94722419400932,595.09765625,9.44
62.27118813400739,1029.71875,7.899
62.593530137004564,589.4736328125,8.818
62.91575636100606,595.09814453125,9.385
63.237654096010374,595.09814453125,9.579
63.564524296001764,456.73291015625,7.183
63.890196254011244,746.970703125,8.482
64.21229165801196,595.0986328125,9.129
64.53530820901506,595.0986328125,9.54
64.85817381102243,456.7333984375,7.534
65.18051837501116,724.47119140625,7.899
65.50423606601544,599.41357421875,8.935
65.82713146100286,595.09912109375,9.362
66.14946322402102,696.34912109375,9.206
66.47113995900145,1029.72021484375,7.561
66.7932906600181,589.474609375,8.701
67.11584943800699,595.099609375,9.245
67.43919601402013,595.099609375,9.618
67.76205108800787,456.734375,7.144
68.08398210201995,724.47216796875,8.288
68.40769659299986,595.10009765625,9.206
68.73043982300442,595.10009765625,9.424
69.05368854102562,456.73486328125,7.873
69.3759170040139,724.47265625,8.093
69.69987857399974,595.1005859375,8.896
70.02435209500254,595.1005859375,9.502
70.34728205000283,595.1005859375,9.323
70.67062632201123,984.7216796875,7.522
70.99236478601233,589.47607421875,8.585
71.31462112200097,595.10107421875,9.206
71.63674628501758,595.10107421875,9.54
71.9576178760035,456.73583984375,7.027
72.27941576601006,724.4736328125,8.171
72.60371996901813,595.1015625,8.973
72.92664621199947,621.11181640625,9.54
73.2513214990031,492.45166015625,8.21
73.57395285301027,1029.72265625,7.639
73.8982660480251,595.10205078125,8.701
74.2221959370072,493.845703125,9.308
74.544393262011,595.10205078125,9.657
74.86578566700337,456.73681640625,7.066
75.1885680660198,746.974609375,8.366
75.51089457800845,595.1025390625,9.09
75.83459447600762,595.1025390625,9.502
76.1585227320029,456.7373046875,7.444
76.48094518302241,724.47509765625,8.093
76.80426903700572,595.10302734375,8.973
77.1265294040204,595.10302734375,9.463
77.45195978402626,489.64013671875,8.935
77.77471504500136,1029.72412109375,7.522
78.09685316801188,589.478515625,8.663
78.41902559500886,595.103515625,9.362
78.7433077809983,595.103515625,9.657
79.06512909501907,456.73828125,7.678
79.38726385700284,746.97607421875,8.546
79.70971866100444,493.84765625,9.502
80.03380605700659,595.10400390625,9.657
80.35953148500994,456.73876953125,7.405
80.68257875400013,724.4765625,8.054
81.00444470901857,595.1044921875,9.129
81.32734992500627,595.1044921875,9.463
81.65085500001442,489.6416015625,8.935
81.97280284500448,1029.7255859375,7.639
82.29506628200761,589.47998046875,8.663
82.6173528250074,595.10498046875,9.362
82.94012088500313,595.10498046875,9.579
83.26510965102352,456.73974609375,6.949
83.58721596401301,724.4775390625,8.132
83.91037222801242,533.22412109375,9.129
84.2330210210057,595.10546875,9.424
84.55551035300596,456.740234375,7.873
84.87891200001468,1029.7265625,7.938
85.20246168301674,595.10595703125,8.896
85.52541560502141,595.10595703125,9.346
85.84991802001605,595.10595703125,9.696
86.1725171150174,984.72705078125,7.756
86.49505249600043,589.4814453125,8.663
86.81753174800542,595.1064453125,9.284
87.14478333102306,595.1064453125,9.618
87.46760009700665,456.7412109375,7.027
87.79039772500983,724.47900390625,8.132
88.11249626101926,595.10693359375,9.051
88.43548378301784,595.10693359375,9.54
88.76105797401397,471.3505859375,8.093
89.08243616801337,1029.72802734375,7.6
89.40468309199787,595.107421875,8.701
89.72652475599898,595.107421875,9.284
90.04824110501795,595.107421875,9.696
90.37252079302561,456.7421875,7.066
90.69462233601371,746.97998046875,8.327
91.01683905100799,595.10791015625,9.129
91.33910613600165,595.10791015625,9.54
91.66304776500328,456.74267578125,7.405
91.98583454501932,1029.72900390625,7.743
92.3086278210103,595.1083984375,8.818
92.6310745900264,595.1083984375,9.23
92.95391305102385,595.1083984375,9.812
93.27630461900844,984.7294921875,7.717
93.59818039601669,589.48388671875,8.546
93.92074502402102,595.10888671875,9.346
94.24280925400672,595.10888671875,9.502
94.56928782199975,456.74365234375,6.753
94.89261967301718,724.4814453125,8.21
95.21483395501855,510.72802734375,9.051
95.53782755701104,595.109375,9.385
95.85958665702492,474.16845703125,8.599
96.1815882930241,1029.73046875,8.093
96.50454787700437,621.1201171875,9.012
96.82681649702135,595.10986328125,9.424
97.15264602101524,615.4951171875,9.928
97.47642780499882,456.74462890625,7.483
97.79887799802236,746.982421875,8.585
98.12071626802208,595.1103515625,9.245
98.4441205690091,595.1103515625,9.657
98.76581877100398,456.7451171875,6.988
99.0875650710077,724.48291015625,8.132
99.40934750001179,595.11083984375,8.935
99.73202960300841,595.11083984375,9.502
100.05369122800766,489.64794921875,8.74
100.37688182701822,1029.73193359375,7.483
100.69919502301491,589.486328125,8.624
101.02122181101004,595.111328125,9.385
101.34327755900449,595.111328125,9.54
101.66451680401224,456.74609375,7.027
101.98644163602148,566.9833984375,8.43
102.30906597702415,595.11181640625,9.168
102.63176180800656,595.11181640625,9.502
102.95511858700775,456.74658203125,7.756
103.2781249230029,724.484375,8.093
103.60056301901932,595.1123046875,9.09
103.92354266601615,595.1123046875,9.424
104.24582782899961,485.43017578125,9.168
104.567742069019,1029.7333984375,7.639
104.89069541101344,589.48779296875,8.74
105.21421533002285,599.5625,9.346
105.53606262401445,595.11279296875,9.618
105.85804995402577,456.74755859375,7.183
106.18007952399785,724.4853515625,8.288
106.50252494800952,505.28857421875,9.269
106.82452126999851,595.11328125,9.54
107.15059153499897,456.748046875,7.99
107.47290284201154,1029.734375,8.054
107.79509661000338,595.11376953125,8.896
108.11844202701468,595.11376953125,9.424
108.44070050099981,595.11376953125,9.696
108.76160533400252,456.74853515625,7.327
109.08370194700547,746.986328125,8.585
109.40910684800474,595.1142578125,9.168
109.73162884902558,595.1142578125,9.618
110.05241092701908,456.7490234375,7.105
110.37718109000707,724.48681640625,8.093
110.69897513301112,595.11474609375,8.935
111.02155451200088,505.1142578125,9.54
111.34328007302247,489.65185546875,8.818
111.66558837101911,1029.73583984375,7.561
111.98846363002667,589.490234375,8.74
112.31134903299971,595.115234375,9.424
112.6343341510219,595.115234375,9.579
112.9602488920209,456.75,7.144
113.28305730002467,746.98779296875,8.443
113.60571076002088,595.11572265625,9.09
113.92918037300115,621.1259765625,9.579
114.25106523401337,456.75048828125,7.678
114.57357981000678,1029.73681640625,8.327
114.89543766202405,595.1162109375,9.206
115.2176715900132,696.3662109375,9.54
115.5415406380198,595.1162109375,9.696
115.86333999200724,1034.833984375,7.951
116.18513941101264,589.49169921875,8.818
116.50781344700954,595.11669921875,9.385
116.83151177002583,599.56640625,9.734
117.16067390100216,456.75146484375,7.249
117.48228845000267,724.4892578125,8.468
117.80498987800092,595.11767578125,9.54
118.1271468110208,595.1171875,9.812
118.44929171202239,456.751953125,8.132
118.77147027701722,1029.73828125,8.054
119.09433516699937,595.11767578125,9.012
119.41655693302164,595.11767578125,9.346
119.73895982501563,595.11767578125,9.773
120.06047763500828,465.73681640625,7.639
120.38112857102533,746.990234375,9.012
120.7008155430085,595.1181640625,9.734
121.02094681499875,493.86181640625,10.26
121.34301401700941,456.7529296875,7.873
121.66305735101923,724.49072265625,8.624
121.98518506600522,595.11865234375,9.773
122.30507198002306,595.11865234375,10.067
122.62471552600618,595.11865234375,10.006
122.94602292901254,984.73974609375,8.145
123.26632511900971,494.22021484375,9.168
123.58645363899996,595.119140625,9.773
123.91030220501125,595.119140625,10.338
124.23355712101329,456.75390625,7.756
124.55580688701593,724.49169921875,8.857
124.87563344600494,595.11962890625,9.657
125.19619564301684,595.11962890625,10.183
125.51748522100388,489.65673828125,9.478
125.83777973000542,1029.74072265625,8.171
126.1617913080263,589.4951171875,9.269
126.48199890300748,595.1201171875,9.928
126.8026583820174,595.1201171875,10.26
127.12544128400623,456.7548828125,8.145
127.44622774299933,746.99267578125,9.206
127.76934191799955,595.12060546875,9.773
128.09166509401985,595.12109375,10.183
128.4145559030003,456.75537109375,8.171
128.7387157730118,724.4931640625,8.288
129.06093504201272,499.67138671875,9.191
129.38047157600522,595.12109375,9.773
129.70328820700524,599.57080078125,9.424
130.02442869200604,984.7421875,7.6
130.3467348430131,589.49658203125,8.624
130.6679658590001,595.12158203125,9.618
130.9882170370256,595.12158203125,10.067
131.30846056801965,456.75634765625,7.6
131.6282887260022,724.494140625,8.896
131.94847135900636,595.1220703125,9.889
132.26955065800576,595.1220703125,10.144
132.5916400020069,489.65966796875,9.323
132.91470844802097,1029.7431640625,8.935
133.23787667200668,499.6728515625,9.657
133.5604643030092,595.12255859375,9.989
133.88239585101837,656.0078125,10.26
134.20403519802494,984.74365234375,8.132
134.52679093001643,589.498046875,8.857
134.85097412700998,595.123046875,9.385
135.1733808889985,595.123046875,9.657
135.49536959000397,456.7578125,7.183
135.81814753002254,724.49560546875,8.235
136.14037307002582,595.12353515625,9.114
136.46423661100562,595.12353515625,9.951
136.7859125660034,482.6201171875,8.366
137.1075059280265,1029.74462890625,7.938
137.43002424400765,595.1240234375,8.935
137.75269226101227,595.1240234375,9.424
138.07542604001355,595.1240234375,9.851
138.39946171300835,456.7587890625,7.366
138.722147426015,746.99658203125,8.507
139.04431030800333,595.12451171875,9.191
139.36762682301924,488.2431640625,9.618
139.68897742501576,456.75927734375,7.222
140.01130085502518,724.4970703125,8.404
140.3339715920156,595.125,9.191
140.65634046299965,595.125,9.463
140.9774985469994,492.474609375,8.482
141.29946244700113,1029.74609375,8.288
141.62138365700957,595.12548828125,9.012
141.94466413900955,595.12548828125,9.54
142.26704971501022,595.12548828125,9.734
142.5884982070129,984.74658203125,7.717
142.91268911602674,589.5009765625,8.701
143.2349092150107,595.1259765625,9.346
143.5567472219991,595.1259765625,9.579
143.87691014099983,456.7607421875,7.183
144.19918979299837,724.49853515625,8.21
144.52132131301914,595.12646484375,9.051
144.84351805099868,595.12646484375,9.579
145.1721547220077,491.0576171875,8.171
145.49485976301366,1029.74755859375,8.171
145.81954367802246,595.126953125,8.973
146.14192413300043,716.76220703125,9.502
146.4642354020034,595.126953125,9.657
146.7847705540189,984.748046875,7.522
147.10755380502087,488.251953125,8.585
147.42987672201707,635.7626953125,9.269
147.7535503990075,595.12744140625,9.54
148.07441359301447,456.76220703125,7.6
148.39677417601342,724.5,8.468
148.71928602602566,595.1279296875,9.269
149.0414795310062,595.1279296875,9.54
149.3648754400201,456.7626953125,7.899
149.68893255200237,1029.7490234375,8.015
150.01065964301233,595.12841796875,8.935
150.33598364001955,595.12841796875,9.463
150.65815077599837,595.12841796875,9.657
150.98218990300666,984.74951171875,7.717
151.30523159302538,589.50390625,8.663
151.62721744400915,595.12890625,9.269
151.94928243302274,595.12890625,9.696
152.27101374801714,456.763671875,7.249
152.59338424901944,724.50146484375,8.274
152.9174740340095,595.12939453125,9.191
153.2394378040044,595.12939453125,9.579
153.56329481300781,456.76416015625,8.015
153.88499355100794,600.74853515625,8.171
154.2070288430259,595.1298828125,8.896
154.5304431830009,510.74853515625,9.463
154.8526131340186,595.1298828125,9.618
155.17911806100165,984.7509765625,7.704
155.50139140800457,589.50537109375,8.74
155.82393503401545,595.13037109375,9.269
156.14623574202415,476.9990234375,9.696
156.46965232200455,456.76513671875,7.327
156.79169676502352,724.5029296875,8.43
157.11452177600586,595.130859375,9.346
157.43818441100302,595.130859375,9.54
157.76081559201702,456.765625,7.795
158.08285353900283,724.50341796875,8.171
158.4067398920015,599.5810546875,9.075
158.7295304700092,595.13134765625,9.424
159.05224859699956,595.1318359375,9.308
159.37429275200702,1029.75244140625,7.665
159.6972968710179,589.5068359375,8.701
160.01845018402673,595.1318359375,9.308
160.34127145001548,595.1318359375,9.696
160.66393744800007,456.7666015625,7.327
160.98620887301513,747.00439453125,8.585
161.3085850700154,595.13232421875,9.191
161.6311554480053,626.767578125,9.618
161.9525852490042,456.76708984375,7.834
162.2746564130066,724.5048828125,8.391
162.5987716689997,595.1328125,9.075
162.92332015300053,595.1328125,9.657
163.2449870800192,489.669921875,8.818
163.56704221101245,1029.75390625,7.704
163.89092418001383,493.876953125,8.896
164.21454332501162,595.13330078125,9.308
164.5378008270054,494.234375,9.696
164.86115887601045,456.76806640625,7.21
165.1861233720265,747.005859375,8.43
165.50860283500515,595.1337890625,9.191
165.8309526950179,595.1337890625,9.579
166.15396084502572,456.7685546875,7.444
166.47698429200682,724.50634765625,8.132
166.79957047800417,595.13427734375,9.012
167.12196840302204,595.134765625,9.502
167.44684800002142,489.67138671875,8.935
167.77131350600393,1029.75537109375,7.587
168.09366794102243,589.509765625,8.74
168.41620010900078,595.134765625,9.385
168.73821667800075,595.134765625,9.54
169.05836832799832,456.76953125,7.366
169.38132402900374,747.00732421875,8.507
169.70419467100874,595.13525390625,9.153
170.026289706002,595.13525390625,9.657
170.35081063600956,456.77001953125,7.483
170.6746171140112,724.5078125,8.352
170.99646263802424,595.1357421875,9.075
171.31900290201884,595.1357421875,9.579
171.64116389100673,489.6728515625,8.74
171.96211834801943,1029.7568359375,7.899
172.28451867200783,595.13623046875,8.935
172.60721740400186,595.13623046875,9.346
172.93133627501084,595.13623046875,9.757
173.25340234901523,456.77099609375,7.327
173.57564958001603,747.0087890625,8.43
173.89820193999913,595.13671875,9.269
174.2204927560233,595.13671875,9.54
174.54462669900386,456.771484375,7.327
174.86692276300164,724.50927734375,8.054
175.1892774529988,595.13720703125,9.036
175.51116787301726,595.13720703125,9.385
175.83593748201383,489.67431640625,9.051
176.1588451170246,1029.75830078125,7.587
176.48100332100876,589.5126953125,8.663
176.80447039499995,621.14794921875,9.346
177.12698265802464,595.1376953125,9.657
177.44931382700452,456.7724609375,7.093
177.77256364701316,724.51025390625,8.313
178.0946109680226,595.13818359375,9.23
178.4173228200234,595.13818359375,9.502
178.73941026901593,456.77294921875,7.782
179.06171001301846,724.5107421875,8.132
179.38460577500518,595.138671875,8.92
179.70726981700864,595.138671875,9.502
180.0293035049981,595.138671875,9.463
180.35220253100852,1029.759765625,7.782
180.67520895102643,589.51416015625,8.74
180.99732606500038,656.0244140625,9.385
181.31921158899786,595.13916015625,9.618
181.64144755501184,456.77392578125,7.171
181.9624368600198,724.51171875,8.43
182.28532705199905,595.1396484375,9.269
182.60767041301006,595.1396484375,9.463
182.9307693800074,456.7744140625,7.938
183.2534374220122,724.51220703125,8.171
183.57675089102122,626.775390625,9.075
183.8983980390185,595.14013671875,9.463
184.22044705500593,696.39013671875,9.308
184.54397944299853,1029.76123046875,7.626
184.8659717530245,589.515625,8.74
185.19199413299793,595.140625,9.346
185.51422837001155,595.140625,9.618
185.8387691390235,456.775390625,7.054
186.16106472202227,724.51318359375,8.235
186.4836179120175,499.509765625,9.153
186.80649600800825,595.14111328125,9.424
187.13142961999984,456.77587890625,7.976
187.45480075501837,1029.76220703125,8.093
187.77744831499876,595.1416015625,8.842
188.0997517700016,533.26025390625,9.54
188.4228281120013,595.1416015625,9.618
188.7451315660146,984.7626953125,7.665
189.06698790402152,589.51708984375,8.701
189.38903595900047,595.14208984375,9.308
189.7113847270084,595.14208984375,9.618
190.03354721702635,456.77685546875,7.249
190.35533312000916,724.5146484375,8.274
190.6776906560117,595.142578125,9.114
191.00328240002273,595.142578125,9.54
191.32744437200017,456.77734375,7.976
191.65092338100658,724.51513671875,8.158
191.97200100802002,595.14306640625,9.036
192.29467768900213,595.14306640625,9.579
192.616931157012,595.14306640625,9.502
192.9399666649988,1029.76416015625,7.782
193.26313196800766,589.5185546875,8.818
193.58637961000204,595.1435546875,9.269
193.9093072420219,595.1435546875,9.734
194.23238079901785,456.7783203125,7.132
194.55491715599783,724.51611328125,8.196
194.8783431390184,696.39404296875,9.153
195.20038501700037,595.14404296875,9.502
195.5245361730049,456.77880859375,7.976
195.84678416899987,623.26318359375,8.171
196.16929479700048,595.14453125,8.92
196.4922330530244,516.39404296875,9.502
196.81534123400343,595.14453125,9.502
197.13918281299993,623.263671875,7.821
197.4618901500071,589.52001953125,8.818
197.78385589801474,595.14501953125,9.269
198.10619903201587,477.015625,9.734
198.42938033500104,456.77978515625,7.288
198.7514745350054,724.517578125,8.313
199.07388330300455,488.26416015625,9.23
199.39748653801507,595.1455078125,9.502
199.72009396902286,456.7802734375,7.938
200.04260776401497,1029.7666015625,7.899
200.36500779600465,505.3212890625,8.92
200.68724791900604,595.14599609375,9.346
201.0115979600232,621.150390625,9.912
201.33468028402422,456.78076171875,7.561
201.65814389902516,747.01904296875,8.624
201.97918910701992,595.146484375,9.308
202.30210694600828,595.146484375,9.68
202.62899613301852,456.78125,6.976
202.95143795802142,724.51904296875,8.313
203.27446296802373,510.765625,9.114
203.59708006199799,595.14697265625,9.463
203.92055423700367,492.3740234375,8.585
204.24289170702104,1029.76806640625,7.548
204.5664501080173,505.14111328125,8.779
204.8892569350137,595.1474609375,9.269
205.21168691900675,621.15771484375,9.657
205.53521869602264,456.7822265625,7.21
205.8574528020108,747.02001953125,8.43
206.1803125270235,595.14794921875,9.191
206.50295304501196,595.14794921875,9.579
206.82831057099975,456.78271484375,7.405
207.15010181601974,724.5205078125,8.093
207.4750786590157,595.1484375,9.036
207.79764986300142,595.1484375,9.424
208.12590334602282,489.685546875,9.012
208.4484163080051,1029.76953125,7.704
208.77124553502654,630.1591796875,8.818
209.09481548902113,595.14892578125,9.346
209.4179955420259,599.46337890625,9.696
209.74032869102666,456.78369140625,7.327
210.06212512002094,747.021484375,8.468
210.38669359800406,595.1494140625,9.191
210.7100604090083,595.1494140625,9.54
211.0335162790143,456.7841796875,7.483
211.3561257230176,724.52197265625,8.468
211.67972943701898,626.78515625,9.153
212.00342873801128,595.14990234375,9.54
212.32595033899997,495.189453125,8.546
212.6498198530171,1029.77099609375,7.86
212.9721794660145,595.150390625,8.896
213.29515912901843,493.89404296875,9.463
213.6174887890229,595.150390625,9.757
213.93843754500267,456.78515625,7.132
214.26032626401866,747.02294921875,8.391
214.582446446002,595.15087890625,9.114
214.907475385,595.15087890625,9.579
215.2313106250076,456.78564453125,7.444
215.55335531700985,724.5234375,7.976
215.87584424501983,595.1513671875,9.036
216.20154904402443,595.1513671875,9.385
216.52503489801893,498.12548828125,9.075
216.84609309601365,1034.869140625,7.561
217.1683604179998,589.52685546875,8.701
217.49024913602625,595.15185546875,9.269
217.81346474200836,599.46630859375,9.657
218.13843815901782,456.78662109375,7.288
218.46143891001702,724.5244140625,8.313
218.7845059040119,499.5322265625,9.191
219.10723944701022,595.15234375,9.54
219.429731095006,456.787109375,7.976
219.75171520802542,724.52490234375,8.158
220.07376690700767,595.15283203125,8.997
220.39674567300244,595.15283203125,9.579
220.719319308002,595.15283203125,9.463
221.04207829202642,984.77392578125,7.678
221.363954785018,589.5283203125,8.624
221.68643452902324,595.1533203125,9.308
222.00903629200184,595.1533203125,9.641
222.3305561990128,456.7880859375,7.054
222.65366111299954,724.52587890625,8.196
222.9757746050018,595.15380859375,9.114
223.2989518410177,595.15380859375,9.54
223.6216842640133,492.50341796875,8.327
223.9446546130057,1029.77490234375,8.132
224.26735205901787,595.154296875,8.997
224.5901897640142,595.154296875,9.385
224.91454943502322,595.154296875,9.912
225.23641616801615,1029.775390625,7.938
225.55933592302608,589.52978515625,8.857
225.88205448901863,595.15478515625,9.385
226.20874386001378,595.15478515625,9.757
226.53060790500604,456.78955078125,7.288
226.8526827720052,544.87841796875,8.507
227.1747818950098,595.1552734375,9.23
227.496930652007,595.1552734375,9.579
227.81911688201944,456.7900390625,7.704
228.1418316400086,724.52783203125,8.132
228.4646401280188,595.15576171875,9.036
228.78730390800047,595.15576171875,9.463
229.10980694700265,595.15576171875,9.346
229.4319066790049,1029.77685546875,7.626
229.75394419999793,589.53125,8.74
230.07567355202627,595.15625,9.308
230.39882646600017,595.15625,9.734
230.72332287600148,456.791015625,7.288
231.04560814902652,499.525390625,8.507
231.36832850601058,595.15673828125,9.23
231.69217104002018,595.15673828125,9.579
232.0181935740111,456.79150390625,7.86
232.34067322002375,724.529296875,8.663
232.66340218600817,595.1572265625,9.308
232.98563926501083,595.1572265625,9.579
233.30770129800658,482.75048828125,8.507
233.6297648680047,1029.7783203125,7.821
233.9519493690168,595.15771484375,8.842
234.27424917000462,494.0830078125,9.463
234.59645469600218,595.15771484375,9.757
234.91978195001138,456.79248046875,7.522
235.24171770800604,747.0302734375,8.624
235.5648351960117,595.158203125,9.191
235.88738034802373,716.79345703125,9.618
236.21137559000636,456.79296875,7.132
236.53388906101463,724.53076171875,8.313
236.85540320602013,595.15869140625,9.075
237.17775190301472,595.15869140625,9.579
237.50036265701056,489.69580078125,8.701
237.82196019601543,1029.77978515625,7.743
238.14728187699802,595.1591796875,8.92
238.47090370001388,595.1591796875,9.385
238.79339521800284,595.1591796875,9.718
239.11380539400852,456.7939453125,7.522
239.4366098169994,747.03173828125,8.546
239.7597759780183,595.15966796875,9.308
240.0820530570054,595.15966796875,9.54
240.40655058601988,456.79443359375,7.327
240.72948093200102,724.5322265625,8.391
241.05299318302423,499.71044921875,9.23
241.3757610610046,595.16015625,9.502
241.69762753602117,471.40380859375,8.546
242.01782298501348,1029.78125,7.86
242.34016793800402,595.16064453125,8.842
242.66286576501443,595.16064453125,9.346
242.98538624300272,595.16064453125,9.757
243.3062563050189,456.79541015625,7.405
243.62829731300008,747.033203125,8.468
243.95142811202095,595.1611328125,9.346
244.27309576500556,595.1611328125,9.502
244.59531153002172,456.716796875,7.288
244.91693723000935,724.45458984375,7.86
245.23886287401547,595.08251953125,8.842
245.56144946502172,595.08251953125,9.463
245.88372248000815,595.08251953125,9.424
246.21237296101754,1029.703125,7.743
246.53457445302047,589.45751953125,8.74
246.85820363499806,595.08251953125,9.463
247.18080293101957,595.08251953125,9.641
247.50278028901084,456.71728515625,7.249
247.82513400900643,746.955078125,8.507
248.14749685002607,595.0830078125,9.153
248.4699069240014,499.47412109375,9.618
248.79312467001728,456.7177734375,7.6
249.11625025200192,724.45556640625,8.054
249.43886503600515,626.71875,8.997
249.7608812750259,595.08349609375,9.385
250.0828064380039,595.08349609375,9.308
250.40462673502043,1029.70458984375,7.665
250.7271853570128,589.458984375,8.74
251.04899835700053,595.083984375,9.308
251.37194108602125,595.083984375,9.68
251.69587658101227,456.71875,7.132
252.01788056301302,724.45654296875,8.391
252.34138046001317,595.08447265625,9.269
252.66322530101752,595.08447265625,9.502
252.98673307101126,456.71923828125,7.938
253.3097604100185,724.45703125,8.235
253.63315656100167,595.0849609375,9.153
253.95806619600626,595.0849609375,9.502
254.28228576201946,489.6220703125,9.09
254.60481731101754,1029.7060546875,7.782
254.9270532670198,621.095703125,8.881
255.25082616400323,595.08544921875,9.385
255.57316263500252,599.53515625,9.641
255.89796887501143,456.72021484375,7.327
256.2232189030037,746.9580078125,8.468
256.54603814001894,493.82958984375,9.269
256.86842930101557,595.0859375,9.579
257.1911314780009,456.720703125,7.483
257.51342554800794,724.45849609375,8.313
257.8358207720157,595.08642578125,8.997
258.1598746050149,595.08642578125,9.602
258.48152897600085,489.62353515625,8.779
258.80337954399874,1029.70751953125,8.054
259.1254702480219,595.0869140625,8.92
259.44935604400234,595.0869140625,9.54
259.77147612400586,595.0869140625,9.834
260.0924412260065,456.7216796875,7.405
260.41470572701655,746.95947265625,8.546
260.738214839017,595.08740234375,9.23
261.05973224600893,595.08740234375,9.602
261.3826640610059,456.72216796875,7.249
261.7045079090167,724.4599609375,8.391
262.02585526302573,595.087890625,9.269
262.34794823802076,595.087890625,9.502
262.67012815902126,495.11572265625,8.507
262.9925495600037,1029.708984375,7.782
263.31429625302553,595.08837890625,8.842
263.6362785360252,595.08837890625,9.308
263.9595077999984,595.08837890625,9.718
264.2841702910082,456.72314453125,7.366
264.6063540520263,746.9609375,8.468
264.93006342599983,595.0888671875,9.346
265.2522032179986,595.0888671875,9.54
265.5769146060047,456.7236328125,7.327
265.8993329980003,724.46142578125,8.43
266.22450718301116,595.08935546875,9.23
266.5483734260197,595.08935546875,9.463
266.87377692901646,492.43896484375,8.507
267.195405090024,1029.71044921875,7.626
267.51868715599994,595.08984375,8.803
267.8407490570098,595.08984375,9.269
268.1631062310189,595.08984375,9.757
268.4850265920104,456.724609375,7.405
268.8074041190266,746.96240234375,8.43
269.12998088402674,595.09033203125,9.346
269.4520010560227,595.09033203125,9.54
269.77381120601785,456.72509765625,7.366
270.0956847490161,724.462890625,8.313
270.41884428300546,595.0908203125,9.036
270.74214410802233,595.0908203125,9.579
271.0633303350187,489.6279296875,8.818
271.3856065790169,1029.7119140625,7.86
271.70824494500994,595.09130859375,8.881
272.0293136330147,595.09130859375,9.424
272.35210521900444,595.09130859375,9.757
272.6744277040125,456.72607421875,7.366
272.99808894700254,746.9638671875,8.507
273.3230949670251,595.091796875,9.308
273.6454344119993,595.091796875,9.54
273.9687365410209,456.7265625,7.327
274.2912169820047,724.46435546875,8.352
274.6134061180055,595.09228515625,9.075
274.9355217490229,595.09228515625,9.579
275.25753232001443,489.62939453125,8.701
275.5794787610066,1029.71337890625,7.963
275.9019278730266,595.0927734375,8.92
276.2287620730058,595.0927734375,9.502
276.5515268740128,595.0927734375,9.834
276.8719506790221,510.71240234375,7.704
277.19426551501965,752.27978515625,8.701
277.5170659010182,595.09326171875,9.269
277.83968215301866,595.09326171875,9.618
278.16334509200533,456.72802734375,7.444
278.4857621710107,724.4658203125,8.313
278.80834239101387,595.09375,9.114
279.13028591900365,595.09375,9.641
279.45265233999817,465.73583984375,8.171
279.7751771660114,1029.71484375,8.158
280.0970218760194,595.09423828125,8.959
280.41925357302534,595.09423828125,9.424
280.74185433701496,595.09423828125,9.68
281.0635189450113,984.71533203125,7.743
281.3859575280221,589.4697265625,8.585
281.7083272130112,595.0947265625,9.308
282.0299868930015,595.0947265625,9.602
282.3513290590199,456.7294921875,7.444
282.6741720060236,724.46728515625,8.43
282.99848091602325,595.09521484375,9.346
283.3212642130093,595.09521484375,9.525
283.6435041980003,456.72998046875,7.899
283.96735421402263,724.4677734375,8.158
284.2896721850266,488.2255859375,9.075
284.61200564401224,595.095703125,9.424
284.9349136170058,615.48095703125,9.308
285.25710124801844,1029.716796875,7.963
285.5803800470021,595.09619140625,8.997
285.9028779270011,595.09619140625,9.385
286.228988553019,595.09619140625,9.796
286.5497839830059,456.73095703125,7.405
286.8714838240121,746.96875,8.507
287.1940255770169,595.0966796875,9.385
287.5162627780228,595.0966796875,9.525
287.84295425302116,456.7314453125,7.327
288.16475352001726,724.46923828125,8.08
288.4897153120255,595.09716796875,8.997
288.81260354002006,696.34716796875,9.463
289.1355790970265,489.63427734375,8.973
289.45750828902237,1029.71826171875,8.041
289.7799953840149,595.09765625,8.881
290.1021167730214,488.21630859375,9.54
290.42391447201953,595.09765625,9.834
290.7464041910134,456.732421875,7.548
291.0676308340044,746.97021484375,8.663
291.3904268980259,595.09814453125,9.23
291.71268790602335,488.22802734375,9.641
292.03448966902215,456.73291015625,7.561
292.3565616160049,724.470703125,8.391
292.67871110202395,595.0986328125,9.153
293.00174691699794,488.228515625,9.641
293.3245606770215,492.44873046875,8.274
293.646957562014,1029.7197265625,8.196
293.96924932301044,595.09912109375,9.036
294.29125387599925,595.09912109375,9.463
294.61313439300284,595.09912109375,9.757
294.9380009820161,984.72021484375,7.704
295.26010374500765,589.474609375,8.585
295.58329159600544,595.099609375,9.346
295.90532687000814,595.099609375,9.525
296.2341479099996,456.734375,7.327
296.55640840600245,724.47216796875,8.313
296.87878065000405,599.41455078125,9.23
297.2010450180096,595.10009765625,9.563
297.5250127640029,456.73486328125,8.015
297.8470522930147,724.47265625,8.119
298.16984042100376,595.1005859375,9.036
298.49252691300353,595.1005859375,9.486
298.81501624701195,595.1005859375,9.346
299.13633175499854,1029.7216796875,7.743
299.45846808701754,589.47607421875,8.779
299.78052153700264,595.10107421875,9.308
300.1030683130084,595.10107421875,9.718
300.4250150390144,456.73583984375,7.21
300.7473849140224,724.4736328125,8.274
301.0700974870124,595.1015625,9.23
301.39222357800463,595.1015625,9.502
301.71445322502404,456.736328125,7.976
302.03752126402105,1057.3193359375,8.235
302.35949128700304,595.10205078125,8.959
302.682136242016,499.828125,9.54
303.0050182590203,595.10205078125,9.618
303.3261539530067,984.72314453125,7.743
303.6519556080166,589.4775390625,8.701
303.97447937499965,595.1025390625,9.346
304.2962939370191,595.1025390625,9.602
304.61844761300017,456.7373046875,7.171
304.94102069400833,724.47509765625,8.235
305.263594190008,595.10302734375,9.075
305.585882622021,595.10302734375,9.579
305.908295953006,472.81787109375,8.171
306.2370125740126,1029.72412109375,8.119
306.5614771010005,595.103515625,8.92
306.88365202600835,595.103515625,9.486
307.2060913419991,595.103515625,9.796
307.52699701301754,984.724609375,7.782
307.84937632700894,589.47900390625,8.663
308.1726130419993,595.10400390625,9.424
308.4945411750232,595.10400390625,9.563
308.8152975620178,456.73876953125,7.444
309.13704802602297,724.4765625,8.43
309.45946324500255,476.97509765625,9.269
309.7820962940168,595.1044921875,9.502
310.10381766900537,456.7392578125,8.015
310.42591895902297,724.47705078125,8.274
310.74819718202343,595.10498046875,9.153
311.0693832130055,595.10498046875,9.486
311.39223524401314,489.64208984375,9.153
311.7140456770139,1029.72607421875,7.938
312.0369684949983,595.10546875,9.036
312.3590438320243,595.10546875,9.385
312.68178389201057,595.10546875,9.757
313.0036625510256,456.740234375,7.171
313.32672601300874,746.97802734375,8.468
313.6487402920029,595.10595703125,9.075
313.9713495640026,595.10595703125,9.641
314.29516284001875,456.74072265625,7.6
314.6175142490247,522.32958984375,7.976
314.9396301950037,595.1064453125,8.842
315.2621456400084,595.1064453125,9.502
315.58501031200285,595.1064453125,9.54
315.9075594220194,984.7275390625,7.626
316.2317694130179,589.48193359375,8.585
316.55453245001263,595.10693359375,9.308
316.87666708399775,595.10693359375,9.563
317.1981046410219,456.74169921875,7.444
317.520105255011,724.4794921875,8.352
317.8426507820259,595.10791015625,9.153
318.16448479902465,595.107421875,9.602
318.4899002650054,456.7421875,8.015
318.8122689220181,724.47998046875,8.158
319.1359838580247,595.10791015625,9.075
319.45828844900825,595.10791015625,9.502
319.7808971760096,595.10791015625,9.308
320.101949953998,1029.72900390625,7.626
320.42419287899975,589.4833984375,8.74
320.74665379401995,595.1083984375,9.23
321.06805045402143,595.1083984375,9.68
321.3907315680117,456.7431640625,7.327
321.71356062201085,724.48095703125,8.43
322.0377980050107,595.10888671875,9.308
322.36151943702134,595.10888671875,9.579
322.685686642013,456.74365234375,7.782
323.0130065480189,724.4814453125,8.352
323.33603506401414,595.109375,9.075
323.65823094701045,621.11962890625,9.54
323.97948901102063,489.646484375,9.012
324.3016836140014,1029.73046875,8.196
324.6249684570066,595.10986328125,9.036
324.94826869200915,595.10986328125,9.502
325.2706735090178,595.10986328125,9.873
325.59292715400807,456.74462890625,7.548
325.91572017400176,746.982421875,8.663
326.2417271770246,595.1103515625,9.269
326.56459063102375,595.1103515625,9.68
326.8880782320048,456.7451171875,7.054
327.2103233640082,724.48291015625,8.196
327.532765846001,595.11083984375,8.92
327.8559341740038,595.11083984375,9.502
328.1790765800106,489.64794921875,8.779
328.5012320780079,1029.73193359375,7.704
328.82362575799925,595.111328125,8.842
329.1452723770053,595.111328125,9.346
329.4679543210077,493.86083984375,9.718
329.79051303101005,456.74609375,7.288
330.1126844640239,746.98388671875,8.468
330.4354235630017,599.5615234375,9.269
330.7584877269983,595.11181640625,9.486
331.08247793401824,456.74658203125,7.444
331.40469093600404,724.484375,8.274
331.72642469301354,595.1123046875,8.997
332.04787031401065,595.1123046875,9.602
332.3697420259996,489.6494140625,8.896
332.692619561014,1029.7333984375,7.704
333.01486040401505,615.498046875,8.881
333.33721827500267,595.11279296875,9.385
333.66021981299855,595.11279296875,9.641
333.98459431901574,456.74755859375,7.405
334.30689593200805,746.9853515625,8.468
334.6313384399982,599.56298828125,9.269
334.9532119760115,595.11328125,9.525
335.2789401860209,456.748046875,7.405
335.60144670101,724.48583984375,8.274
335.9236331110005,595.11376953125,9.036
336.25219407500117,595.11376953125,9.525
336.57563117702375,489.65087890625,8.624
336.89842944502016,1029.73486328125,7.899
337.2201096950157,595.1142578125,8.842
337.54283314500935,599.56396484375,9.424
337.8653698679991,595.1142578125,9.757
338.1872539970209,456.7490234375,7.327
338.5100125830213,746.98681640625,8.391
338.8327143030183,595.11474609375,9.269
339.1545834230201,595.11474609375,9.486
339.48141665701405,456.74951171875,7.327
339.8037957440247,724.4873046875,8.274
340.1256621760258,595.115234375,9.036
340.45010906702373,595.115234375,9.54
340.77293959099916,489.65234375,8.663
341.0947243560222,1029.736328125,7.821
341.4172660720069,595.11572265625,8.842
341.739965648012,595.11572265625,9.346
342.06263978302013,595.11572265625,9.796
342.3884492740035,456.75048828125,7.626
342.712124623009,746.98828125,8.701
343.03410917002475,595.1162109375,9.269
343.3567301510193,626.75146484375,9.641
343.6785804220126,456.7509765625,7.171
344.0010252390057,724.48876953125,8.274
344.3235152400157,595.11669921875,9.036
344.6461285740079,595.11669921875,9.54
344.96805167902494,489.65380859375,8.74
345.29040916400845,1029.73779296875,7.626
345.61394623600063,711.12744140625,8.779
345.9358744940255,595.1171875,9.308
346.25870351301273,595.1171875,9.602
346.5822106960113,456.751953125,7.093
346.9046385200054,746.98974609375,8.507
347.22722878001514,595.11767578125,9.114
347.54935627500527,595.11767578125,9.602
347.87170982401585,456.75244140625,7.6
348.1938259260205,623.23681640625,8.015
348.5162060680159,595.1181640625,8.803
348.83843574201455,499.48681640625,9.424
349.16032060500584,595.1181640625,9.657
349.4811538220092,984.7392578125,7.548
349.80375310601084,589.49365234375,8.507
350.1264950510231,493.8681640625,9.346
350.4487421330123,595.11865234375,9.525
350.77402668001014,456.75341796875,6.937
351.095453225018,724.4912109375,8.196
351.4176541620109,595.119140625,9.114
351.7400036470208,595.119140625,9.424
352.0618224920181,492.46875,8.468
352.3845369470073,1029.740234375,7.782
352.706445939024,595.11962890625,8.726
353.030043620005,516.36328125,9.502
353.3524383220065,595.11962890625,9.796
353.6790799010196,456.75439453125,7.483
354.00198719400214,746.9921875,8.663
354.3242669160245,595.1201171875,9.191
354.6473307890119,488.23876953125,9.602
354.9708251390257,456.7548828125,7.21
355.29371176002314,724.49267578125,8.352
355.616930454009,617.6201171875,9.153
355.93931782702566,595.12060546875,9.502
356.2631766679988,471.3681640625,8.507
356.58586251400993,1029.74169921875,7.782
356.9097276900138,595.12109375,8.842
357.23200021201046,635.75634765625,9.447
357.55401816702215,595.12109375,9.796
357.87666484402143,456.755859375,7.522
358.1984769999981,746.99365234375,8.624
358.5215282330173,595.12158203125,9.23
358.8433721020119,595.12158203125,9.54
359.16640810199897,456.75634765625,7.288
359.4884302810242,724.494140625,8.352
359.8114487440034,716.75732421875,9.114
360.13405462002265,595.1220703125,9.54
360.4562183700036,489.6591796875,8.585
360.77874670701567,1029.7431640625,7.782
361.0999901750183,595.12255859375,8.92
361.42303436700604,595.12255859375,9.346
361.7457763100101,595.12255859375,9.718
362.0682196530106,456.75732421875,7.288
362.3904120119987,746.9951171875,8.43
362.7132873670198,595.123046875,9.153
363.03539524402004,595.123046875,9.602
363.3588791610091,456.7578125,7.522
363.68121321999934,724.49560546875,7.976
364.0060371440195,599.43798828125,9.036
364.32998651399976,595.12353515625,9.424
364.6535837460251,635.7587890625,9.23
364.9755510430259,1029.74462890625,7.704
365.29856726599974,589.4990234375,8.726
365.6218003590184,494.04931640625,9.385
365.94390346700675,595.1240234375,9.602
366.26663939401624,456.7587890625,7.405
366.5899263450119,746.99658203125,8.546
366.9126877759991,595.12451171875,9.23
367.23544869502075,595.12451171875,9.68
367.5603672460129,456.75927734375,7.6
367.88289839800564,724.4970703125,8.158
368.2048529900203,595.125,9.075
368.5267852770048,595.125,9.463
368.85257239700877,489.662109375,8.997
369.17715112899896,1029.74609375,7.587
369.49951261200476,589.50048828125,8.663
369.8226509829983,595.12548828125,9.385
370.14704030100256,595.12548828125,9.563
370.4709050610254,456.76025390625,7.327
370.7940618630091,746.998046875,8.546
371.1155632250011,595.1259765625,9.191
371.4385791280074,595.1259765625,9.641
371.76437693601474,456.7607421875,7.522
372.0873278120125,724.49853515625,8.041
372.4101428120048,621.13671875,9.036
372.7341071900155,595.12646484375,9.424
373.0577510790026,635.76171875,9.308
373.3814916110132,1029.74755859375,7.782
373.7036141110002,589.501953125,8.765
374.0262280490133,595.126953125,9.502
374.3483911580115,595.126953125,9.563
374.67176889500115,456.76171875,7.51
374.9936870370002,746.99951171875,8.585
375.31588083400857,595.12744140625,9.23
375.63787235401105,595.12744140625,9.563
375.9619603520259,456.76220703125,7.483
376.2838975340128,758.24951171875,7.976
376.60603878600523,595.1279296875,8.842
376.9298570480023,595.1279296875,9.563
377.25539996800944,595.1279296875,9.502
377.57765664701583,1029.7490234375,7.821
377.9001851750072,589.50341796875,8.765
378.2253395070147,488.2470703125,9.463
378.5476254350215,595.12841796875,9.602
378.86898788102553,456.76318359375,7.132
379.19384060401353,499.49755859375,8.468
379.5157155120105,595.12890625,9.153
379.8404397200211,595.12939453125,9.525
380.1624151110009,456.763671875,7.743
380.4856032730022,724.50146484375,8.119
380.80860944700544,595.12939453125,9.114
381.1305254760082,595.12939453125,9.447
381.4529067030235,479.822265625,9.191
381.77346803600085,989.06494140625,7.548
382.09454333700705,589.5048828125,8.701
382.41642192500876,595.1298828125,9.308
382.7392813730112,595.1298828125,9.602
383.0650564910029,456.7646484375,7.405
383.38725780902314,724.50244140625,8.391
383.7095300720248,595.13037109375,9.269
384.0330693490105,595.13037109375,9.525
384.3550945970055,456.76513671875,7.938
384.6787445009977,724.5029296875,8.158
385.0016348299978,477.00146484375,9.191
385.3234885530255,595.130859375,9.463
385.64743308900506,621.14111328125,9.23
385.96957920500427,1029.751953125,7.626
386.29137212602654,589.50634765625,8.726
386.614226678008,595.13134765625,9.308
386.9366530900006,595.13134765625,9.757
387.26243758402416,456.76611328125,7.288
387.58494406202226,747.00390625,8.507
387.9098216170096,595.1318359375,9.153
388.2326874650025,488.25048828125,9.641
388.5540731100191,456.7666015625,7.665
388.8768476600235,724.50439453125,8.08
389.1989288130135,595.13232421875,9.114
389.5213052070176,595.13232421875,9.424
389.84395152900834,468.5791015625,9.153
390.1663099700236,1029.75341796875,7.626
390.4884263560234,589.5078125,8.701
390.81089500902453,595.1328125,9.269
391.1335504510207,595.1328125,9.68
391.45773400200414,456.767578125,7.132
391.7801023310167,724.50537109375,8.274
392.1018844030041,595.13330078125,9.269
392.4238261920109,595.13330078125,9.486
392.74790001200745,456.76806640625,7.86
393.07049103602185,583.34912109375,8.158
393.39217182502034,595.1337890625,8.92
393.7146860460052,499.50244140625,9.502
394.03825645902543,595.1337890625,9.657
394.3607365350181,1029.7548828125,7.899
394.6828221360047,589.50927734375,8.765
395.0057921470143,499.6845703125,9.502
395.3279284690216,595.13427734375,9.602
395.65032406302635,456.76904296875,7.249
395.97451302202535,747.0068359375,8.507
396.297318292025,595.134765625,9.153
396.6197675510193,499.68505859375,9.602
396.9430536350119,456.76953125,7.665
397.2712858800078,1029.75634765625,7.976
397.5933773050201,595.13525390625,8.803
397.91567526300787,595.13525390625,9.463
398.2379590460041,595.13525390625,9.579
398.5602093870111,1029.75634765625,7.704
398.8827886660001,589.5107421875,8.765
399.2051210900245,595.1357421875,9.269
399.52750410701265,493.88525390625,9.641
399.84953322602087,456.7705078125,7.054
400.1712051820068,724.50830078125,8.196
400.49330182300764,595.13623046875,9.036
400.8158821260149,595.13623046875,9.563
401.14012340499903,456.77099609375,8.171
401.46254117501667,1079.85400390625,8.196
401.7853771020018,595.13671875,8.92
402.10669567101286,499.52783203125,9.563
402.42866046802374,595.13671875,9.641
402.75130182801513,984.7578125,7.704
403.07458496800973,589.51220703125,8.726
403.39801150301355,595.13720703125,9.308
403.72001338901464,595.13720703125,9.563
404.0433479210187,456.77197265625,7.132
404.3661113010021,724.509765625,8.196
404.68805030500516,595.1376953125,9.036
405.0107482430176,499.68798828125,9.602
405.33493153602467,500.23974609375,8.21
405.656759881007,1029.7587890625,7.782
405.9820866000082,595.13818359375,8.881
406.3036778810201,595.13818359375,9.463
406.6269881570188,595.13818359375,9.796
406.9483271110221,984.75927734375,7.782
407.27775046101306,589.513671875,8.687
407.60051803302485,595.138671875,9.424
407.92227415100206,595.138671875,9.602
408.2436108330148,456.7734375,7.366
408.56658231501933,724.51123046875,8.313
408.8902117990074,595.13916015625,9.153
409.21246009200695,595.13916015625,9.641
409.53498295199824,456.77392578125,8.171
409.85755384599906,724.51171875,8.391
410.179354605003,595.1396484375,9.23
410.5027780040109,595.1396484375,9.525
410.8279871510167,489.6767578125,8.997
411.15047858600155,1029.7607421875,7.548
411.4727968320076,589.51513671875,8.624
411.7952728110249,599.45458984375,9.269
412.1174289089977,595.14013671875,9.68
412.4389429069997,456.77490234375,7.405
412.7632350670174,747.0126953125,8.585
413.08820596701116,595.140625,9.191
413.411905341025,595.140625,9.641
413.73858912300784,456.775390625,7.522
414.05987959500635,724.51318359375,8.158
414.38239637500374,595.14111328125,9.075
414.7056419440196,595.14111328125,9.502
415.0292144990235,489.67822265625,9.036
415.3519571410143,1029.76220703125,8.196
415.6746235570172,595.1416015625,8.997
415.9963311930187,595.1416015625,9.525
416.31966374002513,595.1416015625,9.873
416.64324679100537,456.7763671875,7.471
416.9648894650163,747.01416015625,8.701
417.2869726320205,595.14208984375,9.23
417.61003246702603,533.2607421875,9.641
417.9326923870249,456.77685546875,7.132
418.2553701950237,724.5146484375,8.274
418.57820519202505,595.142578125,9.036
418.90025744601735,595.142578125,9.463
419.2230659460183,489.6796875,8.663
419.54531158102327,1029.763671875,7.86
419.867989965016,595.14306640625,8.803
420.19112957900506,599.45751953125,9.424
420.51342471901444,595.14306640625,9.757
420.83511897802236,456.77783203125,7.471
421.15706802901695,747.015625,8.546
421.47895893402165,595.1435546875,9.269
421.8020436660154,595.1435546875,9.563
422.1264624520263,456.7783203125,7.366
422.4488061060256,724.51611328125,8.468
422.7711265280086,595.14404296875,9.23
423.0957770330133,595.14404296875,9.525
423.4182127540116,492.49365234375,8.507
423.74059036100516,1029.76513671875,8.158
424.06375627900707,595.14453125,9.114
424.38588824600447,595.14453125,9.385
424.7080349980097,595.14453125,9.873
425.0296908560267,984.765625,7.665
425.35250725899823,589.52001953125,8.585
425.67523191601504,488.263671875,9.346
425.998222085007,595.14501953125,9.602
426.3200826520042,456.77978515625,7.561
426.64261149501544,724.517578125,8.468
426.96537381701637,595.1455078125,9.346
427.29062520401203,595.1455078125,9.563
427.6134345669998,456.7802734375,7.976
427.93721698300214,724.51806640625,8.196
428.26008081200416,595.14599609375,9.075
428.5820665670035,595.14599609375,9.525
428.9047745510179,595.14599609375,9.385
429.2280003740161,1029.76708984375,7.665
429.5505098240101,589.521484375,8.765
429.8728734780161,595.146484375,9.23
430.1953366550151,595.146484375,9.68
430.517939131998,456.78125,7.132
430.83966238301946,724.51904296875,8.196
431.16165687399916,595.14697265625,9.114
431.48397297400516,595.14697265625,9.525
431.8060048420157,456.78173828125,8.015
432.1279738290177,1029.76806640625,7.899
432.45033882602,595.28271484375,8.881
432.7724002310133,595.1474609375,9.346
433.09687521102023,595.1474609375,9.834
433.4205609190103,456.7822265625,7.405
433.74421606599935,747.02001953125,8.546
434.0672537560167,595.14794921875,9.191
434.3896493780194,488.2666015625,9.641
434.71181334601715,456.78271484375,7.093
435.0343908940267,724.5205078125,8.235
435.35713827001746,595.1484375,9.036
435.67972138602636,595.1484375,9.525
436.0012365670118,489.685546875,8.74
436.32373804799863,1029.76953125,7.782
436.6467149670061,595.14892578125,8.881
436.9683748240059,595.14892578125,9.385
437.29455388500355,595.14892578125,9.796
437.61561046002316,456.78369140625,7.587
437.93731492600637,747.021484375,8.663
438.2592790480121,595.1494140625,9.346
438.5822235820233,595.1494140625,9.602
438.9043772450241,456.7841796875,7.21
439.2260104130255,724.52197265625,8.352
439.5486556420219,595.14990234375,9.075
439.8703910850163,595.14990234375,9.486
440.19222720200196,489.68701171875,8.74
440.5143000630196,1029.77099609375,7.782
440.8365890250134,595.150390625,8.881
441.15991078701336,595.150390625,9.346
441.48319680200075,595.150390625,9.718
441.803879478015,456.78515625,7.432
442.12505551200593,747.02294921875,8.585
442.4482146440132,595.15087890625,9.346
442.7704752860009,595.15087890625,9.563
443.0926897879981,456.78564453125,7.366
443.4153917970252,724.5234375,8.313
443.7372530820139,595.1513671875,8.997
444.06023049002397,595.1513671875,9.563
444.3821880360192,489.6884765625,8.74
444.70468277900363,1029.7724609375,7.704
445.0271690740192,595.15185546875,8.92
445.3492951710068,595.15185546875,9.308
445.6722349510237,494.0771484375,9.68
445.9943128230225,456.78662109375,7.327
446.3164306980034,747.0244140625,8.468
446.639244111022,595.15234375,9.191
446.9632005900203,595.15234375,9.602
447.2940157330013,456.787109375,7.444
447.61597111201263,724.52490234375,8.468
447.93869882900617,595.15283203125,9.269
448.2608398470038,595.15283203125,9.525
448.5856409280095,482.74609375,8.507
448.909493603016,623.27197265625,8.391
449.2321285229991,595.1533203125,9.036
449.5555399430159,494.07861328125,9.525
449.87838661202113,595.1533203125,9.579
450.20038171100896,984.7744140625,7.704
450.5227649490116,589.52880859375,8.663
450.8469664060103,595.15380859375,9.269
451.16981874400517,595.15380859375,9.602
451.4918584570114,456.78857421875,7.093
451.8139170810173,724.5263671875,8.158
452.13543598202523,595.154296875,9.075
452.4580957440194,499.88037109375,9.602
452.78442983402056,488.27294921875,8.171
453.10887415200705,1029.775390625,7.899
453.4312586460146,621.1650390625,8.881
453.75303861300927,595.15478515625,9.346
454.07500687401625,595.15478515625,9.834
454.39962729701074,456.78955078125,7.51
454.7221435410029,747.02734375,8.585
455.0469831060036,595.1552734375,9.23
455.3702399460017,595.1552734375,9.641
455.696087378019,456.7900390625,7.015
456.01801919500576,724.52783203125,8.274
456.3410329920007,621.166015625,9.114
456.6631777770235,595.15576171875,9.447
456.9864760940254,491.25537109375,8.701
457.30903743600356,1029.77685546875,8.43
457.63098346602055,595.15625,9.036
457.95334813100635,599.470703125,9.486
458.2754766010039,595.15625,9.718
458.59702361701056,984.77734375,7.665
458.91973805302405,589.53173828125,8.585
459.2426564650086,595.15673828125,9.385
459.5654060090019,595.15673828125,9.563
459.8872344420233,456.79150390625,7.132
460.2101048230252,724.529296875,8.235
460.53302704601083,595.1572265625,9.075
460.85529197301366,595.1572265625,9.563
461.1775435890013,491.08837890625,8.21
461.4997258290241,1029.7783203125,8.041
461.8223991530249,595.15771484375,8.997
462.144282571011,595.15771484375,9.408
462.4665354070021,595.15771484375,9.873
462.7897371620056,1029.77880859375,7.86
463.11260953501915,589.533203125,8.92
463.4359889610205,595.158203125,9.346
463.7591302380024,595.158203125,9.718
464.08580763300415,456.79296875,7.21
464.4089405280247,724.53076171875,8.352
464.73126626800513,595.15869140625,9.23
465.0539198880142,595.15869140625,9.525
465.37651635700604,456.79345703125,7.899
465.6986783190223,724.53125,8.235
466.0205333949998,595.1591796875,9.153
466.3426581430249,595.1591796875,9.447
466.6649323030142,489.6962890625,9.153
466.98717465400114,1029.7802734375,7.743
467.30921873199986,589.53466796875,8.765
467.63193069701083,510.7841796875,9.424
467.95443718502065,595.15966796875,9.602
468.27629134000745,456.79443359375,8.015
468.5990114050219,747.0322265625,8.842
468.9219717950036,595.16015625,9.269
469.2446350600221,510.77880859375,9.68
469.56775078500505,456.794921875,7.366
469.8917936680082,724.53271484375,8.313
470.2145254170173,595.16064453125,9.153
470.53771461802535,595.16064453125,9.525
470.86181261000456,492.51025390625,8.274
471.18392793100793,1029.78173828125,7.86
471.5062718660047,595.1611328125,8.803
471.82855160802137,595.1611328125,9.463
472.15028023402556,595.1611328125,9.834
472.475429136015,456.7958984375,7.483
472.7980136240076,747.03369140625,8.585
473.1206544350134,595.16162109375,9.269
473.4428230440244,615.546875,9.641
473.7656701329979,456.79638671875,7.21
474.0884663420147,724.5341796875,8.119
474.4105297670176,595.162109375,8.959
474.73270282600424,595.16259765625,9.424
475.05560198400053,489.69921875,8.997
475.37851413700264,1029.783203125,7.743
475.7015388350119,589.5380859375,8.765
476.023434163013,595.16259765625,9.424
476.3451710900117,595.16259765625,9.641
476.667547680001,456.79736328125,7.249
476.98956010100665,747.03515625,8.585
477.31154314801097,595.1630859375,9.153
477.63437658399926,595.1630859375,9.602
477.956538612023,456.7978515625,7.6
478.2806870260101,724.53564453125,8.041
478.60327981901355,494.0888671875,9.036
478.9263595030061,595.16357421875,9.424
479.24927835402195,626.798828125,9.269
479.5726632330043,1029.78466796875,7.743
479.89519100202597,589.5390625,8.726
480.21831610100344,595.1640625,9.463
480.54162059602095,595.1640625,9.563
480.86300514100003,456.798828125,7.093
481.1855264510086,729.85107421875,8.352
481.5079141590104,595.16455078125,9.191
481.8313682290027,595.16455078125,9.486
482.15390307700727,456.79931640625,7.86
482.47622525002225,724.537109375,8.119
482.7990617720061,595.1650390625,9.114
483.1214124590042,595.1650390625,9.447
483.44546722000814,482.65869140625,9.191
483.7672545990208,1029.7861328125,7.86
484.0902699440194,477.0341796875,8.959
484.41269458900206,595.16552734375,9.385
484.7351240980206,635.80078125,9.68
485.05811032501515,456.80029296875,7.21
485.3808410280035,747.0380859375,8.507
485.70294275600463,595.166015625,9.114
486.0258923119982,595.166015625,9.641
486.35025579400826,456.80078125,7.587
486.6729742750176,724.53857421875,8.196
486.9934688619978,595.16650390625,9.114
487.3161096480035,595.16650390625,9.525
487.64110953200725,489.70361328125,8.997
487.96506715001306,1029.78759765625,7.665
488.2879248080135,589.5419921875,8.765
488.61047887502355,595.1669921875,9.424
488.93298916402273,595.1669921875,9.602
489.25590618600836,456.8017578125,7.665
489.57789461000357,747.03955078125,8.585
489.90085313702,595.16748046875,9.346
490.22343783301767,595.16748046875,9.563
490.5470846350072,456.80224609375,7.327
490.8709736200108,724.5400390625,8.158
491.1927204100066,595.16796875,8.997
491.51481178501854,477.03857421875,9.525
491.8379211690044,489.705078125,8.818
492.1601256370195,1029.7890625,7.782
492.4823840590252,527.662109375,8.842
492.8043971310253,595.16845703125,9.308
493.12688397601596,595.16845703125,9.641
493.44764818801195,456.80322265625,7.587
493.76966395101044,747.041015625,8.507
494.0920943490055,595.1689453125,9.346
494.4149819750164,595.1689453125,9.525
494.7379234590044,456.8037109375,7.327
495.0601652150217,724.54150390625,8.391
495.3826478420233,595.16943359375,9.075
495.7057055240148,595.16943359375,9.525
496.02827452201745,489.70654296875,8.74
496.35065596501227,1029.79052734375,8.313
496.67414002801524,595.169921875,9.114
496.9950023300189,595.169921875,9.486
497.3192499340221,595.169921875,9.912
497.6398953059979,984.791015625,7.665
497.96216945402557,589.54541015625,8.624
498.28575026002363,510.7890625,9.346
498.60837779400754,595.17041015625,9.525
498.9306213520176,456.80517578125,7.444
499.25241389201256,724.54296875,8.352
499.57453665000503,595.1708984375,9.153
499.89697675799835,595.1708984375,9.563
500.21858715300914,456.8056640625,8.132
500.5431214920245,724.54345703125,8.235
500.86587434701505,499.55126953125,9.114
501.18859424302354,595.17138671875,9.447
501.51160621101735,595.306640625,9.269
501.836952956015,1029.79248046875,7.743
502.15963416500017,589.546875,8.803
502.482382866001,595.171875,9.463
502.80598419500166,595.171875,9.602
503.12946833801107,456.806640625,7.405
503.45170480399975,747.04443359375,8.546
503.7738221960026,595.17236328125,9.191
504.096060839016,595.17236328125,9.641
504.4218265780073,456.80712890625,7.522
504.74409063201165,724.544921875,8.43
505.0668979950133,595.1728515625,9.153
505.38943815400125,595.1728515625,9.563
505.71158495900454,489.7099609375,8.663
506.0337521810143,1029.7939453125,8.002
506.3559317580075,595.17333984375,8.842
506.6785810740257,595.17333984375,9.486
506.99973969801795,595.17333984375,9.834
507.3218140579993,984.79443359375,7.976
507.64511721700546,589.548828125,8.726
507.96803393401206,595.173828125,9.424
508.2903133580112,595.173828125,9.602
508.6109167730028,456.80859375,7.21
508.9330312020029,724.54638671875,8.274
509.2557103500003,595.17431640625,9.114
509.5786793930165,499.54296875,9.602
509.900601019006,477.04296875,8.235
510.22205786799896,1029.79541015625,8.196
510.544506293023,595.1748046875,9.036
510.86697996701696,595.1748046875,9.424
511.1908199810132,595.1748046875,9.834
511.51258816799964,984.7958984375,7.704
511.8351009490143,589.55029296875,8.571
512.1571046640165,595.17529296875,9.424
512.4790715150011,595.17529296875,9.525
512.8021097200108,456.81005859375,7.483
513.1263094580208,724.5478515625,8.43
513.4488437490072,493.92529296875,9.269
513.7711763080151,595.17578125,9.486
514.0943392870249,456.810546875,8.054
514.417310520017,724.54833984375,8.235
514.7400328180229,499.544921875,9.153
515.0633301070193,595.17626953125,9.486
515.386283358006,626.8115234375,9.269
515.7080724510015,1029.79736328125,7.743
516.0316172370221,589.5517578125,8.765
516.3543544530112,595.1767578125,9.447
516.6769717930001,595.1767578125,9.563
516.9988649250008,456.8115234375,7.327
517.3256989800138,747.04931640625,8.585
517.6486711480247,595.17724609375,9.191
517.9716639240214,595.17724609375,9.641
518.2955855900072,456.81201171875,7.548
518.617964850011,724.5498046875,8.352
518.941620365018,595.177734375,9.036
519.2644088860252,595.177734375,9.602
519.5861441960151,489.71484375,8.74
519.9085397470044,1029.798828125,7.782
520.2312384110119,595.17822265625,8.92
520.554469921015,595.17822265625,9.346
520.8776877030032,595.17822265625,9.718
521.2004175700131,456.81298828125,7.327
521.5228523910046,747.05078125,8.391
521.8454527840076,516.42236328125,9.23
522.1667775950045,595.1787109375,9.563
522.491018383007,456.8134765625,7.405
522.8137561260082,724.55126953125,8.196
523.1392216170207,595.17919921875,9.036
523.462131783017,595.17919921875,9.563
523.7840026589984,489.71630859375,8.779
524.1063012260129,1029.80029296875,7.847
524.4287248860055,595.1796875,8.92
524.7506726620195,595.1796875,9.385
525.0745283900178,595.1796875,9.796
525.3984895629983,456.814453125,7.704
525.720630114025,747.05224609375,8.687
526.042787051003,595.18017578125,9.269
526.3650330480014,621.1845703125,9.68
526.6898063700064,456.81494140625,7.132
527.0110443750164,724.552734375,8.391
527.3330592960119,510.79931640625,9.153
527.6569317670073,595.1806640625,9.447
527.9815694730205,492.40771484375,8.585
528.3047782510112,1029.8017578125,8.08
528.6274033970258,615.56640625,8.959
528.9504124899977,595.18115234375,9.385
529.2736509340175,595.18115234375,9.873
529.5953862059978,488.30029296875,7.587
529.9179633860185,779.74658203125,8.585
530.2409984990081,595.181640625,9.308
530.5630755420134,595.181640625,9.641
530.8855512500159,456.81640625,7.171
531.2074121600017,724.55419921875,8.313
531.5291971660045,595.18212890625,9.153
531.8508748730237,595.18212890625,9.486
532.1714714660193,492.53173828125,8.507
532.4951319450047,1029.80322265625,8.274
532.8185406410194,595.1826171875,9.036
533.1431881530152,595.1826171875,9.563
533.4654241820099,595.1826171875,9.757
533.7861768470029,984.8037109375,7.548
534.1088052710111,589.55810546875,8.585
534.4320429600193,488.31298828125,9.308
534.7546061360044,595.18310546875,9.525
535.0780614310061,456.81787109375,7.288
535.4001734300109,724.5556640625,8.313
535.7224661380169,595.18359375,9.075
536.0444126620132,488.30224609375,9.563
536.3675029599981,492.533203125,8.235
536.6894782220188,1029.8046875,7.821
537.009855974,595.18408203125,8.842
537.335471391998,595.18408203125,9.486
537.6574620820174,595.18408203125,9.834
537.9819480970036,456.81884765625,7.51
538.3041826660046,747.056640625,8.648
538.6267685090133,595.1845703125,9.191
538.9494686580147,516.42822265625,9.602
539.2707577340188,456.8193359375,7.171
539.5928029900242,724.55712890625,8.002
539.9151914850227,595.18505859375,8.92
540.2381833899999,716.8203125,9.525
540.5601248370076,489.72216796875,8.881
540.8825518329977,1029.80615234375,7.86
541.2052539720025,595.185546875,8.959
541.5273908830131,595.185546875,9.37
541.8506393730058,595.185546875,9.757
542.173672947014,580.21240234375,8.015
542.4966296880157,471.4375,8.726
542.820409042004,595.18603515625,9.346
543.1455267340061,595.18603515625,9.641
543.468939680024,456.82080078125,7.093
543.7915840640198,724.55859375,8.235
544.1133048420015,595.1865234375,9.153
544.4361036000191,595.1865234375,9.486
544.7584178340039,492.5361328125,8.352
545.0814830000163,1029.8076171875,7.899
545.4030471370206,595.18701171875,8.803
545.7262617160159,595.18701171875,9.408
546.0495065040013,595.18701171875,9.834
546.3738080880139,456.82177734375,7.626
546.6969655480061,747.0595703125,8.663
547.023635575024,595.1875,9.269
547.3468594390142,595.1875,9.68
547.6703796939983,456.822265625,7.288
547.9926516940177,724.56005859375,8.352
548.3169832680142,595.18798828125,9.153
548.6397284340055,499.556640625,9.602
548.9623812780192,507.8837890625,8.196
549.2852056800039,1029.80908203125,7.782
549.6070262500143,595.1884765625,8.765
549.9298576930014,595.1884765625,9.447
550.2514890440216,595.1884765625,9.834
550.5744495160179,456.8232421875,7.471
550.8963867950079,747.06103515625,8.585
551.2190337250067,595.18896484375,9.23
551.541895382019,599.638671875,9.602
551.8631639740197,456.82373046875,7.249
552.1859289249987,724.5615234375,8.196
552.5079007380118,595.189453125,8.997
552.8301119480166,595.189453125,9.563
553.1529213190079,489.7265625,8.896
553.4746176070184,1029.810546875,7.743
553.797169404017,505.365234375,8.881
554.1195827030169,595.18994140625,9.331
554.4421044220217,499.55859375,9.718
554.7651303770253,456.82470703125,7.276
555.0889602890238,747.0625,8.507
555.4119124530116,599.5048828125,9.269
555.7351087830029,595.1904296875,9.525
556.0598118710041,456.8251953125,7.483
556.3825607040199,724.56298828125,8.274
556.7047114419984,595.19091796875,9.036
557.025325759023,595.19091796875,9.641
557.3476859120128,489.72802734375,8.881
557.6697146660008,1029.81201171875,7.886
557.9922772890131,595.19140625,8.959
558.3143193249998,595.19140625,9.408
558.6371032360184,595.19140625,9.796
558.9598855460063,456.826171875,7.704
559.2826158899989,747.06396484375,8.803
559.604415490001,595.19189453125,9.308
559.9270672400016,612.06640625,9.718
560.2471552480129,456.82666015625,7.821
560.5688420800143,724.564453125,8.585
560.8910774060059,626.82763671875,9.346
561.2137544080033,595.1923828125,9.602
561.5352820060216,456.8271484375,8.054
561.8571152760123,724.56494140625,8.235
562.1813465270097,595.193359375,9.153
562.5035881299991,595.19287109375,9.486
562.8263319210091,595.19287109375,9.308
563.1479959100252,1029.81396484375,7.665
563.4710926719999,589.568359375,8.765
563.7933509490103,595.193359375,9.269
564.1146932679985,595.193359375,9.718
564.4358359680045,456.828125,7.548
564.7586772700015,747.06591796875,8.648
565.0817769470159,595.19384765625,9.23
565.4044963600172,516.443359375,9.68
565.7264244580001,456.82861328125,7.626
566.0486292350106,724.56640625,8.235
566.3704517960141,595.1943359375,9.114
566.6925244750164,595.1943359375,9.447
567.0157089260174,489.7314453125,9.114
567.3432386080094,1029.8154296875,7.963
567.666380309005,595.19482421875,8.959
567.9890682700207,595.19482421875,9.408
568.3114011520229,595.19482421875,9.796
568.6331797490129,456.82958984375,7.432
568.9559953310236,747.0673828125,8.468
569.2790600420267,595.1953125,9.308
569.6012318990252,595.1953125,9.525
569.9228384930175,456.830078125,7.288
570.2467880920158,724.56787109375,8.391
570.5704878290126,599.51025390625,9.114
570.8958417520043,595.19580078125,9.447
571.2194916660083,494.9541015625,8.546
571.541532675008,1029.81689453125,7.626
571.8634583230014,595.1962890625,8.842
572.1853036810062,595.1962890625,9.331
572.5087380080076,510.81494140625,9.68
572.832055884006,456.8310546875,7.21
573.1591774090193,747.06884765625,8.507
573.4813115140132,595.19677734375,9.191
573.8037974670005,595.19677734375,9.602
574.128414419014,456.83154296875,7.561
574.4513551060227,724.5693359375,8.391
574.7738172860118,595.197265625,9.075
575.0984864330094,595.197265625,9.602
575.4215062280127,489.734375,8.701
575.74354033501,1029.818359375,7.665
576.0682338370243,595.19775390625,8.881
576.3902334490267,595.19775390625,9.346
576.7124079460045,595.19775390625,9.718
577.0356079400226,456.83251953125,7.626
577.3579979330243,747.0703125,8.61
577.6807319010259,595.1982421875,9.269
578.0036988360225,595.1982421875,9.641
578.3265599780134,456.8330078125,7.288
578.6488267700188,724.57080078125,8.313
578.9717241370236,595.19873046875,9.075
579.2938789910113,595.19873046875,9.602
579.6161799620022,489.73583984375,8.701
579.9390829949989,1029.81982421875,7.86
580.2610740080127,595.19921875,8.92
580.5836808760068,595.19921875,9.408
580.9055472140026,595.19921875,9.718
581.2289756730024,456.833984375,7.782
581.5518154770252,747.07177734375,8.726
581.8741737329983,595.19970703125,9.269
582.1954764450202,595.19970703125,9.718
582.520291917026,456.83447265625,7.249
582.8428255400213,724.572265625,8.313
583.1651485030015,595.2001953125,9.191
583.4870980490232,595.2001953125,9.486
583.8106823890121,492.5498046875,8.352
584.1336865550256,1029.8212890625,8.119
584.4567189780064,595.20068359375,9.036
584.7787124640017,595.20068359375,9.37
585.1009554930206,595.20068359375,9.951
585.4240490410011,1052.3212890625,7.587
585.7463896730042,499.59228515625,8.546
586.0686752970214,595.201171875,9.269
586.3908192870149,595.201171875,9.602
586.7141758520156,456.8359375,6.976
587.0358953190153,724.57373046875,8.119
587.3591690040193,595.20166015625,8.92
587.6820628390124,595.20166015625,9.486
588.0057106450258,489.73876953125,8.818
588.3304002390068,1029.82275390625,7.821
588.6528915700037,595.2021484375,8.92
588.9753840210033,595.2021484375,9.346
589.2980165420158,595.2021484375,9.757
589.6196198210237,456.8369140625,7.288
589.9429404870025,747.07470703125,8.391
590.2657953840098,626.837890625,9.269
590.5886701850104,595.20263671875,9.525
590.9125728200015,456.83740234375,7.366
591.2355772900046,724.5751953125,8.352
591.5583022650098,595.203125,9.036
591.8804939149995,595.203125,9.602
592.2024374650209,489.740234375,8.818
592.5247862410033,1029.82421875,7.782
592.8472681720159,595.20361328125,8.881
593.1731258380169,595.20361328125,9.37
593.4956943660218,595.20361328125,9.757
593.8168207140116,456.83837890625,7.315
594.1392539110093,747.076171875,8.507
594.4616773500165,595.2041015625,9.308
594.7852770420141,595.2041015625,9.525
595.1081321400125,456.8388671875,7.366
595.4302244040009,724.57666015625,8.235
595.7532869970019,595.20458984375,8.959
596.0756896380044,595.20458984375,9.563
596.397244450025,489.74169921875,8.803
596.719146568008,1029.82568359375,7.743
597.0408224400016,493.95458984375,8.92
597.3624410330085,595.205078125,9.37
597.6854886540095,626.84033203125,9.68
598.0081050000153,456.83984375,7.393
598.331401301024,747.07763671875,8.507
598.6553565940121,621.2158203125,9.308
598.9780454240099,595.20556640625,9.525
599.3010866490076,456.84033203125,7.444
599.6235827400233,724.578125,8.235
599.9475633160037,595.2060546875,8.997
600.269904301007,595.2060546875,9.602
600.5928847270261,489.7431640625,8.818
600.9148341180116,1029.8271484375,7.704
601.2372687710158,482.7001953125,8.881
601.5600148890226,595.20654296875,9.346
601.8820523809991,696.45654296875,9.641
602.2038221230032,456.84130859375,7.288
602.5277800180193,747.0791015625,8.507
602.8506675170211,595.20703125,9.114
603.1734764870198,595.20703125,9.641
603.4958057670156,456.84228515625,7.51
603.8183548920206,1029.703125,7.237
604.1406739000231,595.08251953125,8.648
604.4628354650049,595.08251953125,9.23
604.7861644840159,595.08251953125,9.641
605.1097756230156,456.716796875,7.471
605.4324671229988,746.95458984375,8.507
605.7551473920175,595.08251953125,9.308
606.0775844550226,595.08251953125,9.602
606.3999482050131,456.71728515625,7.249
606.7221507680079,724.455078125,8.352
607.0454078210169,595.0830078125,9.153
607.367846232024,595.0830078125,9.563
607.6893077540153,489.6201171875,8.663
608.0108697910036,1029.7041015625,8.041
608.3334046860109,595.08349609375,8.959
608.6556664220116,595.08349609375,9.486
608.9781726119982,595.08349609375,9.834
609.299289490009,984.70458984375,7.782
609.6221881720121,471.32958984375,8.61
609.944380245026,595.08447265625,9.269
610.266170613002,595.083984375,9.641
610.5892098130134,456.71875,7.054
610.9112487000239,724.45654296875,8.274
611.2339799580222,595.08447265625,9.191
611.555990110006,595.08447265625,9.447
611.8804138590058,492.43408203125,8.468
612.2033614450193,1029.70556640625,8.196
612.5256749350228,595.0849609375,9.075
612.8483633139986,595.0849609375,9.37
613.1757355890004,510.70947265625,9.912
613.4974746030057,984.7060546875,7.86
613.8197764460056,589.46044921875,8.726
614.1408222280152,595.08544921875,9.37
614.4635321480164,595.08544921875,9.602
614.7869742140174,456.72021484375,7.432
615.1105289250263,927.9580078125,8.546
615.4332746240252,595.0859375,9.308
615.755741372006,595.0859375,9.525
616.0770173380151,456.720703125,7.86
616.3990961430245,724.45849609375,8.196
616.7217466100119,595.08642578125,9.114
617.0441926240164,595.08642578125,9.447
617.3685490240168,510.705078125,9.23
617.6910001270007,1029.70751953125,7.587
618.0137599110021,589.4619140625,8.726
618.3361305030121,595.0869140625,9.346
618.6578380380233,595.0869140625,9.68
618.9830555820081,456.7216796875,7.132
619.3058621230011,724.45947265625,8.352
619.6290400330035,595.08740234375,9.23
619.9518520460115,595.08740234375,9.447
620.2747559040145,456.72216796875,7.86
620.5989668980183,724.4599609375,8.041
620.9209871170169,595.087890625,8.92
621.2433412670216,595.087890625,9.525
621.5652313410246,595.087890625,9.424
621.8864634140045,1029.708984375,7.704
622.2086325359996,589.46337890625,8.803
622.530610486021,595.08837890625,9.269
622.8533043260104,595.08837890625,9.68
623.1790276850224,456.72314453125,7.249
623.5018859150005,724.4609375,8.352
623.82453188402,595.0888671875,9.23
624.1466617130209,595.0888671875,9.563
624.4690613420098,456.7236328125,7.899
624.7914934840228,600.7080078125,8.119
625.1140326050227,595.08935546875,8.959
625.4365729440178,494.0146484375,9.525
625.7595791180211,595.08935546875,9.563
626.0822852540005,984.71044921875,7.704
626.4051589470182,589.46484375,8.648
626.7273447500193,595.08984375,9.308
627.0501571300265,595.08984375,9.68
627.3726647360018,456.724609375,7.366
627.6952152230078,724.46240234375,8.352
628.0179448499985,621.0947265625,9.269
628.3411044430104,595.09033203125,9.563
628.6650214300025,456.72509765625,7.976
628.9877113790135,724.462890625,8.158
629.3101017370063,621.09521484375,9.114
629.6335020420083,595.0908203125,9.447
629.9557871500147,595.09130859375,9.269
630.2783320110175,1029.7119140625,7.743
630.6010000740062,589.46630859375,8.765
630.9240809170005,599.40576171875,9.385
631.2459520020057,595.09130859375,9.641
631.5665335830126,456.72607421875,7.288
631.8896655010176,578.21337890625,8.493
632.2110729280103,595.091796875,9.269
632.5335511990124,595.091796875,9.563
632.8555649150221,456.7265625,7.704
633.1814024400082,724.46435546875,8.08
633.5036201630137,696.34228515625,9.036
633.8260689630115,595.09228515625,9.408
634.1503453630139,595.09228515625,9.308
634.4731512300204,1029.71337890625,7.743
634.7955054060149,589.4677734375,8.726
635.1210391840141,493.84228515625,9.486
635.4438329570112,595.0927734375,9.602
635.7665809050086,456.7275390625,7.132
636.0893050130107,589.46484375,8.43
636.4110726180079,595.09326171875,9.153
636.733457615017,595.09326171875,9.525
637.0556703199982,456.72802734375,7.86
637.3781560890202,724.4658203125,8.43
637.7006694750162,595.09375,9.114
638.022290679015,516.33740234375,9.563
638.3450443290058,489.630859375,8.92
638.6676442470052,1029.71484375,7.665
638.9920375549991,630.1044921875,8.803
639.3137496440031,595.09423828125,9.331
639.6356791150174,595.09423828125,9.641
639.9589844940056,456.72900390625,7.315
640.281255703012,746.966796875,8.546
640.6037919759983,595.0947265625,9.23
640.9258751489979,595.0947265625,9.602
641.2510995550256,456.7294921875,7.51
641.573398448003,724.46728515625,8.507
641.8955159920151,595.09521484375,9.269
642.2171263880155,595.09521484375,9.525
642.5387133920158,495.134765625,8.546
642.861068896018,1029.71630859375,7.963
643.1853194580181,595.095703125,8.959
643.508520169009,595.095703125,9.447
643.8306114760053,595.095703125,9.796
644.1567794959992,456.73046875,7.548
644.4791802850086,746.96826171875,8.648
644.8019044100074,595.09619140625,9.23
645.1249533130031,595.09619140625,9.68
645.4498742640135,456.73095703125,7.132
645.7721609720029,724.46875,8.274
646.0939319239988,595.0966796875,9.191
646.4156497229997,595.0966796875,9.447
646.7375744720048,492.4462890625,8.43
647.059373170021,1029.7177734375,7.769
647.381460197008,595.09716796875,8.803
647.704473839025,595.09716796875,9.331
648.0264788159984,595.09716796875,9.718
648.3476023320109,456.73193359375,7.432
648.6697074740077,746.9697265625,8.507
648.9930716550152,595.09765625,9.308
649.3149264560197,595.09765625,9.563
649.6407062850194,456.732421875,7.288
649.9630703470029,724.47021484375,8.391
650.2862139820063,516.341796875,9.191
650.608539613022,595.09814453125,9.447
650.930155946,495.1259765625,8.546
651.2519440600008,1029.71923828125,7.626
651.5738681150251,595.0986328125,8.803
651.8954224320187,595.0986328125,9.292
652.2167020550114,716.73388671875,9.641
652.5392443670135,456.7333984375,7.393
652.8628611390013,746.97119140625,8.468
653.1860835020198,626.734375,9.308
653.5089749130129,595.09912109375,9.563
653.8339544410119,456.73388671875,7.366
654.1568072280206,724.4716796875,8.352
654.4786815910193,595.099609375,8.997
654.8012706279987,595.099609375,9.525
655.1248112750181,489.63671875,8.857
655.4476124470239,1029.720703125,7.548
655.7698892860208,589.47509765625,8.687
656.0921703180065,595.10009765625,9.408
656.4144576880208,595.10009765625,9.602
656.7381133160088,456.716796875,6.898
657.0600460210117,724.45458984375,8.196
657.3850462610135,626.7177734375,9.153
657.7078246210003,595.08251953125,9.447
658.0301775620028,456.716796875,7.938
658.3553012640041,1029.703125,8.08
658.677389272023,595.08251953125,8.881
659.0008608360076,595.08251953125,9.37
659.324656665005,595.08251953125,9.68
659.6475282790198,1029.70361328125,7.782
659.971467601019,589.4580078125,8.803
660.2940635300183,595.0830078125,9.292
660.6168617680087,595.0830078125,9.68
660.9391780090227,456.7177734375,7.249
661.260553717002,724.45556640625,8.352
661.5834881839983,516.3330078125,9.23
661.9053346560104,595.08349609375,9.486
662.2267851830111,456.71826171875,8.015
662.5498588560149,533.20263671875,8.158
662.8722195500159,595.083984375,8.92
663.1987356170139,516.33349609375,9.563
663.5221190270095,595.083984375,9.502
663.8442752070259,1029.705078125,7.743
664.1660181280167,589.45947265625,8.842
664.489142462,595.08447265625,9.308
664.8120241020224,595.08447265625,9.718
665.1365836420155,456.71923828125,7.132
665.4588509320165,724.45703125,8.235
665.7812839219987,595.0849609375,9.114
666.1034866030095,595.0849609375,9.563
666.4261903220031,456.7197265625,8.054
666.7485411360103,1029.7060546875,8.041
667.0702037090086,595.08544921875,9.036
667.391978478001,595.08544921875,9.408
667.7143662870221,595.08544921875,9.834
668.0354873110191,1029.70654296875,7.899
668.3580507750157,589.4609375,8.92
668.6807731540175,595.0859375,9.346
669.0034748610051,595.0859375,9.718
669.3264262400044,456.720703125,7.249
669.6487030730059,724.45849609375,8.313
669.9718645700195,516.3359375,9.23
670.2940536270034,595.08642578125,9.525
670.6158264490077,456.72119140625,7.938
670.938782502024,724.458984375,8.158
671.2609412250167,595.0869140625,8.997
671.584067268006,595.0869140625,9.525
671.9055897820217,595.0869140625,9.563
672.2272405570257,1029.7080078125,8.08
672.5502850960183,650.34765625,8.997
672.872576431022,595.08740234375,9.408
673.197839556,599.40185546875,9.796
673.5190865470213,456.72216796875,7.393
673.8420363970217,746.9599609375,8.468
674.1643591610191,595.087890625,9.23
674.4870906709984,595.087890625,9.602
674.810723741015,456.72265625,7.51
675.1339394570095,724.46044921875,8.196
675.4564130110084,595.08837890625,9.036
675.7790408730216,599.40283203125,9.525
676.1008508910018,489.62548828125,8.997
676.422485417017,1029.70947265625,7.886
676.746039671998,595.0888671875,8.959
677.0682960390113,595.0888671875,9.408
677.3926038510108,595.0888671875,9.796
677.7145761160064,456.7236328125,7.393
678.0364972440002,746.96142578125,8.454
678.3599290359998,516.3388671875,9.331
678.6822261750058,595.08935546875,9.525
679.0051111050125,456.72412109375,7.405
679.3268927760073,724.4619140625,8.391
679.6496348570217,595.08984375,9.114
679.9719288290071,595.08984375,9.525
680.2956249520066,489.626953125,8.74
680.6185346540005,1029.7109375,7.924
680.9424069730157,595.09033203125,8.842
681.2648341680178,476.966796875,9.486
681.5874407930241,595.09033203125,9.796
681.9075894340058,456.72509765625,7.432
682.2295337070245,746.962890625,8.571
682.5536617480102,595.0908203125,9.269
682.8769943770021,595.0908203125,9.602
683.2032674340007,456.7255859375,7.21
683.5261131080042,724.46337890625,8.391
683.8484035680012,595.09130859375,9.191
684.1707908000099,595.09130859375,9.486
684.4945019700099,471.3349609375,8.507
684.8174884170003,1029.71240234375,8.119
685.1407550970034,595.091796875,9.075
685.4624782180181,595.091796875,9.447
685.7856371520029,595.091796875,9.912
686.1063727600267,984.712890625,7.626
686.4286239600042,623.2109375,8.571
686.7506620350177,595.09228515625,9.308
687.0725685869984,595.09228515625,9.68
687.3967112620012,456.72705078125,7.249
687.7200159630156,724.46484375,8.274
688.0422315160104,595.0927734375,9.114
688.3651831540046,696.3427734375,9.563
688.6876568600128,492.4423828125,8.274
689.0101900870213,1029.7138671875,8.08
689.3329688580125,595.09326171875,9.075
689.6550060110167,595.09326171875,9.408
689.9780482770002,595.09326171875,9.834
690.3004236790002,984.71435546875,7.704
690.6223913910217,589.46875,8.61
690.9453073840123,595.09375,9.385
691.2672627140128,595.09375,9.563
691.5907840670261,456.728515625,6.976
691.9123661400226,724.46630859375,8.274
692.2347242970136,595.09423828125,9.191
692.5587883230182,595.09423828125,9.447
692.8819155240199,492.44384765625,8.391
693.2069413680001,1029.71533203125,8.041
693.5297460350266,510.71337890625,8.997
693.8540457490017,595.0947265625,9.346
694.1777011910162,626.72998046875,9.912
694.4987031890196,465.7138671875,7.51
694.8229182630021,752.28173828125,8.585
695.1469584840233,595.09521484375,9.308
695.469460747001,595.09521484375,9.641
695.7924198860128,456.72998046875,7.171
696.1151830840099,724.4677734375,8.352
696.4393078870198,595.095703125,9.153
696.7616974760022,595.095703125,9.525
697.0859437870095,492.4453125,8.391
697.4077981640003,1029.716796875,7.938
697.730584022007,595.09619140625,8.92
698.0517683990183,595.09619140625,9.525
698.3750602870132,595.09619140625,9.873
698.6960093950038,984.71728515625,7.821
699.018400941015,589.4716796875,8.648
699.3408594340144,476.96728515625,9.408
699.66449443702,595.0966796875,9.563
699.988650830026,456.7314453125,6.937
700.310895431001,724.46923828125,8.274
700.6354489230143,595.09716796875,9.114
700.9572842020134,595.09716796875,9.447
701.2805368950067,492.44677734375,8.43
701.6026738790097,1029.71826171875,7.704
701.9267711690045,595.09765625,8.803
702.249865395017,599.54736328125,9.486
702.571773223026,595.09765625,9.757
702.8951846420241,456.732421875,7.587
703.2170776870043,746.97021484375,8.726
703.5392890119983,595.09814453125,9.269
703.8621664990205,615.4833984375,9.641
704.186357397004,456.73291015625,7.249
704.5086564700177,724.470703125,8.391
704.8338987239986,595.0986328125,9.191
705.1556282149977,595.0986328125,9.486
705.4768716790131,491.04150390625,8.585
705.7989413090108,724.47119140625,8.43
706.1206457450171,595.09912109375,9.191
706.4436127110093,595.09912109375,9.602
706.765443072014,595.09912109375,9.424
707.087980588025,984.72021484375,7.393
707.4122050279984,578.21826171875,8.507
707.7344901230244,595.10009765625,9.23
708.0555939390033,595.099609375,9.602
708.3778415940178,456.734375,7.132
708.7006216790178,724.47216796875,8.352
709.0233772510255,595.10009765625,9.153
709.3469531350129,595.10009765625,9.486
709.6688785110018,492.44970703125,8.468
709.9910636380082,1029.72119140625,7.924
710.3135402949993,595.1005859375,8.881
710.6360937530117,595.1005859375,9.486
710.9583015070239,595.1005859375,9.834
711.2818627369998,465.7197265625,7.665
711.604821808025,779.666015625,8.61
711.9273615720158,595.10107421875,9.269
712.2495829609979,595.10107421875,9.68
712.5747864750156,456.73583984375,7.015
712.8971895010036,724.4736328125,8.235
713.2201813760039,488.2314453125,9.114
713.5429169240233,595.1015625,9.447
713.8646491500258,489.638671875,8.585
714.1865463100257,1029.72265625,8.002
714.5082086480106,595.10205078125,8.881
714.8323259620229,595.10205078125,9.486
715.1562657680188,595.10205078125,9.873
715.4788130270026,456.73681640625,7.471
715.8021745470178,746.974609375,8.624
716.124788561021,595.1025390625,9.269
716.4473331010086,635.73779296875,9.641
716.7695063360152,456.7373046875,7.249
717.0917350610252,724.47509765625,8.468
717.4146001870104,595.10302734375,9.269
717.7365743150003,595.10302734375,9.486
718.0615096400143,479.9716796875,8.507
718.383518298011,1029.72412109375,8.119
718.7061394190241,493.85302734375,9.036
719.0288349120237,595.103515625,9.408
719.3511232270102,488.22216796875,9.912
719.6722740080149,989.0390625,7.976
719.9943472779996,589.47900390625,8.803
720.316115965019,595.10400390625,9.331
720.6381638910098,595.10400390625,9.641
720.9602725230216,456.73876953125,7.093
721.2820855970203,724.4765625,8.196
721.6044035800151,595.1044921875,9.075
721.9262200470257,595.1044921875,9.641
722.249619211012,468.55517578125,8.235
722.5729190780257,1029.7255859375,7.924
722.8970536210109,533.2236328125,8.92
723.2221168630058,595.10498046875,9.37
723.5451847890217,476.9755859375,9.873
723.867227152019,465.72412109375,7.471
724.1901213150122,752.2919921875,8.61
724.5123234920029,595.10546875,9.269
724.8347859960049,595.10546875,9.641
725.1637785900093,456.740234375,7.015
725.4862775760121,724.47802734375,8.274
725.8091170200205,595.10546875,9.153
726.1310948420141,595.10595703125,9.486
726.4522946280194,471.353515625,8.546
726.7747634400148,1029.72705078125,8.196
727.0976010610175,595.1064453125,9.153
727.4193067830056,595.1064453125,9.447
727.7418285250023,595.1064453125,9.912
728.063784877013,984.7275390625,7.782
728.3863545590139,589.48193359375,8.648
728.7088761110208,595.10693359375,9.408
729.031428864022,595.10693359375,9.563
729.3540284040209,456.74169921875,7.366
729.6773075780075,724.4794921875,8.352
729.9992295960255,595.107421875,9.153
730.3215671150247,595.107421875,9.641
730.6444399430184,456.7421875,8.093
730.9666713150218,1029.728515625,8.041
731.2889344980067,595.10791015625,9.036
731.6124465450121,595.10791015625,9.408
731.9364751810208,595.10791015625,9.873
732.2570078560093,984.72900390625,7.626
732.5798612310027,623.22705078125,8.585
732.9033688640047,595.1083984375,9.269
733.2274419840251,595.1083984375,9.602
733.5502065590117,456.7431640625,7.249
733.8731787550205,724.48095703125,8.235
734.1948661190108,595.10888671875,9.114
734.5174967400089,635.744140625,9.563
734.8400757750205,492.458984375,8.274
735.1633414220123,1029.72998046875,8.119
735.4858827940188,595.109375,9.036
735.8078579750145,595.109375,9.37
736.1319645730255,595.109375,9.912
736.454180339002,1029.73046875,8.041
736.7776394640096,589.48486328125,8.881
737.0999424330075,516.359375,9.563
737.4222733070201,595.10986328125,9.68
737.7448371470091,456.74462890625,7.093
738.0675783360202,724.48291015625,8.352
738.3905961100245,595.1103515625,9.269
738.7124317730195,595.1103515625,9.486
739.0340646780096,456.7451171875,7.821
739.3566644590173,724.48291015625,8.158
739.6798017570109,494.2119140625,9.153
740.0026927770232,595.11083984375,9.447
740.324998119002,482.6044921875,9.23
740.6484663720184,1029.73193359375,7.743
740.9707629780169,589.486328125,8.765
741.2936118560028,595.111328125,9.486
741.6154913330101,595.111328125,9.602
741.9370497770142,456.74609375,7.393
742.2600848380243,746.98388671875,8.61
742.5824370640039,595.11181640625,9.191
742.9052101340203,595.11181640625,9.68
743.2288287630072,456.74658203125,7.665
743.5513611240021,724.484375,8.235
743.8747015060217,595.1123046875,9.036
744.1968036809994,595.1123046875,9.563
744.5204046800209,489.6494140625,8.997
744.8444152250013,1029.7333984375,7.665
745.1668822110223,589.48779296875,8.803
745.4895425790164,595.11279296875,9.408
745.8124850020104,595.11279296875,9.602
746.1342555230076,456.74755859375,7.132
746.4574931230163,746.9853515625,8.43
746.7805772150168,595.11328125,9.114
747.1034637670091,635.74853515625,9.641
747.4249010659987,456.748046875,7.743
747.747763426014,724.48583984375,8.119
748.0704342940007,595.11376953125,9.114
748.3941831109987,595.11376953125,9.447
748.7174425070116,488.244140625,9.153
749.0402725160238,1029.73486328125,7.704
749.3627636380261,589.4892578125,8.765
749.6856367849978,595.1142578125,9.447
750.0080114240118,595.1142578125,9.602
750.3298502420075,456.7490234375,7.054
750.6525320580113,724.48681640625,8.274
750.9753506780253,595.11474609375,9.191
751.2972890530073,595.11474609375,9.525
751.6191205120122,456.74951171875,7.899
751.9412682680122,724.4873046875,8.274
752.2645515430195,595.115234375,9.191
752.5867143729993,595.115234375,9.447
752.9090790000046,489.65234375,9.114
753.2310468500073,1029.736328125,7.626
753.553346708999,589.49072265625,8.687
753.8754619880056,595.11572265625,9.292
754.1974955370242,595.11572265625,9.718
754.5207928950258,456.75048828125,7.327
754.8430468029983,510.73876953125,8.468
755.1665372230054,595.1162109375,9.23
755.4890166420082,595.1162109375,9.563
755.8104487060045,456.7509765625,7.743
756.1331998770183,724.48876953125,8.196
756.4570242600166,595.11669921875,9.153
756.7793751650024,595.11669921875,9.447
757.1034575400117,489.65380859375,9.191
757.4249570330139,1029.73779296875,7.665
757.747152031021,589.4921875,8.726
758.069398008025,656.00244140625,9.37
758.3918660070049,595.1171875,9.641
758.713126423012,456.751953125,7.327
759.0358042840089,746.98974609375,8.546
759.3578125290223,595.11767578125,9.23
759.6804690470162,615.5029296875,9.602
760.0017147760082,456.75244140625,7.743
760.3252682470193,724.490234375,8.119
760.6489702330146,510.73681640625,9.114
760.9717166110058,595.1181640625,9.447
761.2938740469981,488.25927734375,9.269
761.6159215280204,1029.7392578125,7.743
761.9404347689997,589.49365234375,8.765
762.2630489860021,626.75390625,9.447
762.586003245,595.11865234375,9.641
762.9073947420111,456.75341796875,7.327
763.2330588010082,746.9912109375,8.585
763.5564699360111,595.119140625,9.191
763.8793030730158,476.98779296875,9.641
764.2018437549996,456.75390625,7.704
764.5244700720068,724.49169921875,8.43
764.8472186640138,595.11962890625,9.114
765.1704104360251,595.11962890625,9.641
765.4926310480223,489.65673828125,8.803
765.814381344011,1029.74072265625,7.743
766.136398622999,595.1201171875,8.92
766.4580599580077,595.1201171875,9.331
766.7804810880043,510.73876953125,9.68
767.1057590940036,456.7548828125,7.249
767.4294493150082,746.99267578125,8.468
767.751646698016,595.12060546875,9.191
768.0740900390083,595.12060546875,9.641
768.3972360230109,456.75537109375,7.548
768.7207284489996,724.4931640625,7.963
769.0430382520135,488.23974609375,9.036
769.3650332960242,595.12109375,9.447
769.6877459590032,716.75634765625,9.269
770.0101756070217,1029.7421875,7.886
770.3324253790197,482.615234375,8.997
770.6552560940036,595.12158203125,9.37
770.9783534730086,626.7568359375,9.718
771.2990220210049,456.75634765625,7.587
771.6217826880165,746.994140625,8.546
771.944828067004,595.1220703125,9.37
772.2660614310007,595.1220703125,9.602
772.5889690480253,456.7568359375,7.366
772.9117065160244,724.49462890625,8.352
773.2354264750029,595.12255859375,9.153
773.557996996009,595.12255859375,9.563
773.8805039639992,489.65966796875,8.663
774.2035022090131,1029.74365234375,7.924
774.5260944930196,595.123046875,8.881
774.8494856450125,615.50830078125,9.486
775.1720531930041,595.123046875,9.834
775.4942267459992,456.7578125,6.976
775.816885177017,746.99560546875,8.43
776.1394566940144,595.12353515625,9.114
776.4618213900249,595.12353515625,9.641
776.7838955190091,456.75830078125,7.587
777.1057428590138,724.49609375,8.119
777.4315311980026,595.1240234375,9.153
777.7536289130221,595.1240234375,9.447
778.0765250180266,477.00439453125,9.191
778.3981402250065,1029.7451171875,7.626
778.7204450190184,589.49951171875,8.765
779.0425398560183,595.12451171875,9.269
779.3658673340105,595.12451171875,9.718
779.6910746369977,456.75927734375,7.054
780.0136903210077,724.4970703125,8.196
780.3357697680185,595.125,9.153
780.65836970901,595.125,9.563
780.9803078080004,456.759765625,8.054
781.3016147880116,1029.74609375,8.196
781.6237949430069,595.12548828125,8.959
781.9462498900248,615.5107421875,9.525
782.2684492150147,595.12548828125,9.757
782.5916885670158,984.74658203125,7.782
782.9141803160019,589.5009765625,8.765
783.2408989920223,595.1259765625,9.292
783.5637795530201,510.74462890625,9.68
783.8852624450228,456.7607421875,7.093
784.2070494420186,724.49853515625,8.235
784.5299734610016,595.12646484375,9.075
784.8532191840059,595.12646484375,9.563
785.1759786879993,456.76123046875,8.171
785.4985077860183,1079.84423828125,8.235
785.8212309380178,595.126953125,8.959
786.1433423300041,595.126953125,9.563
786.4653731440194,595.126953125,9.602
786.7867685820092,1029.748046875,7.743
787.1083529860189,589.50244140625,8.842
787.4358362010098,595.12744140625,9.292
787.7583581020008,595.12744140625,9.718
788.0836935810221,456.76220703125,7.249
788.4059152200061,724.5,8.43
788.728618631023,595.1279296875,9.269
789.0506124880048,595.1279296875,9.486
789.3733839670022,456.7626953125,7.86
789.6959834090085,724.50048828125,8.158
790.0184324470174,494.2294921875,9.075
790.3412540400168,595.12841796875,9.447
790.6636212860176,716.763671875,9.269
790.9858139030111,1029.74951171875,7.626
791.3081568610214,589.50390625,8.726
791.6306627670128,595.12890625,9.346
791.9537852980138,595.12890625,9.718
792.2775209980027,456.763671875,7.327
792.6002287680167,792.0009765625,8.468
792.921997952013,595.12939453125,9.191
793.2471956119989,595.12939453125,9.641
793.5708833770186,456.76416015625,7.743
793.8943966730149,724.501953125,8.235
794.2182978840137,595.1298828125,9.114
794.5408465159999,595.13037109375,9.486
794.8653104620171,489.6669921875,8.92
795.1872507910011,1029.7509765625,7.847
795.5099723890016,595.13037109375,8.959
795.8320998280251,595.13037109375,9.331
796.1538457210117,595.13037109375,9.796
796.4769623710017,456.76513671875,7.354
796.8002379050013,747.0029296875,8.468
797.1235646410205,499.68115234375,9.346
797.4458737189998,595.130859375,9.563
797.7695668660162,456.765625,7.405
798.0912645360222,724.50341796875,8.352
798.4133345380251,595.13134765625,9.075
798.7363659400144,595.13134765625,9.563
799.0589037300088,489.66845703125,8.74
799.3831122850243,1029.75244140625,7.548
799.7053574919992,589.5068359375,8.687
800.0279930780234,595.1318359375,9.346
800.350237199018,595.1318359375,9.602
800.6740008160123,456.7666015625,7.432
800.9988147320109,747.00439453125,8.507
801.3231618860154,626.767578125,9.308
801.6456380140153,595.13232421875,9.525
801.9689240520238,456.76708984375,7.405
802.2905351670051,724.5048828125,7.963
802.6134761410067,599.58251953125,8.997
802.9358947010187,595.1328125,9.408
803.25871202501,595.1328125,9.346
803.5824858540145,1029.75390625,7.821
803.905188616016,589.50830078125,8.803
804.2280807589996,595.13330078125,9.486
804.5501265440253,595.13330078125,9.602
804.8717999680084,456.76806640625,7.21
805.195595304016,747.005859375,8.585
805.5198095640226,595.1337890625,9.191
805.8427907029982,595.1337890625,9.68
806.1661610060255,456.716796875,7.665
806.4892064040178,724.45458984375,8.002
806.8113733479986,595.08251953125,8.881
807.1354110930115,595.08251953125,9.563
807.4578001240152,595.08251953125,9.502
807.7790365480178,984.703125,7.548
808.1009008930123,589.45751953125,8.571
808.4235114350158,595.08251953125,9.37
808.7453762610094,595.08251953125,9.563
809.0677443650202,456.71728515625,7.327
809.39034326002,724.455078125,8.352
809.7126621160132,595.0830078125,9.114
810.0356677100062,595.0830078125,9.563
810.3579673030181,456.7177734375,8.171
810.6799544390233,724.45556640625,8.235
811.0031303110009,595.08349609375,9.036
811.3273480670177,595.08349609375,9.563
811.6498958599987,595.08349609375,9.385
811.9716415830189,1029.70458984375,7.704
812.2931273970171,589.458984375,8.842
812.6150255420071,595.083984375,9.292
812.9379593940102,595.083984375,9.718
813.2618874180189,456.71875,7.249
813.5849273860222,724.45654296875,8.391
813.9082896990003,595.08447265625,9.23
814.2314669199986,595.08447265625,9.525
814.553632434021,456.71923828125,7.86
814.876326379017,724.45703125,8.196
815.1989055060258,595.0849609375,9.191
815.5211246870167,595.0849609375,9.447
815.8455453990027,485.39111328125,9.153
816.1667452260153,1029.7060546875,7.587
816.488821461011,589.46044921875,8.765
816.8122188830166,595.08544921875,9.23
817.1353449390153,595.08544921875,9.718
817.457150768023,456.72021484375,7.432
817.7799737760215,746.9580078125,8.571
818.1022284180217,595.0859375,9.191
818.4246188400139,533.20458984375,9.641
818.746214586019,456.720703125,7.704
819.0692866580212,724.45849609375,8.43
819.3910320730065,595.08642578125,9.153
819.7141108670039,595.08642578125,9.641
820.0354970400222,489.62353515625,8.803
820.3571852390014,1029.70751953125,7.963
820.6800813730224,595.0869140625,8.881
821.0022754090023,595.0869140625,9.408
821.3242516800237,595.0869140625,9.757
821.645459227002,456.7216796875,7.432
821.9673792410176,746.95947265625,8.493
822.2902113130258,595.08740234375,9.346
822.6121962260222,595.08740234375,9.525
822.9339449730178,456.72216796875,7.327
823.2589737750241,724.4599609375,8.391
823.58119575202,595.087890625,9.114
823.9042935920006,595.087890625,9.486
824.2256903320085,489.625,8.74
824.5474898670218,1029.708984375,8.43
824.8695634890173,595.08837890625,9.075
825.1937060310156,595.08837890625,9.525
825.5158809050045,595.08837890625,9.796
825.8380962290103,1029.70947265625,7.821
826.1608051660005,589.4638671875,8.997
826.4834150290117,595.0888671875,9.37
826.8059835790191,595.0888671875,9.718
827.1265806849988,456.7236328125,8.015
827.4509347880085,746.96142578125,8.765
827.773464650003,595.08935546875,9.408
828.0959030230006,595.08935546875,9.602
828.4192104110261,456.72412109375,7.366
828.741504301026,724.4619140625,8.468
829.0640037320263,595.08984375,9.23
829.3866874890227,595.08984375,9.525
829.7085399600037,479.78271484375,8.546
830.0307166319981,1029.7109375,7.886
830.3524724940071,595.09033203125,8.881
830.6751157079998,595.09033203125,9.525
830.9987040660053,595.09033203125,9.834
831.3225279200124,456.72509765625,7.665
831.6455595290172,746.962890625,8.648
831.9677048430021,595.0908203125,9.269
832.2899117920024,595.0908203125,9.718
832.6152234940091,456.7255859375,7.132
832.9379506170226,724.46337890625,8.352
833.2621532030171,510.7099609375,9.191
833.5848505340109,595.09130859375,9.447
833.9078817300033,491.255859375,8.546
834.2305766620266,1029.71240234375,7.847
834.5531299270224,595.091796875,8.842
834.8754951540031,599.54150390625,9.408
835.1984809430141,595.091796875,9.834
835.5229618120065,456.7265625,7.743
835.8462567940005,746.96435546875,8.726
836.1682054040139,595.09228515625,9.308
836.490567210014,595.09228515625,9.718
836.8161107970227,456.72705078125,7.093
837.139194799005,724.46484375,8.352
837.4625703930215,604.22216796875,9.153
837.7851563350123,595.0927734375,9.447
838.1087714880123,492.31982421875,8.624
838.4314144880045,1029.7138671875,7.924
838.7532492430182,595.09326171875,8.842
839.0752604830195,595.09326171875,9.447
839.3980113590078,595.09326171875,9.834
839.7188095440215,465.71240234375,7.704
840.041948431026,746.9658203125,8.687
840.3645124240138,595.09375,9.292
840.6879605690192,595.09375,9.68
841.0106922140112,456.728515625,7.015
841.3325196450169,724.46630859375,8.313
841.6548786740168,476.96484375,9.153
841.9760948879994,595.09423828125,9.486
842.2983046980225,491.19384765625,8.624
842.620264230005,1029.71533203125,7.808
842.9426582690212,595.0947265625,8.842
843.2680145000049,595.0947265625,9.447
843.5905442240182,595.0947265625,9.796
843.9119839990162,456.7294921875,7.288
844.2334940810106,746.96728515625,8.43
844.5564952749992,494.1962890625,9.269
844.8786474220105,595.09521484375,9.486
845.2043272480078,456.72998046875,7.366
845.5263355850184,724.4677734375,8.313
845.8489048640186,595.095703125,9.075
846.1706357540097,595.095703125,9.641
846.4919514979993,489.6328125,8.779
846.8140481590235,1029.716796875,8.002
847.1359154060192,595.09619140625,8.959
847.4602575669996,595.09619140625,9.525
847.7826495650224,595.09619140625,9.873
848.1037771140109,984.71728515625,7.86
848.4260796700255,589.4716796875,8.687
848.7500131819979,494.02197265625,9.408
849.0723424919997,595.0966796875,9.563
849.3954378390044,456.7314453125,7.587
849.7188071450219,724.46923828125,8.532
850.0414716650266,595.09716796875,9.308
850.3634692240157,595.09716796875,9.563
850.6852174640226,456.73193359375,7.86
851.0077794220124,724.4697265625,8.08
851.3297048850218,595.09765625,9.036
851.6515313370037,595.09765625,9.486
851.9734912000131,595.09765625,9.424
852.2954842500039,1029.71875,7.821
852.6176734970068,589.47314453125,8.765
852.9415511400148,488.216796875,9.408
853.2670822369982,595.09814453125,9.641
853.5899645600002,456.73291015625,7.327
853.9131665070017,746.970703125,8.546
854.2353205870022,595.0986328125,9.23
854.5589192500047,595.0986328125,9.641
854.8820767490251,456.7333984375,7.548
855.204835646,724.47119140625,8.158
855.5272953680251,595.09912109375,9.114
855.8492741170048,595.09912109375,9.408
856.1715752760065,489.63623046875,9.153
856.4939568210102,1029.72021484375,7.626
856.8159081790072,589.474609375,8.687
857.137808880012,595.099609375,9.37
857.464029632014,595.099609375,9.641
857.7868204370025,456.734375,7.471
858.1101308090147,746.97216796875,8.61
858.4319369490258,595.10009765625,9.191
858.7548674720165,595.10009765625,9.641
859.0771413370094,456.73486328125,7.51
859.399629609019,724.47265625,8.002
859.7219009470136,595.1005859375,8.881
860.045458335022,595.1005859375,9.447
860.3674515240127,595.1005859375,9.463
860.6896293559985,1029.7216796875,7.665
861.0139311820094,589.47607421875,8.765
861.3354153340042,595.10107421875,9.292
861.6578998320037,595.10107421875,9.718
861.9836757140001,456.73583984375,7.21
862.3052586850245,724.4736328125,8.352
862.6278394760157,595.1015625,9.23
862.9497965050105,595.1015625,9.486
863.2713804380037,456.736328125,7.976
863.5945055960037,724.47412109375,8.313
863.917989131005,595.10205078125,9.153
864.2412733990059,595.10205078125,9.525
864.5647501190251,489.63916015625,9.036
864.8881908710173,1029.72314453125,7.587
865.2120392500074,589.4775390625,8.687
865.5358403320133,595.1025390625,9.408
865.8590214940195,595.1025390625,9.563
866.1817817499978,456.7373046875,7.132
866.5040166160034,746.97509765625,8.43
866.8261724720069,595.10302734375,9.114
867.1483437850256,595.10302734375,9.525
867.4711756920151,456.73779296875,7.743
867.7955260080053,724.4755859375,8.041
868.1176151440013,595.103515625,8.92
868.4403240090178,595.103515625,9.525
868.7621333950083,595.103515625,9.502
869.0849519270123,1029.724609375,7.665
869.4072179979994,589.47900390625,8.803
869.7293689610087,595.10400390625,9.254
870.0526600200101,595.10400390625,9.68
870.3737283320224,456.73876953125,7.171
870.6960840060201,724.4765625,8.235
871.0190592490253,595.1044921875,9.114
871.3412141200097,595.1044921875,9.563
871.666530802002,456.7392578125,8.054
871.9878673150088,724.47705078125,8.235
872.3120778250159,595.10498046875,9.075
872.6348490970267,595.10498046875,9.525
872.957180101017,595.10498046875,9.385
873.2790431580215,1119.7255859375,7.704
873.6011541580083,589.48046875,8.726
873.9244282600121,595.10546875,9.269
874.247179662023,617.60498046875,9.718
874.5685903240228,456.740234375,7.405
874.8908858740178,521.974609375,8.468
875.2128839770157,595.10595703125,9.292
875.5345410470036,595.10595703125,9.486
875.8600536430022,456.74072265625,7.782
876.182356587,1034.04150390625,8.08
876.5045114320237,595.1064453125,8.881
876.8271668980015,626.74169921875,9.447
877.1506845950207,595.1064453125,9.68
877.4728990590083,1029.7275390625,7.963
877.7950666090182,589.48193359375,8.842
878.1180969660054,595.10693359375,9.525
878.4405620940088,595.10693359375,9.641
878.7625164870115,456.74169921875,7.587
879.0849062210182,746.9794921875,8.532
879.407201073016,516.35107421875,9.331
879.7297553240205,595.107421875,9.525
880.0545591710252,456.7421875,7.366
880.3766186260036,724.47998046875,8.313
880.6985244450043,595.10791015625,9.036
881.0206248290197,595.10791015625,9.563
881.3421922080161,489.64501953125,8.803
881.6640737080015,1029.72900390625,7.886
881.9862255500047,595.1083984375,8.92
882.3076054380217,595.1083984375,9.37
882.6302327180165,595.1083984375,9.718
882.9534553750127,456.7431640625,7.171
883.2788500900206,746.98095703125,8.468
883.6012908710109,595.10888671875,9.191
883.9242641140008,595.10888671875,9.563
884.2496398220246,456.74365234375,7.522
884.5715752789984,724.4814453125,8.391
884.8960604350141,595.109375,9.114
885.2196938900161,595.109375,9.602
885.5444428950141,489.646484375,8.701
885.86645489902,1029.73046875,8.158
886.1884583270003,516.353515625,9.036
886.5105347500066,595.10986328125,9.447
886.8353267330094,595.10986328125,9.834
887.1567504030245,1029.73095703125,8.002
887.4787021840166,589.4853515625,8.92
887.8018966860254,595.1103515625,9.292
888.1249073430081,499.66064453125,9.757
888.4489222520206,456.7451171875,7.21
888.7708472170052,724.48291015625,8.235
889.093757169001,595.11083984375,9.075
889.4159279020096,595.11083984375,9.563
889.738609913009,456.74560546875,8.054
890.0626537520147,1029.73193359375,8.119
890.3856918370002,595.111328125,8.959
890.7080446240143,626.74658203125,9.486
891.0298775260162,595.111328125,9.602
891.350690849009,984.732421875,7.743
891.674543421017,589.48681640625,8.61
891.9976331570069,595.11181640625,9.37
892.3194301880139,595.11181640625,9.641
892.6412652030122,456.74658203125,7.132
892.9634336040181,724.484375,8.235
893.2856375270057,595.1123046875,9.114
893.6083937520161,499.4921875,9.563
893.9309295560233,497.96435546875,8.196
894.2528845769993,1029.7333984375,8.041
894.5751264540013,595.11279296875,8.997
894.8971207080176,595.11279296875,9.331
895.222355882026,494.0380859375,9.912
895.5458723220218,984.73388671875,7.86
895.8680666470027,589.48828125,8.648
896.1907763780036,595.11328125,9.408
896.5125846459996,595.11328125,9.602
896.8341541230038,456.748046875,7.015
897.1560135610052,724.48583984375,8.235
897.4799185260199,595.11376953125,9.153
897.8021841510199,595.11376953125,9.486
898.1273314540158,492.46337890625,8.391
898.4519484390039,1029.73486328125,7.886
898.7737070760049,595.1142578125,8.842
899.097084412002,595.1142578125,9.486
899.418724711024,595.1142578125,9.873
899.740951521002,456.7490234375,7.432
900.063315744017,746.98681640625,8.532
900.3867246670125,595.11474609375,9.23
900.7110427990265,595.11474609375,9.563
901.0330876860244,456.74951171875,7.171
901.3550524760212,724.4873046875,8.196
901.677004785015,595.115234375,8.959
901.9995014290034,595.115234375,9.563
902.3219845380227,489.65234375,8.803
902.6440937810112,1029.736328125,7.924
902.9677748740069,595.11572265625,8.842
903.2934164680191,595.11572265625,9.447
903.6149795540259,595.11572265625,9.757
903.9368865209981,456.75048828125,7.315
904.2586971980054,746.98828125,8.468
904.5812575590098,595.1162109375,9.308
904.9032608820125,595.1162109375,9.447
905.2296346260118,456.7509765625,7.366
905.5538713850256,724.48876953125,8.08
905.8761745570228,595.11669921875,8.959
906.1986526140245,595.11669921875,9.486
906.5209947320109,489.65380859375,8.959
906.8428654130257,1029.73779296875,7.963
907.165003046015,595.1171875,8.997
907.4873877580103,595.1171875,9.408
907.810859988007,595.1171875,9.757
908.1340396340238,456.751953125,7.626
908.4558531640214,746.98974609375,8.648
908.7784992280067,595.11767578125,9.23
909.1010128089983,595.11767578125,9.563
909.422384569014,456.75244140625,7.249
909.744584606,724.490234375,8.313
910.0668355899979,595.1181640625,9.036
910.3891856480041,595.1181640625,9.525
910.7114066480135,489.6552734375,8.663
911.0342424480186,1029.7392578125,7.963
911.357035975001,595.11865234375,8.92
911.6805526590033,595.11865234375,9.486
912.0027334340266,595.11865234375,9.873
912.3261003220105,456.75341796875,7.432
912.6481946330168,746.9912109375,8.507
912.9704963080003,595.119140625,9.23
913.2934710270201,595.119140625,9.563
913.6142654959986,456.75390625,7.327
913.9367578980164,724.49169921875,8.391
914.2604672300222,595.11962890625,9.23
914.5823433280166,595.11962890625,9.486
914.9039448280237,492.46923828125,8.468
915.2266117969994,1029.74072265625,7.847
915.5489215080161,595.1201171875,8.803
915.8715943650168,499.48876953125,9.447
916.1947521000111,595.1201171875,9.834
916.5180401750258,456.7548828125,7.665
916.8406058950059,746.99267578125,8.687
917.1631915830076,595.12060546875,9.269
917.4886101800075,595.12060546875,9.718
917.8113740179979,456.75537109375,7.327
918.1346086210106,724.4931640625,8.352
918.4567826850107,595.12109375,9.153
918.7788537690067,595.12109375,9.486
919.102720838011,492.470703125,8.235
919.4253757800034,1029.7421875,7.665
919.7472707010165,595.12158203125,8.765
920.0698930340004,595.12158203125,9.346
920.391649008001,595.12158203125,9.718
920.7125995530223,456.75634765625,7.354
921.0352399670228,746.994140625,8.43
921.3574827720004,595.1220703125,9.331
921.6810811010073,595.1220703125,9.525
922.0039542580198,456.7568359375,7.548
922.3258185260056,724.49462890625,8.507
922.64775847501,595.12255859375,9.269
922.9704065720143,595.12255859375,9.525
923.2919319840148,492.47216796875,8.507
923.6150945270201,488.24462890625,8.43
923.9386790340068,595.123046875,9.036
924.2621659070137,595.123046875,9.602
924.5844331320259,595.123046875,9.563
924.9061702620238,555.7421875,7.704
925.2278520000109,589.49853515625,8.765
925.5500009510142,595.12353515625,9.292
925.8743314960157,626.7587890625,9.68
926.1952291500056,456.75830078125,7.249
926.5181860590237,724.49609375,8.274
926.8405795930012,595.1240234375,9.114
927.1624345860037,595.1240234375,9.641
927.4871611760173,456.7587890625,8.093
927.8094708050194,724.49658203125,8.313
928.1320213690051,595.12451171875,9.191
928.4550151459989,595.12451171875,9.486
928.7778576230048,477.0048828125,9.191
929.099430369999,1029.74560546875,7.587
929.4214155760128,589.5,8.765
929.7437784890062,595.125,9.308
930.0663269110082,595.125,9.68
930.3891559500189,456.759765625,7.743
930.7114744470164,746.99755859375,8.648
931.0346003250161,494.05078125,9.37
931.3571707340016,595.12548828125,9.563
931.681152508012,456.76025390625,7.444
932.0028609420115,724.498046875,8.002
932.3269812810177,494.05126953125,9.075
932.6496209410252,595.1259765625,9.408
932.9721660060168,482.61962890625,9.191
933.2953642100038,1029.7470703125,7.626
933.6177642160037,589.50146484375,8.726
933.9397916690214,595.12646484375,9.269
934.2616345410061,595.12646484375,9.718
934.5845985320047,456.76123046875,7.288
934.9072592820157,724.4990234375,8.391
935.2309642850014,595.126953125,9.308
935.5532813160098,595.126953125,9.525
935.875293826015,456.76171875,7.899
936.1976718190126,724.49951171875,8.313
936.5203659800172,595.12744140625,9.191
936.8432964360109,595.12744140625,9.486
937.1681668490055,489.66455078125,9.153
937.496845428017,1029.74853515625,7.743
937.8194322280178,589.5029296875,8.803
938.1434467790241,595.1279296875,9.37
938.4658994640049,595.1279296875,9.68
938.7885447620065,456.7626953125,7.548
939.1109821840073,747.00048828125,8.532
939.4331899040262,595.12841796875,9.331
939.7550315980043,595.12841796875,9.525
940.0805662550265,456.76318359375,7.288
940.4033277830167,724.5009765625,8.196
940.7257661980111,595.12890625,8.997
941.0479884160159,516.37255859375,9.486
941.3706379740033,489.666015625,8.881
941.6939259170031,1029.75,7.548
942.0144007920171,589.50439453125,8.687
942.3366144040192,595.12939453125,9.447
942.6608395250223,595.12939453125,9.602
942.9832864540222,456.76416015625,7.587
943.3085887260095,747.001953125,8.571
943.6307253760169,595.1298828125,9.37
943.9535208599991,595.1298828125,9.563
944.2786121510144,456.7646484375,7.444
944.6010039450193,724.50244140625,8.313
944.9230716350139,595.13037109375,9.036
945.2454849659989,595.13037109375,9.602
945.5673440750106,489.66748046875,8.818
945.8896792930027,1029.75146484375,7.821
946.215426092007,595.130859375,8.959
946.5396616180078,595.130859375,9.37
946.8621813850186,595.130859375,9.757
947.183915341011,456.765625,7.86
947.5060582680162,747.00341796875,8.842
947.8284039840219,595.13134765625,9.292
948.1534376449999,595.13134765625,9.757
948.473984530021,456.76611328125,7.366
948.7959904620075,724.50390625,8.352
949.1184249510115,595.1318359375,9.153
949.4408286230173,595.1318359375,9.525
949.7620903440111,492.4814453125,8.391
950.0840178760118,1029.7529296875,7.847
950.406000641,595.13232421875,8.842
950.7286106240063,595.13232421875,9.486
951.0503948890255,595.13232421875,9.796
951.3724606660253,456.76708984375,7.471
951.6948411710036,747.0048828125,8.61
952.016096367006,595.1328125,9.269
952.3386739030248,599.447265625,9.641
952.663040895015,456.767578125,7.21
952.9851934270118,724.50537109375,8.352
953.3105579190014,635.7685546875,9.191
953.6350856530189,595.13330078125,9.486
953.9580846410245,479.814453125,8.507
954.2802370480204,1029.75439453125,7.665
954.6027644400019,595.1337890625,8.842
954.9250048170215,595.1337890625,9.254
955.2486545130087,516.38330078125,9.718
955.5719840399979,456.7685546875,7.171
955.894871860015,747.00634765625,8.43
956.2168426320131,595.13427734375,9.153
956.5395819359983,595.13427734375,9.641
956.8636131800013,456.76904296875,7.587
957.1872435490077,724.5068359375,8.468
957.5089349860209,595.134765625,9.114
957.8319368910161,595.134765625,9.602
958.1537319480267,489.671875,8.803
958.4757556190016,1029.755859375,7.743
958.7991262389987,615.5205078125,8.803
959.1215237450087,595.13525390625,9.308
959.4433544519998,595.13525390625,9.641
959.7659346200235,456.77001953125,7.093
960.0906623010233,747.0078125,8.468
960.4128114180057,595.1357421875,9.114
960.7349103580054,499.515625,9.563
961.0569717290055,456.7705078125,7.626
961.3798385940026,724.50830078125,8.041
961.7020454410231,595.13623046875,8.92
962.0245095440187,595.13623046875,9.486
962.3457393420103,595.13623046875,9.502
962.6678462520067,984.75732421875,7.665
962.9899652270251,589.51171875,8.648
963.3130707560049,595.13671875,9.346
963.6354975800205,595.13671875,9.602
963.9570738850161,456.771484375,7.288
964.2800954450213,724.50927734375,8.391
964.6023219440249,599.45166015625,9.191
964.9259570900176,595.13720703125,9.486
965.2484290040156,456.77197265625,8.054
965.5699694060022,1029.75830078125,8.002
965.8927517929988,595.1376953125,8.959
966.2154758440156,595.1376953125,9.408
966.5382247270027,595.1376953125,9.834
966.8617812480079,984.7587890625,7.704
967.1836743650201,589.51318359375,8.648
967.5091395470081,595.13818359375,9.37
967.8326617320126,595.13818359375,9.563
968.1532770240156,456.77294921875,7.432
968.4759815880097,724.5107421875,8.43
968.7983135020186,494.06396484375,9.269
969.1205762310128,595.138671875,9.486
969.4430535910069,456.7734375,7.976
969.7655639110017,724.51123046875,8.158
970.0878940980183,626.7744140625,9.075
970.4106287450122,595.13916015625,9.486
970.733471428015,599.45361328125,9.308
971.0574317080027,1029.76025390625,7.626
971.3795857650111,589.5146484375,8.803
971.7013824360038,595.1396484375,9.269
972.0230297590024,595.1396484375,9.718
972.3447181080119,456.7744140625,7.21
972.6674176200177,724.51220703125,8.274
972.9899100550101,595.14013671875,9.114
973.3148771170236,595.14013671875,9.563
973.637204781,456.77490234375,8.015
973.9597974750213,724.5126953125,8.158
974.281918542023,595.140625,9.036
974.605026899022,595.140625,9.525
974.9271277730004,595.140625,9.385
975.2495685620233,984.76171875,7.51
975.5716425880091,589.51611328125,8.546
975.894742370001,595.14111328125,9.346
976.217869834014,595.14111328125,9.563
976.538216935005,456.77587890625,7.21
976.8603171390132,724.513671875,8.274
977.1830762099999,595.1416015625,9.153
977.513076148025,516.38525390625,9.641
977.8359594150097,456.7763671875,8.196
978.1589408600121,567.013671875,8.274
978.4815144239983,595.14208984375,8.997
978.8044364119996,595.14208984375,9.525
979.1269779110153,595.14208984375,9.563
979.4472000829992,984.76318359375,7.665
979.7697561430105,589.517578125,8.585
980.0922957230068,595.142578125,9.346
980.414461309003,595.142578125,9.563
980.7375856090221,456.716796875,6.82
981.0603421550186,724.45458984375,8.196
981.383203793026,595.08251953125,9.114
981.7050903970085,595.08251953125,9.408
982.0275205670041,488.212890625,8.507
982.3499501300103,1029.703125,7.86
982.6732915260072,595.08251953125,8.765
982.9955369250092,499.451171875,9.408
983.3186300590169,595.08251953125,9.796
983.6437204310205,984.70361328125,7.821
983.9687085920013,589.4580078125,8.648
984.2923259340168,494.00830078125,9.447
984.6147541550163,595.0830078125,9.563
984.9370089310105,456.7177734375,7.171
985.2602725680044,724.45556640625,8.313
985.5826722140191,595.08349609375,9.114
985.9051182280236,595.08349609375,9.486
986.2292184969992,492.43310546875,8.352
986.5514113210083,1029.70458984375,7.886
986.8728307170095,595.083984375,8.881
987.1946720460255,595.083984375,9.486
987.5176018510247,595.083984375,9.834
987.8415981820144,456.71875,7.51
988.1634925359976,746.95654296875,8.648
988.4859696910135,595.08447265625,9.23
988.8089198820235,510.708984375,9.641
989.1321191050229,456.71923828125,7.093
989.4547213519982,724.45703125,8.313
989.777120970015,595.0849609375,9.153
990.0994733860134,595.0849609375,9.447
990.4256424820051,479.77783203125,8.507
990.7477948940068,1029.7060546875,7.924
991.0700526850123,595.08544921875,8.92
991.3924345440173,595.08544921875,9.486
991.7150255290035,595.08544921875,9.834
992.0380660300143,456.72021484375,7.548
992.3606436070113,746.9580078125,8.648
992.6833936050243,595.0859375,9.191
993.0060430250014,595.0859375,9.641
993.3306472500262,456.720703125,7.171
993.6540717309981,724.45849609375,8.352
993.9769042280095,595.08642578125,9.153
994.2986592570087,595.08642578125,9.525
994.6199904670066,492.43603515625,8.507
994.9428047880065,1029.70751953125,7.847
995.2667052200122,595.0869140625,8.842
995.5895588720159,595.0869140625,9.486
995.9112689410103,595.0869140625,9.796
996.2322484629985,456.7216796875,7.288
996.5540718160046,746.95947265625,8.43
996.8787131970166,595.08740234375,9.308
997.2019247800054,595.08740234375,9.525
997.527186435007,456.72216796875,7.327
997.8500786500226,724.4599609375,8.391
998.1717992170015,595.087890625,9.191
998.4945925180218,595.087890625,9.486
998.8212209950143,485.39404296875,8.507
999.1446836270043,1029.708984375,7.886
999.4667683660227,595.08837890625,8.881
999.7898257070046,595.08837890625,9.486
1000.112231414998,595.08837890625,9.834
1000.433080376999,984.70947265625,7.821
1000.7574450829998,589.4638671875,8.61
1001.0812144450028,494.01416015625,9.385
1001.4072813410021,595.0888671875,9.563
1001.7305278730055,456.7236328125,7.093
1002.0524932830012,724.46142578125,8.235
1002.3755398750072,595.08935546875,9.075
1002.6996454400069,595.08984375,9.525
1003.022303285019,492.43896484375,8.313
1003.3434584350034,724.4619140625,8.352
1003.6658894270076,595.08984375,9.075
1003.9890642469982,595.08984375,9.525
1004.3115283610241,595.08984375,9.486
1004.6343371250259,1029.7109375,7.704
1004.9564323970117,589.46533203125,8.765
1005.2805115310184,595.09033203125,9.331
1005.6029485100007,595.09033203125,9.68
1005.9276170360099,456.72509765625,7.093
1006.2495316010027,724.462890625,8.274
1006.57516927502,476.96728515625,9.23
1006.8972796220041,595.0908203125,9.486
1007.2222117730125,456.7255859375,7.976
1007.5448338139977,724.46337890625,8.158
1007.867756792024,595.09130859375,8.881
1008.1904419070052,595.09130859375,9.525
1008.518484352011,595.09130859375,9.463
1008.8419370090123,1029.71240234375,7.743
1009.1656271440152,589.466796875,8.726
1009.4879701400059,626.72705078125,9.408
1009.8101978040067,595.091796875,9.602
1010.1320141300093,456.7265625,7.132
1010.4548253630055,724.46435546875,8.313
1010.7778085370082,595.09228515625,9.23
1011.102689907013,595.09228515625,9.486
1011.4245739800099,456.72705078125,7.938
1011.7479987990228,724.46484375,8.196
1012.0707684000081,595.0927734375,9.191
1012.393950941012,595.0927734375,9.486
1012.7168069140171,485.39892578125,9.191
1013.0384825660149,1029.7138671875,7.665
1013.3608905920119,589.46826171875,8.726
1013.6839014810103,499.4619140625,9.408
1014.0069560200209,595.09326171875,9.563
1014.3303485530196,456.72802734375,7.327
1014.6526093110151,746.9658203125,8.546
1014.9748681810161,595.09375,9.153
1015.3002405440202,476.96240234375,9.641
1015.6223871240218,456.728515625,7.665
1015.9449150590226,724.46630859375,8.235
1016.2680301780056,595.09423828125,9.075
1016.5904409580107,595.2294921875,9.525
1016.9119227850169,489.63134765625,8.997
1017.2338089440018,1029.71533203125,7.886
1017.5564956360031,595.0947265625,8.959
1017.8790385489992,595.0947265625,9.331
1018.2035231790214,595.0947265625,9.757
1018.5272722369991,456.7294921875,7.548
1018.8498683360231,746.96728515625,8.546
1019.1729218560213,595.09521484375,9.346
1019.4952234200027,595.09521484375,9.602
1019.8194142510183,456.72998046875,7.288
1020.1416948550032,724.4677734375,8.08
1020.4637898220099,595.095703125,8.997
1020.7861204119981,599.54541015625,9.525
1021.1085315480013,489.6328125,8.959
1021.4309786860249,1029.716796875,7.86
1021.7537413210084,617.595703125,8.92
1022.076034726022,595.09619140625,9.331
1022.3986518220045,488.22607421875,9.718
1022.7228302080184,456.73095703125,7.354
1023.0450659810158,746.96875,8.43
1023.368976296013,476.96728515625,9.308
1023.6931840920006,595.0966796875,9.525
1024.0169958760089,456.7314453125,7.366
1024.3391128320072,724.46923828125,8.468
1024.6617679140181,595.09716796875,9.23
1024.983900870022,595.09716796875,9.447
1025.3057922529988,482.7783203125,8.624
1025.627528142999,1029.71826171875,8.352
1025.9495709860057,595.09765625,9.036
1026.271916141006,595.09765625,9.525
1026.594110029022,595.09765625,9.757
1026.9146404160128,984.71875,7.782
1027.2389992270037,589.47314453125,8.687
1027.5617064730031,595.09814453125,9.37
1027.8850717220048,595.09814453125,9.563
1028.2066735950066,456.73291015625,7.21
1028.5317578030226,724.470703125,8.235
1028.8544262330106,595.0986328125,9.075
1029.1786514100095,595.0986328125,9.602
1029.500415529008,456.7333984375,8.171
1029.823063224001,724.47119140625,8.274
1030.1461674110033,655.984375,9.114
1030.4682574280014,595.09912109375,9.486
1030.791297134012,595.09912109375,9.308
1031.1139342060196,1029.72021484375,7.743
1031.4361877480114,589.474609375,8.765
1031.7584840110212,595.099609375,9.385
1032.080913526006,595.099609375,9.563
1032.4026467020158,456.734375,7.327
1032.7256044560054,746.97216796875,8.507
1033.048362269008,595.10009765625,9.153
1033.3700311249995,595.10009765625,9.602
1033.6919911880104,456.73486328125,7.665
1034.0144168330007,724.47265625,8.119
1034.338729153009,595.1005859375,9.153
1034.6623674720176,595.1005859375,9.408
1034.9847445720225,489.6376953125,9.036
1035.3091982090264,1029.7216796875,7.665
1035.6313894810155,589.47607421875,8.687
1035.9544757210242,611.9755859375,9.37
1036.278701289004,595.10107421875,9.602
1036.6003275540133,456.73583984375,7.171
1036.9224016400112,499.47021484375,8.468
1037.244859577011,595.1015625,9.269
1037.568073054019,595.1015625,9.563
1037.8914707280055,456.736328125,7.782
1038.2146648460184,1034.8193359375,8.08
1038.5379812070169,595.10205078125,8.881
1038.860432617017,533.220703125,9.447
1039.1827792880067,595.10205078125,9.602
1039.5042037910025,1029.72314453125,7.821
1039.826122131024,589.4775390625,8.803
1040.1480369510246,595.1025390625,9.269
1040.4706831840158,499.482421875,9.68
1040.7941838080005,456.7373046875,7.288
1041.1164780960244,724.47509765625,8.391
1041.4391127450217,595.10302734375,9.308
1041.7608947630215,595.10302734375,9.525
1042.0837652909977,456.73779296875,7.86
1042.406482824008,578.22216796875,8.119
1042.7284541920235,595.103515625,8.881
1043.05167932302,516.35302734375,9.525
1043.3730242750025,595.103515625,9.563
1043.694131332013,984.724609375,7.51
1044.016248689004,589.47900390625,8.468
1044.338421345019,626.7392578125,9.346
1044.6606764350145,595.10400390625,9.563
1044.9834288819984,456.73876953125,7.405
1045.3050416510087,724.4765625,8.391
1045.628376675013,595.1044921875,9.153
1045.9530794800085,595.1044921875,9.602
1046.2749667540193,456.7392578125,8.21
1046.5978084850067,724.47705078125,8.313
1046.9200642170035,502.984375,9.191
1047.242061158002,595.10498046875,9.525
1047.5645117759996,595.10498046875,9.385
1047.8882777890249,1029.72607421875,7.626
1048.2105848200154,589.48046875,8.765
1048.5375517530192,595.10546875,9.346
1048.8598306870263,595.10546875,9.641
1049.1845301030262,456.740234375,7.054
1049.5064214760205,724.47802734375,8.196
1049.8291045170045,595.1064453125,9.075
1050.1510746440035,595.10595703125,9.486
1050.4730672360165,456.74072265625,8.054
1050.7950259710196,1029.72705078125,8.08
1051.1182017960236,595.1064453125,8.881
1051.4409368089982,595.1064453125,9.447
1051.7631426880253,595.1064453125,9.68
1052.0853176220262,984.7275390625,7.626
1052.4073202,589.48193359375,8.585
1052.72938207502,595.10693359375,9.346
1053.0515638900106,595.10693359375,9.525
1053.373403361009,456.74169921875,7.21
1053.6954044360027,724.4794921875,8.235
1054.0186970340146,595.107421875,9.075
1054.3414830910042,615.49267578125,9.563
1054.6633986280067,492.45703125,8.313
1054.985291317018,1029.728515625,8.119
1055.3081168000062,595.10791015625,9.036
1055.629777899012,595.10791015625,9.37
1055.9551037060155,595.10791015625,9.757
1056.2773756070237,984.72900390625,7.665
1056.599427054025,589.4833984375,8.571
1056.9215886480233,595.1083984375,9.385
1057.2445905850036,595.1083984375,9.563
1057.5654388000257,456.7431640625,7.471
1057.8872187210072,724.48095703125,8.352
1058.2101599530142,595.10888671875,9.23
1058.5372358900204,595.10888671875,9.486
1058.8606239510118,456.74365234375,7.86
1059.1837496700173,724.4814453125,8.313
1059.506082343025,595.109375,9.114
1059.8296511460212,599.423828125,9.525
1060.1521750240063,489.646484375,8.92
1060.4744677290146,1029.73046875,7.665
1060.797376003,589.48486328125,8.765
1061.1205469720007,595.10986328125,9.346
1061.4426531130157,595.10986328125,9.641
1061.7663380800223,456.74462890625,7.315
1062.0889111460128,746.982421875,8.468
1062.4114949330105,595.1103515625,9.191
1062.733736342023,595.1103515625,9.563
1063.057281115005,456.7451171875,7.471
1063.3788433700101,724.48291015625,8.352
1063.7023424470099,595.11083984375,9.036
1064.0254406800086,595.11083984375,9.525
1064.3504550310026,489.64794921875,8.74
1064.6724953800149,1029.73193359375,8.313
1064.9951812510262,595.111328125,9.075
1065.3182594540121,595.111328125,9.447
1065.641256597999,595.111328125,9.834
1065.964004584006,984.732421875,7.665
1066.2873350500013,589.48681640625,8.61
1066.6101202540158,595.11181640625,9.331
1066.9321965740237,595.11181640625,9.563
1067.2539878950047,456.74658203125,7.288
1067.576466915023,724.484375,8.274
1067.8985083870066,595.1123046875,9.075
1068.221716516011,499.66259765625,9.602
1068.5482547510182,468.56298828125,8.158
1068.8708534550096,1034.830078125,8.196
1069.1926730350242,595.11279296875,8.959
1069.5149310270208,510.7314453125,9.525
1069.8383497540199,595.11279296875,9.602
1070.1606283230067,989.08251953125,7.704
1070.4824440630036,589.48828125,8.765
1070.8046796870185,595.11328125,9.308
1071.1275181120145,599.427734375,9.641
1071.4503519930004,456.748046875,7.432
1071.7729255790182,533.232421875,8.507
1072.095306328003,595.11376953125,9.23
1072.4177636560053,595.11376953125,9.563
1072.7393741130072,456.74853515625,7.782
1073.0614530940074,724.486328125,8.08
1073.3842048950028,595.1142578125,8.997
1073.7070729550032,595.1142578125,9.486
1074.029376135004,595.1142578125,9.346
1074.3505262290128,1029.7353515625,7.665
1074.6728864360193,589.48974609375,8.765
1074.994978827017,595.11474609375,9.269
1075.3166375120054,595.11474609375,9.757
1075.6405186890042,456.74951171875,7.327
1075.9629866750038,729.8017578125,8.43
1076.2868114029989,595.115234375,9.308
1076.6088884680066,595.115234375,9.525
1076.9302753700176,456.75,7.86
1077.2534586100082,724.48779296875,8.235
1077.5761980290117,595.11572265625,9.191
1077.8999880379997,595.11572265625,9.447
1078.2242715000175,489.65283203125,9.153
1078.5518720450054,1029.73681640625,7.743
1078.8741474850103,589.4912109375,8.765
1079.1967045010242,595.1162109375,9.408
1079.5192456130171,595.1162109375,9.641
1079.8417379550228,456.7509765625,7.432
1080.163713676011,746.98876953125,8.454
1080.486027935025,595.1171875,9.269
1080.8094719840155,595.11669921875,9.563
1081.133049126016,456.75146484375,7.432
1081.455411418021,724.4892578125,8.391
1081.7773720360128,595.1171875,9.075
1082.099848124024,595.1171875,9.602
1082.4223190930206,489.654296875,8.803
1082.7444863090059,1029.73828125,7.769
1083.0668583310035,595.11767578125,8.881
1083.3901212900237,595.11767578125,9.331
1083.7125022730033,595.11767578125,9.757
1084.0361710670113,456.75244140625,7.288
1084.3605391130259,746.990234375,8.468
1084.6827922530065,626.75341796875,9.269
1085.0047826980008,595.1181640625,9.525
1085.332465747022,456.7529296875,7.444
1085.6562308020075,724.49072265625,8.43
1085.980839079013,499.49853515625,9.191
1086.3032359690114,595.11865234375,9.525
1086.6249694800063,495.158203125,8.585
1086.9468272190134,1029.73974609375,7.924
1087.2690887780045,595.119140625,8.92
1087.5913688980218,626.75439453125,9.486
1087.9141238460143,595.119140625,9.834
1088.2360272840015,456.75390625,7.665
1088.5578658560116,746.99169921875,8.726
1088.8797603660205,595.11962890625,9.23
1089.2042380830098,510.744140625,9.68
1089.5272028309992,456.75439453125,7.132
1089.8497096460196,724.4921875,8.352
1090.1724880530091,595.1201171875,9.153
1090.4953838720103,595.1201171875,9.447
1090.81713911501,479.80126953125,8.468
1091.1391045410128,1029.7412109375,7.743
1091.4619479110115,595.12060546875,8.842
1091.7842987560143,595.12060546875,9.37
1092.1061412670242,595.12060546875,9.757
1092.4268690600002,456.75537109375,7.51
1092.7491307190212,746.9931640625,8.585
1093.07152950202,595.12109375,9.269
1093.394511822,595.12109375,9.563
1093.7174704280042,456.755859375,7.249
1094.0396835750144,724.49365234375,8.274
1094.363395035005,595.12158203125,9.114
1094.6854212020116,595.12158203125,9.525
1095.0077241120161,489.65869140625,8.663
1095.3297661510005,1029.74267578125,7.73
1095.6525723390223,595.1220703125,8.881
1095.9751721860084,595.1220703125,9.269
1096.298862303025,595.1220703125,9.757
1096.6248007060203,456.7568359375,7.288
1096.948050299019,746.99462890625,8.468
1097.2701902630215,494.0478515625,9.331
1097.592559577024,595.12255859375,9.563
1097.9155418040173,456.75732421875,7.483
1098.2392249790137,724.4951171875,8.274
1098.561362959008,595.123046875,9.036
1098.883589006,510.74169921875,9.525
1099.2060378760216,489.66015625,8.881
1099.5275989770016,1029.744140625,7.471
1099.851975196012,589.49853515625,8.648
1100.1743574080174,595.12353515625,9.269
1100.497092495003,595.12353515625,9.68
1100.8177140190091,456.75830078125,7.471
1101.1414332929999,746.99609375,8.61
1101.4643645140168,595.1240234375,9.23
1101.788024554,595.1240234375,9.68
1102.1111134110251,456.7587890625,7.626
1102.4332349150209,724.49658203125,8.532
1102.7555188870174,595.12451171875,9.191
1103.0779834070127,595.12451171875,9.563
1103.4013461620198,489.66162109375,8.687
1103.7238325400103,1029.74560546875,7.847
1104.0466616150225,595.125,8.842
1104.3692985580128,595.125,9.447
1104.6911920570128,595.125,9.757
1105.0124694110127,456.759765625,7.354
1105.3337657420198,746.99755859375,8.493
1105.6565365130082,595.12548828125,9.346
1105.9787176690006,595.12548828125,9.525
1106.3012489460234,456.76025390625,7.366
1106.6240810960007,724.498046875,8.002
1106.9474517890194,595.1259765625,9.114
1107.2693232090096,595.1259765625,9.447
1107.59184911201,489.6630859375,9.153
1107.9130283530103,1029.7470703125,7.587
1108.2353685230191,589.50146484375,8.765
1108.5625191930158,595.12646484375,9.292
1108.8855746780173,595.12646484375,9.68
1109.2091575070226,456.76123046875,7.21
1109.5318040220009,724.4990234375,8.391
1109.8543761350156,595.126953125,9.23
1110.176413866022,595.126953125,9.486
1110.500429636013,456.76171875,7.86
1110.8233649920148,780.74609375,8.08
1111.1456202340196,595.12744140625,8.881
1111.468489668012,493.876953125,9.486
1111.790377540019,595.12744140625,9.602
1112.1125727489998,984.74853515625,7.704
1112.4349061060057,589.5029296875,8.648
1112.7572909209994,595.1279296875,9.37
1113.079039846023,595.1279296875,9.525
1113.400631135999,456.7626953125,7.132
1113.722722823004,724.50048828125,8.235
1114.0465299170173,595.12841796875,9.036
1114.3697150430235,510.7470703125,9.602
1114.6924518050218,497.96875,8.235
1115.0143983690068,1029.74951171875,8.002
1115.3368551230233,595.12890625,9.036
1115.659519916022,595.12890625,9.37
1115.982177220023,505.30419921875,9.873
1116.3041684270138,984.75,7.86
1116.626255412004,589.50439453125,8.648
1116.9498622470128,595.12939453125,9.408
1117.2714067230118,595.12939453125,9.602
1117.5928359630052,456.76416015625,7.471
1117.9162352410203,724.501953125,8.43
1118.2385793550056,595.1298828125,9.308
1118.5655241710192,595.1298828125,9.525
1118.8875635400182,456.76513671875,7.821
1119.2099087750248,1029.703125,7.548
1119.5328252580075,595.08251953125,8.687
1119.8557056430145,499.6328125,9.408
1120.1777409180067,595.08251953125,9.757
1120.500544598006,465.701171875,7.743
1120.8227650940244,746.95458984375,8.687
1121.1451686680084,595.08251953125,9.23
1121.4680231660022,595.08251953125,9.718
1121.790609913005,456.71728515625,7.054
1122.1128018020245,724.455078125,8.313
1122.4346540650004,621.08740234375,9.153
1122.757960257004,595.0830078125,9.447
1123.0801800190238,489.62060546875,8.585
1123.4021126690204,1029.7041015625,7.665
1123.7246156390174,595.08349609375,8.881
1124.048527128005,595.08349609375,9.331
1124.372663615999,510.7080078125,9.757
1124.6940645090071,456.71826171875,7.51
1125.016266096005,746.9560546875,8.493
1125.338666345022,595.083984375,9.385
1125.6612404220214,595.083984375,9.525
1125.9833646000188,456.71875,7.327
1126.3064014110132,724.45654296875,8.158
1126.6286654330033,595.08447265625,8.997
1126.9511019080237,488.21435546875,9.563
1127.2734256440017,489.62158203125,8.997
1127.5950757620158,1029.70556640625,8.08
1127.918483432004,595.0849609375,8.92
1128.2409866939997,510.70361328125,9.525
1128.569085117022,595.0849609375,9.834
1128.8906224970124,456.7197265625,7.51
1129.2127776860143,746.95751953125,8.61
1129.5356810560043,595.08544921875,9.23
1129.8590181970212,635.720703125,9.602
1130.1830234540103,456.72021484375,7.093
1130.5058689670113,724.4580078125,8.196
1130.8273174490023,595.0859375,8.997
1131.1502718300035,595.0859375,9.525
1131.4720459540258,489.623046875,8.779
1131.7950283040118,1029.70703125,7.743
1132.118827764003,595.08642578125,8.881
1132.4408465680026,595.08642578125,9.331
1132.7629693740164,595.08642578125,9.68
1133.0868686140166,456.72119140625,7.21
1133.4082845540252,746.958984375,8.507
1133.731016722013,595.0869140625,9.153
1134.0544466380088,595.0869140625,9.563
1134.3762130200048,456.7216796875,7.587
1134.6984262629994,724.45947265625,8.119
1135.0212082250218,595.08740234375,9.075
1135.3432065829984,595.08740234375,9.447
1135.6656486320135,489.62451171875,9.075
1135.9880867140018,1029.70849609375,7.548
1136.310596446012,589.462890625,8.726
1136.6324439200107,595.087890625,9.292
1136.9548618420085,595.087890625,9.718
1137.2765203200106,456.72265625,7.132
1137.5989708190027,724.46044921875,8.196
1137.921693486016,595.08837890625,9.075
1138.2443183270225,595.08837890625,9.602
1138.5706831100106,456.72314453125,8.08
1138.8928819880239,1029.70947265625,7.963
1139.215730195021,595.0888671875,8.959
1139.5379552820232,595.0888671875,9.37
1139.861230797018,499.63916015625,9.873
1140.1838666800177,456.7236328125,7.471
1140.5079777710198,746.96142578125,8.648
1140.8323628220242,595.08935546875,9.23
1141.157185965014,595.08935546875,9.641
1141.4791940550203,456.72412109375,7.587
1141.8014137030113,724.4619140625,8.43
1142.1238154370221,595.08984375,9.191
1142.4466993600072,595.08984375,9.68
1142.7697442470235,456.724609375,8.158
1143.0918570450158,724.46240234375,8.274
1143.414239995007,595.09033203125,9.036
1143.7375163780234,595.09033203125,9.563
1144.059975458018,595.09033203125,9.502
1144.3812931640132,1029.71142578125,7.743
1144.7035179660015,589.4658203125,8.803
1145.0259100690018,595.0908203125,9.269
1145.347486343002,595.0908203125,9.757
1145.6688377460232,456.7255859375,7.288
1145.991299996007,724.46337890625,8.313
1146.3145065540157,595.09130859375,9.308
1146.6368713940028,595.09130859375,9.486
1146.9597878330096,456.72607421875,7.976
1147.2842248899979,724.4638671875,8.196
1147.6065853150212,595.091796875,9.036
1147.9301408120082,595.091796875,9.563
1148.2540231670137,595.091796875,9.463
1148.5792688550137,1029.712890625,8.002
1148.9033906400145,488.2109375,8.997
1149.2270487020141,595.09228515625,9.37
1149.5494247760216,499.4609375,9.757
1149.870313257008,456.72705078125,7.548
1150.1926587070047,746.96484375,8.493
1150.5150092770054,595.0927734375,9.331
1150.8369753890147,595.0927734375,9.486
1151.1635687000235,456.7275390625,7.288
1151.4873203340103,724.46533203125,8.041
1151.8096955130168,595.09326171875,8.997
1152.1318039020116,595.09326171875,9.37
1152.454435954016,489.63037109375,9.114
1152.7766601540206,1029.71435546875,7.626
1153.0989902130095,589.46875,8.687
1153.4217276760028,626.72900390625,9.37
1153.7473310740024,595.09375,9.602
1154.0692416350066,456.728515625,7.132
1154.3918208859977,522.0068359375,8.468
1154.7137925050047,595.09423828125,9.191
1155.0359998740023,595.09423828125,9.486
1155.3617540940177,456.72900390625,7.86
1155.684583113005,724.466796875,8.352
1156.0078722730104,595.0947265625,9.075
1156.3309111540148,626.72998046875,9.602
1156.6528730459977,489.6318359375,8.92
1156.977809611999,1029.7158203125,7.665
1157.2994963930105,589.47021484375,8.803
1157.6221800650237,595.09521484375,9.408
1157.9443776450062,595.09521484375,9.563
1158.2644314220233,456.72998046875,7.171
1158.5867132600106,544.46728515625,8.468
1158.9095317210013,595.095703125,9.191
1159.2320739190036,595.095703125,9.563
1159.554840123019,456.73046875,7.821
1159.8781081010238,724.46826171875,8.43
1160.2008671050135,595.09619140625,9.075
1160.524190126016,595.09619140625,9.641
1160.8462844080059,489.63330078125,8.842
1161.1682390070055,1029.71728515625,7.73
1161.490736405016,595.0966796875,8.92
1161.8145936490037,595.0966796875,9.331
1162.137920350011,595.0966796875,9.757
1162.4583661410143,456.7314453125,7.626
1162.7803494780092,746.96923828125,8.571
1163.1029261750227,595.09716796875,9.331
1163.4251919210074,595.09716796875,9.602
1163.7466669880087,456.73193359375,7.288
1164.0691553320212,724.4697265625,8.274
1164.3938409200055,595.09765625,9.075
1164.7165583590104,595.09765625,9.602
1165.0384309100045,489.634765625,8.779
1165.3598854670126,1029.71875,7.821
1165.6822897130041,595.09814453125,8.92
1166.006254642998,595.09814453125,9.331
1166.3301089460147,595.09814453125,9.834
1166.6509814390156,456.73291015625,7.587
1166.9731430240208,746.970703125,8.61
1167.295917394018,595.0986328125,9.37
1167.6184704780171,595.0986328125,9.563
1167.9409943130158,456.7333984375,7.288
1168.2642287600029,724.47119140625,8.274
1168.5890051380266,595.09912109375,9.036
1168.9120968620118,595.09912109375,9.563
1169.234119277011,489.63623046875,8.765
1169.5584482830018,1029.72021484375,7.665
1169.8818161110103,630.10986328125,8.803
1170.2045489459997,595.099609375,9.292
1170.5272284030216,595.099609375,9.641
1170.8498452670174,456.734375,7.432
1171.1731057970028,746.97216796875,8.454
1171.4955935699982,516.34375,9.292
1171.8184222170094,595.10009765625,9.525
1172.1429182050051,456.73486328125,7.405
1172.4658392710262,724.47265625,8.391
1172.788583148009,595.1005859375,9.075
1173.113152386999,595.1005859375,9.563
1173.4353295290202,489.6376953125,8.74
1173.7583657990035,1029.7216796875,7.704
1174.080880485999,595.10107421875,8.842
1174.4075849850196,595.10107421875,9.331
1174.730443619017,595.10107421875,9.757
1175.0544096100202,456.73583984375,7.249
1175.3771918260027,746.9736328125,8.43
1175.700586218998,599.416015625,9.23
1176.0230187300185,595.1015625,9.525
1176.347117559024,456.736328125,7.483
1176.6699637130077,724.47412109375,8.08
1176.9918008480163,595.10205078125,9.075
1177.314290225011,595.10205078125,9.525
1177.6386826630041,489.63916015625,9.036
1177.9605176220066,1029.72314453125,7.847
1178.2829771430115,595.1025390625,8.959
1178.6051160470233,595.1025390625,9.331
1178.9271757820097,621.11279296875,9.68
1179.2482072639978,456.7373046875,7.093
1179.5710369720182,746.97509765625,8.468
1179.8930246090167,595.10302734375,9.114
1180.2157682990073,595.23828125,9.563
1180.538124299026,456.73779296875,7.743
1180.8600554870209,724.4755859375,8.041
1181.1833645050065,595.103515625,8.959
1181.5053819360037,595.103515625,9.525
1181.827287876018,595.103515625,9.385
1182.1501471550146,984.724609375,7.587
1182.4725407890219,589.47900390625,8.571
1182.7953947880014,595.10400390625,9.308
1183.1183357010013,595.10400390625,9.525
1183.4385100750078,456.73876953125,7.483
1183.7606965040031,724.4765625,8.468
1184.0834172840114,595.1044921875,9.308
1184.4055769609986,595.1044921875,9.525
1184.7291696699976,456.7392578125,7.938
1185.0526483910216,724.47705078125,8.119
1185.375926948007,595.10498046875,9.036
1185.697765465011,595.10498046875,9.525
1186.0205588880053,595.10498046875,9.424
1186.3426811890095,1029.72607421875,7.821
1186.6650707299996,589.48046875,8.842
1186.9863712810038,595.10546875,9.331
1187.30870018102,595.10546875,9.757
1187.6293919150194,456.740234375,7.432
1187.953445183026,746.97802734375,8.571
1188.2775634760037,595.10595703125,9.23
1188.600430119026,626.7412109375,9.641
1188.9232022960205,456.74072265625,7.665
1189.245855526009,724.478515625,8.158
1189.5683711840247,595.1064453125,9.114
1189.8902325200033,595.1064453125,9.408
1190.2127283070004,482.61181640625,9.153
1190.5358373260242,1029.7275390625,7.743
1190.8579049080145,589.48193359375,8.726
1191.1811630200245,595.10693359375,9.408
1191.503838812001,595.10693359375,9.602
1191.8252441369987,456.74169921875,7.093
1192.147439916007,746.92236328125,8.391
1192.469962777017,595.107421875,9.23
1192.7946388800046,595.107421875,9.563
1193.1183280130208,456.7421875,7.743
1193.4412066600053,724.47998046875,8.196
1193.7641272280016,595.10791015625,9.153
1194.0864059870073,595.10791015625,9.408
1194.4091733030218,489.64501953125,9.153
1194.732237556018,1029.72900390625,7.704
1195.054165330017,589.4833984375,8.726
1195.3771735500195,595.1083984375,9.447
1195.6997780780075,595.1083984375,9.602
1196.0214269650169,456.7431640625,7.171
1196.345096420002,746.98095703125,8.532
1196.667482927005,595.10888671875,9.153
1196.9888374700095,595.10888671875,9.641
1197.3127509000187,456.74365234375,7.704
1197.6342622480006,1034.04443359375,8.002
1197.9566442440264,595.109375,8.842
1198.2800332440238,655.99462890625,9.447
1198.6017773350177,595.109375,9.641
1198.9253676530207,456.744140625,7.315
1199.248380996025,746.98193359375,8.546
1199.5706797590246,595.10986328125,9.191
1199.894414401002,595.10986328125,9.641
1200.216351939016,456.74462890625,7.132
1200.5392845760216,724.482421875,8.313
1200.8621854040248,595.1103515625,9.153
1201.1854590750008,595.1103515625,9.486
1201.5079246920068,492.4599609375,8.391
1201.8306046180078,1029.7314453125,8.196
1202.1529233200126,595.11083984375,9.075
1202.4750744650082,595.11083984375,9.486
1202.7976719580183,595.11083984375,9.834
1203.1214639800019,1029.73193359375,7.86
1203.4438436760101,589.486328125,8.92
1203.7657171500032,595.111328125,9.331
1204.088391894009,595.111328125,9.718
1204.4122622880095,456.74609375,7.366
1204.7357074850006,746.9267578125,8.507
1205.0580227320024,595.11181640625,9.23
1205.380789960007,595.11181640625,9.602
1205.7032379150041,456.74658203125,7.782
1206.0250701090263,645.73095703125,8.08
1206.3491687350033,595.1123046875,8.92
1206.6722381470026,595.1123046875,9.525
1206.9936250820174,595.1123046875,9.602
1207.314977904025,1029.7333984375,7.821
1207.6374808380206,589.48779296875,8.842
1207.9595674720185,595.11279296875,9.331
1208.2825701330148,595.11279296875,9.757
1208.6083532210032,456.74755859375,7.288
1208.930622454005,724.4853515625,8.352
1209.253158189007,595.11328125,9.269
1209.5753391320177,595.11328125,9.486
1209.8973222450004,456.748046875,7.938
1210.219865053019,724.48583984375,8.119
1210.5418278459983,595.11376953125,8.959
1210.8646465670026,595.11376953125,9.525
1211.186447020009,595.11376953125,9.463
1211.5091582820169,1034.83154296875,7.743
1211.8312422950112,589.4892578125,8.765
1212.1536429890257,595.1142578125,9.292
1212.4762615130167,599.4287109375,9.68
1212.8002208740218,456.7490234375,7.171
1213.1219971680257,724.48681640625,8.235
1213.4435219670122,595.11474609375,9.114
1213.766494741023,595.11474609375,9.602
1214.0890599210106,472.82958984375,8.119
1214.4120147120266,1029.73583984375,7.782
1214.7343592140242,595.115234375,8.765
1215.0572168180079,595.115234375,9.408
1215.3803791990213,595.115234375,9.834
1215.7021283260256,456.75,7.354
1216.02495009001,746.98779296875,8.507
1216.3470614020189,595.11572265625,9.269
1216.6694803720166,595.11572265625,9.563
1216.9901815660123,456.75048828125,7.327
1217.311626397015,724.48828125,8.391
1217.6334911440208,595.1162109375,9.114
1217.9558310070133,595.1162109375,9.563
1218.2779275370121,489.6533203125,8.74
1218.6049496110063,1029.7373046875,7.847
1218.9283862099983,595.11669921875,8.842
1219.2515692980087,599.56640625,9.447
1219.5733718360134,595.11669921875,9.796
1219.8968459080206,456.75146484375,7.171
1220.2202733880258,746.9892578125,8.352
1220.5426371590002,626.75244140625,9.269
1220.8645653330022,595.1171875,9.525
1221.1888944700186,456.751953125,7.405
1221.5110741720127,724.48974609375,8.002
1221.8342037240218,516.3671875,9.036
1222.1567198840203,595.11767578125,9.408
1222.4795636690105,488.236328125,9.269
1222.8031220010016,1029.73876953125,7.782
1223.1249291819986,589.4931640625,8.803
1223.4473411150102,595.1181640625,9.486
1223.7693381580175,595.1181640625,9.641
1224.0924272300035,456.7529296875,7.432
1224.4177267000196,746.99072265625,8.571
1224.740363985009,626.75390625,9.308
1225.0625306000002,595.11865234375,9.525
1225.3867376249982,456.75341796875,7.483
1225.709198393015,724.4912109375,8.158
1226.0315731430019,595.119140625,8.997
1226.3540765370126,595.11962890625,9.486
1226.6758487750194,489.65625,8.959
1226.9986202080036,578.58984375,7.51
1227.3212228060002,589.49462890625,8.648
1227.6433715030144,595.11962890625,9.23
1227.9658882100193,488.23828125,9.641
1228.2883040190209,456.75439453125,7.327
1228.6144116090145,724.4921875,8.391
1228.936964542023,595.1201171875,9.23
1229.2588041440176,595.1201171875,9.486
1229.5814027099987,456.7548828125,7.976
1229.904039806017,1029.7412109375,8.002
1230.2268510830181,595.12060546875,8.959
1230.548618203,595.12060546875,9.37
1230.870745909022,595.12060546875,9.834
1231.195836546016,456.75537109375,7.315
1231.5185630210035,746.9931640625,8.571
1231.8405392999994,595.12109375,9.153
1232.1646348370123,476.99169921875,9.641
1232.4877950210066,456.755859375,7.093
1232.810964229022,724.49365234375,8.041
1233.1336100310145,595.12158203125,8.92
1233.4553190400184,488.25146484375,9.486
1233.7780518520158,489.65869140625,8.881
1234.1013967780164,1029.74267578125,7.626
1234.4255743360263,589.4970703125,8.803
1234.7475715129985,595.1220703125,9.385
1235.069865434023,595.1220703125,9.602
1235.3904041080095,456.716796875,6.402
1235.7126853250084,724.45458984375,7.963
1236.0356470090046,595.08251953125,8.997
1236.3595127510198,595.08251953125,9.408
1236.681039965013,492.43212890625,8.468
1237.003614055022,1029.703125,8.274
1237.3269871440134,595.08251953125,9.114
1237.6490394280117,595.08251953125,9.447
1237.9715149570256,595.08251953125,9.796
1238.2925800780067,1074.703125,7.548
1238.6180371290247,533.20166015625,8.571
1238.9413095120108,595.0830078125,9.269
1239.2637424160202,595.0830078125,9.563
1239.5873456570262,456.7177734375,7.054
1239.9092452660261,724.45556640625,8.313
1240.2316006970068,595.08349609375,9.153
1240.5538235480199,595.08349609375,9.447
1240.8755638890143,479.9521484375,8.468
1241.1973301520047,1029.70458984375,7.665
1241.5212892760173,595.083984375,8.881
1241.8434895670216,595.083984375,9.308
1242.1678470059996,595.083984375,9.757
1242.4884477330197,456.71875,7.432
1242.8109656330198,746.95654296875,8.468
1243.1353887389996,595.08447265625,9.308
1243.4580877330154,595.08447265625,9.563
1243.7809419630212,456.71923828125,7.366
1244.1038502750162,724.45703125,8.235
1244.4280007019988,595.0849609375,9.036
1244.751223935018,595.0849609375,9.563
1245.0734816050099,489.6220703125,8.765
1245.3959946430114,1029.7060546875,7.743
1245.718706790998,527.5791015625,8.842
1246.0409985430015,595.08544921875,9.308
1246.366497872019,621.095703125,9.718
1246.6886281480256,456.72021484375,7.249
1247.01115049902,746.9580078125,8.546
1247.3332574150118,595.0859375,9.23
1247.6559106500063,595.0859375,9.641
1247.978812180023,456.720703125,7.548
1248.3019901350199,724.45849609375,8.002
1248.6250197970076,533.205078125,9.075
1248.9474406100053,595.08642578125,9.408
1249.2698574560054,516.330078125,9.191
1249.5936418600031,1029.70751953125,7.665
1249.9160811699985,589.4619140625,8.687
1250.2404420060047,595.0869140625,9.308
1250.5624294970185,595.0869140625,9.641
1250.8872002639982,456.7216796875,6.742
1251.2100168340257,724.45947265625,8.041
1251.5332839440089,595.08740234375,8.997
1251.8561076830083,626.72265625,9.486
1252.1802391380188,493.71826171875,8.235
1252.5052717690123,1029.70849609375,7.743
1252.8280219060252,595.087890625,8.765
1253.1501808590256,499.45654296875,9.408
1253.471331784007,595.087890625,9.834
1253.7928665600193,984.708984375,7.976
1254.1163015490165,589.46337890625,8.687
1254.4380308270047,595.08837890625,9.447
1254.7605813429982,595.08837890625,9.602
1255.0851120100124,456.72314453125,6.859
1255.4081107640231,724.4609375,8.274
1255.7304397390108,595.0888671875,9.114
1256.052721545013,595.0888671875,9.37
1256.3755703430215,474.14794921875,8.546
1256.6973804240115,1029.7099609375,7.769
1257.0182024460228,595.08935546875,8.842
1257.3406552660163,595.08935546875,9.37
1257.662448003015,595.08935546875,9.718
1257.9829877460143,456.72412109375,7.354
1258.3053193460219,746.9619140625,8.43
1258.629054442019,595.08984375,9.269
1258.951220278017,595.08984375,9.486
1259.2773654570046,456.724609375,7.288
1259.5995397740044,724.46240234375,7.86
1259.9218601110042,595.09033203125,8.842
1260.2466159720207,595.09033203125,9.37
1260.5702824910113,595.09033203125,9.269
1260.8932407020184,984.71142578125,7.51
1261.2159775960026,589.4658203125,8.493
1261.539305578015,595.0908203125,9.292
1261.8620101510023,595.0908203125,9.486
1262.1833366380015,456.7255859375,7.249
1262.5053977700009,724.46337890625,8.313
1262.8273680190032,595.09130859375,9.114
1263.1528765750118,595.09130859375,9.602
1263.473557445017,456.72607421875,8.196
1263.7960534050071,1029.71240234375,7.924
1264.119165703014,621.10205078125,8.92
1264.4410938720102,595.091796875,9.408
1264.7636575790239,595.091796875,9.796
1265.0870828450134,510.7109375,7.626
1265.4098181410227,533.2109375,8.648
1265.7323753530218,595.09228515625,9.292
1266.055193755019,595.09228515625,9.602
1266.3763738410198,456.72705078125,7.054
1266.6985935390112,724.46484375,8.235
1267.0190621490183,595.0927734375,9.075
1267.341453661007,595.0927734375,9.602
1267.6631562900147,489.6298828125,8.74
1267.9862499650044,1029.7138671875,7.548
1268.3083152600157,589.46826171875,8.687
1268.6315738690028,595.09326171875,9.408
1268.9566288470232,595.09326171875,9.602
1269.2798826550134,456.72802734375,6.937
1269.6023713230097,724.4658203125,8.196
1269.9244368750078,595.09375,9.191
1270.246617118013,595.09375,9.447
1270.5683118770248,456.728515625,8.015
1270.8908648990036,724.46630859375,8.235
1271.2130151900055,595.09423828125,9.153
1271.5369841880165,595.09423828125,9.486
1271.8607022979995,476.974609375,9.153
1272.1840579679993,1029.71533203125,7.782
1272.5077579019999,589.4697265625,8.842
1272.8300114290032,595.0947265625,9.408
1273.152091320022,595.0947265625,9.602
1273.4751272050198,456.7294921875,7.171
1273.7983833200124,746.96728515625,8.468
1274.1203886490257,595.09521484375,9.114
1274.442697602004,621.10546875,9.563
1274.7653707260033,456.72998046875,7.665
1275.0875905890134,1029.71630859375,7.963
1275.409376104013,595.095703125,8.881
1275.733429459011,595.095703125,9.408
1276.0556202660082,595.095703125,9.68
1276.3766758100246,465.71484375,7.393
1276.6997709300194,746.96826171875,8.585
1277.0205225620011,595.09619140625,9.191
1277.3438348410127,595.09619140625,9.68
1277.667724384024,456.73095703125,7.054
1277.9899741370173,724.46875,8.196
1278.3125205399992,595.0966796875,8.997
1278.634811031021,595.0966796875,9.525
1278.9567970019998,489.6337890625,8.701
1279.2806818420067,1029.7177734375,7.691
1279.604748990998,595.09716796875,8.881
1279.9271918710147,595.09716796875,9.292
1280.250048683025,595.09716796875,9.718
1280.5706722169998,456.73193359375,7.548
1280.8928749629995,746.9697265625,8.532
1281.2154941690096,595.09765625,9.308
1281.5377537489985,595.09765625,9.563
1281.8598069240106,456.732421875,7.288
1282.181947044999,724.47021484375,8.041
1282.5038574640057,595.09814453125,9.075
1282.8261434450105,595.09814453125,9.408
1283.1484449150157,489.63525390625,9.036
1283.4704935790214,1029.71923828125,7.626
1283.7927874970192,589.4736328125,8.648
1284.1150205820159,595.0986328125,9.269
1284.4405752630264,595.0986328125,9.602
1284.7635307680175,456.7333984375,7.21
1285.0856619620172,729.78564453125,8.352
1285.4078716229997,595.09912109375,9.269
1285.7302516570198,595.09912109375,9.486
1286.0526550510258,456.73388671875,7.782
1286.3777407290181,724.4716796875,8.119
1286.7002242220042,626.73486328125,9.036
1287.0223392890184,595.099609375,9.486
1287.3443426090234,696.349609375,9.346
1287.6668590640184,1029.720703125,7.743
1287.988924625999,589.47509765625,8.726
1288.3113882800099,595.10009765625,9.447
1288.6385793280206,595.10009765625,9.641
1288.959328566998,456.73486328125,7.093
1289.2819495050062,578.21923828125,8.391
1289.6042642910033,595.1005859375,9.191
1289.927013425011,595.1005859375,9.525
1290.2531173090101,456.7353515625,7.704
1290.5764806689986,724.47314453125,8.08
1290.8991096719983,626.736328125,9.036
1291.2219924110104,595.10107421875,9.37
1291.5448167480063,595.1015625,9.269
1291.8663657860016,984.72216796875,7.548
1292.1892596620019,589.4765625,8.571
1292.5116597960005,595.1015625,9.37
1292.8339028700138,595.1015625,9.563
1293.1545289070054,456.736328125,7.249
1293.4762827520026,724.47412109375,8.274
1293.799075826013,595.10205078125,9.075
1294.1231641030172,595.10205078125,9.563
1294.4482926019991,465.72119140625,8.196
1294.7710970050248,724.474609375,8.313
1295.0935770140204,499.47119140625,9.153
1295.4169223280041,595.1025390625,9.486
1295.739108698006,626.73779296875,9.269
1296.0617658650153,1029.7236328125,7.587
1296.3859302430064,589.47802734375,8.765
1296.708932731999,595.10302734375,9.292
1297.0308041500102,595.10302734375,9.718
1297.3520502390165,456.73779296875,7.393
1297.6754341150227,544.47216796875,8.546
1297.9978102830064,595.103515625,9.23
1298.3211414540128,595.103515625,9.602
1298.6442878200032,456.73828125,7.743
1298.9670874889998,724.47607421875,8.08
1299.289594062022,655.9892578125,9.036
1299.6115997250017,595.10400390625,9.486
1299.9341631630086,595.10400390625,9.308
1300.2564830760239,1029.72509765625,7.665
1300.5785765820183,589.4794921875,8.765
1300.9005198760133,595.1044921875,9.292
1301.2232329510152,595.1044921875,9.68
1301.5454385570192,456.7392578125,7.21
1301.867917546013,724.47705078125,8.313
1302.1903705830046,595.10498046875,9.269
1302.5126084460062,595.10498046875,9.525
1302.8369592320232,456.73974609375,7.938
1303.1599873570085,1029.72607421875,8.041
1303.4822151730186,595.10546875,8.959
1303.804938938003,595.10546875,9.447
1304.127347975009,595.10546875,9.68
1304.4488019130076,691.22607421875,7.86
1304.771279816021,589.48095703125,8.803
1305.0932417050062,595.10595703125,9.269
1305.4158787170018,488.2470703125,9.718
1305.7391119050153,456.74072265625,7.249
1306.062414087006,724.478515625,8.274
1306.3857371350168,595.1064453125,9.191
1306.7076163660095,595.1064453125,9.563
1307.0282037860015,456.7412109375,8.119
1307.3498260510096,1029.7275390625,7.743
1307.6720313390251,595.10693359375,8.765
1307.9947367700224,499.6572265625,9.447
1308.3172079230135,595.10693359375,9.796
1308.6452756150102,456.74169921875,7.665
1308.9691128220002,746.9794921875,8.648
1309.2915602310095,595.107421875,9.191
1309.614556807006,595.107421875,9.68
1309.938931117009,456.7421875,7.054
1310.2615577310207,724.47998046875,8.235
1310.5838777770114,615.4931640625,9.075
1310.9063823080214,595.10791015625,9.447
1311.2288063570159,489.6455078125,8.546
1311.5512103090005,1029.72900390625,8.002
1311.872702940018,595.1083984375,8.842
1312.1957723840023,595.1083984375,9.486
1312.5183354449982,595.1083984375,9.834
1312.838816657022,984.7294921875,7.899
1313.1619972720218,589.48388671875,8.648
1313.4849621050234,595.10888671875,9.408
1313.807379979,595.10888671875,9.563
1314.129113099014,456.74365234375,7.288
1314.4536908410082,724.4814453125,8.313
1314.777065606002,595.109375,9.114
1315.0996296930243,595.109375,9.563
1315.421132087009,456.744140625,8.132
1315.7437469590222,724.48193359375,8.235
1316.0656407560164,595.10986328125,8.92
1316.3911766380188,595.10986328125,9.525
1316.7138614010182,595.10986328125,9.424
1317.0338441370113,623.22900390625,7.704
1317.3552575380018,589.4853515625,8.726
1317.6773391800234,595.1103515625,9.269
1317.9999451580225,599.4248046875,9.602
1318.3224249560153,456.7451171875,7.054
1318.6497202800238,724.48291015625,8.196
1318.9719756880077,595.11083984375,9.036
1319.2944951040263,595.11083984375,9.563
1319.6159842839988,456.74560546875,8.119
1319.939640851022,1029.73193359375,8.08
1320.2622247820254,595.111328125,8.959
1320.5852040510217,595.111328125,9.408
1320.9078529430262,595.111328125,9.757
1321.2293504440167,984.732421875,7.548
1321.5522154060018,589.48681640625,8.532
1321.874143383,516.35546875,9.308
1322.196035807021,595.11181640625,9.525
1322.5164372140134,456.74658203125,7.522
1322.8403461740236,724.484375,8.391
1323.1625080780068,595.1123046875,9.153
1323.484376374021,595.1123046875,9.563
1323.8086942740192,456.7470703125,8.054
1324.1334606670134,724.48486328125,8.158
1324.4595886340248,595.11279296875,8.997
1324.78224744802,595.11279296875,9.486
1325.104395849019,595.11279296875,9.346
1325.4273033750069,1029.73388671875,7.665
1325.7493709730043,589.48828125,8.687
1326.0713725860114,595.11328125,9.191
1326.3953690390044,499.48193359375,9.641
1326.7168592140079,456.748046875,6.898
1327.038227210025,724.48583984375,8.119
1327.3598104120174,595.11376953125,9.036
1327.681868091022,595.11376953125,9.447
1328.0037495100114,492.46337890625,8.313
1328.3260495320137,1029.73486328125,8.041
1328.6533830710105,476.98291015625,8.997
1328.9760467190063,595.1142578125,9.331
1329.2984625220124,595.1142578125,9.873
1329.6194399800152,984.7353515625,7.899
1329.9414297550102,589.48974609375,8.687
1330.2637302260264,595.11474609375,9.308
1330.5856877760089,595.11474609375,9.525
1330.905618934019,456.74951171875,7.054
1331.22822882302,724.4873046875,8.196
1331.5502972250106,595.115234375,9.114
1331.872252599016,595.115234375,9.486
1332.1968698400015,492.46484375,8.352
1332.5198994850216,1029.736328125,7.847
1332.8416391420178,595.11572265625,8.803
1333.164449901,595.11572265625,9.447
1333.486642755015,595.11572265625,9.834
1333.8111748750089,456.75048828125,7.548
1334.1345220650255,746.98828125,8.648
1334.4595802150143,595.1162109375,9.215
1334.7821806330176,595.1162109375,9.68
1335.1052793380222,456.7509765625,7.054
1335.4297580480052,724.48876953125,8.196
1335.751361639006,595.11669921875,8.92
1336.0740510520118,595.11669921875,9.486
1336.3976905080199,489.65380859375,8.779
1336.7209955550206,1029.73779296875,8.002
1337.0422756810149,595.1171875,8.881
1337.3647181120177,505.29248046875,9.486
1337.686460972007,595.1171875,9.796
1338.0070316390193,456.751953125,7.327
1338.329234928009,746.98974609375,8.468
1338.6553782950214,595.11767578125,9.308
1338.9781142070133,595.11767578125,9.486
1339.3023012950143,456.75244140625,7.366
1339.624267362,724.490234375,8.313
1339.9469657060108,595.1181640625,9.036
1340.2710481200193,595.1181640625,9.525
1340.5932575220068,489.6552734375,8.74
1340.9155456139997,1029.7392578125,7.665
1341.2385479670193,593.943359375,8.803
1341.5603308620048,595.11865234375,9.37
1341.8820767959987,595.11865234375,9.68
1342.202685641998,456.75341796875,7.51
1342.5243877030152,746.9912109375,8.532
1342.8473450630263,516.36279296875,9.346
1343.1698658990208,595.119140625,9.563
1343.491882369999,456.75390625,7.51
1343.814101630007,724.49169921875,8.43
1344.137070287019,595.11962890625,9.114
1344.4627971330192,595.11962890625,9.525
1344.787166085007,489.65673828125,8.585
1345.1097384750028,1029.74072265625,7.691
1345.4310878240212,595.1201171875,8.92
1345.7537320570264,595.1201171875,9.331
1346.0766765540175,595.1201171875,9.718
1346.398612768011,456.7548828125,7.171
1346.721985726006,746.99267578125,8.468
1347.0429396399995,595.12060546875,9.153
1347.3665711970243,595.12060546875,9.68
1347.6888881260238,456.75537109375,7.587
1348.0125180510222,724.4931640625,8.119
1348.3354387090076,595.12109375,9.114
1348.6606358140125,595.12109375,9.408
1348.983766750025,489.658203125,9.036
1349.3063146620116,1029.7421875,7.587
1349.6288103490078,589.49658203125,8.687
1349.9512330420257,626.7568359375,9.37
1350.2733826710028,595.12158203125,9.602
1350.5963950770092,456.75634765625,7.626
1350.9185076490103,746.994140625,8.571
1351.2427123440139,595.1220703125,9.269
1351.5644174820045,595.1220703125,9.602
1351.8882983920048,456.7568359375,7.432
1352.2116974650125,724.49462890625,7.924
1352.5340724780108,595.12255859375,8.959
1352.8559939740226,595.12255859375,9.447
1353.1783039290167,595.12255859375,9.385
1353.499814758019,1029.74365234375,7.743
1353.8239475490118,589.498046875,8.765
1354.1469252030074,595.123046875,9.23
1354.4708225310023,494.04833984375,9.718
1354.792053481011,456.7578125,7.132
1355.1141306950012,724.49560546875,8.196
1355.4359745580005,595.12353515625,9.075
1355.7609418040083,595.12353515625,9.563
1356.083413141023,456.75830078125,8.08
1356.4076232470106,1029.74462890625,8.196
1356.7304451860255,595.1240234375,8.959
1357.0518649430014,595.1240234375,9.447
1357.3751105740084,595.1240234375,9.796
1357.6957253800065,533.5947265625,7.51
1358.0191943140235,758.189453125,8.585
1358.3428852700163,595.12451171875,9.269
1358.6683725650073,595.12451171875,9.602
1358.9902851680235,456.75927734375,6.976
1359.3130795550242,724.4970703125,8.235
1359.6358322140004,595.125,9.153
1359.957782898011,595.125,9.408
1360.2796648450021,479.80908203125,8.468
1360.6020153170102,1029.74609375,7.665
1360.924289307004,595.12548828125,8.803
1361.2464802550094,595.12548828125,9.269
1361.569170577015,516.375,9.757
1361.8908859600197,456.76025390625,7.093
1362.2134795120219,746.998046875,8.43
1362.5360624070163,595.1259765625,9.153
1362.8598358640156,510.75048828125,9.602
1363.1847683610104,456.716796875,7.587
1363.5066066280124,724.45458984375,8.041
1363.8288579310174,595.08251953125,8.881
1364.1520441710018,595.08251953125,9.486
1364.4740377390117,595.08251953125,9.525
1364.7950012630026,984.703125,7.626
1365.118341652007,589.45751953125,8.61
1365.4412313740177,595.08251953125,9.346
1365.763382707024,595.08251953125,9.602
1366.0835119039984,456.71728515625,7.249
1366.4070563320129,724.455078125,8.313
1366.7302636940149,595.0830078125,9.114
1367.0530068520166,595.0830078125,9.602
1367.3752553090162,456.7177734375,8.21
1367.6972214530106,1029.7041015625,7.924
1368.0199635880126,499.474609375,8.959
1368.3421905400173,595.08349609375,9.37
1368.6681871650217,626.71875,9.912
1368.990846450004,456.71826171875,7.354
1369.3128728849988,746.9560546875,8.546
1369.6353802620142,595.083984375,9.191
1369.958052603004,599.3984375,9.525
1370.280420968018,456.71875,7.171
1370.602644626022,724.45654296875,8.158
1370.9246838300023,595.08447265625,8.959
1371.2479289240146,600.708984375,9.525
1371.5699674560165,489.62158203125,8.881
1371.892359727004,1029.70556640625,7.587
1372.2145101350034,589.4599609375,8.648
1372.536540412024,595.0849609375,9.408
1372.859223219013,595.0849609375,9.563
1373.1818446480029,456.7197265625,7.132
1373.5029062270187,746.95751953125,8.468
1373.826320638007,595.08544921875,9.153
1374.1494325140084,599.53515625,9.563
1374.4722592300095,456.72021484375,7.743
1374.7944930970261,724.4580078125,8.041
1375.1168334320246,595.0859375,8.92
1375.4398806350073,595.0859375,9.525
1375.7622401380213,595.0859375,9.424
1376.0837145289988,984.70703125,7.51
1376.405992494023,589.46142578125,8.571
1376.7290672500094,595.08642578125,9.37
1377.0504395270254,595.08642578125,9.602
1377.3737460970005,456.72119140625,6.937
1377.6954344469996,724.458984375,8.235
1378.0194230530178,595.0869140625,9.114
1378.3416639300121,595.0869140625,9.447
1378.6679521210026,479.77978515625,8.468
1378.9909055300232,1029.7080078125,7.743
1379.3135270580242,595.08740234375,8.765
1379.635641661007,599.40185546875,9.37
1379.9581009450194,595.08740234375,9.757
1380.281317371002,456.72216796875,7.171
1380.6041273850133,746.9599609375,8.43
1380.9275214150257,626.72314453125,9.23
1381.2499665560026,595.087890625,9.525
1381.571182574,456.72265625,7.483
1381.8931721820263,724.46044921875,8.235
1382.2162267800013,595.08837890625,9.036
1382.5384594030038,516.33203125,9.602
1382.860910880001,489.62548828125,8.881
1383.1839569350122,1029.70947265625,7.51
1383.505718889006,589.4638671875,8.648
1383.8287262860104,611.96337890625,9.37
1384.151336201001,595.0888671875,9.563
1384.4736822360137,456.7236328125,7.015
1384.7955240330193,724.46142578125,8.158
1385.1181942370022,716.724609375,9.114
1385.4414503780135,595.08935546875,9.486
1385.7665194340225,456.72412109375,7.938
1386.0890072660113,1029.71044921875,8.002
1386.4118012820254,595.08984375,8.959
1386.7346427240118,595.08984375,9.408
1387.0558090160193,595.08984375,9.796
1387.3763482820068,984.7109375,7.587
1387.6998224460112,499.458984375,8.571
1388.0261916989984,595.0908203125,9.308
1388.3489638280007,595.09033203125,9.563
1388.676156528003,456.72509765625,7.093
1388.9985068530077,724.462890625,8.235
1389.3203727170185,595.0908203125,9.075
1389.6427986290073,595.0908203125,9.525
1389.9647977770073,492.4404296875,8.313
1390.2866412730073,1029.7119140625,7.548
1390.6102354410104,595.09130859375,8.803
1390.9321020420175,595.09130859375,9.269
1391.254294028011,595.09130859375,9.68
1391.5783284979989,456.72607421875,7.171
1391.9002044110093,746.9638671875,8.468
1392.222744439001,595.091796875,9.114
1392.5448681359994,595.091796875,9.641
1392.8663886160066,456.7265625,7.548
1393.1898600620043,724.46435546875,8.002
1393.5150417010009,626.7275390625,9.036
1393.8374718060077,595.09228515625,9.408
1394.1598442789982,626.7275390625,9.191
1394.4827507500013,984.71337890625,7.587
1394.8059821580246,589.4677734375,8.648
1395.128055551002,595.0927734375,9.23
1395.4504039590247,635.72802734375,9.68
1395.7715250370093,456.7275390625,7.093
1396.0950557190226,724.46533203125,8.158
1396.4183766030183,595.09326171875,9.114
1396.740678354021,595.09326171875,9.602
1397.0626055350003,472.80810546875,8.235
1397.3850544590096,1029.71435546875,8.274
1397.7070835950144,595.09375,8.997
1398.029597257002,599.408203125,9.486
1398.3517205730022,595.09375,9.68
1398.6794091949996,984.71484375,7.626
1399.0022702910064,589.46923828125,8.532
1399.3252256300184,595.09423828125,9.331
1399.6476195779978,595.09423828125,9.525
1399.972572092025,456.72900390625,6.937
1400.29542781302,724.466796875,8.158
1400.617203952017,595.0947265625,9.114
1400.9388646630105,595.0947265625,9.408
1401.2613931430096,492.4443359375,8.391
1401.5829882530088,1029.7158203125,7.471
1401.9060546359979,593.78466796875,8.765
1402.228327941004,595.09521484375,9.308
1402.5507847080007,595.09521484375,9.641
1402.8728626800003,456.72998046875,7.093
1403.195235444,746.9677734375,8.43
1403.516682039015,595.095703125,9.153
1403.8398450340028,599.41015625,9.563
1404.1625354709977,456.73046875,7.665
1404.4864745520172,724.46826171875,8.041
1404.810651879001,595.09619140625,8.997
1405.1362670070084,595.09619140625,9.408
1405.460679381009,635.7314453125,9.269
1405.782557573024,1029.71728515625,7.665
1406.1061286120093,589.4716796875,8.726
1406.430553307,595.0966796875,9.331
1406.7544672680087,595.0966796875,9.641
1407.0767527999997,456.7314453125,7.249
1407.3994573189993,725.537109375,8.468
1407.7216056949983,595.09716796875,9.269
1408.0437333350128,595.09716796875,9.525
1408.3664897600247,456.73193359375,7.821
1408.6892544740112,724.4697265625,8.08
1409.011434052023,595.09765625,8.881
1409.3343806269986,595.09765625,9.486
1409.656345927011,595.09765625,9.563
1409.9773876490071,984.71875,7.665
1410.299298132013,589.47314453125,8.61
1410.621810711018,595.09814453125,9.385
1410.9441325330117,595.09814453125,9.563
1411.2651888810215,456.73291015625,7.015
1411.587652563001,724.470703125,8.196
1411.9093811860075,595.0986328125,9.114
1412.23191047,595.0986328125,9.486
1412.5540901780187,492.4482421875,8.391
1412.8767383460072,1029.7197265625,7.963
1413.2003159480228,595.09912109375,8.92
1413.5227000460145,595.09912109375,9.447
1413.8460643940198,595.09912109375,9.873
1414.1713613730099,456.73388671875,7.471
1414.4974518460222,746.9716796875,8.648
1414.8198479120038,595.099609375,9.191
1415.1422962040233,595.099609375,9.641
1415.4645619950024,456.734375,7.171
1415.7865053770074,724.47216796875,8.313
1416.109570774017,595.10009765625,9.153
1416.4318583580025,595.10009765625,9.447
1416.753789644019,492.44970703125,8.468
1417.0756872650236,1029.72119140625,7.315
1417.3981704710168,589.4755859375,8.585
1417.7213516800257,635.73583984375,9.308
1418.043388474005,595.1005859375,9.563
1418.3636496660183,456.7353515625,7.249
1418.6913388730027,544.82421875,8.507
1419.0136092420144,595.10107421875,9.114
1419.3357696870225,502.98046875,9.602
1419.6584985970112,456.73583984375,7.704
1419.9811580970127,724.4736328125,8.002
1420.3033301590185,595.1015625,8.959
1420.625239334011,595.1015625,9.486
1420.9476396270038,595.1015625,9.385
1421.270533182018,984.72265625,7.432
1421.5935537160258,589.47705078125,8.493
1421.9153553050128,595.10205078125,9.37
1422.2380949360086,595.10205078125,9.525
1422.560007120017,456.73681640625,7.444
1422.8819914339983,724.474609375,8.352
1423.205830936,595.1025390625,9.191
1423.5272254419979,595.1025390625,9.641
1423.8495553020039,456.7373046875,8.054
1424.1720825119992,1029.7236328125,7.704
1424.4961708540213,595.10302734375,8.842
1424.8190998350037,595.10302734375,9.408
1425.1411601520085,595.10302734375,9.757
1425.461886288016,456.73779296875,7.249
1425.7841927890258,746.9755859375,8.391
1426.107011398999,595.103515625,9.308
1426.4297709050006,595.103515625,9.563
1426.753790509014,456.73828125,7.366
1427.0757281999977,724.47607421875,8.002
1427.3982188980153,595.10400390625,9.114
1427.720773054025,595.10400390625,9.408
1428.0435889780056,489.640625,9.153
1428.365915960021,1029.72509765625,7.626
1428.6923629930243,589.4794921875,8.726
1429.0155569120252,595.1044921875,9.331
1429.3382397759997,595.1044921875,9.641
1429.6598136500106,456.7392578125,7.432
1429.9833701390016,746.97705078125,8.624
1430.3054507790075,595.10498046875,9.191
1430.6285877040063,499.6552734375,9.68
1430.952334727015,456.73974609375,7.626
1431.274826835026,544.47705078125,7.963
1431.598950125015,595.10546875,8.881
1431.922946851002,595.10546875,9.563
1432.2451513350243,595.10546875,9.502
1432.5664969790087,984.7265625,7.665
1432.8904049990233,589.48095703125,8.61
1433.214676454023,595.10595703125,9.346
1433.5395457810082,595.10595703125,9.602
1433.8618174360017,456.74072265625,7.366
1434.1851241280092,724.478515625,8.313
1434.5085474950029,599.55615234375,9.269
1434.8312654990004,595.1064453125,9.525
1435.1542274130043,456.7412109375,7.976
1435.4777688320028,724.47900390625,8.235
1435.7997956170002,595.10693359375,8.959
1436.1231715280155,595.10693359375,9.525
1436.4465825750085,595.10693359375,9.563
1436.7698198580183,1029.72802734375,8.119
1437.0926973870082,595.107421875,9.075
1437.4152626840223,595.107421875,9.447
1437.7382371120038,595.107421875,9.834
1438.0592959350033,456.7421875,7.51
1438.3815632390033,746.97998046875,8.571
1438.7047175769985,595.10791015625,9.331
1439.0267000420135,595.10791015625,9.525
1439.3510244280042,456.74267578125,7.288
1439.6735268120246,724.48046875,8.002
1439.9967853450216,595.1083984375,9.036
1440.3194825180108,595.1083984375,9.331
1440.6441810280085,489.6455078125,9.075
1440.9676862560154,1029.7294921875,7.665
1441.2913168960076,589.48388671875,8.765
1441.6142434520007,595.10888671875,9.408
1441.9369184810203,595.10888671875,9.68
1442.2577119870111,456.74365234375,7.276
1442.583001201012,746.9814453125,8.571
1442.9060529780108,595.109375,9.191
1443.2299905710097,595.109375,9.641
1443.5537349110236,456.744140625,7.626
1443.8790729600005,724.48193359375,8.119
1444.2014874390152,595.10986328125,9.036
1444.5233124930237,595.10986328125,9.447
1444.8485312109988,489.64697265625,8.997
1445.1727775180188,1029.73095703125,7.665
1445.4947696500167,589.4853515625,8.765
1445.8174868900096,595.1103515625,9.408
1446.1399524750013,595.1103515625,9.563
1446.4649118579982,456.7451171875,7.093
1446.7875092560134,724.48291015625,8.313
1447.110099389014,595.11083984375,9.23
1447.4323721050168,595.11083984375,9.525
1447.754206026002,456.74560546875,7.899
1448.076978691999,724.4833984375,8.158
1448.399406038021,595.111328125,8.92
1448.7223054920032,595.111328125,9.525
1449.0463912520208,595.111328125,9.486
1449.3682786780118,984.732421875,7.704
1449.6938203510072,589.48681640625,8.726
1450.0159260240034,595.11181640625,9.269
1450.3388211270212,621.1220703125,9.641
1450.6625449570129,456.74658203125,7.366
1450.9844560330093,724.484375,8.352
1451.306848466018,499.66259765625,9.23
1451.628875002003,595.1123046875,9.525
1451.951114215015,456.7470703125,8.015
1452.2751386630116,690.7314453125,8.158
1452.597794975998,595.11279296875,8.997
1452.919525247009,595.11279296875,9.525
1453.241671819007,595.11279296875,9.525
1453.5628724120033,984.73388671875,7.743
1453.8853087830066,589.48828125,8.648
1454.2073652720137,595.11328125,9.269
1454.5299795690225,595.11328125,9.602
1454.8522563849983,456.716796875,6.742
1455.176617227,724.45458984375,7.886
1455.5006504440098,595.08251953125,8.881
1455.82309712001,493.83203125,9.447
1456.1478776870063,489.61962890625,8.803
1456.4710504960094,1029.703125,7.626
1456.7929990790144,589.45751953125,8.765
1457.1160987340263,595.08251953125,9.37
1457.4385391400137,595.08251953125,9.641
1457.7608455250156,456.71728515625,7.015
1458.0827640600037,724.455078125,8.235
1458.4079944640107,494.00830078125,9.191
1458.7300116900005,595.0830078125,9.447
1459.052410461998,456.7177734375,7.899
1459.375650187023,1029.7041015625,8.08
1459.703454135015,595.08349609375,8.881
1460.0261901650229,516.3271484375,9.486
1460.3487359510036,595.08349609375,9.602
1460.6693808510026,984.70458984375,7.587
1460.9926128630177,589.458984375,8.532
1461.3148383200169,617.58349609375,9.308
1461.6366942630266,595.083984375,9.563
1461.959538297,456.71875,6.976
1462.2811626809998,724.45654296875,8.274
1462.603311177023,595.08447265625,9.153
1462.9254746799998,595.08447265625,9.447
1463.2480700680171,479.765625,8.468
1463.5709558320232,1029.70556640625,7.548
1463.8930785990087,711.09521484375,8.726
1464.2152958010265,595.0849609375,9.269
1464.5366191850044,595.0849609375,9.602
1464.8579462820198,456.7197265625,7.21
1465.1813445090083,746.95751953125,8.468
1465.5042628509982,595.08544921875,9.153
1465.827384559001,494.0107421875,9.602
1466.1493943630194,456.72021484375,7.626
1466.4721919340082,724.4580078125,8.08
1466.794440594007,595.0859375,8.881
1467.1163921890256,595.0859375,9.525
1467.4406010960229,595.0859375,9.563
1467.7618558400136,984.70703125,7.587
1468.0846471070254,589.46142578125,8.532
1468.409660645004,595.08642578125,9.385
1468.7328634120058,595.08642578125,9.563
1469.0571943060204,456.72119140625,7.093
1469.379956837016,724.458984375,8.235
1469.7081853770069,595.0869140625,9.075
1470.0303233150044,595.0869140625,9.602
1470.3528806250251,472.8017578125,8.196
1470.6755398250243,1029.7080078125,7.963
1470.9986583670252,516.3310546875,8.959
1471.3218657750112,595.08740234375,9.37
1471.644024866022,488.2060546875,9.873
1471.967457848019,456.72216796875,7.354
1472.2899625490245,746.9599609375,8.546
1472.613635155023,595.087890625,9.23
1472.937072938017,626.72314453125,9.641
1473.2595748230233,456.72265625,7.171
1473.581055016024,724.46044921875,8.274
1473.9035894140252,595.08837890625,8.997
1474.226272808999,595.08837890625,9.525
1474.5477357540221,489.62548828125,8.765
1474.8701007390046,1029.70947265625,7.626
1475.1929032100015,593.91357421875,8.765
1475.5143501220155,595.0888671875,9.37
1475.8369455470238,595.0888671875,9.602
1476.1584399170242,456.7236328125,7.015
1476.4807033330144,510.7119140625,8.391
1476.8032420210075,595.08935546875,9.153
1477.1263051710266,595.08935546875,9.563
1477.449926833011,456.72412109375,7.821
1477.7717710700235,724.4619140625,8.119
1478.0939228670031,595.08984375,8.881
1478.4158560660144,595.08984375,9.525
1478.737716847012,595.08984375,9.563
1479.059657759004,984.7109375,7.432
1479.3836499280005,589.46533203125,8.507
1479.7116313930019,488.208984375,9.346
1480.0335210400226,595.09033203125,9.486
1480.359076741006,456.72509765625,6.82
1480.6813829760067,724.462890625,8.196
1481.0053254480008,516.34033203125,9.075
1481.327413085004,595.0908203125,9.37
1481.6500369610148,496.64697265625,8.507
1481.972239641007,1029.7119140625,7.665
1482.2947888270137,595.09130859375,8.842
1482.6169032489997,595.09130859375,9.346
1482.9397600270167,595.09130859375,9.757
1483.2628021880228,456.72607421875,7.327
1483.5860832350154,746.9638671875,8.507
1483.909124466998,621.10205078125,9.308
1484.2317178150115,595.091796875,9.525
1484.5553068070149,456.7265625,7.483
1484.8772527450055,724.46435546875,8.43
1485.1992517730105,595.0927734375,9.114
1485.522991105012,595.09228515625,9.563
1485.8453508470266,489.62939453125,8.663
1486.1674392220157,1029.71337890625,7.769
1486.4905786980235,595.0927734375,8.881
1486.812321111007,595.0927734375,9.331
1487.1348199610075,595.0927734375,9.718
1487.4604831880133,456.7275390625,7.171
1487.782972343004,746.96533203125,8.468
1488.104670722998,595.09326171875,9.153
1488.4269833930011,595.09326171875,9.641
1488.7499248480017,456.72802734375,7.548
1489.0723844340246,724.4658203125,8.002
1489.3947549620061,595.09375,9.036
1489.7197638030048,595.09375,9.408
1490.0426759780094,476.97412109375,9.153
1490.3653001460189,1029.71484375,7.548
1490.687985274999,589.46923828125,8.726
1491.0099157900258,595.09423828125,9.23
1491.3334119180217,595.09423828125,9.641
1491.6540431340109,456.72900390625,7.171
1491.9772027730069,724.466796875,8.274
1492.300405357004,595.0947265625,9.153
1492.6224361000059,595.0947265625,9.563
1492.9469675540167,456.7294921875,8.054
1493.2692535370006,1029.7158203125,8.119
1493.5911364680214,595.09521484375,8.959
1493.9142363300198,595.09521484375,9.447
1494.236174399004,595.09521484375,9.68
1494.5568714100227,984.71630859375,7.704
1494.8786132820242,589.470703125,8.624
1495.2017552580219,595.095703125,9.385
1495.525530147017,595.095703125,9.602
1495.8480836260132,456.73046875,7.249
1496.1703498330025,724.46826171875,8.235
1496.4927287160244,595.09619140625,9.114
1496.8151098070084,595.09619140625,9.602
1497.1378364429984,465.736328125,8.158
1497.464608729002,1029.71728515625,7.704
1497.7865010700189,595.0966796875,8.765
1498.109487971,621.10693359375,9.408
1498.43105822301,595.0966796875,9.796
1498.7535553180205,456.7314453125,7.51
1499.076243137999,746.96923828125,8.61
1499.3984800340259,595.09716796875,9.269
1499.7236482440203,595.09716796875,9.563
1500.0470775249996,456.73193359375,7.21
1500.369457593013,724.4697265625,8.196
1500.6916039900098,595.09765625,8.997
1501.014438023005,595.09765625,9.525
1501.3397596460127,489.634765625,8.779
1501.6633250600134,1029.71875,7.51
1501.985370431008,589.47314453125,8.648
1502.3080489080166,499.6484375,9.37
1502.6305670290021,595.09814453125,9.602
1502.9538871880213,456.73291015625,7.132
1503.2767356540135,724.470703125,8.352
1503.59906916201,595.0986328125,9.269
1503.9208592950017,595.0986328125,9.486
1504.2448388650082,456.7333984375,7.821
1504.5665431720263,1029.7197265625,8.041
1504.888831623015,595.09912109375,8.92
1505.211060265021,595.09912109375,9.37
1505.5341959400102,595.09912109375,9.757
1505.8551520660112,984.72021484375,7.587
1506.177895314002,589.474609375,8.532
1506.50052335902,595.099609375,9.346
1506.822511675011,595.099609375,9.525
1507.1476457420213,456.734375,7.21
1507.4713603780256,724.47216796875,8.313
1507.7938257630158,595.10009765625,9.075
1508.116526643018,615.4853515625,9.525
1508.4393566470244,492.44970703125,8.313
1508.7624061450188,1029.72119140625,7.393
1509.0854129530198,589.4755859375,8.648
1509.408103785012,595.1005859375,9.346
1509.7311982450192,595.1005859375,9.641
1510.0518700440007,456.7353515625,6.898
1510.3745567170263,724.47314453125,8.196
1510.6968719230208,621.111328125,9.191
1511.0187464440241,595.10107421875,9.486
1511.3407164250093,456.73583984375,7.976
1511.6624309740146,1029.72216796875,7.704
1511.9854527610005,595.1015625,8.803
1512.3077817599988,595.1015625,9.408
1512.630238570011,595.1015625,9.834
1512.9508263690223,456.736328125,7.327
1513.2739537900197,746.97412109375,8.507
1513.5957862960058,595.10205078125,9.308
1513.9182125780208,595.10205078125,9.525
1514.2433474480058,456.73681640625,7.21
1514.5651116640074,724.474609375,8.041
1514.8875004740257,595.1025390625,8.997
1515.2102326210006,595.1025390625,9.37
1515.5355518170109,489.6396484375,9.036
1515.8589143179997,984.7236328125,7.471
1516.1813135600241,589.47802734375,8.61
1516.5026843899977,595.10302734375,9.269
1516.8257741480193,595.10302734375,9.602
1517.147300022014,456.73779296875,6.976
1517.469674048014,724.4755859375,8.235
1517.792018697015,595.103515625,9.075
1518.1143670270103,595.103515625,9.486
1518.4392283550114,492.453125,8.391
1518.7609261700127,1029.724609375,7.704
1519.0830856310204,595.10400390625,8.765
1519.405905334017,595.10400390625,9.385
1519.732853153022,595.10400390625,9.757
1520.057071392017,456.73876953125,7.054
1520.3793490000244,746.9765625,8.352
1520.702242690022,595.1044921875,9.191
1521.024255427008,595.1044921875,9.563
1521.3491439250065,456.7392578125,7.432
1521.6712733060122,724.47705078125,8.274
1521.9932574020058,595.10498046875,9.036
1522.3161341320083,510.7294921875,9.563
1522.638096469018,489.64208984375,8.881
1522.960910253023,1029.72607421875,7.587
1523.2840866080078,589.48046875,8.648
1523.6066730900202,595.10546875,9.424
1523.9286248980206,595.10546875,9.563
1524.2508225380152,456.740234375,7.015
1524.572777674999,724.47802734375,8.235
1524.8955799390096,505.28125,9.191
1525.219314646005,595.10595703125,9.447
1525.543396915018,456.74072265625,7.938
1525.8664851400245,724.478515625,8.119
1526.1890620230115,595.1064453125,8.997
1526.511263951019,595.1064453125,9.563
1526.834805149003,595.1064453125,9.385
1527.1576218150149,465.7255859375,7.288
1527.4814032760041,746.9794921875,8.546
1527.8034007190145,595.10693359375,9.153
1528.1259421459981,595.10693359375,9.602
1528.4482652940205,456.74169921875,7.093
1528.77177983601,724.4794921875,7.782
1529.094510868017,626.74267578125,8.881
1529.417263565003,595.107421875,9.37
1529.7401247770176,635.74267578125,9.23
1530.0606436840026,578.72802734375,7.171
1530.383620483015,768.4228515625,8.43
1530.7064689270046,595.10791015625,9.23
1531.0288911829994,595.10791015625,9.602
1531.3535371500184,456.74267578125,6.937
1531.676800774003,724.48046875,7.782
1531.9983337890008,595.1083984375,8.997
1532.3207080770226,595.1083984375,9.331
1532.6435442650109,510.72705078125,9.23
1532.9651619550132,984.7294921875,7.432
1533.2889335300133,589.48388671875,8.468
1533.6115759850072,595.10888671875,9.346
1533.9336497850018,595.10888671875,9.525
1534.2572294500133,456.74365234375,6.871
1534.5790412909992,724.4814453125,7.821
1534.904552307009,595.109375,8.92
1535.2267253410246,595.109375,9.331
1535.5487960050232,489.646484375,9.075
1535.8694442289998,984.73046875,7.51
1536.1921949440148,589.48486328125,8.585
1536.514380075998,595.10986328125,9.308
1536.8365453670267,595.10986328125,9.602
1537.156731434021,456.74462890625,6.859
1537.4806973840168,724.482421875,8.274
1537.8034583720146,595.1103515625,9.114
1538.1252487730235,595.1103515625,9.447
1538.4468799050082,492.4599609375,8.468
1538.7702158860047,1029.7314453125,7.432
1539.0961270750267,589.48583984375,8.687
1539.419682102016,595.11083984375,9.346
1539.7416381400253,595.11083984375,9.602
1540.0639562680153,456.74560546875,6.519
1540.3871605010063,724.4833984375,7.963
1540.7089588710223,595.111328125,8.997
1541.030918622011,595.111328125,9.408
1541.3537249880028,492.4609375,8.313
1541.676615037024,1029.732421875,7.249
1541.9980419409985,589.48681640625,8.585
1542.32017622501,595.11181640625,9.153
1542.642270604003,595.11181640625,9.641
1542.967383500014,456.74658203125,6.519
1543.290063655004,724.484375,7.86
1543.6130826050066,595.1123046875,8.881
1543.9359471820062,595.1123046875,9.486
1544.2581730530073,489.6494140625,8.818
1544.5800073930004,1029.7333984375,7.471
1544.9019764570112,589.48779296875,8.61
1545.2244091190223,595.11279296875,9.269
1545.5498507930024,595.11279296875,9.641
1545.871291714022,456.74755859375,7.171
1546.1944281720207,724.4853515625,8.313
1546.5168983059993,595.11328125,9.308
1546.8387307910016,595.11328125,9.525
1547.1611069400096,456.748046875,7.899
1547.4852540820139,1029.734375,8.08
1547.8076813040243,595.11376953125,8.92
1548.1302444340254,595.11376953125,9.408
1548.4519699730154,595.11376953125,9.718
1548.7753099240072,984.73486328125,7.782
1549.0972181560064,589.4892578125,8.61
1549.4204682499985,595.1142578125,9.408
1549.7452514110191,595.1142578125,9.602
1550.0681104219984,456.7490234375,6.976
1550.3903232070152,724.48681640625,8.196
1550.712563544017,595.11474609375,9.114
1551.034956078016,595.11474609375,9.525
1551.357519273006,492.46435546875,8.352
1551.6808626500133,1029.73583984375,7.354
1552.0020178700215,589.490234375,8.624
1552.3246139300172,595.115234375,9.424
1552.646432561014,595.115234375,9.602
1552.968410556001,456.75,6.937
1553.2902746600157,724.48779296875,8.158
1553.6125798650028,595.11572265625,9.075
1553.9370445220266,595.11572265625,9.525
1554.258672780008,456.75048828125,8.015
1554.5805016189988,1029.73681640625,7.587
1554.9031925630115,595.1162109375,8.726
1555.2259016190073,595.1162109375,9.346
1555.5498583590088,595.1162109375,9.757
1555.8725692080043,456.7509765625,7.054
1556.1953534019995,746.98876953125,8.391
1556.5182574730134,595.11669921875,9.153
1556.8406969220086,595.11669921875,9.602
1557.1651418039983,456.75146484375,7.51
1557.4890240460227,724.4892578125,8.041
1557.8118438899983,494.21826171875,9.036
1558.1354119480238,595.1171875,9.408
1558.4600918130018,482.61083984375,9.269
1558.7817078799999,1029.73828125,7.704
1559.1056682360067,589.49267578125,8.687
1559.4297688210208,476.98828125,9.447
1559.7520269860106,595.11767578125,9.602
1560.0731455360074,456.75244140625,6.781
1560.3955836420064,724.490234375,8.041
1560.7182989730209,595.1181640625,8.997
1561.041223621025,510.74267578125,9.525
1561.3628306650207,468.56884765625,8.196
1561.686927186005,1029.7392578125,7.743
1562.0086407930066,595.11865234375,8.765
1562.33157046602,499.6689453125,9.408
1562.6537025160214,595.11865234375,9.796
1562.9765333710238,456.75341796875,7.015
1563.3001258790027,746.9912109375,8.391
1563.6222863779985,595.119140625,9.191
1563.944070964004,595.119140625,9.602
1564.2655189960205,456.75390625,7.471
1564.5882463919988,1034.0546875,7.963
1564.9105807850137,595.11962890625,8.842
1565.2337288330018,494.044921875,9.486
1565.5589441070042,595.11962890625,9.563
1565.8794413610012,579.443359375,7.393
1566.203135888005,768.43505859375,8.507
1566.5250599980063,595.1201171875,9.269
1566.847112688003,595.1201171875,9.641
1567.167618647014,456.7548828125,7.366
1567.4909851660195,724.49267578125,8.391
1567.812893563998,595.12060546875,9.153
1568.1354717090144,499.4892578125,9.602
1568.458592365001,500.78515625,8.313
1568.7808418610075,1029.74169921875,7.626
1569.103078524,595.12109375,8.803
1569.4252742590033,595.12109375,9.346
1569.7521232440195,595.12109375,9.718
1570.0745070170087,456.755859375,6.82
1570.3967352000182,758.1865234375,8.235
1570.718471627013,595.12158203125,9.153
1571.040364569024,595.12158203125,9.486
1571.361929022998,456.75634765625,7.782
1571.6841286940034,1029.74267578125,7.86
1572.005776318023,595.1220703125,8.959
1572.3278683390236,595.1220703125,9.331
1572.6501010680222,595.1220703125,9.951
1572.9777612450125,456.7568359375,7.315
1573.3002084120235,746.99462890625,8.546
1573.6216997760057,595.12255859375,9.191
1573.9438550310151,499.50244140625,9.602
1574.2667998760007,456.75732421875,7.093
1574.5896025740076,724.4951171875,7.782
1574.911967083026,595.123046875,8.842
1575.2351035180036,595.123046875,9.37
1575.5577136980137,595.123046875,9.308
1575.8811347170267,456.7578125,7.21
1576.2043633790163,746.99560546875,8.468
1576.5264464720094,595.12353515625,9.191
1576.8489874990191,595.12353515625,9.641
1577.170189032011,456.75830078125,7.093
1577.4945212460007,724.49609375,8.196
1577.8170449919999,595.1240234375,8.997
1578.140509245015,595.1240234375,9.525
1578.4639239610115,489.6611328125,8.818
1578.7844827880035,984.7451171875,7.171
1579.1070899300103,589.49951171875,8.352
1579.429683407012,595.12451171875,9.23
1579.7553450020205,595.12451171875,9.486
1580.07688357,456.75927734375,6.859
1580.3984723150206,724.4970703125,8.119
1580.7211332500156,595.125,8.997
1581.0434779839998,595.125,9.525
1581.3654311560094,489.662109375,8.663
1581.6871415690111,1029.74609375,7.354
1582.0098448740027,589.50048828125,8.648
1582.3321182470245,595.12548828125,9.23
1582.6549433790206,595.12548828125,9.718
1582.974875311018,456.76025390625,6.753
1583.2967829780246,724.498046875,8.08
1583.6194484900043,595.1259765625,9.114
1583.942797093012,595.1259765625,9.447
1584.2647466180206,492.4755859375,8.313
1584.5859682500013,1029.7470703125,7.548
1584.9086141140142,493.8759765625,8.765
1585.2310524210043,595.12646484375,9.269
1585.5533739880193,510.7451171875,9.718
1585.8750579690095,456.76123046875,6.937
1586.197848094016,729.8134765625,8.235
1586.5203391060058,595.126953125,9.23
1586.8428934170224,595.126953125,9.486
1587.1643507679983,456.76171875,7.821
1587.4871037720004,1029.748046875,7.899
1587.809135892021,595.12744140625,8.92
1588.1317573400156,595.12744140625,9.346
1588.4552815979987,595.12744140625,9.912
1588.7769757570059,456.76220703125,7.51
1589.0993182220263,747.0,8.624
1589.4218263560033,595.1279296875,9.23
1589.74751624302,595.1279296875,9.68
1590.0688389360148,456.7626953125,7.015
1590.3923413380107,724.50048828125,7.886
1590.7141944130126,595.12841796875,8.959
1591.0361205470108,595.12841796875,9.37
1591.3598210990021,489.66552734375,8.959
1591.6807558450091,984.74951171875,7.471
1592.002019337,589.50390625,8.571
1592.3241818300157,595.12890625,9.269
1592.648775751004,595.12890625,9.641
1592.9752309730102,456.763671875,6.753
1593.2969543500221,724.50146484375,8.08
1593.6190833700239,635.7646484375,9.036
1593.9409462070034,595.12939453125,9.447
1594.2640901039995,489.66650390625,8.585
1594.5856986940198,1029.75048828125,7.665
1594.9082273740205,650.39013671875,8.803
1595.2313712390023,595.1298828125,9.346
1595.5546037470049,599.57958984375,9.68
1595.877624345012,456.7646484375,7.015
1596.200521036022,544.853515625,8.352
1596.522477829014,595.13037109375,9.191
1596.8450975840096,595.13037109375,9.525
1597.1698759600113,456.76513671875,7.782
1597.4922460119997,1029.75146484375,8.041
1597.8145292460104,595.130859375,8.881
1598.1368719700258,595.130859375,9.408
1598.4585242420144,595.130859375,9.718
1598.780873878015,456.765625,7.054
1599.1027510210115,747.00341796875,8.274
1599.4257003220264,595.13134765625,9.23
1599.7510520270152,595.13134765625,9.486
1600.0765675130242,456.76611328125,7.21
1600.3996989950247,567.00341796875,7.821
1600.7215125530201,595.1318359375,8.765
1601.0441126930236,617.63134765625,9.408
1601.3662032819993,595.1318359375,9.525
1601.689697720023,456.7666015625,7.249
1602.0126790860086,747.00439453125,8.546
1602.3352178490022,595.13232421875,9.153
1602.6576271040249,493.8818359375,9.641
1602.9798938910244,456.76708984375,7.132
1603.3032543410081,724.5048828125,7.886
1603.6265305330162,595.1328125,9.036
1603.9486745000177,595.1328125,9.37
1604.2723841770203,489.669921875,9.036
1604.593332591001,984.75390625,7.432
1604.9156354440202,589.50830078125,8.468
1605.2383218590112,595.13330078125,9.269
1605.5622984550137,595.13330078125,9.525
1605.8845359940024,456.76806640625,6.781
1606.2074135200237,724.505859375,8.002
1606.5309283430106,595.1337890625,8.92
1606.8542516090092,595.1337890625,9.525
1607.1769616100064,489.6708984375,8.779
1607.4992096130154,1029.7548828125,7.548
1607.821174249024,589.50927734375,8.648
1608.1435177120147,595.13427734375,9.308
1608.465925529017,595.13427734375,9.641
1608.787034685025,456.76904296875,6.636
1609.109784944012,724.5068359375,8.08
1609.432659078011,595.134765625,9.075
1609.7582896410022,595.134765625,9.486
1610.079923613026,492.484375,8.43
1610.4021827859979,1029.755859375,7.963
1610.7257070830092,595.13525390625,8.997
1611.0475598440098,595.13525390625,9.408
1611.3698052260152,595.13525390625,9.834
1611.6903546870162,456.77001953125,7.132
1612.0133372730052,747.0078125,8.391
1612.3363106110191,477.01220703125,9.269
1612.6592911170155,595.1357421875,9.563
1612.9816825500166,456.7705078125,7.444
1613.3045266370173,1029.7568359375,7.743
1613.627724365011,595.13623046875,8.881
1613.9496275930142,595.13623046875,9.308
1614.2730340319977,595.13623046875,9.796
1614.5950688160083,456.77099609375,7.21
1614.9188966100046,747.0087890625,8.468
1615.2410960710258,595.13671875,9.153
1615.565049789002,595.13671875,9.602
1615.890179509006,456.771484375,7.171
1616.2150198440067,724.50927734375,7.821
1616.538203557022,493.880859375,8.959
1616.8624776690267,595.13720703125,9.385
1617.1858010980068,626.7724609375,9.23
1617.5070853650104,984.75830078125,7.587
1617.8296505970065,589.5126953125,8.546
1618.1522106130142,595.1376953125,9.346
1618.4735514589993,595.1376953125,9.563
1618.796476989024,456.7724609375,6.781
1619.1184273880208,724.51025390625,8.08
1619.442075243016,595.13818359375,8.997
1619.7675984150264,595.13818359375,9.408
1620.0904586310207,489.67529296875,8.546
1620.4115292620263,555.75732421875,7.288
1620.733140004013,589.513671875,8.546
1621.0555167830025,595.138671875,9.191
1621.378898903,599.453125,9.563
1621.7006283049996,456.7734375,6.976
1622.0229691470158,724.51123046875,8.196
1622.3452064360026,595.13916015625,9.036
1622.6678194780252,595.13916015625,9.563
1622.9913312340213,492.48876953125,8.313
1623.3140383600257,1029.76025390625,7.665
1623.6366002650175,595.1396484375,8.765
1623.9600789000106,595.1396484375,9.37
1624.2823822070204,595.1396484375,9.718
1624.6069941860042,456.7744140625,6.792
1624.9301842380082,938.205078125,8.235
1625.2521847200114,595.14013671875,9.114
1625.577743094007,595.14013671875,9.563
1625.9001771570183,456.77490234375,7.782
1626.2223345400125,1029.76123046875,8.002
1626.5435999300098,595.140625,8.92
1626.8658911079983,595.140625,9.408
1627.1876801610051,595.140625,9.757
1627.5101715380151,456.775390625,7.171
1627.8321336840163,747.01318359375,8.391
1628.1553803780116,595.14111328125,9.191
1628.478273206012,595.14111328125,9.525
1628.8051098250144,456.77587890625,7.171
1629.129414533003,1044.98388671875,7.743
1629.4519598640036,595.1416015625,8.726
1629.776300957019,533.26025390625,9.408
1630.098470597004,595.1416015625,9.525
1630.4235891210265,456.7763671875,7.249
1630.7466208660044,747.01416015625,8.507
1631.0708034590061,595.14208984375,9.153
1631.393571100023,595.14208984375,9.602
1631.7138660320197,456.77685546875,7.171
1632.0339087650063,724.5146484375,7.924
1632.3567472250143,595.142578125,9.036
1632.6784344850166,595.142578125,9.447
1633.0004597700026,489.6796875,9.114
1633.3213760000071,984.763671875,7.51
1633.6430376270146,589.51806640625,8.61
1633.9659424890124,595.14306640625,9.308
1634.289144799026,595.14306640625,9.641
1634.6149853600073,456.77783203125,6.753
1634.9373716800183,724.515625,8.158
1635.2602152930049,516.39306640625,9.075
1635.5853293690016,595.1435546875,9.447
1635.9068719540082,492.4931640625,8.507
1636.2289900740143,1029.7646484375,7.886
1636.5513772590202,595.14404296875,8.881
1636.8757793800032,595.14404296875,9.486
1637.1979157730239,595.14404296875,9.873
1637.5210613470117,456.77880859375,6.82
1637.843931297015,747.0166015625,8.274
1638.1661345730245,595.14453125,9.036
1638.4881026420044,599.59423828125,9.525
1638.8116304990253,456.779296875,7.704
1639.1344645760255,1029.765625,7.924
1639.4566886210232,595.14501953125,8.881
1639.7810028040258,595.14501953125,9.408
1640.1032110080123,595.14501953125,9.718
1640.4233500340197,456.77978515625,6.898
1640.745867559017,747.017578125,8.274
1641.0689985740173,493.88916015625,9.191
1641.3934810830106,595.1455078125,9.486
1641.717762209999,456.7802734375,7.405
1642.0391451430041,724.51806640625,7.924
1642.3613785010239,595.14599609375,8.803
1642.6839768290229,595.14599609375,9.525
1643.005734365026,595.14599609375,9.525
1643.3290632420103,456.78076171875,6.976
1643.6505974440079,747.0185546875,8.391
1643.973509125004,595.146484375,9.191
1644.2956082070014,595.146484375,9.486
1644.6190220150165,456.78125,7.21
1644.9418402209994,1029.767578125,7.704
1645.2651829230017,595.14697265625,8.765
1645.5899660810246,595.14697265625,9.37
1645.9119445530232,595.14697265625,9.68
1646.234644324024,456.78173828125,7.366
1646.5570744890138,747.01953125,8.61
1646.8788483140233,595.1474609375,9.191
1647.201301552006,595.1474609375,9.68
1647.5248968689993,456.7822265625,7.093
1647.847435773001,724.52001953125,7.782
1648.1718652900017,499.5390625,8.959
1648.4936106990208,595.14794921875,9.37
1648.8158887640166,621.158203125,9.23
1649.1362262620241,984.76904296875,7.327
1649.4591033830075,589.5234375,8.468
1649.786258098,533.26708984375,9.308
1650.110020460008,595.1484375,9.486
1650.433957132016,456.783203125,6.82
1650.7576506930054,724.52099609375,7.963
1651.0795855809993,595.14892578125,8.842
1651.4026264190034,494.25,9.447
1651.7249007410137,489.68603515625,8.842
1652.045855793025,1029.77001953125,7.471
1652.3676905500179,589.5244140625,8.648
1652.6892912210023,595.1494140625,9.23
1653.0126501810155,595.1494140625,9.68
1653.3366694480064,456.7841796875,6.597
1653.6588829360262,724.52197265625,7.963
1653.9808488650015,595.14990234375,8.881
1654.3044427440036,595.14990234375,9.486
1654.6261741390044,489.68701171875,8.803
1654.9478343640221,1029.77099609375,7.432
1655.2708334110212,589.525390625,8.61
1655.5939169720223,595.150390625,9.308
1655.9162424320239,595.150390625,9.641
1656.2365410510101,456.78515625,6.675
1656.5603951300145,724.52294921875,8.08
1656.8826947010239,595.15087890625,8.997
1657.2051692220266,595.15087890625,9.408
1657.527802051016,492.50048828125,8.352
1657.8519617069978,1029.77197265625,7.315
1658.1741290510108,589.5263671875,8.532
1658.4981929280038,595.1513671875,9.37
1658.8204890440102,595.1513671875,9.525
1659.1443611080176,456.7861328125,6.597
1659.466719146003,724.52392578125,8.002
1659.7890083820093,595.15185546875,8.997
1660.1115601530182,595.15234375,9.447
1660.4339448480168,492.50146484375,8.352
1660.756388969021,1029.77294921875,8.08
1661.0791977720219,516.40185546875,8.997
1661.4020179030194,595.15234375,9.37
1661.7242793629994,716.78759765625,9.873
1662.0461587950122,456.787109375,7.366
1662.3685659870098,747.02490234375,8.507
1662.6904443970125,595.15283203125,9.23
1663.0127032320015,595.15283203125,9.525
1663.3347731350223,456.78759765625,7.288
1663.6566063270147,724.525390625,8.468
1663.979157364025,595.1533203125,9.191
1664.3011222080095,595.1533203125,9.408
1664.6214536300104,492.5029296875,8.507
1664.943271110009,1029.7744140625,7.808
1665.2653416210087,595.15380859375,8.803
1665.5902991260227,595.154296875,9.408
1665.912397318025,595.15380859375,9.718
1666.2354421930213,456.78857421875,7.704
1666.5570848200005,747.0263671875,8.765
1666.8789375020133,595.154296875,9.269
1667.20271427001,595.154296875,9.718
1667.525483777019,456.7890625,7.171
1667.8483903760207,724.52685546875,8.313
1668.1704515120073,696.40478515625,9.036
1668.4922697290021,595.15478515625,9.486
1668.8138931250141,489.69189453125,8.663
1669.1360445989994,1029.77587890625,7.665
1669.4592039740237,595.1552734375,8.842
1669.7867377450166,595.1552734375,9.331
1670.1092846230022,595.1552734375,9.68
1670.4299405990168,456.7900390625,7.471
1670.7516848310188,747.02783203125,8.532
1671.0748215820058,595.15576171875,9.308
1671.3968098520127,595.15576171875,9.525
1671.7176938040066,456.79052734375,7.405
1672.038464696001,724.5283203125,8.507
1672.361238077021,595.15625,9.23
1672.6833261590218,595.15625,9.525
1673.0056798160076,492.505859375,8.468
1673.3282256070233,1029.77734375,7.924
1673.6501899090072,595.15673828125,8.92
1673.973185888026,595.15673828125,9.486
1674.295480249013,595.15673828125,9.796
1674.616547245998,456.79150390625,7.315
1674.9384206340183,747.029296875,8.468
1675.2605258050025,595.1572265625,9.23
1675.5824566670053,595.1572265625,9.525
1675.9050810530025,456.7919921875,7.288
1676.2273756690265,724.52978515625,8.041
1676.5509668980085,595.15771484375,8.997
1676.8736363089993,595.158203125,9.447
1677.1983799550217,489.69482421875,8.92
1677.5216415750037,1029.77880859375,7.665
1677.843415345007,589.533203125,8.687
1678.1659442730015,595.158203125,9.408
1678.4893850020017,595.158203125,9.563
1678.8121754730237,456.79296875,7.093
1679.1345482360048,522.115234375,8.352
1679.458990018,595.15869140625,9.153
1679.7878883100057,595.15869140625,9.602
1680.109769635019,456.79345703125,7.665
1680.4325099610141,724.53125,8.119
1680.7550001370255,595.1591796875,9.153
1681.0771543340234,595.1591796875,9.408
1681.400265231001,489.6962890625,9.114
1681.722372868011,1029.7802734375,7.587
1682.0424860159983,589.53466796875,8.765
1682.3645997010171,595.15966796875,9.23
1682.687624580023,595.15966796875,9.718
1683.0125918170088,456.79443359375,7.054
1683.3352806550101,724.5322265625,8.196
1683.6568520209985,595.16015625,9.075
1683.9792408180074,595.16015625,9.563
1684.3014000719995,456.794921875,8.08
1684.6225781160174,1029.78125,8.196
1684.9446151590091,595.16064453125,8.959
1685.2678707650048,595.16064453125,9.408
1685.591287623014,595.16064453125,9.718
1685.9133136270102,984.78173828125,7.743
1686.2359779520193,589.5361328125,8.687
1686.5583786220232,595.1611328125,9.346
1686.8806017190218,595.1611328125,9.641
1687.2013740240072,456.7958984375,7.393
1687.5230595059984,724.53369140625,8.391
1687.8451717200223,626.796875,9.23
1688.1670493360143,595.16162109375,9.525
1688.4900796880247,456.79638671875,8.054
1688.8119006300112,724.5341796875,8.274
1689.1352098070201,595.162109375,9.153
1689.4580120250175,595.162109375,9.447
1689.7808358120092,477.13037109375,9.191
1690.105466914014,1029.783203125,7.587
1690.427586329024,589.53759765625,8.648
1690.7500652100134,595.16259765625,9.331
1691.0747943310125,595.16259765625,9.602
1691.3967003640137,456.79736328125,7.249
1691.7187413460051,747.03515625,8.507
1692.0392144750222,595.1630859375,9.23
1692.361989461002,595.1630859375,9.563
1692.6869151960127,456.7978515625,7.782
1693.0093256600085,724.53564453125,8.158
1693.3319963870163,595.16357421875,9.114
1693.6538540680194,595.16357421875,9.447
1693.976692256023,482.6630859375,9.191
1694.2991161930258,1029.78466796875,7.665
1694.6215147210169,589.5390625,8.726
1694.944899677008,488.28271484375,9.37
1695.2681298770185,595.1640625,9.563
1695.5892399850127,456.798828125,7.288
1695.9114780600066,747.03662109375,8.468
1696.234506719018,595.16455078125,9.153
1696.5570320670085,626.7998046875,9.641
1696.879005655006,456.79931640625,7.704
1697.2024352530134,724.537109375,8.041
1697.5259989670012,656.05029296875,9.075
1697.8496872920077,595.1650390625,9.447
1698.1729940390214,599.4794921875,9.269
1698.4975741649978,1029.7861328125,7.782
1698.8196953110164,589.54052734375,8.803
1699.1426629760244,595.16552734375,9.447
1699.4647911619977,595.16552734375,9.602
1699.7915420060162,456.80029296875,6.976
1700.1140313220094,724.5380859375,8.196
1700.4386944270227,595.166015625,9.153
1700.7614788229985,595.166015625,9.486
1701.083326298016,456.80078125,7.899
1701.4071249310218,724.53857421875,8.119
1701.7295138280024,595.16650390625,8.997
1702.0505415040243,595.16650390625,9.563
1702.372694810998,595.16650390625,9.502
1702.6967580600176,1029.78759765625,7.821
1703.0212002640183,589.5419921875,8.765
1703.343317122024,493.91064453125,9.385
1703.6659596590034,595.1669921875,9.641
1703.99063380601,456.8017578125,7.132
1704.313482397003,746.982421875,8.391
1704.6346453090082,595.16748046875,9.23
1704.9571564820071,595.16748046875,9.525
1705.2789158910164,456.80224609375,7.782
1705.6018254439987,724.5400390625,8.119
1705.9254403300001,696.41796875,9.036
1706.2477066010179,595.16796875,9.408
1706.5722124230233,595.16796875,9.308
1706.8965513290022,1029.7890625,7.86
1707.219517524005,589.54345703125,8.881
1707.5421015650209,595.16845703125,9.486
1707.8642132400128,595.16845703125,9.641
1708.1864466470142,456.80322265625,7.393
1708.5094029540196,747.041015625,8.546
1708.831415459019,595.1689453125,9.23
1709.1539032410074,595.1689453125,9.602
1709.4818878190126,456.8037109375,7.432
1709.8083473610168,724.54150390625,8.002
1710.1312773640093,595.16943359375,9.036
1710.453530548024,595.16943359375,9.37
1710.7763828210009,468.6005859375,9.191
1711.099359225016,1029.79052734375,7.743
1711.4211988940078,589.544921875,8.765
1711.7437329180248,595.169921875,9.486
1712.065922580019,595.169921875,9.641
1712.3870812700188,456.8046875,7.054
1712.709093135025,729.85693359375,8.352
1713.034189440019,595.17041015625,9.191
1713.3566681030206,595.17041015625,9.486
1713.6779285880039,456.80517578125,7.821
1714.000907233014,724.54296875,8.196
1714.3242243200075,595.1708984375,9.153
1714.6463605090103,595.1708984375,9.447
1714.9690820920223,488.30126953125,9.191
1715.29257048,1029.7919921875,7.665
1715.616522913013,589.54638671875,8.726
1715.940882237017,516.4208984375,9.408
1716.2645169020107,595.17138671875,9.563
1716.58795293601,456.80615234375,7.366
1716.9108423319994,747.0439453125,8.571
1717.2334038460103,595.171875,9.153
1717.557387992012,595.171875,9.68
1717.8792638870073,456.806640625,7.587
1718.2015859710227,724.54443359375,8.002
1718.5234971310128,510.791015625,9.036
1718.845437060023,595.17236328125,9.408
1719.1674462720111,595.17236328125,9.308
1719.490942821023,1029.79345703125,7.821
1719.8130648670194,589.5478515625,8.803
1720.1361721260182,595.1728515625,9.525
1720.459157749021,595.1728515625,9.796
1720.782634969015,456.8076171875,8.093
1721.1043557570083,747.04541015625,8.842
1721.4265151170257,595.17333984375,9.292
1721.7492474530009,696.42333984375,9.68
1722.072300341999,456.80810546875,7.743
1722.3950743440073,724.5458984375,8.532
1722.7167434180155,595.173828125,9.292
1723.0390503990056,595.173828125,9.757
1723.3613845799991,456.80859375,8.196
1723.6829499720188,1029.794921875,7.86
1724.0055882260203,595.17431640625,8.803
1724.328422517021,595.17431640625,9.447
1724.6502767810016,595.17431640625,9.873
1724.971758235013,984.79541015625,7.782
1725.2948433819984,589.5498046875,8.765
1725.6180594770121,599.62451171875,9.486
1725.9407947900181,595.1748046875,9.641
1726.2663013810234,456.8095703125,7.171
1726.5886125870165,724.54736328125,8.313
1726.910401826026,595.17529296875,9.153
1727.2323412770056,595.17529296875,9.563
1727.5553684070182,492.52490234375,8.391
1727.8773087220034,1029.79638671875,8.158
1728.1998468140082,595.17578125,9.036
1728.5221530600102,595.17578125,9.408
1728.8453613790043,595.17578125,9.873
1729.166934516019,1097.29638671875,7.938
1729.4886281689978,589.55126953125,8.881
1729.8176770050195,595.17626953125,9.331
1730.1401051430148,595.17626953125,9.68
1730.4626435550163,456.81103515625,7.249
1730.7854639280122,724.548828125,8.352
1731.1087362180115,595.1767578125,9.23
1731.4325182180037,595.1767578125,9.486
1731.7548660660104,456.8115234375,7.899
1732.0775520350144,544.900390625,8.158
1732.3994139810093,595.17724609375,8.92
1732.722298580018,516.4267578125,9.525
1733.0439761370071,595.17724609375,9.602
1733.3657422730175,1029.79833984375,7.743
1733.690490509005,589.552734375,8.842
1734.0145080040093,595.177734375,9.292
1734.3398931540141,595.177734375,9.68
1734.6609402620234,456.8125,7.21
1734.9822887860064,724.55029296875,8.274
1735.30462773802,716.8134765625,9.153
1735.628013567999,595.17822265625,9.525
1735.9501520350168,456.81298828125,8.015
1736.2722874930187,724.55078125,8.158
1736.5934875660168,595.1787109375,9.036
1736.917205757025,595.1787109375,9.602
1737.23967361002,595.1787109375,9.447
1737.5623166029982,1029.7998046875,7.743
1737.8840756990248,589.55419921875,8.765
1738.2067796230258,595.17919921875,9.23
1738.5292355070123,499.55908203125,9.68
1738.8494101110264,456.81396484375,7.171
1739.1727804530237,724.5517578125,8.196
1739.4953877340013,595.1796875,9.075
1739.8197366640088,595.1796875,9.602
1740.1438972050091,456.814453125,8.132
1740.466308256,724.55224609375,8.235
1740.7889655230101,595.18017578125,9.036
1741.1115882279992,595.18017578125,9.525
1741.4334669450182,595.18017578125,9.424
1741.7564387810125,984.80126953125,7.548
1742.0780748990073,589.5556640625,8.546
1742.400517728005,595.1806640625,9.346
1742.7229279470048,595.1806640625,9.563
1743.046406006004,456.8154296875,6.976
1743.368227185012,724.55322265625,8.274
1743.6906562540098,595.18115234375,9.153
1744.0129691590264,595.18115234375,9.447
1744.3352281110128,492.53076171875,8.43
1744.6573127230222,1029.80224609375,7.886
1744.97919672,595.181640625,8.842
1745.3024286920263,505.35693359375,9.486
1745.6257684430166,595.181640625,9.873
1745.9466178200091,984.802734375,7.899
1746.2689365500119,589.55712890625,8.687
1746.5933705080242,477.05859375,9.447
1746.9173006120254,595.18212890625,9.641
1747.241640967026,456.81689453125,7.132
1747.5650528170227,724.5546875,8.274
1747.887494495022,595.1826171875,9.114
1748.2108575750026,615.56787109375,9.563
1748.5326301140012,492.5322265625,8.352
1748.8551527870004,1029.8037109375,8.158
1749.177856744005,595.18310546875,9.036
1749.5001295859984,595.18310546875,9.37
1749.8245610810118,595.18310546875,9.873
1750.1459203289996,465.80224609375,7.471
1750.4694310930208,747.0556640625,8.585
1750.7914976580068,595.18359375,9.23
1751.1145979150024,595.18359375,9.641
1751.4394945430104,456.818359375,7.015
1751.7614181910176,724.55615234375,8.313
1752.0839607050002,499.552734375,9.153
1752.406573365006,595.18408203125,9.447
1752.7283351210062,505.0673828125,8.585
1753.0492675420246,1029.80517578125,7.847
1753.3724235130067,595.1845703125,8.803
1753.6946316500253,621.18896484375,9.447
1754.0185953880136,595.1845703125,9.796
1754.3399653250235,456.8193359375,7.393
1754.662905131001,747.05712890625,8.546
1754.9848906380066,595.18505859375,9.269
1755.3072635480203,595.18505859375,9.525
1755.6302886360209,456.81982421875,7.444
1755.952467908006,724.5576171875,8.391
1756.2759469620069,595.185546875,9.191
1756.5984626600111,595.185546875,9.525
1756.9202600970166,492.53515625,8.468
1757.2424914680014,1029.806640625,8.158
1757.566942837002,595.18603515625,9.114
1757.8889382960042,595.18603515625,9.447
1758.2113940890122,595.18603515625,9.912
1758.533118596999,758.30517578125,7.938
1758.8549188840261,589.5615234375,8.842
1759.1769960740057,595.1865234375,9.308
1759.4991109929979,599.5009765625,9.641
1759.8253696140018,456.8212890625,7.171
1760.1471586679982,724.55908203125,8.235
1760.471486354014,595.18701171875,9.075
1760.794391472009,595.18701171875,9.602
1761.1163960210106,456.82177734375,8.158
1761.4382603420236,1029.80810546875,8.002
1761.7613774340134,595.1875,8.997
1762.0825637200032,595.1875,9.37
1762.405328866007,482.68115234375,9.834
1762.7271150090091,456.716796875,6.675
1763.0504429560096,746.95458984375,8.196
1763.372315821005,595.08251953125,9.036
1763.6944777830213,595.08251953125,9.525
1764.016160403,456.716796875,7.704
1764.3386776390253,724.45458984375,8.041
1764.6622670010256,595.08251953125,8.997
1764.9843201600015,595.08251953125,9.486
1765.3067139360064,595.08251953125,9.385
1765.627364496002,1029.70361328125,7.782
1765.9502933280019,589.4580078125,8.765
1766.2752311119984,595.0830078125,9.37
1766.5982118500106,595.0830078125,9.68
1766.9190039490059,456.7177734375,7.51
1767.2425803200167,746.95556640625,8.61
1767.5652272880252,595.08349609375,9.269
1767.8904745220207,595.08349609375,9.68
1768.2163279170054,456.71826171875,7.587
1768.5385959950218,724.4560546875,8.196
1768.862600761,595.083984375,9.075
1769.1852691070235,595.083984375,9.408
1769.509280466009,489.62109375,8.997
1769.833923651022,1029.705078125,7.587
1770.1561823850207,589.45947265625,8.648
1770.4797024340078,595.08447265625,9.37
1770.8025366400252,595.08447265625,9.563
1771.1233765500074,456.71923828125,7.432
1771.4472493140202,746.95703125,8.532
1771.7700035500166,595.0849609375,9.191
1772.0927218170254,595.0849609375,9.68
1772.418455082021,456.7197265625,7.51
1772.740411472012,724.45751953125,8.235
1773.063696251018,595.08544921875,9.075
1773.387121642998,615.470703125,9.525
1773.7087824080081,489.62255859375,8.959
1774.0324522550218,1029.70654296875,7.782
1774.3557867000054,615.46533203125,8.881
1774.6780209860008,595.0859375,9.37
1775.0009945890051,599.53564453125,9.718
1775.3228512010246,456.720703125,7.432
1775.6460662510071,746.95849609375,8.493
1775.970398964011,505.26171875,9.331
1776.2926064660132,595.08642578125,9.525
1776.6187081579992,456.72119140625,7.366
1776.9407344070205,724.458984375,8.119
1777.2634616350115,595.0869140625,9.036
1777.5858644070104,595.0869140625,9.525
1777.9119686589984,489.6240234375,8.959
1778.2347369769996,1029.7080078125,7.886
1778.5571077800123,595.08740234375,8.997
1778.879467510007,595.08740234375,9.37
1779.2027728670218,595.08740234375,9.757
1779.5263512250094,456.72216796875,7.237
1779.8478890120168,746.9599609375,8.43
1780.170448941004,635.72314453125,9.269
1780.4932984129991,595.087890625,9.563
1780.817075976025,456.72265625,7.432
1781.1395965120173,724.46044921875,8.352
1781.4643275100098,595.08837890625,9.075
1781.786850382021,595.08837890625,9.602
1782.1082880710019,489.62548828125,8.765
1782.4301177390153,1029.70947265625,8.002
1782.7519730410131,595.0888671875,8.92
1783.076179768017,533.20751953125,9.525
1783.399633323017,595.0888671875,9.796
1783.7234121340152,456.7236328125,7.432
1784.0467907109996,746.96142578125,8.546
1784.3688279050111,595.08935546875,9.23
1784.6909828310017,595.08935546875,9.602
1785.015981678007,456.72412109375,7.249
1785.338989684009,724.4619140625,8.352
1785.660844410013,595.08984375,9.191
1785.9830945389986,595.08984375,9.447
1786.305737511022,497.37939453125,8.546
1786.6284330600174,1029.7109375,7.963
1786.950610932021,595.09033203125,8.881
1787.2733663870022,595.09033203125,9.486
1787.595320220018,595.09033203125,9.834
1787.9185375130037,456.72509765625,7.626
1788.2407059120014,746.962890625,8.687
1788.562574399024,595.0908203125,9.23
1788.8847339659987,499.45947265625,9.641
1789.2102165070246,456.716796875,7.093
1789.5320104950224,724.45458984375,8.235
1789.853767491004,595.08251953125,9.036
1790.1764232010173,595.08251953125,9.525
1790.5005255430005,489.61962890625,8.74
1790.8231804520183,1029.703125,7.432
1791.1453073470038,589.45751953125,8.61
1791.4683232270181,510.701171875,9.346
1791.7901208960102,595.08251953125,9.602
1792.1139711030119,456.71728515625,7.249
1792.4365078980045,746.955078125,8.468
1792.7584442910156,595.0830078125,9.191
1793.0807479270152,595.0830078125,9.563
1793.4054433430138,456.7177734375,7.704
1793.7309976310062,724.45556640625,8.041
1794.054071785009,626.71875,9.036
1794.3770711530233,595.08349609375,9.408
1794.699263714021,595.08349609375,9.308
1795.0207184300234,1029.70458984375,7.626
1795.3431555429997,589.458984375,8.726
1795.6654135460267,595.083984375,9.269
1795.989796793001,510.70263671875,9.641
1796.3120959500084,456.71875,7.21
1796.6340207920002,724.45654296875,8.313
1796.956654198002,595.08447265625,9.23
1797.2787960060232,595.08447265625,9.563
1797.601975700003,456.71923828125,8.093
1797.9248146800091,724.45703125,8.274
1798.2470715310192,595.0849609375,9.191
1798.569489636022,595.0849609375,9.486
1798.8923834980233,626.72021484375,9.269
1799.2163272130128,1029.7060546875,7.782
1799.538709157001,589.46044921875,8.803
1799.8611505900044,595.08544921875,9.447
1800.1832535499998,595.08544921875,9.602
1800.5052532750124,456.72021484375,7.171
1800.8277031879988,746.9580078125,8.507
1801.149985193013,595.0859375,9.153
1801.472769709013,533.20458984375,9.602
1801.7941243920068,456.720703125,7.743
1802.1180152099987,724.45849609375,8.43
1802.440048376011,595.08642578125,9.114
1802.7622155310237,595.08642578125,9.641
1803.084401789005,489.62353515625,8.881
1803.4073769660026,1029.70751953125,7.808
1803.734272510017,595.0869140625,8.959
1804.0564522409986,595.0869140625,9.37
1804.3798821830133,595.0869140625,9.718
1804.7028524320049,456.7216796875,7.21
1805.025816281006,746.95947265625,8.43
1805.34831704502,595.08740234375,9.23
1805.6699830980215,595.08740234375,9.641
1805.9939562560176,456.72216796875,7.51
1806.3165689270245,724.4599609375,8.274
1806.6401935309987,595.087890625,9.075
1806.9647403690033,595.087890625,9.641
1807.2868392030068,489.625,8.818
1807.610009170021,1029.708984375,7.704
1807.9330705260218,711.0986328125,8.842
1808.2556001240155,595.08837890625,9.331
1808.5788100290229,599.40283203125,9.718
1808.8998773130006,456.72314453125,7.054
1809.224265331024,545.16357421875,8.352
1809.5467270230001,595.0888671875,9.153
1809.8695248840086,595.08935546875,9.525
1810.191034485004,456.7236328125,7.743
1810.513418543007,724.46142578125,8.196
1810.838531478017,595.08935546875,9.153
1811.1612446010113,595.08935546875,9.447
1811.4849232880224,489.62646484375,9.114
1811.8073723400012,1029.71044921875,7.626
1812.1292440310062,589.46484375,8.726
1812.4514871580177,595.08984375,9.346
1812.7733603530214,595.08984375,9.68
1813.0997510850138,456.724609375,7.171
1813.4229936640186,724.46240234375,8.313
1813.7454937570146,595.09033203125,9.269
1814.0674983810168,595.09033203125,9.486
1814.3903369810141,456.72509765625,7.821
1814.712038844009,724.462890625,8.119
1815.0363034680195,595.0908203125,8.997
1815.3586226930202,595.0908203125,9.486
1815.6803070840251,595.0908203125,9.463
1816.0021975290147,1029.7119140625,7.665
1816.3243530370237,589.46630859375,8.726
1816.6464375360229,595.09130859375,9.269
1816.9689417260233,476.9677734375,9.718
1817.2956791250035,456.716796875,6.636
1817.617862506013,724.45458984375,8.158
1817.940054784005,595.08251953125,9.075
1818.2625461740245,595.08251953125,9.37
1818.5859063570097,504.9658203125,8.546
1818.907905222004,1029.703125,7.548
1819.2309134590032,630.0927734375,8.726
1819.5538762870128,595.08251953125,9.308
1819.876013044006,696.33251953125,9.68
1820.1984708660166,456.71728515625,7.393
1820.5207078490057,746.955078125,8.507
1820.8476721350162,510.70166015625,9.331
1821.169582964998,595.0830078125,9.525
1821.493431578012,456.7177734375,7.366
1821.8154685250192,724.45556640625,8.08
1822.1374394209997,595.08349609375,9.114
1822.460057824006,595.08349609375,9.408
1822.7824366360146,489.62060546875,9.075
1823.1050338220084,1029.70458984375,7.548
1823.4295009500056,589.458984375,8.726
1823.7520219420257,595.083984375,9.254
1824.0749937950168,595.083984375,9.68
1824.3976790800225,456.71875,7.249
1824.7197537560132,724.45654296875,8.352
1825.0432129510154,493.833984375,9.23
1825.3661028500064,595.08447265625,9.447
1825.687851213006,456.71923828125,7.976
1826.0102239770058,1029.70556640625,7.924
1826.333736230008,595.0849609375,8.959
1826.6559893760132,595.0849609375,9.37
1826.978297498019,595.0849609375,9.912
1827.2991404280183,456.7197265625,7.51
1827.6227361080237,746.95751953125,8.687
1827.9456891770242,595.08544921875,9.269
1828.2682177860115,595.08544921875,9.68
1828.5923456410237,456.72021484375,7.093
1828.9148715940246,724.4580078125,8.313
1829.238266884,635.72119140625,9.075
1829.559867404023,595.0859375,9.486
1829.881766876002,489.623046875,8.624
1830.2035557210038,1029.70703125,7.924
1830.5258321630245,595.08642578125,8.881
1830.8564794990234,626.7216796875,9.525
1831.1796488630062,595.08642578125,9.873
1831.5002847150026,456.72119140625,7.354
1831.8221430350095,746.958984375,8.532
1832.1442106080067,595.0869140625,9.308
1832.4663952400151,595.0869140625,9.602
1832.787700040004,456.7216796875,7.327
1833.109488757007,724.45947265625,8.352
1833.432232029998,595.08740234375,9.075
1833.7546304600255,595.08740234375,9.563
1834.0775773870118,489.62451171875,8.701
1834.4010536080168,1029.70849609375,8.041
1834.7235798830225,595.087890625,8.997
1835.0460122670047,595.087890625,9.486
1835.3687884680112,595.087890625,9.834
1835.6897106340039,456.72265625,7.171
1836.0123506080126,746.96044921875,8.352
1836.3348169770034,595.08837890625,9.23
1836.6579850620183,595.08837890625,9.525
1836.9816659620265,456.72314453125,7.444
1837.304631001025,724.4609375,8.158
1837.6274339880038,595.0888671875,9.075
1837.9499267580104,615.47412109375,9.563
1838.2744835870108,489.6259765625,8.92
1838.5978939510242,1029.7099609375,7.704
1838.9203469130152,589.46435546875,8.803
1839.242482073023,595.08935546875,9.37
1839.5646800510003,595.08935546875,9.641
1839.888278325001,456.72412109375,7.354
1840.2107036700181,746.9619140625,8.546
1840.5326740580203,595.08984375,9.191
1840.8595311120152,595.08984375,9.602
1841.1874403560068,456.724609375,7.432
1841.5097387860005,724.46240234375,7.886
1841.8317886959994,595.09033203125,8.881
1842.1545602910046,595.09033203125,9.486
1842.4765248870244,595.09033203125,9.463
1842.7988436370215,989.02587890625,7.743
1843.1218978330144,589.4658203125,8.726
1843.4441761659982,595.0908203125,9.269
1843.7672893070267,599.4052734375,9.68
1844.0883701980056,456.7255859375,7.093
1844.4105355040228,724.46337890625,8.196
1844.7320919290069,595.09130859375,9.075
1845.0543602789985,476.9677734375,9.563
1845.3778075410228,500.755859375,8.196
1845.6994603210187,1029.71240234375,8.041
1846.022560086014,595.091796875,8.997
1846.3450659460214,595.091796875,9.37
1846.6706146770157,494.19287109375,9.951
1846.9932955820113,984.712890625,7.626
1847.3161197870213,499.4609375,8.571
1847.6398797310248,595.09228515625,9.308
1847.962019469007,595.09228515625,9.641
1848.2855553429981,456.72705078125,6.937
1848.6082616890199,724.46484375,8.235
1848.9306721550238,595.0927734375,9.036
1849.2528780720022,595.0927734375,9.486
1849.5772231200244,489.6298828125,8.701
1849.898849084013,1029.7138671875,8.235
1850.2233411460184,516.3427734375,9.114
1850.5456336570205,595.09326171875,9.447
1850.8688122410094,595.09326171875,9.951
1851.1899890720088,984.71435546875,7.665
1851.5131693520234,589.46875,8.571
1851.8356386680098,626.72900390625,9.37
1852.1579586680164,595.09375,9.602
1852.4816990930121,456.728515625,6.976
1852.8041879940138,724.46630859375,8.274
1853.127545143012,595.09423828125,9.153
1853.4496078880038,595.09423828125,9.408
1853.7720808850136,492.44384765625,8.468
1854.0942490410234,1029.71533203125,7.548
1854.416678677022,527.58837890625,8.726
1854.7386958200077,595.0947265625,9.292
1855.061427321023,595.09521484375,9.602
1855.3836176220211,456.7294921875,6.898
1855.7056039810122,724.46728515625,8.235
1856.029972518998,595.09521484375,9.191
1856.351842108008,595.09521484375,9.447
1856.6759798880084,456.72998046875,7.899
1856.9972060020082,724.4677734375,8.158
1857.3210062370053,595.095703125,8.92
1857.6440101290063,595.095703125,9.563
1857.9666521230247,595.095703125,9.563
1858.2890473590232,1029.716796875,7.782
1858.6111819790094,589.47119140625,8.881
1858.933256949007,595.09619140625,9.308
1859.2561213180015,595.09619140625,9.68
1859.5771828830184,456.73095703125,7.093
1859.8989848540223,724.46875,8.158
1860.2212334939977,595.0966796875,9.036
1860.5437852140167,595.0966796875,9.602
1860.8711290060019,456.7314453125,8.093
1861.1930278750078,1029.7177734375,8.119
1861.5151951370062,595.09716796875,8.959
1861.8383776270202,595.09716796875,9.447
1862.1621520699991,595.09716796875,9.757
1862.4832865339995,984.71826171875,7.665
1862.8060314440227,589.47265625,8.61
1863.1288209640188,595.09765625,9.37
1863.4509808650182,595.09765625,9.563
1863.7729545860202,456.732421875,7.444
1864.094892529014,724.47021484375,8.352
1864.4177584990102,595.09814453125,9.191
1864.7395043730212,595.09814453125,9.602
1865.0635733530216,456.73291015625,8.015
1865.3868121970154,1029.71923828125,8.08
1865.7079201330198,595.0986328125,8.997
1866.0304459020263,595.0986328125,9.408
1866.3528751230042,595.0986328125,9.757
1866.673663211026,984.7197265625,7.626
1866.9964016570011,589.47412109375,8.61
1867.3190156840137,533.2177734375,9.346
1867.6410085740208,595.09912109375,9.602
1867.9643580780248,456.73388671875,7.405
1868.2865762860165,724.4716796875,8.313
1868.6097181680088,595.099609375,9.191
1868.9324388550012,595.099609375,9.641
1869.2543212770252,472.814453125,8.196
1869.5768090290076,1029.720703125,8.196
1869.8986177220067,595.10009765625,8.997
1870.2209524140053,595.10009765625,9.486
1870.544575206004,595.10009765625,9.757
1870.8724313340208,456.716796875,7.405
1871.1949791200168,757.1474609375,8.546
1871.517330133007,595.08251953125,9.23
1871.8403116590052,595.08251953125,9.641
1872.1632252150157,456.716796875,7.483
1872.486563104001,724.45458984375,8.352
1872.8081163340248,595.08251953125,9.153
1873.1326045270253,595.08251953125,9.641
1873.4538172360044,456.71728515625,8.171
1873.7763491820078,1029.70361328125,7.924
1874.0989637860039,635.71826171875,8.881
1874.4210327430046,595.0830078125,9.37
1874.7450222980115,595.0830078125,9.873
1875.0655306670233,984.7041015625,7.704
1875.3887453850184,488.3837890625,8.571
1875.7143559460237,599.39794921875,9.346
1876.0369772070262,595.08349609375,9.563
1876.3609569710097,456.71826171875,7.093
1876.6855553430214,724.4560546875,8.274
1877.0074159750075,595.083984375,9.153
1877.330097750004,595.083984375,9.525
1877.6555430270091,492.43359375,8.43
1877.979323809006,724.45654296875,8.352
1878.3019622870197,595.08447265625,9.036
1878.625159276009,595.08447265625,9.641
1878.9483179930248,595.08447265625,9.486
1879.270246627013,1029.70556640625,7.704
1879.5938991810253,589.4599609375,8.842
1879.917082955013,595.0849609375,9.292
1880.2404686220107,595.0849609375,9.718
1880.563430789014,456.716796875,7.21
1880.8855648370227,724.45458984375,8.274
1881.2080370710173,655.9677734375,9.114
1881.5300883010204,595.08251953125,9.486
1881.852774812025,456.716796875,8.015
1882.1749378210225,1029.703125,7.938
1882.4977366880048,617.58203125,8.959
1882.8200022600067,595.08251953125,9.37
1883.1420524660207,488.201171875,9.873
1883.4628296760202,984.70361328125,7.626
1883.7849668929994,488.38330078125,8.61
1884.1074691120011,595.0830078125,9.269
1884.429313968023,595.0830078125,9.602
1884.7498754920089,456.7177734375,7.249
1885.0721112720203,724.45556640625,8.274
1885.3944288140046,595.08349609375,9.075
1885.7160951690166,595.08349609375,9.525
1886.0382187220093,492.43310546875,8.352
1886.3604764860065,1029.70458984375,7.704
1886.6852917310025,595.083984375,8.803
1887.0075756720034,626.71923828125,9.447
1887.3303018980077,595.083984375,9.796
1887.6512527140148,456.71875,7.132
1887.9737163720129,746.95654296875,8.468
1888.2969784850138,595.08447265625,9.191
1888.6207842940057,595.08447265625,9.641
1888.9448245410167,456.71923828125,7.471
1889.2678011740209,724.45703125,8.158
1889.5892311720236,595.0849609375,9.036
1889.9120970500226,595.0849609375,9.486
1890.235920332023,489.6220703125,8.959
1890.5594646930113,1029.7060546875,7.587
1890.883292167011,589.46044921875,8.687
1891.2058724050003,611.9599609375,9.408
1891.529650373006,595.08544921875,9.602
1891.853858818009,456.72021484375,7.471
1892.1768727970193,746.9580078125,8.61
1892.5000561240013,595.0859375,9.23
1892.822366307024,595.0859375,9.68
1893.1456818950246,456.720703125,7.548
1893.4697612480086,724.45849609375,8.158
1893.792562453018,595.08642578125,9.075
1894.1163274610008,595.08642578125,9.486
1894.4401696240238,489.62353515625,8.92
1894.7649593660026,1029.70751953125,7.665
1895.087534805003,589.4619140625,8.726
1895.410183398024,595.0869140625,9.408
1895.7310966770165,595.0869140625,9.641
1896.0539075150155,456.7216796875,7.548
1896.376636335015,746.95947265625,8.532
1896.699787598016,499.4560546875,9.385
1897.0217007460014,595.08740234375,9.641
1897.3466385890206,456.72216796875,7.444
1897.669019783003,724.4599609375,8.119
1897.9915952220035,595.087890625,9.075
1898.3137963790214,595.087890625,9.408
1898.6384457010136,489.625,9.075
1898.9604993340035,1029.708984375,7.847
1899.2831598640187,499.638671875,8.881
1899.6054114220024,595.08837890625,9.37
1899.9276835890196,533.20703125,9.718
1900.2524842440034,456.72314453125,7.354
1900.5759627490188,746.9609375,8.468
1900.898461195,494.01416015625,9.308
1901.221176318999,595.0888671875,9.525
1901.5460274710204,456.7236328125,7.366
1901.8684631630022,724.46142578125,8.041
1902.1912714100035,595.08935546875,9.036
1902.516091298021,595.08935546875,9.447
1902.8405029819987,489.62646484375,8.997
1903.162763181026,1029.71044921875,8.119
1903.484748909017,595.08984375,8.92
1903.807362749998,595.08984375,9.563
1904.130126804026,595.08984375,9.834
1904.4509308660054,465.708984375,7.665
1904.7755375650013,746.96240234375,8.726
1905.098270321003,595.09033203125,9.269
1905.4218137580028,595.09033203125,9.68
1905.7441002300184,456.72509765625,7.548
1906.066219722008,724.462890625,8.43
1906.3883342860208,595.0908203125,9.153
1906.7107198010199,595.0908203125,9.68
1907.0322024110064,456.7255859375,8.235
1907.3544669630064,1029.7119140625,7.963
1907.6770454760117,476.9677734375,8.997
1907.99925105102,595.09130859375,9.37
1908.321417455998,595.09130859375,9.796
1908.6458213330188,456.72607421875,7.548
1908.968114207004,746.9638671875,8.648
1909.2904979940213,595.091796875,9.153
1909.6130655310117,595.091796875,9.68
1909.9384812770004,456.7265625,7.093
1910.2617864350032,724.46435546875,8.274
1910.5842933630047,595.09228515625,9.153
1910.9069257660012,595.09228515625,9.447
1911.2291577100113,492.44189453125,8.468
1911.551022411004,1029.71337890625,7.704
1911.876053667016,595.0927734375,8.842
1912.1980441000196,595.0927734375,9.37
1912.5213661230227,595.0927734375,9.718
1912.8424476340006,465.7119140625,7.86
1913.1651820890256,746.96533203125,8.765
1913.4878535980242,595.09326171875,9.269
1913.8107769850176,595.09326171875,9.718
1914.1339055630087,456.72802734375,7.327
1914.456381290016,724.4658203125,8.274
1914.7836720019986,595.09375,9.114
1915.10614459301,595.09375,9.641
1915.4290435010043,465.73388671875,8.158
1915.7509031150257,1029.71484375,8.002
1916.0737980220001,493.84375,8.959
1916.3968232060142,595.09423828125,9.331
1916.7211838189978,482.587890625,9.912
1917.0413431610214,456.72900390625,7.51
1917.364482235018,746.966796875,8.571
1917.6865918410185,595.0947265625,9.23
1918.00920997301,595.0947265625,9.68
1918.3296671470162,456.7294921875,7.366
1918.651820914005,724.46728515625,8.43
1918.974261601019,595.09521484375,9.191
1919.2970980120008,595.09521484375,9.486
1919.619013020012,492.44482421875,8.468
1919.9415598860069,1029.71630859375,8.196
1920.2640080620185,595.095703125,9.075
1920.5880053690053,595.095703125,9.447
1920.9108672200236,595.095703125,9.834
1921.23163742802,984.716796875,7.743
1921.5557653320138,589.47119140625,8.648
1921.8796530680265,595.09619140625,9.331
1922.201808052021,595.09619140625,9.641
1922.5259972690255,456.73095703125,6.976
1922.8484712050122,724.46875,8.196
1923.17081400202,595.0966796875,9.075
1923.4938105140172,595.0966796875,9.447
1923.8160540440003,492.4462890625,8.352
1924.1380979850073,1029.7177734375,7.704
1924.4605150880234,595.09716796875,8.803
1924.7850237060047,595.09716796875,9.408
1925.1068900100072,595.09716796875,9.757
1925.4286981040204,456.73193359375,7.288
1925.75088972901,746.9697265625,8.468
1926.074393679999,493.84716796875,9.308
1926.3980929000245,595.09765625,9.525
1926.7267192990112,456.732421875,7.366
1927.0475434940017,724.47021484375,8.119
1927.3702992949984,595.09814453125,9.075
1927.693349697016,595.09814453125,9.447
1928.0163080000202,489.63525390625,9.114
1928.3402629390184,1029.71923828125,7.782
1928.6633577270259,589.4736328125,8.881
1928.985243039002,595.0986328125,9.447
1929.3078095880046,595.0986328125,9.641
1929.629709173023,456.7333984375,7.288
1929.9527441190148,746.97119140625,8.493
1930.2771445110266,595.09912109375,9.153
1930.5998724079982,595.09912109375,9.641
1930.9247305419995,456.73388671875,7.626
1931.247803473001,724.4716796875,8.196
1931.570409990003,595.099609375,9.075
1931.8959230540204,595.099609375,9.602
1932.219672293024,489.63671875,8.959
1932.541950961022,1029.720703125,8.002
1932.8654891220212,595.10009765625,8.92
1933.1881813060027,621.1103515625,9.486
1933.5121342300263,595.10009765625,9.834
1933.8343922590138,456.716796875,7.432
1934.1577492940123,746.95458984375,8.507
1934.4809057160164,595.08251953125,9.308
1934.8034385040228,595.08251953125,9.563
1935.1256641159998,456.716796875,7.288
1935.447915072,724.45458984375,7.886
1935.771216330002,595.08251953125,9.036
1936.0940931600053,595.08251953125,9.37
1936.4176457860158,516.326171875,9.191
1936.7404473180068,1029.70361328125,7.821
1937.0620420320192,589.4580078125,8.842
1937.3860248770216,595.0830078125,9.447
1937.7084852480039,595.0830078125,9.68
1938.0321278600022,456.7177734375,7.548
1938.3557353670185,746.95556640625,8.493
1938.6786341179977,595.08349609375,9.331
1939.000817009015,595.08349609375,9.525
1939.323969752004,456.71826171875,7.405
1939.6466867380077,724.4560546875,8.391
1939.9693715310132,595.083984375,9.075
1940.2923894860141,595.083984375,9.563
1940.614007177006,489.62109375,8.779
1940.9366713300114,1029.705078125,8.041
1941.2585632050177,595.08447265625,8.92
1941.5826472699991,595.08447265625,9.525
1941.9043290270201,595.08447265625,9.912
1942.2264671180164,1029.70556640625,8.196
1942.5493617410248,589.4599609375,8.997
1942.8726762490114,595.0849609375,9.447
1943.1951778689981,595.0849609375,9.718
1943.5186245730147,456.7197265625,7.21
1943.8421293580031,724.45751953125,8.352
1944.1650378699997,595.08544921875,9.23
1944.4869713150256,595.08544921875,9.486
1944.8090205710032,456.72021484375,7.899
1945.133362884022,724.4580078125,8.43
1945.4569641840062,595.0859375,9.075
1945.779768182023,494.01123046875,9.641
1946.1035086220072,489.623046875,8.842
1946.425729307026,1029.70703125,8.041
1946.7474737230223,595.08642578125,8.92
1947.0693960640056,499.455078125,9.525
1947.3913712700014,595.08642578125,9.796
1947.7131398150232,456.72119140625,7.51
1948.035531608999,746.958984375,8.585
1948.3573189380113,595.0869140625,9.308
1948.6796471790003,595.0869140625,9.602
1949.0018817520177,456.7216796875,7.288
1949.3245689790056,724.45947265625,8.002
1949.6470867290045,595.08740234375,9.075
1949.9688396580168,595.08740234375,9.37
1950.292529088998,489.62451171875,9.075
1950.6152683500259,1029.70849609375,7.665
1950.938131774019,589.462890625,8.687
1951.2621675190167,595.087890625,9.408
1951.5841054450138,595.087890625,9.602
1951.9085358900193,456.72265625,7.132
1952.231939489022,724.46044921875,8.352
1952.555019528023,595.08837890625,9.23
1952.8771157620067,595.08837890625,9.486
1953.1985952750256,456.72314453125,7.899
1953.5216783860233,724.4609375,8.119
1953.8433097439993,595.0888671875,8.997
1954.1657869170012,595.0888671875,9.525
1954.4882093370252,595.0888671875,9.502
1954.8110788100166,1029.7099609375,7.782
1955.1331397160247,589.46435546875,8.765
1955.4556412430247,595.08935546875,9.346
1955.7775875530206,595.08935546875,9.68
1956.1014525110077,456.72412109375,7.132
1956.4243015990069,724.4619140625,8.313
1956.7475536430138,595.08984375,9.269
1957.0687556129997,595.08984375,9.525
1957.3936337830091,456.724609375,7.938
1957.7168926430168,724.46240234375,8.352
1958.0388992119988,595.09033203125,9.153
1958.3615055420087,595.09033203125,9.486
1958.6834497730015,489.62744140625,9.114
1959.0057478070084,1029.71142578125,7.886
1959.3283291760017,595.0908203125,8.959
1959.6513658860058,595.0908203125,9.37
1959.9747336780129,595.0908203125,9.718
1960.2984468240174,456.7255859375,7.054
1960.6217434770078,746.96337890625,8.468
1960.9435739140026,595.09130859375,9.114
1961.2659651020076,595.09130859375,9.602
1961.5880180090026,456.72607421875,7.587
1961.911975193012,724.4638671875,8.041
1962.2341874970007,595.091796875,8.959
1962.5565353560087,595.091796875,9.486
1962.878509060014,595.091796875,9.424
1963.2001671720063,1029.712890625,7.782
1963.522635227011,589.46728515625,8.765
1963.8461282070202,595.09228515625,9.37
1964.1678821930254,595.09228515625,9.68
1964.4904401390231,456.72705078125,7.21
1964.8130902470148,746.90771484375,8.43
1965.135170227004,595.0927734375,9.23
1965.4573964510055,595.0927734375,9.525
1965.779550545005,456.7275390625,7.86
1966.1025321190245,724.46533203125,8.352
1966.4255645420053,595.09326171875,9.075
1966.748670631001,621.103515625,9.602
1967.0732517389988,489.63037109375,8.959
1967.395550381014,1029.71435546875,7.808
1967.7209436390258,595.09375,8.959
1968.043155944004,595.09375,9.331
1968.3659628890164,595.09375,9.757
1968.6895016630006,456.728515625,7.354
1969.0123639049998,746.96630859375,8.43
1969.3364703110128,499.64453125,9.269
1969.6593261860253,595.09423828125,9.563
1969.9817377920263,456.72900390625,7.354
1970.3051418420218,724.466796875,7.886
1970.6271373729978,493.83837890625,9.036
1970.9495897160086,595.0947265625,9.447
1971.2719611290086,599.4091796875,9.269
1971.5943470390048,1029.7158203125,7.743
1971.9173268529994,589.47021484375,8.803
1972.2402180580248,595.09521484375,9.408
1972.5625098849996,595.09521484375,9.563
1972.8869686530088,456.72998046875,7.054
1973.2107178340084,724.4677734375,8.235
1973.534163518023,595.095703125,9.191
1973.856112679001,595.095703125,9.447
1974.1775268500205,456.73046875,7.938
1974.5006230840227,724.46826171875,8.158
1974.8222947980103,595.09619140625,8.997
1975.1448742170178,595.09619140625,9.525
1975.4672754560015,595.09619140625,9.463
1975.7885881840193,984.71728515625,7.704
1976.1104985920247,589.4716796875,8.687
1976.4326143190265,595.0966796875,9.308
1976.7543897160213,595.0966796875,9.641
1977.0775433600065,456.7314453125,7.548
1977.401273437019,589.46875,8.61
1977.7254852230253,595.09716796875,9.23
1978.0477007930167,595.09716796875,9.602
1978.3722538370057,456.73193359375,7.665
1978.695219316025,724.4697265625,8.08
1979.0169435440039,595.09765625,8.92
1979.3403368430154,595.09765625,9.486
1979.6625874860038,595.09765625,9.525
1979.9853513600247,1029.71875,7.782
1980.3084961400018,589.47314453125,8.765
1980.6311096100253,595.09814453125,9.331
1980.952771916025,595.09814453125,9.68
1981.2770320560085,456.73291015625,7.171
1981.5998334030155,724.470703125,8.391
1981.921940234024,595.0986328125,9.308
1982.244108859013,595.0986328125,9.486
1982.5663489100116,456.7333984375,7.86
1982.8893196380232,1029.7197265625,8.041
1983.2109431280114,595.09912109375,8.92
1983.5330765200197,595.09912109375,9.37
1983.8554407670163,595.09912109375,9.796
1984.1767077670083,984.72021484375,7.821
1984.4993643420166,589.474609375,8.726
1984.8209991600015,595.099609375,9.37
1985.1437929870153,595.099609375,9.602
1985.4649836010067,456.734375,7.21
1985.7872233640228,724.47216796875,8.274
1986.1098522590182,595.10009765625,9.075
1986.4334720620245,595.10009765625,9.602
1986.7573569280212,456.73486328125,8.196
1987.0796480850258,724.47265625,8.313
1987.402298453002,595.1005859375,9.075
1987.7273734650225,595.1005859375,9.563
1988.0491144620173,595.1005859375,9.424
1988.372808892018,989.818359375,7.626
1988.6950379350164,589.47607421875,8.726
1989.017030588002,595.10107421875,9.23
1989.3393794750154,595.1015625,9.563
1989.666568308021,456.73583984375,7.132
1989.988938444003,724.4736328125,8.196
1990.3117645920138,595.1015625,9.036
1990.6336093690188,595.1015625,9.563
1990.9559617449995,497.95361328125,8.235
1991.2787717330211,1029.72265625,8.002
1991.6010029850004,595.10205078125,9.036
1991.9245395550097,595.10205078125,9.447
1992.248430342006,493.8515625,9.912
1992.5691971370252,984.72314453125,7.899
1992.8917640460131,589.4775390625,8.765
1993.2142473700223,595.1025390625,9.346
1993.5363981080009,595.1025390625,9.641
1993.8586831860011,456.7373046875,6.976
1994.1811462210026,724.47509765625,8.158
1994.5030336880009,595.10302734375,9.075
1994.8254340010171,595.10302734375,9.486
1995.1469730740064,492.45263671875,8.313
1995.469231015013,1029.72412109375,7.704
1995.7912452380115,595.103515625,8.765
1996.113855861011,615.48876953125,9.408
1996.4360243280244,595.103515625,9.757
1996.7573392990162,456.73828125,7.432
1997.0780333570146,746.97607421875,8.546
1997.4030695210095,595.10400390625,9.269
1997.7251280330238,595.10400390625,9.563
1998.0479971280147,456.73876953125,7.288
1998.3706186960044,724.4765625,8.313
1998.6936490439984,595.1044921875,9.075
1999.0157180530077,595.1044921875,9.563
1999.3379467460036,489.6416015625,8.663
1999.6606613410113,1029.7255859375,7.886
1999.9834301770024,595.10498046875,8.881
2000.3061998460034,595.10498046875,9.37
2000.628494108998,595.10498046875,9.757
2000.9504940600018,488.22412109375,7.86
2001.2727148170234,779.67041015625,8.726
2001.5948043700191,595.10546875,9.308
2001.9214604849985,595.10546875,9.68
2002.2480607910256,456.740234375,6.937
2002.5699598750216,724.47802734375,8.235
2002.8925921320042,488.23583984375,9.075
2003.2144610719988,595.10595703125,9.447
2003.5379623780027,489.64306640625,8.546
2003.8611922840064,1029.72705078125,7.51
2004.183367376012,589.4814453125,8.648
2004.5060539710103,595.1064453125,9.37
2004.8278110030224,595.1064453125,9.563
2005.1484365480137,456.716796875,6.859
2005.470538294001,724.45458984375,8.119
2005.7927352750266,595.08251953125,9.075
2006.1159554210026,595.08251953125,9.563
2006.4395563139988,456.716796875,8.054
2006.7619958300202,1029.703125,8.002
2007.08467852202,595.08251953125,9.036
2007.4065915590036,595.08251953125,9.37
2007.7293909889995,516.33203125,9.912
2008.0497541910154,984.70361328125,7.743
2008.3726553840097,589.4580078125,8.61
2008.6988761280081,488.20166015625,9.408
2009.023331125005,595.0830078125,9.563
2009.3450667500147,456.7177734375,7.444
2009.6686764760234,724.45556640625,8.43
2009.9909739080176,595.08349609375,9.23
2010.3135844380013,595.08349609375,9.563
2010.6385672580218,456.71826171875,8.093
2010.960495432024,724.4560546875,8.196
2011.2825447299983,595.083984375,8.997
2011.6046233090165,595.083984375,9.525
2011.9321517060162,595.083984375,9.424
2012.2544383220084,1029.705078125,8.235
2012.5779590540042,595.08447265625,8.997
2012.9006394100143,516.328125,9.525
2013.222768550011,595.08447265625,9.834
2013.5438318040106,456.71923828125,7.21
2013.8665524810203,746.95703125,8.43
2014.1890981449978,626.72021484375,9.23
2014.5116616020096,595.0849609375,9.525
2014.8354328050045,456.7197265625,7.483
2015.1583811370074,724.45751953125,8.274
2015.4808979040245,595.08544921875,9.036
2015.8032515310042,595.08544921875,9.602
2016.1251413690043,489.62255859375,8.842
2016.4478450860188,1029.70654296875,7.963
2016.7699066720088,595.0859375,8.92
2017.09137525002,595.08642578125,9.447
2017.4132569280046,595.0859375,9.718
2017.735191919026,456.720703125,7.327
2018.0581436440116,746.95849609375,8.43
2018.3829987500212,516.3359375,9.269
2018.7047016069992,595.08642578125,9.525
2019.030350912013,456.72119140625,7.327
2019.352976323018,724.458984375,8.08
2019.6774784590234,595.0869140625,8.997
2020.0009983600175,621.09716796875,9.525
2020.3235021990258,489.6240234375,8.881
2020.646849263023,1029.7080078125,7.665
2020.9691602340026,589.46240234375,8.726
2021.2913972180104,595.08740234375,9.385
2021.6136597710138,595.08740234375,9.602
2021.938894343999,456.72216796875,7.432
2022.2611123520182,746.9599609375,8.507
2022.5828835960128,595.087890625,9.23
2022.9048811810208,595.087890625,9.602
2023.2310633020243,456.72265625,7.471
2023.5529408200237,724.46044921875,8.041
2023.875360466016,595.08837890625,9.114
2024.1979606290115,595.08837890625,9.408
2024.5205446320178,489.62548828125,9.075
2024.8432008610107,989.02392578125,7.548
2025.1650803630182,589.4638671875,8.61
2025.487146207015,595.0888671875,9.191
2025.809090736002,595.0888671875,9.602
2026.1302792750066,456.7236328125,7.288
2026.45259626201,724.46142578125,8.313
2026.7750928390014,716.724609375,9.23
2027.097183260019,595.08935546875,9.563
2027.4204599540099,456.72412109375,8.015
2027.7430569500139,724.4619140625,8.196
2028.0655091730005,595.08984375,8.997
2028.3887465390144,595.08984375,9.525
2028.7128662660252,595.08984375,9.463
2029.0352719600196,1029.7109375,7.782
2029.3587692690198,589.46533203125,8.726
2029.6819664100185,595.09033203125,9.486
2030.005436774023,595.09033203125,9.641
2030.3276829440147,456.72509765625,7.171
2030.649730228004,780.71240234375,8.468
2030.9717276550073,595.0908203125,9.191
2031.2941672700108,595.0908203125,9.525
2031.6170194410079,456.7255859375,7.704
2031.943208443001,724.46337890625,8.119
2032.2654128520226,595.09130859375,8.92
2032.588409412012,595.09130859375,9.525
2032.9108439070114,595.09130859375,9.463
2033.2350761179987,1029.71240234375,7.924
2033.5582402980071,589.466796875,8.881
2033.8803006390226,595.091796875,9.447
2034.2031540900061,595.091796875,9.68
2034.5264402580215,456.7265625,7.315
2034.848699677008,746.96435546875,8.546
2035.1715679129993,595.09228515625,9.191
2035.494496119005,595.09228515625,9.602
2035.8187657710223,456.72705078125,7.587
2036.141058150999,724.46484375,8.43
2036.462914230011,595.0927734375,9.075
2036.7844070670253,595.0927734375,9.602
2037.1064425760123,489.6298828125,8.842
2037.428802894021,1029.7138671875,7.847
2037.7547711220104,595.09326171875,8.959
2038.079017254,595.09326171875,9.408
2038.401271233015,595.09326171875,9.757
2038.7241301890172,456.72802734375,7.432
2039.0464238810237,746.9658203125,8.468
2039.3690668640193,595.09375,9.308
2039.691948029009,595.09375,9.563
2040.0133628480253,456.728515625,7.327
2040.3359291880042,724.46630859375,8.274
2040.6580918690015,595.09423828125,9.075
2040.982765949011,595.09423828125,9.563
2041.306527939014,489.63134765625,8.663
2041.6285806970263,1029.71533203125,7.782
2041.9517556310166,595.0947265625,8.959
2042.2736606080143,595.0947265625,9.331
2042.5963876250025,595.0947265625,9.757
2042.9173325760057,465.7138671875,7.899
2043.2407387480198,746.9677734375,8.765
2043.5635452880233,595.09521484375,9.292
2043.8860684910032,595.09521484375,9.718
2044.2099312210048,456.72998046875,7.327
2044.532775041007,724.4677734375,8.313
2044.854842552013,595.095703125,9.114
2045.1778323930048,716.73095703125,9.525
2045.503573096008,492.4453125,8.196
2045.826271056023,1029.716796875,7.886
2046.1486075660214,595.09619140625,8.881
2046.4716361290193,595.09619140625,9.408
2046.7928754879977,595.09619140625,9.873
2047.1142298589984,456.73095703125,7.327
2047.437136433,746.96875,8.43
2047.7610011790239,595.0966796875,9.308
2048.084834276,595.0966796875,9.563
2048.4059556810244,456.7314453125,7.249
2048.729117943003,724.46923828125,8.313
2049.0510505380225,595.09716796875,8.997
2049.3742892820155,595.09716796875,9.563
2049.697058605001,489.63427734375,8.818
2050.019678868004,1029.71826171875,8.313
2050.3426542450034,595.09765625,9.114
2050.6642183500226,595.09765625,9.447
2050.9862673650205,595.09765625,9.951
2051.309289208002,984.71875,7.704
2051.6317268420244,589.47314453125,8.571
2051.95409148201,595.09814453125,9.447
2052.276220467,595.09814453125,9.563
2052.59944151502,456.73291015625,6.937
2052.922256888007,724.470703125,8.235
2053.246276007005,595.0986328125,9.114
2053.568219675013,595.0986328125,9.408
2053.8901190220204,492.4482421875,8.43
2054.213399368018,1029.7197265625,7.704
2054.5352970189997,595.09912109375,8.765
2054.8577623029996,595.09912109375,9.37
2055.182248283003,595.09912109375,9.718
2055.5054403070244,456.73388671875,7.626
2055.827190786018,746.9716796875,8.726
2056.1494891520124,595.099609375,9.23
2056.4738415610045,516.34326171875,9.641
2056.7981631850125,456.734375,7.171
2057.1198376940156,724.47216796875,8.352
2057.443655976007,635.7353515625,9.114
2057.765810915007,595.10009765625,9.486
2058.0876466770133,489.63720703125,8.624
2058.409821424022,1029.72119140625,7.963
2058.731805702002,595.1005859375,8.92
2059.054454031022,595.1005859375,9.486
2059.3768939380243,595.1005859375,9.873
2059.6980107670242,1074.72119140625,7.743
2060.0205982940097,779.666015625,8.687
2060.343636139005,595.10107421875,9.254
2060.6655162220122,595.10107421875,9.68
2060.9880499560095,456.73583984375,7.093
2061.3111166970048,724.4736328125,8.274
2061.6342291990004,595.1015625,9.153
2061.9565269580053,595.1015625,9.525
2062.278921296005,492.451171875,8.43
2062.600879430014,1029.72265625,7.886
2062.923116196005,595.10205078125,8.842
2063.2469080130104,595.10205078125,9.486
2063.568711007014,595.10205078125,9.796
2063.8903963650228,456.73681640625,7.21
2064.2147105660115,746.974609375,8.352
2064.537667224009,595.1025390625,9.23
2064.860233439016,595.1025390625,9.525
2065.1840673710103,456.7373046875,7.327
2065.50714102402,724.47509765625,7.886
2065.829150072008,476.9794921875,8.997
2066.1518521310063,595.10302734375,9.37
2066.4753929660073,621.11328125,9.191
2066.797320635,1029.72412109375,7.743
2067.1200969370257,589.478515625,8.803
2067.4444529630127,595.103515625,9.486
2067.7703106320114,595.103515625,9.641
2068.0939470540034,456.73828125,7.276
2068.4166788750154,746.97607421875,8.532
2068.739080894011,595.10400390625,9.191
2069.061974511016,505.279296875,9.641
2069.3841641400068,456.73876953125,7.626
2069.706238822022,724.4765625,8.041
2070.0294152630086,595.1044921875,8.959
2070.3528428150166,595.1044921875,9.525
2070.6766659310088,595.1044921875,9.424
2071.000244368013,984.703125,7.548
2071.322234183026,589.45751953125,8.493
2071.644822544011,595.08251953125,9.331
2071.966722789017,595.08251953125,9.563
2072.293091385014,456.716796875,6.82
2072.614827178011,724.45458984375,8.158
2072.937335248018,595.08251953125,9.036
2073.2598437990237,595.08251953125,9.486
2073.582048629003,489.61962890625,8.624
2073.903860999999,1029.70361328125,7.782
2074.227283113025,595.0830078125,8.881
2074.549067163025,595.0830078125,9.331
2074.8714262690046,595.0830078125,9.796
2075.1923642160255,456.7177734375,7.276
2075.5153110190004,746.95556640625,8.468
2075.8370193870214,595.08349609375,9.23
2076.158958482003,595.08349609375,9.602
2076.486587562016,456.71826171875,7.432
2076.808345404017,724.4560546875,8.274
2077.1304690480174,595.083984375,9.036
2077.4528171470156,533.20263671875,9.563
2077.7768276290153,489.62109375,8.92
2078.0990431160026,1029.705078125,7.548
2078.4216432530084,589.45947265625,8.61
2078.744468101999,499.453125,9.408
2079.0665181119984,595.08447265625,9.563
2079.390664917999,456.71923828125,7.51
2079.7126275980263,746.95703125,8.571
2080.034647271008,595.0849609375,9.23
2080.357310419,595.0849609375,9.563
2080.682170973014,456.7197265625,7.51
2081.004055219004,724.45751953125,8.119
2081.3262656500156,595.08544921875,9.075
2081.6485684040235,595.08544921875,9.447
2081.970742386009,489.62255859375,9.153
2082.292843918025,1029.70654296875,7.847
2082.6165521200164,621.09619140625,8.92
2082.938761751022,595.0859375,9.408
2083.262000692019,599.53564453125,9.718
2083.585359828023,456.720703125,7.782
2083.9074485920137,746.95849609375,8.765
2084.230584778008,595.08642578125,9.292
2084.5538671440154,626.7216796875,9.641
2084.8775729140034,456.72119140625,7.665
2085.1996130040206,724.458984375,8.416
2085.521822859999,595.0869140625,9.153
2085.8459014410037,595.0869140625,9.641
2086.167747894011,456.7216796875,8.158
2086.4910746130045,1029.7080078125,8.119
2086.812621090008,595.08740234375,9.036
2087.1345245370176,595.08740234375,9.447
2087.4573804600223,595.08740234375,9.834
2087.7795520420186,465.70654296875,7.51
2088.102430749015,768.27783203125,8.585
2088.424770049023,595.087890625,9.191
2088.7477607910114,595.087890625,9.68
2089.0708169749996,456.72265625,7.366
2089.3929650690116,724.46044921875,8.313
2089.7149622470024,595.08837890625,9.153
2090.037528946006,488.20703125,9.602
2090.359353863023,497.6591796875,8.274
2090.680964822008,1029.70947265625,8.119
2091.0042315720057,595.0888671875,9.036
2091.326177421026,595.0888671875,9.37
2091.648692118004,595.0888671875,9.912
2091.969590225024,984.7099609375,7.86
2092.2925299900235,589.46435546875,8.648
2092.615217204002,595.08935546875,9.408
2092.937078315008,595.08935546875,9.602
2093.2605673760117,456.72412109375,7.51
2093.5828748670174,927.9619140625,8.532
2093.9063943930087,595.08984375,9.331
2094.229745818011,595.08984375,9.563
2094.5520015000075,456.724609375,7.86
2094.8745531900204,724.46240234375,8.119
2095.1976123830245,595.09033203125,8.997
2095.519690748013,595.09033203125,9.486
2095.8413826379983,595.09033203125,9.408
2096.164907956001,1029.71142578125,7.808
2096.488519645005,589.4658203125,8.765
2096.8103236660245,595.0908203125,9.486
2097.1330573460145,595.0908203125,9.641
2097.454920697026,456.7255859375,7.276
2097.7787205190107,746.96337890625,8.571
2098.1013197310094,595.09130859375,9.191
2098.4239728650136,595.09130859375,9.641
2098.750096785021,456.72607421875,7.665
2099.0723245310073,724.4638671875,8.43
2099.394316398015,595.091796875,9.075
2099.7172399710107,595.091796875,9.641
2100.0391100110137,489.62890625,8.803
2100.362213430024,1029.712890625,7.626
2100.684226033016,609.8525390625,8.803
2101.0063679210143,595.09228515625,9.37
2101.3294448750094,595.09228515625,9.641
2101.6518940670067,456.72705078125,7.276
2101.9746099870245,746.96484375,8.571
2102.297663293022,595.0927734375,9.23
2102.620379789005,595.0927734375,9.641
2102.945971054025,456.7275390625,7.548
2103.268525690015,724.46533203125,8.158
2103.5905816230224,595.09326171875,9.036
2103.912885466998,595.09326171875,9.486
2104.2374806410226,489.63037109375,8.959
2104.5595710070047,1029.71435546875,7.808
2104.8822143810103,595.09375,8.959
2105.2047624250117,595.09375,9.331
2105.528256159014,499.64404296875,9.718
2105.8508354360238,456.728515625,7.132
2106.1747390380187,746.96630859375,8.507
2106.4969213430013,595.09423828125,9.114
2106.818542480003,595.09423828125,9.641
2107.1418909630156,456.72900390625,7.665
2107.4644142060133,724.466796875,8.313
2107.788766301004,595.0947265625,9.114
2108.1111783410015,516.33837890625,9.602
2108.4351926660165,489.6318359375,8.842
2108.7570797310036,1029.7158203125,8.002
2109.0803230590245,595.09521484375,8.92
2109.402869119018,595.09521484375,9.408
2109.7248991960078,595.09521484375,9.834
2110.048769165005,456.72998046875,7.315
2110.3715481600084,746.9677734375,8.43
2110.6940242020064,595.095703125,9.331
2111.015711390006,595.095703125,9.563
2111.337624632026,456.73046875,7.405
2111.6604259310116,724.46826171875,8.352
2111.982061565999,595.09619140625,9.114
2112.3051382650156,595.09619140625,9.602
2112.6277299260255,489.63330078125,8.779
2112.950584251026,1029.71728515625,7.821
2113.2743418340106,595.0966796875,8.92
2113.5961886110017,595.0966796875,9.331
2113.9190440880193,595.0966796875,9.796
2114.2400699130085,456.7314453125,7.432
2114.56385514501,746.96923828125,8.493
2114.8866398360115,595.09716796875,9.37
2115.2085824870155,595.09716796875,9.525
2115.5319527630054,456.73193359375,7.327
2115.8539642490214,724.4697265625,8.391
2116.1764484200103,595.09814453125,9.114
2116.4994336930104,595.09765625,9.486
2116.8206089940213,489.634765625,8.663
2117.1426489610167,1029.71875,7.769
2117.466117096017,595.09814453125,8.881
2117.790873171005,595.09814453125,9.408
2118.1135006110126,595.09814453125,9.757
2118.4346442960086,456.73291015625,7.471
2118.756382910011,746.970703125,8.571
2119.078898250009,595.0986328125,9.346
2119.4017901760235,595.0986328125,9.525
2119.724457009026,456.7333984375,7.327
2120.0465171039978,724.47119140625,8.352
2120.3704330280016,595.09912109375,9.075
2120.6919595080253,595.09912109375,9.602
2121.0138420310104,489.63623046875,8.779
2121.33656912102,1029.72021484375,7.626
2121.6590946060023,630.10986328125,8.842
2121.9823754719982,595.099609375,9.408
2122.305091970018,599.4140625,9.718
2122.6268594170106,456.734375,7.093
2122.949291139026,556.0732421875,8.43
2123.2714663100196,595.10009765625,9.153
2123.594988110999,595.10009765625,9.563
2123.9162805050146,456.73486328125,7.782
2124.238535870012,724.47265625,8.119
2124.5615434170177,617.60009765625,9.114
2124.8833424490003,595.1005859375,9.447
2125.206152231025,516.34423828125,9.23
2125.529212643014,1029.7216796875,7.782
2125.8512929950084,589.47607421875,8.842
2126.173540745018,595.10107421875,9.408
2126.4959900360263,595.10107421875,9.641
2126.818864779023,456.73583984375,7.21
2127.1407546620176,746.9736328125,8.546
2127.4628423110116,595.1015625,9.114
2127.788725748018,595.1015625,9.68
2128.111132349004,456.736328125,7.587
2128.43434895901,724.47412109375,7.963
2128.758281684015,599.5517578125,9.036
2129.080005803,595.10205078125,9.408
2129.4026318350225,595.10205078125,9.269
2129.725530803,984.703125,7.393
2130.0484559800243,589.45751953125,8.468
2130.372283167002,626.7177734375,9.269
2130.694454882003,595.08251953125,9.602
2131.017269624019,456.716796875,7.132
2131.339444828016,724.45458984375,8.235
2131.6620612280094,595.08251953125,9.114
2131.986785528017,595.08251953125,9.563
2132.308832857001,492.43212890625,8.313
2132.6307894940255,1029.70361328125,8.041
2132.9530285080255,595.08251953125,9.036
2133.2751861110155,595.0830078125,9.37
2133.598149018013,510.70166015625,9.873
2133.919746765023,1029.7041015625,8.015
2134.241717516008,589.45849609375,8.92
2134.56394676902,595.08349609375,9.292
2134.8865231370146,516.3271484375,9.718
2135.2076354310266,456.71826171875,6.976
2135.529734281008,724.4560546875,8.158
2135.8510968860064,595.083984375,9.075
2136.1737169990083,599.53369140625,9.563
2136.4957087420044,492.43359375,8.274
2136.8180879520078,1029.705078125,8.002
2137.140233876009,488.21435546875,8.997
2137.462750786013,595.08447265625,9.408
2137.7855082790193,599.39892578125,9.912
2138.106026060006,984.70556640625,7.821
2138.42883549002,589.4599609375,8.648
2138.7540436130075,595.0849609375,9.408
2139.076387623005,595.0849609375,9.563
2139.3980029390077,456.7197265625,7.171
2139.7205076250248,724.45751953125,8.313
2140.0423489960085,595.08544921875,9.075
2140.365423299023,476.9619140625,9.563
2140.687172859005,491.0166015625,8.274
2141.008821585012,1029.70654296875,8.002
2141.3311942680157,499.4658203125,8.959
2141.653988689999,595.0859375,9.408
2141.980750201008,621.09619140625,9.989
2142.3019083850086,984.70703125,7.899
2142.624523603008,589.46142578125,8.726
2142.9467424250033,595.08642578125,9.37
2143.2692006780126,595.08642578125,9.641
2143.5904651050223,456.72119140625,7.405
2143.9128195150115,724.458984375,8.43
2144.234974015999,493.83056640625,9.269
2144.557625522022,595.0869140625,9.525
2144.8833812450175,456.7216796875,8.054
2145.206478300999,724.45947265625,8.196
2145.5296988160117,595.08740234375,9.036
2145.853560469026,595.08740234375,9.486
2146.176960028999,595.08740234375,9.346
2146.4988644430123,1029.70849609375,7.704
2146.821693523001,589.462890625,8.803
2147.1449786160083,595.087890625,9.408
2147.4673779880104,595.087890625,9.68
2147.790074968012,456.72265625,7.249
2148.1138026330154,724.46044921875,8.391
2148.4368562000163,595.08837890625,9.269
2148.7582221350167,595.08837890625,9.525
2149.079976976005,456.72314453125,7.899
2149.402092948003,724.4609375,8.196
2149.724443070998,595.0888671875,9.191
2150.0464791690174,595.0888671875,9.447
2150.3704212090233,468.53173828125,9.153
2150.692790148023,1029.7099609375,7.924
2151.014753700001,595.08935546875,8.959
2151.33673542802,595.08935546875,9.37
2151.6588305680198,533.2080078125,9.757
2151.9857596369984,456.72412109375,7.86
2152.3083365500206,746.9619140625,8.803
2152.6303518150235,595.08984375,9.292
2152.953148383007,494.01513671875,9.757
2153.276845680026,456.724609375,7.171
2153.599144218024,724.46240234375,8.352
2153.9222743310092,499.4814453125,9.153
2154.2455019830086,595.09033203125,9.447
2154.567349948018,474.146484375,8.546
2154.8892623950087,1029.71142578125,7.86
2155.2114147210086,595.0908203125,8.842
2155.535240790021,595.0908203125,9.37
2155.856911374023,595.0908203125,9.757
2156.1820939300233,456.7255859375,7.626
2156.504491862026,746.96337890625,8.648
2156.827249741007,595.09130859375,9.269
2157.1501395600208,621.1015625,9.641
2157.473120901006,456.72607421875,7.171
2157.7970486060076,724.4638671875,8.313
2158.1192012840183,595.091796875,9.036
2158.441649298009,595.091796875,9.525
2158.763087364001,489.62890625,8.74
2159.084759452002,1029.712890625,7.665
2159.4088232880167,527.5859375,8.803
2159.7321279990138,595.09228515625,9.331
2160.055054555007,488.22216796875,9.718
2160.379055894009,456.72705078125,7.171
2160.701258142013,746.96484375,8.507
2161.0228657160187,595.0927734375,9.114
2161.3459520210163,595.0927734375,9.602
2161.6695292840013,456.7275390625,7.51
2161.996949696011,724.46533203125,8.002
2162.319258923002,595.09326171875,8.92
2162.6423423790256,595.09326171875,9.525
2162.9642385379993,595.09326171875,9.447
2163.285619227012,1029.71435546875,7.704
2163.6076911030104,589.46875,8.803
2163.9298813190253,595.09375,9.331
2164.2530983470206,595.09375,9.718
2164.574290487013,456.728515625,7.51
2164.897223347012,746.96630859375,8.648
2165.219372026011,595.09423828125,9.191
2165.5427212190116,595.09423828125,9.641
2165.86817536701,456.72900390625,7.704
2166.1904315370193,724.466796875,8.546
2166.5126728580217,655.97998046875,9.23
2166.8342174240097,595.0947265625,9.563
2167.1554245400184,489.6318359375,8.74
2167.477765224001,1029.7158203125,8.313
2167.8004948470043,595.09521484375,9.191
2168.122641862021,595.09521484375,9.447
2168.4451059420244,595.09521484375,9.912
2168.7663190739986,984.71630859375,7.587
2169.089156476024,578.21435546875,8.571
2169.411274978018,595.095703125,9.254
2169.7341925110086,595.095703125,9.68
2170.0557550619997,456.73046875,7.21
2170.379035837017,724.46826171875,8.274
2170.7006269960257,595.09619140625,9.153
2171.0227583630185,595.09619140625,9.525
2171.344581016019,492.44580078125,8.391
2171.665378937003,1029.71728515625,8.313
2171.9911898320133,595.0966796875,9.114
2172.31412234201,595.09716796875,9.486
2172.6364469620166,595.0966796875,9.757
2172.959419857012,1029.7177734375,7.86
2173.2813074090227,589.47216796875,8.842
2173.6035187140224,595.09716796875,9.292
2173.925423194014,510.7158203125,9.718
2174.248943209008,456.73193359375,7.21
2174.5712770770187,724.4697265625,8.274
2174.8941982270044,595.09814453125,9.153
2175.2180077540106,595.09765625,9.525
2175.540837508015,456.732421875,7.976
2175.862928073999,724.47021484375,8.196
2176.1854989100248,595.09814453125,8.959
2176.508702916006,595.09814453125,9.525
2176.8310387690144,595.09814453125,9.563
2177.153027860011,984.71923828125,7.548
2177.4773380410043,589.4736328125,8.532
2177.799807530013,595.0986328125,9.37
2178.1227793050057,595.0986328125,9.563
2178.44790954201,456.7333984375,7.093
2178.7696455700207,724.47119140625,8.274
2179.09168711002,595.09912109375,9.075
2179.416709152021,599.41357421875,9.563
2179.7395251470152,493.72998046875,8.313
2180.0621107990155,1029.72021484375,8.08
2180.3850054530194,595.099609375,8.997
2180.707060754008,595.099609375,9.37
2181.0297570980038,617.59912109375,9.912
2181.352632006019,465.71875,7.471
2181.6758783500118,768.4150390625,8.571
2182.00358674,595.10009765625,9.331
2182.325407219003,595.10009765625,9.602
2182.65193423201,456.73486328125,6.976
2182.973984092998,724.47265625,8.313
2183.2965303210076,595.1005859375,9.153
2183.6185679260234,595.1005859375,9.408
2183.9411294180027,488.21923828125,8.546
2184.2637299830094,1029.7216796875,7.704
2184.5871833090205,595.10107421875,8.842
2184.909020812018,595.10107421875,9.331
2185.2315768320113,595.10107421875,9.718
2185.5550940320245,456.73583984375,7.743
2185.8781566900143,746.9736328125,8.765
2186.2005960670067,595.1015625,9.215
2186.5229304490204,617.60107421875,9.68
2186.8446953110106,456.736328125,7.132
2187.1671626559983,724.47412109375,8.196
2187.489433261013,595.10205078125,8.997
2187.8128654020256,595.10205078125,9.602
2188.135329067998,489.63916015625,8.842
2188.457856959023,1029.72314453125,7.665
2188.7801296110265,609.86279296875,8.842
2189.1023671590083,595.1025390625,9.37
2189.4244001240004,595.1025390625,9.641
2189.7460810160264,456.7373046875,6.976
2190.068483816023,724.47509765625,8.196
2190.39104130902,595.10302734375,9.153
2190.7130110410217,595.10302734375,9.447
2191.034433237015,456.73779296875,7.938
2191.3571307660022,724.4755859375,8.196
2191.6795815030055,595.103515625,9.191
2192.006641524,595.103515625,9.525
2192.3326438190124,489.640625,9.114
2192.655890771013,1029.724609375,7.626
2192.9779153850104,589.47900390625,8.687
2193.3022523210093,499.478515625,9.408
2193.6241801959986,595.10400390625,9.563
2193.9469381100207,456.73876953125,7.743
2194.2699237750203,746.9765625,8.648
2194.592389298021,595.1044921875,9.37
2194.9143266130122,595.1044921875,9.602
2195.2371910270012,456.7392578125,7.327
2195.560591488,724.47705078125,8.196
2195.882826732006,595.10498046875,9.036
2196.2084192870243,617.6044921875,9.563
2196.5311500660027,489.64208984375,8.779
2196.854368986009,1029.72607421875,7.548
2197.17629481302,589.48046875,8.687
2197.4984515910037,595.10546875,9.37
2197.820693362999,595.10546875,9.602
2198.143096708023,456.740234375,7.393
2198.4677105800074,746.97802734375,8.532
2198.789428593009,595.10595703125,9.176
2199.112508502003,595.10595703125,9.641
2199.435480055021,456.74072265625,7.51
2199.759638106014,724.478515625,8.08
2200.0834271540225,595.1064453125,9.075
2200.406415828009,595.1064453125,9.408
2200.728677505016,489.6435546875,9.153
2201.051679876022,984.703125,7.51
2201.37391313602,589.45751953125,8.571
2201.69571041601,595.08251953125,9.269
2202.01711491702,595.08251953125,9.641
2202.3406249820255,456.716796875,7.054
2202.6632747980184,724.45458984375,8.196
2202.985944871005,595.08251953125,9.075
2203.308380954026,716.7177734375,9.525
2203.6321152810124,492.43212890625,8.235
2203.9549722710217,1029.70361328125,7.665
2204.2775187250227,595.0830078125,8.765
2204.599942679022,595.0830078125,9.292
2204.9220732170215,595.0830078125,9.718
2205.244506995019,456.7177734375,7.471
2205.5666046680126,746.95556640625,8.532
2205.8888789540215,595.08349609375,9.331
2206.210715948022,595.08349609375,9.525
2206.5337056780118,456.71826171875,7.288
2206.855389516015,724.4560546875,8.352
2207.17792649701,595.083984375,9.075
2207.5003037940187,595.083984375,9.563
2207.823423833004,489.62109375,8.726
2208.1466056650097,1029.705078125,7.847
2208.4686755930015,595.08447265625,8.881
2208.7910561540048,595.08447265625,9.408
2209.1133663460205,595.08447265625,9.757
2209.433970568003,456.71923828125,7.432
2209.757025261002,746.95703125,8.532
2210.081002700026,595.0849609375,9.292
2210.403639013006,595.0849609375,9.525
2210.7258430890215,456.7197265625,7.327
2211.047993852,724.45751953125,8.002
2211.370740664017,595.08544921875,8.997
2211.6929922940035,595.08544921875,9.408
2212.01802739501,489.62255859375,9.114
2212.33940946401,1029.70654296875,7.548
2212.661949678004,589.4609375,8.726
2212.9836827660038,595.0859375,9.254
2213.3073941170005,595.0859375,9.68
2213.6297966320126,456.720703125,7.054
2213.9516297220252,724.45849609375,8.196
2214.2748454110115,595.08642578125,9.075
2214.5991874370084,595.08642578125,9.525
2214.9204385589983,456.72119140625,8.119
2215.243250653002,724.458984375,8.196
2215.566756911023,595.0869140625,9.036
2215.8893254460127,595.0869140625,9.525
2216.2117558330065,595.0869140625,9.385
2216.534657786018,1029.7080078125,7.626
2216.8577226880006,589.46240234375,8.765
2217.1797900890233,595.08740234375,9.292
2217.503523905005,595.08740234375,9.68
2217.831743994,456.72216796875,7.132
2218.1542575200147,724.4599609375,8.235
2218.476869064005,621.09814453125,9.153
2218.7990022280137,595.087890625,9.525
2219.1224003870157,456.72265625,8.015
2219.4444807800173,1029.708984375,8.08
2219.76672578702,595.08837890625,8.997
2220.0889362640155,595.08837890625,9.447
2220.4109192470205,595.08837890625,9.757
2220.7318841540255,984.70947265625,7.821
2221.0543439180183,589.4638671875,8.726
2221.377187022008,595.0888671875,9.292
2221.6992087580147,595.0888671875,9.641
2222.022497218015,456.7236328125,7.171
2222.3458477930108,724.46142578125,8.235
2222.667980188009,595.08935546875,9.075
2222.9904487850145,493.8388671875,9.641
2223.312866437016,497.94140625,8.274
2223.635091955017,1029.71044921875,7.963
2223.9584262410062,493.83349609375,8.997
2224.2809096220008,595.08984375,9.37
2224.604517355998,621.10009765625,9.873
2224.928418090014,456.724609375,7.444
2225.250469075021,746.96240234375,8.585
2225.572715938004,595.09033203125,9.153
2225.895856075018,626.7255859375,9.602
2226.2187402679992,456.72509765625,7.171
2226.5409285060014,724.462890625,8.352
2226.8643850030203,595.0908203125,9.191
2227.1879486080143,595.0908203125,9.486
2227.5107082210016,471.33837890625,8.546
2227.8355924080242,1029.7119140625,8.119
2228.1589913360076,626.7265625,9.036
2228.4822320509993,595.09130859375,9.408
2228.80425010802,655.9765625,9.951
2229.125865273003,510.7119140625,7.665
2229.448502356012,578.21044921875,8.61
2229.7705785580038,595.091796875,9.292
2230.095075278019,595.091796875,9.641
2230.417685320019,456.7265625,7.21
2230.739240802999,724.46435546875,8.352
2231.0612192109984,595.09228515625,9.153
2231.3839123600046,595.09228515625,9.486
2231.711244552018,492.44189453125,8.313
2232.032823492016,1029.71337890625,7.86
2232.357432631019,595.0927734375,8.803
2232.679897293012,595.0927734375,9.486
2233.004086996021,595.0927734375,9.873
2233.3256384160195,984.7138671875,8.002
2233.6481781520124,589.46826171875,8.765
2233.971969508013,595.09326171875,9.447
2234.2944269370055,595.09326171875,9.602
2234.6160953850194,456.72802734375,7.288
2234.9389469060116,724.4658203125,8.313
2235.264395557024,595.09375,9.153
2235.586955325998,595.09375,9.602
2235.914567686006,456.728515625,8.093
2236.2367035390052,724.46630859375,8.196
2236.559348654002,595.09423828125,8.997
2236.882384885015,595.09423828125,9.525
2237.2045859869977,595.09423828125,9.486
2237.5267358249985,1029.71533203125,7.704
2237.8478308160265,589.4697265625,8.842
2238.1706730250153,595.0947265625,9.292
2238.4932807320147,595.0947265625,9.68
2238.8191981000127,456.7294921875,7.21
2239.141699724016,724.46728515625,8.313
2239.4639515480085,476.9658203125,9.153
2239.7885593750107,595.09521484375,9.486
2240.11056882501,456.72998046875,7.938
2240.4345509390114,1029.71630859375,7.886
2240.7571743580047,595.095703125,8.997
2241.0805251249985,595.095703125,9.331
2241.4036086859996,494.02099609375,9.873
2241.725181643007,984.716796875,7.886
2242.0467671130027,589.47119140625,8.803
2242.3689391270163,595.09619140625,9.37
2242.6914376150235,595.09619140625,9.641
2243.017192771018,456.73095703125,6.937
2243.339679738012,724.46875,8.196
2243.6615213430196,595.0966796875,9.114
2243.9834341820097,595.0966796875,9.447
2244.3059684790205,492.4462890625,8.391
2244.62899456601,1029.703125,7.315
2244.9513326970045,589.45751953125,8.571
2245.2749290089996,595.08251953125,9.346
2245.597261572024,595.08251953125,9.525
2245.921476397023,456.716796875,7.171
2246.243958244013,746.95458984375,8.43
2246.567689503019,595.08251953125,9.114
2246.8905151040235,599.39697265625,9.602
2247.214405888022,456.71728515625,7.704
2247.535747863003,1039.86279296875,8.002
2247.8583215860126,595.0830078125,8.881
2248.182648542017,621.09326171875,9.486
2248.504746827006,595.0830078125,9.602
2248.828088635026,984.7041015625,7.821
2249.1513497050037,589.45849609375,8.765
2249.4741612260113,595.08349609375,9.254
2249.7987499180017,621.09375,9.718
2250.1238215670164,456.71826171875,7.327
2250.447047276015,735.64892578125,8.468
2250.7712932700233,595.083984375,9.269
2251.0929869040265,595.083984375,9.486
2251.4170110360137,456.71875,7.743
2251.7395294290036,1029.705078125,8.002
2252.06158166402,595.08447265625,8.92
2252.3836717250233,595.0849609375,9.408
2252.705871869024,595.08447265625,9.757
2253.0333288350084,1029.70556640625,7.86
2253.3555190270126,589.4599609375,8.803
2253.6804438880063,595.0849609375,9.331
2254.0027248030237,595.0849609375,9.68
2254.327345048019,456.7197265625,7.132
2254.6495303440024,724.45751953125,8.235
2254.9728367589996,499.4541015625,9.191
2255.295167499018,595.08544921875,9.447
2255.617511168006,456.72021484375,7.938
2255.9400370170188,780.70458984375,8.196
2256.2624347990204,595.0859375,8.959
2256.585644188017,595.0859375,9.525
2256.9074859230022,595.0859375,9.641
2257.22983282301,1029.70703125,8.08
2257.5524584520026,593.9111328125,9.036
2257.8731672260037,595.08642578125,9.486
2258.1968022590154,595.08642578125,9.718
2258.5200517449994,456.72119140625,7.548
2258.8419702500105,746.958984375,8.61
2259.164080120012,595.0869140625,9.331
2259.4862952730036,595.0869140625,9.486
2259.8122542130004,456.7216796875,7.327
2260.13511722401,724.45947265625,7.924
2260.458312693023,595.08740234375,8.997
2260.7809473460075,595.08740234375,9.408
2261.103473804018,489.62451171875,9.153
2261.4255121520255,1029.70849609375,7.626
2261.7475421480194,589.462890625,8.726
2262.0683063160104,595.087890625,9.331
2262.3905698230083,595.087890625,9.68
2262.716004748014,456.72265625,7.132
2263.039404863026,724.46044921875,8.274
2263.3621006699977,595.08837890625,9.23
2263.684338448016,595.08837890625,9.486
2264.0069949900208,456.72314453125,7.938
2264.3300095580053,724.4609375,8.158
2264.6527970480092,626.72412109375,9.075
2264.9749566160026,595.0888671875,9.486
2265.2975003550237,595.0888671875,9.308
2265.6210326340224,1029.7099609375,7.808
2265.9441921660036,589.46435546875,8.881
2266.266499258025,595.08935546875,9.408
2266.5890954470087,595.08935546875,9.68
2266.9125079790247,456.72412109375,7.51
2267.2347848620266,746.9619140625,8.493
2267.5575480950065,499.4697265625,9.269
2267.8795619950106,595.08984375,9.563
2268.2028000900173,456.724609375,7.432
2268.526026249019,724.46240234375,7.924
2268.8481785850017,516.333984375,9.036
2269.169934622012,595.09033203125,9.37
2269.4920886860054,595.09033203125,9.269
2269.815475713025,1029.71142578125,7.626
2270.138522923022,589.4658203125,8.726
2270.4611995940213,595.0908203125,9.215
2270.7856307150214,595.0908203125,9.718
2271.109201779007,456.7255859375,7.315
2271.4325591420056,780.712890625,8.493
2271.7543647160055,595.09130859375,9.23
2272.0757769670163,595.09130859375,9.641
2272.3989157000033,456.72607421875,7.743
2272.7223765530216,724.4638671875,8.041
2273.045721084025,595.091796875,8.997
2273.367576612014,595.091796875,9.486
2273.690243331017,595.091796875,9.346
2274.0120908259996,1029.712890625,7.704
2274.3348315320036,589.46728515625,8.765
2274.656775158015,595.09228515625,9.254
2274.979396948009,595.09228515625,9.718
2275.301285565016,456.72705078125,6.859
2275.6231997830037,724.46484375,8.119
2275.9458616379998,595.0927734375,9.075
2276.270686978998,599.4072265625,9.563
2276.592676463013,505.1923828125,8.196
2276.915590293007,1029.7138671875,7.963
2277.2383109340153,595.09326171875,8.92
2277.560528649017,595.09326171875,9.408
2277.882519892999,595.09326171875,9.873
2278.204313275026,984.71435546875,7.976
2278.526534158009,589.46875,8.765
2278.8514860630094,595.09375,9.408
2279.1736870730238,595.09375,9.641
2279.4959059719986,456.728515625,7.432
2279.818492432998,729.8486328125,8.532
2280.140609857015,595.09423828125,9.292
2280.4628810130234,595.09423828125,9.563
2280.786841594003,456.72900390625,7.86
2281.109644349024,724.466796875,8.313
2281.431401187001,595.0947265625,9.114
2281.7536221340124,595.0947265625,9.486
2282.078275470005,489.6318359375,9.114
2282.4007615130104,1029.7158203125,7.587
2282.72353508402,589.47021484375,8.687
2283.0481923560146,595.095703125,9.37
2283.371764542011,595.09521484375,9.602
2283.6926894840144,456.72998046875,7.354
2284.0153907970234,746.9677734375,8.61
2284.337832582998,595.095703125,9.191
2284.66226572101,595.095703125,9.68
2284.986490181007,456.73046875,7.626
2285.3092059580085,724.46826171875,8.313
2285.6324533669977,595.09619140625,9.036
2285.9555684840016,516.345703125,9.641
2286.2774975190114,489.63330078125,8.842
2286.6011074980197,1029.71728515625,7.626
2286.924088147003,589.4716796875,8.803
2287.246339719015,595.0966796875,9.408
2287.5691839799983,595.0966796875,9.602
2287.890845615999,456.7314453125,7.51
2288.213063171017,746.96923828125,8.546
2288.5354081540136,493.8408203125,9.308
2288.8618962640176,595.09716796875,9.563
2289.185544516018,456.73193359375,7.366
2289.507780024025,724.4697265625,8.235
2289.8299437220267,595.09765625,9.036
2290.1525194960122,595.09765625,9.563
2290.4749710739998,489.634765625,8.765
2290.7986396790075,1029.71875,7.626
2291.120721871004,589.47314453125,8.726
2291.4427464290056,595.09814453125,9.37
2291.764699081017,595.09814453125,9.641
2292.08811043101,456.73291015625,7.471
2292.4106958050106,746.970703125,8.454
2292.735812419007,516.34228515625,9.331
2293.0572874900245,595.0986328125,9.563
2293.38261425402,456.7333984375,7.405
2293.7049007400055,724.47119140625,8.313
2294.026834672026,595.09912109375,9.036
2294.3502552060236,595.09912109375,9.563
2294.6730882360134,489.63623046875,8.779
2294.995803950005,1029.72021484375,7.782
2295.318803768023,595.099609375,8.92
2295.640607360023,595.099609375,9.292
2295.9626099020243,595.099609375,9.757
2296.2829629250045,456.734375,7.587
2296.6052132820187,746.97216796875,8.571
2296.9263828080148,595.10009765625,9.37
2297.249145020003,595.10009765625,9.641
2297.5739403780026,456.73486328125,7.249
2297.895519612008,724.47265625,8.352
2298.218242654024,595.1005859375,9.075
2298.540596054023,595.1005859375,9.486
2298.864040238026,489.6376953125,8.663
2299.186535658024,1029.7216796875,7.847
2299.509514803998,595.10107421875,8.803
2299.8320291370037,626.736328125,9.447
2300.1538720579993,595.10107421875,9.757
2300.4747559450043,456.73583984375,7.393
2300.7982631060004,746.9736328125,8.532
2301.1218451489985,595.1015625,9.269
2301.4445223350194,595.1015625,9.563
2301.768491269002,456.736328125,7.249
2302.0903770400037,724.47412109375,8.002
2302.412024884019,595.10205078125,8.997
2302.7344419670117,595.10205078125,9.408
2303.058952421008,489.63916015625,8.997
2303.3826105940097,1029.72314453125,7.704
2303.7040070710063,589.4775390625,8.803
2304.025987245026,595.1025390625,9.408
2304.348165536998,595.1025390625,9.602
2304.6728554840083,456.7373046875,7.366
2304.994633636001,746.97509765625,8.546
2305.3176819049986,595.10302734375,9.308
2305.639453784999,595.10302734375,9.641
2305.964524351002,456.73779296875,7.51
2306.287401510024,724.4755859375,8.041
2306.610092585004,595.103515625,9.036
2306.933393437008,595.103515625,9.486
2307.256811540021,485.40966796875,9.191
2307.579826111003,1029.724609375,7.626
2307.902234778012,589.47900390625,8.726
2308.224958141014,516.34765625,9.37
2308.5474815950147,595.10400390625,9.563
2308.8703247700178,456.73876953125,7.432
2309.1940800980083,746.9765625,8.571
2309.516328696016,595.1044921875,9.191
2309.838780692022,595.1044921875,9.718
2310.1642755909998,456.7392578125,7.51
2310.486354968016,724.47705078125,8.158
2310.8096530680195,595.10498046875,9.075
2311.132703865005,595.10498046875,9.525
2311.455863433017,489.64208984375,8.959
2311.7778075420065,1029.72607421875,7.704
2312.0990225110145,589.48046875,8.803
2312.4229291080264,595.10546875,9.37
2312.745271917025,595.10546875,9.68
2313.0670334300085,456.740234375,7.548
2313.389290635998,746.97802734375,8.507
2313.7111553830036,493.85546875,9.292
2314.033831930021,595.10595703125,9.563
2314.359349261009,456.74072265625,7.405
2314.6813525730104,724.478515625,8.391
2315.003587411018,595.1064453125,9.153
2315.326020494016,595.1064453125,9.563
2315.647401740018,489.6435546875,8.701
2315.969104851014,1029.7275390625,7.963
2316.294141209015,595.10693359375,8.842
2316.6182281000074,505.2822265625,9.486
2316.942570134008,595.10693359375,9.873
2317.266130834003,456.74169921875,7.548
2317.588326566998,746.9794921875,8.648
2317.910503035004,595.107421875,9.23
2318.232798291021,626.74267578125,9.641
2318.5546327340126,456.7421875,7.132
2318.8760480930214,724.47998046875,8.313
2319.1983888219984,595.10791015625,9.075
2319.520451912016,595.10791015625,9.525
2319.842985927011,489.64501953125,8.74
2320.1656438170176,1029.72900390625,8.002
2320.4872506060055,595.1083984375,8.881
2320.812775938015,595.1083984375,9.563
2321.1349122450047,595.1083984375,9.873
2321.4580082920147,984.7294921875,7.782
2321.7797353720234,589.48388671875,8.687
2322.1020409010234,595.10888671875,9.331
2322.423992787022,595.10888671875,9.641
2322.750126329018,456.74365234375,6.976
2323.071742590022,724.4814453125,8.235
2323.3941687300103,595.109375,9.036
2323.7163223500247,595.109375,9.525
2324.0382185870258,489.646484375,8.701
2324.360123241,1029.73046875,7.963
2324.682511108025,595.10986328125,8.842
2325.005563026003,510.734375,9.486
2325.327576450014,595.10986328125,9.873
2325.648057735001,456.716796875,7.354
2325.969707021024,746.95458984375,8.507
2326.2927114180056,595.08251953125,9.308
2326.618846655998,595.08251953125,9.525
2326.944176879013,456.716796875,7.366
2327.266921811999,724.45458984375,8.391
2327.5894284670067,595.08251953125,9.191
2327.912002708006,595.08251953125,9.486
2328.2353352740174,492.43212890625,8.43
2328.5575612810208,1029.70361328125,8.119
2328.8794505420083,595.0830078125,9.075
2329.2021776190086,595.0830078125,9.408
2329.5248630630085,595.0830078125,9.873
2329.846268918016,984.7041015625,7.665
2330.1688619120105,589.45849609375,8.571
2330.4912195700163,494.0087890625,9.346
2330.813759602024,595.08349609375,9.602
2331.136226096016,456.71826171875,7.366
2331.4583512040263,724.4560546875,8.313
2331.780342164013,595.083984375,9.153
2332.1026555660064,595.083984375,9.641
2332.4245445710258,456.71875,8.119
2332.7472670720017,1029.705078125,7.808
2333.069118765008,595.08447265625,8.881
2333.3923374400183,595.08447265625,9.408
2333.714655194024,595.08447265625,9.796
2334.037002420024,984.70556640625,7.976
2334.359175274003,589.4599609375,8.765
2334.681953521009,595.0849609375,9.346
2335.0059118330246,595.0849609375,9.641
2335.327554272022,456.7197265625,7.21
2335.6497342300136,724.45751953125,8.235
2335.971658148017,595.08544921875,9.114
2336.294843351003,595.08544921875,9.563
2336.616453757015,456.72021484375,8.132
2336.938379916013,1029.70654296875,8.235
2337.2608646500157,595.0859375,8.997
2337.584789842018,595.0859375,9.486
2337.9056647710095,595.0859375,9.757
2338.2294393670163,1029.70703125,7.963
2338.55236203401,589.46142578125,8.842
2338.874727309012,595.08642578125,9.525
2339.197851711011,595.08642578125,9.641
2339.5208795330254,456.72119140625,7.393
2339.843570898025,746.958984375,8.624
2340.165848139004,595.0869140625,9.23
2340.4884060280165,595.0869140625,9.641
2340.8158205030195,456.7216796875,7.561
2341.138262165012,724.45947265625,8.352
2341.4603065670235,595.08740234375,9.036
2341.782728997001,595.08740234375,9.602
2342.1043780920154,489.62451171875,8.857
2342.426665158011,1029.70849609375,7.963
2342.749238887016,595.087890625,8.92
2343.0724902040092,599.40234375,9.486
2343.3943882670137,595.087890625,9.757
2343.7152967010043,456.72265625,7.393
2344.0371968440013,746.96044921875,8.507
2344.3598530400195,595.08837890625,9.308
2344.682030021999,595.08837890625,9.525
2345.003974293999,456.72314453125,7.327
2345.3269771880005,724.4609375,8.313
2345.6495993030258,595.0888671875,9.036
2345.9717833900067,595.0888671875,9.563
2346.293701934017,489.6259765625,8.74
2346.6175456200144,1029.7099609375,8.196
2346.9408023770084,493.8388671875,9.153
2347.263803127018,595.08935546875,9.447
2347.5874908090045,499.48046875,9.873
2347.9104995270027,456.72412109375,7.327
2348.233206221019,746.9619140625,8.546
2348.5556568120082,595.08984375,9.153
2348.8786192250263,621.10009765625,9.602
2349.2013870410156,456.724609375,7.132
2349.523768637009,724.46240234375,7.963
2349.8457830870175,595.09033203125,8.959
2350.167686654022,595.09033203125,9.447
2350.4910469030146,489.62744140625,8.959
2350.814831740019,1029.71142578125,7.626
2351.137001811003,589.4658203125,8.648
2351.4593134850147,595.0908203125,9.408
2351.781002678006,595.0908203125,9.602
2352.103386323026,456.7255859375,7.626
2352.427842251025,746.96337890625,8.571
2352.750890395022,494.1923828125,9.346
2353.0740553420037,595.09130859375,9.563
2353.400038290012,456.72607421875,7.366
2353.7226073160127,724.4638671875,8.119
2354.0452613370144,595.091796875,9.036
2354.3674403680197,595.091796875,9.486
2354.6916000640194,489.62890625,8.92
2355.013906043023,1029.712890625,7.924
2355.336917642009,595.09228515625,8.959
2355.659218565008,595.09228515625,9.37
2355.9836357400054,595.09228515625,9.796
2356.3081168850185,456.72705078125,7.626
2356.630458513013,746.96484375,8.648
2356.9543274800235,595.0927734375,9.346
2357.2771530260216,488.22265625,9.718
2357.597860560025,456.7275390625,7.444
2357.9189981850213,724.46533203125,8.43
2358.2432370520255,595.09326171875,9.191
2358.5659528020187,595.09326171875,9.525
2358.887327555014,492.44287109375,8.43
2359.2097694740223,1029.703125,8.196
2359.533287584025,595.08251953125,9.036
2359.8548987590184,595.08251953125,9.408
2360.177180034021,595.08251953125,9.912
2360.4986520690145,456.716796875,7.432
2360.8224494510214,746.95458984375,8.648
2361.1448648420046,595.08251953125,9.23
2361.4681811860064,595.08251953125,9.68
2361.79087671201,456.71728515625,7.288
2362.1135552460037,724.455078125,8.391
2362.435255320015,595.0830078125,9.191
2362.7583947950043,595.0830078125,9.563
2363.0848579810117,492.4326171875,8.391
2363.4067313400155,1029.7041015625,7.86
2363.7285607939993,595.08349609375,8.842
2364.051221408008,595.08349609375,9.525
2364.373713345005,595.08349609375,9.873
2364.6973662110104,456.71826171875,7.51
2365.0201734850125,746.9560546875,8.648
2365.3429670940095,595.083984375,9.23
2365.66575487901,595.083984375,9.68
2365.9876445590053,456.71875,7.522
2366.3098343440215,724.45654296875,8.43
2366.632058625022,595.08447265625,9.191
2366.9542148720066,595.08447265625,9.757
2367.2767438340234,482.578125,8.235
2367.599080695014,1029.70556640625,7.782
2367.9204058790056,595.0849609375,8.803
2368.242656305025,595.0849609375,9.486
2368.564626115025,595.0849609375,9.834
2368.885393299017,456.7197265625,7.249
2369.207571275998,746.95751953125,8.43
2369.530818914005,516.3349609375,9.269
2369.8540014949976,595.08544921875,9.563
2370.1772908950225,456.72021484375,7.366
2370.499941269023,724.4580078125,8.158
2370.8224177500233,595.0859375,9.036
2371.144932152005,488.22705078125,9.563
2371.469526708999,489.623046875,8.842
2371.7928958230186,1029.70703125,7.665
2372.114445430023,589.46142578125,8.803
2372.4384892829985,595.08642578125,9.37
2372.761285261018,595.08642578125,9.68
2373.083921875019,456.72119140625,7.432
2373.4065558320144,746.958984375,8.507
2373.729125244019,595.0869140625,9.23
2374.0507803260116,595.0869140625,9.602
2374.3735477910086,456.7216796875,7.51
2374.6960604650085,724.45947265625,7.963
2375.0183074040106,499.4560546875,9.036
2375.3407105070073,595.08740234375,9.37
2375.6635473180213,635.72265625,9.23
2375.986758476007,1029.70849609375,7.665
2376.3092208770104,589.462890625,8.726
2376.6312867870147,595.087890625,9.269
2376.9541267340246,595.087890625,9.757
2377.277119934006,456.72265625,7.132
2377.6001854880014,724.46044921875,8.196
2377.921716119017,595.08837890625,9.153
2378.2436608410208,595.08837890625,9.563
2378.5657580470142,456.72314453125,8.015
2378.8895596550137,1029.70947265625,7.782
2379.2124904850207,595.0888671875,8.842
2379.535779437021,595.0888671875,9.37
2379.859466161026,595.0888671875,9.834
2380.181011831999,984.7099609375,7.821
2380.5031300320115,589.46435546875,8.648
2380.8261686090264,595.08935546875,9.408
2381.147975728003,595.08935546875,9.563
2381.4729222630267,456.72412109375,7.093
2381.7953499120194,724.4619140625,8.235
2382.1171722310246,595.08984375,9.153
2382.4389414600155,595.08984375,9.525
2382.7621007130074,492.439453125,8.352
2383.085383074009,1029.7109375,7.743
2383.4087613090232,595.09033203125,8.726
2383.731154396024,599.5400390625,9.37
2384.0527462450264,595.09033203125,9.757
2384.377037850005,456.72509765625,7.393
2384.699057423015,746.962890625,8.493
2385.0217218140024,595.0908203125,9.292
2385.343853038008,595.0908203125,9.525
2385.6663570730016,456.7255859375,7.288
2385.988527434005,724.46337890625,8.468
2386.3113012040267,595.09130859375,9.23
2386.6334139320243,595.09130859375,9.447
2386.9560143850103,479.775390625,8.585
2387.2785449810035,1029.71240234375,7.665
2387.6008618740016,595.091796875,8.842
2387.9225695340137,595.091796875,9.331
2388.2454405230237,621.10205078125,9.718
2388.568353402021,456.7265625,7.743
2388.8930388430017,746.96435546875,8.765
2389.2148275930085,595.09228515625,9.308
2389.53752449702,533.2109375,9.68
2389.8614668130176,456.72705078125,7.249
2390.1832196270116,724.46484375,8.391
2390.508519324998,595.0927734375,9.23
2390.8315489110246,595.0927734375,9.525
2391.1554660740076,492.4423828125,8.43
2391.477423534001,1029.7138671875,8.08
2391.7995504380087,499.6435546875,9.075
2392.1238346840255,595.09326171875,9.447
2392.4475750740094,499.4619140625,9.912
2392.7688441940118,984.71435546875,7.86
2393.0903783770045,589.46875,8.648
2393.4141292319982,595.09375,9.37
2393.7368639620254,595.09375,9.563
2394.061362614011,456.728515625,7.171
2394.383425644017,724.46630859375,8.196
2394.707037455024,595.09423828125,9.036
2395.0306207530084,595.09423828125,9.602
2395.352998129005,482.587890625,8.196
2395.6756190310116,1079.81201171875,8.235
2395.9996710150153,595.0947265625,8.997
2396.3226134300057,595.0947265625,9.563
2396.644847506017,595.0947265625,9.525
2396.966528030025,984.7158203125,7.743
2397.2890072650043,589.47021484375,8.687
2397.610900210013,595.09521484375,9.308
2397.9324520270166,595.09521484375,9.641
2398.2534088820103,456.72998046875,7.405
2398.5752569629985,724.4677734375,8.352
2398.898611295008,635.73095703125,9.269
2399.2213644570147,595.095703125,9.525
2399.5440536180104,456.73046875,7.976
2399.868516141025,724.46826171875,8.196
2400.1918787930044,595.09619140625,9.075
2400.513868222013,595.09619140625,9.486
2400.8379636309983,595.09619140625,9.385
2401.1600674310175,1029.71728515625,7.782
2401.482130365999,589.4716796875,8.726
2401.8040197920054,476.96728515625,9.447
2402.125442741002,595.0966796875,9.68
2402.449384994019,456.7314453125,7.171
2402.772371347004,746.9091796875,8.391
2403.0953923580237,595.09716796875,9.23
2403.4184866500145,595.09716796875,9.525
2403.7411037130223,456.73193359375,7.782
2404.0646152980044,724.4697265625,8.119
2404.386693337001,595.09765625,8.92
2404.709727020003,595.09765625,9.525
2405.0324770790176,595.09765625,9.54
2405.3550900460104,1029.71875,7.782
2405.6770536190015,589.47314453125,8.765
2406.0005873480113,595.09814453125,9.408
2406.322445317026,595.09814453125,9.641
2406.6458910120127,456.73291015625,7.093
2406.968447562016,724.470703125,8.313
2407.2909146690217,595.09912109375,9.153
2407.6130597820156,595.0986328125,9.525
2407.9344579950266,456.7333984375,8.171
2408.2591715340095,724.47119140625,8.274
2408.5826692940027,595.09912109375,9.153
2408.908437871025,595.09912109375,9.486
2409.2312939810217,489.63623046875,9.153
2409.5537960980146,1029.72021484375,7.626
2409.8769875770085,589.474609375,8.726
2410.1998884890054,595.099609375,9.408
2410.521877949999,595.099609375,9.563
2410.8437952820095,456.734375,7.054
2411.165994925017,724.47216796875,8.196
2411.4887848580256,626.7353515625,9.114
2411.810707661003,595.10009765625,9.525
2412.133225490019,456.73486328125,8.054
2412.455756535026,724.47265625,8.235
2412.778039893019,595.1005859375,8.997
2413.1004989040084,595.1005859375,9.563
2413.422930811008,595.1005859375,9.502
2413.7456981819996,1029.7216796875,7.86
2414.068035206001,589.47607421875,8.803
2414.3907683370053,499.4697265625,9.447
2414.713993737998,595.10107421875,9.602
2415.034466293,456.73583984375,7.86
2415.3565014520136,746.9736328125,8.687
2415.679097011016,595.1015625,9.37
2416.0012236610055,595.1015625,9.641
2416.3219485100126,456.736328125,7.405
2416.643892915017,724.47412109375,8.43
2416.967566041014,595.10205078125,9.292
2417.2902820840245,595.10205078125,9.525
2417.614905509021,492.45166015625,8.43
2417.936783351004,1029.72314453125,7.73
2418.2587588930037,595.1025390625,8.765
2418.580792612018,595.1025390625,9.292
2418.902631126024,595.1025390625,9.718
2419.2250351920084,456.7373046875,7.432
2419.547828292998,746.97509765625,8.507
2419.8725177360175,595.10302734375,9.331
2420.1942200540216,595.10302734375,9.563
2420.5151469900156,456.73779296875,7.366
2420.838132480014,724.4755859375,8.468
2421.162073518004,595.103515625,9.23
2421.4858161500015,595.103515625,9.486
2421.809800741001,492.453125,8.468
2422.1316555119993,1029.724609375,7.86
2422.453716752003,595.10400390625,8.803
2422.7768089340243,499.47265625,9.447
2423.1023493450193,595.10400390625,9.834
2423.4231050439994,456.73876953125,7.354
2423.7450022800185,746.9765625,8.507
2424.0669976630015,595.1044921875,9.308
2424.389172954019,595.1044921875,9.525
2424.7107718769985,456.7392578125,7.249
2425.033222537022,724.47705078125,8.274
2425.3552418239997,595.10498046875,8.997
2425.6789122630144,595.10498046875,9.525
2426.000921758008,489.64208984375,8.74
2426.3229459090217,1029.72607421875,7.782
2426.6456890570116,595.10546875,8.881
2426.967677976005,595.10546875,9.408
2427.290424292005,595.10546875,9.757
2427.614774590009,456.740234375,7.354
2427.9370141390245,746.97802734375,8.507
2428.2596176030056,595.10595703125,9.308
2428.5822624450084,595.10595703125,9.486
2428.9068318530044,456.74072265625,7.366
2429.230055719003,724.478515625,8.041
2429.5526647510123,595.1064453125,9.036
2429.874329789018,595.1064453125,9.447
2430.198210281,489.6435546875,9.036
2430.5212217890075,1029.7275390625,7.704
2430.843841157999,589.48193359375,8.765
2431.167300742003,595.10693359375,9.408
2431.489603526017,595.10693359375,9.602
2431.8114852420113,456.74169921875,7.288
2432.133612436999,746.9794921875,8.546
2432.456590824004,595.107421875,9.153
2432.7790872130136,595.107421875,9.68
2433.1088233610208,456.7421875,7.587
2433.431539500016,724.47998046875,8.158
2433.7542396070203,595.10791015625,9.075
2434.0772879810247,595.10791015625,9.525
2434.401294461015,489.64501953125,8.959
2434.723753889004,1029.72900390625,7.548
2435.0455665470217,589.4833984375,8.687
2435.3688782240206,494.03369140625,9.408
2435.691300115024,595.1083984375,9.563
2436.015226850024,456.7431640625,7.548
2436.337786377,746.98095703125,8.532
2436.660676698026,621.119140625,9.308
2436.9825514700206,595.10888671875,9.68
2437.307315124024,456.74365234375,7.483
2437.630403914023,724.4814453125,8.08
2437.952080281015,595.109375,9.153
2438.2741331380093,595.109375,9.447
2438.5965112200065,489.646484375,9.075
2438.9180496300105,1029.73046875,7.924
2439.2403012450086,595.10986328125,8.959
2439.563069738011,595.10986328125,9.331
2439.8864026320225,516.359375,9.796
2440.2104566660128,456.74462890625,7.327
2440.5348048210144,746.982421875,8.43
2440.8585303660075,476.97900390625,9.346
2441.180653145013,595.1103515625,9.525
2441.5060300330224,456.7451171875,7.327
2441.8286843470123,724.48291015625,7.924
2442.1507937179995,476.9873046875,9.036
2442.4735064020206,595.11083984375,9.37
2442.7969044820056,626.74609375,9.269
2443.119614702009,1029.73193359375,7.782
2443.441473857005,589.486328125,8.765
2443.765295181016,595.111328125,9.447
2444.0886303150037,595.111328125,9.641
2444.4102836090024,456.74609375,7.171
2444.7324146770115,746.98388671875,8.391
2445.056283522019,595.11181640625,9.191
2445.378775528021,716.7470703125,9.602
2445.700006474013,456.74658203125,7.704
2446.0232090920035,724.484375,8.468
2446.3460869010014,595.1123046875,9.075
2446.6680610360054,595.1123046875,9.563
2446.9913639130245,489.6494140625,8.997
2447.3145693160186,1029.7333984375,8.585
2447.6372198540193,595.11279296875,9.114
2447.9605143150256,499.4814453125,9.641
2448.282494371,595.11279296875,9.68
2448.6047561940213,984.73388671875,7.743
2448.9274059330055,589.48828125,8.765
2449.2496549880016,595.11328125,9.308
2449.571917324007,595.11328125,9.602
2449.895362285024,456.748046875,7.171
2450.217660494003,724.48583984375,8.235
2450.5397734490107,595.11376953125,9.036
2450.8628723529982,595.11376953125,9.641
2451.18487778501,456.74853515625,8.171
2451.506803247001,1029.7353515625,8.196
2451.829027534026,595.1142578125,8.997
2452.152091845026,599.56396484375,9.525
2452.474441958999,595.1142578125,9.68
2452.795530053001,984.7353515625,7.743
2453.1175502380065,589.48974609375,8.687
2453.4410943390103,595.11474609375,9.308
2453.764074807026,595.11474609375,9.602
2454.0862183560093,456.74951171875,7.249
2454.409023843007,724.4873046875,8.274
2454.731681742007,595.115234375,9.114
2455.0536428860214,595.115234375,9.602
2455.375959271012,456.75,8.093
2455.698485807021,1029.736328125,7.782
2456.0207629590004,595.11572265625,8.881
2456.3429111480073,595.11572265625,9.37
2456.6655358620046,595.11572265625,9.834
2456.989273760002,456.75048828125,7.366
2457.312394777022,746.98828125,8.546
2457.6342046200007,595.1162109375,9.23
2457.95625415002,595.1162109375,9.563
2458.278292032017,456.7509765625,7.249
2458.6011090080137,724.48876953125,8.08
2458.925939897017,595.11669921875,8.959
2459.2487407130247,493.8662109375,9.486
2459.5705294350046,489.65380859375,8.842
2459.893522928003,1029.73779296875,8.041
2460.2157539680193,595.1171875,8.881
2460.538187669008,476.98779296875,9.486
2460.8601113070035,595.1171875,9.834
2461.1834816750197,465.736328125,7.704
2461.5058389900078,746.98974609375,8.687
2461.8294010760146,595.11767578125,9.269
2462.1519335640187,595.11767578125,9.757
2462.4744391710265,456.75244140625,7.405
2462.7968194310088,724.490234375,8.391
2463.1198935020075,595.1181640625,9.153
2463.4422942750098,499.66845703125,9.641
2463.7642542670073,491.04931640625,8.235
2464.086284724006,1029.7392578125,8.002
2464.408675609011,617.6181640625,8.997
2464.7307985170046,595.11865234375,9.331
2465.053086102009,488.259765625,9.912
2465.373923182022,984.73974609375,7.782
2465.695901479019,589.494140625,8.61
2466.018218377023,595.119140625,9.408
2466.3406447500165,595.119140625,9.563
2466.6628427329997,456.75390625,7.132
2466.985024939,724.49169921875,8.313
2467.306983587012,595.11962890625,9.114
2467.6299602159997,510.73828125,9.563
2467.9528627310065,495.1591796875,8.274
2468.275270224025,1029.74072265625,8.08
2468.597419950005,595.1201171875,8.997
2468.92046234,595.1201171875,9.408
2469.243213811016,595.1201171875,9.873
2469.563694433018,984.7412109375,7.665
2469.8857742370164,589.49560546875,8.648
2470.2086925920157,615.505859375,9.346
2470.530832205026,595.12060546875,9.602
2470.85437899502,456.75537109375,7.327
2471.176354316005,724.4931640625,8.313
2471.4982929950056,595.12109375,9.075
2471.821981901012,494.04638671875,9.602
2472.1438384020003,497.96142578125,8.274
2472.465900509007,1029.7421875,8.158
2472.7890596080106,595.12158203125,9.075
2473.115782648005,595.12158203125,9.486
2473.4377273120044,595.12158203125,9.757
2473.760216215014,1029.74267578125,7.821
2474.082836419024,589.4970703125,8.842
2474.405283273023,595.1220703125,9.308
2474.729234170023,595.1220703125,9.718
2475.050696292019,456.7568359375,7.587
2475.373679130018,746.99462890625,8.687
2475.695901113999,595.12255859375,9.23
2476.0192333690065,595.12255859375,9.68
2476.344939357019,456.75732421875,7.51
2476.6673523220234,724.4951171875,8.119
2476.989496224007,595.123046875,9.153
2477.3118198750017,595.123046875,9.486
2477.6342175760074,489.66015625,9.075
2477.957303617004,1029.744140625,7.743
2478.280288023001,589.49853515625,8.765
2478.6033732950164,595.12353515625,9.37
2478.926570027019,595.12353515625,9.641
2479.2494097250164,456.75830078125,7.393
2479.5713282760116,746.99609375,8.43
2479.8968073130236,595.1240234375,9.269
2480.2194417889987,595.1240234375,9.563
2480.5455682050087,456.7587890625,7.405
2480.869850056013,724.49658203125,8.313
2481.1929261120094,595.12451171875,9.036
2481.516193471005,595.12451171875,9.563
2481.8387518480013,489.66162109375,8.779
2482.1604937550146,1029.74560546875,8.002
2482.483097574004,595.125,8.881
2482.8057156980212,494.22607421875,9.486
2483.128081526025,595.125,9.834
2483.4510402680025,456.759765625,7.587
2483.7734047200065,746.99755859375,8.648
2484.096049373009,595.12548828125,9.23
2484.418520388019,476.99609375,9.641
2484.7431345689984,456.76025390625,7.132
2485.065848727012,724.498046875,8.313
2485.3880713520048,493.86962890625,9.114
2485.710441724019,595.1259765625,9.447
2486.03211892501,489.6630859375,8.624
2486.3546645030146,1029.7470703125,7.963
2486.6766818739998,595.12646484375,8.881
2486.9994568020047,595.12646484375,9.563
2487.32199268401,595.12646484375,9.873
2487.6448401579983,456.76123046875,7.626
2487.9670842550113,746.9990234375,8.726
2488.290526595025,595.126953125,9.269
2488.6134229350137,595.126953125,9.68
2488.939647273015,456.76171875,7.288
2489.2617710790073,724.49951171875,8.313
2489.5836720630177,595.12744140625,9.153
2489.905423218006,595.12744140625,9.486
2490.2270589460095,492.47705078125,8.391
2490.5491407670197,1029.74853515625,7.665
2490.8722709700232,595.1279296875,8.842
2491.1944301170006,595.1279296875,9.331
2491.5170643810125,595.1279296875,9.68
2491.8384394330205,456.7626953125,7.432
2492.1601337710163,747.00048828125,8.493
2492.4830725540232,595.12841796875,9.346
2492.8073362280265,595.12841796875,9.563
2493.1348276370263,456.76318359375,7.288
2493.457426534005,724.5009765625,8.391
2493.780130174011,595.12890625,9.191
2494.102319978003,595.12890625,9.486
2494.4252607970266,482.72216796875,8.507
2494.747349109006,1029.75,8.313
2495.06972492201,595.12939453125,9.075
2495.3923436170153,595.12939453125,9.447
2495.714591054013,595.12939453125,9.757
2496.035906903009,984.75048828125,7.548
2496.35858414002,589.50439453125,8.546
2496.681274850009,626.76513671875,9.308
2497.0033475310192,595.1298828125,9.68
2497.3281002190197,456.7646484375,7.249
2497.6504668850102,724.50244140625,8.274
2497.972946327005,595.13037109375,9.153
2498.2963939420006,494.0556640625,9.602
2498.618452438008,476.9990234375,8.196
2498.9437719270063,1029.75146484375,7.743
2499.2665597330197,595.130859375,8.726
2499.589116417017,617.63037109375,9.408
2499.9107049380254,595.130859375,9.796
2500.2328244870005,456.765625,7.249
2500.5550195570104,747.00341796875,8.391
2500.878766157024,595.13134765625,9.308
2501.202032742003,595.13134765625,9.486
2501.5274923680117,456.76611328125,7.327
2501.8509523990215,724.50390625,8.43
2502.174000997009,494.05712890625,9.23
2502.496086801024,595.1318359375,9.486
2502.8198938429996,479.81884765625,8.546
2503.1415601500194,1029.7529296875,7.976
2503.463539429009,595.13232421875,8.842
2503.7861956499983,595.13232421875,9.486
2504.1079881870246,595.13232421875,9.834
2504.4284792460094,984.75341796875,7.782
2504.7509584420186,499.50146484375,8.61
2505.073334456014,595.1328125,9.308
2505.396224251017,595.1328125,9.602
2505.72001868402,456.767578125,7.288
2506.0419487920008,724.50537109375,8.313
2506.3641752880067,595.13330078125,9.075
2506.6866697390215,595.13330078125,9.602
2507.0094699040055,465.7802734375,8.313
2507.3321244080144,1034.10302734375,8.313
2507.6543862770195,595.1337890625,8.997
2507.976427523012,477.00439453125,9.602
2508.2983453790075,595.1337890625,9.641
2508.6188766450214,984.7548828125,7.704
2508.944398364023,589.50927734375,8.726
2509.266768713016,595.13427734375,9.346
2509.589941354003,595.13427734375,9.641
2509.9107431770244,456.76904296875,7.405
2510.2326727080217,724.5068359375,8.352
2510.5552090610145,635.77001953125,9.23
2510.8785613730142,595.134765625,9.602
2511.201404676016,456.76953125,8.015
2511.5235965040047,724.50732421875,8.196
2511.8468197949987,595.13525390625,8.997
2512.1695104610117,595.13525390625,9.602
2512.4917764490237,595.13525390625,9.486
2512.8132571350143,984.75634765625,7.704
2513.1403676040063,589.5107421875,8.726
2513.4621444820077,595.1357421875,9.269
2513.7848068599997,595.1357421875,9.641
2514.105186802015,456.7705078125,7.132
2514.4276780440123,724.50830078125,8.235
2514.749869713007,595.13623046875,9.075
2515.0724682840228,499.8623046875,9.602
2515.394728097017,477.0048828125,8.196
2515.717106894008,1029.75732421875,8.08
2516.039409265999,595.13671875,9.036
2516.361231428018,595.13671875,9.37
2516.6842704730225,595.13671875,9.873
2517.005156186002,984.7578125,7.782
2517.32763485302,589.51220703125,8.648
2517.649867262022,617.63671875,9.37
2517.9711171410163,595.13720703125,9.602
2518.294099309016,456.77197265625,7.093
2518.616447610024,724.509765625,8.196
2518.939526904025,595.1376953125,9.114
2519.261787277006,595.1376953125,9.486
2519.585645899002,492.4873046875,8.313
2519.9079067170096,1029.7587890625,8.002
2520.230629407015,626.7734375,8.959
2520.5527705480054,595.13818359375,9.385
2520.874890056002,599.45263671875,9.912
2521.1967721260153,984.75927734375,7.938
2521.519621678017,589.513671875,8.726
2521.8425473000098,595.138671875,9.37
2522.1639691280143,595.138671875,9.602
2522.4846925330057,456.7734375,7.21
2522.8067354500236,724.51123046875,8.313
2523.1293059460004,595.13916015625,9.114
2523.452253960015,493.888671875,9.563
2523.775725754007,500.8037109375,8.196
2524.0986046670005,1029.76025390625,7.963
2524.4212405120197,510.75830078125,8.959
2524.743291741004,595.1396484375,9.37
2525.0663843790244,595.14013671875,9.912
2525.387499620003,984.7607421875,7.821
2525.7098135350097,589.51513671875,8.648
2526.036907704023,595.14013671875,9.447
2526.3590040150157,595.14013671875,9.563
2526.680481693009,456.77490234375,7.405
2527.0025838270085,724.5126953125,8.468
2527.3256952580123,595.14111328125,9.23
2527.647499882005,595.140625,9.563
2527.972375208017,456.775390625,8.132
2528.295335889008,724.51318359375,8.43
2528.617688625003,595.14111328125,9.153
2528.939852484007,595.14111328125,9.563
2529.262315546017,489.67822265625,8.997
2529.5847411300056,1029.76220703125,8.002
2529.9073700240115,595.1416015625,8.959
2530.2310318040254,599.4560546875,9.486
2530.5533025420154,595.1416015625,9.796
2530.8755687030207,456.716796875,6.753
2531.1971146430005,724.45458984375,8.041
2531.520581185003,493.826171875,9.075
2531.843540397007,595.08251953125,9.447
2532.1656227380154,456.716796875,8.015
2532.488255700009,724.45458984375,8.196
2532.8114802210184,595.08251953125,9.036
2533.1372754650074,595.08251953125,9.563
2533.4598780040105,595.08251953125,9.385
2533.782487744,1029.70361328125,7.665
2534.1053929530026,589.4580078125,8.803
2534.427998896019,595.0830078125,9.308
2534.750574470003,595.0830078125,9.718
2535.0729471119994,456.7177734375,7.548
2535.3967959670117,746.95556640625,8.648
2535.7205915380036,595.08349609375,9.23
2536.0442000199982,595.08349609375,9.718
2536.368257765018,456.71826171875,7.626
2536.6910148470197,724.4560546875,8.235
2537.0129229090235,595.083984375,9.114
2537.335213220009,595.083984375,9.525
2537.6609747699986,489.62109375,8.959
2537.983593934012,1029.705078125,7.704
2538.3057890830096,589.45947265625,8.765
2538.6277003080177,595.08447265625,9.346
2538.952169112017,595.08447265625,9.68
2539.2742496420105,456.71923828125,7.821
2539.5962539419997,746.95703125,8.726
2539.9182898590225,595.0849609375,9.292
2540.241585173004,599.53466796875,9.641
2540.5636387680133,456.7197265625,7.171
2540.8861970370053,724.45751953125,8.235
2541.208093455003,595.08544921875,8.959
2541.5309078490245,595.08544921875,9.525
2541.853206080006,489.62255859375,8.842
2542.1759838840226,1029.70654296875,7.587
2542.4981607750233,589.4609375,8.687
2542.820665721025,595.0859375,9.37
2543.1482779710204,595.0859375,9.602
2543.4706791140197,456.720703125,7.093
2543.793910168024,746.95849609375,8.43
2544.1162236160017,595.08642578125,9.153
2544.4385525750113,716.7216796875,9.602
2544.759960384021,456.72119140625,7.704
2545.0822220040136,724.458984375,8.119
2545.4051119710202,505.26220703125,9.075
2545.727132505999,595.0869140625,9.37
2546.0498435450136,510.70556640625,9.23
2546.3719497300044,1029.7080078125,7.924
2546.6945316890196,595.08740234375,8.959
2547.015864956018,595.08740234375,9.408
2547.338560760021,476.9560546875,9.757
2547.6625876280013,456.72216796875,7.249
2547.9846821430256,746.9599609375,8.546
2548.306926442019,595.087890625,9.153
2548.62988646701,595.087890625,9.602
2548.952628942003,456.72265625,7.548
2549.274846277025,724.46044921875,7.963
2549.597079995001,595.08837890625,8.92
2549.920028512017,595.08837890625,9.447
2550.242709860002,595.08837890625,9.346
2550.564871362003,984.70947265625,7.587
2550.887831541011,589.4638671875,8.648
2551.2101796330244,595.0888671875,9.308
2551.532362493017,595.0888671875,9.602
2551.852016001998,456.7236328125,7.132
2552.1740637050243,724.46142578125,8.274
2552.49677038801,595.08935546875,9.075
2552.8190091680153,621.09375,9.563
2553.143953716004,492.439453125,8.274
2553.467337768001,1029.71044921875,8.196
2553.790465132013,595.08984375,8.997
2554.1146507320227,595.08984375,9.447
2554.4377510340128,595.08984375,9.757
2554.760174556024,533.208984375,7.782
2555.0818251890014,589.46533203125,8.803
2555.403742130002,595.09033203125,9.308
2555.726058329019,626.7255859375,9.641
2556.0488880940247,456.72509765625,7.432
2556.3724916220235,746.90576171875,8.507
2556.694642991002,595.0908203125,9.269
2557.016485282016,595.0908203125,9.641
2557.338591125008,456.7255859375,7.821
2557.661245580006,724.46337890625,8.08
2557.9831440170237,595.09130859375,9.036
2558.3069514570234,595.09130859375,9.486
2558.629918681021,595.09130859375,9.346
2558.9509666119993,1029.71240234375,7.665
2559.2731952420145,589.466796875,8.765
2559.595642253,595.091796875,9.308
2559.91878860601,595.091796875,9.757
2560.2422068650194,456.7265625,7.249
2560.5660856620234,724.46435546875,8.391
2560.889690650016,595.09228515625,9.308
2561.2119209420052,595.09228515625,9.525
2561.534163453005,456.72705078125,7.782
2561.858456818998,724.46484375,8.158
2562.1810206189984,476.96923828125,9.153
2562.503188771021,595.0927734375,9.447
2562.8265030140174,502.97216796875,9.23
2563.155010992021,1029.7138671875,7.743
2563.4767997080053,589.46826171875,8.726
2563.799509411998,595.09326171875,9.447
2564.1219252330193,595.09326171875,9.641
2564.4438903570117,456.72802734375,7.171
2564.7667892710015,758.15869140625,8.391
2565.0890063730185,595.09375,9.23
2565.4111097600253,595.09375,9.525
2565.732569423999,456.728515625,7.821
2566.0542064720066,724.46630859375,8.119
2566.376128228003,595.09423828125,8.959
2566.6988747420255,595.09423828125,9.486
2567.020708778,595.09423828125,9.525
2567.342001834011,1029.71533203125,7.704
2567.6640690850036,589.4697265625,8.765
2567.985614573001,595.0947265625,9.292
2568.3083582960244,499.82080078125,9.718
2568.6292732940055,456.7294921875,7.093
2568.951187300001,724.46728515625,8.235
2569.2742762120033,595.09521484375,9.075
2569.5967786220135,595.09521484375,9.602
2569.9185256220226,456.72998046875,8.196
2570.2412313570094,724.4677734375,8.274
2570.5637146420195,595.095703125,9.075
2570.8863029910135,595.095703125,9.563
2571.2088910370076,595.095703125,9.385
2571.530439843016,1029.716796875,7.665
2571.8532641560014,589.47119140625,8.765
2572.1750985050166,595.09619140625,9.331
2572.4976221079996,617.595703125,9.718
2572.8193564750254,456.73095703125,7.405
2573.142534671002,938.16162109375,8.493
2573.466430311004,595.0966796875,9.23
2573.789070703002,595.0966796875,9.563
2574.111340725998,456.7314453125,7.86
2574.435823266016,724.46923828125,8.235
2574.7583814900136,595.09716796875,9.153
2575.0813308049983,595.09716796875,9.486
2575.4046676840226,489.63427734375,9.075
2575.7277749800123,1029.71826171875,7.743
2576.0515787330223,589.47265625,8.842
2576.3758523580036,595.09765625,9.37
2576.6982710800075,595.09765625,9.641
2577.0207146320026,456.732421875,7.288
2577.3444317230023,746.97021484375,8.546
2577.666213457007,595.09814453125,9.153
2577.9875785240147,595.09814453125,9.68
2578.3093346380047,456.73291015625,7.665
2578.6314326300053,724.470703125,8.002
2578.954041885998,595.0986328125,9.036
2579.276752892998,595.0986328125,9.486
2579.5989794180205,595.0986328125,9.346
2579.9214712410176,1029.7197265625,7.704
2580.2439880110032,589.47412109375,8.803
2580.566177940025,595.09912109375,9.292
2580.8904684200243,595.09912109375,9.757
2581.215045624005,456.73388671875,7.171
2581.538426108018,724.4716796875,8.352
2581.8628222080006,595.099609375,9.269
2582.1852168879996,595.099609375,9.563
2582.5070514940016,456.734375,7.821
2582.828506779013,724.47216796875,8.119
2583.1514541500073,595.10009765625,9.036
2583.4736611460103,595.10009765625,9.525
2583.799153407017,595.10009765625,9.385
2584.119927727006,984.72119140625,7.626
2584.4424973830173,589.4755859375,8.648
2584.7656416040263,595.1005859375,9.308
2585.089254297025,595.1005859375,9.641
2585.4114402950217,456.7353515625,7.366
2585.734187640017,724.47314453125,8.391
2586.060029867018,617.6005859375,9.308
2586.382029850007,595.10107421875,9.525
2586.705245720019,456.73583984375,7.899
2587.0261765440227,724.4736328125,8.391
2587.3502953650022,595.1015625,9.23
2587.67225462402,595.1015625,9.525
2587.9938717160258,489.638671875,9.153
2588.3165265850257,1029.72265625,7.808
2588.639106761024,482.6181640625,8.881
2588.962437866023,595.10205078125,9.331
2589.286968165019,599.41650390625,9.68
2589.609897210001,456.73681640625,7.471
2589.931761450018,746.974609375,8.532
2590.2536795990018,595.1025390625,9.346
2590.5758349440002,595.1025390625,9.525
2590.901954030007,456.7373046875,7.405
2591.2244047080167,724.47509765625,8.196
2591.5469254670024,595.10302734375,8.959
2591.8710110290267,516.3525390625,9.525
2592.1955767370237,489.64013671875,8.842
2592.5180553950195,1029.72412109375,7.471
2592.840554502007,589.478515625,8.648
2593.1671497950156,595.103515625,9.37
2593.4894407750107,595.103515625,9.602
2593.81190530202,456.73828125,7.132
2594.13447177902,724.47607421875,8.313
2594.4583413380024,595.10400390625,9.23
2594.780740947026,595.10400390625,9.486
2595.1019078630197,456.73876953125,7.899
2595.424051534006,724.4765625,8.196
2595.746213670005,595.1044921875,9.153
2596.067965631024,595.1044921875,9.486
2596.3912822550046,468.53955078125,9.191
2596.714056604018,1029.7255859375,7.587
2597.0358212220017,589.47998046875,8.803
2597.357848754007,595.10498046875,9.308
2597.6799948860134,595.10498046875,9.718
2598.003414761013,456.73974609375,7.288
2598.3258409890113,724.4775390625,8.352
2598.648528513004,595.10546875,9.23
2598.9717868570006,595.10546875,9.525
2599.293767087016,456.740234375,7.86
2599.615783767018,1029.7265625,8.041
2599.938759868004,595.10595703125,8.92
2600.261211760022,595.10595703125,9.408
2600.58387479902,595.10595703125,9.68
2600.9044324900024,984.72705078125,7.587
2601.226807881001,589.4814453125,8.546
2601.5489171080117,488.22509765625,9.346
2601.8728563699988,595.1064453125,9.602
2602.1971526020207,456.7412109375,7.171
2602.5195812240127,724.47900390625,8.235
2602.84255506302,595.10693359375,9.114
2603.168442164024,595.10693359375,9.602
2603.4901924210135,492.45703125,8.274
2603.8128002680023,1029.72802734375,7.924
2604.1358909840055,621.11181640625,8.997
2604.4587699030235,595.107421875,9.37
2604.781473962008,626.74267578125,9.873
2605.104192800005,984.728515625,7.743
2605.4271467130166,589.48291015625,8.61
2605.7499022780103,499.658203125,9.385
2606.0730578950024,595.10791015625,9.563
2606.3991993200034,456.74267578125,7.054
2606.7212750170147,724.48046875,8.235
2607.0414305260056,595.1083984375,9.153
2607.363276846998,595.1083984375,9.486
2607.6879055190075,492.4580078125,8.352
2608.009841828025,1029.7294921875,7.886
2608.331386193022,595.10888671875,8.842
2608.654782578,595.10888671875,9.486
2608.9776104150224,595.10888671875,9.873
2609.300101861998,456.74365234375,7.249
2609.621979702002,746.9814453125,8.391
2609.9464643940155,595.109375,9.308
2610.2685597370146,595.109375,9.525
2610.592619711999,456.744140625,7.249
2610.916093091015,724.48193359375,8.158
2611.238302313024,595.10986328125,8.959
2611.560995945998,621.1201171875,9.486
2611.88531928102,489.64697265625,8.92
2612.2066500640067,1029.73095703125,7.821
2612.531405409012,516.35986328125,8.92
2612.8536869670206,595.1103515625,9.37
2613.1803728210216,494.21142578125,9.796
2613.5017544970033,456.7451171875,7.354
2613.824518788024,746.98291015625,8.468
2614.147322912002,510.7353515625,9.346
2614.4691345510073,595.11083984375,9.563
2614.7928971580113,456.74560546875,7.327
2615.11731685602,724.4833984375,8.08
2615.4392953670176,595.111328125,8.997
2615.7619156470173,595.111328125,9.447
2616.0850537130027,489.6484375,8.997
2616.407226907002,1029.732421875,8.002
2616.729114676011,595.11181640625,8.92
2617.050280060008,595.11181640625,9.486
2617.3723858730227,595.11181640625,9.757
2617.693777466018,456.74658203125,7.288
2618.0177117109997,746.984375,8.468
2618.339837476,595.1123046875,9.308
2618.661819585017,595.1123046875,9.447
2618.9890084800136,456.7470703125,7.366
2619.3114975150093,724.48486328125,8.43
2619.6342437819985,499.50390625,9.153
2619.9580071360106,595.11279296875,9.486
2620.2802785100066,492.33984375,8.546
2620.6024439560133,1029.73388671875,7.782
2620.9253995949985,595.11328125,8.842
2621.247254031012,595.11328125,9.331
2621.570307034999,595.11328125,9.68
2621.8913385700143,456.748046875,7.393
2622.2133853230043,746.98583984375,8.468
2622.5357671650127,595.11376953125,9.308
2622.8584282230004,595.11376953125,9.525
2623.1832381400163,456.74853515625,7.471
2623.505248646019,724.486328125,8.43
2623.8288024790236,595.1142578125,9.191
2624.1514981060172,595.1142578125,9.525
2624.4738241980085,492.4638671875,8.391
2624.796178260003,1029.7353515625,7.963
2625.1185466520255,595.11474609375,8.92
2625.4405556520214,595.11474609375,9.408
2625.762646577001,595.11474609375,9.757
2626.086744724016,456.74951171875,7.548
2626.4089446310245,746.9873046875,8.61
2626.7314030179987,595.115234375,9.153
2627.0526835040073,595.115234375,9.718
2627.3766454230063,456.75,7.093
2627.6998921610066,724.48779296875,8.274
2628.0228428789997,595.11572265625,9.153
2628.3452614860144,595.11572265625,9.447
2628.6701347400085,488.234375,8.507
2628.995633696002,1029.73681640625,8.119
2629.3187891000125,510.73486328125,9.036
2629.6412911190127,595.1162109375,9.37
2629.9633174290066,595.11669921875,9.834
2630.2854155680106,456.7509765625,7.587
2630.607789466012,746.98876953125,8.624
2630.9309418770135,595.11669921875,9.269
2631.253096291999,595.11669921875,9.641
2631.5744414390065,456.75146484375,7.132
2631.8967052670196,724.4892578125,8.391
2632.2190768319997,595.1171875,9.23
2632.54113707901,595.1171875,9.447
2632.8638008180133,491.06005859375,8.585
2633.1910550040193,1029.73828125,8.08
2633.5169761110155,499.486328125,9.036
2633.8391273540037,595.11767578125,9.37
2634.1620485870226,505.29296875,9.951
2634.48471565402,456.75244140625,7.471
2634.8076074060227,746.990234375,8.585
2635.1294939049985,595.1181640625,9.23
2635.4520301630255,595.1181640625,9.68
2635.7740951919986,456.7529296875,7.366
2636.096164439019,724.49072265625,8.352
2636.418389110011,595.11865234375,9.114
2636.7404989250062,595.119140625,9.486
2637.06114819902,492.46826171875,8.43
2637.3837659010023,724.4912109375,8.391
2637.7060264610045,516.36279296875,9.191
2638.0287076520035,595.119140625,9.525
2638.351566633006,599.56884765625,9.308
2638.674817924999,1029.740234375,7.665
2638.9985456610157,589.49462890625,8.726
2639.3208039160236,626.7548828125,9.37
2639.64325818402,595.11962890625,9.602
2639.9661232280196,456.75439453125,7.132
2640.2902664460125,724.4921875,8.274
2640.6138311010145,595.1201171875,9.23
2640.9360637060017,595.1201171875,9.525
2641.2577304390143,456.7548828125,7.938
2641.58032509801,724.49267578125,8.274
2641.9040359540086,595.12060546875,9.23
2642.2262377120205,595.12060546875,9.525
2642.551664783008,489.65771484375,9.114
2642.874408491014,1029.74169921875,7.782
2643.197226977005,589.49609375,8.881
2643.519107320026,595.12109375,9.424
2643.84210632302,595.12109375,9.641
2644.1654597060115,456.755859375,7.899
2644.4876899110095,746.99365234375,8.803
2644.80995605301,595.12158203125,9.254
2645.1322678870056,494.046875,9.718
2645.4531776750227,456.75634765625,7.405
2645.775545567012,724.494140625,8.352
2646.0977347550215,595.1220703125,9.153
2646.4205170880014,595.1220703125,9.525
2646.7429697379994,492.4716796875,8.313
2647.0646487360063,1029.7431640625,7.924
2647.3876265209983,595.12255859375,8.881
2647.7098597490112,595.12255859375,9.408
2648.0315108910145,595.12255859375,9.873
2648.3534190590144,456.75732421875,7.315
2648.6758651160053,746.9951171875,8.468
2648.9981306810223,595.123046875,9.308
2649.3205366230104,595.123046875,9.563
2649.641939688998,456.7578125,7.249
2649.9647085330216,724.49560546875,8.313
2650.287083386007,595.12353515625,9.036
2650.6094475820137,595.12353515625,9.525
2650.9313984730106,489.66064453125,8.779
2651.2535469300055,1029.74462890625,8.158
2651.575964393007,599.57373046875,9.036
2651.899138446024,595.1240234375,9.447
2652.2219118540233,595.1240234375,9.912
2652.5422916740063,984.7451171875,7.626
2652.8650977850193,533.2431640625,8.648
2653.190519403026,595.12451171875,9.331
2653.5125385380234,595.12451171875,9.602
2653.836590404011,456.75927734375,7.171
2654.1594665099983,724.4970703125,8.274
2654.4818634120165,595.125,9.075
2654.8042124710046,626.76025390625,9.563
2655.126407593023,492.474609375,8.352
2655.4497144540073,724.49755859375,8.352
2655.7719565150037,493.869140625,9.191
2656.094350355008,595.12548828125,9.486
2656.4174555560166,595.12548828125,9.308
2656.739872556005,1029.74658203125,7.704
2657.0610340200074,589.5009765625,8.803
2657.3833998960035,533.24462890625,9.447
2657.7057572280173,595.1259765625,9.602
2658.026237677026,456.7607421875,7.471
2658.349139634025,746.99853515625,8.61
2658.673447436013,595.12646484375,9.23
2658.9955601610127,595.12646484375,9.68
2659.3197928380105,456.76123046875,7.548
2659.642646840017,724.4990234375,8.468
2659.966676113021,599.44140625,9.23
2660.290134969022,595.126953125,9.525
2660.611796340003,492.35400390625,8.624
2660.9339881750057,1029.748046875,8.158
2661.2593396099983,482.62109375,9.075
2661.5823621670133,595.12744140625,9.408
2661.9060527320253,516.37109375,9.951
2662.228800573008,1029.74853515625,8.158
2662.550808972999,589.5029296875,8.92
2662.8732503920037,595.1279296875,9.525
2663.199657317018,595.1279296875,9.641
2663.5229331700248,456.7626953125,7.393
2663.845161249017,747.00048828125,8.546
2664.1680572610057,595.12841796875,9.269
2664.490367153019,595.12841796875,9.602
2664.814933116024,456.76318359375,7.471
2665.1383620100096,724.5009765625,8.235
2665.460311736999,595.12890625,9.036
2665.7826609430194,488.24755859375,9.525
2666.103980898013,489.666015625,8.92
2666.4264828660234,1029.75,7.769
2666.748698192998,595.12939453125,8.881
2667.0696076770255,595.12939453125,9.408
2667.3925936900196,493.873046875,9.757
2667.7146256310225,456.76416015625,7.743
2668.0367671750137,747.001953125,8.765
2668.3589348520036,595.1298828125,9.308
2668.6813255820016,621.14013671875,9.602
2669.00599948701,456.7646484375,7.483
2669.3285865020007,724.50244140625,8.391
2669.650791478023,595.13037109375,9.114
2669.972541963012,626.765625,9.602
2670.294064419024,492.47998046875,8.391
2670.6164359810064,724.5029296875,8.468
2670.939844661014,595.130859375,9.308
2671.2617868720263,595.130859375,9.486
2671.588549785025,489.66796875,9.153
2671.9116299500165,1029.751953125,7.704
2672.2332970590214,589.50634765625,8.765
2672.5562771700206,595.13134765625,9.447
2672.8780552590033,595.13134765625,9.602
2673.2075902130164,456.76611328125,7.86
2673.530387771025,747.00390625,8.765
2673.8530802340247,595.1318359375,9.269
2674.1759692760243,626.76708984375,9.641
2674.4985950960254,456.7666015625,7.21
2674.821544647013,724.50439453125,8.196
2675.143991537014,595.13232421875,8.997
2675.467164702015,595.13232421875,9.525
2675.7889703620167,489.66943359375,8.701
2676.110900568019,1029.75341796875,7.886
2676.432946611021,595.1328125,8.881
2676.7563824000244,595.1328125,9.408
2677.0777787050174,595.1328125,9.834
2677.3985953800147,533.427734375,7.86
2677.721933036024,779.6982421875,8.726
2678.043906065024,595.13330078125,9.37
2678.36686973201,595.13330078125,9.68
2678.6897956050234,456.76806640625,7.054
2679.0141898510046,724.505859375,8.313
2679.3375408220163,595.1337890625,9.153
2679.660486200999,595.1337890625,9.447
2679.9815781270154,492.4833984375,8.468
2680.304110026016,1029.7548828125,8.196
2680.626782862004,595.13427734375,9.036
2680.950432075013,595.13427734375,9.447
2681.273005146999,595.13427734375,9.873
2681.594455720013,984.75537109375,7.665
2681.916193989018,589.509765625,8.61
2682.238531354,516.38427734375,9.408
2682.5607127710246,595.134765625,9.563
2682.8857426750183,456.76953125,7.054
2683.212206989003,724.50732421875,8.235
2683.535241849022,595.13525390625,9.075
2683.8567553390167,595.13525390625,9.486
2684.1797158170084,492.48486328125,8.352
2684.502245032025,1029.75634765625,8.08
2684.8250435750233,595.1357421875,8.997
2685.1471116680186,595.1357421875,9.37
2685.4693923410086,595.1357421875,9.873
2685.792988355999,465.7548828125,7.51
2686.116052621015,960.701171875,8.61
2686.4395540870028,595.13623046875,9.269
2686.7626012230176,595.13623046875,9.602
2687.086268614017,456.77099609375,7.093
2687.408729076007,724.5087890625,8.274
2687.731055259006,595.13671875,9.114
2688.0531865780067,595.13671875,9.486
2688.375912737014,492.486328125,8.43
2688.6987291730184,1029.7578125,7.821
2689.0224194830225,595.13720703125,8.803
2689.3453238450165,595.13720703125,9.486
2689.667608428019,595.13720703125,9.796
2689.990983185009,456.77197265625,7.471
2690.313825449004,747.009765625,8.571
2690.6356408690044,595.1376953125,9.191
2690.9582794090093,595.1376953125,9.602
2691.2825040440075,456.7724609375,7.21
2691.60489532302,724.51025390625,8.352
2691.9274820060236,499.6884765625,9.23
2692.250526590011,595.13818359375,9.525
2692.5743612350198,477.0068359375,8.507
2692.8960479780217,1029.75927734375,7.743
2693.2181697430206,595.138671875,8.881
2693.5413763680262,595.138671875,9.331
2693.863400844013,595.138671875,9.718
2694.184282684,456.7734375,7.548
2694.5073484220193,747.01123046875,8.546
2694.8292828300036,595.13916015625,9.269
2695.1516972579993,595.13916015625,9.563
2695.474630686018,456.77392578125,7.288
2695.7974163610197,724.51171875,8.391
2696.1223526500107,595.1396484375,9.23
2696.446237991011,595.1396484375,9.486
2696.768393279024,492.4892578125,8.391
2697.090875556023,1029.7607421875,7.86
2697.4129180550226,595.14013671875,8.842
2697.7354664380255,635.775390625,9.447
2698.056391428021,595.14013671875,9.834
2698.379995187017,456.77490234375,7.743
2698.7026021839993,747.0126953125,8.726
2699.026877307013,595.140625,9.308
2699.352021141007,595.140625,9.718
2699.676300284016,456.775390625,6.976
2699.998280380998,724.51318359375,8.313
2700.3210124440084,595.14111328125,9.153
2700.6438212790235,595.14111328125,9.447
2700.965849653003,482.822265625,8.546
2701.2900116410165,1029.76220703125,7.743
2701.612482395023,595.1416015625,8.803
2701.93402007001,595.1416015625,9.447
2702.2566176660184,595.1416015625,9.796
2702.5786262980255,456.7763671875,7.665
2702.9014617930225,747.01416015625,8.687
2703.2243063350033,595.14208984375,9.254
2703.546698335005,621.146484375,9.641
2703.86983050502,456.77685546875,7.249
2704.1922906270192,724.5146484375,8.43
2704.514894305001,595.142578125,9.191
2704.8378307060048,595.142578125,9.447
2705.1597506870166,492.4921875,8.507
2705.482278986019,1029.763671875,7.73
2705.8049518059997,595.14306640625,8.803
2706.12786264802,595.14306640625,9.408
2706.4518865710124,595.14306640625,9.757
2706.7728387960233,984.76416015625,7.86
2707.094434221013,578.26220703125,8.765
2707.416757840023,595.1435546875,9.37
2707.739290622005,595.1435546875,9.641
2708.0613572940056,456.7783203125,7.626
2708.3839240800007,724.51611328125,8.454
2708.70684720602,635.779296875,9.269
2709.0318608829984,595.14404296875,9.563
2709.354463081021,456.77880859375,7.976
2709.677478807018,724.5166015625,8.196
2709.999990502023,595.14453125,8.997
2710.322437253024,595.14453125,9.525
2710.645911102998,595.14453125,9.463
2710.968196788017,1029.765625,7.743
2711.291511959018,589.52001953125,8.765
2711.6150216680253,595.14501953125,9.269
2711.9381943660264,595.14501953125,9.796
2712.2615347420215,456.77978515625,7.288
2712.5837116879993,724.517578125,8.313
2712.907011964009,595.1455078125,9.23
2713.229108542,595.1455078125,9.486
2713.5523017890227,456.7802734375,7.86
2713.874377916014,1029.7666015625,8.041
2714.195489689999,595.14599609375,9.114
2714.517980706005,595.14599609375,9.525
2714.8401943310164,595.14599609375,9.757
2715.1632442830014,1029.76708984375,7.899
2715.4855580910225,589.521484375,8.842
2715.808449019998,595.146484375,9.331
2716.1301201930037,595.146484375,9.718
2716.45493189001,456.78125,7.327
2716.777212658024,747.01904296875,8.546
2717.0993236190116,595.14697265625,9.23
2717.4223354870046,599.5966796875,9.602
2717.746382807003,456.78173828125,7.704
2718.0675542450044,724.51953125,8.274
2718.389788743021,595.1474609375,9.114
2718.712317753001,595.1474609375,9.486
2719.0361002410064,489.6845703125,8.997
2719.359039052011,1029.7685546875,7.665
2719.6811357040133,589.52294921875,8.765
2720.00250620101,595.14794921875,9.408
2720.324872646015,595.14794921875,9.563
2720.6475364840007,456.716796875,6.558
2720.9699072170188,724.45458984375,8.041
2721.2919619510067,595.08251953125,8.959
2721.6145655150176,595.0830078125,9.408
2721.935478102998,492.43212890625,8.352
2722.2570899830025,1029.703125,7.587
2722.579595864023,595.08251953125,8.765
2722.902531018015,595.08251953125,9.308
2723.2289640240197,595.08251953125,9.718
2723.5525636500097,456.71728515625,7.626
2723.8745814890135,746.955078125,8.648
2724.196782882005,595.0830078125,9.23
2724.518919818016,655.96826171875,9.602
2724.8446917780093,456.7177734375,7.171
2725.1671037930064,724.45556640625,8.313
2725.4896469790256,595.083984375,9.036
2725.8123128279985,595.08349609375,9.486
2726.1346643800207,489.62060546875,8.663
2726.45657778802,1029.70458984375,7.665
2726.7792702160077,595.083984375,8.842
2727.1011643860256,595.083984375,9.37
2727.4239893520135,516.33349609375,9.718
2727.745004807017,456.71875,7.132
2728.0677187550173,746.95654296875,8.546
2728.3894975670264,595.08447265625,9.153
2728.712599015009,595.08447265625,9.641
2729.0420149960264,456.71923828125,7.626
2729.36405982601,724.45703125,8.546
2729.6863711030164,493.83447265625,9.23
2730.008768240019,595.0849609375,9.525
2730.3311122420128,504.96826171875,8.585
2730.6557611100143,1029.7060546875,7.847
2730.979060494021,595.08544921875,8.881
2731.302582021017,499.8115234375,9.486
2731.625113283022,595.08544921875,9.796
2731.9470902100147,456.72021484375,7.393
2732.2689892000053,746.9580078125,8.454
2732.5913998340257,595.0859375,9.308
2732.914451369026,595.0859375,9.525
2733.2358105720195,456.720703125,7.327
2733.558718501008,724.45849609375,8.313
2733.8811531540123,595.08642578125,9.075
2734.204121109011,595.08642578125,9.602
2734.526297461998,489.62353515625,8.726
2734.84876471202,1029.70751953125,7.704
2735.1725036740245,595.0869140625,8.92
2735.4945346620225,595.0869140625,9.331
2735.816619379999,595.0869140625,9.718
2736.137683523004,456.7216796875,7.548
2736.4596837749996,746.95947265625,8.532
2736.7828246999998,595.08740234375,9.331
2737.104031558003,595.08740234375,9.602
2737.425930832018,456.72216796875,7.327
2737.7490558060235,724.4599609375,8.158
2738.070257979998,595.087890625,9.036
2738.393824918021,510.70654296875,9.563
2738.7161128400185,489.625,8.842
2739.0375211890205,1029.708984375,7.847
2739.3605508670153,595.08837890625,8.92
2739.6826268920267,595.08837890625,9.331
2740.0052106560033,595.08837890625,9.796
2740.3278714350017,456.72314453125,7.432
2740.650154594012,746.9609375,8.468
2740.975267032016,595.0888671875,9.37
2741.297252593009,595.0888671875,9.563
2741.6191091540095,456.7236328125,7.288
2741.9427535270224,724.46142578125,8.352
2742.2644200500217,595.08935546875,9.075
2742.58709318802,595.08935546875,9.602
2742.9096051320084,489.62646484375,8.765
2743.235953314026,1029.71044921875,7.886
2743.5591221140057,595.08984375,8.842
2743.8815360560257,599.404296875,9.447
2744.203844063013,595.08984375,9.834
2744.5245430470095,456.724609375,7.432
2744.8467561959988,746.96240234375,8.493
2745.16893723901,595.09033203125,9.331
2745.4910277760064,595.09033203125,9.563
2745.8134304270206,456.72509765625,7.288
2746.1359050750034,724.462890625,8.391
2746.458193242026,595.0908203125,9.114
2746.7824994420225,595.0908203125,9.525
2747.1063667960116,489.6279296875,8.765
2747.4286036820267,1029.7119140625,8.274
2747.7514274179994,595.09130859375,9.114
2748.0739387799986,595.09130859375,9.486
2748.396599069005,595.09130859375,9.951
2748.718048763025,1029.71240234375,7.924
2749.0400181630102,589.466796875,8.92
2749.362731178,595.091796875,9.331
2749.6849607090116,595.091796875,9.718
2750.0064784880087,456.7265625,7.366
2750.3287137350126,724.46435546875,8.43
2750.6511816350103,595.09228515625,9.269
2750.9739199510077,595.09228515625,9.563
2751.2966059300234,456.72705078125,7.86
2751.6195624200045,724.46484375,8.43
2751.9410971350153,595.0927734375,9.176
2752.263915589021,493.84228515625,9.641
2752.5866330450226,489.6298828125,8.881
2752.9094332570094,1029.7138671875,8.041
2753.236741423025,595.09326171875,8.92
2753.5594965320197,595.09326171875,9.525
2753.881565330026,595.09326171875,9.873
2754.2048644600145,456.72802734375,7.626
2754.5270260820107,746.9658203125,8.61
2754.8495205240033,595.09375,9.191
2755.171754238021,595.09375,9.641
2755.496529433003,456.728515625,7.054
2755.818964882026,724.46630859375,8.158
2756.1405425480043,595.09423828125,8.997
2756.463047780009,595.09423828125,9.563
2756.7855631240236,489.63134765625,8.726
2757.108063421998,1029.71533203125,7.587
2757.4304483779997,589.4697265625,8.726
2757.7528685040015,595.0947265625,9.37
2758.074181076023,595.0947265625,9.602
2758.3976812809997,456.7294921875,7.393
2758.7214919670078,746.96728515625,8.507
2759.0432563610084,595.09521484375,9.23
2759.366337874002,595.09521484375,9.641
2759.6917747490224,456.72998046875,7.51
2760.0157999610237,724.4677734375,8.196
2760.338138218998,595.095703125,9.075
2760.6600778959983,595.095703125,9.447
2760.9840034100052,489.6328125,9.036
2761.3092081510113,1029.716796875,7.665
2761.6313342880167,589.47119140625,8.765
2761.953410151007,595.09619140625,9.486
2762.2766759560036,595.09619140625,9.641
2762.5989744430117,456.73095703125,7.393
2762.9213669190067,746.96875,8.493
2763.2455531470187,595.0966796875,9.254
2763.5675748690264,595.0966796875,9.563
2763.8929664750176,456.7314453125,7.393
2764.215719492,724.46923828125,8.002
2764.5382010989997,595.09716796875,9.036
2764.8608073530195,595.09716796875,9.331
2765.1835437500267,477.1533203125,9.191
2765.5075827420224,1029.71826171875,7.886
2765.8302416900115,494.02294921875,8.92
2766.1535232570022,595.09765625,9.37
2766.476091020013,499.4775390625,9.718
2766.7973396690213,456.732421875,7.132
2767.119619089004,746.97021484375,8.532
2767.4422796760045,595.09814453125,9.153
2767.764598132024,595.09814453125,9.641
2768.087164213008,456.73291015625,7.665
2768.4097836319997,724.470703125,8.507
2768.7320215270156,595.0986328125,9.153
2769.053552755009,595.0986328125,9.602
2769.3758419360092,489.6357421875,8.701
2769.6977273500233,1029.7197265625,7.73
2770.01969907101,595.09912109375,8.92
2770.342223484011,595.09912109375,9.331
2770.6646804690245,595.09912109375,9.718
2770.989085466019,456.73388671875,7.015
2771.3127595930127,746.9716796875,8.43
2771.634848514019,595.099609375,9.114
2771.9581424600037,626.73486328125,9.641
2772.2810933040164,456.734375,7.704
2772.602618565026,1029.720703125,7.963
2772.9249790710164,595.10009765625,8.842
2773.2502206540084,595.10009765625,9.447
2773.574215926026,595.10009765625,9.602
2773.8949872440135,1029.72119140625,7.782
2774.217055233021,589.4755859375,8.842
2774.5389355920197,595.1005859375,9.292
2774.861524502019,595.1005859375,9.718
2775.1842390750244,456.7353515625,7.548
2775.507808634022,746.97314453125,8.648
2775.829842461011,595.10107421875,9.153
2776.1519276120234,499.6513671875,9.641
2776.4748352990136,456.73583984375,7.626
2776.7986764119996,724.4736328125,8.002
2777.1218671170063,595.1015625,8.997
2777.44405539101,595.1015625,9.525
2777.766322838026,595.1015625,9.424
2778.0876766620204,1029.72265625,7.743
2778.409879741026,589.47705078125,8.765
2778.7325896000257,595.10205078125,9.269
2779.05850935902,617.6015625,9.718
2779.3814203360234,456.73681640625,7.21
2779.703595657018,724.474609375,8.313
2780.029217244999,595.1025390625,9.269
2780.3511974380235,595.1025390625,9.486
2780.6733819950023,456.7373046875,7.782
2780.996203610004,1029.7236328125,7.963
2781.320036981022,595.10302734375,8.959
2781.6420756620064,595.10302734375,9.331
2781.964535325009,595.10302734375,9.912
2782.288052347023,465.72216796875,7.51
2782.610457371018,532.16552734375,8.532
2782.9331863810075,595.103515625,9.269
2783.2564536170103,595.103515625,9.641
2783.5803521510097,456.73828125,7.366
2783.9027088080184,724.47607421875,8.313
2784.2247964170238,595.10400390625,9.114
2784.547460119007,516.353515625,9.602
2784.869283230015,468.5546875,8.196
2785.191812741017,1029.72509765625,8.235
2785.514015285007,595.1044921875,8.959
2785.8360236740264,595.1044921875,9.447
2786.1578338700056,595.1044921875,9.796
2786.480433288001,984.7255859375,7.743
2786.803670596011,589.47998046875,8.687
2787.1252779860224,595.10498046875,9.37
2787.447398965014,595.10498046875,9.602
2787.768153502024,456.73974609375,6.976
2788.09000758201,724.4775390625,8.235
2788.4118887280056,595.10546875,9.114
2788.7346093440137,595.10546875,9.447
2789.057914660021,492.455078125,8.391
2789.3820399480173,1029.7265625,7.704
2789.7053315580124,595.10595703125,8.765
2790.028217929008,595.10595703125,9.408
2790.3500564560236,595.10595703125,9.757
2790.6727794800245,456.74072265625,7.432
2790.9953972480143,746.978515625,8.571
2791.3177104130154,595.1064453125,9.254
2791.6395177910163,595.1064453125,9.486
2791.961418453022,456.7412109375,7.366
2792.283323552023,724.47900390625,8.119
2792.605770504015,595.10693359375,8.959
2792.928086953005,621.1171875,9.486
2793.255544375017,489.64404296875,8.881
2793.577369169012,1029.72802734375,7.847
2793.9008955600148,595.107421875,8.92
2794.222832383006,595.107421875,9.37
2794.546959082014,595.107421875,9.757
2794.870490483998,456.7421875,7.249
2795.1927106720104,746.97998046875,8.468
2795.5155498970125,510.7265625,9.269
2795.837990027998,595.10791015625,9.525
2796.161421278026,456.74267578125,7.471
2796.484202376014,724.48046875,8.43
2796.8067485810025,626.74365234375,9.153
2797.12824346,595.1083984375,9.563
2797.450131089019,489.6455078125,8.663
2797.7725164740114,1029.7294921875,7.808
2798.0934580950125,595.10888671875,8.92
2798.415595166007,595.10888671875,9.37
2798.7377426380117,595.10888671875,9.718
2799.060851246002,456.74365234375,7.093
2799.3833650940214,746.9814453125,8.43
2799.705175863026,595.109375,9.114
2800.028237706021,595.109375,9.68
2800.352301609004,456.744140625,7.51
2800.674589000002,724.48193359375,8.235
2800.9981098970165,595.10986328125,9.036
2801.320731822023,499.478515625,9.525
2801.642839480017,489.64697265625,8.842
2801.965546306019,1029.73095703125,7.704
2802.28803653302,589.4853515625,8.765
2802.610496549023,595.1103515625,9.37
2802.9326542460185,595.1103515625,9.602
2803.2601741090184,456.7451171875,7.626
2803.58221793102,746.98291015625,8.571
2803.9051342480234,595.11083984375,9.346
2804.2284035990015,595.11083984375,9.563
2804.5511477040127,456.74560546875,7.327
2804.873310977011,724.4833984375,8.041
2805.195916377008,595.111328125,8.997
2805.5189333800226,595.111328125,9.447
2805.84271916101,489.6484375,8.959
2806.164278030017,1029.732421875,7.471
2806.4871481340087,589.48681640625,8.648
2806.810305677005,595.11181640625,9.191
2807.1328399800113,516.361328125,9.718
2807.4554780910257,456.74658203125,7.366
2807.778374168003,533.23095703125,8.468
2808.0989294750034,595.1123046875,9.308
2808.4209598290036,595.1123046875,9.525
2808.7431954430067,456.7470703125,7.782
2809.0691298440215,724.48486328125,8.119
2809.391726009024,499.49267578125,9.075
2809.715879698022,595.11279296875,9.408
2810.041828649002,468.5478515625,9.269
2810.3651507290197,1029.73388671875,7.769
2810.68768031901,589.48828125,8.803
2811.0112608120253,595.11328125,9.408
2811.3343396359996,595.11328125,9.68
2811.655848744005,456.748046875,7.054
2811.9781769990223,556.0869140625,8.468
2812.300311537023,595.11376953125,9.191
2812.622446266003,595.11376953125,9.563
2812.9479301670217,456.74853515625,7.782
2813.2700408200035,724.486328125,8.08
2813.5934582310147,510.73291015625,9.075
2813.915209088009,595.1142578125,9.408
2814.23846497701,599.4287109375,9.269
2814.5608227350167,1029.7353515625,7.743
2814.8828815330053,589.48974609375,8.726
2815.2051041080267,499.6650390625,9.408
2815.527581060014,595.11474609375,9.563
2815.850293002004,456.74951171875,7.132
2816.1731342870044,724.4873046875,8.313
2816.497742094012,595.115234375,9.23
2816.821089866018,595.115234375,9.486
2817.1445800080255,456.75,8.015
2817.4684741969977,724.48779296875,8.196
2817.7914970440033,499.5068359375,9.114
2818.113627838,595.11572265625,9.486
2818.436409285001,626.7509765625,9.269
2818.7587258420244,1029.73681640625,7.665
2819.0811886760057,589.4912109375,8.803
2819.4032113830035,595.1162109375,9.331
2819.7255126320233,595.1162109375,9.68
2820.0508043419977,456.7509765625,7.327
2820.373994683003,499.4853515625,8.43
2820.6963597639988,595.11669921875,9.191
2821.0191078089993,595.11669921875,9.563
2821.342484836001,456.75146484375,7.743
2821.6647621250013,724.4892578125,8.041
2821.9863669300103,595.1171875,8.997
2822.308689330006,595.1171875,9.525
2822.6308533860138,595.1171875,9.486
2822.9523931520234,1029.73828125,7.86
2823.275041031011,589.49267578125,8.803
2823.5973931490153,635.7529296875,9.37
2823.9191773970088,595.11767578125,9.641
2824.2396054679994,456.75244140625,7.821
2824.561531888001,746.990234375,8.648
2824.883886907017,595.1181640625,9.37
2825.207197233016,595.1181640625,9.563
2825.530904088024,456.7529296875,7.366
2825.8529156860022,724.49072265625,8.391
2826.174812550016,595.11865234375,9.114
2826.498305783025,595.11865234375,9.525
2826.820073740004,489.65576171875,8.663
2827.1420559100225,1029.73974609375,7.665
2827.464775843022,589.494140625,8.765
2827.7890491050202,595.119140625,9.331
2828.111986484,595.119140625,9.718
2828.4363048580126,456.75390625,7.21
2828.7611727010226,746.99169921875,8.507
2829.0833123310003,595.11962890625,9.191
2829.4065301230003,595.11962890625,9.641
2829.732124745002,456.75439453125,7.51
2830.055341926025,724.4921875,8.158
2830.377452576009,595.1201171875,9.075
2830.700021523022,595.1201171875,9.408
2831.0236907180224,489.6572265625,9.114
2831.3459575250163,1029.7412109375,8.119
2831.6688319480163,595.12060546875,8.92
2831.991191336012,494.2216796875,9.563
2832.3129239270056,595.12060546875,9.834
2832.633864861011,456.75537109375,7.315
2832.9566741500166,746.9931640625,8.454
2833.280210026016,595.12109375,9.292
2833.6022605750186,595.12109375,9.525
2833.925427440001,456.755859375,7.327
2834.247393751022,724.49365234375,8.002
2834.5710713510052,595.12158203125,9.036
2834.893325964018,595.12158203125,9.331
2835.216636848025,489.65869140625,9.153
2835.540928838018,1029.74267578125,7.626
2835.8630864420265,589.4970703125,8.648
2836.1857511700073,476.99853515625,9.447
2836.5082971360243,595.1220703125,9.602
2836.829984881013,456.7568359375,7.249
2837.1544001870207,746.99462890625,8.571
2837.476855482004,595.12255859375,9.191
2837.800094177015,621.1328125,9.641
2838.123823133006,456.75732421875,7.782
2838.445644847001,724.4951171875,8.571
2838.767799314024,595.123046875,9.191
2839.090578578005,595.123046875,9.602
2839.413113565999,489.66015625,8.701
2839.7357724650064,1029.744140625,7.847
2840.0576777210226,595.12353515625,8.842
2840.381352021999,599.5732421875,9.447
2840.7032155070046,595.12353515625,9.796
2841.028059372009,456.75830078125,7.626
2841.350255184021,746.99609375,8.687
2841.673013202002,595.1240234375,9.23
2841.9951819720154,516.36767578125,9.757
2842.315016369015,456.7587890625,7.366
2842.637138183025,724.49658203125,8.391
2842.960262129025,595.12451171875,9.269
2843.282200914022,595.12451171875,9.486
2843.606460460025,492.47412109375,8.391
2843.9298892110237,1029.74560546875,7.782
2844.2524229300034,595.125,8.803
2844.575206228008,599.439453125,9.408
2844.897369238024,595.125,9.757
2845.2205557480047,456.759765625,7.626
2845.542657464015,746.99755859375,8.648
2845.8658140190237,595.12548828125,9.23
2846.187842731015,626.7607421875,9.641
2846.510458766017,456.76025390625,7.249
2846.832454353018,724.498046875,8.352
2847.1558200860163,595.1259765625,9.23
2847.4782250270073,595.1259765625,9.447
2847.7997048000107,492.4755859375,8.43
2848.1226100830245,1029.7470703125,7.704
2848.444518604025,595.12646484375,8.842
2848.766509401001,595.12646484375,9.254
2849.0905340920144,595.12646484375,9.718
2849.4143912480213,456.76123046875,7.132
2849.737391591014,746.9990234375,8.43
2850.0592760319996,595.126953125,9.153
2850.382776678016,595.126953125,9.602
2850.7087673110073,456.76171875,7.471
2851.032745100005,724.49951171875,8.391
2851.3547029340116,595.12744140625,9.036
2851.6772897940245,595.12744140625,9.525
2851.9994619110075,489.66455078125,8.92
2852.3244810790056,1029.74853515625,7.626
2852.646751687018,589.5029296875,8.726
2852.9691270050243,595.1279296875,9.408
2853.291033551999,595.1279296875,9.641
2853.613631302025,456.7626953125,7.132
2853.935729603021,747.00048828125,8.454
2854.257944284007,595.12841796875,9.153
2854.580362078006,493.8779296875,9.602
2854.902712925017,456.76318359375,7.626
2855.226185389998,724.5009765625,8.041
2855.5484983050264,595.12939453125,8.959
2855.8711275870155,595.12890625,9.447
2856.192961077002,595.12890625,9.385
2856.5145788090013,1029.75,7.626
2856.837112172012,589.50439453125,8.726
2857.1592293150024,595.12939453125,9.292
2857.481486461009,595.12939453125,9.718
2857.80438479202,456.76416015625,7.249
2858.126104625,724.501953125,8.391
2858.4485270810255,595.1298828125,9.269
2858.7708079620206,595.1298828125,9.486
2859.0944457090227,456.7646484375,7.938
2859.4172406850266,724.50244140625,8.391
2859.741075236001,595.13037109375,9.114
2860.0648859420035,599.44482421875,9.602
2860.387292824016,489.66748046875,8.92
2860.7083350910107,984.703125,7.393
2861.03182548302,589.45751953125,8.571
2861.3536775740213,595.08251953125,9.23
2861.6758778420044,595.08251953125,9.563
2862.00067702902,456.716796875,7.249
2862.3227078380005,724.45458984375,8.274
2862.644622321008,595.08251953125,9.075
2862.967715008999,595.08251953125,9.641
2863.2918941110256,456.71728515625,8.158
2863.6150792090048,1057.30029296875,8.235
2863.937702903,595.0830078125,8.959
2864.2598750750185,476.95947265625,9.563
2864.58313555902,595.0830078125,9.563
2864.904687218019,1029.7041015625,7.782
2865.226852853026,589.45849609375,8.881
2865.548651682009,595.08349609375,9.331
2865.871350750007,595.08349609375,9.718
2866.192334523017,456.71826171875,7.626
2866.5151141600218,746.9560546875,8.648
2866.8370452740055,595.083984375,9.269
2867.159326640016,595.083984375,9.757
2867.483369405003,456.71875,7.548
2867.8057009130134,724.45654296875,8.235
2868.126583541016,595.08447265625,9.075
2868.4498929130204,716.7197265625,9.563
2868.771426354011,489.62158203125,8.92
2869.093262110022,1029.70556640625,7.963
2869.415505753015,595.0849609375,8.881
2869.737836088025,595.0849609375,9.37
2870.0597373420023,595.0849609375,9.757
2870.3836547250103,456.7197265625,7.743
2870.706590521004,746.95751953125,8.726
2871.0283695190155,595.08544921875,9.269
2871.3509449660196,595.08544921875,9.68
2871.671921066998,456.72021484375,7.405
2871.9940123600245,724.4580078125,8.454
2872.3160103910195,595.0859375,9.153
2872.6388758899993,626.72119140625,9.602
2872.9633335359977,500.18798828125,8.274
2873.287687550008,1029.70703125,8.041
2873.610263200011,595.08642578125,8.997
2873.9324051320145,595.08642578125,9.331
2874.256337483006,476.962890625,9.912
2874.576812983025,984.70751953125,7.665
2874.9005779639992,494.18798828125,8.571
2875.2231419150194,716.72216796875,9.331
2875.5452431200247,595.0869140625,9.563
2875.8686380560102,456.7216796875,6.976
2876.191820942011,724.45947265625,8.313
2876.5144968540117,595.08740234375,9.153
2876.838067213015,595.08740234375,9.408
2877.161591675016,492.43701171875,8.468
2877.4840220280166,1029.70849609375,7.924
2877.806515809003,595.087890625,8.881
2878.127675757016,595.087890625,9.486
2878.4506022210116,595.087890625,9.834
2878.7749967290147,456.72265625,7.315
2879.098568854999,746.96044921875,8.532
2879.4216488210077,595.08837890625,9.191
2879.744613710005,599.5380859375,9.602
2880.068020282022,456.72314453125,7.366
2880.3903307590226,724.4609375,8.352
2880.7125581270084,595.0888671875,9.153
2881.0355947190255,595.0888671875,9.525
2881.3583184230083,492.4384765625,8.391
2881.6802621820243,1029.7099609375,7.847
2882.0035109040036,595.08935546875,8.959
2882.326488274004,595.08935546875,9.486
2882.6490390310064,595.08935546875,9.834
2882.970133937022,533.38427734375,7.665
2883.2929651140003,768.27978515625,8.687
2883.616280443006,595.08984375,9.269
2883.9383057550003,595.08984375,9.641
2884.262030536018,456.724609375,7.093
2884.5846551959985,724.46240234375,8.274
2884.906661073008,595.09033203125,9.153
2885.228656028019,595.09033203125,9.486
2885.5519139590033,492.43994140625,8.352
2885.8744414520042,1029.71142578125,7.924
2886.1967194210156,595.0908203125,8.92
2886.51867929101,595.0908203125,9.447
2886.8412403110124,595.0908203125,9.834
2887.161712419009,984.7119140625,7.938
2887.4860710890207,589.46630859375,8.726
2887.8097394210054,595.09130859375,9.37
2888.131234419998,595.09130859375,9.641
2888.4551813150174,456.72607421875,7.249
2888.7780181370035,724.4638671875,8.235
2889.1021059640043,595.091796875,9.114
2889.424496961001,595.091796875,9.602
2889.746587880014,456.7265625,8.119
2890.070384098013,1029.712890625,8.235
2890.3928190240113,595.09228515625,8.92
2890.7158284750185,621.1025390625,9.447
2891.038997708005,595.09228515625,9.718
2891.3614291679987,984.71337890625,7.704
2891.683937880007,589.4677734375,8.648
2892.006308823009,595.0927734375,9.408
2892.328606346011,595.0927734375,9.641
2892.651431832026,456.7275390625,7.327
2892.9744892340095,724.46533203125,8.352
2893.2978103510104,599.40771484375,9.23
2893.6202280940197,595.09326171875,9.525
2893.942794292001,456.72802734375,8.015
2894.265280542022,1029.71435546875,7.821
2894.587377939024,599.408203125,8.881
2894.909403076017,595.09375,9.37
2895.2328395090008,595.09375,9.834
2895.5533222540107,984.71484375,7.665
2895.8759116980073,578.212890625,8.61
2896.198373097024,595.09423828125,9.292
2896.5203676840174,595.09423828125,9.641
2896.8438550520223,456.72900390625,7.432
2897.1660474680248,724.466796875,8.416
2897.4879015910265,595.0947265625,9.153
2897.810656271002,595.0947265625,9.641
2898.1353675260034,456.7294921875,8.235
2898.457933643018,724.46728515625,8.454
2898.780261764012,595.09521484375,9.153
2899.10477514402,595.09521484375,9.602
2899.4285950430203,489.63232421875,8.959
2899.752363131003,1029.71630859375,7.626
2900.0745432960102,589.470703125,8.803
2900.3972444719984,595.095703125,9.37
2900.720190717024,595.095703125,9.641
2901.0449355140154,456.73046875,7.21
2901.36771354801,746.96826171875,8.468
2901.6899377630034,595.09619140625,9.114
2902.0126686260046,595.09619140625,9.718
2902.333929101005,456.73095703125,7.665
2902.657182158,724.46875,8.002
2902.979309973016,595.0966796875,8.959
2903.301819109998,595.0966796875,9.563
2903.624635559012,595.0966796875,9.424
2903.9471128550067,1029.7177734375,7.704
2904.2695534990053,589.47216796875,8.842
2904.5912573060195,595.09716796875,9.269
2904.914034927002,595.09716796875,9.68
2905.2357698310225,456.73193359375,7.51
2905.558540946018,746.9697265625,8.61
2905.881359136023,595.09765625,9.191
2906.2036296740116,595.09765625,9.68
2906.528658973024,456.732421875,7.548
2906.8512530139997,724.47021484375,8.08
2907.1755468780175,595.09814453125,9.153
2907.4979873960256,595.09814453125,9.447
2907.8216365840053,489.63525390625,8.997
2908.1442548350024,1029.71923828125,8.041
2908.466181942,595.0986328125,8.959
2908.788537455024,595.0986328125,9.447
2909.110978184006,595.0986328125,9.796
2909.434398701007,456.7333984375,7.626
2909.7567559000163,746.97119140625,8.648
2910.0780206890195,595.09912109375,9.292
2910.400285522017,621.109375,9.68
2910.7244476019987,456.73388671875,7.171
2911.0465176390135,724.4716796875,8.43
2911.36868082601,476.96826171875,9.153
2911.691251488024,595.099609375,9.486
2912.015559773019,488.21826171875,8.74
2912.338770939008,724.47216796875,8.468
2912.6615179850196,595.10009765625,9.191
2912.984553013026,595.10009765625,9.602
2913.3069843530247,595.10009765625,9.463
2913.6285516500066,1029.72119140625,7.782
2913.951461703022,589.4755859375,8.765
2914.2744903130224,595.1005859375,9.37
2914.5965468409995,595.1005859375,9.641
2914.9208830350253,456.7353515625,7.288
2915.2440539800155,746.97314453125,8.571
2915.5670455530053,595.10107421875,9.153
2915.8895052279986,621.10546875,9.563
2916.2117489810043,456.73583984375,7.704
2916.535496455006,724.4736328125,7.963
2916.8581341770187,595.1015625,8.92
2917.1803004460235,595.1015625,9.525
2917.502703011007,595.1015625,9.385
2917.8262246080267,989.037109375,7.626
2918.1474738620163,589.47705078125,8.687
2918.469468173018,595.10205078125,9.269
2918.791942700016,595.10205078125,9.563
2919.1156879430055,456.73681640625,7.249
2919.4378682370007,724.474609375,8.274
2919.760085782007,595.1025390625,9.114
2920.0838767150126,595.1025390625,9.641
2920.4055201410083,456.7373046875,8.08
2920.727290581999,1029.7236328125,8.158
2921.0496070000227,595.10302734375,8.997
2921.3725256170146,599.552734375,9.525
2921.694822891004,595.10302734375,9.68
2922.017154789006,533.22216796875,7.899
2922.3392917900055,589.478515625,8.803
2922.661848427,595.103515625,9.308
2922.986082748015,595.23876953125,9.68
2923.309927727998,456.73828125,7.393
2923.6325911780004,758.1689453125,8.493
2923.9552009600156,595.10400390625,9.269
2924.278440110007,595.10400390625,9.602
2924.600331479014,456.73876953125,7.782
2924.923595877015,724.4765625,8.08
2925.247801690013,476.98095703125,9.114
2925.570744335011,595.1044921875,9.408
2925.893218860001,482.59814453125,9.153
2926.2162977280095,1029.7255859375,7.665
2926.539268077002,589.47998046875,8.687
2926.8614051360055,595.10498046875,9.292
2927.183334369998,595.10498046875,9.68
2927.504096887016,456.73974609375,7.471
2927.827623414021,746.9775390625,8.571
2928.149325397011,595.10546875,9.215
2928.471818807011,595.10546875,9.68
2928.7972382510197,456.740234375,7.587
2929.120262308017,724.47802734375,8.352
2929.4431869300024,595.10595703125,9.075
2929.765380572004,595.10595703125,9.563
2930.0883922030043,489.64306640625,8.881
2930.4106828970253,1029.72705078125,8.002
2930.733215906017,595.1064453125,8.881
2931.0582272450265,626.74169921875,9.563
2931.3804383730167,595.1064453125,9.834
2931.701359677012,456.7412109375,7.354
2932.0224003140174,746.97900390625,8.532
2932.3465308240266,595.10693359375,9.346
2932.669160716003,595.10693359375,9.563
2932.990657399001,456.74169921875,7.327
2933.3146879280102,724.4794921875,8.002
2933.64163623302,595.107421875,8.959
2933.964241122012,595.107421875,9.447
2934.2870929590135,489.64453125,8.959
2934.6088873670087,1029.728515625,7.808
2934.931716002,595.10791015625,8.92
2935.254519956012,595.10791015625,9.331
2935.5765676480078,595.10791015625,9.718
2935.9008665230067,456.74267578125,7.198
2936.223223343026,746.98046875,8.468
2936.547641254001,595.1083984375,9.23
2936.871374139999,595.1083984375,9.525
2937.1935704320204,456.7431640625,7.587
2937.515555638005,724.48095703125,8.532
2937.8392955230083,595.10888671875,9.254
2938.1616733830015,595.10888671875,9.563
2938.4855819390214,492.45849609375,8.43
2938.80786222202,1029.72998046875,7.886
2939.1295620250166,595.109375,8.842
2939.4519363520085,595.109375,9.447
2939.7742702610267,595.109375,9.796
2940.0988489820156,456.744140625,7.665
2940.4210556750186,746.98193359375,8.648
2940.743410568015,595.10986328125,9.191
2941.066465333017,595.10986328125,9.718
2941.3896873320045,456.74462890625,7.054
2941.7116099070117,724.482421875,8.235
2942.0334147780086,595.1103515625,9.114
2942.3564312850067,595.1103515625,9.563
2942.678409598011,489.6474609375,8.663
2942.999690051016,1029.7314453125,7.847
2943.321656034008,595.11083984375,8.881
2943.6439750580175,595.11083984375,9.37
2943.966213150008,595.11083984375,9.757
2944.2869740400056,465.72998046875,7.86
2944.6103415230173,778.42626953125,8.726
2944.9339258480177,595.111328125,9.254
2945.2559423130006,595.111328125,9.68
2945.581567018002,456.74609375,6.976
2945.9037719700136,724.48388671875,8.274
2946.2259626110026,595.11181640625,9.153
2946.5499270970176,595.11181640625,9.408
2946.872008675011,482.705078125,8.468
2947.1935300260084,1029.73291015625,7.86
2947.5157351210073,595.1123046875,8.842
2947.8385795750073,635.74755859375,9.408
2948.1595485080034,595.1123046875,9.796
2948.4814100560034,456.7470703125,7.587
2948.803678633005,746.98486328125,8.61
2949.1274854250078,595.11279296875,9.254
2949.450298980024,626.748046875,9.641
2949.7746884840017,456.74755859375,7.132
2950.097185732011,724.4853515625,8.313
2950.420365983009,635.74853515625,9.075
2950.744668530009,595.11328125,9.408
2951.0673443710257,489.65087890625,8.624
2951.3898155550123,1029.734375,7.924
2951.712494013016,595.11376953125,8.803
2952.0343804300064,595.11376953125,9.525
2952.3560204600217,595.11376953125,9.796
2952.6782846170245,456.74853515625,7.354
2953.000684491999,746.986328125,8.493
2953.322441799013,595.1142578125,9.254
2953.644511954015,595.1142578125,9.486
2953.966762789001,456.7490234375,7.249
2954.2895241370134,724.48681640625,8.041
2954.611530760012,595.11474609375,8.959
2954.9336132900207,595.11474609375,9.408
2955.2568060110207,489.65185546875,9.036
2955.5790554850246,1029.73583984375,7.548
2955.90133462401,589.490234375,8.61
2956.223926699022,635.75048828125,9.37
2956.546203525999,595.115234375,9.563
2956.868641959998,456.75,7.249
2957.1909944320214,746.98779296875,8.532
2957.5146395080083,595.11572265625,9.191
2957.8373062650207,510.734375,9.602
2958.160518899007,456.75048828125,7.743
2958.482810076006,724.48828125,8.532
2958.805651713017,595.1162109375,9.191
2959.1297665270104,595.1162109375,9.563
2959.4514292810054,489.6533203125,8.624
2959.7732467620226,1029.7373046875,7.626
2960.09492423301,595.11669921875,8.881
2960.417077595019,595.11669921875,9.331
2960.7395949409984,493.8662109375,9.718
2961.061529090017,456.75146484375,7.171
2961.383917109022,746.9892578125,8.468
2961.7065885030024,595.1171875,9.114
2962.0288269460143,595.1171875,9.718
2962.351385334012,456.751953125,7.665
2962.6734272800095,724.48974609375,8.002
2962.995508076012,595.11767578125,8.92
2963.322481102019,595.11767578125,9.486
2963.644516799017,595.11767578125,9.385
2963.9672261930245,1029.73876953125,7.626
2964.2888500220142,589.4931640625,8.765
2964.611325924023,595.1181640625,9.254
2964.933435952,595.1181640625,9.68
2965.254055596015,456.7529296875,7.587
2965.5775096820144,746.99072265625,8.648
2965.8997310990235,595.11865234375,9.191
2966.2223711210245,595.11865234375,9.718
2966.5443736710004,456.75341796875,7.587
2966.86657053401,724.4912109375,7.963
2967.1885984560067,595.119140625,8.997
2967.5114718870027,595.119140625,9.447
2967.8342799070233,595.119140625,9.308
2968.1568208060053,1029.740234375,7.704
2968.4789308320032,589.49462890625,8.687
2968.8013997550006,595.11962890625,9.346
2969.1235753479996,595.11962890625,9.68
2969.448516479024,456.75439453125,7.132
2969.7716043360124,724.4921875,8.313
2970.0938243069977,595.1201171875,9.23
2970.4157731560117,595.1201171875,9.486
2970.737911550008,456.7548828125,7.782
2971.0606032799988,724.49267578125,8.119
2971.383631949022,595.12109375,8.997
2971.706225941016,595.12060546875,9.447
2972.0275195160066,595.12060546875,9.424
2972.3505896500137,1029.74169921875,7.963
2972.674891396018,609.88134765625,8.92
2972.9976753080264,595.12109375,9.408
2973.326365290006,656.00634765625,9.796
2973.6499437610037,456.755859375,7.315
2973.972500933014,746.99365234375,8.43
2974.2950726580166,626.7568359375,9.269
2974.617473655002,595.12158203125,9.525
2974.943309474009,456.75634765625,7.366
2975.2663316140242,724.494140625,8.235
2975.589038249018,595.1220703125,8.997
2975.9111831920163,595.1220703125,9.525
2976.2332321249996,489.6591796875,8.881
2976.5556359520124,1029.7431640625,7.704
2976.8782454860047,493.87744140625,8.842
2977.2003563660255,595.12255859375,9.37
2977.522592657013,635.7578125,9.68
2977.8465428240015,456.75732421875,7.276
2978.167176888004,746.9951171875,8.493
2978.489486807026,595.123046875,9.191
2978.811754675,595.123046875,9.602
2979.1379307280004,456.7578125,7.51
2979.4606501300004,724.49560546875,8.43
2979.7824586080096,595.12353515625,9.036
2980.1050805289997,595.12353515625,9.602
2980.426868966024,489.66064453125,8.74
2980.7494698890077,1029.74462890625,7.847
2981.0722976700054,595.1240234375,8.881
2981.394721744,595.1240234375,9.37
2981.717136699008,595.1240234375,9.718
2982.039402684022,456.7587890625,7.276
2982.3619718130212,746.99658203125,8.391
2982.6844422180147,488.265625,9.23
2983.006468312,595.12451171875,9.525
2983.336630824022,456.75927734375,7.327
2983.659623612999,724.4970703125,8.041
2983.9819266730046,595.125,8.997
2984.3046714100055,595.125,9.486
2984.628666896024,489.662109375,8.959
2984.952436163003,1029.74609375,7.587
2985.2743159220263,589.50048828125,8.687
2985.597518433002,595.12548828125,9.37
2985.9193304130167,595.12548828125,9.525
2986.2410868950246,456.76025390625,7.132
2986.5642853010213,556.09912109375,8.43
2986.8860479270224,595.1259765625,9.153
2987.208390190004,595.1259765625,9.563
2987.5318675450108,456.7607421875,7.743
2987.8544720580103,724.49853515625,8.119
2988.177798490011,494.0517578125,9.153
2988.500045473018,595.12646484375,9.447
2988.8235606140224,499.50634765625,9.191
2989.1453626770235,1029.74755859375,7.808
2989.467998695007,589.501953125,8.803
2989.7905278280086,595.126953125,9.37
2990.113404847012,595.126953125,9.641
2990.4340889870073,456.76171875,7.548
2990.7561039110005,746.99951171875,8.493
2991.080784689024,595.12744140625,9.37
2991.402677135018,595.12744140625,9.525
2991.7269993619993,456.76220703125,7.366
2992.0480327890255,724.5,8.532
2992.3707955410064,595.1279296875,9.269
2992.69337834802,595.1279296875,9.486
2993.016457082005,482.72119140625,8.546
2993.33965015001,1029.7490234375,7.963
2993.6641038550006,595.12841796875,8.881
2993.9859957080043,595.12841796875,9.486
2994.3079787900206,595.12841796875,9.834
2994.631262511015,456.76318359375,7.51
2994.9537043670134,747.0009765625,8.61
2995.2758516090107,595.12890625,9.215
2995.5990153470193,499.49755859375,9.641
2995.924271762022,456.763671875,7.132
2996.2462264120113,724.50146484375,8.352
2996.5693555489997,516.37890625,9.191
2996.891750922019,595.12939453125,9.447
2997.215096351021,497.9814453125,8.585
2997.538168229017,1029.75048828125,7.808
2997.8613171020115,595.1298828125,8.803
2998.184071071999,615.51513671875,9.447
2998.5066317490127,595.1298828125,9.796
2998.8290382420237,456.7646484375,7.354
2999.1539959900256,747.00244140625,8.546
2999.4766589040228,595.13037109375,9.308
2999.798635353014,595.13037109375,9.486
3000.122737916012,456.76513671875,7.366
3000.4463685800147,724.5029296875,8.119
3000.7693169720005,595.130859375,8.997
3001.0938941740023,621.14111328125,9.563
3001.4163228530088,489.66796875,8.881
3001.7382995420194,1029.751953125,8.119
3002.0579917990253,595.13134765625,9.075
3002.380400533002,595.13134765625,9.563
3002.702963770018,595.13134765625,9.873
3003.0233159880154,984.75244140625,7.782
3003.345733194001,533.25048828125,8.648
3003.6682674290205,595.1318359375,9.331
3003.990583190025,595.1318359375,9.641
3004.314141434006,456.7666015625,7.288
3004.637770178,724.50439453125,8.313
3004.9599602610106,595.13232421875,9.114
3005.2837235640036,499.6826171875,9.68
3005.6076911000127,465.7724609375,8.196
3005.930889863026,724.5048828125,8.274
3006.2549806300085,595.1328125,9.075
3006.578455270006,595.1328125,9.563
3006.9002660550177,595.1328125,9.463
3007.226631547004,1029.75390625,7.976
3007.54864636602,589.50830078125,8.92
3007.8703950280033,595.13330078125,9.447
3008.192683678004,595.13330078125,9.68
3008.51496595802,456.76806640625,7.21
3008.838583565026,747.005859375,8.468
3009.159310854011,595.1337890625,9.191
3009.4823031749984,595.1337890625,9.68
3009.8046963960223,456.7685546875,7.626
3010.126798432,724.50634765625,8.158
3010.4502984170103,595.13427734375,9.153
3010.7727822910238,595.13427734375,9.408
3011.095243344025,489.67138671875,9.153
3011.417697352008,1029.75537109375,7.665
3011.73973217202,589.509765625,8.687
3012.06144012601,626.77001953125,9.447
3012.3833252990153,595.134765625,9.68
3012.7046219320036,456.76953125,7.249
3013.0273345349997,758.2001953125,8.468
3013.349971415999,595.13525390625,9.23
3013.6724494730006,595.13525390625,9.486
3013.9937388660037,456.77001953125,7.821
3014.316644391016,724.5078125,8.119
3014.638926336018,595.1357421875,8.997
3014.9608696400246,595.1357421875,9.447
3015.2835952770256,595.1357421875,9.385
3015.60514437902,1029.7568359375,7.665
3015.927468941023,589.51123046875,8.765
3016.2494194630126,595.13623046875,9.308
3016.5730043010262,595.13623046875,9.718
3016.8968840660236,456.77099609375,7.171
3017.218740944023,724.5087890625,8.352
3017.542091875017,595.13671875,9.23
3017.8645889100153,595.13671875,9.486
3018.1876310220105,456.771484375,7.938
3018.5109149340133,724.50927734375,8.196
3018.8334341060254,510.76171875,9.114
3019.1584945140057,595.13720703125,9.447
3019.481349823007,477.017578125,9.23
3019.802287983999,465.701171875,7.132
3020.124342963012,758.1474609375,8.507
3020.4470727530133,595.08251953125,9.191
3020.771179985022,595.08251953125,9.602
3021.0993953440047,456.716796875,7.015
3021.421906845004,724.45458984375,8.235
3021.744624979008,595.08251953125,9.114
3022.064857329009,595.08251953125,9.486
3022.387941073015,502.36962890625,8.585
3022.7100875879987,1029.70361328125,7.587
3023.0329887940024,476.95947265625,8.842
3023.355854472,595.0830078125,9.292
3023.6782059490215,510.70166015625,9.68
3023.9989114920027,456.7177734375,7.471
3024.3214485710196,746.95556640625,8.493
3024.644690290006,595.08349609375,9.308
3024.966792116,595.08349609375,9.486
3025.2882352150045,456.71826171875,7.366
3025.6108581139997,724.4560546875,8.391
3025.9333279819984,595.083984375,9.075
3026.2552846660255,595.083984375,9.525
3026.5774513760116,489.62109375,8.663
3026.8992966939986,1029.705078125,7.924
3027.22109259601,595.08447265625,8.92
3027.5435101900075,595.08447265625,9.486
3027.8654190240195,595.08447265625,9.796
3028.1887202060025,456.71923828125,7.288
3028.5120976140024,746.95703125,8.391
3028.834518976015,595.0849609375,9.269
3029.1587656680204,595.0849609375,9.525
3029.4802979890082,456.7197265625,7.366
3029.8032274950237,724.45751953125,8.08
3030.126148294017,595.08544921875,9.036
3030.448679598019,595.08544921875,9.486
3030.775626150018,489.62255859375,8.959
3031.099210781016,1029.70654296875,7.587
3031.421798624011,589.4609375,8.648
3031.744100374024,493.82958984375,9.37
3032.06559568402,595.0859375,9.641
3032.3887277370086,456.720703125,7.21
3032.7142634240154,544.8095703125,8.468
3033.0366593130166,595.08642578125,9.153
3033.3585963260266,595.08642578125,9.563
3033.6801133840054,456.72119140625,7.704
3034.002203267999,724.458984375,8.119
3034.3249372710125,595.0869140625,9.114
3034.647908790008,595.0869140625,9.408
3034.9707298370195,500.87353515625,9.153
3035.293032261019,1029.7080078125,7.704
3035.6152582330105,589.46240234375,8.726
3035.937923297024,595.08740234375,9.408
3036.2613457670086,595.08740234375,9.602
3036.5828479850024,456.72216796875,7.315
3036.9056027420156,746.9599609375,8.571
3037.227271427022,595.087890625,9.215
3037.5501850960136,499.63818359375,9.641
3037.872523986007,456.72265625,7.665
3038.1941151240026,724.46044921875,8.196
3038.5167651250085,595.08837890625,9.114
3038.8390316200093,595.08837890625,9.447
3039.1670604620012,489.62548828125,8.997
3039.4904952290235,1029.70947265625,7.704
3039.8129903990193,589.4638671875,8.765
3040.1348706250137,595.0888671875,9.408
3040.4589230130077,595.0888671875,9.641
3040.7806835820084,456.7236328125,7.171
3041.104226471012,746.96142578125,8.585
3041.426231108024,595.08935546875,9.153
3041.748849405005,595.08935546875,9.641
3042.070980381017,456.72412109375,7.782
3042.3934381200233,724.4619140625,8.648
3042.7159397000214,595.08984375,9.308
3043.038384060026,595.08984375,9.563
3043.3598316000134,479.78271484375,8.546
3043.6838215310127,1029.7109375,7.886
3044.0056313910172,595.09033203125,8.842
3044.327977461013,595.09033203125,9.525
3044.6500532790087,595.09033203125,9.834
3044.971822585998,465.70947265625,7.626
3045.2944651430007,746.962890625,8.687
3045.6170781940164,595.0908203125,9.254
3045.9402516880073,595.0908203125,9.68
3046.2643137280247,456.7255859375,7.743
3046.586749356007,724.46337890625,8.571
3046.9088638170215,595.09130859375,9.331
3047.2302742710162,595.09130859375,9.563
3047.554261932004,456.72607421875,7.899
3047.8765378649987,1440.80908203125,8.08
3048.1991871540085,595.091796875,8.92
3048.521748405008,488.21044921875,9.486
3048.8437349410087,595.091796875,9.602
3049.1661876060243,984.712890625,7.782
3049.4879310190154,589.46728515625,8.726
3049.8097550120146,595.09228515625,9.308
3050.1324929010007,595.09228515625,9.68
3050.4540703790262,456.72705078125,7.366
3050.7779668130097,724.46484375,8.352
3051.101787369,595.0927734375,9.308
3051.4238827850204,595.0927734375,9.486
3051.747606532008,456.7275390625,7.938
3052.069352584018,724.46533203125,8.391
3052.3912480150175,595.09326171875,9.153
3052.713783379004,595.09326171875,9.486
3053.0373663110076,489.63037109375,9.036
3053.3637691760086,1029.71435546875,7.821
3053.6863731130143,499.64404296875,8.92
3054.0088956360123,595.09375,9.331
3054.3339843530266,499.46240234375,9.796
3054.654783750011,456.728515625,7.432
3054.977267833019,746.96630859375,8.468
3055.299309617025,595.09423828125,9.346
3055.6225311029993,595.09423828125,9.563
3055.9471612310153,456.72900390625,7.327
3056.2694362350157,724.466796875,8.119
3056.593769798026,595.0947265625,8.997
3056.916073699016,615.47998046875,9.525
3057.238998870016,489.6318359375,8.997
3057.5615806000133,1029.7158203125,7.587
3057.884449448,589.47021484375,8.648
3058.205934450001,595.09521484375,9.408
3058.5281003130076,595.09521484375,9.602
3058.849370007025,456.72998046875,7.171
3059.1748381320213,510.71435546875,8.507
3059.4981673069997,595.095703125,9.191
3059.8204144150077,621.10595703125,9.602
3060.1427344510157,456.73046875,7.782
3060.465578412026,724.46826171875,8.08
3060.7878617380047,595.09619140625,8.881
3061.1107685150055,595.09619140625,9.563
3061.433013561007,595.09619140625,9.563
3061.7552715030033,1029.71728515625,7.743
3062.0781739850063,589.4716796875,8.881
3062.400992330018,595.0966796875,9.37
3062.7233198050235,595.0966796875,9.718
3063.047900694015,456.7314453125,7.21
3063.36990376201,724.46923828125,8.313
3063.6922375340073,595.09716796875,9.23
3064.0148321170127,595.09716796875,9.486
3064.3371517370106,456.73193359375,7.976
3064.6594350350206,724.4697265625,8.158
3064.981522068003,595.09765625,9.036
3065.303932724026,595.09765625,9.525
3065.6260490640125,595.09765625,9.385
3065.948388485005,1029.71875,7.626
3066.2705290110025,589.47314453125,8.765
3066.5925772440096,595.09814453125,9.269
3066.9157814350037,476.96875,9.68
3067.2372747240006,456.73291015625,7.704
3067.560203055007,746.970703125,8.687
3067.882064936013,595.0986328125,9.23
3068.205680718005,595.0986328125,9.718
3068.530756885011,456.7333984375,7.548
3068.8528218400024,724.47119140625,8.468
3069.178304358007,595.09912109375,9.191
3069.5003139440087,595.09912109375,9.525
3069.8222558790003,489.63623046875,8.624
3070.1453629520256,1029.72021484375,7.847
3070.4672429890197,595.099609375,8.803
3070.789215222001,595.099609375,9.37
3071.111375973007,595.099609375,9.757
3071.4325178250147,1074.72021484375,7.86
3071.7549499440065,544.5126953125,8.687
3072.077501619002,595.10009765625,9.37
3072.4001121080073,595.10009765625,9.68
3072.723804054025,456.73486328125,7.21
3073.046099199011,724.47265625,8.313
3073.370787344,595.1005859375,9.114
3073.693105141021,595.1005859375,9.486
3074.016675698018,492.4501953125,8.274
3074.339593931014,1029.7216796875,7.86
3074.6614364980196,595.10107421875,8.803
3074.9844091650157,595.10107421875,9.408
3075.306112391001,595.10107421875,9.796
3075.6271224970114,488.22021484375,7.665
3075.9501089500263,758.16650390625,8.648
3076.272218236001,595.1015625,9.292
3076.5943917490076,595.1015625,9.68
3076.917821543,456.736328125,7.015
3077.239771040011,724.47412109375,8.235
3077.561855165026,595.10205078125,8.997
3077.8843363330234,595.10205078125,9.486
3078.206423622003,489.63916015625,8.803
3078.528910735011,1029.72314453125,7.782
3078.85224214301,595.1025390625,8.92
3079.177450785006,595.1025390625,9.331
3079.500448283012,595.1025390625,9.757
3079.8242605700216,456.7373046875,7.171
3080.1475583340216,746.97509765625,8.43
3080.4698737130093,595.10302734375,9.191
3080.7923020900053,595.10302734375,9.563
3081.1166245670174,456.73779296875,7.548
3081.4391496130265,724.4755859375,8.313
3081.761276753008,595.103515625,9.036
3082.081850827002,595.103515625,9.602
3082.4038044480258,489.640625,8.959
3082.7274888360116,1029.724609375,7.963
3083.049763558025,595.10400390625,8.92
3083.3767396750045,595.10400390625,9.486
3083.6990650180087,595.10400390625,9.796
3084.022551726026,456.73876953125,7.704
3084.3454804500216,746.9765625,8.687
3084.6689059330092,595.1044921875,9.23
3084.992984630022,595.1044921875,9.641
3085.316972788016,456.7392578125,7.21
3085.638938165008,724.47705078125,8.391
3085.9623704890255,595.10498046875,9.191
3086.285230332025,595.10498046875,9.525
3086.6071173310047,492.45458984375,8.43
3086.9293889230175,1029.72607421875,7.51
3087.251612218999,589.48046875,8.726
3087.573738230014,595.10546875,9.331
3087.8965682410053,595.10546875,9.602
3088.216922965017,456.716796875,6.898
3088.5388815379993,724.45458984375,8.119
3088.8619891870185,595.08251953125,9.075
3089.1875412630034,595.08251953125,9.486
3089.508880344016,456.716796875,7.976
3089.831461114023,724.45458984375,8.158
3090.1538192139997,595.08251953125,9.036
3090.475880434009,595.08251953125,9.525
3090.8010657000123,595.08251953125,9.346
3091.122554154019,1029.70361328125,7.665
3091.4449743910227,589.4580078125,8.765
3091.7669119180064,595.0830078125,9.308
3092.0881245140044,595.0830078125,9.796
3092.408678835025,456.7177734375,7.21
3092.730835085007,724.45556640625,8.274
3093.0535108130134,595.08349609375,9.153
3093.378640793002,595.08349609375,9.525
3093.700194769015,456.71826171875,8.054
3094.0229197410226,724.4560546875,8.196
3094.346066967002,655.96923828125,9.153
3094.6707532400033,595.083984375,9.447
3094.9930707640015,488.2138671875,9.23
3095.315546208003,1029.705078125,7.782
3095.637911248021,589.45947265625,8.726
3095.960579213017,595.08447265625,9.408
3096.2824815050117,595.08447265625,9.602
3096.607899798022,456.71923828125,7.432
3096.9297679760202,746.95703125,8.493
3097.251507567009,595.0849609375,9.254
3097.573319512012,595.0849609375,9.602
3097.897571344016,456.7197265625,7.432
3098.219559484016,724.45751953125,8.08
3098.542145473999,595.08544921875,9.075
3098.8649739700195,595.08544921875,9.37
3099.188371577009,479.8662109375,9.191
3099.510965176014,1029.70654296875,7.743
3099.834055373998,589.4609375,8.726
3100.1574086520122,595.0859375,9.447
3100.4809690090187,595.0859375,9.641
3100.801930335001,456.720703125,7.171
3101.125189523009,746.95849609375,8.546
3101.4496610830247,595.08642578125,9.191
3101.771861690999,494.01171875,9.641
3102.0921568660124,456.72119140625,7.938
3102.4141060640104,724.458984375,8.687
3102.737116335018,595.0869140625,9.331
3103.0587739660114,595.0869140625,9.563
3103.382382145006,492.4365234375,8.507
3103.7040352590266,1029.7080078125,7.743
3104.0267062740168,595.08740234375,8.881
3104.3486716510088,595.08740234375,9.37
3104.6719861470046,595.08740234375,9.757
3104.995396197017,456.72216796875,7.626
3105.317745362001,746.9599609375,8.687
3105.6396775480243,595.087890625,9.23
3105.961798190023,595.087890625,9.563
3106.284953240014,456.72265625,7.288
3106.607324798999,724.46044921875,8.313
3106.9299099040218,595.08837890625,9.114
3107.252534845,595.08837890625,9.602
3107.574773239001,489.62548828125,8.74
3107.898266795004,1029.70947265625,7.548
3108.219776383019,589.4638671875,8.765
3108.5419663850043,595.0888671875,9.408
3108.8643976130115,595.0888671875,9.641
3109.1892012330063,456.7236328125,7.432
3109.5109771930147,746.96142578125,8.546
3109.8337950890127,595.08935546875,9.23
3110.156646006013,595.08935546875,9.641
3110.481898694008,456.72412109375,7.471
3110.8048194680014,724.4619140625,8.274
3111.1277302540257,595.08984375,9.075
3111.4502276420244,505.26513671875,9.563
3111.772101098002,489.626953125,8.842
3112.095049768017,1029.7109375,7.626
3112.4175246520026,589.46533203125,8.726
3112.7407117609982,595.09033203125,9.447
3113.0625720880053,595.09033203125,9.641
3113.387871478015,456.72509765625,7.782
3113.7101767160057,746.962890625,8.687
3114.032031053008,595.0908203125,9.308
3114.3555925340042,595.0908203125,9.641
3114.6772583770216,456.7255859375,7.21
3114.9991994320008,724.46337890625,8.313
3115.3216384870175,595.09130859375,9.075
3115.64390140702,595.09130859375,9.525
3115.9673965100083,489.62841796875,8.663
3116.28904784302,1029.71240234375,8.274
3116.6111664940254,595.091796875,9.114
3116.932837412023,595.091796875,9.447
3117.2562845330103,516.33544921875,9.951
3117.5769969380053,984.712890625,7.743
3117.899301318015,589.46728515625,8.571
3118.2219162360125,595.09228515625,9.408
3118.54380660702,595.09228515625,9.563
3118.869038986013,456.72705078125,7.132
3119.1951558800065,724.46484375,8.274
3119.517068838002,595.0927734375,9.075
3119.8406519520213,499.64306640625,9.602
3120.162891001004,476.96142578125,8.274
3120.484748206014,1029.7138671875,7.86
3120.8069123370224,595.09326171875,8.881
3121.1300374040147,595.09326171875,9.447
3121.4527640820015,595.09326171875,9.796
3121.7756355660094,465.71240234375,7.587
3122.097900589026,758.15869140625,8.687
3122.4194313030166,595.09375,9.269
3122.741798406001,595.09375,9.641
3123.0648045130074,456.728515625,7.054
3123.3911155000096,724.46630859375,8.274
3123.71346739601,655.9794921875,9.075
3124.0355936810083,595.09423828125,9.447
3124.3577796760073,489.63134765625,8.663
3124.6816268010007,1029.71533203125,7.626
3125.0042016450025,595.0947265625,8.842
3125.3261924560065,595.0947265625,9.292
3125.648432783026,499.46337890625,9.68
3125.969435517007,456.7294921875,7.393
3126.2914991580183,746.96728515625,8.493
3126.6146061410254,493.8447265625,9.346
3126.936971299001,595.09521484375,9.602
3127.257672377018,456.72998046875,7.548
3127.5807086300047,724.4677734375,8.532
3127.903351075016,595.095703125,9.269
3128.225155043998,595.095703125,9.525
3128.548394949001,491.03857421875,8.468
3128.8708458580077,1029.716796875,7.924
3129.193569191004,595.09619140625,8.959
3129.516175877012,595.09619140625,9.486
3129.8384255230194,595.09619140625,9.796
3130.1586480340047,984.71728515625,8.002
3130.481549223012,589.4716796875,8.765
3130.8037634690118,595.0966796875,9.37
3131.1264179240097,595.0966796875,9.68
3131.4504961839993,456.7314453125,7.471
3131.772953858017,566.9658203125,8.532
3132.0946303759993,595.09716796875,9.331
3132.4163674360025,595.09716796875,9.563
3132.738569253008,456.73193359375,7.782
3133.0614398660255,724.4697265625,8.119
3133.3904313899984,599.412109375,9.153
3133.7131535120134,595.09765625,9.408
3134.036233824998,476.97802734375,9.191
3134.358212388004,1029.71875,7.626
3134.682427339023,589.47314453125,8.765
3135.005984531017,595.09814453125,9.23
3135.3286427340063,595.09814453125,9.68
3135.652666086011,456.73291015625,7.132
3135.975548426999,724.470703125,8.235
3136.297530978016,595.0986328125,9.23
3136.6198097330052,595.0986328125,9.447
3136.9420010930044,456.7333984375,7.938
3137.2638268620067,1029.7197265625,7.847
3137.586485789012,510.7177734375,8.881
3137.9086392530007,595.09912109375,9.331
3138.2306679059984,599.548828125,9.873
3138.551407668012,984.72021484375,7.665
3138.876054902008,611.97412109375,8.571
3139.1984372290026,621.10400390625,9.331
3139.5207042540133,595.099609375,9.563
3139.844461681001,456.734375,7.132
3140.1662187910115,724.47216796875,8.274
3140.488125538017,595.10009765625,9.075
3140.810403181007,595.1005859375,9.486
3141.1335786210257,492.44970703125,8.313
3141.456447516015,1029.72119140625,8.274
3141.7783497760247,595.1005859375,8.959
3142.1000515440246,595.1005859375,9.525
3142.421570645005,595.1005859375,9.757
3142.742854375014,984.7216796875,7.626
3143.0662127560063,589.47607421875,8.571
3143.3948432730103,595.10107421875,9.37
3143.7176470010018,595.10107421875,9.525
3144.0408763790037,456.73583984375,7.432
3144.363330966007,724.4736328125,8.454
3144.6862402280094,595.1015625,9.269
3145.008720383019,595.1015625,9.486
3145.330893127015,456.736328125,7.86
3145.6534231340047,724.47412109375,8.119
3145.97699994102,621.1123046875,9.075
3146.2991902150097,595.10205078125,9.447
3146.6218142690195,696.35205078125,9.308
3146.943980830023,1029.72314453125,7.704
3147.2664966500015,589.4775390625,8.765
3147.5891199930047,595.1025390625,9.37
3147.912029334024,595.1025390625,9.641
3148.2344887930085,456.7373046875,7.327
3148.5569168900256,746.97509765625,8.507
3148.881508156017,595.10302734375,9.153
3149.205551072024,595.10302734375,9.563
3149.5280694070098,456.73779296875,7.704
3149.8502834399987,724.4755859375,8.002
3150.1713073050196,595.103515625,8.92
3150.493976456026,595.103515625,9.486
3150.815979881998,595.103515625,9.486
3151.141206521017,984.724609375,7.665
3151.4637663500034,589.47900390625,8.687
3151.786622287007,595.10400390625,9.23
3152.107729729003,595.10400390625,9.641
3152.4285888680024,456.73876953125,7.288
3152.7505586800107,724.4765625,8.313
3153.0722021080146,595.1044921875,9.114
3153.3991599130095,595.1044921875,9.525
3153.722506484017,456.7392578125,8.015
3154.044441408012,1029.7255859375,7.924
3154.3683086690144,595.10498046875,8.997
3154.6908952970116,595.10498046875,9.37
3155.0143697070016,595.10498046875,9.796
3155.335665424005,1029.72607421875,7.899
3155.6580118109996,589.48046875,8.842
3155.9800750490103,595.10546875,9.292
3156.3024616250186,499.65576171875,9.718
3156.6249177390127,456.740234375,7.315
3156.947515523003,724.478515625,8.454
3157.2708923450264,595.10595703125,9.292
3157.5928336780053,595.10595703125,9.486
3157.915933495009,456.74072265625,7.86
3158.237241163006,1029.72705078125,8.08
3158.5606042820145,595.1064453125,8.881
3158.8835206600197,615.49169921875,9.447
3159.209213254013,595.1064453125,9.641
3159.530390990025,984.7275390625,7.704
3159.8524628770247,589.48193359375,8.648
3160.1741759930155,595.10693359375,9.37
3160.496893183008,595.10693359375,9.602
3160.8193810830126,456.74169921875,7.132
3161.142678647011,724.4794921875,8.235
3161.4643294160196,595.107421875,9.075
3161.786722106015,595.107421875,9.602
3162.107322745025,465.75439453125,8.313
3162.4295675830217,1029.728515625,8.119
3162.752124050021,595.10791015625,9.036
3163.073301062017,595.10791015625,9.408
3163.399008799024,595.10791015625,9.873
3163.7212445100013,984.72900390625,7.626
3164.0442319330177,589.4833984375,8.571
3164.3670293910254,595.1083984375,9.37
3164.6891071370046,595.1083984375,9.563
3165.014588169026,456.7431640625,7.21
3165.336875359004,724.48095703125,8.274
3165.6587626270193,595.10888671875,9.114
3165.9812451530015,499.6591796875,9.602
3166.3032103700098,489.51171875,8.274
3166.625349483016,1029.72998046875,8.235
3166.9476044740004,595.109375,9.075
3167.2694825460203,595.109375,9.525
3167.5915412340255,595.109375,9.796
3167.913732695015,1029.73046875,7.886
3168.2359070630046,589.48486328125,8.881
3168.5584651590034,595.10986328125,9.408
3168.8810673530097,595.10986328125,9.68
3169.2056040290045,456.74462890625,7.249
3169.528224522015,724.482421875,8.352
3169.8504598140134,595.1103515625,9.23
3170.1729998200026,595.1103515625,9.525
3170.4954035610135,456.7451171875,7.821
3170.8183414070227,724.48291015625,8.196
3171.141141035012,595.11083984375,9.191
3171.4636560390063,595.11083984375,9.447
3171.7888390340086,477.1669921875,9.191
3172.112415267009,1029.73193359375,7.665
3172.4345640740066,589.486328125,8.687
3172.757509812014,615.49658203125,9.37
3173.0797794230166,595.111328125,9.641
3173.408975575003,456.74609375,7.51
3173.7317649160104,746.98388671875,8.532
3174.054209697002,595.1123046875,9.23
3174.3761203380127,595.11181640625,9.602
3174.702688528021,456.74658203125,7.471
3175.0271780340117,724.484375,8.468
3175.3494907670247,595.1123046875,9.269
3175.671649253025,595.1123046875,9.486
3175.995452130999,491.05517578125,8.468
3176.317696023005,1029.7333984375,7.963
3176.6396168930223,595.11279296875,8.92
3176.9623112050176,595.11279296875,9.525
3177.2849552050175,595.11279296875,9.873
3177.6061483250232,465.73193359375,7.626
3177.928743363009,752.36767578125,8.648
3178.250335855002,595.11328125,9.254
3178.5730087470147,595.11328125,9.68
3178.8957801710058,456.748046875,7.51
3179.221729106008,724.48583984375,8.416
3179.5443673990085,595.11376953125,9.23
3179.8666692920087,595.11376953125,9.602
3180.189815187012,456.74853515625,8.171
3180.5117592030147,724.486328125,8.391
3180.8348817670194,595.1142578125,9.23
3181.158734888013,595.1142578125,9.563
3181.483689687011,489.6513671875,9.036
3181.8054292400193,1029.7353515625,7.963
3182.1277455200034,595.11474609375,9.036
3182.4494435620145,595.11474609375,9.37
3182.773020118999,595.11474609375,9.757
3183.0977944220067,456.74951171875,7.743
3183.4200293780013,746.9873046875,8.765
3183.7423595060245,595.115234375,9.23
3184.0660264270264,499.66552734375,9.641
3184.3886212330253,456.75,7.249
3184.710852887016,724.48779296875,8.352
3185.035443140019,595.11572265625,9.153
3185.358032468008,595.11572265625,9.525
3185.679389869998,492.46533203125,8.43
3186.0010769500223,1029.73681640625,8.274
3186.3233997970237,595.1162109375,9.075
3186.6465057500172,595.1162109375,9.486
3186.969073920016,595.1162109375,9.757
3187.291520446015,1029.7373046875,7.938
3187.613935132016,589.49169921875,8.842
3187.9369639560173,595.11669921875,9.37
3188.258135030017,595.11669921875,9.718
3188.5792428679997,456.75146484375,7.548
3188.901979226008,746.9892578125,8.61
3189.2252673470066,595.1171875,9.254
3189.5475438710127,595.1171875,9.641
3189.8736176500097,456.751953125,7.51
3190.1955576440087,724.48974609375,8.546
3190.5181096300075,656.0029296875,9.23
3190.840938397014,595.11767578125,9.525
3191.165246809018,491.21728515625,8.663
3191.4871373850037,1029.73876953125,8.313
3191.8098003470222,595.1181640625,9.114
3192.1316076840158,595.1181640625,9.447
3192.454086089012,595.1181640625,9.912
3192.7748989480024,601.94189453125,7.587
3193.097110938019,779.68359375,8.648
3193.419948937022,595.11865234375,9.308
3193.74177297001,595.11865234375,9.641
3194.066884539003,456.75341796875,7.015
3194.3898197840026,724.4912109375,8.274
3194.712510155019,494.22021484375,9.114
3195.0346144820214,595.119140625,9.447
3195.356861052016,474.17822265625,8.546
3195.679455284,1029.740234375,7.886
3196.0014131050266,595.11962890625,8.803
3196.325630635023,494.044921875,9.486
3196.6480685990246,595.11962890625,9.834
3196.9718896640115,456.75439453125,7.587
3197.2946289800166,746.9921875,8.687
3197.6167100590246,595.1201171875,9.23
3197.939201652014,499.48876953125,9.641
3198.264469266025,456.7548828125,7.21
3198.586876050016,724.49267578125,8.352
3198.9089323549997,510.7392578125,9.075
3199.2314491870056,595.12060546875,9.486
3199.553852765006,489.65771484375,8.585
3199.876442016015,1029.74169921875,8.002
3200.197830826015,595.12109375,8.959
3200.520547885011,595.12109375,9.486
3200.842450124008,595.12109375,9.834
3201.166433282022,456.755859375,7.51
3201.488348380022,746.99365234375,8.61
3201.8105481950042,595.12158203125,9.23
3202.13263853002,656.0068359375,9.68
3202.4564186000207,456.75634765625,7.249
3202.7794076920254,724.494140625,8.391
3203.101528711006,510.74658203125,9.23
3203.425320968003,595.1220703125,9.486
3203.7476315930253,479.80615234375,8.546
3204.0697471990134,1029.7431640625,7.924
3204.392055738019,595.12255859375,8.92
3204.7143100990215,595.12255859375,9.486
3205.03629251002,595.12255859375,9.834
3205.360968027002,456.75732421875,7.587
3205.683842281025,746.9951171875,8.648
3206.006011543999,595.123046875,9.191
3206.329101355019,595.123046875,9.68
3206.6516561650205,456.7578125,7.093
3206.9733960610174,724.49560546875,8.274
3207.2951098380145,595.12353515625,9.075
3207.6186338370026,595.12353515625,9.563
3207.9412617339985,489.66064453125,8.663
3208.262403513014,1029.74462890625,7.782
3208.584944553004,595.1240234375,8.881
3208.9071541540034,595.1240234375,9.308
3209.2298233220063,499.49267578125,9.718
3209.5515762580035,456.7587890625,7.393
3209.873722843011,746.99658203125,8.454
3210.1981469000166,595.12451171875,9.331
3210.521550461999,595.12451171875,9.525
3210.843054294004,456.75927734375,7.405
3211.1652155590127,724.4970703125,8.391
3211.487603039015,595.125,9.075
3211.8103086780175,595.125,9.563
3212.1316667350184,489.662109375,8.896
3212.4536617780104,1029.74609375,8.196
3212.7757285670086,595.12548828125,9.036
3213.0974062820023,595.12548828125,9.525
3213.4235246340104,595.12548828125,9.912
3213.7448731790064,984.74658203125,7.976
3214.0666309560183,589.5009765625,8.803
3214.3892401580233,595.1259765625,9.408
3214.712115740025,595.1259765625,9.641
3215.0335546190036,456.7607421875,7.21
3215.355954527011,724.49853515625,8.235
3215.6781806350045,595.12646484375,9.075
3216.00085505101,595.12646484375,9.563
3216.3229645090178,456.76123046875,8.158
3216.645194612007,1029.74755859375,8.08
3216.9681171929988,595.126953125,9.036
3217.290905716014,595.126953125,9.447
3217.613859749021,595.126953125,9.873
3217.936364291003,984.748046875,7.782
3218.2579914140224,589.50244140625,8.648
3218.580544944998,595.12744140625,9.37
3218.9028503050213,595.12744140625,9.563
3219.227355213021,456.76220703125,7.288
3219.5508904450107,724.5,8.313
3219.8735339900013,595.1279296875,9.114
3220.196331234998,595.1279296875,9.68
3220.52060275001,456.7626953125,8.119
3220.842786654015,724.50048828125,8.196
3221.165426255,595.12841796875,9.075
3221.487724079023,595.12841796875,9.525
3221.8097518110008,595.12841796875,9.385
3222.1315743480227,1029.74951171875,7.821
3222.454658952018,589.50390625,8.803
3222.777997808007,595.12890625,9.331
3223.1000319010054,595.12890625,9.68
3223.429488073016,456.716796875,6.558
3223.751494834025,724.45458984375,8.002
3224.07369507401,595.08251953125,9.036
3224.396010259021,595.08251953125,9.37
3224.717966388009,492.43212890625,8.391
3225.040131902002,1029.703125,7.769
3225.362774648005,595.08251953125,8.842
3225.686001547001,617.58203125,9.486
3226.007759294007,595.08251953125,9.796
3226.3285487060202,488.20166015625,7.782
3226.6516306980047,779.64794921875,8.687
3226.974298080022,595.0830078125,9.331
3227.2965856000083,595.0830078125,9.718
3227.6210920010053,456.7177734375,7.015
3227.9438537490205,724.45556640625,8.274
3228.2650278730143,595.08349609375,9.153
3228.587051216018,595.08349609375,9.447
3228.911128601001,495.123046875,8.507
3229.2361141800066,1029.70458984375,7.963
3229.558907120023,595.083984375,8.92
3229.8810395190085,595.083984375,9.447
3230.2024737090105,595.083984375,9.873
3230.5230963090144,984.705078125,7.821
3230.8454298000142,589.45947265625,8.648
3231.1682632450247,499.453125,9.408
3231.4919162440056,595.08447265625,9.602
3231.8126641570125,456.71923828125,7.483
3232.134165060008,724.45703125,8.454
3232.4564482020214,595.0849609375,9.23
3232.7797722530086,595.0849609375,9.602
3233.102442194009,456.7197265625,8.093
3233.431303024001,1029.7060546875,8.119
3233.753850172012,595.08544921875,8.92
3234.0763795899984,599.39990234375,9.447
3234.3987393660063,595.08544921875,9.68
3234.7203836860135,984.70654296875,7.782
3235.0424340070167,589.4609375,8.687
3235.365721017006,595.0859375,9.331
3235.687812008022,595.0859375,9.602
3236.007532240008,456.720703125,7.21
3236.3297679990064,724.45849609375,8.274
3236.652445186017,595.08642578125,9.075
3236.974244511017,595.08642578125,9.641
3237.297203177004,488.205078125,8.313
3237.620060783025,566.95849609375,8.313
3237.9420129730133,595.0869140625,8.997
3238.2646308840194,595.0869140625,9.602
3238.587233369006,595.0869140625,9.602
3238.909968788008,623.2060546875,7.743
3239.233928064001,589.46240234375,8.803
3239.5569232980197,595.08740234375,9.254
3239.881046419003,499.6376953125,9.718
3240.2048654610117,456.72216796875,7.015
3240.526905384002,724.4599609375,8.158
3240.8486976480053,595.087890625,8.997
3241.171830191015,516.33740234375,9.602
3241.494201003021,474.14404296875,8.158
3241.8159631810267,1029.708984375,7.821
3242.139216205018,595.08837890625,8.881
3242.461724746012,595.08837890625,9.525
3242.7846997400047,595.08837890625,9.834
3243.1080219139985,456.72314453125,7.587
3243.4348206830036,746.9609375,8.648
3243.7571429390227,595.0888671875,9.269
3244.0794499930053,595.0888671875,9.68
3244.4029329020123,456.7236328125,7.249
3244.725112459011,724.46142578125,8.313
3245.047341616999,595.08935546875,9.114
3245.370153708005,595.08935546875,9.563
3245.692065056006,492.43896484375,8.352
3246.0137456420052,1029.71044921875,8.119
3246.3362398910103,595.08984375,9.114
3246.6580109720235,595.08984375,9.408
3246.9810998380126,595.08984375,9.951
3247.3013611530187,984.7109375,7.743
3247.624075374013,589.46533203125,8.61
3247.946209090005,595.09033203125,9.37
3248.2682683670137,595.09033203125,9.602
3248.5921019270027,456.72509765625,7.366
3248.9141293930006,724.462890625,8.313
3249.236089013022,595.0908203125,9.153
3249.5594770770113,595.0908203125,9.602
3249.8818103750236,456.7255859375,8.08
3250.2046737089986,1029.7119140625,8.08
3250.5277724760235,595.09130859375,8.997
3250.8495539060095,595.09130859375,9.37
3251.172234444006,595.09130859375,9.912
3251.4955070690194,984.71240234375,7.665
3251.8183867810003,589.466796875,8.532
3252.1419366949995,595.091796875,9.37
3252.463996751001,595.091796875,9.602
3252.7902220420074,456.7265625,7.093
3253.1121745720156,724.46435546875,8.235
3253.439978357026,595.09228515625,9.075
3253.7638953200076,510.716796875,9.563
3254.0860233080166,471.341796875,8.158
3254.408023704018,1029.71337890625,7.782
3254.729660820012,595.0927734375,8.765
3255.051921610022,595.0927734375,9.447
3255.3740776230115,595.0927734375,9.834
3255.6974741380254,456.7275390625,7.471
3256.0201795180037,746.96533203125,8.571
3256.341898836021,595.09326171875,9.269
3256.664099039015,595.09326171875,9.563
3256.9860121250094,456.72802734375,7.288
3257.3078644990164,724.4658203125,8.352
3257.6301675490104,595.09375,9.075
3257.9532657689997,595.09375,9.525
3258.273443700018,489.630859375,8.803
3258.595643828012,1029.71533203125,8.507
3258.9184107970214,595.09423828125,9.075
3259.2412423409987,626.7294921875,9.602
3259.5629453560105,595.09423828125,9.68
3259.8852353070106,1029.71533203125,7.821
3260.2074427240004,589.4697265625,8.881
3260.529704638,595.0947265625,9.331
3260.8520871000073,595.0947265625,9.68
3261.1748582490254,456.7294921875,7.171
3261.4965624060133,724.46728515625,8.196
3261.818781689013,595.09521484375,9.114
3262.1420778470056,595.09521484375,9.563
3262.464204865013,456.72998046875,8.08
3262.7871973920264,1029.71630859375,8.08
3263.1091399530123,595.095703125,8.997
3263.4322943700245,595.095703125,9.37
3263.7551938960096,595.095703125,9.757
3264.078147247026,984.716796875,7.743
3264.400412278017,589.47119140625,8.687
3264.722268139012,595.09619140625,9.331
3265.0441811210185,595.09619140625,9.563
3265.365425623022,456.73095703125,7.093
3265.687761467998,724.46875,8.196
3266.0108817610017,595.0966796875,9.036
3266.3344918630028,626.73193359375,9.602
3266.657128004008,497.94873046875,8.235
3266.9800039310066,1029.7177734375,7.963
3267.303221084003,621.107421875,8.997
3267.625275049999,595.09716796875,9.408
3267.948254081013,595.09716796875,9.873
3268.2689244650246,984.71826171875,7.743
3268.5914134850027,555.76025390625,8.61
3268.9140783220064,595.09765625,9.308
3269.237202821998,595.09765625,9.641
3269.560446110001,456.732421875,7.471
3269.882520164014,724.47021484375,8.352
3270.205640916014,595.09814453125,9.191
3270.527938143001,595.09814453125,9.641
3270.8506937890197,456.73291015625,8.08
3271.174603146006,1029.71923828125,8.158
3271.498200904025,595.0986328125,8.959
3271.820503790019,626.73388671875,9.486
3272.1433594980044,595.0986328125,9.718
3272.466581715009,1029.7197265625,8.002
3272.7883611180005,589.47412109375,8.881
3273.1121893750096,595.09912109375,9.486
3273.4365662920172,595.09912109375,9.718
3273.7587925580156,456.73388671875,7.354
3274.0821260060184,746.9716796875,8.493
3274.404770876019,595.099609375,9.254
3274.7269699360186,595.099609375,9.602
3275.051054739015,456.734375,7.432
3275.373788953002,724.47216796875,8.274
3275.696387642005,595.10009765625,9.036
3276.0187524950015,476.96875,9.525
3276.3424614340183,489.63720703125,8.92
3276.664428794,1029.72119140625,8.002
3276.9864662699983,595.1005859375,8.92
3277.3099360900233,516.34423828125,9.525
3277.632327528001,595.1005859375,9.834
3277.955020162015,456.7353515625,7.548
3278.2763969290245,746.97314453125,8.687
3278.598609858018,595.10107421875,9.269
3278.9255274680036,621.111328125,9.68
3279.2508569740166,456.73583984375,7.548
3279.5731085570005,724.4736328125,8.43
3279.8954380950017,595.1015625,9.153
3280.2177154990204,595.1015625,9.68
3280.541481893015,465.75244140625,8.196
3280.8638936060015,1029.72265625,8.158
3281.188205749,595.10205078125,9.036
3281.512280503026,599.41650390625,9.525
3281.8344042950193,595.10205078125,9.68
3282.156495955016,984.72314453125,7.743
3282.478590237006,589.4775390625,8.61
3282.80134349101,595.1025390625,9.37
3283.123580849002,595.1025390625,9.602
3283.4539791270217,456.7373046875,7.432
3283.776351624023,729.78955078125,8.507
3284.0992070200155,595.10302734375,9.254
3284.421514453017,595.10302734375,9.525
3284.7445157400216,456.73779296875,7.821
3285.0667228170205,724.4755859375,8.235
3285.389030662016,595.103515625,9.191
3285.7116020060203,595.103515625,9.447
3286.0341235230153,489.640625,9.153
3286.3564561970124,1029.724609375,7.587
3286.678897611011,589.47900390625,8.726
3287.0012250040018,595.10400390625,9.292
3287.323927577003,595.10400390625,9.718
3287.6468505750236,456.73876953125,7.471
3287.9697931570117,746.9765625,8.648
3288.293110760016,595.1044921875,9.215
3288.616171135014,595.1044921875,9.68
3288.938892552018,456.7392578125,7.626
3289.2626070620026,724.47705078125,8.196
3289.5850979370007,595.10498046875,9.114
3289.909833514015,595.10498046875,9.486
3290.232318657014,489.64208984375,9.075
3290.555635577999,1029.72607421875,8.196
3290.8775387750065,595.10546875,8.959
3291.201064917026,595.10546875,9.563
3291.5234441940265,595.10546875,9.873
3291.844521687017,456.740234375,7.276
3292.1658076030144,746.97802734375,8.454
3292.488437157008,595.10595703125,9.331
3292.810138097004,595.10595703125,9.525
3293.1333599300124,456.74072265625,7.405
3293.4603163190186,724.478515625,8.352
3293.7823779730243,595.1064453125,9.075
3294.105077348009,595.1064453125,9.563
3294.4270343210083,489.6435546875,8.726
3294.749355502019,1029.7275390625,8.119
3295.0722940510022,595.10693359375,8.997
3295.3943486870266,595.10693359375,9.486
3295.716943027015,595.10693359375,9.873
3296.039902340999,465.72607421875,7.587
3296.362054961006,950.4794921875,8.687
3296.684239839,595.107421875,9.254
3297.007962477015,595.107421875,9.718
3297.3310544280102,456.7421875,7.21
3297.65379103701,724.47998046875,8.313
3297.9765080600046,595.10791015625,9.191
3298.2994791060046,595.10791015625,9.486
3298.62563374202,492.45751953125,8.43
3298.948006075021,1029.72900390625,7.847
3299.272532862,595.1083984375,8.92
3299.595186065999,595.1083984375,9.486
3299.9174838630133,595.1083984375,9.796
3300.243351758021,456.7431640625,7.665
3300.5654441660154,746.98095703125,8.687
3300.8892254450184,595.10888671875,9.269
3301.213093572005,595.10888671875,9.718
3301.53678626701,456.74365234375,7.366
3301.8591329530173,724.4814453125,8.313
3302.180873786012,595.109375,9.191
3302.5032180040143,499.50048828125,9.602
3302.826619642001,500.77392578125,8.235
3303.1490803089982,1029.73046875,8.119
3303.4716425160004,595.10986328125,9.036
3303.7936798029987,595.10986328125,9.37
3304.116123123007,595.10986328125,9.834
3304.4382647620223,1029.73095703125,7.899
3304.760447684006,589.4853515625,8.842
3305.083007068024,595.1103515625,9.292
3305.406683008012,595.1103515625,9.718
3305.7300351910235,456.7451171875,7.288
3306.0523263030045,510.7294921875,8.468
3306.374498271005,595.11083984375,9.23
3306.6967994610022,595.11083984375,9.525
3307.0206227620074,456.74560546875,7.821
3307.346811407013,724.4833984375,8.468
3307.6691450740036,595.111328125,9.114
3307.9916274510033,595.111328125,9.641
3308.3136125860037,489.6484375,8.881
3308.6356302030035,1029.732421875,7.808
3308.958216900006,595.11181640625,8.92
3309.2818884060252,595.11181640625,9.37
3309.6040450330183,595.11181640625,9.757
3309.9270901440177,456.74658203125,7.587
3310.249147275026,746.984375,8.648
3310.5713842200057,595.1123046875,9.269
3310.89374005,595.1123046875,9.602
3311.2178927210043,456.7470703125,7.249
3311.540830203012,724.48486328125,8.235
3311.862922882021,595.11279296875,9.036
3312.1856880660052,595.11279296875,9.641
3312.5074253340135,489.64990234375,8.803
3312.8290352360054,1029.73388671875,7.769
3313.151742366026,595.11328125,8.959
3313.4738209560164,595.11328125,9.37
3313.798943385016,595.11328125,9.796
3314.1215728440147,456.748046875,7.354
3314.444106680021,746.98583984375,8.454
3314.7665560330206,499.6640625,9.308
3315.0895064930082,595.11376953125,9.525
3315.4148506190104,456.74853515625,7.393
3315.7373210880032,724.486328125,8.274
3316.0602439270006,595.1142578125,9.036
3316.3848174560117,595.1142578125,9.602
3316.7066558620136,489.6513671875,8.765
3317.0280643620063,1029.7353515625,8.119
3317.3515341280145,595.11474609375,8.997
3317.674194997002,595.11474609375,9.563
3317.9964620890096,595.11474609375,9.873
3318.3207279800263,456.74951171875,7.665
3318.6433508910122,746.9873046875,8.687
3318.9651040370227,595.115234375,9.23
3319.2897179069987,595.115234375,9.718
3319.6104350050155,456.75,7.171
3319.93246479801,724.48779296875,8.352
3320.255525479006,595.11572265625,9.23
3320.5785330049985,595.11572265625,9.447
3320.9016863610013,492.46533203125,8.43
3321.2243540300115,1029.73681640625,8.041
3321.5474851730105,615.50146484375,8.997
3321.870011714025,595.1162109375,9.37
3322.1952430700185,595.1162109375,9.912
3322.518196985009,984.7373046875,7.821
3322.8413384279993,589.49169921875,8.648
3323.163878340012,595.11669921875,9.408
3323.4857534530165,595.11669921875,9.602
3323.807161315024,456.75146484375,7.393
3324.1291620000266,724.4892578125,8.352
3324.4512940160057,595.1171875,9.153
3324.774271252012,595.1171875,9.602
3325.095905582013,456.751953125,8.08
3325.418155007006,724.48974609375,8.274
3325.7401710780105,595.11767578125,8.997
3326.0625801240094,595.11767578125,9.525
3326.386823900015,595.11767578125,9.525
3326.708671991015,984.73876953125,7.665
3327.030239079002,589.4931640625,8.648
3327.3524244600267,595.1181640625,9.37
3327.6744957570045,595.1181640625,9.641
3327.9964400080207,456.7529296875,7.393
3328.3182102320134,724.49072265625,8.43
3328.6404698530096,476.9873046875,9.308
3328.9642420160235,595.11865234375,9.525
3329.2880520010076,456.75341796875,8.015
3329.6105323310185,724.4912109375,8.493
3329.9341096340213,595.119140625,9.153
3330.256846738019,595.119140625,9.68
3330.5786774040025,489.65625,8.92
3330.9014365250187,1029.740234375,7.924
3331.223407130019,595.11962890625,8.997
3331.5459281240182,595.11962890625,9.408
3331.8683298180113,595.11962890625,9.757
3332.1887928360084,984.74072265625,8.093
3332.511391526001,499.5,8.765
3332.836421517015,595.1201171875,9.37
3333.158900551003,595.1201171875,9.641
3333.479907714005,456.7548828125,7.171
3333.802080109017,724.49267578125,8.274
3334.1250629370043,595.12060546875,9.114
3334.447469322011,595.12060546875,9.563
3334.769380071026,492.47021484375,8.352
3335.0918710020196,1029.74169921875,8.002
3335.4143466020178,494.04638671875,9.036
3335.736535150005,595.12109375,9.37
3336.061333501013,488.23974609375,9.873
3336.3829190760152,456.755859375,7.587
3336.7054568500025,746.99365234375,8.61
3337.0264973770245,595.12158203125,9.254
3337.3492834140197,595.12158203125,9.718
3337.671819103998,456.75634765625,7.093
3337.9940495330084,724.494140625,8.313
3338.31584886802,595.1220703125,9.191
3338.638681782002,595.1220703125,9.447
3338.9601076300023,479.90283203125,8.546
3339.282027189998,1029.7431640625,8.041
3339.6045560229977,595.12255859375,8.959
3339.928253513004,595.12255859375,9.447
3340.2514467230067,595.12255859375,9.912
3340.572779662005,465.74169921875,7.626
3340.895558454009,752.37744140625,8.61
3341.218916658021,595.123046875,9.292
3341.5421465370164,595.123046875,9.641
3341.864965710003,456.7578125,7.548
3342.1886170110083,724.49560546875,8.454
3342.5116386520094,595.12353515625,9.23
3342.833865701017,595.12353515625,9.563
3343.156423737004,456.75830078125,8.093
3343.4840170520183,1034.05908203125,8.158
3343.8069463660067,595.1240234375,8.92
3344.130221739004,595.1240234375,9.525
3344.4527797690243,595.1240234375,9.525
3344.7768589180196,1029.7451171875,7.743
3345.0991233030218,589.49951171875,8.726
3345.422926692001,595.12451171875,9.37
3345.746460566006,595.12451171875,9.641
3346.0701003640133,456.75927734375,7.249
3346.3925205880078,746.9970703125,8.493
3346.715139444015,595.125,9.153
3347.037210948998,599.57470703125,9.602
3347.360296028026,456.759765625,7.821
3347.6836093410093,724.49755859375,8.532
3348.0063498940144,595.12548828125,9.153
3348.3283956620144,595.12548828125,9.602
3348.6519839579996,489.66259765625,8.726
3348.976435362012,1029.74658203125,7.886
3349.300612543011,595.1259765625,8.881
3349.6229726880265,604.25537109375,9.447
3349.9448659020127,595.1259765625,9.796
3350.266782057006,456.7607421875,7.276
3350.589474980021,746.99853515625,8.43
3350.912676532025,499.4951171875,9.23
3351.2344534130243,595.12646484375,9.563
3351.565106055001,456.76123046875,7.366
3351.8875764360128,724.4990234375,8.041
3352.209410244017,595.126953125,9.114
3352.531377913023,595.126953125,9.486
3352.8566768240125,489.6640625,9.036
3353.1826599210035,1029.748046875,7.626
3353.5042557620036,589.50244140625,8.726
3353.8262640680186,595.12744140625,9.408
3354.1483941050246,595.12744140625,9.563
3354.4767889770155,456.76220703125,7.393
3354.7997382780013,747.0,8.532
3355.1223145060067,595.1279296875,9.153
3355.4462292829994,595.1279296875,9.641
3355.771126053005,456.7626953125,7.51
3356.0935516150203,724.50048828125,8.235
3356.4153685730125,595.12841796875,9.036
3356.7374318780203,488.2470703125,9.525
3357.0598482839996,489.66552734375,8.959
3357.381888991018,1029.74951171875,7.886
3357.704905931023,595.12890625,8.959
3358.0268875320035,595.12890625,9.37
3358.349162325001,595.12890625,9.796
3358.6712373980263,456.763671875,7.276
3358.993060684006,747.00146484375,8.43
3359.3177242439997,595.12939453125,9.269
3359.640705655009,595.12939453125,9.563
3359.9648292880156,456.76416015625,7.432
3360.2901922020246,724.501953125,8.391
3360.6121096600255,595.1298828125,9.036
3360.9346117830137,595.1298828125,9.563
3361.2560153920203,489.6669921875,8.842
3361.5786925260036,1029.7509765625,7.704
3361.903318893019,615.515625,8.842
3362.2260542340227,595.13037109375,9.37
3362.5483001140237,599.44482421875,9.68
3362.8690214829985,456.76513671875,7.015
3363.1917167229985,758.19580078125,8.391
3363.514200497011,595.130859375,9.23
3363.837536914012,595.130859375,9.563
3364.1609779410064,456.765625,7.743
3364.4883185840154,724.50341796875,8.041
3364.810879957018,595.13134765625,8.959
3365.1335042749997,595.13134765625,9.447
3365.456758633023,595.13134765625,9.346
3365.7796859370137,1029.75244140625,7.782
3366.1024578729994,589.5068359375,8.765
3366.425590206025,595.1318359375,9.486
3366.747781924001,595.1318359375,9.602
3367.0696054660075,456.7666015625,7.171
3367.3923283370095,747.00439453125,8.493
3367.714274761005,595.13232421875,9.153
3368.036376263015,595.13232421875,9.525
3368.3588343840092,456.76708984375,7.743
3368.681053487002,1079.85009765625,8.041
3369.0028675810026,595.1328125,8.881
3369.324670055008,499.50146484375,9.486
3369.646906275011,595.1328125,9.641
3369.967226416018,984.75390625,7.51
3370.290150020999,589.50830078125,8.571
3370.6160744530207,510.751953125,9.37
3370.9384657160263,595.13330078125,9.563
3371.263729029015,456.76806640625,7.288
3371.58652222401,724.505859375,8.313
3371.908506106003,595.1337890625,9.114
3372.231266112998,595.1337890625,9.718
3372.5546783690224,482.63037109375,8.196
3372.877324867004,1029.7548828125,8.158
3373.19966885302,595.13427734375,9.036
3373.5217637390015,595.13427734375,9.486
3373.8435653650085,595.13427734375,9.757
3374.1646655530203,984.75537109375,7.665
3374.491002338007,589.509765625,8.61
3374.814324695006,595.134765625,9.37
3375.1373558390187,595.134765625,9.563
3375.4593630980235,456.76953125,7.366
3375.78181155902,724.50732421875,8.313
3376.104463835014,595.13525390625,9.153
3376.4278444910015,595.13525390625,9.602
3376.7502493630163,456.77001953125,8.093
3377.071501290018,724.5078125,8.313
3377.393758056016,626.77099609375,9.191
3377.716406773019,595.1357421875,9.486
3378.0389316450164,599.4501953125,9.308
3378.361441986024,1029.7568359375,7.704
3378.6837009240116,589.51123046875,8.726
3379.005998647015,595.13623046875,9.331
3379.327730359015,595.13623046875,9.718
3379.6490110130107,456.77099609375,7.393
3379.9719827120134,747.0087890625,8.61
3380.294824579003,595.13671875,9.23
3380.6168900930206,595.13671875,9.641
3380.9390879010025,456.771484375,7.626
3381.2631092360243,724.50927734375,8.041
3381.5852158040216,595.13720703125,8.997
3381.9068159190065,595.13720703125,9.486
3382.2297457180102,595.13720703125,9.463
3382.5519715840055,1029.75830078125,7.963
3382.874311533,711.14794921875,8.959
3383.1960880660044,595.1376953125,9.447
3383.5181676810025,595.1376953125,9.718
3383.8405980950047,456.7724609375,7.548
3384.1628934930195,747.01025390625,8.532
3384.4879648110073,595.13818359375,9.37
3384.8099798760086,595.13818359375,9.525
3385.131045940012,456.77294921875,7.354
3385.454295516014,724.5107421875,8.313
3385.77651436202,595.138671875,8.997
3386.0991430460126,595.138671875,9.563
3386.4205551350024,489.67578125,8.803
3386.743312687002,1029.759765625,7.924
3387.0643088850193,595.13916015625,8.92
3387.3886893480085,595.13916015625,9.447
3387.711752476025,595.13916015625,9.757
3388.0334134350123,456.77392578125,7.276
3388.3550014909997,747.01171875,8.416
3388.6788762970245,477.01416015625,9.254
3389.000962613005,595.1396484375,9.486
3389.3221162480186,456.7744140625,7.432
3389.645541112026,724.51220703125,8.43
3389.9683200930012,595.14013671875,9.153
3390.2910397400265,595.14013671875,9.563
3390.6132293820265,489.67724609375,8.663
3390.9367227250186,1029.76123046875,7.886
3391.25968772301,595.140625,8.881
3391.5817399140215,510.75927734375,9.486
3391.9046438850055,595.140625,9.834
3392.2264640650246,1029.76171875,8.274
3392.5487649670104,589.51611328125,9.036
3392.8705405040237,595.14111328125,9.37
3393.1938693820266,595.14111328125,9.796
3393.5186277900066,456.77587890625,7.432
3393.841016084014,747.013671875,8.61
3394.1638690030086,595.1416015625,9.23
3394.488371236017,599.59130859375,9.641
3394.811141814018,456.7763671875,7.704
3395.1347351440054,724.51416015625,8.041
3395.4574735900096,499.6923828125,9.114
3395.7798766610213,595.14208984375,9.408
3396.102270611009,626.77734375,9.23
3396.4245962670248,1029.76318359375,7.743
3396.7474840270006,589.517578125,8.726
3397.0684723470185,599.59228515625,9.37
3397.3929315270216,595.142578125,9.68
3397.715787346009,456.77734375,7.354
3398.039907503,747.01513671875,8.61
3398.362253505009,595.14306640625,9.215
3398.684669973998,516.392578125,9.641
3399.0067857899994,456.77783203125,7.626
3399.3285115390026,724.515625,8.041
3399.6507589090033,595.1435546875,8.959
3399.9745721990184,595.1435546875,9.486
3400.297848023998,595.1435546875,9.424
3400.6197290390264,1029.7646484375,7.665
3400.942159357015,589.51904296875,8.726
3401.264523557009,595.14404296875,9.331
3401.5872918050154,595.14404296875,9.718
3401.910603691009,456.77880859375,7.21
3402.2335694810026,724.5166015625,8.352
3402.5564576020115,595.14453125,9.269
3402.878234350006,595.14453125,9.486
3403.20030582702,456.779296875,7.976
3403.5224019440066,724.51708984375,8.196
3403.844889502012,635.7802734375,9.075
3404.167158520024,595.14501953125,9.486
3404.489914692007,595.14501953125,9.385
3404.8121874850185,1029.76611328125,7.743
3405.136275262019,589.5205078125,8.765
3405.4584231180197,595.1455078125,9.486
3405.78127669901,595.1455078125,9.602
3406.102469315025,456.7802734375,7.315
3406.427831602021,747.01806640625,8.571
3406.750352654024,595.14599609375,9.153
3407.072210701008,595.14599609375,9.68
3407.3969477120263,456.78076171875,7.626
3407.7198150460026,724.5185546875,7.963
3408.0420476010186,595.146484375,8.92
3408.364938197017,595.146484375,9.525
3408.6875808780023,595.146484375,9.424
3409.0105431240227,1029.767578125,7.886
3409.3324322670233,589.52197265625,8.92
3409.654205245024,595.14697265625,9.447
3409.976385824004,595.14697265625,9.68
3410.298911277001,456.78173828125,7.665
3410.6221709680103,747.01953125,8.61
3410.945171961008,595.1474609375,9.331
3411.267773286003,595.1474609375,9.602
3411.592407365999,456.7822265625,7.327
3411.9143553840113,724.52001953125,8.43
3412.2374870950007,505.1474609375,9.23
3412.559591212019,595.14794921875,9.486
3412.882227094,492.375,8.546
3413.204316743999,1029.76904296875,7.691
3413.5264597710047,595.1484375,8.881
3413.84845152701,595.1484375,9.292
3414.1717758800078,595.1484375,9.757
3414.4928997259995,984.76953125,8.119
3414.818371045025,589.52392578125,8.803
3415.1418933540117,595.14892578125,9.447
3415.4659154270194,595.14892578125,9.641
3415.7873775230255,456.78369140625,7.093
3416.110118389013,724.521484375,8.235
3416.4326483970217,595.1494140625,9.114
3416.7556343270116,615.53466796875,9.563
3417.076535692002,492.4990234375,8.391
3417.4006180150027,1029.7705078125,8.158
3417.7229717560112,595.14990234375,9.075
3418.0456727420096,595.14990234375,9.408
3418.3674255910155,477.0263671875,9.951
3418.6902768849977,1029.77099609375,7.976
3419.012551707012,589.525390625,8.92
3419.3355071620026,595.150390625,9.37
3419.6593189070118,595.150390625,9.757
3419.979907321016,456.78515625,7.471
3420.301941454003,747.02294921875,8.687
3420.6239102410036,595.15087890625,9.23
3420.9461808960186,499.51953125,9.641
3421.271150409011,456.78564453125,7.743
3421.593932090007,724.5234375,8.235
3421.9153878280194,595.1513671875,9.114
3422.237234747008,595.1513671875,9.602
3422.561529413011,489.6884765625,9.075
3422.884061640012,1029.7724609375,7.704
3423.2067085890158,589.52685546875,8.803
3423.5297956819995,595.15185546875,9.408
3423.852275007026,595.15185546875,9.563
3424.1757256330166,456.78662109375,7.354
3424.4978905419994,747.0244140625,8.532
3424.819839472999,595.15234375,9.23
3425.1427792280156,595.15234375,9.563
3425.4675400140113,456.787109375,7.471
3425.7909008720017,724.52490234375,8.041
3426.1134395190165,595.15283203125,9.075
3426.4353307770216,595.15283203125,9.447
3426.757492926001,489.68994140625,9.153
3427.0792657150014,1029.77392578125,7.743
3427.403490696015,589.5283203125,8.765
3427.726114109013,595.1533203125,9.447
3428.0482291800145,595.1533203125,9.602
3428.371652141999,456.7880859375,7.288
3428.694128377014,747.02587890625,8.493
3429.0163846990035,595.15380859375,9.114
3429.3387232290115,493.8974609375,9.602
3429.6610542380076,456.78857421875,7.665
3429.984453259007,724.5263671875,8.002
3430.3066822460096,595.154296875,8.959
3430.629043973022,595.154296875,9.486
3430.9514163249987,595.154296875,9.447
3431.2747172560194,1029.775390625,7.847
3431.5965398219996,589.52978515625,8.765
3431.9192977220227,595.15478515625,9.447
3432.2417120530154,595.15478515625,9.641
3432.56519314702,456.78955078125,7.21
3432.8881037220126,544.52392578125,8.43
3433.2127138190262,595.1552734375,9.23
3433.535945875017,595.1552734375,9.602
3433.858140418015,456.7900390625,7.743
3434.180471379019,724.52783203125,8.119
3434.5032048520225,477.0263671875,9.114
3434.8251290120243,595.15576171875,9.447
3435.1478163370048,621.16015625,9.269
3435.4706564350054,1029.77685546875,7.743
3435.792770359025,589.53125,8.726
3436.1150169590255,617.65576171875,9.408
3436.43795353701,595.15625,9.641
3436.7602265680034,456.791015625,7.21
3437.081629099004,747.02880859375,8.493
3437.40653461701,595.15673828125,9.23
3437.7289363220043,510.775390625,9.641
3438.0517187140067,456.79150390625,7.704
3438.3736593720096,724.529296875,8.158
3438.696164982015,516.40673828125,9.114
3439.0185912279994,595.1572265625,9.408
3439.3405650050263,533.27587890625,9.269
3439.663122005004,1029.7783203125,7.963
3439.987277790002,595.15771484375,8.997
3440.3094751570025,595.15771484375,9.408
3440.6315746309992,595.15771484375,9.796
3440.9559358929982,456.79248046875,7.237
3441.278361553006,747.0302734375,8.454
3441.600727306999,599.47265625,9.23
3441.9228905570053,595.158203125,9.563
3442.2490789900185,456.79296875,7.51
3442.5714598449995,724.53076171875,7.963
3442.8940950469987,621.1689453125,8.997
3443.2175184049993,595.15869140625,9.408
3443.5396271820064,595.15869140625,9.346
3443.8628429150267,1029.77978515625,7.704
3444.186613421014,589.5341796875,8.726
3444.511639176024,615.54443359375,9.447
3444.834227680025,595.1591796875,9.563
3445.1590988350217,456.7939453125,7.093
3445.482180509018,928.03173828125,8.352
3445.805497199006,595.15966796875,9.191
3446.1277481490106,595.15966796875,9.447
3446.4509144300246,456.79443359375,7.86
3446.7753938530223,724.5322265625,8.08
3447.0974515760026,595.16015625,8.997
3447.42034747501,595.16015625,9.602
3447.7429101440066,595.16015625,9.447
3448.0651915530034,1029.78125,7.743
3448.3871898760262,589.53564453125,8.803
3448.7093475020083,595.16064453125,9.331
3449.0316802380257,595.16064453125,9.68
3449.352457997011,456.79541015625,7.393
3449.674963857018,747.033203125,8.532
3449.9978963580215,595.1611328125,9.153
3450.320384903025,626.79638671875,9.641
3450.642362290004,456.7958984375,7.704
3450.9653887120076,724.53369140625,8.041
3451.2891312880092,499.552734375,9.114
3451.6119139210205,595.16162109375,9.447
3451.9367398040195,488.302734375,9.23
3452.2587943730177,1029.78271484375,8.119
3452.5819697540137,595.162109375,9.036
3452.904272396001,595.162109375,9.408
3453.2276267580164,595.162109375,9.796
3453.5484642500232,984.783203125,8.08
3453.871249788004,589.53759765625,8.765
3454.193460133014,595.16259765625,9.447
3454.518637669011,595.16259765625,9.641
3454.8392069539987,456.79736328125,7.393
3455.161675545998,724.53515625,8.352
3455.484772098018,595.1630859375,9.153
3455.807409368019,595.1630859375,9.602
3456.128972257022,456.7978515625,8.08
3456.452332336019,1029.7841796875,8.041
3456.7749504340172,595.16357421875,8.997
3457.096774386009,595.16357421875,9.408
3457.4222049780074,595.16357421875,9.873
3457.745816168026,1029.78466796875,7.86
3458.0685672270192,589.5390625,8.842
3458.390101722005,595.1640625,9.292
3458.7123137809976,516.40771484375,9.68
3459.03549637401,456.798828125,7.132
3459.3570867080125,724.53662109375,8.274
3459.678928348003,595.16455078125,9.075
3460.0021918380226,595.16455078125,9.563
3460.3264629170008,456.79931640625,8.119
3460.6494028380257,1029.78564453125,8.119
3460.9732033699984,595.1650390625,8.92
3461.2956193630234,595.1650390625,9.486
3461.6189520330227,595.1650390625,9.718
3461.9419188960164,1029.7861328125,7.86
3462.265417361021,589.54052734375,8.92
3462.5877277789987,595.16552734375,9.331
3462.910858932999,595.16552734375,9.718
3463.2330569600163,456.80029296875,7.665
3463.554971454025,747.0380859375,8.648
3463.8775814640103,595.166015625,9.254
3464.200225809007,595.166015625,9.641
3464.527092948003,456.80078125,7.51
3464.850476394,724.53857421875,8.352
3465.172792883008,595.16650390625,9.036
3465.49563268802,595.16650390625,9.602
3465.8177132300043,489.70361328125,8.765
3466.1403637780168,1029.78759765625,7.548
3466.462932208,589.5419921875,8.726
3466.785747209011,595.1669921875,9.408
3467.109032563021,595.1669921875,9.641
3467.430991622008,456.8017578125,7.51
3467.7535265450133,747.03955078125,8.532
3468.0761326690263,493.9169921875,9.331
3468.3985391660244,595.16748046875,9.602
3468.7232383960218,456.80224609375,7.432
3469.0449387210247,724.5400390625,8.43
3469.3668666360027,595.16796875,9.153
3469.689691964013,595.16796875,9.563
3470.0114285750024,489.705078125,8.701
3470.3349085490045,1029.7890625,7.769
3470.6581938920135,595.16845703125,8.881
3470.980537661002,595.16845703125,9.292
3471.3028869300033,595.16845703125,9.757
3471.625765597011,456.80322265625,7.587
3471.94720206302,747.041015625,8.648
3472.2697024400113,595.1689453125,9.331
3472.5919594459992,595.1689453125,9.602
3472.9137278900016,456.8037109375,7.249
3473.2355639490124,724.54150390625,8.274
3473.557183743018,595.16943359375,9.036
3473.8808154580183,595.16943359375,9.563
3474.2023230850173,489.70654296875,8.765
3474.5278589049994,1029.79052734375,7.808
3474.8504681760096,595.169921875,8.881
3475.1738516199985,595.169921875,9.331
3475.4981740759977,595.169921875,9.757
3475.8209932080063,456.8046875,7.171
3476.1430292020086,747.04248046875,8.391
3476.4651830240036,595.17041015625,9.191
3476.7887641680136,595.17041015625,9.563
3477.1108355530014,456.80517578125,7.548
3477.4341132250265,724.54296875,8.002
3477.756121886021,595.1708984375,8.92
3478.0768655030115,595.1708984375,9.447
3478.3991278350004,595.1708984375,9.408
3478.7205769180146,984.7919921875,7.587
3479.043195967999,589.54638671875,8.532
3479.3649257310026,595.17138671875,9.331
3479.687240350002,595.17138671875,9.525
3480.009480374021,456.80615234375,7.249
3480.331459232024,724.5439453125,8.313
3480.6531643190247,595.171875,9.114
3480.975669279025,595.171875,9.602
3481.298077271,456.806640625,8.158
3481.6202611900226,724.54443359375,8.274
3481.942071335012,595.17236328125,9.114
3482.2659412710054,595.17236328125,9.602
3482.5879945900233,595.17236328125,9.424
3482.9092139870045,623.64306640625,7.626
3483.231083424005,589.5478515625,8.687
3483.55489217001,595.1728515625,9.254
3483.8773767030216,488.31396484375,9.68
3484.198453402001,456.8076171875,7.276
3484.520707971009,724.54541015625,8.352
3484.84303041402,533.2919921875,9.23
3485.166429091012,595.17333984375,9.486
3485.4920031170186,456.80810546875,7.976
3485.8151851120056,1029.79443359375,7.963
3486.137470557005,595.173828125,8.997
3486.460326008004,595.173828125,9.408
3486.7834372130164,595.173828125,9.796
3487.1043660890136,984.794921875,7.626
3487.428222152026,589.54931640625,8.61
3487.750467463018,477.044921875,9.331
3488.071776960016,595.17431640625,9.563
3488.3943150150008,456.80908203125,7.626
3488.7170308700006,724.546875,8.532
3489.0405932540016,595.1748046875,9.292
3489.3632742880145,595.1748046875,9.563
3489.685998236004,456.8095703125,7.821
3490.0083212720056,724.54736328125,8.119
3490.330943132023,696.42529296875,9.075
3490.653696902009,595.17529296875,9.447
3490.9764340960246,595.17529296875,9.308
3491.2997454529977,1029.79638671875,7.847
3491.621703284007,589.55078125,8.803
3491.9440681710257,595.17578125,9.447
3492.265694882022,595.17578125,9.641
3492.589440462005,456.810546875,7.432
3492.9120461240236,747.04833984375,8.532
3493.234438495012,595.17626953125,9.23
3493.5568433770095,595.17626953125,9.641
3493.87918608202,456.81103515625,7.548
3494.2014265400067,724.548828125,7.963
3494.523819355003,595.1767578125,8.881
3494.847219986026,595.1767578125,9.486
3495.170405984012,595.1767578125,9.408
3495.4930657820078,465.7958984375,7.327
3495.816368263011,768.3671875,8.468
3496.1388686300197,595.17724609375,9.191
3496.463041830022,595.17724609375,9.602
3496.787166612019,456.81201171875,6.937
3497.1088686400035,724.5498046875,8.274
3497.4340019720257,499.5576171875,9.153
3497.7568783170136,595.177734375,9.447
3498.0783589260245,479.86181640625,8.546
3498.400545385026,1029.798828125,7.924
3498.7231836690044,595.17822265625,8.842
3499.0464187450125,595.17822265625,9.486
3499.3693456460023,595.17822265625,9.834
3499.692558543,456.81298828125,7.665
3500.015077844,747.05078125,8.648
3500.3413229540165,595.1787109375,9.254
3500.6644482920237,595.1787109375,9.641
3500.9892837470106,456.8134765625,7.015
3501.3113765930175,724.55126953125,8.313
3501.6343956510245,595.17919921875,9.153
3501.956166948017,595.17919921875,9.486
3502.277413422009,492.52880859375,8.585
3502.5992122050084,1029.80029296875,8.352
3502.9213710660115,595.1796875,9.036
3503.2439528219984,595.1796875,9.486
3503.5663921400264,595.1796875,9.757
3503.8888646110136,1029.80078125,7.847
3504.2112648210023,589.55517578125,8.842
3504.53476968201,595.3154296875,9.447
3504.8568415900227,595.18017578125,9.641
3505.1813018149987,456.81494140625,7.171
3505.504085012013,758.24560546875,8.43
3505.8262574010005,595.1806640625,9.191
3506.148604132002,595.1806640625,9.525
3506.470637600025,456.8154296875,7.86
3506.7946817730262,724.55322265625,8.391
3507.117191771016,595.18115234375,9.114
3507.441983458004,716.81640625,9.641
3507.764006555022,489.71826171875,8.92
3508.0861594169983,1029.80224609375,8.041
3508.408375830011,595.181640625,8.92
3508.730787420005,626.81689453125,9.486
3509.052849427011,595.181640625,9.796
3509.3748761660245,456.81640625,7.743
3509.6971355860005,747.05419921875,8.726
3510.0204122310097,595.18212890625,9.269
3510.344663248019,595.18212890625,9.718
3510.6691088640073,456.81689453125,7.093
3510.991354744998,724.5546875,8.313
3511.3144700660196,595.1826171875,9.191
3511.636656197021,595.1826171875,9.447
3511.960426488018,482.86376953125,8.585
3512.2825870160013,1029.8037109375,8.235
3512.605873156019,595.18310546875,9.075
3512.928036660014,595.18310546875,9.408
3513.2511210300145,595.18310546875,9.951
3513.572998087009,1029.80419921875,8.041
3513.894859016,589.55859375,8.881
3514.2173735040124,615.56884765625,9.486
3514.5430842150236,595.18359375,9.641
3514.864889651013,456.818359375,7.276
3515.1873571590113,747.05615234375,8.532
3515.5098026810156,595.18408203125,9.191
3515.8318237060157,621.1884765625,9.602
3516.153207296011,456.81884765625,7.626
3516.4753508510184,724.556640625,8.041
3516.797374498012,595.1845703125,8.997
3517.1192964750226,595.1845703125,9.525
3517.443587632006,595.1845703125,9.424
3517.764838189003,1029.8056640625,7.704
3518.0870304780256,589.56005859375,8.803
3518.4097758110147,595.18505859375,9.292
3518.7327182720182,595.18505859375,9.718
3519.0542710450245,456.81982421875,7.132
3519.3759035310068,724.5576171875,8.274
3519.6981817070046,595.185546875,9.153
3520.0201785910176,595.185546875,9.525
3520.3442568989994,456.8203125,8.054
3520.666607747,1029.806640625,7.963
3520.9911499459995,595.18603515625,9.114
3521.31396247301,595.18603515625,9.447
3521.635973208002,595.18603515625,9.912
3521.958043145016,984.80712890625,7.665
3522.2803889950155,471.43212890625,8.648
3522.6029428210168,595.1865234375,9.254
3522.925243229023,595.1865234375,9.602
3523.249464029999,456.8212890625,7.327
3523.572352267016,724.55908203125,8.313
3523.8965936770255,595.18701171875,9.114
3524.219031717017,595.18701171875,9.525
3524.5431809599977,492.53662109375,8.352
3524.866078890016,1029.80810546875,7.704
3525.188902383001,595.1875,8.803
3525.5121766120137,595.1875,9.525
3525.8340438420128,595.1875,9.757
3526.1558302350168,456.822265625,7.471
3526.47781756302,747.06005859375,8.532
3526.801651620015,595.18798828125,9.292
3527.124189048016,595.18798828125,9.525
3527.45083297402,456.82275390625,7.366
3527.773339039006,724.560546875,8.416
3528.0960815930157,595.1884765625,9.23
3528.418682892021,595.1884765625,9.525
3528.741001971008,492.5380859375,8.468
3529.062490231998,1029.703125,7.237
3529.3833889000234,589.45751953125,8.532
3529.7071474580152,595.08251953125,9.153
3530.0295849060058,533.201171875,9.602
3530.3516770910064,456.716796875,7.171
3530.6738240930135,724.45458984375,8.196
3530.9952624600264,595.08251953125,9.075
3531.3199362800224,595.08251953125,9.602
3531.642933424999,456.71728515625,8.08
3531.966723242018,1029.70361328125,8.196
3532.2886195730243,595.0830078125,8.997
3532.6111065190053,595.0830078125,9.447
3532.932889757998,595.0830078125,9.718
3533.253685819014,984.7041015625,7.782
3533.575588099018,589.45849609375,8.648
3533.898356654012,595.08349609375,9.331
3534.2212133380235,595.08349609375,9.563
3534.5433361040195,456.71826171875,7.054
3534.8660515980155,724.4560546875,8.158
3535.190586202021,595.083984375,8.997
3535.513008529,626.71923828125,9.525
3535.8373231870064,492.43359375,8.235
3536.159780042013,1029.705078125,7.769
3536.482088346005,595.08447265625,8.842
3536.8044226990023,595.08447265625,9.486
3537.1260254380177,595.08447265625,9.873
3537.450271832,456.71923828125,7.354
3537.7744479830144,746.95703125,8.493
3538.096096321009,595.0849609375,9.23
3538.418169730023,595.0849609375,9.563
3538.7420549540257,456.7197265625,7.288
3539.06441471001,724.45751953125,8.352
3539.38905730602,595.08544921875,9.153
3539.7130298910197,595.08544921875,9.486
3540.034972955007,489.62255859375,8.624
3540.3615022790036,1029.70654296875,7.847
3540.6834159319988,595.0859375,8.842
3541.0057317129977,595.0859375,9.37
3541.3283121090208,595.0859375,9.796
3541.6507502600143,456.720703125,7.704
3541.9736369090097,746.95849609375,8.765
3542.2972016940184,595.08642578125,9.331
3542.619558942999,595.08642578125,9.718
3542.942483062012,456.72119140625,7.327
3543.265147361002,724.458984375,8.391
3543.587090767018,595.0869140625,9.191
3543.9093231440056,595.0869140625,9.486
3544.2310781880224,492.4365234375,8.391
3544.55648544,1029.7080078125,8.119
3544.8795709680126,595.08740234375,9.036
3545.201936658006,595.08740234375,9.37
3545.524198151019,595.08740234375,9.912
3545.845358288003,1029.70849609375,7.924
3546.1672686290112,589.462890625,8.842
3546.4898838610097,595.087890625,9.292
3546.812952711014,493.83154296875,9.68
3547.1331313660194,456.72265625,7.51
3547.4580249889987,758.1533203125,8.61
3547.779965216003,595.08837890625,9.269
3548.1021856120205,595.08837890625,9.563
3548.423814624024,456.72314453125,7.821
3548.746972688008,690.70751953125,8.08
3549.069689197,595.0888671875,8.881
3549.39161325802,595.0888671875,9.563
3549.7139516710013,595.0888671875,9.563
3550.0366271200182,1029.7099609375,7.769
3550.359344393015,589.46435546875,8.803
3550.6818087920255,595.08935546875,9.37
3551.0037564990052,595.08935546875,9.641
3551.3288918480102,456.72412109375,7.171
3551.6520097420143,724.4619140625,8.274
3551.975264058012,595.08984375,9.269
3552.2969374120003,595.08984375,9.525
3552.618600750022,456.724609375,7.938
3552.9414513030206,724.46240234375,8.119
3553.26543217001,595.09033203125,8.997
3553.5878805920074,595.09033203125,9.525
3553.91127577101,595.09033203125,9.385
3554.2327593530063,1029.71142578125,7.704
3554.5579513690027,589.4658203125,8.803
3554.8801714270085,595.0908203125,9.254
3555.203371170006,595.0908203125,9.68
3555.5264180100057,456.7255859375,7.743
3555.8503506780253,746.96337890625,8.571
3556.173221957026,617.5908203125,9.331
3556.4951332940254,595.09130859375,9.563
3556.8199288400065,456.72607421875,7.366
3557.142543531023,724.4638671875,8.235
3557.464753501001,595.091796875,9.036
3557.787137878011,617.59130859375,9.563
3558.1087881450076,489.62890625,8.842
3558.4307956400153,1029.712890625,7.51
3558.7532523690024,589.46728515625,8.61
3559.0756634310237,482.5859375,9.331
3559.3988661059993,595.09228515625,9.602
3559.7222807260114,456.72705078125,7.548
3560.044330748002,746.96484375,8.571
3560.366475363,595.0927734375,9.292
3560.6889840880176,595.0927734375,9.602
3561.0139561100223,456.7275390625,7.432
3561.3362667770125,724.46533203125,8.119
3561.6588594710047,595.09326171875,9.075
3561.9808867990214,595.09326171875,9.447
3562.304055289016,489.63037109375,9.153
3562.6266681090055,1029.71435546875,7.626
3562.949685106025,589.46875,8.648
3563.2730273280176,621.09814453125,9.37
3563.594957079011,595.09375,9.602
3563.9177572629997,456.728515625,7.548
3564.2397089010046,746.96630859375,8.61
3564.568950456014,595.09423828125,9.37
3564.891909493017,595.09423828125,9.563
3565.216690359026,456.72900390625,7.366
3565.5401076179987,724.466796875,8.158
3565.8620795410243,595.0947265625,9.036
3566.1848493500147,635.72998046875,9.525
3566.506463591999,489.6318359375,8.997
3566.8285885420046,1029.7158203125,7.886
3567.1509156110114,595.09521484375,8.959
3567.472499257012,595.09521484375,9.408
3567.7953516900016,595.09521484375,9.757
3568.117427322024,456.72998046875,7.51
3568.4390843770234,746.9677734375,8.571
3568.7621040130034,595.095703125,9.331
3569.0843184640107,595.095703125,9.525
3569.4048599840025,456.73046875,7.483
3569.7267563740024,724.46826171875,8.468
3570.04976083801,595.09619140625,9.23
3570.3725378030213,595.09619140625,9.563
3570.6950380530034,492.44580078125,8.43
3571.0170186030155,1029.71728515625,8.041
3571.341063583008,626.73193359375,9.036
3571.663670203008,595.0966796875,9.408
3571.986929329025,626.73193359375,9.951
3572.309290816018,1029.7177734375,8.041
3572.6315343150054,589.47216796875,8.959
3572.9536071840266,595.09716796875,9.331
3573.276516466023,499.6474609375,9.757
3573.5992656790186,456.73193359375,7.249
3573.9215853060014,724.4697265625,8.274
3574.24406132102,626.73291015625,9.23
3574.5703970080067,595.09765625,9.486
3574.8938848060207,456.732421875,7.938
3575.216712225025,724.47021484375,8.196
3575.540451615001,476.974609375,9.153
3575.8627020179993,595.09814453125,9.447
3576.1851301870192,482.591796875,9.191
3576.5066207180207,1029.71923828125,7.626
3576.8292175640236,589.4736328125,8.765
3577.1503882090037,595.0986328125,9.308
3577.4725102820084,493.84814453125,9.757
3577.7933740980225,456.7333984375,7.249
3578.115287618013,724.47119140625,8.274
3578.4369946000224,595.09912109375,9.191
3578.7591447680024,595.09912109375,9.602
3579.0805009190226,456.73388671875,8.158
3579.402903926006,724.4716796875,8.313
3579.725173423998,476.97021484375,9.191
3580.0477352840244,595.099609375,9.447
3580.370343929011,488.2294921875,9.308
3580.692425096,1029.720703125,7.704
3581.014468022011,589.47509765625,8.687
3581.3371118979994,626.7353515625,9.447
3581.6594039190095,595.10009765625,9.641
3581.9827181560104,456.73486328125,7.015
3582.304913499014,724.47265625,8.235
3582.6273987739987,595.1005859375,9.075
3582.949564195005,595.1005859375,9.563
3583.272329126019,456.7353515625,8.171
3583.5943845250004,1029.7216796875,8.196
3583.916819043021,595.10107421875,8.959
3584.2408217800257,635.736328125,9.525
3584.5630139500136,595.10107421875,9.68
3584.8840646989993,984.72216796875,7.782
3585.2067653990234,589.4765625,8.687
3585.529565366014,595.1015625,9.331
3585.851715227007,595.1015625,9.641
3586.174349042005,456.736328125,7.132
3586.4965633510146,724.47412109375,8.235
3586.8192796640215,595.10205078125,9.075
3587.141672668018,595.10205078125,9.641
3587.4656773809984,465.7529296875,8.196
3587.789068693004,724.474609375,8.274
3588.1116679100087,595.1025390625,8.997
3588.434071278025,595.1025390625,9.563
3588.757168912998,595.1025390625,9.525
3589.079264683998,1029.7236328125,7.821
3589.401738708024,589.47802734375,8.803
3589.72424575701,493.8466796875,9.447
3590.0496059090074,595.10302734375,9.602
3590.372373766004,456.73779296875,7.093
3590.6937503680238,724.4755859375,8.235
3591.0174925670144,510.72216796875,9.153
3591.33969809502,595.103515625,9.525
3591.6617917469994,456.73828125,7.938
3591.9853389920027,724.47607421875,8.158
3592.308040472999,595.10400390625,9.036
3592.6348734120256,595.10400390625,9.525
3592.9581317790144,595.10400390625,9.385
3593.2828266800207,1029.72509765625,7.808
3593.6043794730213,589.4794921875,8.765
3593.927135066013,595.1044921875,9.447
3594.2493178980076,595.1044921875,9.602
3594.5763682160177,456.7392578125,7.132
3594.8985468879982,746.97705078125,8.468
3595.2212694190093,595.10498046875,9.114
3595.5459251770226,626.740234375,9.602
3595.868837859016,456.73974609375,7.626
3596.1915062090266,724.4775390625,8.041
3596.5135273339984,476.97607421875,9.075
3596.8355730350013,595.10546875,9.408
3597.1577652690175,595.10546875,9.308
3597.480374030012,1029.7265625,7.704
3597.802521301026,589.48095703125,8.726
3598.1252231520193,595.10595703125,9.331
3598.4483959010104,595.10595703125,9.68
3598.769461271004,456.74072265625,6.937
3599.0916955819994,724.478515625,8.119
3599.4141106660245,595.1064453125,9.036
3599.736505845998,595.1064453125,9.563
3600.0597280330257,482.60009765625,8.158
3600.3825641550065,1029.7275390625,7.808
3600.7059937400045,595.10693359375,8.803
3601.028644031001,595.10693359375,9.408
3601.351418803999,595.10693359375,9.873
3601.672213596001,668.7275390625,7.704
3601.9954744050046,544.47607421875,8.687
3602.317224528,595.107421875,9.37
3602.639245989005,595.107421875,9.68
3602.9646067810245,456.7421875,6.976
3603.286549197015,724.47998046875,8.274
3603.608678212011,595.10791015625,9.153
3603.9310521650186,595.10791015625,9.447
3604.252428509004,482.701171875,8.546
3604.5753353120235,1029.72900390625,8.391
3604.8974743730214,595.1083984375,9.036
3605.2212577520113,595.1083984375,9.447
3605.5434819020156,595.1083984375,9.757
3605.865653601999,984.7294921875,7.626
3606.189010018017,589.48388671875,8.571
3606.5119554420235,595.10888671875,9.37
3606.834081858018,595.10888671875,9.563
3607.1563360209984,456.74365234375,7.51
3607.4805530760204,724.4814453125,8.532
3607.8030067660147,595.109375,9.308
3608.1251174010104,595.109375,9.525
3608.4466716930037,456.744140625,7.938
3608.7698830100126,724.48193359375,8.507
3609.093121304002,595.10986328125,9.114
3609.414525636006,595.10986328125,9.641
3609.73654471201,489.64697265625,8.842
3610.0592881040066,1029.73095703125,7.665
3610.382095175999,589.4853515625,8.803
3610.704285423999,595.1103515625,9.37
3611.02656742002,595.1103515625,9.641
3611.3518657550158,456.7451171875,7.015
3611.6763861710206,510.7294921875,8.313
3611.9985364160093,595.11083984375,9.191
3612.3205296590168,595.11083984375,9.602
3612.6432501630043,456.74560546875,7.782
3612.9654145180248,724.4833984375,8.08
3613.289552451024,696.361328125,9.036
3613.611469081021,595.111328125,9.447
3613.93411278,595.111328125,9.308
3614.256998662022,533.23046875,7.626
3614.580957769009,589.48681640625,8.726
3614.9035964409995,595.11181640625,9.215
3615.225976093003,516.35546875,9.602
3615.551391447021,456.74658203125,7.288
3615.874343153002,724.484375,8.313
3616.197554675018,595.1123046875,9.23
3616.5198034710193,595.1123046875,9.486
3616.8419994330034,456.7470703125,7.938
3617.1646067690162,724.48486328125,8.158
3617.4882443210226,493.8564453125,9.153
3617.812259103026,595.11279296875,9.408
3618.1355165429995,599.5625,9.23
3618.457727380999,578.23193359375,7.626
3618.7806522940227,589.48828125,8.687
3619.103521941026,595.11328125,9.23
3619.4245805070095,595.11328125,9.68
3619.7458777069987,456.748046875,7.21
3620.069861249998,724.48583984375,8.274
3620.393163006025,599.42822265625,9.191
3620.715310348023,595.11376953125,9.525
3621.037290995999,456.74853515625,7.976
3621.359062833013,724.486328125,8.235
3621.682566738018,595.1142578125,8.997
3622.0051582550223,595.1142578125,9.602
3622.327723688999,595.1142578125,9.54
3622.649881299003,1029.7353515625,8.08
3622.974576703011,595.11474609375,9.075
3623.297079476004,595.11474609375,9.447
3623.619075958006,595.11474609375,9.796
3623.942988706025,456.74951171875,7.315
3624.266232721013,746.9873046875,8.43
3624.5965197629994,510.73388671875,9.331
3624.918814461009,595.115234375,9.525
3625.2408721240063,456.75,7.327
3625.562865593005,724.48779296875,8.196
3625.88588124502,595.11572265625,8.997
3626.2085736830195,499.666015625,9.563
3626.5303438130068,489.65283203125,8.881
3626.8526539310114,1029.73681640625,7.782
3627.174698662013,499.84228515625,8.881
3627.4976404500194,595.1162109375,9.37
3627.8202390570077,516.35986328125,9.718
3628.1430489680206,456.7509765625,7.132
3628.4654725260043,746.98876953125,8.507
3628.787399265013,595.11669921875,9.114
3629.1101605630247,516.3603515625,9.602
3629.4333481480135,456.75146484375,7.704
3629.7595677229983,724.4892578125,8.041
3630.0828618400265,595.1171875,8.959
3630.4075756579987,595.1171875,9.447
3630.729589148017,595.1171875,9.308
3631.051082552003,1029.73828125,7.626
3631.3735687300214,589.49267578125,8.803
3631.6962932520255,595.11767578125,9.292
3632.0197492590232,595.11767578125,9.757
3632.3423510230205,456.75244140625,7.21
3632.664248727,724.490234375,8.274
3632.9869185569987,621.12841796875,9.191
3633.308645596,595.1181640625,9.525
3633.6305604510126,456.7529296875,8.015
3633.952556557022,724.49072265625,8.158
3634.2748533760023,595.11865234375,9.036
3634.602504195005,595.11865234375,9.525
3634.925063647999,595.11865234375,9.385
3635.2474530760082,1029.73974609375,7.704
3635.5700832180155,589.494140625,8.726
3635.89286005302,595.25439453125,9.37
3636.2149379480106,595.119140625,9.602
3636.53799530401,456.75390625,7.132
3636.861832594004,724.49169921875,8.313
3637.185017473006,595.11962890625,9.23
3637.5073129410157,595.11962890625,9.525
3637.83101857602,456.75439453125,7.86
3638.153190358018,522.69482421875,8.08
3638.4748986970226,595.1201171875,8.92
3638.7971424170246,476.99072265625,9.486
3639.1194238650205,595.1201171875,9.602
3639.441277743026,984.7412109375,7.471
3639.764236912015,589.49560546875,8.493
3640.0864276350185,621.130859375,9.308
3640.4118061590125,595.12060546875,9.602
3640.7334326980053,456.75537109375,7.444
3641.0559158140095,724.4931640625,8.352
3641.379106827022,595.12109375,9.191
3641.702552859002,595.12109375,9.602
3642.023779859999,456.755859375,8.196
3642.3473950470216,724.49365234375,8.391
3642.67207178002,499.671875,9.23
3642.9971146070166,595.12158203125,9.447
3643.322476868023,489.65869140625,9.23
3643.646702444006,1029.74267578125,7.782
3643.9687874579977,589.4970703125,8.803
3644.2910613420245,595.1220703125,9.447
3644.6129682660103,595.1220703125,9.602
3644.9342878080206,456.7568359375,7.276
3645.2576557480206,746.99462890625,8.532
3645.5809520040057,595.12255859375,9.153
3645.9034262770147,595.12255859375,9.602
3646.2248311940057,456.75732421875,7.587
3646.547272535012,724.4951171875,8.08
3646.8697145160113,505.29833984375,9.036
3647.1922405630175,595.123046875,9.408
3647.51689123502,635.75830078125,9.23
3647.839085428015,1029.744140625,7.548
3648.1608576510043,589.49853515625,8.726
3648.4832717220124,595.12353515625,9.292
3648.806716682011,499.849609375,9.68
3649.127669991023,456.75830078125,7.21
3649.448501183011,724.49609375,8.313
3649.771735092014,595.1240234375,9.153
3650.0950188260176,595.1240234375,9.563
3650.416933033004,456.7587890625,8.132
3650.7390712490014,724.49658203125,8.352
3651.063127523026,595.12451171875,9.23
3651.384946013015,595.12451171875,9.525
3651.7089781880204,489.66162109375,9.114
3652.0303364670253,1029.74560546875,7.924
3652.353653988015,617.62451171875,8.997
3652.6755987840006,595.125,9.37
3652.9983725400234,505.30029296875,9.796
3653.3198862770223,456.759765625,7.432
3653.6424025810265,746.99755859375,8.493
3653.965734693018,626.7607421875,9.292
3654.2887363250193,595.12548828125,9.563
3654.61227858701,456.716796875,7.432
3654.935473283025,724.45458984375,7.886
3655.259005077998,488.201171875,8.997
3655.5818811350036,595.08251953125,9.408
3655.9051972410234,621.0927734375,9.23
3656.228572548018,1029.703125,7.587
3656.5516851560096,589.45751953125,8.765
3656.874666240008,595.08251953125,9.331
3657.196678068023,595.08251953125,9.68
3657.5184485420177,456.71728515625,7.587
3657.8415767650004,746.955078125,8.61
3658.164120387024,595.0830078125,9.269
3658.486488194001,595.0830078125,9.68
3658.809978764999,456.7177734375,7.51
3659.1323886520113,724.45556640625,8.391
3659.453723169019,595.08349609375,9.114
3659.776385353005,595.08349609375,9.602
3660.098263890017,489.62060546875,8.765
3660.4209284080134,1029.70458984375,7.704
3660.7438306630065,621.09423828125,8.842
3661.0670243850036,595.083984375,9.292
3661.391131549026,621.09423828125,9.718
3661.7153056590178,456.71875,7.315
3662.036818866007,746.95654296875,8.493
3662.3593453260255,595.08447265625,9.269
3662.681261395017,595.08447265625,9.602
3663.0062075320166,456.71923828125,7.471
3663.328411706025,724.45703125,8.041
3663.6504686100234,510.70361328125,9.036
3663.972413445008,595.0849609375,9.408
3664.295050817018,615.47021484375,9.269
3664.617623003025,1029.7060546875,7.743
3664.9407823470247,589.46044921875,8.726
3665.263970842003,516.3349609375,9.447
3665.5861810280185,595.08544921875,9.641
3665.907288739021,456.72021484375,7.393
3666.231231917016,746.9580078125,8.571
3666.5532759820053,595.0859375,9.23
3666.8761698400194,595.0859375,9.68
3667.20029011101,456.720703125,7.548
3667.5230025830097,724.45849609375,8.274
3667.845094968012,595.08642578125,9.036
3668.1708188510092,499.46630859375,9.563
3668.492407822021,489.62353515625,8.881
3668.815559381008,1029.70751953125,8.002
3669.138335021009,595.0869140625,8.881
3669.4598786120187,494.18798828125,9.486
3669.781509694003,595.0869140625,9.796
3670.103362704016,456.7216796875,7.354
3670.4254622180015,746.95947265625,8.493
3670.749085631018,595.08740234375,9.292
3671.071507717017,595.08740234375,9.525
3671.4008243069984,456.72216796875,7.288
3671.723874448013,724.4599609375,8.391
3672.045347471023,499.81396484375,9.191
3672.3678752859996,595.087890625,9.525
3672.691585930006,491.1875,8.585
3673.013504055998,1029.708984375,7.847
3673.335252030025,595.08837890625,8.842
3673.657370835019,595.0888671875,9.37
3673.980605298013,595.08837890625,9.68
3674.303507555014,456.72314453125,7.237
3674.6258630700177,746.9609375,8.352
3674.950039424002,621.09912109375,9.23
3675.273081299005,595.0888671875,9.525
3675.5962881090236,456.7236328125,7.432
3675.919037590007,724.46142578125,8.313
3676.240787606017,595.08935546875,8.997
3676.5641709650226,595.08935546875,9.563
3676.886386406026,489.62646484375,8.765
3677.2098733510065,1029.71044921875,7.471
3677.5328201470256,589.46484375,8.648
3677.855095845007,595.08984375,9.37
3678.17842527802,595.08984375,9.563
3678.5024047510233,456.724609375,7.288
3678.824770050007,746.96240234375,8.532
3679.1472914820188,595.09033203125,9.114
3679.4694949490076,505.265625,9.641
3679.7911976930045,456.72509765625,7.626
3680.113416167005,724.462890625,8.002
3680.435651953012,595.0908203125,8.997
3680.757772247016,595.0908203125,9.486
3681.0808280630154,595.0908203125,9.385
3681.403760482004,1029.7119140625,7.886
3681.7265567030117,589.46630859375,8.842
3682.048734532,595.09130859375,9.447
3682.3722814040084,595.09130859375,9.68
3682.6933720220113,456.72607421875,7.315
3683.0163380070007,746.9638671875,8.532
3683.3382961440075,595.091796875,9.176
3683.660825758998,595.091796875,9.68
3683.987241251016,456.7265625,7.51
3684.310062491015,724.46435546875,8.196
3684.6333568050177,595.09228515625,9.075
3684.955954772013,635.7275390625,9.525
3685.278543713008,489.62939453125,8.959
3685.60086707602,1029.71337890625,7.963
3685.922703156015,595.0927734375,8.92
3686.2459931460035,595.0927734375,9.37
3686.5684462400095,595.0927734375,9.757
3686.8903283030086,456.7275390625,7.393
3687.2137448560097,746.96533203125,8.493
3687.5367777460197,595.09326171875,9.331
3687.8589520740206,595.09326171875,9.525
3688.1801071310183,456.72802734375,7.327
3688.5024120860035,724.4658203125,8.274
3688.8248770160135,595.09375,8.997
3689.1481726960046,595.09375,9.525
3689.469177152001,489.630859375,8.842
3689.7916388800077,1029.71484375,7.626
3690.1141402240028,593.78369140625,8.726
3690.4351657980005,595.09423828125,9.37
3690.7584324180207,595.09423828125,9.602
3691.079790677002,456.72900390625,7.198
3691.4031934280065,746.966796875,8.532
3691.725599277008,595.0947265625,9.153
3692.047480658017,595.0947265625,9.641
3692.373924356012,456.7294921875,7.626
3692.696967540018,724.46728515625,8.196
3693.0190417260164,595.09521484375,9.114
3693.340822138998,595.09521484375,9.563
3693.6651684420067,489.63232421875,8.997
3693.9903399930045,1029.71630859375,7.665
3694.313432743016,589.470703125,8.803
3694.6356372340233,595.095703125,9.37
3694.958363249025,595.095703125,9.641
3695.2792516880145,456.73046875,7.093
3695.601737532008,544.5087890625,8.391
3695.9237598699983,595.09619140625,9.153
3696.2465413070167,595.09619140625,9.525
3696.570104470011,456.73095703125,7.782
3696.8920663240133,724.46875,8.274
3697.2141863910074,595.0966796875,9.114
3697.5367176720174,595.0966796875,9.563
3697.8606944490166,489.6337890625,8.959
3698.183369959006,1029.7177734375,7.665
3698.505148633005,589.47216796875,8.803
3698.827107923018,595.09716796875,9.408
3699.149482331006,595.09716796875,9.602
3699.473538243008,456.73193359375,7.393
3699.7965268820117,746.9697265625,8.507
3700.118767747015,595.09765625,9.23
3700.4397600200027,595.09765625,9.68
3700.7644520180183,456.732421875,7.548
3701.0869557390106,724.47021484375,8.158
3701.4088931340084,595.09814453125,9.114
3701.730774430005,595.09814453125,9.486
3702.053516623011,489.63525390625,9.075
3702.376036054018,1029.71923828125,8.002
3702.698525884014,595.0986328125,8.997
3703.0214509940124,595.0986328125,9.37
3703.344602063007,595.0986328125,9.796
3703.670356111019,456.7333984375,7.665
3703.9934667310154,746.97119140625,8.687
3704.315629760007,595.09912109375,9.269
3704.638518832013,621.109375,9.68
3704.960611043003,456.73388671875,7.171
3705.2829652450164,724.4716796875,8.158
3705.6056409960147,595.099609375,8.997
3705.928746043006,611.97412109375,9.525
3706.251277722011,489.63671875,8.803
3706.5743061240064,1029.720703125,7.782
3706.896621827007,482.59375,8.881
3707.2192136670055,595.10009765625,9.37
3707.5425972490048,635.7353515625,9.757
3707.865025306004,456.73486328125,7.471
3708.187041794008,746.97265625,8.493
3708.509371541004,493.84423828125,9.331
3708.8319462580257,595.1005859375,9.563
3709.1566960010095,456.7353515625,7.366
3709.478827050014,724.47314453125,8.274
3709.80084628801,595.10107421875,8.997
3710.123388872016,595.10107421875,9.525
3710.446505270025,489.63818359375,8.842
3710.7691184160067,1029.72216796875,7.769
3711.0919121440093,595.1015625,8.881
3711.4141529220215,595.1015625,9.37
3711.7372402600013,499.65185546875,9.718
3712.057674600015,456.736328125,7.237
3712.3808617810137,746.97412109375,8.532
3712.7029192210175,595.10205078125,9.191
3713.025915418024,595.10205078125,9.602
3713.3489831670013,456.73681640625,7.587
3713.670959419018,724.474609375,8.196
3713.9929819440003,595.1025390625,9.036
3714.315164314001,595.1025390625,9.486
3714.638231902005,489.6396484375,8.959
3714.9615280740254,1029.7236328125,8.002
3715.285203587002,595.10302734375,8.881
3715.607869269006,696.35302734375,9.447
3715.9305107260006,595.10302734375,9.796
3716.251325199002,456.73779296875,7.315
3716.57306985202,746.9755859375,8.416
3716.8957384450187,595.103515625,9.292
3717.2177293450222,595.103515625,9.525
3717.540493651002,456.73828125,7.366
3717.8631351680087,724.47607421875,8.391
3718.186528969003,599.5537109375,9.153
3718.5093862040085,595.10400390625,9.525
3718.8315192840237,489.64111328125,8.624
3719.1538817800174,1029.72509765625,7.73
3719.4751458320243,595.1044921875,8.92
3719.798729717004,595.1044921875,9.331
3720.121029777016,595.1044921875,9.718
3720.446559494012,456.7392578125,7.743
3720.769768963015,746.97705078125,8.726
3721.093521748,595.10498046875,9.23
3721.4164873660193,595.10498046875,9.718
3721.739829734026,456.73974609375,7.093
3722.0613319990225,724.4775390625,8.313
3722.384494902013,599.55517578125,9.153
3722.707177083008,595.10546875,9.486
3723.0297438030248,489.642578125,8.663
3723.3523370510084,1029.7265625,7.924
3723.674645007006,595.10595703125,8.881
3723.9971238180005,595.1064453125,9.37
3724.3193479620095,595.10595703125,9.757
3724.6401963090175,984.72705078125,8.119
3724.9625720740005,589.4814453125,8.765
3725.285075554013,595.1064453125,9.447
3725.6073111840233,595.1064453125,9.641
3725.9316190850222,456.7412109375,7.093
3726.254486737016,724.47900390625,8.235
3726.5767001560016,595.10693359375,9.114
3726.9010580090107,595.10693359375,9.525
3727.2226583790034,492.45654296875,8.391
3727.544503335026,1029.72802734375,7.963
3727.867819066014,595.107421875,8.92
3728.1916024300153,595.107421875,9.408
3728.5133785800135,595.107421875,9.873
3728.837277308019,456.7421875,7.432
3729.161083838,746.97998046875,8.571
3729.4830648270145,595.10791015625,9.215
3729.805379076017,516.3515625,9.641
3730.1274524830224,456.74267578125,7.171
3730.452518355014,724.48046875,8.43
3730.7756326330127,595.1083984375,9.23
3731.0981207100267,595.1083984375,9.447
3731.4219685810094,492.4580078125,8.507
3731.743654099002,724.48095703125,8.391
3732.064746537013,595.10888671875,9.153
3732.3879217409994,595.10888671875,9.641
3732.710122956021,595.10888671875,9.447
3733.03312736901,1029.72998046875,7.743
3733.355034459004,589.484375,8.765
3733.67718703,595.109375,9.292
3733.9997045430064,595.109375,9.641
3734.3255064680125,456.744140625,7.093
3734.6479174470005,724.48193359375,8.235
3734.9726592670195,499.66015625,9.191
3735.2949643520114,595.10986328125,9.486
3735.6172674530244,456.74462890625,7.976
3735.939824772009,724.482421875,8.158
3736.2625496470137,617.60986328125,9.114
3736.5847996250086,595.1103515625,9.486
3736.907100900018,482.60400390625,9.23
3737.229355804011,1029.7314453125,8.002
3737.5518272910267,595.11083984375,9.036
3737.874396255007,595.11083984375,9.37
3738.196683702001,595.11083984375,9.757
3738.518049418024,456.74560546875,7.548
3738.8402464610117,746.9833984375,8.532
3739.1639166469977,595.111328125,9.292
3739.4854191660124,595.111328125,9.563
3739.806869587017,456.74609375,7.327
3740.1290308820026,724.48388671875,8.313
3740.453401733015,595.11181640625,9.114
3740.7753747960087,595.11181640625,9.563
3741.09710836102,489.64892578125,8.701
3741.4193579120038,1029.73291015625,7.847
3741.7414442900044,595.1123046875,8.881
3742.062539717008,595.1123046875,9.408
3742.3864268330217,595.1123046875,9.834
3742.7096816690173,456.7470703125,7.665
3743.032290464005,746.98486328125,8.687
3743.3549445390236,595.11279296875,9.292
3743.677116452018,499.4814453125,9.68
3743.9998676190153,456.74755859375,7.132
3744.322174735018,724.4853515625,8.235
3744.646711216017,595.11328125,9.036
3744.9695596650126,595.11328125,9.486
3745.291871964,489.650390625,8.663
3745.6138131440093,1029.734375,7.626
3745.9359391629987,621.1240234375,8.765
3746.258172545,595.11376953125,9.269
3746.581044831022,595.11376953125,9.68
3746.9026624770195,456.74853515625,7.171
3747.2263911460177,746.986328125,8.507
3747.548795092007,595.1142578125,9.191
3747.8714560400113,595.1142578125,9.641
3748.1948453990044,456.7490234375,7.587
3748.518494606018,724.48681640625,8.08
3748.840982394002,499.505859375,9.036
3749.163402689999,595.11474609375,9.408
3749.487708624016,482.6083984375,9.23
3749.8108734920097,1029.73583984375,7.665
3750.1334336630243,589.490234375,8.687
3750.459139329003,615.50048828125,9.408
3750.7808567480242,595.115234375,9.602
3751.1059769830026,456.75,7.21
3751.429584712023,589.4873046875,8.546
3751.751895463007,595.11572265625,9.191
3752.071880525007,595.1162109375,9.602
3752.3937735299987,456.75048828125,7.821
3752.7162543340237,724.48828125,8.119
3753.038819237001,482.60986328125,9.075
3753.3609138160245,595.1162109375,9.486
3753.683851114998,599.56591796875,9.308
3754.0062411300023,1029.7373046875,7.704
3754.328461408004,589.49169921875,8.726
3754.6520587300183,533.2353515625,9.447
3754.9748540060245,595.11669921875,9.602
3755.296782080026,456.75146484375,7.132
3755.6199245669995,758.18212890625,8.43
3755.941970373009,595.1171875,9.191
3756.2645970950252,595.1171875,9.525
3756.586249924003,456.751953125,7.782
3756.9088039390044,724.48974609375,8.158
3757.2323586630228,595.11767578125,9.153
3757.5554624250217,595.11767578125,9.486
3757.8784321020066,489.65478515625,9.114
3758.2003264090163,1029.73876953125,7.886
3758.522881668003,617.61767578125,8.959
3758.8447031720134,595.1181640625,9.37
3759.168741431,499.48681640625,9.757
3759.4907271950215,456.7529296875,7.249
3759.813768071006,746.99072265625,8.468
3760.1373134130263,595.11865234375,9.153
3760.4619551170035,595.11865234375,9.602
3760.7857303230267,456.75341796875,7.51
3761.1087485070166,724.4912109375,8.235
3761.431710593024,595.119140625,9.075
3761.7537937010056,595.119140625,9.602
3762.0746680910233,489.65625,8.92
3762.396991270012,1029.703125,7.51
3762.719465719012,589.45751953125,8.687
3763.041752481018,595.08251953125,9.215
3763.364356500999,595.08251953125,9.68
3763.687882605009,456.716796875,7.21
3764.010692328011,724.45458984375,8.313
3764.3341569550103,595.08251953125,9.269
3764.657468073012,595.08251953125,9.525
3764.9811240350245,456.71728515625,7.899
3765.303745652025,724.455078125,8.313
3765.625830769015,595.0830078125,9.153
3765.949002359004,595.0830078125,9.525
3766.272824789019,489.6201171875,8.997
3766.5952488930197,1029.7041015625,7.886
3766.918653066008,595.08349609375,8.959
3767.241075440019,595.08349609375,9.37
3767.5631930030067,595.08349609375,9.757
3767.8860571540135,456.71826171875,7.704
3768.2082601260045,746.9560546875,8.687
3768.530526749004,595.083984375,9.254
3768.853290926025,599.3984375,9.602
3769.1770907250175,456.71875,7.132
3769.498866511014,724.45654296875,8.235
3769.8214064860076,595.08447265625,8.997
3770.144666424021,595.08447265625,9.563
3770.470515450026,489.62158203125,8.779
3770.7948575720075,1029.70556640625,7.808
3771.1172654110123,595.0849609375,8.881
3771.4396189120016,595.0849609375,9.408
3771.7622057970148,595.0849609375,9.757
3772.084264533012,456.7197265625,7.249
3772.406665938004,746.95751953125,8.507
3772.729959984019,595.08544921875,9.23
3773.052021887008,595.08544921875,9.602
3773.3747965840157,456.72021484375,7.548
3773.6979067170178,724.4580078125,8.002
3774.020082127012,595.0859375,8.842
3774.3433031110035,595.0859375,9.486
3774.6658201320097,595.0859375,9.486
3774.9866513610177,984.70703125,7.704
3775.3091796450026,589.46142578125,8.687
3775.6330756290117,595.08642578125,9.292
3775.9553023330227,595.08642578125,9.602
3776.2776671210013,456.72119140625,7.093
3776.600039333018,724.458984375,8.196
3776.9217436480103,595.0869140625,9.075
3777.245526984014,617.58642578125,9.602
3777.5685210740194,471.33642578125,8.274
3777.890555607999,1029.7080078125,8.158
3778.213231476024,595.08740234375,9.036
3778.535391005018,595.08740234375,9.408
3778.8579936860187,595.08740234375,9.873
3779.180546700023,984.70849609375,7.821
3779.5018869320047,589.462890625,8.765
3779.8239364070178,595.087890625,9.331
3780.1472164870065,595.087890625,9.525
3780.470485366008,456.72265625,7.171
3780.7926046980137,724.46044921875,8.235
3781.114794527006,595.08837890625,9.036
3781.4373093920003,476.958984375,9.563
3781.7618161400023,493.71923828125,8.196
3782.0821087440127,1029.70947265625,7.626
3782.4045156350185,595.0888671875,8.842
3782.7267941370083,595.0888671875,9.331
3783.0499989460222,595.0888671875,9.68
3783.374180910003,456.7236328125,7.587
3783.6957940410066,746.96142578125,8.61
3784.0180676770105,595.08935546875,9.23
3784.339905487024,595.08935546875,9.563
3784.664410406025,456.72412109375,7.21
3784.9867889400048,724.4619140625,8.158
3785.309530046012,595.08984375,8.959
3785.631896514009,499.64013671875,9.563
3785.9542595579987,489.626953125,8.881
3786.2773454120033,1029.7109375,7.548
3786.5991897470085,589.46533203125,8.687
3786.921417264006,505.265625,9.37
3787.2436154660245,595.09033203125,9.563
3787.5667896100204,456.72509765625,7.249
3787.889473718009,544.81396484375,8.43
3788.2114695440105,595.0908203125,9.191
3788.53393089,595.0908203125,9.563
3788.8555828940007,456.7255859375,7.782
3789.1789118880115,724.46337890625,8.08
3789.502505116019,615.4765625,9.114
3789.8261483290116,595.09130859375,9.447
3790.148571048019,595.091796875,9.269
3790.469654835004,1029.71240234375,7.626
3790.793529927003,589.466796875,8.726
3791.1161164900113,595.091796875,9.23
3791.4379041100037,595.091796875,9.718
3791.761655868002,456.7265625,7.354
3792.0826362570224,746.96435546875,8.532
3792.407044870022,595.09228515625,9.269
3792.7307396960096,599.40673828125,9.641
3793.0530228850257,456.72705078125,7.704
3793.376014899026,724.46484375,8.119
3793.6987815600005,516.34228515625,9.114
3794.0235704740044,595.0927734375,9.37
3794.348080303025,482.58935546875,9.191
3794.670846931025,1029.7138671875,7.86
3794.993218120013,589.46826171875,8.842
3795.3155102000164,595.09326171875,9.408
3795.638630727015,595.09326171875,9.641
3795.9617664550024,456.72802734375,7.471
3796.284028869006,746.9658203125,8.454
3796.6077448090073,488.21240234375,9.331
3796.929364542011,595.09375,9.563
3797.2533984120237,456.728515625,7.393
3797.5758188780164,724.46630859375,8.313
3797.897890594002,595.09423828125,9.036
3798.221194452024,595.09423828125,9.563
3798.5434788790008,489.63134765625,8.842
3798.8656269159983,1029.71533203125,7.924
3799.1879601120017,595.0947265625,8.842
3799.5099855830194,595.09521484375,9.447
3799.8317396200146,595.0947265625,9.757
3800.1534495580127,456.7294921875,7.587
3800.477009549999,746.96728515625,8.687
3800.7998897070065,595.09521484375,9.215
3801.1221712820115,621.10546875,9.602
3801.4450735190185,456.72998046875,7.249
3801.7671595330175,724.4677734375,8.391
3802.0886241150147,595.095703125,9.23
3802.4119340140023,595.095703125,9.525
3802.734177568025,479.77978515625,8.546
3803.056449507014,1029.716796875,7.808
3803.3784905560024,595.09619140625,8.803
3803.7006108400237,716.7314453125,9.408
3804.0234739360167,595.09619140625,9.757
3804.344494273013,456.73095703125,7.171
3804.671106117021,746.96875,8.377
3804.995106342016,499.46533203125,9.254
3805.3193487510143,595.0966796875,9.525
3805.643939237023,456.7314453125,7.354
3805.967137254018,724.46923828125,7.963
3806.29031453302,595.09716796875,9.036
3806.6126303390192,595.09716796875,9.408
3806.9365156130225,489.63427734375,9.153
3807.259009313013,1029.71826171875,8.041
3807.5822193589993,595.09765625,8.997
3807.904515099013,595.09765625,9.447
3808.2263715890003,595.09765625,9.757
3808.5477641260077,456.732421875,7.432
3808.869638728007,746.97021484375,8.468
3809.1926214030245,595.09814453125,9.292
3809.5135287030134,595.09814453125,9.525
3809.8410919989983,456.73291015625,7.327
3810.1630858990247,724.470703125,8.313
3810.4854184670257,595.0986328125,9.075
3810.80772649101,595.0986328125,9.602
3811.1328861090005,489.6357421875,8.701
3811.4568054560223,1029.703125,7.743
3811.779433585005,595.08251953125,8.881
3812.101059629,595.08251953125,9.331
3812.4240071610257,505.08203125,9.796
3812.747678849002,456.716796875,7.315
3813.0711583690136,746.95458984375,8.468
3813.3934632510063,488.201171875,9.292
3813.7163227460114,595.08251953125,9.563
3814.0422631570254,456.71728515625,7.354
3814.366683414002,724.455078125,8.119
3814.690250678017,595.0830078125,8.997
3815.0131482210127,599.3974609375,9.447
3815.337337683013,489.6201171875,8.92
3815.662959903013,1029.7041015625,7.665
3815.9871158280002,593.908203125,8.803
3816.3105645890173,595.08349609375,9.331
3816.633225351019,599.39794921875,9.68
3816.954314503004,456.71826171875,7.21
3817.278079850017,746.9560546875,8.507
3817.6023093740223,595.083984375,9.153
3817.9245043900155,595.083984375,9.602
3818.245900782,456.71875,7.626
3818.568319677026,724.45654296875,8.08
3818.8905469160236,595.08447265625,9.075
3819.214006265014,595.08447265625,9.408
3819.538344302011,489.62158203125,9.23
3819.8626462740067,1029.70556640625,7.704
3820.187873111019,589.4599609375,8.765
3820.5091991930094,595.0849609375,9.408
3820.8317522650177,595.0849609375,9.563
3821.1558677639987,456.7197265625,7.471
3821.4813061270106,746.95751953125,8.532
3821.80369733501,595.08544921875,9.331
3822.126667125005,595.08544921875,9.563
3822.449355527002,456.72021484375,7.483
3822.7711613680003,724.4580078125,8.43
3823.0931449750206,595.0859375,9.153
3823.417951919022,595.0859375,9.563
3823.739881603018,489.623046875,8.663
3824.062099970004,1029.70703125,7.769
3824.384533703007,595.08642578125,8.881
3824.7063761180034,595.08642578125,9.37
3825.0284336449986,595.08642578125,9.718
3825.3494484750263,456.72119140625,7.198
3825.6745997810212,746.958984375,8.377
3825.998021774023,599.53662109375,9.191
3826.3208558390033,595.0869140625,9.525
3826.6448179470026,456.7216796875,7.432
3826.966724521015,724.45947265625,8.313
3827.2888287010137,595.08740234375,9.036
3827.6129992310016,516.3369140625,9.602
3827.9348667300073,489.62451171875,8.842
3828.258839107002,1029.70849609375,7.847
3828.5825439540204,595.087890625,8.959
3828.9047545040085,595.087890625,9.408
3829.2282018999977,595.087890625,9.757
3829.5512654409977,456.72265625,7.704
3829.8734599260206,746.96044921875,8.726
3830.195545317023,595.08837890625,9.269
3830.517062046012,499.814453125,9.718
3830.8381931610056,456.72314453125,7.51
3831.1602745180135,724.4609375,8.391
3831.4851207470056,595.0888671875,9.191
3831.807775085006,617.58837890625,9.641
3832.130933090026,491.02001953125,8.274
3832.4531888519996,724.46142578125,8.352
3832.7760089870135,595.08935546875,9.075
3833.098905092018,595.08935546875,9.563
3833.423767350003,595.08935546875,9.463
3833.7466682230006,1029.71044921875,7.821
3834.069330270024,589.46484375,8.765
3834.3917754440045,595.08984375,9.447
3834.7147298530035,595.08984375,9.602
3835.0351557820104,456.724609375,7.393
3835.359502434003,746.96240234375,8.571
3835.684660796018,595.09033203125,9.215
3836.0090285040205,595.09033203125,9.602
3836.3341418390046,456.72509765625,7.471
3836.6571655590087,724.462890625,8.274
3836.9799901040096,595.0908203125,9.075
3837.3024120400078,533.20947265625,9.525
3837.625830878009,489.6279296875,8.92
3837.9484135880193,1029.7119140625,7.924
3838.2707640320004,595.09130859375,8.881
3838.5927113250073,595.09130859375,9.408
3838.9150480090175,595.09130859375,9.718
3839.2388619300036,456.72607421875,7.587
3839.5608205180033,746.9638671875,8.687
3839.8828345960064,595.091796875,9.23
3840.2063532410248,599.40625,9.602
3840.52781107201,456.7265625,7.249
3840.8499637130008,724.46435546875,8.391
3841.172974882007,595.09228515625,9.153
3841.4950181739987,595.09228515625,9.486
3841.8166493220197,479.873046875,8.507
3842.1406358540116,1029.71337890625,7.782
3842.463744592009,595.0927734375,8.842
3842.78715580501,595.09326171875,9.37
3843.109160117019,595.0927734375,9.757
3843.433865842002,456.7275390625,7.471
3843.755730436009,746.96533203125,8.532
3844.0777521230048,595.09326171875,9.269
3844.3994006110006,595.09326171875,9.563
3844.7219921430224,456.72802734375,7.327
3845.0442958870262,724.4658203125,8.002
3845.3672693840053,595.09375,9.036
3845.6893379820103,595.09375,9.408
3846.0117352649977,489.630859375,9.075
3846.3332371200086,1029.71484375,7.548
3846.657371683017,589.46923828125,8.765
3846.979601341998,595.09423828125,9.292
3847.3020966730255,595.09423828125,9.68
3847.6235672940093,456.72900390625,7.51
3847.9479743450065,746.966796875,8.61
3848.2702542430197,595.0947265625,9.23
3848.593456447008,595.0947265625,9.718
3848.922075975017,456.7294921875,7.51
3849.245011032006,724.46728515625,8.119
3849.5670825359994,595.09521484375,9.075
3849.889928821998,595.09521484375,9.486
3850.215587084007,489.63232421875,8.92
3850.5373068930057,1029.71630859375,7.808
3850.860283070011,493.83935546875,8.881
3851.1829686750134,595.095703125,9.331
3851.5039300229982,655.98095703125,9.68
3851.8273175409995,456.73046875,7.315
3852.1493847860256,746.96826171875,8.454
3852.4728060320194,595.09619140625,9.254
3852.7961851970176,595.09619140625,9.563
3853.1184649920033,456.73095703125,7.51
3853.443297106016,724.46875,8.532
3853.7664604210004,499.64697265625,9.23
3854.0890935400093,595.0966796875,9.486
3854.413252827013,488.21533203125,8.585
3854.735135868017,1029.7177734375,8.158
3855.058596537012,595.09716796875,9.075
3855.3809286180185,595.09716796875,9.408
3855.70329046002,510.7216796875,9.912
3856.0254467260092,984.71826171875,7.86
3856.3472435529984,589.47265625,8.726
3856.669775672024,595.09765625,9.408
3856.9918253729993,595.09765625,9.641
3857.3139711719996,456.732421875,7.288
3857.635835617024,724.47021484375,8.313
3857.9576379790087,595.09814453125,9.075
3858.2815711070143,595.09814453125,9.602
3858.6040282130125,472.81298828125,8.196
3858.927264003025,521.97021484375,8.274
3859.2500047010253,595.0986328125,8.997
3859.5741889420024,499.64892578125,9.563
3859.896235342021,595.0986328125,9.563
3860.2178599650215,690.7177734375,7.743
3860.539400201,589.47412109375,8.765
3860.861469257012,595.09912109375,9.254
3861.1858822710055,655.984375,9.641
3861.5078472250025,456.73388671875,7.288
3861.8307370780094,724.4716796875,8.313
3862.1533182790154,599.54931640625,9.191
3862.4750104210107,595.099609375,9.563
3862.796746949025,456.734375,8.054
3863.1194461050036,724.47216796875,8.235
3863.442653406004,516.349609375,9.191
3863.7649842270184,595.10009765625,9.447
3864.0883883360075,482.59375,9.191
3864.4102758430236,1029.72119140625,7.963
3864.733203485026,516.35009765625,8.997
3865.0550900310045,595.1005859375,9.37
3865.3781982540095,499.65087890625,9.757
3865.701448338019,456.7353515625,7.86
3866.0243803950143,746.97314453125,8.803
3866.3465719100204,595.10107421875,9.292
3866.6690635000123,595.10107421875,9.718
3866.9911288670264,456.73583984375,7.171
3867.3131102610205,724.4736328125,8.274
3867.6352864460205,595.1015625,9.075
3867.957348994998,595.1015625,9.525
3868.279841126001,489.638671875,8.701
3868.6019288270036,1029.72265625,8.08
3868.9238326800114,595.10205078125,8.881
3869.2464159180236,595.10205078125,9.486
3869.568514401006,595.10205078125,9.873
3869.893077937013,456.73681640625,7.548
3870.2154003310134,746.974609375,8.61
3870.538109588,595.1025390625,9.23
3870.8610770300147,595.1025390625,9.68
3871.182254453015,456.7373046875,7.132
3871.503387265024,724.47509765625,8.391
3871.82637157102,595.10302734375,9.191
3872.1484270090004,595.10302734375,9.486
3872.469890168024,492.45263671875,8.585
3872.7935921630124,1029.72412109375,8.43
3873.1157941330166,595.103515625,9.075
3873.4389005840058,493.84716796875,9.641
3873.7614519740164,595.103515625,9.641
3874.0834144780238,984.724609375,7.51
3874.4057825960044,589.47900390625,8.571
3874.7279603070056,599.41845703125,9.269
3875.0502134440176,595.10400390625,9.563
3875.372805217019,456.73876953125,6.976
3875.700114031002,724.4765625,8.041
3876.02231318102,595.1044921875,8.92
3876.3481128480053,595.1044921875,9.525
3876.670061300014,489.6416015625,8.765
3876.992035447998,1029.7255859375,7.808
3877.3146523710166,595.10498046875,8.881
3877.636373387999,595.10498046875,9.37
3877.9591463170073,595.10498046875,9.757
3878.282713866007,456.73974609375,7.821
3878.6049926950072,746.9775390625,8.765
3878.9272435230087,595.10546875,9.254
3879.250037506019,595.10546875,9.68
3879.5702522560023,456.740234375,7.743
3879.8941818650055,724.47802734375,8.493
3880.2172255199985,626.7412109375,9.308
3880.539474489022,595.10595703125,9.563
3880.8616372150136,456.74072265625,8.015
3881.1848397860012,724.478515625,8.196
3881.510550003004,595.1064453125,9.075
3881.8327628090046,595.1064453125,9.525
3882.1552021829993,595.1064453125,9.408
3882.4786473220156,1029.7275390625,7.743
3882.8017447990132,589.48193359375,8.803
3883.123552852019,595.10693359375,9.331
3883.446355982014,595.10693359375,9.757
3883.7727772940125,456.74169921875,7.093
3884.094818409998,724.4794921875,8.196
3884.4189040500205,615.49267578125,9.191
3884.741368445015,595.107421875,9.525
3885.0632715070096,456.7421875,8.015
3885.385440210026,1029.728515625,8.08
3885.7083250990254,595.10791015625,9.036
3886.031142466003,595.10791015625,9.408
3886.353736879013,595.10791015625,9.834
3886.676554308011,623.22705078125,7.938
3887.0006144080253,589.4833984375,8.959
3887.323501183011,595.1083984375,9.331
3887.648509860999,499.83447265625,9.757
3887.9717283600185,456.7431640625,7.288
3888.2931648390077,724.48095703125,8.313
3888.615481639019,635.744140625,9.23
3888.9380099030095,595.10888671875,9.525
3889.260834943998,456.74365234375,7.976
3889.582663725014,724.4814453125,8.196
3889.9056529000227,595.109375,8.997
3890.2283516000025,595.109375,9.525
3890.550081303023,595.109375,9.486
3890.87302772401,1029.73046875,7.782
3891.1952877500153,589.48486328125,8.726
3891.5211692540033,626.7451171875,9.486
3891.8433707180084,595.10986328125,9.602
3892.1666465560265,456.74462890625,8.015
3892.4887842400058,746.982421875,8.842
3892.8111043620156,595.1103515625,9.346
3893.133312384016,615.49560546875,9.641
3893.459887288016,456.7451171875,7.249
3893.7827442290145,724.48291015625,8.391
3894.10518150602,493.8603515625,9.153
3894.4273266110104,595.11083984375,9.486
3894.749236923002,494.869140625,8.585
3895.071212485025,1029.73193359375,7.808
3895.393675105006,595.111328125,8.803
3895.716604270012,626.74658203125,9.447
3896.0391568120103,595.111328125,9.757
3896.3612808260077,456.74609375,7.393
3896.683780596999,746.98388671875,8.493
3897.0059290270146,595.11181640625,9.331
3897.327928651008,595.11181640625,9.525
3897.649923442019,456.74658203125,7.366
3897.972717143013,724.484375,8.119
3898.294977447018,595.1123046875,8.959
3898.617391548003,599.56201171875,9.525
3898.9401908800064,489.6494140625,8.881
3899.2627090160095,1029.7333984375,7.847
3899.5848322260135,595.11279296875,8.959
3899.907149618026,595.11279296875,9.331
3900.229438880022,595.11279296875,9.718
3900.550813996,456.74755859375,7.51
3900.87334531502,746.9853515625,8.493
3901.1963599480223,595.11328125,9.308
3901.520189906005,595.11328125,9.563
3901.840583544021,456.748046875,7.51
3902.162879524025,724.48583984375,8.468
3902.484073286003,595.11376953125,9.308
3902.806459541025,595.11376953125,9.525
3903.129847305012,492.46337890625,8.391
3903.453184954007,1029.73486328125,8.158
3903.776207359013,595.1142578125,9.036
3904.098561131017,595.1142578125,9.37
3904.4211317740264,595.1142578125,9.912
3904.744737687026,1029.7353515625,8.119
3905.0674964970094,589.48974609375,8.959
3905.391080776026,595.11474609375,9.525
3905.7137351650163,595.11474609375,9.641
3906.035861053999,456.74951171875,7.21
3906.359725214017,746.9873046875,8.507
3906.682023172005,595.115234375,9.153
3907.004385357024,595.115234375,9.68
3907.325594281021,456.75,7.665
3907.6482658510213,724.48779296875,8.391
3907.9709596309985,595.11572265625,9.075
3908.293466105999,476.986328125,9.563
3908.6164019090065,489.65283203125,8.92
3908.939117416012,1029.73681640625,7.769
3909.262537972012,595.1162109375,8.881
3909.5845081700245,595.1162109375,9.331
3909.907159865019,493.86572265625,9.718
3910.2304452460085,456.7509765625,7.354
3910.551721241005,746.98876953125,8.454
3910.876780480001,476.9853515625,9.308
3911.1989737560216,595.11669921875,9.486
3911.5268893890025,456.75146484375,7.366
3911.849109385017,724.4892578125,8.041
3912.170967191021,595.1171875,9.036
3912.493857451016,595.1171875,9.486
3912.8185677470174,489.654296875,9.036
3913.140446064004,1029.73828125,7.548
3913.4629969180096,589.49267578125,8.687
3913.7858920410217,716.7529296875,9.37
3914.108541649999,595.11767578125,9.602
3914.4312042510137,456.75244140625,7.626
3914.7536602520267,746.990234375,8.571
3915.076182943012,599.56787109375,9.292
3915.398391445022,595.1181640625,9.602
3915.7219749110227,456.7529296875,7.471
3916.0441174270236,724.49072265625,8.313
3916.3679737010098,595.11865234375,9.036
3916.6916678260022,595.11865234375,9.602
3917.0151709030033,489.65576171875,8.842
3917.33738625102,1029.73974609375,8.468
3917.6594567940047,595.119140625,9.153
3917.9817560170195,595.119140625,9.525
3918.304313616012,595.119140625,9.796
3918.625574752019,984.740234375,7.587
3918.9496921210084,499.49951171875,8.532
3919.272644454002,599.5693359375,9.269
3919.5945603960135,595.11962890625,9.602
3919.9188692270254,456.75439453125,7.288
3920.243069382006,724.4921875,8.274
3920.5645308740204,595.1201171875,9.153
3920.8867976440233,488.26123046875,9.563
3921.210414095025,492.4697265625,8.196
3921.5329869550187,1029.7412109375,7.808
3921.854936976015,595.12060546875,8.842
3922.1784274690144,595.12060546875,9.447
3922.501297939016,595.12060546875,9.873
3922.825852951006,456.75537109375,7.354
3923.1477460720052,746.9931640625,8.532
3923.4698732800025,595.12109375,9.23
3923.791901862016,599.57080078125,9.602
3924.1129170920176,456.755859375,7.249
3924.4354301700077,724.49365234375,8.43
3924.759057369025,595.12158203125,9.23
3925.0830562300107,595.12158203125,9.486
3925.4065811519977,492.47119140625,8.43
3925.728996177,1029.74267578125,8.041
3926.051291677024,621.13232421875,8.997
3926.373091829999,595.1220703125,9.408
3926.6958631860034,599.4365234375,9.912
3927.0175519430195,984.7431640625,7.86
3927.339908947004,589.49755859375,8.648
3927.6621858200233,595.12255859375,9.408
3927.984348993021,595.12255859375,9.563
3928.304602076998,456.75732421875,7.471
3928.6270395950123,724.4951171875,8.416
3928.949755619018,595.123046875,9.191
3929.272112076025,595.123046875,9.525
3929.5970085640147,456.7578125,8.041
3929.9195604850247,724.49560546875,8.196
3930.242148694,595.12353515625,8.997
3930.565527268016,595.12353515625,9.563
3930.887789127999,595.12353515625,9.447
3931.210270196025,1029.74462890625,7.782
3931.5356823160255,589.4990234375,8.765
3931.858681739017,595.1240234375,9.447
3932.1804204420187,595.1240234375,9.602
3932.5039472750213,456.7587890625,7.288
3932.827001418016,746.99658203125,8.585
3933.1492538030143,595.12451171875,9.153
3933.472437646007,516.3681640625,9.641
3933.7950906530023,456.75927734375,7.665
3934.117798766005,724.4970703125,8.002
3934.4431146540155,696.375,8.997
3934.765797261003,595.125,9.447
3935.0893407320254,599.57470703125,9.23
3935.4119065010163,1029.74609375,7.704
3935.734071584011,589.50048828125,8.726
3936.0564102720236,696.37548828125,9.37
3936.377937666024,595.12548828125,9.641
3936.7002979860117,456.76025390625,7.471
3937.024163066002,746.998046875,8.687
3937.346032967005,595.1259765625,9.191
3937.6679693660117,595.1259765625,9.68
3937.9903562460095,456.7607421875,7.626
3938.312591632013,724.49853515625,7.963
3938.6342164980015,595.12646484375,8.842
3938.956651795015,595.12646484375,9.486
3939.2790561130096,595.12646484375,9.486
3939.601917535998,1029.74755859375,7.782
3939.923813002999,589.501953125,8.803
3940.245670132019,595.126953125,9.269
3940.568296153011,595.126953125,9.718
3940.8903965550126,456.76171875,7.054
3941.2129764610145,724.49951171875,8.196
3941.5370908240147,595.12744140625,9.075
3941.860793460015,595.12744140625,9.563
3942.182913028024,456.76220703125,8.08
3942.505015859002,1029.74853515625,7.769
3942.827344843012,595.1279296875,8.803
3943.1498775770015,595.1279296875,9.408
3943.4732878470095,595.1279296875,9.873
3943.794369583018,456.7626953125,7.432
3944.1162854300055,747.00048828125,8.532
3944.438875284017,595.12841796875,9.23
3944.7614195050264,595.12841796875,9.563
3945.084814572998,456.76318359375,7.171
3945.4082481060177,724.5009765625,7.886
3945.73078813302,595.12890625,9.036
3946.0533484170155,595.12890625,9.37
3946.3762892259983,498.10302734375,9.153
3946.6988678780035,1029.75,7.548
3947.02331875902,589.50439453125,8.726
3947.3459499550227,595.12939453125,9.292
3947.6678310120187,595.12939453125,9.68
3947.992656850023,456.76416015625,7.132
3948.3162521440245,724.501953125,8.352
3948.639078547014,595.1298828125,9.269
3948.9609826110245,595.1298828125,9.486
3949.2833680040203,456.7646484375,7.86
3949.6051546860253,1029.7509765625,7.924
3949.928808574012,595.13037109375,8.959
3950.250787294004,595.13037109375,9.331
3950.572445555008,595.13037109375,9.912
3950.89446584502,1029.75146484375,7.938
3951.217948844016,589.505859375,8.881
3951.5419440540136,595.130859375,9.37
3951.864121660008,595.130859375,9.757
3952.1864623120055,456.765625,7.86
3952.5091995859984,747.00341796875,8.726
3952.8317325000244,499.5224609375,9.408
3953.1543664420024,595.13134765625,9.602
3953.47953654101,456.76611328125,7.483
3953.8036410960194,724.50390625,8.235
3954.1263385910133,595.1318359375,8.997
3954.448441215005,494.05712890625,9.563
3954.77059251201,489.6689453125,8.881
3955.0938057050225,1029.7529296875,7.73
3955.415948425012,595.13232421875,8.92
3955.7383604350034,595.13232421875,9.331
3956.0604417130235,493.8759765625,9.718
3956.3816168120247,456.76708984375,7.132
3956.704441092006,747.0048828125,8.468
3957.0273783360026,595.1328125,9.191
3957.3516177720157,595.1328125,9.641
3957.676238341024,456.767578125,7.548
3957.9991709440073,724.50537109375,7.963
3958.3211671590107,656.0185546875,8.959
3958.644055855024,595.13330078125,9.447
3958.966584666021,595.13330078125,9.308
3959.2890763860196,1029.75439453125,7.704
3959.611427909025,589.5087890625,8.765
3959.9338745390123,595.1337890625,9.37
3960.2562393740227,595.1337890625,9.641
3960.5791480680055,456.7685546875,7.288
3960.901207003015,938.19921875,8.43
3961.2234605679987,595.13427734375,9.23
3961.549053937022,595.13427734375,9.563
3961.8727788840188,456.76904296875,7.743
3962.1958170210128,1057.35205078125,8.041
3962.5180284070084,595.134765625,8.881
3962.840526715998,488.27587890625,9.447
3963.1627675420023,595.134765625,9.602
3963.483844165021,984.755859375,7.548
3963.8065243349993,589.51025390625,8.493
3964.1294636500243,516.37890625,9.308
3964.452105802018,595.13525390625,9.563
3964.7755262540013,456.77001953125,7.171
3965.0983069380163,724.5078125,8.235
3965.4205510900065,595.1357421875,9.114
3965.7423632570135,595.13623046875,9.525
3966.065390958014,492.4853515625,8.313
3966.388240602013,488.2587890625,8.352
3966.7100556170044,595.13623046875,9.036
3967.0320601420244,595.13623046875,9.602
3967.3551581470238,595.13623046875,9.525
3967.6787192730117,1029.75732421875,7.782
3968.000649394002,589.51171875,8.803
3968.324121588026,595.13671875,9.254
3968.646390504,595.13671875,9.757
3968.9690444910084,456.771484375,7.21
3969.2910070280195,724.50927734375,8.274
3969.6136832220072,510.755859375,9.23
3969.938242335018,595.13720703125,9.486
3970.2627568680036,456.77197265625,7.86
3970.585195101012,724.509765625,8.158
3970.907019039005,595.1376953125,8.959
3971.229824548005,595.1376953125,9.525
3971.5529532369983,595.1376953125,9.486
3971.8745700620057,1029.7587890625,7.743
3972.1971867320244,589.51318359375,8.842
3972.518966378004,595.13818359375,9.37
3972.8423262740253,595.13818359375,9.757
3973.164542831015,456.77294921875,7.432
3973.4875024560024,747.0107421875,8.61
3973.8094749070005,595.138671875,9.191
3974.1328583550057,493.88818359375,9.602
3974.4543435870146,456.7734375,7.665
3974.776535566023,724.51123046875,8.119
3975.1003862940124,595.13916015625,9.114
3975.4227536060207,595.13916015625,9.408
3975.7457430210197,489.67626953125,9.153
3976.0692521349993,1029.76025390625,7.782
3976.3914555670053,589.5146484375,8.803
3976.7134026389976,595.1396484375,9.408
3977.034616499004,595.1396484375,9.641
3977.357239242003,456.7744140625,7.198
3977.6798858900147,747.01220703125,8.532
3978.0027555540146,595.14013671875,9.153
3978.32527070801,595.14013671875,9.641
3978.649551367009,456.77490234375,7.704
3978.971669290011,724.5126953125,8.158
3979.294806162012,595.140625,9.114
3979.6168367210194,595.140625,9.447
3979.94164706202,489.677734375,9.075
3980.264694137004,1029.76171875,7.51
3980.5856538390217,589.51611328125,8.648
3980.9077344470134,595.14111328125,9.292
3981.2297193700215,595.14111328125,9.602
3981.5498089260072,456.77587890625,7.405
3981.872737948026,724.513671875,8.546
3982.1943655770156,499.53271484375,9.718
3982.5151137170033,595.1416015625,10.105
3982.8362534870103,456.7763671875,8.585
3983.157125215017,1029.7626953125,8.119
3983.479215003026,595.14208984375,9.036
3983.8014813420014,595.14208984375,9.447
3984.1238914610003,595.14208984375,9.757
3984.4466829380253,456.77685546875,7.548
3984.768375239015,747.0146484375,8.571
3985.0918136190157,595.142578125,9.447
3985.4224031750055,595.142578125,10.321
3985.7478952620004,456.77734375,8.663
3986.0703756860166,724.51513671875,8.92
3986.3922823920147,595.14306640625,9.408
3986.7150582500035,595.14306640625,9.834
3987.037097313005,472.85791015625,8.352
3987.3593331500015,1029.76416015625,8.002
3987.6821248470224,615.52880859375,9.036
3988.0053380640165,595.1435546875,9.447
3988.327665935998,595.14404296875,9.873
3988.650957234,984.7646484375,8.015
3988.975018417026,589.51904296875,8.765
3989.2988544070104,595.14404296875,9.447
3989.6208285040047,595.14404296875,9.68
3989.9443522260117,456.77880859375,7.288
3990.266969322023,724.5166015625,8.274
3990.589777080022,595.14453125,9.153
3990.913685678999,595.14453125,9.68
3991.2376802330255,482.63818359375,8.235
3991.559447664011,1029.765625,7.665
3991.883041242021,595.14501953125,8.842
3992.205884200026,595.14501953125,9.447
3992.5290134079987,595.14501953125,9.873
3992.8525385990215,456.77978515625,7.86
3993.1754964400025,747.017578125,8.803
3993.499354730011,595.1455078125,9.37
3993.8229420340213,595.1455078125,9.796
3994.146075752011,456.7802734375,7.171
3994.468227386009,724.51806640625,8.391
3994.7910171550175,595.14599609375,9.153
3995.114408994006,595.14599609375,9.718
3995.4370852220163,489.68310546875,8.842
3995.760094805999,1029.76708984375,7.743
3996.0819202180137,589.521484375,8.881
3996.4042091340234,595.146484375,9.486
3996.7267983180063,595.146484375,9.757
3997.0485152449983,456.78125,7.393
3997.3715464920097,533.265625,8.92
3997.6922154430067,595.14697265625,9.912
3998.012456987024,595.14697265625,10.243
3998.333806698007,456.78173828125,8.663
3998.6560083450167,724.51953125,9.114
3998.975561574014,595.1474609375,9.951
3999.297053465998,595.1474609375,10.282
3999.618205345003,489.6845703125,9.989
3999.9380943300202,1029.7685546875,8.765
4000.2586990830023,595.14794921875,9.757
4000.5790789330204,595.14794921875,10.127
4000.8999014870205,595.14794921875,10.359
4001.222626925999,456.78271484375,7.821
4001.5458038370125,747.0205078125,9.191
4001.868571453,595.1484375,9.641
4002.1940527690167,595.1484375,9.834
4002.5183450170152,456.783203125,7.86
4002.8407989240077,724.52099609375,8.08
4003.163469543011,595.14892578125,8.92
4003.48661365101,595.14892578125,9.563
4003.8082251590095,595.14892578125,9.563
4004.1310661830066,1029.77001953125,8.08
4004.455694920005,493.89892578125,9.075
4004.778264126013,595.1494140625,9.408
4005.100285567023,477.02587890625,9.912
4005.4225558160106,488.2685546875,8.352
4005.75322519202,778.46484375,8.92
4006.0775559010217,488.291015625,9.486
4006.4006685480126,595.14990234375,9.602
4006.7218889660144,456.78466796875,7.548
4007.042914688005,724.5224609375,8.454
4007.3650720030128,488.26904296875,9.292
4007.6869475800195,595.150390625,9.68
4008.008831252024,456.78515625,8.041
4008.3314208060037,1029.771484375,8.002
4008.653302334016,595.15087890625,8.997
4008.9745818880037,595.15087890625,9.331
4009.2964002760127,595.15087890625,9.834
4009.618900608999,984.77197265625,7.704
4009.9422631510242,589.5263671875,8.571
4010.26459707701,621.15576171875,9.331
4010.5861132450227,595.1513671875,9.563
4010.9092227840156,456.7861328125,7.132
4011.2314742419985,724.52392578125,8.196
4011.556624495017,595.15185546875,9.036
4011.878983829025,510.7705078125,9.525
4012.2013149690174,497.72265625,8.158
4012.5246588180016,1029.77294921875,8.119
4012.849031441001,595.15234375,8.92
4013.1716868480144,595.15234375,9.37
4013.495432215015,595.15234375,9.641
4013.8186387140013,1029.7734375,7.743
4014.1426286330097,589.52783203125,8.726
4014.4651309770124,595.15283203125,9.254
4014.7891795860196,595.15283203125,9.563
4015.113039740012,456.78759765625,7.093
4015.4360013960104,938.21826171875,8.313
4015.759562881023,595.1533203125,9.075
4016.082987210015,595.1533203125,9.408
4016.405391403998,456.7880859375,7.704
4016.727339101024,724.52587890625,8.274
4017.0497217260126,595.15380859375,8.997
4017.3719838020043,635.7890625,9.486
4017.6946771570074,489.69091796875,8.842
4018.0185168270255,1029.77490234375,7.691
4018.3410077740264,595.154296875,8.803
4018.665257442015,595.154296875,9.292
4018.9874238970224,595.154296875,9.641
4019.310205382004,456.7890625,7.093
4019.6322778800095,747.02685546875,8.352
4019.9539456600032,595.15478515625,8.997
4020.275751396024,595.15478515625,9.447
4020.597739058023,456.78955078125,7.471
4020.9221440890105,724.52734375,8.002
4021.2480418470223,595.1552734375,8.997
4021.5724055640167,595.1552734375,9.37
4021.898196725,489.6923828125,8.881
4022.222799266019,1029.7763671875,7.73
4022.546059164015,595.15576171875,8.842
4022.8678717460134,595.15576171875,9.23
4023.191387846018,595.15576171875,9.563
4023.514520347002,456.79052734375,6.859
4023.836694957019,747.0283203125,8.235
4024.1589749140257,595.15625,8.997
4024.480226993008,595.15673828125,9.408
4024.8022773410194,456.791015625,7.587
4025.1240823040134,724.52880859375,7.963
4025.44730111002,595.15673828125,8.765
4025.7694193000207,595.15673828125,9.37
4026.0925254300237,595.15673828125,9.447
4026.4151698460046,984.77783203125,7.51
4026.738540752005,589.5322265625,8.454
4027.0611379340116,595.1572265625,9.23
4027.3830901320034,595.1572265625,9.408
4027.705686289002,456.7919921875,6.898
4028.0276250770257,724.52978515625,8.08
4028.3506615700026,595.15771484375,8.959
4028.675028927013,595.158203125,9.408
4029.0007212290075,492.50732421875,8.158
4029.3237139420235,1029.77880859375,7.704
4029.6460913050105,595.158203125,8.765
4029.971047643019,595.158203125,9.331
4030.294927460025,595.158203125,9.757
4030.618837998016,456.79296875,7.432
4030.9418844720058,747.03076171875,8.532
4031.2648174700153,595.15869140625,9.114
4031.5890015210025,595.15869140625,9.563
4031.9131813480053,456.79345703125,6.937
4032.236072615022,724.53125,8.196
4032.5587053440104,595.1591796875,9.075
4032.880777668004,595.1591796875,9.37
4033.203676230012,492.5087890625,8.352
4033.5257677540067,1029.7802734375,7.73
4033.8492750750156,595.15966796875,8.726
4034.1710986200196,595.15966796875,9.37
4034.493039257999,595.15966796875,9.718
4034.8162402290036,456.79443359375,7.237
4035.1385107020033,747.0322265625,8.468
4035.460555823025,595.16015625,9.114
4035.781354273,595.16015625,9.796
4036.1026841660205,456.794921875,7.626
4036.4250947710243,724.53271484375,8.352
4036.7464726020116,595.16064453125,8.997
4037.068657438009,595.16064453125,9.525
4037.3919153360184,489.69775390625,8.726
4037.713459156017,1029.78173828125,7.847
4038.034691988025,595.1611328125,8.765
4038.3560233190074,595.1611328125,9.331
4038.677826922998,595.1611328125,9.641
4039.003926141013,456.7958984375,7.132
4039.327907488012,747.03369140625,8.313
4039.649822678999,617.6611328125,9.153
4039.971071798005,595.16162109375,9.408
4040.2944037120033,456.79638671875,7.276
4040.61842736401,724.5341796875,7.847
4040.942119867017,595.162109375,8.92
4041.2651552260213,595.162109375,9.254
4041.5878329390252,479.94287109375,9.036
4041.908739450999,984.783203125,7.471
4042.2312660540047,589.53759765625,8.493
4042.5538022560067,595.16259765625,9.153
4042.8757252530195,595.16259765625,9.447
4043.196032669017,456.79736328125,7.21
4043.5187079480093,724.53515625,8.235
4043.840681441012,595.1630859375,9.075
4044.163042084023,595.1630859375,9.447
4044.4850669700245,456.7978515625,7.976
4044.8096209409996,724.53564453125,8.196
4045.132502624998,595.16357421875,9.114
4045.4541211590113,595.16357421875,9.37
4045.779951400007,489.70068359375,8.997
4046.102026462002,1029.78466796875,7.847
4046.4247501880163,595.1640625,8.842
4046.7475592610135,595.1640625,9.292
4047.071558745025,595.1640625,9.641
4047.3929738450097,465.783203125,7.704
4047.7162475100195,758.2294921875,8.61
4048.038560947025,595.16455078125,9.137
4048.361146010022,595.16455078125,9.563
4048.683604539023,456.79931640625,6.937
4049.005505384004,724.537109375,8.196
4049.327291663998,595.1650390625,9.036
4049.6495247130224,595.1650390625,9.331
4049.9716278680135,495.20458984375,8.43
4050.2935926180216,1029.7861328125,7.548
4050.615682428004,595.16552734375,8.726
4050.9374065610173,595.16552734375,9.191
4051.2594010700122,595.16552734375,9.563
4051.581186164025,456.80029296875,7.237
4051.9052862870158,747.0380859375,8.352
4052.2267742810072,595.166015625,9.191
4052.5506016570143,595.166015625,9.408
4052.8760915900057,456.80078125,7.288
4053.19895035401,724.53857421875,8.313
4053.522999465,482.66015625,9.036
4053.84781430001,595.16650390625,9.331
4054.170619556011,485.47265625,8.391
4054.495060489018,1029.78759765625,7.626
4054.8178275350074,595.1669921875,8.726
4055.140820318018,595.1669921875,9.269
4055.463930384023,595.1669921875,9.641
4055.786012989003,456.8017578125,7.393
4056.110358172009,747.03955078125,8.532
4056.4336541010125,595.16748046875,9.114
4056.7571799569996,599.6171875,9.525
4057.078359327017,456.80224609375,7.054
4057.402642171015,724.5400390625,8.158
4057.7242722770025,595.16796875,8.959
4058.0488930200227,595.16796875,9.408
4058.3711335160187,489.705078125,8.585
4058.696461516025,1029.7890625,7.808
4059.0203955780016,595.16845703125,8.726
4059.3449727340194,617.66796875,9.37
4059.6683023880178,595.16845703125,9.68
4059.9931807070097,465.78759765625,7.587
4060.3150245780125,960.73388671875,8.571
4060.6360112020047,595.1689453125,9.114
4060.9579027220025,595.1689453125,9.563
4061.2816899590252,456.8037109375,6.898
4061.606676601019,724.54150390625,8.119
4061.9324782150215,696.41943359375,8.997
4062.255888958025,595.16943359375,9.331
4062.5793653670116,485.4755859375,8.391
4062.903335777024,1029.79052734375,7.743
4063.22800538101,595.169921875,8.726
4063.5515097260068,626.80517578125,9.346
4063.875117978023,595.169921875,9.68
4064.198288902,456.716796875,6.558
4064.520464525005,724.45458984375,7.963
4064.8427902969997,595.08251953125,8.997
4065.168278489,595.08251953125,9.331
4065.491900628025,456.716796875,7.743
4065.8152275879984,724.45458984375,8.08
4066.1401091330044,595.08251953125,9.075
4066.4631528180034,595.08251953125,9.331
4066.7878549310262,489.61962890625,8.997
4067.1116605960124,1029.70361328125,7.743
4067.4364398310136,493.82666015625,8.842
4067.76202604,595.0830078125,9.176
4068.0835790130077,516.32666015625,9.563
4068.4043053630157,456.7177734375,7.51
4068.7259765150084,746.95556640625,8.532
4069.0503936879977,595.08349609375,9.23
4069.3729594640026,595.08349609375,9.486
4069.6940242889978,456.71826171875,7.249
4070.017936354998,724.4560546875,8.313
4070.341087592009,595.083984375,9.114
4070.6630616330076,595.083984375,9.408
4070.9840012050117,492.43359375,8.313
4071.307806833007,1029.705078125,8.158
4071.6311708120047,595.08447265625,8.92
4071.952945965022,595.08447265625,9.331
4072.2750526180025,595.08447265625,9.68
4072.5958179730223,984.70556640625,7.587
4072.91778676401,589.4599609375,8.493
4073.2394496560155,595.0849609375,9.215
4073.561880479014,595.0849609375,9.408
4073.8858713920054,456.7197265625,6.82
4074.2081613129994,724.45751953125,8.119
4074.529695911013,595.08544921875,8.997
4074.850804444024,595.08544921875,9.331
4075.171782477002,492.43505859375,8.313
4075.4939680090174,1029.70654296875,7.587
4075.816358125012,595.0859375,8.687
4076.137736075005,595.0859375,9.176
4076.4603716710117,595.0859375,9.563
4076.7839423090045,456.720703125,7.12
4077.1067932410224,746.95849609375,8.274
4077.429908596998,488.21630859375,9.153
4077.7520782870124,595.08642578125,9.408
4078.0778083309997,456.72119140625,7.288
4078.400916422019,724.458984375,8.002
4078.72299282701,595.0869140625,8.881
4079.0453996770084,595.0869140625,9.331
4079.370050958998,489.6240234375,8.842
4079.6931602980185,1029.7080078125,7.471
4080.0148767210194,589.46240234375,8.532
4080.336479059013,595.08740234375,9.292
4080.6586444250133,595.08740234375,9.447
4080.9840045010205,456.72216796875,7.054
4081.308993010025,746.9599609375,8.352
4081.632921001001,595.087890625,9.036
4081.957042566006,488.2177734375,9.525
4082.279036788008,456.72265625,7.548
4082.6036444830243,724.46044921875,7.963
4082.9280160080234,595.08837890625,8.997
4083.2515335500066,595.08837890625,9.292
4083.5776168169978,489.62548828125,8.959
4083.900318264001,1029.70947265625,7.471
4084.2244184180163,589.4638671875,8.532
4084.5498701730103,499.46875,9.292
4084.8716233610176,595.0888671875,9.447
4085.193532074016,456.7236328125,7.093
4085.518440736021,746.96142578125,8.391
4085.841433264024,595.08935546875,9.036
4086.1666769139993,516.3388671875,9.525
4086.4884590610163,456.72412109375,7.51
4086.811587881006,724.4619140625,8.002
4087.135827685008,595.08984375,8.997
4087.4586668620177,595.08984375,9.331
4087.78073097,489.626953125,8.959
4088.105351332022,1029.7109375,7.51
4088.4286978220043,589.46533203125,8.571
4088.7510413950076,595.09033203125,9.331
4089.0743010340084,595.09033203125,9.486
4089.395994343009,456.72509765625,7.159
4089.718788555998,746.962890625,8.43
4090.0405318500125,595.0908203125,9.075
4090.365328311018,595.0908203125,9.563
4090.6894461240154,456.7255859375,7.471
4091.0149870919995,724.46337890625,8.274
4091.3383092270233,595.09130859375,8.959
4091.6610867650015,595.09130859375,9.486
4091.9848333950213,489.62841796875,8.624
4092.3088826910243,1029.71240234375,7.665
4092.633382116008,595.091796875,8.765
4092.9581619980163,595.091796875,9.254
4093.281172535004,595.091796875,9.602
4093.6049786220246,456.7265625,7.548
4093.9292294600164,746.96435546875,8.61
4094.251591813023,595.09228515625,9.114
4094.5765713170113,499.47216796875,9.525
4094.8985237020242,456.72705078125,6.976
4095.2223550040217,724.46484375,8.158
4095.544854384003,599.54248046875,8.959
4095.8689060450124,595.0927734375,9.331
4096.191948773019,491.1923828125,8.468
4096.515082096012,1029.7138671875,7.73
4096.839157501003,595.09326171875,8.726
4097.161473545013,476.9697265625,9.331
4097.485233738,595.09326171875,9.68
4097.806703223003,456.72802734375,7.626
4098.12933339001,746.9658203125,8.571
4098.450976384018,595.09375,9.153
4098.773685305001,595.09375,9.602
4099.095309739001,456.728515625,7.015
4099.41704688,724.46630859375,8.158
4099.739615987026,595.09423828125,8.959
4100.062525458023,595.09423828125,9.37
4100.384697558009,489.63134765625,8.585
4100.708081606019,1029.71533203125,7.847
4101.032082605001,595.0947265625,8.765
4101.354784707015,617.59423828125,9.37
4101.678754663008,595.0947265625,9.718
4102.001401212008,465.7138671875,7.587
4102.323808870016,752.349609375,8.571
4102.649522762018,595.09521484375,9.153
4102.971877586009,595.09521484375,9.525
4103.296472492017,456.72998046875,6.898
4103.618299264024,724.4677734375,8.158
4103.941147674021,595.095703125,8.997
4104.263858702005,595.095703125,9.254
4104.585762852017,495.13525390625,8.391
4104.907429712999,1029.716796875,7.665
4105.229916412005,595.09619140625,8.687
4105.552315492008,595.09619140625,9.254
4105.876212802017,595.09619140625,9.68
4106.197616420017,456.73095703125,7.315
4106.521588452015,746.96875,8.43
4106.842668026016,595.0966796875,9.153
4107.163775441004,595.0966796875,9.408
4107.486370942002,456.7314453125,7.171
4107.812088093022,724.46923828125,8.196
4108.134951603017,595.09716796875,8.959
4108.45678781101,595.09716796875,9.408
4108.779753500014,489.63427734375,8.546
4109.1037813400035,1029.71826171875,7.587
4109.428248331009,595.09765625,8.765
4109.750925337023,595.09765625,9.23
4110.074484135024,595.09765625,9.68
4110.398153144022,456.732421875,7.093
4110.72098004201,746.97021484375,8.313
4111.044927973009,595.09814453125,9.075
4111.367474637023,595.09814453125,9.486
4111.69470527902,456.73291015625,7.315
4112.01844917002,724.470703125,7.963
4112.340265534003,595.0986328125,8.881
4112.662357363006,595.0986328125,9.254
4112.984894809022,489.6357421875,8.92
4113.307493441011,1029.7197265625,7.471
4113.629124037019,589.47412109375,8.532
4113.950976913009,595.09912109375,9.153
4114.272799451021,595.09912109375,9.563
4114.5968818149995,456.73388671875,7.093
4114.9208317270095,745.78955078125,8.313
4115.244424985023,595.099609375,9.075
4115.566653905,595.099609375,9.37
4115.89011391002,456.734375,7.665
4116.214160720003,724.47216796875,7.963
4116.536260834022,595.10009765625,8.842
4116.860017105006,595.10009765625,9.292
4117.182011807017,595.10009765625,9.23
4117.504163506004,1029.72119140625,7.51
4117.825916375004,589.4755859375,8.648
4118.149216020014,595.1005859375,9.153
4118.471108541009,595.1005859375,9.563
4118.792912738019,456.7353515625,7.015
4119.1149815530225,724.47314453125,8.119
4119.436581231013,595.10107421875,8.959
4119.758749121014,595.10107421875,9.447
4120.081089977,456.73583984375,8.002
4120.403951812012,1029.72216796875,7.924
4120.725874252006,595.1015625,8.881
4121.047812116012,595.1015625,9.215
4121.370156587014,595.1015625,9.757
4121.692609702004,465.720703125,7.354
4122.014276356,752.28857421875,8.454
4122.341489771003,595.10205078125,9.114
4122.663110439025,595.10205078125,9.486
4122.987595659011,456.73681640625,6.898
4123.311867654003,724.474609375,8.158
4123.633273849002,595.1025390625,9.036
4123.959254002024,595.1025390625,9.408
4124.282093433023,492.4521484375,8.235
4124.604410764005,1029.7236328125,8.158
4124.9265404080215,595.10302734375,8.92
4125.25245927801,595.10302734375,9.408
4125.576379418024,595.10302734375,9.525
4125.899621037999,984.72412109375,7.626
4126.222468147025,589.478515625,8.571
4126.5468738080235,595.103515625,9.23
4126.868457094999,595.10400390625,9.525
4127.189947065024,456.73828125,6.898
4127.514385911025,724.47607421875,8.119
4127.83635449101,595.10400390625,8.92
4128.158660426008,499.47265625,9.447
4128.480200285005,507.7998046875,8.196
4128.802503532002,1029.72509765625,7.963
4129.125887842005,595.1044921875,8.881
4129.447860164015,595.1044921875,9.254
4129.774996067019,621.10888671875,9.757
4130.097148075001,465.7236328125,7.393
4130.420062543009,768.294921875,8.493
4130.742005327018,595.10498046875,9.075
4131.0647082020005,595.10498046875,9.563
4131.387971289019,456.73974609375,6.976
4131.711722619017,724.4775390625,8.196
4132.035144271998,595.10546875,9.036
4132.357186193025,595.10546875,9.292
4132.680582181027,492.455078125,8.391
4133.002657704026,1029.7265625,7.691
4133.326414919022,595.10595703125,8.648
4133.648561420006,476.974609375,9.254
4133.970273665007,595.10595703125,9.602
4134.292246335011,456.74072265625,7.237
4134.614097496,746.978515625,8.352
4134.936726414016,595.1064453125,9.114
4135.258279739006,595.1064453125,9.331
4135.579720420006,456.7412109375,7.171
4135.901705026015,724.47900390625,8.119
4136.22281279802,595.10693359375,8.842
4136.544717176002,595.10693359375,9.408
4136.868350896024,489.64404296875,8.663
4137.190896000015,1029.72802734375,7.769
4137.513070114015,595.107421875,8.765
4137.835049310001,595.107421875,9.308
4138.156697676022,595.107421875,9.641
4138.480063289026,456.7421875,7.51
4138.802842801,746.97998046875,8.61
4139.12800435102,595.10791015625,9.153
4139.4531563000055,595.10791015625,9.602
4139.777885706018,456.74267578125,7.327
4140.100924777013,724.48046875,8.274
4140.425120530999,595.1083984375,9.036
4140.7470587300195,595.1083984375,9.525
4141.068853244011,465.7275390625,8.08
4141.391833336005,1029.7294921875,7.924
4141.715111167025,595.10888671875,8.92
4142.037464228022,595.10888671875,9.331
4142.35978205502,595.10888671875,9.68
4142.681595224014,984.72998046875,7.548
4143.003591408022,589.484375,8.454
4143.325865200022,595.109375,9.23
4143.647235952027,595.109375,9.408
4143.970479444019,456.744140625,6.82
4144.292242530006,724.48193359375,8.119
4144.614468095999,595.10986328125,8.997
4144.936313200014,595.10986328125,9.292
4145.25752250402,492.45947265625,8.352
4145.579551615025,1029.73095703125,7.704
4145.901608950022,595.1103515625,8.687
4146.223411843006,476.98681640625,9.292
4146.544779968011,595.1103515625,9.641
4146.865689005004,456.7451171875,7.171
4147.188647011004,746.98291015625,8.313
4147.511302350002,595.11083984375,9.153
4147.834346184012,595.11083984375,9.37
4148.159191362007,456.74560546875,7.21
4148.4818142830045,724.4833984375,8.002
4148.803245385003,595.111328125,8.881
4149.125502052018,595.111328125,9.331
4149.447577721003,489.6484375,8.842
4149.770695187006,1029.732421875,7.432
4150.092582944024,589.48681640625,8.532
4150.4156496240175,493.85546875,9.269
4150.737738252006,595.11181640625,9.447
4151.0614736600255,456.74658203125,7.015
4151.3834107930015,509.60595703125,8.235
4151.706540355022,595.1123046875,9.075
4152.0291317840165,595.1123046875,9.37
4152.352407685015,456.7470703125,7.665
4152.6740847770125,724.48486328125,7.963
4152.995558405004,595.11279296875,8.803
4153.317751034017,595.11279296875,9.408
4153.639634276013,595.11279296875,9.447
4153.961504493025,984.73388671875,7.548
4154.283875944006,589.48828125,8.532
4154.606950333022,595.11328125,9.191
4154.932161919016,595.11328125,9.447
4155.252170339023,456.748046875,7.249
4155.574493564025,724.48583984375,8.235
4155.899989479018,595.11376953125,9.075
4156.22373141101,595.11376953125,9.408
4156.5466461760225,456.74853515625,7.899
4156.870890045015,758.23583984375,8.041
4157.192506874009,595.1142578125,8.842
4157.514932789025,595.1142578125,9.408
4157.839602881024,595.1142578125,9.424
4158.162468139024,984.7353515625,7.548
4158.484949990001,589.48974609375,8.454
4158.807184249017,595.11474609375,9.23
4159.128832373011,595.11474609375,9.408
4159.449422187026,456.74951171875,7.327
4159.771805986005,724.4873046875,8.274
4160.093507008016,626.75048828125,9.114
4160.415479528019,595.115234375,9.447
4160.738817281002,456.75,7.938
4161.061349468015,533.234375,8.08
4161.3834353670245,595.11572265625,8.842
4161.707128492009,516.365234375,9.408
4162.029715945013,595.11572265625,9.447
4162.351055223,984.73681640625,7.548
4162.6733709539985,589.4912109375,8.546
4162.9951602010115,595.1162109375,9.23
4163.316920134006,595.1162109375,9.447
4163.637784162012,456.7509765625,6.898
4163.959479037003,724.48876953125,8.08
4164.281101876026,595.11669921875,8.959
4164.602784078015,595.11669921875,9.37
4164.926934433024,492.46630859375,8.196
4165.249212431023,1029.73779296875,7.743
4165.5713246640225,595.1171875,8.726
4165.89361971902,595.1171875,9.331
4166.215855155024,595.1171875,9.68
4166.537385509,456.751953125,7.159
4166.859385224001,746.98974609375,8.352
4167.181801530009,595.11767578125,9.153
4167.503923393,595.11767578125,9.408
4167.825405489013,456.75244140625,7.171
4168.149399836024,724.490234375,8.158
4168.471340731019,595.1181640625,8.92
4168.79432361701,595.1181640625,9.408
4169.116484040016,489.6552734375,8.663
4169.439705973025,1029.7392578125,7.548
4169.7617598000215,493.8623046875,8.687
4170.08619508901,595.11865234375,9.191
4170.407909991016,599.43310546875,9.525
4170.730439610023,456.75341796875,7.21
4171.054206330999,746.9912109375,8.352
4171.378292358015,595.25439453125,9.191
4171.700043356017,595.119140625,9.447
4172.023372011026,456.75390625,7.288
4172.3488379280025,724.49169921875,8.08
4172.672472706006,595.11962890625,8.881
4172.994457376015,493.869140625,9.447
4173.315773732,489.65673828125,8.779
4173.637255631009,1029.703125,7.315
4173.95919172201,589.45751953125,8.571
4174.283024297998,595.08251953125,9.191
4174.607253880007,595.08251953125,9.563
4174.929892012005,456.716796875,7.132
4175.254068695009,746.8974609375,8.352
4175.578983357002,595.08251953125,9.075
4175.902410957002,595.08251953125,9.447
4176.224510092026,456.71728515625,7.626
4176.546725231019,724.455078125,8.002
4176.869473893021,595.0830078125,8.997
4177.191198326007,595.0830078125,9.292
4177.512684446003,621.09326171875,9.114
4177.834683032008,1029.7041015625,7.548
4178.157780922018,589.45849609375,8.648
4178.480524974002,595.08349609375,9.269
4178.8033902150055,595.08349609375,9.563
4179.124414237012,456.71826171875,7.171
4179.446959338005,510.70263671875,8.352
4179.7711118570005,595.083984375,9.114
4180.092686265998,595.083984375,9.408
4180.4162813240255,456.71875,7.704
4180.738009338005,521.9560546875,8.002
4181.062116798013,595.08447265625,8.803
4181.386413001019,595.08447265625,9.408
4181.710085053026,595.08447265625,9.385
4182.033822099009,1029.70556640625,7.743
4182.358322948014,589.4599609375,8.726
4182.682924697001,595.0849609375,9.37
4183.006630285003,595.0849609375,9.563
4183.327077098016,456.7197265625,7.548
4183.650937860017,746.95751953125,8.493
4183.97423117602,595.08544921875,9.23
4184.296837267,595.08544921875,9.447
4184.617853508011,456.72021484375,7.249
4184.9417502700235,724.4580078125,8.352
4185.265338828001,595.0859375,9.114
4185.587641579012,595.0859375,9.408
4185.90867279502,492.435546875,8.352
4186.230282048025,1029.70703125,8.235
4186.553118258016,595.08642578125,8.92
4186.87508182801,626.7216796875,9.447
4187.19887836001,595.08642578125,9.525
4187.521511969011,1029.70751953125,7.743
4187.843205352023,589.4619140625,8.726
4188.165254332009,488.20556640625,9.37
4188.486657848,595.0869140625,9.563
4188.808416129003,456.7216796875,7.548
4189.130512501026,746.95947265625,8.493
4189.452060053998,494.1884765625,9.308
4189.773822558025,595.08740234375,9.486
4190.09769665901,456.72216796875,7.288
4190.420215733,724.4599609375,8.08
4190.741869145015,595.087890625,8.881
4191.0640211340215,626.72314453125,9.37
4191.386580082006,489.625,8.803
4191.710540360014,1029.708984375,7.471
4192.033253617003,589.46337890625,8.571
4192.35568423901,595.08837890625,9.269
4192.677186604007,595.08837890625,9.408
4193.0000519610185,456.72314453125,6.976
4193.3229153020075,746.9609375,8.313
4193.644410882,595.0888671875,8.997
4193.965809370013,595.0888671875,9.408
4194.28826578302,456.7236328125,7.587
4194.610278116015,724.46142578125,8.002
4194.936061275017,595.08935546875,8.997
4195.257613495021,595.08935546875,9.254
4195.579646883998,488.2197265625,9.036
4195.902346601011,1029.71044921875,7.471
4196.226664329006,589.46484375,8.532
4196.54956574901,493.83349609375,9.308
4196.872665032017,595.08984375,9.486
4197.196941446018,456.724609375,7.132
4197.519801264018,746.96240234375,8.391
4197.842704379,595.09033203125,9.036
4198.166933654022,595.09033203125,9.525
4198.493471012014,456.72509765625,7.471
4198.819044912001,724.462890625,8.391
4199.146240118018,621.10107421875,9.114
4199.470507665013,595.0908203125,9.408
4199.794216280017,495.25244140625,8.43
4200.117030941998,1029.7119140625,8.08
4200.440801095014,595.09130859375,8.997
4200.7649272280105,595.09130859375,9.331
4201.0888883630105,595.09130859375,9.718
4201.412391785008,1029.71240234375,7.782
4201.735186990001,589.466796875,8.726
4202.057877294021,595.091796875,9.254
4202.37927990302,595.091796875,9.602
4202.7021699900215,456.7265625,7.548
4203.025744646002,746.96435546875,8.493
4203.349945596012,626.7275390625,9.269
4203.671916448016,595.09228515625,9.486
4203.999004767014,456.72705078125,7.288
4204.3207284420205,724.46484375,8.391
4204.642642876017,595.0927734375,9.114
4204.963904518023,595.0927734375,9.37
4205.293577249016,497.94482421875,8.43
4205.615592358023,1029.7138671875,7.808
4205.937420868024,595.09326171875,8.726
4206.259408295999,595.09326171875,9.37
4206.580892889004,595.09326171875,9.68
4206.902544175013,456.72802734375,7.21
4207.224874814012,746.9658203125,8.313
4207.548068909004,595.09375,9.153
4207.8714714900125,595.09375,9.37
4208.193042453,456.728515625,7.132
4208.5156306370045,724.46630859375,8.002
4208.838078175002,595.09423828125,8.881
4209.160214725998,621.1044921875,9.331
4209.482581652002,489.63134765625,8.765
4209.805765855999,1029.71533203125,7.432
4210.127908327006,589.4697265625,8.571
4210.450232659001,595.0947265625,9.292
4210.773600229004,595.0947265625,9.447
4211.096782672015,456.7294921875,6.937
4211.423342166003,499.4638671875,8.313
4211.7456394559995,595.09521484375,8.997
4212.067757732002,599.544921875,9.447
4212.390718374023,456.72998046875,7.587
4212.714455428009,724.4677734375,7.924
4213.036483492004,493.83935546875,8.92
4213.358298908017,595.095703125,9.292
4213.680499425012,595.095703125,9.191
4214.002323641005,1029.716796875,7.51
4214.324757062015,589.47119140625,8.648
4214.646266930009,595.09619140625,9.153
4214.968951752002,595.09619140625,9.563
4215.290254252002,456.73095703125,7.015
4215.612858015025,724.46875,8.119
4215.936998761026,595.0966796875,8.997
4216.259793538018,595.0966796875,9.408
4216.583383864025,456.7314453125,7.938
4216.905066472013,1029.7177734375,8.002
4217.229524669005,595.09716796875,8.803
4217.5524520580075,595.09716796875,9.292
4217.874583674013,595.09716796875,9.602
4218.197269390017,984.71826171875,7.548
4218.521954218013,589.47265625,8.493
4218.8443770110025,595.09765625,9.23
4219.165991072019,595.09765625,9.447
4219.489369739022,456.732421875,7.171
4219.812223236018,724.47021484375,8.196
4220.136314697011,595.09814453125,9.075
4220.461332560022,595.09814453125,9.447
4220.78762858102,456.73291015625,7.899
4221.111694984022,724.470703125,8.08
4221.435964819015,595.0986328125,8.842
4221.759446912998,595.0986328125,9.408
4222.08275338402,595.0986328125,9.346
4222.405213937018,984.7197265625,7.471
4222.727841535001,589.47412109375,8.43
4223.050069887016,595.09912109375,9.23
4223.373654638999,595.09912109375,9.447
4223.695256407023,456.73388671875,7.21
4224.017450453015,724.4716796875,8.196
4224.340414702019,595.099609375,9.036
4224.665362831001,595.099609375,9.447
4224.987827894016,456.734375,7.938
4225.310853873001,1029.720703125,7.886
4225.635681325017,595.10009765625,8.881
4225.958436893008,595.10009765625,9.308
4226.281166348024,595.10009765625,9.68
4226.603640658024,984.72119140625,7.665
4226.928864380025,589.4755859375,8.61
4227.2513336970005,595.1005859375,9.23
4227.573372214014,595.1005859375,9.525
4227.897438549,456.7353515625,7.015
4228.219582157006,724.47314453125,8.08
4228.541420379013,595.10107421875,8.959
4228.863918336021,595.10107421875,9.447
4229.188171204005,482.59765625,8.015
4229.511328769004,1029.72216796875,7.665
4229.833712449006,595.1015625,8.687
4230.157107462001,595.1015625,9.346
4230.478989779018,595.1015625,9.718
4230.802463354019,456.736328125,7.587
4231.125018432009,746.97412109375,8.571
4231.446601858013,595.10205078125,9.075
4231.769902498025,595.10205078125,9.525
4232.091816143016,456.73681640625,7.249
4232.413551222009,724.474609375,8.235
4232.734926832025,595.1025390625,9.075
4233.05716503202,595.1025390625,9.37
4233.38071848001,492.4521484375,8.274
4233.705247099017,1029.7236328125,7.665
4234.0283233780065,595.10302734375,8.648
4234.3503398730245,595.10302734375,9.331
4234.671667736024,595.10302734375,9.68
4234.992239987012,984.72412109375,7.782
4235.315631283011,589.478515625,8.571
4235.638835693011,516.35302734375,9.269
4235.960700438009,595.103515625,9.447
4236.2841067100235,456.73828125,6.976
4236.605783736013,724.47607421875,8.08
4236.927514588024,595.10400390625,8.959
4237.249074905005,595.10400390625,9.331
4237.5738670499995,492.45361328125,8.235
4237.896950174007,1029.72509765625,7.691
4238.219065486017,595.1044921875,8.726
4238.542879292014,595.1044921875,9.37
4238.865336409013,595.1044921875,9.718
4239.188500942022,456.7392578125,7.354
4239.510251664004,746.97705078125,8.454
4239.831944529025,595.10498046875,9.075
4240.154647477,621.115234375,9.486
4240.4758668510185,456.73974609375,7.054
4240.797420797026,724.4775390625,8.196
4241.119463209005,595.10546875,8.92
4241.442194765026,595.10546875,9.408
4241.7638376740215,489.642578125,8.585
4242.085508456017,1029.7265625,7.587
4242.407378956006,595.10595703125,8.726
4242.730667556025,595.10595703125,9.153
4243.05272459102,716.7412109375,9.486
4243.374270471017,456.74072265625,7.054
4243.698681287002,746.978515625,8.391
4244.020281792007,595.1064453125,8.997
4244.343032067001,595.1064453125,9.486
4244.667687083012,456.7412109375,7.393
4244.990137507004,724.47900390625,7.963
4245.312256974023,595.10693359375,8.997
4245.634639075026,595.10693359375,9.292
4245.958988415019,489.64404296875,8.92
4246.281906343007,1029.72802734375,7.548
4246.605747279013,589.482421875,8.648
4246.930438679003,595.107421875,9.308
4247.2522796710255,595.107421875,9.525
4247.577371372026,456.7421875,7.015
4247.90063603202,746.97998046875,8.352
4248.224471303023,595.10791015625,8.997
4248.547759003006,595.10791015625,9.486
4248.8722054000245,456.74267578125,7.432
4249.197384143015,724.48046875,8.002
4249.519517144014,595.1083984375,8.92
4249.8405232250225,595.1083984375,9.254
4250.165202237025,489.6455078125,8.959
4250.4884427660145,1029.7294921875,7.51
4250.809742200014,589.48388671875,8.532
4251.131256073015,595.10888671875,9.308
4251.453319182008,595.10888671875,9.447
4251.7751509869995,456.74365234375,6.976
4252.097267474019,938.17431640625,8.235
4252.418999978021,595.109375,9.114
4252.740820645005,595.109375,9.37
4253.062621344026,456.744140625,7.704
4253.384813672019,724.48193359375,7.963
4253.7075864060025,595.10986328125,8.842
4254.030279712024,595.10986328125,9.37
4254.3524108530255,595.10986328125,9.308
4254.675074494007,984.73095703125,7.51
4254.99828785102,589.4853515625,8.532
4255.320463025011,595.1103515625,9.114
4255.643511351023,599.4248046875,9.486
4255.9655025180255,456.7451171875,7.054
4256.287786112021,724.48291015625,8.119
4256.610040712025,595.11083984375,8.959
4256.932634525001,595.11083984375,9.408
4257.254343409004,472.82568359375,8.002
4257.576331759017,1029.73193359375,7.782
4257.898542709008,716.74658203125,8.765
4258.221275757998,595.111328125,9.23
4258.543731996004,595.111328125,9.68
4258.868882572016,456.74609375,7.354
4259.1917690020055,746.98388671875,8.507
4259.515691244014,595.11181640625,9.075
4259.838452165015,595.11181640625,9.486
4260.160409248027,456.74658203125,6.937
4260.482489600021,724.484375,8.119
4260.8045072290115,595.1123046875,8.92
4261.125680827012,595.1123046875,9.408
4261.447045696026,489.6494140625,8.585
4261.7694887480175,1029.7333984375,7.51
4262.094694715022,493.8564453125,8.687
4262.41721220102,595.11279296875,9.153
4262.739030942001,510.7314453125,9.525
4263.060782960005,456.74755859375,7.054
4263.384433126019,746.9853515625,8.352
4263.707051447011,595.11328125,9.036
4264.030303325999,595.11328125,9.486
4264.3556612340035,456.748046875,7.354
4264.678716177004,724.48583984375,8.041
4265.001349634025,595.11376953125,8.92
4265.323619141011,599.42822265625,9.408
4265.645235632022,489.65087890625,8.842
4265.9680084850115,1029.73486328125,7.51
4266.289847800013,589.4892578125,8.571
4266.613935419999,595.1142578125,9.269
4266.936347235023,595.1142578125,9.447
4267.258010607009,456.7490234375,7.054
4267.580944872025,746.98681640625,8.352
4267.902665590023,595.11474609375,8.997
4268.225995037006,626.75,9.447
4268.5493452850205,456.74951171875,7.548
4268.87187163101,724.4873046875,7.886
4269.194399801025,488.23388671875,8.881
4269.516815774026,595.115234375,9.254
4269.840649943013,595.115234375,9.114
4270.164898878022,1029.736328125,7.51
4270.487045785005,589.49072265625,8.571
4270.811097529018,595.11572265625,9.23
4271.13459142801,595.11572265625,9.486
4271.460091320012,456.75048828125,7.015
4271.783241814002,758.18115234375,8.274
4272.105451027019,595.1162109375,9.075
4272.42881052001,595.1162109375,9.447
4272.751165690017,456.7509765625,7.665
4273.073268785025,724.48876953125,8.196
4273.397438899003,595.11669921875,8.997
4273.719339812,476.9873046875,9.486
4274.0411280789995,489.65380859375,8.818
4274.363535665005,1029.73779296875,7.924
4274.685513411008,595.1171875,8.803
4275.0071456730075,505.29248046875,9.408
4275.328262268013,595.1171875,9.68
4275.64851860702,984.73828125,7.782
4275.970434974006,589.49267578125,8.571
4276.29200601601,482.611328125,9.23
4276.614080981002,595.11767578125,9.486
4276.934698581026,456.75244140625,7.432
4277.256282135,724.490234375,8.313
4277.577698675013,595.1181640625,9.114
4277.898893415026,595.1181640625,9.486
4278.223261581006,456.7529296875,7.938
4278.54663799901,724.49072265625,8.119
4278.869332344009,476.9873046875,8.997
4279.191047518019,595.11865234375,9.331
4279.513458044006,635.75390625,9.191
4279.83535780001,1029.73974609375,7.769
4280.1578839150025,630.12939453125,8.803
4280.4791550710215,595.119140625,9.308
4280.801853096025,595.119140625,9.525
4281.122803152015,456.75390625,7.587
4281.445494936022,746.99169921875,8.532
4281.769024893001,595.11962890625,9.191
4282.091476956004,595.11962890625,9.486
4282.4135096430255,456.75439453125,7.132
4282.736780838022,724.4921875,8.119
4283.059634163015,595.1201171875,8.92
4283.384715599008,595.1201171875,9.408
4283.7089480130235,489.6572265625,8.507
4284.032824702008,1029.7412109375,7.665
4284.3574868580035,595.12060546875,8.726
4284.680286291026,595.12060546875,9.292
4285.00168759402,595.12060546875,9.602
4285.323144066002,456.75537109375,7.393
4285.647809678019,746.9931640625,8.493
4285.9739101900195,595.12109375,9.114
4286.300476798002,499.5009765625,9.563
4286.622547660023,456.755859375,7.015
4286.945050984999,724.49365234375,8.041
4287.2683194249985,595.12158203125,8.842
4287.589272486017,595.12158203125,9.408
4287.912558175012,489.65869140625,8.726
4288.235635408026,1029.74267578125,7.432
4288.559476636001,589.4970703125,8.532
4288.882315652008,510.74658203125,9.269
4289.205959849001,595.1220703125,9.447
4289.528686252015,456.7568359375,7.393
4289.852760640002,746.99462890625,8.468
4290.176735472021,599.43701171875,9.191
4290.500839013024,595.12255859375,9.447
4290.827894916001,456.75732421875,7.249
4291.149701413,724.4951171875,8.274
4291.471507142007,595.123046875,9.036
4291.792852886021,595.123046875,9.447
4292.114177093026,489.66015625,8.585
4292.436629501026,1029.744140625,8.08
4292.758329657023,494.048828125,8.959
4293.079954130022,595.12353515625,9.331
4293.402436010016,493.873046875,9.834
4293.723927038023,465.74267578125,7.432
4294.047043821018,768.31396484375,8.507
4294.369304477004,595.1240234375,9.153
4294.691721520998,595.1240234375,9.525
4295.017119570024,456.7587890625,6.898
4295.338903695025,724.49658203125,8.158
4295.661310146999,595.12451171875,9.036
4295.987558274006,595.12451171875,9.292
4296.310655374022,492.47412109375,8.391
4296.636351863999,488.24365234375,8.313
4296.959333920007,595.125,8.959
4297.281848311017,595.125,9.447
4297.604981796001,595.125,9.424
4297.927709762007,984.74609375,7.548
4298.250416959025,589.50048828125,8.493
4298.573181182001,595.12548828125,9.191
4298.895406377007,595.12548828125,9.447
4299.217279848002,456.76025390625,6.937
4299.541352373024,724.498046875,8.08
4299.864450880006,595.1259765625,8.92
4300.187667854014,499.505859375,9.408
4300.509463433002,495.16552734375,8.08
4300.831947740022,1029.7470703125,8.041
4301.154226088023,595.12646484375,8.92
4301.476911682024,595.12646484375,9.331
4301.7995136890095,595.12646484375,9.718
4302.120963911002,984.74755859375,7.471
4302.443118925003,494.05224609375,8.43
4302.7708516450075,595.126953125,9.191
4303.0960101270175,595.126953125,9.447
4303.420639310003,456.76171875,6.976
4303.742960250005,724.49951171875,8.119
4304.066479249013,595.12744140625,8.959
4304.392027504015,599.44189453125,9.447
4304.714114963019,500.7919921875,8.158
4305.037955381005,1029.74853515625,7.847
4305.361549005,510.74658203125,8.92
4305.6860227250145,595.1279296875,9.408
4306.010332952021,488.24658203125,9.834
4306.331655549002,984.7490234375,7.587
4306.654148974019,589.50341796875,8.493
4306.97787153002,595.12841796875,9.308
4307.301334012009,595.12841796875,9.447
4307.62376999401,456.76318359375,7.354
4307.945177202026,724.5009765625,8.274
4308.2676133750065,516.37255859375,9.153
4308.592642313015,595.12890625,9.408
4308.916371109022,456.763671875,7.821
4309.241252265027,724.50146484375,8.158
4309.562867448025,595.12939453125,9.036
4309.885619791021,595.12939453125,9.37
4310.211204012012,489.66650390625,8.92
4310.535364566022,1029.75048828125,7.886
4310.85690803302,595.1298828125,8.803
4311.179367597011,595.13037109375,9.331
4311.501436075021,595.1298828125,9.718
4311.8225234610145,465.7490234375,7.704
4312.145365374017,768.4453125,8.61
4312.468196855014,595.13037109375,9.23
4312.789552730013,595.13037109375,9.563
4313.115212697012,456.76513671875,7.366
4313.437727109005,724.5029296875,8.313
4313.759353362024,595.130859375,9.114
4314.08267961102,595.130859375,9.486
4314.408932526014,456.765625,7.938
4314.732576353999,1029.751953125,8.002
4315.05471948901,595.13134765625,8.803
4315.376971938007,626.7666015625,9.37
4315.698656368011,595.13134765625,9.563
4316.02055910902,984.75244140625,7.626
4316.342401015019,589.5068359375,8.571
4316.664047235012,595.1318359375,9.23
4316.987011133024,595.1318359375,9.486
4317.308901329001,456.7666015625,7.132
4317.631542687013,724.50439453125,8.158
4317.953572760016,595.13232421875,8.997
4318.275718356017,595.13232421875,9.486
4318.597525060002,456.76708984375,7.976
4318.9192428649985,1029.75341796875,8.041
4319.2409248600015,595.1328125,8.842
4319.562756812025,621.14306640625,9.37
4319.884293520998,595.1328125,9.563
4320.207435536024,984.75390625,7.626
4320.529708112008,589.50830078125,8.61
4320.851776904019,595.13330078125,9.191
4321.173445489025,595.13330078125,9.486
4321.495680591004,456.76806640625,6.859
4321.819027188001,724.505859375,8.041
4322.1408289940155,595.1337890625,8.92
4322.464298635023,595.13427734375,9.331
4322.7902473740105,492.4833984375,8.119
4323.113277735014,1029.7548828125,7.587
4323.438653941004,595.13427734375,8.648
4323.762165247026,516.3837890625,9.385
4324.083551324002,595.13427734375,9.68
4324.406641399022,456.76904296875,7.393
4324.728373376012,747.0068359375,8.507
4325.050910855003,595.134765625,9.114
4325.373077759024,595.134765625,9.447
4325.694718853018,456.76953125,7.093
4326.017620408005,724.50732421875,8.119
4326.339699469012,595.13525390625,8.881
4326.662244531006,595.13525390625,9.447
4326.983351332019,489.67236328125,8.663
4327.306164595007,1029.75634765625,7.587
4327.6286134289985,595.1357421875,8.726
4327.951474437024,595.1357421875,9.191
4328.274404919008,595.1357421875,9.602
4328.599589083024,456.7705078125,7.665
4328.921603563998,747.00830078125,8.61
4329.242903715,595.13623046875,9.114
4329.564218715008,499.8623046875,9.525
4329.885944097012,456.77099609375,7.054
4330.209575660003,724.5087890625,8.041
4330.534793839004,595.13671875,8.92
4330.859706472023,595.13671875,9.486
4331.181333257002,489.673828125,8.701
4331.505655244022,1029.7578125,7.665
4331.828314195009,595.13720703125,8.803
4332.150173916016,595.13720703125,9.23
4332.472473461006,595.13720703125,9.68
4332.793201014021,456.77197265625,7.432
4333.118208912027,747.009765625,8.585
4333.440287745005,595.1376953125,9.191
4333.762172171002,595.1376953125,9.486
4334.083145651006,456.7724609375,7.21
4334.40495084101,724.51025390625,8.313
4334.727526651026,595.13818359375,9.114
4335.049611051014,595.13818359375,9.408
4335.370618772024,492.48779296875,8.352
4335.693135060021,1029.75927734375,8.119
4336.014805523999,595.138671875,8.997
4336.336741246021,595.138671875,9.331
4336.660724881018,595.138671875,9.718
4336.983754690009,1029.759765625,7.743
4337.310003591003,589.51416015625,8.726
4337.637049992016,595.13916015625,9.385
4337.959326301003,595.13916015625,9.525
4338.284074955009,456.77392578125,7.354
4338.608362728002,747.01171875,8.468
4338.932908911025,595.1396484375,9.191
4339.25551716701,595.1396484375,9.447
4339.580292509025,456.7744140625,7.327
4339.903135526023,724.51220703125,8.08
4340.228223455022,595.14013671875,8.881
4340.552813862014,595.14013671875,9.447
4340.876766870002,489.67724609375,8.663
4341.199232815998,1029.76123046875,7.665
4341.521604230016,595.140625,8.803
4341.844060192001,595.140625,9.23
4342.16598189401,595.140625,9.641
4342.486636829999,456.775390625,7.432
4342.810165277013,747.01318359375,8.507
4343.1353054300125,595.14111328125,9.153
4343.462785380019,599.45556640625,9.563
4343.786727889004,456.77587890625,7.015
4344.108832285012,724.513671875,8.235
4344.434079257015,595.1416015625,9.075
4344.759363254008,595.1416015625,9.331
4345.085601046012,492.4912109375,8.235
4345.407504217001,1029.7626953125,7.963
4345.730036787019,595.14208984375,8.92
4346.051396963012,595.14208984375,9.254
4346.374403501017,617.6416015625,9.796
4346.695603031025,984.76318359375,7.548
4347.017833701015,589.517578125,8.43
4347.339996432012,716.77783203125,9.153
4347.66210789801,595.142578125,9.447
4347.985359277023,456.77734375,6.859
4348.30714199401,724.51513671875,8.158
4348.629530813021,595.14306640625,9.036
4348.951893935009,595.14306640625,9.292
4349.273076342011,492.49267578125,8.352
4349.595150877023,1029.76416015625,7.665
4349.917458636017,595.1435546875,8.687
4350.238777848019,595.1435546875,9.23
4350.56147976502,595.1435546875,9.563
4350.885429791,456.7783203125,7.132
4351.20859758,747.01611328125,8.235
4351.5311858610075,488.2626953125,9.075
4351.8529694720055,595.14404296875,9.37
4352.175669372024,456.77880859375,7.327
4352.498833609017,724.5166015625,8.274
4352.822713679023,595.14453125,8.92
4353.145593713009,595.14453125,9.408
4353.467970817001,489.681640625,8.585
4353.789855679002,1029.765625,7.51
4354.112123498024,482.638671875,8.687
4354.435299734003,595.14501953125,9.191
4354.757851660019,595.14501953125,9.486
4355.078569983016,456.77978515625,7.471
4355.400753542024,747.017578125,8.43
4355.723416895024,595.1455078125,9.23
4356.045724043011,595.1455078125,9.408
4356.366862989002,456.7802734375,7.249
4356.689295645017,724.51806640625,8.158
4357.01142665802,595.14599609375,8.959
4357.336259783013,595.14599609375,9.447
4357.657586927002,489.68310546875,8.585
4357.979458570015,1029.76708984375,7.743
4358.300696334016,595.146484375,8.765
4358.621968691004,595.146484375,9.23
4358.9440633820195,595.146484375,9.641
4359.264333430008,456.78125,7.249
4359.586712867022,747.01904296875,8.352
4359.913274149003,477.017578125,9.23
4360.2358947140165,595.14697265625,9.447
4360.557843126007,456.78173828125,7.288
4360.881445454026,724.51953125,8.002
4361.206077419018,595.1474609375,8.881
4361.527956228005,510.76611328125,9.408
4361.852161041024,489.6845703125,8.765
4362.1748630150105,1029.7685546875,7.665
4362.499977940024,595.14794921875,8.803
4362.825316137023,595.14794921875,9.269
4363.1475808150135,595.14794921875,9.68
4363.47003202801,465.76708984375,7.782
4363.796659967018,752.3349609375,8.61
4364.119234096026,595.1484375,9.23
4364.440875775006,595.1484375,9.525
4364.763205831026,456.783203125,7.393
4365.085990749998,724.52099609375,8.313
4365.408414537,595.14892578125,9.075
4365.731669777015,595.14892578125,9.486
4366.057180459,456.78369140625,7.976
4366.382021035999,713.26806640625,8.08
4366.705627712014,595.1494140625,8.842
4367.028528315015,595.1494140625,9.408
4367.351768321998,595.1494140625,9.447
4367.673747132008,984.7705078125,7.51
4367.996387693012,589.52490234375,8.468
4368.319877404021,595.14990234375,9.191
4368.641904631018,595.14990234375,9.408
4368.965877399023,456.78466796875,6.859
4369.290544976015,724.5224609375,8.08
4369.611910355015,595.150390625,8.92
4369.934994195006,595.150390625,9.331
4370.257359032024,492.5,8.196
4370.579806465015,1029.771484375,7.808
4370.902007457014,595.15087890625,8.765
4371.2237192150205,595.15087890625,9.292
4371.5460595070035,595.15087890625,9.68
4371.867550744006,456.78564453125,7.21
4372.190051490004,747.0234375,8.391
4372.512389990006,595.1513671875,9.114
4372.834212759015,595.1513671875,9.408
4373.155852353026,456.7861328125,7.093
4373.478659893008,724.52392578125,8.002
4373.800897844019,595.15185546875,8.803
4374.122374808008,716.787109375,9.331
4374.447426268016,489.68896484375,8.765
4374.770660767012,1029.77294921875,7.471
4375.092765273002,589.52734375,8.493
4375.414463043999,595.15234375,9.215
4375.736033194,595.15234375,9.408
4376.0612875090155,456.787109375,7.015
4376.384684892022,747.02490234375,8.352
4376.709947879019,595.15283203125,9.036
4377.03570416302,499.53271484375,9.525
4377.357090081001,456.78759765625,7.548
4377.67959735202,724.525390625,8.352
4378.002081262006,595.1533203125,8.997
4378.326660703024,595.1533203125,9.525
4378.648941053019,489.6904296875,8.624
4378.971176058025,1029.7744140625,8.002
4379.29562595801,595.15380859375,8.92
4379.621146200021,595.15380859375,9.346
4379.944568350009,488.2724609375,9.796
4380.265409896005,984.77490234375,7.821
4380.589065942011,589.529296875,8.726
4380.910830849025,595.154296875,9.23
4381.232663982024,595.28955078125,9.563
4381.556179671024,456.7890625,7.354
4381.8793665800185,747.02685546875,8.468
4382.203566420998,595.15478515625,9.075
4382.529766654014,599.46923828125,9.486
4382.851762576,456.78955078125,7.548
4383.174924810999,724.52734375,7.963
4383.498464052012,595.1552734375,8.959
4383.820942870021,595.1552734375,9.254
4384.146882197005,482.65185546875,8.997
4384.469155184022,1029.7763671875,7.51
4384.794885415002,589.53076171875,8.571
4385.1171045110095,595.15576171875,9.191
4385.440715017001,595.15576171875,9.486
4385.765808329015,456.79052734375,6.976
4386.089386194013,724.5283203125,8.119
4386.412796820019,595.15625,9.075
4386.73474528201,595.15625,9.331
4387.057722773025,456.791015625,7.782
4387.380988434015,488.275390625,7.963
4387.705767461011,595.15673828125,8.765
4388.027972795011,595.15673828125,9.37
4388.350423994008,595.15673828125,9.447
4388.672752405022,600.77587890625,7.626
4388.994816646009,589.5322265625,8.61
4389.317837241018,595.1572265625,9.114
4389.639765284024,599.4716796875,9.447
4389.961165533023,456.7919921875,6.898
4390.283899813017,724.52978515625,8.041
4390.606491240003,595.15771484375,8.92
4390.929229840025,499.8837890625,9.408
4391.250845008006,498.009765625,8.08
4391.573691867001,1029.77880859375,7.769
4391.896475461021,595.15869140625,8.765
4392.218500978022,595.158203125,9.254
4392.541708842007,595.158203125,9.68
4392.866817319009,456.79296875,7.237
4393.1894417690055,747.03076171875,8.43
4393.514448736998,595.15869140625,9.036
4393.837408688007,488.27734375,9.486
4394.159327033005,456.79345703125,7.015
4394.482669749006,724.53125,8.158
4394.806073426007,595.1591796875,8.92
4395.128457420011,595.1591796875,9.37
4395.450278992008,489.6962890625,8.585
4395.772349886014,1029.7802734375,7.548
4396.094423115021,477.0283203125,8.648
4396.416522969026,595.15966796875,9.191
4396.738812846015,595.15966796875,9.486
4397.060776566999,456.79443359375,6.937
4397.383238930022,747.0322265625,8.313
4397.705788976018,595.16015625,8.959
4398.02788143701,615.54541015625,9.408
4398.349940328015,456.794921875,7.587
4398.672360545024,724.53271484375,7.924
4398.996855908015,599.47509765625,8.842
4399.31885850901,595.16064453125,9.292
4399.640738994,595.16064453125,9.191
4399.962209991005,1029.78173828125,7.51
4400.284327348025,589.5361328125,8.61
4400.606067891,595.1611328125,9.114
4400.927777201025,494.26220703125,9.525
4401.249746776011,456.7958984375,6.976
4401.571718111023,724.53369140625,8.08
4401.894153462024,595.16162109375,8.92
4402.217432204023,595.16162109375,9.447
4402.539784863999,456.79638671875,7.976
4402.862870702025,1029.78271484375,7.886
4403.186730360001,595.162109375,8.842
4403.508844227006,595.162109375,9.269
4403.83197153802,499.71240234375,9.718
4404.156020578026,456.796875,7.315
4404.478506906016,747.03466796875,8.507
4404.800471455004,595.16259765625,9.075
4405.1230776270095,595.16259765625,9.525
4405.448940491013,456.79736328125,6.976
4405.772100123024,724.53515625,8.158
4406.096429748024,595.1630859375,8.997
4406.419564290001,595.1630859375,9.408
4406.743378345011,492.5126953125,8.235
4407.065980739018,1029.7841796875,7.963
4407.388868808019,595.16357421875,8.92
4407.711391103017,595.16357421875,9.292
4408.034915163007,595.16357421875,9.757
4408.358062248008,1029.78466796875,7.743
4408.680098638026,589.5390625,8.765
4409.002051632007,595.1640625,9.23
4409.325738065003,595.1640625,9.641
4409.651562878018,456.798828125,7.354
4409.974119924998,747.03662109375,8.546
4410.296490694018,595.16455078125,9.075
4410.618022424023,595.16455078125,9.563
4410.939530730015,456.79931640625,7.548
4411.262087392999,724.537109375,8.313
4411.5863118590205,595.1650390625,8.997
4411.908939340006,595.1650390625,9.486
4412.230900717026,489.7021484375,8.663
4412.553779407026,1029.7861328125,7.963
4412.875667020999,595.16552734375,8.765
4413.197831541009,595.16552734375,9.37
4413.521172935027,595.16552734375,9.718
4413.842815932003,984.78662109375,7.821
4414.165784992016,589.541015625,8.571
4414.488297684002,595.166015625,9.292
4414.811239447008,595.166015625,9.447
4415.1316312940035,456.80078125,7.393
4415.453991723014,724.53857421875,8.352
4415.7765115510265,516.416015625,9.153
4416.099181911006,595.16650390625,9.37
4416.421098452003,456.80126953125,7.899
4416.743456993019,724.5390625,8.235
4417.06691496601,595.1669921875,9.075
4417.389677201019,595.1669921875,9.37
4417.715357269015,489.7041015625,8.997
4418.038459388015,1029.7880859375,7.886
4418.360180753021,595.16748046875,8.803
4418.6821411990095,595.16748046875,9.269
4419.0045772770245,595.16748046875,9.602
4419.32775216602,456.80224609375,7.626
4419.649788550014,747.0400390625,8.61
4419.971557020006,595.16796875,9.114
4420.2948082000075,510.79248046875,9.563
4420.620518347016,456.802734375,6.976
4420.94249335202,724.54052734375,8.158
4421.2644895420235,599.48291015625,8.92
4421.588677394,595.16845703125,9.331
4421.910980826011,489.70556640625,8.507
4422.232755087025,1029.78955078125,7.626
4422.555441829027,595.1689453125,8.765
4422.877490628016,595.1689453125,9.191
4423.200277341006,595.1689453125,9.602
4423.5245294190245,456.8037109375,7.093
4423.846544360014,747.04150390625,8.274
4424.170666288002,595.16943359375,9.036
4424.49311503701,595.16943359375,9.447
4424.817192675022,456.80419921875,7.327
4425.143068266014,724.5419921875,7.821
4425.465095463005,595.169921875,8.803
4425.787226439017,595.169921875,9.346
4426.109474539,595.169921875,9.269
4426.43123231802,1029.791015625,7.587
4426.754711918009,589.54541015625,8.687
4427.077069046005,595.17041015625,9.191
4427.399258935009,595.17041015625,9.602
4427.722093904013,456.80517578125,7.432
4428.044890023011,747.04296875,8.493
4428.368903690018,595.1708984375,9.075
4428.693387229025,595.1708984375,9.525
4429.017232409009,456.8056640625,7.393
4429.339935212018,724.54345703125,8.119
4429.664776363003,595.17138671875,8.92
4429.987828011013,494.0966796875,9.408
4430.31225401102,489.70849609375,8.726
4430.635080690001,1029.79248046875,7.691
4430.959517634008,595.171875,8.803
4431.282980624004,595.171875,9.269
4431.6057181150245,595.171875,9.641
4431.927473747026,456.806640625,7.276
4432.250312585005,747.04443359375,8.352
4432.573578159005,595.17236328125,9.191
4432.897310885019,595.17236328125,9.408
4433.220125754015,456.80712890625,7.21
4433.542416220007,724.544921875,8.002
4433.8654136240075,595.1728515625,8.881
4434.188814241003,595.1728515625,9.292
4434.511948833009,489.7099609375,8.803
4434.835119138006,1029.7939453125,7.393
4435.157553224999,589.54833984375,8.493
4435.479799271998,488.314453125,9.23
4435.802157099999,595.17333984375,9.447
4436.1267518070235,456.80810546875,6.976
4436.448778487014,724.5458984375,8.158
4436.771631275013,499.89990234375,9.075
4437.095217466005,595.173828125,9.37
4437.417165966006,456.80859375,7.86
4437.741509208019,522.0458984375,8.041
4438.064204615017,595.17431640625,8.803
4438.387930650002,595.17431640625,9.408
4438.712991069013,595.17431640625,9.346
4439.03438866802,984.79541015625,7.548
4439.358709124004,589.5498046875,8.532
4439.681840066012,595.1748046875,9.191
4440.0040219810035,595.1748046875,9.525
4440.324235665001,456.8095703125,7.171
4440.646673717012,724.54736328125,8.196
4440.970876344014,595.17529296875,8.959
4441.296178243007,595.17529296875,9.447
4441.6192776620155,456.81005859375,8.015
4441.94205540602,645.79443359375,8.119
4442.26577788702,595.17578125,8.842
4442.5894390220055,595.17578125,9.408
4442.911672297021,595.17578125,9.424
4443.234144269023,533.294921875,7.665
4443.556081310002,589.55126953125,8.687
4443.879265659023,595.17626953125,9.191
4444.2012098999985,499.55615234375,9.525
4444.521171605011,456.81103515625,7.093
4444.843735516013,724.548828125,8.158
4445.165229115024,595.1767578125,8.997
4445.487203180004,595.1767578125,9.486
4445.809685296001,456.8115234375,8.054
4446.131513819011,1029.7978515625,7.924
4446.458560801024,595.17724609375,8.881
4446.782821828005,595.17724609375,9.308
4447.107576536015,595.17724609375,9.641
4447.4283105549985,510.796875,7.393
4447.75267481702,768.49267578125,8.468
4448.076623255998,595.177734375,9.191
4448.400867577002,595.177734375,9.486
4448.724505668011,456.8125,6.976
4449.046432497009,724.55029296875,8.158
4449.371633460018,595.17822265625,8.997
4449.695440741023,595.17822265625,9.331
4450.0189859320235,492.52783203125,8.235
4450.340704978007,1029.79931640625,8.002
4450.666636878013,595.1787109375,8.959
4450.989833608008,595.1787109375,9.292
4451.31408912802,595.1787109375,9.68
4451.636349984998,1029.7998046875,7.743
4451.959161421022,589.55419921875,8.765
4452.281694799021,595.17919921875,9.191
4452.604754115018,595.17919921875,9.602
4452.926315490011,456.81396484375,7.393
4453.2507376389985,747.0517578125,8.532
4453.575717984,595.1796875,9.075
4453.900216870999,595.1796875,9.525
4454.224654956022,456.814453125,7.354
4454.5491197619995,724.55224609375,8.002
4454.873635706026,595.18017578125,8.92
4455.196910325001,595.18017578125,9.37
4455.519984489016,489.71728515625,8.842
4455.845113478019,1029.80126953125,7.587
4456.1700045379985,510.79931640625,8.726
4456.493056749023,595.1806640625,9.23
4456.8155223780195,499.57177734375,9.563
4457.137227628002,456.8154296875,7.354
4457.461308259022,747.05322265625,8.391
4457.784793284023,595.18115234375,9.191
4458.107227744011,595.18115234375,9.37
4458.430787459016,456.81591796875,7.249
4458.754451211018,724.5537109375,8.196
4459.07774589301,595.181640625,8.959
4459.401741624024,595.181640625,9.408
4459.724227796018,489.71875,8.546
4460.048860798008,1029.802734375,7.808
4460.371529089025,595.18212890625,8.726
4460.6957858200185,595.18212890625,9.37
4461.017468156002,595.18212890625,9.718
4461.3385893500235,984.80322265625,7.704
4461.666132567014,589.5576171875,8.532
4461.9900131570175,595.1826171875,9.269
4462.311583584,595.1826171875,9.447
4462.637584409007,456.8173828125,6.742
4462.9601109970245,724.55517578125,8.08
4463.281894679007,488.32421875,8.959
4463.604059623001,595.18310546875,9.292
4463.926584931003,489.72021484375,8.507
4464.251022242999,1029.80419921875,7.471
4464.5733680570265,482.69970703125,8.687
4464.894717450021,595.18359375,9.23
4465.216278275009,599.63330078125,9.525
4465.539985064999,456.818359375,7.393
4465.862915699021,747.05615234375,8.43
4466.1850344630075,595.18408203125,9.23
4466.507294256007,595.18408203125,9.408
4466.830862001021,456.81884765625,7.249
4467.154334829014,724.556640625,8.041
4467.478131285025,595.1845703125,8.881
4467.80464166202,621.18896484375,9.37
4468.126291033026,489.7216796875,8.701
4468.451145350002,1029.8056640625,7.432
4468.773962155014,589.56005859375,8.571
4469.096371104009,595.18505859375,9.269
4469.419924127025,595.18505859375,9.447
4469.741789537016,456.81982421875,6.937
4470.063236787013,747.0576171875,8.274
4470.385223577003,595.185546875,9.036
4470.709913983999,595.185546875,9.37
4471.0319633360195,456.8203125,7.626
4471.356527529017,724.55810546875,7.924
4471.682514558022,595.18603515625,8.842
4472.006271938008,595.18603515625,9.292
4472.328598163003,595.18603515625,9.191
4472.65124075202,1029.80712890625,7.548
4472.973203252011,589.5615234375,8.571
4473.294876301021,595.1865234375,9.191
4473.616608904005,595.1865234375,9.525
4473.940585268021,456.8212890625,6.976
4474.262571896019,724.55908203125,8.119
4474.587030644005,488.31689453125,9.036
4474.909214527026,595.18701171875,9.331
4475.23359426402,456.82177734375,7.821
4475.556484508008,758.30908203125,8.002
4475.8788043000095,595.1875,8.765
4476.202993117011,595.1875,9.37
4476.526654812013,595.1875,9.37
4476.850522211025,984.80859375,7.51
4477.172112631,589.56298828125,8.507
4477.4936764910235,595.18798828125,9.191
4477.815542793018,595.18798828125,9.408
4478.136788561009,456.82275390625,6.859
4478.460033952026,724.560546875,8.041
4478.782633752009,595.1884765625,8.92
4479.105325108016,595.1884765625,9.331
4479.430579690001,492.5380859375,8.119
4479.753911740001,1029.8095703125,7.704
4480.075568177999,595.18896484375,8.648
4480.399588860018,595.18896484375,9.346
4480.72105613802,595.18896484375,9.641
4481.042495128,456.82373046875,7.171
4481.36524306002,747.0615234375,8.313
4481.687908109016,595.189453125,9.153
4482.010515556001,595.189453125,9.331
4482.33309289001,456.82421875,7.132
4482.656435146026,724.56201171875,7.924
4482.981105003011,595.18994140625,8.803
4483.303529978002,595.18994140625,9.308
4483.62740902201,489.72705078125,8.803
4483.950612137007,1029.81103515625,7.73
4484.273244384007,595.1904296875,8.803
4484.596330758999,595.1904296875,9.191
4484.919186725019,595.1904296875,9.641
4485.242249291012,456.8251953125,7.704
4485.565314321022,747.06298828125,8.648
4485.888600094011,595.19091796875,9.114
4486.210917737015,595.19091796875,9.563
4486.533385016024,456.82568359375,7.366
4486.857821231009,724.5634765625,8.274
4487.180959958001,595.19140625,8.997
4487.506520436,595.19140625,9.486
4487.828860991023,456.826171875,8.054
4488.1518365759985,724.56396484375,8.119
4488.473688377009,595.19189453125,8.881
4488.7961824730155,595.19189453125,9.408
4489.118874848005,595.19189453125,9.346
4489.441066724015,1029.81298828125,7.548
4489.763464016025,589.5673828125,8.571
4490.086352750019,595.1923828125,9.114
4490.408972161007,533.31103515625,9.525
4490.730242788006,456.8271484375,6.937
4491.055216204026,724.56494140625,8.08
4491.377260681998,595.19287109375,8.92
4491.7009568040085,595.19287109375,9.447
4492.022610196,456.82763671875,8.015
4492.346629945008,1029.81396484375,7.886
4492.670693311025,595.193359375,8.842
4492.99267442702,595.193359375,9.215
4493.315860001021,499.91943359375,9.757
4493.638569463015,984.814453125,7.471
4493.960548306,499.5625,8.468
4494.282909947011,595.19384765625,9.153
4494.604602603009,595.19384765625,9.486
4494.9311525530065,456.82861328125,6.82
4495.255264047999,724.56640625,8.158
4495.580840363022,595.1943359375,8.997
4495.906426758011,595.1943359375,9.292
4496.229916534998,492.5439453125,8.274
4496.552041910007,1029.8154296875,8.041
4496.875755086017,595.19482421875,8.92
4497.1975528010225,595.19482421875,9.254
4497.520777159021,595.19482421875,9.757
4497.8432235690125,984.81591796875,7.626
4498.165382705018,589.5703125,8.493
4498.490349301021,595.1953125,9.269
4498.817728079011,595.1953125,9.486
4499.140074101015,456.830078125,7.054
4499.463285850012,724.56787109375,8.119
4499.78552076302,595.19580078125,8.959
4500.109415896004,595.19580078125,9.486
4500.430621749023,456.83056640625,8.015
4500.755035396025,567.06787109375,8.119
4501.081599808007,595.1962890625,8.842
4501.404891655024,595.1962890625,9.408
4501.726630934019,595.1962890625,9.346
4502.050282698008,1029.8173828125,7.548
4502.375422322017,589.57177734375,8.648
4502.697038652026,595.19677734375,9.153
4503.0206396300055,595.19677734375,9.563
4503.3435812550015,456.83154296875,7.315
4503.666104050004,747.0693359375,8.507
4503.992679533025,595.197265625,9.075
4504.314910508023,595.197265625,9.486
4504.636792255013,456.83203125,7.51
4504.959652245016,724.56982421875,7.924
4505.282118781004,477.06640625,8.881
4505.604115155002,595.19775390625,9.308
4505.927401592024,595.19775390625,9.114
4506.251954282023,1029.81884765625,7.626
4506.575001926016,589.5732421875,8.648
4506.897854939016,595.1982421875,9.308
4507.219524037006,595.1982421875,9.447
4507.54106538702,456.8330078125,6.937
4507.862954653014,612.0673828125,8.235
4508.186024729017,595.19873046875,9.036
4508.508840555005,595.19873046875,9.331
4508.832770918001,456.83349609375,7.626
4509.156975242018,724.5712890625,7.924
4509.480486901011,595.19921875,8.842
4509.802939450019,595.19921875,9.331
4510.125736140006,595.19921875,9.269
4510.44763951702,984.8203125,7.51
4510.769953469018,589.57470703125,8.532
4511.0963435030135,595.19970703125,9.114
4511.4208896300115,595.19970703125,9.486
4511.743558826012,456.83447265625,6.898
4512.066561954009,724.572265625,8.08
4512.390167919017,595.2001953125,8.959
4512.714652572002,595.2001953125,9.486
4513.035963063012,456.8349609375,8.054
4513.358700293,1057.41796875,8.119
4513.685044308018,595.20068359375,8.881
4514.010591974016,595.20068359375,9.447
4514.3351198910095,595.20068359375,9.346
4514.659150063002,1029.82177734375,7.665
4514.981588690018,589.576171875,8.648
4515.305491848005,626.83642578125,9.308
4515.629230297025,595.201171875,9.486
4515.950802876003,456.8359375,7.132
4516.275333865022,747.07373046875,8.391
4516.599068569019,595.20166015625,9.036
4516.924300767016,499.751953125,9.525
4517.246160748007,456.83642578125,7.471
4517.570921632025,724.57421875,8.002
4517.893872756016,595.2021484375,8.959
4518.216422041005,595.2021484375,9.331
4518.544384511013,489.7392578125,8.881
4518.867268784001,1029.8232421875,7.51
4519.1892412800225,589.57763671875,8.571
4519.513103732024,595.20263671875,9.308
4519.837453817017,595.20263671875,9.447
4520.160105665011,456.83740234375,7.276
4520.486412939004,747.0751953125,8.391
4520.809152022004,516.44677734375,9.191
4521.1321798510035,595.203125,9.447
4521.455754964001,456.837890625,7.288
4521.780827506009,724.57568359375,8.08
4522.104907116009,595.20361328125,8.842
4522.429931592022,595.20361328125,9.447
4522.754202793003,489.74072265625,8.663
4523.079343784018,1029.82470703125,7.704
4523.401783303008,595.2041015625,8.765
4523.724857149005,595.2041015625,9.269
4524.049265089998,595.2041015625,9.641
4524.370805025013,456.8388671875,7.276
4524.692601287999,747.07666015625,8.391
4525.0159026620095,595.20458984375,9.153
4525.337871283002,595.20458984375,9.37
4525.661305653019,456.83935546875,7.171
4525.985713465023,724.5771484375,8.196
4526.308030867018,595.205078125,8.959
4526.630031137,595.205078125,9.447
4526.953749036009,489.7421875,8.585
4527.276191786019,1029.826171875,7.626
4527.599476261006,595.20556640625,8.765
4527.923607359,595.20556640625,9.191
4528.245824980026,595.20556640625,9.525
4528.566898528021,456.84033203125,7.354
4528.889713547018,747.078125,8.391
4529.212869121024,595.2060546875,9.23
4529.536984089005,595.2060546875,9.447
4529.863385379023,456.8408203125,7.171
4530.188296503999,724.57861328125,8.08
4530.511281768006,595.20654296875,8.881
4530.836550057022,595.20654296875,9.408
4531.16098417202,489.74365234375,8.585
4531.4832132800075,1029.82763671875,7.808
4531.804796349024,595.20703125,8.726
4532.127062003012,499.59814453125,9.37
4532.449022269022,595.20703125,9.68
4532.770727358002,984.828125,7.743
4533.094532810006,488.33203125,8.571
4533.416486996022,599.6572265625,9.23
4533.737794662011,595.20751953125,9.486
4534.061399371014,456.84228515625,7.171
4534.382998055022,724.580078125,8.196
4534.704311513022,595.2080078125,8.959
4535.028314028023,656.09326171875,9.408
4535.350967021019,492.5576171875,8.158
4535.674103840021,1029.8291015625,7.769
4535.999077685003,595.208984375,8.803
4536.321012093016,595.20849609375,9.269
4536.643480472005,599.658203125,9.757
4536.964739559015,984.82958984375,7.548
4537.289813983021,510.83349609375,8.454
4537.612065649009,499.57763671875,9.23
4537.935884603998,595.208984375,9.408
4538.261249213014,456.84375,6.976
4538.583492878999,724.58154296875,8.119
4538.906173937023,595.20947265625,8.959
4539.229211839003,635.8447265625,9.447
4539.55042655702,493.84033203125,8.235
4539.877713307011,724.58203125,8.352
4540.200513321004,595.2099609375,9.114
4540.525480276003,595.2099609375,9.447
4540.8495989369985,489.7470703125,8.881
4541.174039048026,1029.8310546875,7.51
4541.495689526026,589.58544921875,8.571
4541.818583293003,595.21044921875,9.269
4542.140175686014,595.21044921875,9.408
4542.462917984027,456.84521484375,7.393
4542.786252982012,747.0830078125,8.391
4543.108485238015,635.84619140625,9.114
4543.430311777018,595.2109375,9.447
4543.756629112002,456.845703125,7.315
4544.07927504601,724.58349609375,7.963
4544.40106148101,595.21142578125,8.92
4544.722370583011,595.21142578125,9.292
4545.0453866730095,489.74853515625,8.92
4545.367709735001,1029.83251953125,7.432
4545.689614761999,589.5869140625,8.532
4546.013425154,595.2119140625,9.114
4546.335330880014,595.2119140625,9.525
4546.65910961802,456.8466796875,6.976
4546.981027984002,724.58447265625,8.119
4547.306494184013,499.7626953125,9.075
4547.629988616012,595.21240234375,9.331
4547.954716478998,456.84716796875,7.743
4548.277444119012,724.5849609375,7.963
4548.59976828302,595.212890625,8.803
4548.921506245999,595.212890625,9.37
4549.243060771027,595.212890625,9.408
4549.564657153009,984.833984375,7.548
4549.886722676019,589.58837890625,8.493
4550.2086727340065,595.21337890625,9.153
4550.530304920016,595.21337890625,9.408
4550.851824237005,456.84814453125,6.937
4551.175475327007,724.5859375,8.08
4551.497663949005,595.2138671875,8.92
4551.820101862017,510.83251953125,9.408
4552.144909895025,492.5634765625,8.08
4552.4667700800055,1029.8349609375,7.704
4552.788939463004,595.21435546875,8.687
4553.110663767002,595.21435546875,9.292
4553.433805445005,595.21435546875,9.718
4553.755081022013,456.84912109375,7.198
4554.0780276800215,747.0869140625,8.391
4554.400504682009,595.21484375,9.114
4554.7226955910155,595.21484375,9.447
4555.048984955007,456.849609375,7.054
4555.373684708,724.58740234375,8.235
4555.698991175013,595.21533203125,9.075
4556.022256846016,595.21533203125,9.331
4556.3470159230055,492.56494140625,8.313
4556.671839836024,1029.83642578125,7.743
4556.995273061009,595.2158203125,8.687
4557.318089645007,595.2158203125,9.331
4557.641432141012,595.2158203125,9.718
4557.9619601099985,984.8369140625,7.665
4558.284227768017,589.59130859375,8.532
4558.609146137023,494.1416015625,9.254
4558.930618911021,595.21630859375,9.408
4559.255039781012,456.85107421875,6.976
4559.577553876006,724.5888671875,8.08
4559.900178376003,595.216796875,8.92
4560.22344734901,599.53125,9.37
4560.545340387005,492.56640625,8.158
4560.869539960026,1029.837890625,7.808
4561.192329642014,621.2275390625,8.803
4561.514114446007,595.21728515625,9.269
4561.8366534910165,595.21728515625,9.641
4562.163371377013,456.85205078125,7.354
4562.486655442015,747.08984375,8.468
4562.810286947002,595.2177734375,9.036
4563.134826138004,595.2177734375,9.486
4563.458138679009,456.8525390625,6.898
4563.7810927070095,724.59033203125,8.158
4564.103735840006,493.9619140625,8.959
4564.426426810998,595.21826171875,9.308
4564.7553655840165,489.755859375,8.352
4565.079471785022,1029.83935546875,7.587
4565.402652885008,595.21875,8.648
4565.726353560021,595.21875,9.191
4566.04959847001,595.21875,9.525
4566.373115547001,456.853515625,7.171
4566.696295521018,747.09130859375,8.274
4567.020083138021,595.21923828125,9.153
4567.3426987300045,595.21923828125,9.331
4567.665151626017,456.85400390625,7.249
4567.9886554170225,724.591796875,8.196
4568.3110196630005,595.2197265625,8.881
4568.633802457014,595.2197265625,9.408
4568.9554925289995,489.7568359375,8.663
4569.279516045004,1029.8408203125,7.471
4569.601715607016,589.59521484375,8.571
4569.923727704008,595.22021484375,9.23
4570.245029717014,595.22021484375,9.408
4570.566788773023,456.85498046875,6.937
4570.889864785015,747.0927734375,8.235
4571.212444034027,595.220703125,8.997
4571.534302353015,595.22119140625,9.408
4571.856364618026,456.85546875,7.587
4572.178623656015,724.59326171875,7.924
4572.500503507006,595.22119140625,8.842
4572.822307898023,595.22119140625,9.331
4573.144889410003,595.22119140625,9.269
4573.470256419998,1029.84228515625,7.665
4573.791560272017,589.5966796875,8.61
4574.113380656025,595.2216796875,9.308
4574.435333939007,595.2216796875,9.447
4574.758312805003,456.8564453125,6.976
4575.081062409998,724.59423828125,8.119
4575.403322646016,595.22216796875,9.075
4575.725453692023,595.22216796875,9.331
4576.052430234005,456.85693359375,7.743
4576.375155157002,1440.93994140625,7.963
4576.697102509002,595.22265625,8.765
4577.020766225003,510.84130859375,9.331
4577.3426049910195,595.22265625,9.447
4577.663107698027,984.84375,7.548
4577.984755415004,589.59814453125,8.493
4578.306854731025,595.22314453125,9.191
4578.628600144002,595.22314453125,9.408
4578.950584127015,456.85791015625,6.898
4579.272648429003,724.595703125,8.08
4579.594310632005,595.2236328125,8.959
4579.916493467026,595.2236328125,9.331
4580.23913923002,492.5732421875,8.235
4580.5634931960085,1029.8447265625,7.847
4580.889609193022,595.359375,8.842
4581.212077023025,595.22412109375,9.23
4581.534512947022,599.53857421875,9.718
4581.857493502001,456.716796875,6.402
4582.180823766015,724.45458984375,7.963
4582.504469562002,595.08251953125,8.959
4582.826703807019,595.08251953125,9.269
4583.150071540003,456.716796875,7.665
4583.473612110014,724.45458984375,7.924
4583.797609372006,595.08251953125,8.765
4584.120968363015,595.08251953125,9.408
4584.443318731006,595.08251953125,9.385
4584.764688958006,1029.70361328125,7.587
4585.086361310008,589.4580078125,8.687
4585.407885043009,595.0830078125,9.153
4585.730083046015,595.0830078125,9.563
4586.0517664330255,456.7177734375,7.015
4586.374029362021,724.45556640625,8.119
4586.696407848009,595.08349609375,8.997
4587.018093375023,595.08349609375,9.447
4587.340125152026,456.71826171875,7.976
4587.662122400012,1029.70458984375,8.002
4587.983776239998,595.083984375,8.803
4588.305380121019,595.21923828125,9.37
4588.626965153002,595.083984375,9.602
4588.951428329019,984.705078125,7.548
4589.276033939008,589.45947265625,8.493
4589.59919855601,595.08447265625,9.191
4589.9212220670015,595.08447265625,9.486
4590.242794769001,456.71923828125,7.093
4590.565065709001,724.45703125,8.119
4590.888580320025,595.0849609375,8.997
4591.2128704510105,595.0849609375,9.447
4591.534788698016,456.7197265625,7.976
4591.857616649009,1029.7060546875,8.002
4592.180255917017,595.08544921875,8.803
4592.502615683014,595.08544921875,9.331
4592.825807614019,595.08544921875,9.602
4593.148497183021,1029.70654296875,7.743
4593.47048447901,589.4609375,8.687
4593.792247317004,595.08642578125,9.23
4594.113883971004,595.0859375,9.525
4594.4365544600005,456.720703125,7.171
4594.759130735998,724.45849609375,8.274
4595.083705819998,595.08642578125,9.114
4595.405107287021,595.08642578125,9.408
4595.726823073026,456.72119140625,7.743
4596.0503410490055,724.458984375,8.002
4596.373358711018,615.47216796875,8.92
4596.697883352026,595.0869140625,9.308
4597.020516292017,595.0869140625,9.191
4597.346794222016,1029.7080078125,7.665
4597.670698286005,589.46240234375,8.648
4597.992690776999,595.08740234375,9.308
4598.314951147011,595.08740234375,9.408
4598.637424326007,456.72216796875,6.976
4598.960182926006,510.70654296875,8.274
4599.282401817007,595.087890625,9.036
4599.605154620018,595.087890625,9.331
4599.929318397015,456.72265625,7.626
4600.252216482011,724.46044921875,7.963
4600.5756831670005,621.0986328125,8.92
4600.897337868024,595.08837890625,9.292
4601.221445793024,595.08837890625,9.153
4601.546718890022,1029.70947265625,7.743
4601.868680479005,589.4638671875,8.726
4602.192179029022,595.0888671875,9.269
4602.516025912017,595.0888671875,9.486
4602.839583695022,456.7236328125,7.12
4603.162235547003,746.96142578125,8.391
4603.485401691025,595.08935546875,9.036
4603.809048305004,595.08935546875,9.486
4604.13639559201,456.72412109375,7.366
4604.458660923003,724.4619140625,8.002
4604.782839683001,595.08984375,8.881
4605.1054733810015,595.08984375,9.331
4605.428662236023,489.626953125,8.842
4605.7520104580035,1029.7109375,7.51
4606.076356579026,589.46533203125,8.61
4606.400117390003,595.09033203125,9.269
4606.722552863008,595.09033203125,9.525
4607.044550267019,456.72509765625,7.171
4607.36786257301,746.962890625,8.352
4607.690770093002,595.0908203125,9.075
4608.013018448022,595.0908203125,9.486
4608.341191317013,456.7255859375,7.327
4608.6634969490115,724.46337890625,8.041
4608.98505499601,595.09130859375,8.881
4609.30734526302,595.09130859375,9.346
4609.629242233001,489.62841796875,8.881
4609.951995336014,1029.71240234375,7.587
4610.275051712,589.466796875,8.648
4610.596727291006,595.091796875,9.23
4610.919993852003,595.091796875,9.447
4611.242104454024,456.7265625,7.015
4611.570021423016,746.96435546875,8.352
4611.892038932012,595.09228515625,8.997
4612.214233949024,595.09228515625,9.486
4612.541161461006,456.72705078125,7.393
4612.863711469021,724.46484375,7.963
4613.185380282026,595.0927734375,8.92
4613.507840168022,595.0927734375,9.269
4613.831151548016,489.6298828125,8.959
4614.15452904001,1029.7138671875,7.432
4614.478669379023,589.46826171875,8.546
4614.8006303260045,621.103515625,9.23
4615.12473853401,595.09326171875,9.447
4615.448664491007,456.72802734375,7.054
4615.771737290022,938.15869140625,8.274
4616.094191404001,595.09375,9.075
4616.419191738998,595.09375,9.447
4616.74111293102,456.728515625,7.626
4617.065419218008,724.46630859375,8.08
4617.387186253007,595.09423828125,8.997
4617.712937529024,595.09423828125,9.37
4618.037983492017,489.63134765625,8.803
4618.3618800250115,1029.71533203125,7.548
4618.685423134011,593.7841796875,8.687
4619.008575633023,595.0947265625,9.23
4619.332677352999,595.09521484375,9.525
4619.6557983910025,456.7294921875,7.249
4619.980724468012,746.96728515625,8.313
4620.303179294016,626.73046875,9.114
4620.624783300009,595.09521484375,9.408
4620.950785099005,456.72998046875,7.288
4621.274028052023,724.4677734375,7.924
4621.595094109012,595.095703125,8.92
4621.916249066009,595.095703125,9.269
4622.239541905001,489.6328125,8.959
4622.564423101023,1029.716796875,7.665
4622.8894462870085,510.71484375,8.803
4623.213033374021,595.09619140625,9.23
4623.535803176026,595.09619140625,9.641
4623.858286822011,456.73095703125,7.276
4624.181117199012,746.96875,8.352
4624.503903381003,595.0966796875,9.191
4624.826653337019,595.0966796875,9.37
4625.150819513015,456.7314453125,7.249
4625.474521058,724.46923828125,8.08
4625.7957564470125,595.09716796875,8.881
4626.117625045008,510.7158203125,9.37
4626.44022020101,489.63427734375,8.765
4626.763731717016,1029.71826171875,7.432
4627.08518701201,589.47265625,8.532
4627.40697460802,595.09765625,9.269
4627.728757306002,595.09765625,9.447
4628.050723884022,456.732421875,6.937
4628.375180904026,724.47021484375,8.196
4628.701004832023,595.09814453125,9.075
4629.0235329980205,595.09814453125,9.408
4629.3455671220145,456.73291015625,7.665
4629.667830664024,724.470703125,8.119
4629.993009182013,595.0986328125,8.959
4630.317470160022,595.0986328125,9.408
4630.6395798030135,489.6357421875,8.842
4630.962726483005,1029.7197265625,7.691
4631.285897544003,595.09912109375,8.803
4631.608821649017,595.09912109375,9.23
4631.9344372650085,595.09912109375,9.602
4632.257256370009,456.73388671875,7.354
4632.581597877026,746.9716796875,8.43
4632.906086878007,595.099609375,9.153
4633.2273786800215,595.099609375,9.408
4633.549773600011,456.734375,7.132
4633.872159976017,724.47216796875,7.886
4634.194171965006,595.10009765625,8.881
4634.517911868024,595.10009765625,9.385
4634.841565399023,489.63720703125,8.803
4635.1662539170065,1029.72119140625,7.847
4635.492212696001,595.1005859375,8.765
4635.81419533302,505.27587890625,9.408
4636.136250803014,595.1005859375,9.718
4636.456974083005,984.7216796875,7.743
4636.7826620620035,611.9755859375,8.532
4637.106212120998,499.4697265625,9.308
4637.428546859999,595.10107421875,9.486
4637.752049393021,456.73583984375,7.015
4638.074367170018,724.4736328125,8.119
4638.397061952011,595.1015625,8.959
4638.721341187018,635.73681640625,9.447
4639.044917126012,497.67236328125,8.119
4639.367221838009,1029.72265625,7.924
4639.692637566011,595.10205078125,8.881
4640.0151762400055,595.10205078125,9.269
4640.339173437009,595.10205078125,9.718
4640.660661404021,984.72314453125,7.471
4640.989051273005,589.4775390625,8.43
4641.311576337001,595.1025390625,9.23
4641.635221514007,595.1025390625,9.447
4641.958672987006,456.7373046875,6.976
4642.2807771960215,724.47509765625,8.119
4642.6050116740225,595.10302734375,8.92
4642.927664610004,516.3466796875,9.408
4643.250869951007,500.767578125,8.08
4643.572785475,1029.72412109375,8.08
4643.894613347016,595.103515625,8.842
4644.218251791026,595.103515625,9.331
4644.540474171023,595.103515625,9.563
4644.861633113003,984.724609375,7.626
4645.184431259026,589.47900390625,8.585
4645.506909518008,595.10400390625,9.23
4645.829829141003,595.10400390625,9.525
4646.151530979027,456.73876953125,6.937
4646.474523336015,724.4765625,8.08
4646.796659303014,595.1044921875,8.92
4647.120572402026,499.65478515625,9.408
4647.442029933998,476.97314453125,8.041
4647.763990400999,1029.7255859375,7.769
4648.086145723006,488.24609375,8.765
4648.407291078009,595.10498046875,9.23
4648.730117786006,595.10498046875,9.68
4649.05349955702,456.73974609375,7.393
4649.377005170012,746.9775390625,8.507
4649.700717511005,595.10546875,9.114
4650.0233769110055,595.10546875,9.525
4650.347002076014,456.740234375,6.937
4650.669409076014,724.47802734375,8.158
4650.991035723011,595.10595703125,8.997
4651.312794018013,595.10595703125,9.308
4651.635305434,474.1650390625,8.391
4651.957762864011,1029.72705078125,7.587
4652.279976695019,595.1064453125,8.687
4652.601611044025,595.1064453125,9.191
4652.924677615025,595.1064453125,9.563
4653.248289455019,456.7412109375,7.093
4653.57079017302,746.97900390625,8.274
4653.894099502999,626.7421875,9.075
4654.215596910013,595.10693359375,9.424
4654.541154813021,456.74169921875,7.288
4654.863557315024,724.4794921875,7.963
4655.189050732006,595.107421875,8.881
4655.513575433026,488.2373046875,9.463
4655.837160413008,489.64453125,8.701
4656.160475491022,1029.703125,7.354
4656.485121409001,589.45751953125,8.507
4656.810318358999,635.7177734375,9.23
4657.1332220870245,595.08251953125,9.408
4657.454492973018,456.716796875,6.82
4657.778443528019,724.45458984375,8.002
4658.100990275998,595.08251953125,8.881
4658.423425879999,595.08251953125,9.447
4658.74475804501,456.71728515625,8.054
4659.067708070012,1029.70361328125,7.899
4659.390625002998,595.0830078125,8.881
4659.713397705025,595.0830078125,9.308
4660.03814700502,595.0830078125,9.718
4660.36216311701,456.7177734375,7.249
4660.686612175021,746.95556640625,8.468
4661.008085360023,595.08349609375,9.036
4661.331641640019,595.08349609375,9.486
4661.654257494025,456.71826171875,6.976
4661.978837018018,724.4560546875,8.196
4662.304451494012,595.083984375,9.036
4662.627793743013,595.083984375,9.346
4662.95083454001,492.43359375,8.313
4663.273009982018,1029.705078125,7.821
4663.595901008026,595.08447265625,8.803
4663.921895496023,595.08447265625,9.346
4664.2472116140125,595.08447265625,9.757
4664.569944996008,465.70361328125,7.432
4664.8928892990225,521.95361328125,8.468
4665.215386123018,595.0849609375,9.153
4665.537655352004,595.0849609375,9.486
4665.861761589011,456.7197265625,7.327
4666.184649594012,724.45751953125,8.274
4666.507118828013,595.08544921875,9.075
4666.829205324,595.08544921875,9.463
4667.1523852740065,456.72021484375,7.938
4667.477058342018,724.4580078125,8.196
4667.8021528370155,595.0859375,9.075
4668.124662418006,595.0859375,9.385
4668.450392711005,489.623046875,8.997
4668.773651954019,1029.70703125,7.963
4669.098672071006,595.08642578125,8.803
4669.424366102001,533.205078125,9.424
4669.74682773801,595.08642578125,9.68
4670.067807323998,456.72119140625,7.21
4670.390153941,746.958984375,8.352
4670.712871679018,595.0869140625,9.191
4671.039423407026,595.0869140625,9.408
4671.36362619602,456.7216796875,7.171
4671.686034124024,724.45947265625,8.313
4672.0083537920145,617.5869140625,9.036
4672.330970749026,595.08740234375,9.331
4672.653512982011,495.126953125,8.43
4672.97533512002,1029.70849609375,7.626
4673.297887590015,595.087890625,8.726
4673.620248915016,595.087890625,9.269
4673.942305779026,595.087890625,9.641
4674.263276767015,456.72265625,7.21
4674.585656425013,746.96044921875,8.313
4674.907516732026,595.08837890625,9.153
4675.229641494021,595.08837890625,9.37
4675.553212911007,456.72314453125,7.249
4675.875735866022,724.4609375,8.041
4676.1981470690225,595.0888671875,8.842
4676.5207101179985,626.72412109375,9.385
4676.842953376006,489.6259765625,8.765
4677.165766673017,1029.7099609375,7.432
4677.4879017620115,589.46435546875,8.532
4677.810179834021,595.08935546875,9.308
4678.131949625007,595.08935546875,9.447
4678.454642110009,456.72412109375,7.354
4678.777774103015,746.9619140625,8.391
4679.0996239250235,488.20849609375,9.153
4679.4215585490165,595.08984375,9.447
4679.745626962016,456.724609375,7.327
4680.068053926021,724.46240234375,8.313
4680.391173204,595.09033203125,8.997
4680.715356305009,595.09033203125,9.37
4681.039028567,489.62744140625,8.507
4681.361703374016,1029.71142578125,7.782
4681.684007125004,595.0908203125,8.726
4682.006132276001,595.0908203125,9.23
4682.3279103360255,595.0908203125,9.563
4682.651200525026,456.7255859375,7.51
4682.974063560017,746.96337890625,8.61
4683.2954493100115,595.09130859375,9.114
4683.617577909026,621.1015625,9.486
4683.938915658015,456.72607421875,7.015
4684.261051581008,724.4638671875,8.196
4684.583114508016,595.091796875,8.959
4684.907361210004,595.091796875,9.424
4685.23073897502,489.62890625,8.507
4685.554080097005,1029.712890625,7.665
4685.879169007007,595.09228515625,8.687
4686.202616339026,595.09228515625,9.308
4686.526824726025,595.09228515625,9.68
4686.84817695801,456.72705078125,7.249
4687.1730597400165,746.96484375,8.352
4687.498933121999,595.0927734375,9.153
4687.82204872201,595.0927734375,9.447
4688.143599932024,456.7275390625,7.093
4688.466064204025,724.46533203125,8.196
4688.7914321520075,595.09326171875,8.997
4689.115088505001,595.09326171875,9.346
4689.439539578016,489.63037109375,8.43
4689.764105631009,1029.71435546875,7.548
4690.08627001202,595.09375,8.726
4690.408213772025,595.09375,9.153
4690.73066203401,595.09375,9.602
4691.054039455019,456.728515625,7.093
4691.375984139013,746.96630859375,8.274
4691.698855519004,621.1044921875,9.114
4692.02223028001,595.09423828125,9.37
4692.345678128011,456.72900390625,7.249
4692.67087830801,724.466796875,8.08
4692.995441147999,595.0947265625,8.881
4693.320859316998,595.0947265625,9.408
4693.644863793015,489.6318359375,8.585
4693.968039018015,1029.7158203125,7.626
4694.290962803003,595.09521484375,8.765
4694.61246175901,595.09521484375,9.191
4694.934931924014,595.09521484375,9.563
4695.258517014008,456.72998046875,7.51
4695.582799894008,746.9677734375,8.571
4695.906648546021,595.095703125,9.114
4696.228617915011,510.71435546875,9.486
4696.551252975012,456.73046875,7.054
4696.874838892021,724.46826171875,8.196
4697.198781238025,599.41064453125,8.997
4697.522012319008,595.09619140625,9.346
4697.843640228006,494.8544921875,8.507
4698.165545266005,1029.71728515625,7.86
4698.486714975006,595.0966796875,8.726
4698.808727440017,595.0966796875,9.385
4699.130331757013,595.0966796875,9.641
4699.451637883001,456.7314453125,7.21
4699.773151666013,746.96923828125,8.313
4700.09587318002,595.09716796875,9.153
4700.417318571999,595.09716796875,9.37
4700.741836288013,456.73193359375,7.171
4701.064480450004,724.4697265625,8.08
4701.388840075,595.09765625,8.881
4701.713878929004,595.09765625,9.447
4702.035787024011,489.634765625,8.624
4702.359297713003,1029.71875,7.626
4702.683427723998,595.09814453125,8.765
4703.006944043998,595.09814453125,9.23
4703.331472947,595.09814453125,9.602
4703.655189528014,456.73291015625,7.432
4703.97797714101,746.970703125,8.532
4704.302964364004,595.0986328125,9.114
4704.625388885004,499.64892578125,9.563
4704.949457157025,456.7333984375,7.054
4705.271636352001,724.47119140625,8.235
4705.594539065001,595.09912109375,9.036
4705.915750474,595.09912109375,9.292
4706.238205485017,474.1611328125,8.391
4706.5606333260075,1029.72021484375,7.471
4706.88448903602,516.34912109375,8.687
4707.207898612018,595.099609375,9.191
4707.532500077999,595.099609375,9.641
4707.857704162016,456.734375,7.249
4708.182392157003,746.97216796875,8.352
4708.505260456004,595.10009765625,9.23
4708.827664704004,595.10009765625,9.408
4709.150241245021,456.73486328125,7.21
4709.473272331001,724.47265625,8.08
4709.797224609007,595.1005859375,8.881
4710.119671763998,595.1005859375,9.447
4710.442352911021,489.6376953125,8.701
4710.766107640025,1029.7216796875,7.393
4711.091115540999,589.47607421875,8.546
4711.416328665015,595.10107421875,9.308
4711.739019312023,595.10107421875,9.486
4712.060410511011,456.73583984375,7.132
4712.386842945998,746.9736328125,8.391
4712.709764639003,595.1015625,9.036
4713.033662853006,595.1015625,9.486
4713.360116213007,456.736328125,7.354
4713.6853909950005,724.47412109375,8.041
4714.009965106001,595.10205078125,8.881
4714.335683358018,516.345703125,9.447
4714.660604328004,489.63916015625,8.701
4714.984908472019,1029.72314453125,7.782
4715.3065890760045,595.1025390625,8.765
4715.629390751012,595.1025390625,9.269
4715.95386177802,595.1025390625,9.641
4716.277788266016,456.7373046875,7.471
4716.600305861008,746.97509765625,8.571
4716.922310186026,595.10302734375,9.114
4717.2450938060065,493.8525390625,9.563
4717.567882896023,456.73779296875,7.093
4717.889613798005,724.4755859375,8.274
4718.211817421019,595.103515625,9.114
4718.536962704005,595.103515625,9.385
4718.862471203,492.453125,8.274
4719.18580815001,1029.724609375,7.924
4719.509728129022,595.10400390625,8.92
4719.83357940102,595.10400390625,9.308
4720.158497468015,595.10400390625,9.757
4720.480196932011,984.72509765625,7.704
4720.8027865140175,589.4794921875,8.61
4721.125357277022,595.1044921875,9.23
4721.447366318025,595.1044921875,9.525
4721.77087279901,456.7392578125,7.015
4722.096170107019,724.47705078125,8.119
4722.417989984009,595.10498046875,8.92
4722.740376221016,595.10498046875,9.447
4723.066894568998,465.755859375,7.976
4723.389824985003,1029.72607421875,7.743
4723.713038229005,599.419921875,8.726
4724.036618593003,595.10546875,9.23
4724.358255574014,595.10546875,9.641
4724.680535590014,456.740234375,7.432
4725.004065228015,746.97802734375,8.546
4725.326848749013,595.10595703125,9.114
4725.649901402998,595.10595703125,9.563
4725.972652539,456.74072265625,7.015
4726.2975433790125,724.478515625,8.196
4726.622286883998,595.1064453125,9.036
4726.946480318002,595.1064453125,9.447
4727.270559695025,492.4560546875,8.196
4727.593781020027,724.47900390625,8.196
4727.917777257011,595.10693359375,8.997
4728.240019176999,595.10693359375,9.424
4728.562078592018,595.10693359375,9.269
4728.886320564023,1029.72802734375,7.743
4729.2106518479995,589.482421875,8.726
4729.533516894007,595.107421875,9.269
4729.85587724502,595.107421875,9.563
4730.176533106016,456.7421875,7.587
4730.498511869024,746.97998046875,8.585
4730.820867033006,595.10791015625,9.191
4731.143779242004,595.10791015625,9.486
4731.465186393005,456.74267578125,7.171
4731.787256804004,724.48046875,8.274
4732.1115045550105,595.1083984375,9.075
4732.4332639090135,595.1083984375,9.346
4732.754787733022,492.4580078125,8.313
4733.076424041006,1029.7294921875,7.665
4733.398518061003,595.10888671875,8.648
4733.721456470026,621.119140625,9.308
4734.044112241012,595.10888671875,9.641
4734.365919909003,456.74365234375,7.21
4734.688859978021,746.9814453125,8.313
4735.012179998012,595.109375,9.153
4735.334777232027,595.109375,9.37
4735.656858732022,456.744140625,7.171
4735.979248885007,724.48193359375,8.158
4736.301593400014,595.10986328125,8.881
4736.624443345005,595.10986328125,9.424
4736.946207675006,489.64697265625,8.624
4737.269200950017,1029.73095703125,7.432
4737.591220392002,589.4853515625,8.571
4737.913080498023,595.1103515625,9.269
4738.23487771902,595.1103515625,9.408
4738.556652474013,456.7451171875,6.937
4738.879695763026,545.185546875,8.235
4739.202869615023,595.11083984375,8.997
4739.5248958650045,615.49609375,9.408
4739.84659208401,456.716796875,7.587
4740.168425364012,1029.703125,7.743
4740.490437049011,595.08251953125,8.765
4740.811840036011,595.08251953125,9.23
4741.133725698019,595.08251953125,9.718
4741.454460430017,488.201171875,7.354
4741.776928706007,768.3974609375,8.43
4742.098563442007,595.08251953125,9.075
4742.420645395003,595.08251953125,9.486
4742.7425143140135,456.71728515625,6.898
4743.064773809019,724.455078125,8.119
4743.3900213000015,595.0830078125,8.92
4743.714422963007,595.0830078125,9.346
4744.0370897030225,497.93505859375,8.43
4744.359469453018,1029.7041015625,7.821
4744.682772953005,595.08349609375,8.765
4745.006199594005,595.08349609375,9.346
4745.3287515070115,595.08349609375,9.718
4745.65229600601,984.70458984375,7.626
4745.975353956019,589.458984375,8.493
4746.298826224025,595.083984375,9.269
4746.622406272014,595.083984375,9.447
4746.94640493,456.71875,7.015
4747.272415574,724.45654296875,8.119
4747.594400831003,595.08447265625,8.92
4747.918727147015,494.185546875,9.447
4748.240771698998,491.015625,8.093
4748.562992610008,1029.70556640625,8.002
4748.887628183002,595.0849609375,8.881
4749.209463539009,595.0849609375,9.308
4749.531918728026,595.0849609375,9.68
4749.8532993120025,984.7060546875,7.432
4750.177561711025,589.46044921875,8.391
4750.499809752015,493.8291015625,9.153
4750.821602989017,595.08544921875,9.408
4751.14471842401,456.72021484375,7.054
4751.467149028002,724.4580078125,8.158
4751.791079056013,595.0859375,8.959
4752.113592863025,635.72119140625,9.408
4752.435367723025,492.435546875,8.196
4752.758509618026,1029.70703125,8.119
4753.082667682,595.08642578125,8.842
4753.40596362701,595.08642578125,9.292
4753.728503189021,595.08642578125,9.602
4754.051398444019,984.70751953125,7.432
4754.374128026015,589.4619140625,8.391
4754.696543769998,595.0869140625,9.23
4755.018417123007,595.0869140625,9.37
4755.342142999027,456.7216796875,6.898
4755.665193582012,724.45947265625,8.08
4755.987738800002,595.08740234375,8.959
4756.311605669005,595.08740234375,9.346
4756.633158202021,492.43701171875,8.235
4756.957448385016,1029.70849609375,7.924
4757.281245873019,595.087890625,8.92
4757.603534080001,595.087890625,9.269
4757.929202494008,499.45654296875,9.718
4758.250809134013,984.708984375,7.743
4758.573583406018,589.46337890625,8.61
4758.89569163401,595.08837890625,9.191
4759.219253681018,595.08837890625,9.447
4759.540629490017,456.72314453125,6.898
4759.863595158007,724.4609375,8.08
4760.185742422007,595.0888671875,8.92
4760.50796821501,595.0888671875,9.331
4760.831461613998,492.4384765625,8.158
4761.154359945998,1029.7099609375,7.704
4761.479092785012,595.08935546875,8.726
4761.802661000023,595.08935546875,9.269
4762.124604152021,595.08935546875,9.641
4762.448990605015,456.72412109375,7.393
4762.7737267690245,746.9619140625,8.507
4763.096761483001,595.08984375,9.075
4763.420549699018,595.08984375,9.525
4763.741948791023,456.724609375,6.976
4764.068978454015,724.46240234375,8.158
4764.391581688018,595.09033203125,9.036
4764.715400366025,595.09033203125,9.408
4765.038284412003,492.43994140625,8.235
4765.360975806019,645.70947265625,8.235
4765.684205143014,595.0908203125,8.92
4766.008532958018,595.0908203125,9.447
4766.33046598002,595.0908203125,9.424
4766.654277962021,1029.7119140625,7.743
4766.975699187024,589.46630859375,8.687
4767.297946715,595.09130859375,9.346
4767.622384096001,595.09130859375,9.486
4767.947261847003,456.72607421875,7.432
4768.270540519006,746.9638671875,8.43
4768.592874351016,595.091796875,9.269
4768.9147748210235,595.091796875,9.408
4769.23569438202,456.7265625,7.327
4769.557984016021,724.46435546875,8.391
4769.880459163018,595.09228515625,9.114
4770.202486991999,595.09228515625,9.331
4770.526229259005,497.9443359375,8.43
4770.851160345017,1029.71337890625,8.08
4771.175335557025,595.0927734375,8.959
4771.497782439023,595.0927734375,9.254
4771.820174502005,595.0927734375,9.796
4772.142657992023,1029.7138671875,7.821
4772.464906621026,589.46826171875,8.765
4772.789041153999,595.09326171875,9.191
4773.11336334201,595.09326171875,9.602
4773.4377227770165,456.72802734375,7.093
4773.761060312012,724.4658203125,8.235
4774.0840085500095,595.09375,9.114
4774.407320129016,595.09375,9.37
4774.7293613510265,456.728515625,7.743
4775.05222779102,1029.71484375,7.886
4775.374664897012,595.09423828125,8.765
4775.69693214001,595.09423828125,9.269
4776.019191031024,595.09423828125,9.563
4776.3404976220045,984.71533203125,7.471
4776.664761778025,589.4697265625,8.468
4776.989601350011,595.0947265625,9.269
4777.315411647025,595.0947265625,9.486
4777.636826655013,456.7294921875,6.937
4777.96201244602,724.46728515625,8.08
4778.284124248021,595.09521484375,8.92
4778.60730492702,595.09521484375,9.408
4778.929315924004,479.7763671875,8.054
4779.251027194026,1029.71630859375,7.847
4779.573351482017,510.71435546875,8.803
4779.896276242012,595.095703125,9.23
4780.218599567015,595.095703125,9.718
4780.53898434501,984.716796875,7.51
4780.862509958999,505.08984375,8.468
4781.185452474019,595.09619140625,9.153
4781.509120266011,595.09619140625,9.486
4781.833215660998,456.73095703125,7.249
4782.1564278800215,724.46875,8.196
4782.480472836003,595.0966796875,8.997
4782.805278209009,595.0966796875,9.486
4783.128825927008,456.7314453125,7.976
4783.453933964018,724.46923828125,8.08
4783.77736125901,595.09716796875,8.92
4784.101832181012,595.09716796875,9.385
4784.425267792016,595.09716796875,9.23
4784.748440321011,1029.71826171875,7.548
4785.071431337012,589.47265625,8.61
4785.394286505005,595.09765625,9.23
4785.718474432011,595.09765625,9.525
4786.039820288017,456.732421875,7.393
4786.3626576920215,746.97021484375,8.507
4786.684484365018,595.09814453125,9.153
4787.006334655016,595.09814453125,9.525
4787.328130091017,456.716796875,7.393
4787.650823197007,724.45458984375,7.886
4787.973591153015,516.33203125,8.959
4788.295638117008,595.08251953125,9.308
4788.6184053980105,479.86328125,9.075
4788.941796577012,1029.703125,7.626
4789.263573542004,589.45751953125,8.648
4789.585359755001,595.08251953125,9.346
4789.906838210998,595.08251953125,9.525
4790.229209021025,456.71728515625,7.432
4790.550967485004,746.955078125,8.43
4790.873376440024,505.25830078125,9.23
4791.1954151370155,595.0830078125,9.408
4791.518383056013,456.7177734375,7.288
4791.840930190025,724.45556640625,8.235
4792.16312786701,595.08349609375,8.959
4792.4850532100245,595.08349609375,9.447
4792.806398658024,489.62060546875,8.624
4793.128501608007,1029.70458984375,7.963
4793.450223643013,595.083984375,8.803
4793.772039891017,595.083984375,9.408
4794.093711171998,595.083984375,9.718
4794.415146312007,984.705078125,7.743
4794.737331884011,589.45947265625,8.532
4795.059303237009,499.4755859375,9.269
4795.381806515012,595.08447265625,9.447
4795.702598713018,456.71923828125,7.393
4796.024703957024,724.45703125,8.313
4796.346896082017,599.3994140625,9.075
4796.668540632003,595.0849609375,9.447
4796.991283852025,456.7197265625,7.938
4797.315152267023,1029.7060546875,8.041
4797.637960990018,595.08544921875,8.803
4797.960312990006,626.720703125,9.346
4798.282595288008,595.08544921875,9.525
4798.604179317015,984.70654296875,7.471
4798.9260251480155,589.4609375,8.43
4799.247914178006,595.0859375,9.23
4799.569806376006,595.0859375,9.37
4799.893526810018,456.720703125,6.781
4800.215740139014,724.45849609375,8.08
4800.537965307012,595.08642578125,8.997
4800.859020699019,595.08642578125,9.308
4801.180556844018,492.43603515625,8.313
4801.502700853016,1029.70751953125,7.626
4801.824488623999,595.0869140625,8.648
4802.147011079011,595.0869140625,9.23
4802.469324500009,595.0869140625,9.563
4802.792010737001,456.7216796875,6.976
4803.114529605024,746.95947265625,8.274
4803.436806509009,595.08740234375,8.997
4803.758352886012,595.08740234375,9.447
4804.080531033018,456.72216796875,7.393
4804.402925763017,724.4599609375,7.847
4804.724730162998,510.70654296875,8.881
4805.045775236009,595.087890625,9.269
4805.368691296026,595.087890625,9.191
4805.689658026007,984.708984375,7.51
4806.011096680013,589.46337890625,8.546
4806.334495220013,595.08837890625,9.153
4806.659170933999,615.4736328125,9.563
4806.982861486002,456.72314453125,7.132
4807.304925632023,724.4609375,8.158
4807.627618891012,595.0888671875,9.036
4807.949620378,595.0888671875,9.424
4808.272478441009,456.7236328125,7.938
4808.595117871009,724.46142578125,8.158
4808.918284203013,595.08935546875,9.075
4809.241286141012,595.08935546875,9.308
4809.564783555019,510.7080078125,9.114
4809.8870118600025,1029.71044921875,7.808
4810.210002755019,595.08984375,8.842
4810.532001159008,595.08984375,9.269
4810.853696767008,595.08984375,9.641
4811.175776420016,456.724609375,7.626
4811.499121693021,746.96240234375,8.648
4811.821701430017,595.09033203125,9.153
4812.143983201007,494.015625,9.563
4812.465589614003,456.716796875,7.054
4812.788334091019,724.45458984375,8.08
4813.110188097024,595.08251953125,8.881
4813.432212284009,595.08251953125,9.463
4813.754208886006,489.61962890625,8.585
4814.077463939,1029.703125,7.548
4814.402454231022,595.08251953125,8.726
4814.724649781012,595.08251953125,9.191
4815.050906076009,595.08251953125,9.641
4815.372823212005,456.71728515625,7.393
4815.69561696102,746.955078125,8.468
4816.017910720024,595.0830078125,9.153
4816.339596067002,595.0830078125,9.37
4816.66238802002,456.7177734375,7.171
4816.986881867022,724.45556640625,7.886
4817.312498094019,595.08349609375,8.842
4817.635332317004,595.08349609375,9.346
4817.961738177022,489.62060546875,8.779
4818.285878148017,1029.70458984375,7.704
4818.608280797023,595.083984375,8.803
4818.9305719550175,595.083984375,9.191
4819.25426339102,595.083984375,9.602
4819.577646335005,456.71875,7.132
4819.902340981003,746.95654296875,8.274
4820.226237638999,621.0947265625,9.114
4820.548100099026,595.08447265625,9.408
4820.873137540009,456.71923828125,7.288
4821.196094668005,724.45703125,8.002
4821.521031013021,595.0849609375,8.842
4821.843009539007,516.32861328125,9.37
4822.165248427016,489.6220703125,8.779
4822.48717433901,1029.7060546875,7.471
4822.810094213026,589.46044921875,8.546
4823.133535099012,595.08544921875,9.269
4823.455179397017,595.08544921875,9.447
4823.777198238007,456.72021484375,6.937
4824.102833708021,735.65087890625,8.235
4824.425670276018,595.0859375,9.036
4824.747579446004,595.0859375,9.37
4825.069364641007,456.720703125,7.626
4825.391681792011,724.45849609375,7.924
4825.714565366012,595.08642578125,8.842
4826.037628212012,595.08642578125,9.385
4826.359655779001,595.08642578125,9.269
4826.682902021013,984.70751953125,7.471
4827.005588272004,589.4619140625,8.532
4827.330447442015,595.0869140625,9.114
4827.656055027008,615.47216796875,9.525
4827.977685391001,456.7216796875,6.976
4828.299562417,724.45947265625,8.08
4828.620877789013,595.08740234375,8.92
4828.945113089023,595.08740234375,9.447
4829.267760577,456.72216796875,8.015
4829.590572198998,1029.70849609375,7.924
4829.914792552008,595.087890625,8.881
4830.2386661360215,595.087890625,9.269
4830.563046299998,595.087890625,9.68
4830.885789724009,984.708984375,7.704
4831.20949232101,589.46337890625,8.61
4831.530558329017,595.08837890625,9.191
4831.851718452002,595.08837890625,9.447
4832.173162457009,456.72314453125,6.937
4832.495240183023,724.4609375,8.08
4832.816807647003,595.0888671875,8.92
4833.138710261002,626.72412109375,9.408
4833.459877578018,492.4384765625,8.158
4833.783601288014,1029.7099609375,7.808
4834.107443339017,510.7080078125,8.803
4834.430195646011,595.08935546875,9.23
4834.75524100801,595.08935546875,9.718
4835.078416596021,456.72412109375,7.327
4835.400239454,746.9619140625,8.468
4835.722168812004,595.08984375,9.036
4836.043668712024,482.58349609375,9.486
4836.365048412001,456.724609375,7.015
4836.6879208770115,724.46240234375,8.119
4837.011846634006,595.09033203125,8.92
4837.3342433650105,595.09033203125,9.408
4837.656432663003,489.62744140625,8.585
4837.980552154011,1029.71142578125,7.51
4838.305430648004,493.84033203125,8.726
4838.629291436024,595.0908203125,9.153
4838.95600581402,493.83447265625,9.525
4839.280795277999,456.7255859375,7.054
4839.603205187013,746.96337890625,8.313
4839.925197414006,595.09130859375,9.036
4840.249359264999,595.09130859375,9.447
4840.5760103060165,456.72607421875,7.327
4840.899633958004,724.4638671875,8.313
4841.22217279402,595.091796875,9.036
4841.545967522019,595.091796875,9.37
4841.868492277019,489.62890625,8.507
4842.190709178016,1029.712890625,7.963
4842.513041218015,595.09228515625,8.842
4842.835178114008,595.09228515625,9.346
4843.158733819,595.09228515625,9.718
4843.481317610014,984.71337890625,7.821
4843.804731835,589.4677734375,8.687
4844.129561189999,595.0927734375,9.23
4844.451561050024,516.33642578125,9.602
4844.777557043009,456.7275390625,7.366
4845.103942650021,746.96533203125,8.546
4845.426237079024,595.09326171875,9.114
4845.750146263017,595.09326171875,9.563
4846.078759192023,456.72802734375,7.483
4846.401383135002,724.4658203125,8.313
4846.723990341008,595.09375,9.036
4847.0457272390195,595.09375,9.447
4847.368396525009,489.630859375,8.585
4847.690528157022,1029.71484375,8.158
4848.013009179005,595.09423828125,8.959
4848.334894237021,595.09423828125,9.331
4848.657625763008,595.09423828125,9.834
4848.980826555024,623.71484375,7.821
4849.305206114019,589.4697265625,8.765
4849.628250033013,595.0947265625,9.23
4849.952242823027,595.0947265625,9.641
4850.273970045004,456.7294921875,7.432
4850.597498749004,746.96728515625,8.546
4850.919817419024,595.09521484375,9.114
4851.241899180022,595.09521484375,9.563
4851.565573102998,456.72998046875,7.444
4851.888158341026,724.4677734375,8.313
4852.211097607011,595.095703125,8.997
4852.533393069025,595.095703125,9.447
4852.854708332015,489.6328125,8.585
4853.179451636999,1029.716796875,7.886
4853.502354354016,595.09619140625,8.842
4853.823948696023,595.09619140625,9.385
4854.145814025018,595.09619140625,9.718
4854.466716816009,984.71728515625,7.821
4854.789407104021,589.4716796875,8.61
4855.112960723025,595.0966796875,9.308
4855.434808926017,595.0966796875,9.486
4855.756354268,456.7314453125,7.327
4856.0799469900085,724.46923828125,8.313
4856.402264201024,595.09716796875,9.191
4856.725780566019,595.09716796875,9.408
4857.05106689001,456.73193359375,7.743
4857.3735312400095,724.4697265625,8.235
4857.696547325002,595.09765625,8.997
4858.019411723013,488.21630859375,9.486
4858.344490577001,489.634765625,8.74
4858.666955980007,1029.71875,8.002
4858.989407206012,595.09814453125,8.842
4859.311947873008,595.09814453125,9.424
4859.6337708150095,595.09814453125,9.757
4859.955406068009,984.71923828125,7.782
4860.27781517501,589.4736328125,8.571
4860.6036058920145,595.0986328125,9.308
4860.927724093024,595.0986328125,9.486
4861.249557333009,456.7333984375,7.327
4861.573595015012,724.47119140625,8.391
4861.897697372013,595.09912109375,9.153
4862.220344819012,595.09912109375,9.447
4862.543435931002,456.73388671875,7.665
4862.866007982026,724.4716796875,8.119
4863.188312884013,595.099609375,9.036
4863.51169066102,595.099609375,9.37
4863.8360862390255,489.63671875,8.881
4864.157530687022,1029.720703125,7.821
4864.479068673012,595.10009765625,8.842
4864.801140441006,595.10009765625,9.23
4865.123056106007,595.10009765625,9.602
4865.447579811007,456.73486328125,7.21
4865.772573264025,746.97265625,8.313
4866.096906305,595.1005859375,9.153
4866.418418332003,595.1005859375,9.37
4866.743765685009,456.7353515625,7.171
4867.066413822002,724.47314453125,7.963
4867.389303661999,595.10107421875,8.803
4867.712580143008,595.1015625,9.346
4868.035852046014,489.63818359375,8.803
4868.358654936019,1029.72216796875,7.432
4868.680625728011,589.4765625,8.493
4869.003627762024,595.1015625,9.269
4869.325524947024,595.1015625,9.408
4869.648743435013,456.736328125,6.898
4869.973378717026,724.47412109375,8.196
4870.2952153530205,595.10205078125,9.075
4870.616706375004,595.10205078125,9.331
4870.938902546011,456.73681640625,7.704
4871.262817153009,724.474609375,7.924
4871.584560790012,595.1025390625,8.803
4871.909207715013,595.1025390625,9.385
4872.234190714022,595.1025390625,9.23
4872.557165759004,1029.7236328125,7.51
4872.878887601022,589.47802734375,8.61
4873.200688003009,595.10302734375,9.114
4873.5239342560235,499.8291015625,9.563
4873.845332369005,456.73779296875,6.976
4874.167216388014,724.4755859375,8.041
4874.488556320022,595.103515625,8.959
4874.811441627011,595.103515625,9.447
4875.135557063011,472.818359375,8.015
4875.457930762001,1029.724609375,7.886
4875.780457811023,595.10400390625,8.881
4876.1018828620145,595.10400390625,9.269
4876.424517145002,595.10400390625,9.757
4876.746060343023,465.72314453125,7.354
4877.070703315025,768.29443359375,8.468
4877.394610575022,595.1044921875,9.114
4877.716221868002,595.1044921875,9.486
4878.039166912,456.7392578125,6.859
4878.361592027999,724.47705078125,8.08
4878.685723102011,716.740234375,8.92
4879.009857504017,595.10498046875,9.292
4879.332810255,489.64208984375,8.43
4879.655277482001,1029.72607421875,7.704
4879.977494170016,595.10546875,8.687
4880.299932049005,595.10546875,9.23
4880.621603784006,595.10546875,9.602
4880.946006895014,456.740234375,7.054
4881.269258853019,746.97802734375,8.235
4881.591915105004,626.7412109375,9.075
4881.913962565013,595.10595703125,9.408
4882.240873997012,456.74072265625,7.288
4882.565938120999,724.478515625,8.352
4882.890019037004,488.236328125,9.075
4883.2144000270055,595.1064453125,9.385
4883.541151226003,479.79052734375,8.391
4883.867802484019,1029.7275390625,7.847
4884.193367136002,635.7421875,8.881
4884.515672325011,595.10693359375,9.308
4884.843214593013,476.9755859375,9.796
4885.166263683001,1029.72802734375,7.782
4885.490177543019,589.482421875,8.765
4885.814623617014,595.107421875,9.23
4886.140015360026,595.107421875,9.602
4886.462742609001,456.7421875,7.393
4886.786448265018,746.97998046875,8.507
4887.111227469024,595.10791015625,9.153
4887.436443488026,595.10791015625,9.486
4887.762840516021,456.74267578125,7.327
4888.085975713009,724.48046875,8.352
4888.409609329014,499.49951171875,9.114
4888.731630463008,595.1083984375,9.37
4889.054436652019,479.78955078125,8.43
4889.377729803004,1029.7294921875,8.08
4889.700175656006,595.10888671875,8.997
4890.022273205017,595.10888671875,9.308
4890.344910070999,595.10888671875,9.834
4890.666940927011,555.72802734375,7.821
4890.988356334012,589.484375,8.687
4891.3107739880215,595.109375,9.23
4891.632728614,493.85302734375,9.602
4891.955371205026,456.744140625,7.315
4892.278356622002,746.98193359375,8.43
4892.600353104004,595.10986328125,9.075
4892.924400869,595.10986328125,9.447
4893.246002611006,456.74462890625,7.626
4893.568763857009,724.482421875,7.963
4893.891658612003,621.12060546875,8.92
4894.213809845998,595.1103515625,9.292
4894.536492206011,595.1103515625,9.23
4894.859479666018,1034.828125,7.471
4895.183915087022,589.48583984375,8.532
4895.506590179022,595.11083984375,9.114
4895.831796318002,482.6044921875,9.525
4896.15413638702,456.74560546875,6.937
4896.476925881027,724.4833984375,8.08
4896.801487416,595.111328125,8.959
4897.125547264004,595.111328125,9.447
4897.451328621013,456.74609375,7.899
4897.774800060026,724.48388671875,8.08
4898.096353436005,595.11181640625,8.842
4898.419098250015,595.11181640625,9.37
4898.741466665,595.11181640625,9.385
4899.064894675015,984.73291015625,7.471
4899.387634366023,589.4873046875,8.507
4899.712401244004,595.1123046875,9.153
4900.034576175007,595.1123046875,9.447
4900.356205867021,456.7470703125,6.937
4900.681103627023,724.48486328125,8.08
4901.003315902024,595.11279296875,8.92
4901.327866861015,595.11279296875,9.408
4901.649296701013,465.763671875,8.054
4901.972500374017,1029.73388671875,7.743
4902.298948239011,696.36328125,8.842
4902.6212695370195,595.11328125,9.269
4902.946953788021,488.23193359375,9.757
4903.269208616024,456.748046875,7.054
4903.594190691016,746.98583984375,8.313
4903.9182708100125,595.11376953125,9.114
4904.240591973998,595.11376953125,9.486
4904.562061583012,456.74853515625,7.093
4904.88622592602,724.486328125,8.158
4905.209695647005,595.1142578125,8.92
4905.533055826003,595.1142578125,9.37
4905.857992133999,489.6513671875,8.507
4906.181777993013,1029.7353515625,7.704
4906.506777820003,595.11474609375,8.687
4906.833196168998,476.9853515625,9.385
4907.154916661006,595.11474609375,9.718
4907.478258465999,456.74951171875,7.51
4907.801823928021,746.9873046875,8.585
4908.126400022011,595.115234375,9.075
4908.451723249018,595.115234375,9.525
4908.776585529005,456.75,7.249
4909.100205389026,724.48779296875,8.235
4909.42265940801,595.11572265625,9.036
4909.745848017017,595.11572265625,9.525
4910.068669922999,456.75048828125,8.054
4910.390702642006,724.48828125,8.158
4910.713711176999,595.1162109375,8.842
4911.040804133023,595.1162109375,9.447
4911.36412855002,595.1162109375,9.346
4911.687561484025,1029.7373046875,7.704
4912.012094077014,589.49169921875,8.687
4912.335115343012,595.11669921875,9.292
4912.6595172090165,595.11669921875,9.486
4912.980980779015,456.75146484375,7.587
4913.302926287026,746.9892578125,8.507
4913.628678349021,595.1171875,9.191
4913.951538485009,595.1171875,9.447
4914.273756481009,456.751953125,7.21
4914.598270442017,724.48974609375,8.352
4914.921274325025,595.11767578125,9.114
4915.245340937021,595.11767578125,9.331
4915.569227669999,492.46728515625,8.352
4915.8942388640135,1029.73876953125,7.665
4916.219197798026,595.1181640625,8.648
4916.544239103008,476.98876953125,9.346
4916.867166466021,595.1181640625,9.68
4917.1933408059995,456.7529296875,7.471
4917.51921849401,746.99072265625,8.585
4917.844057708018,595.11865234375,9.153
4918.167046413,595.11865234375,9.563
4918.490959474002,456.75341796875,7.405
4918.8149702990195,724.4912109375,8.274
4919.138885118999,595.119140625,9.036
4919.460791472025,595.119140625,9.486
4919.782572540018,456.75390625,7.976
4920.105947175005,1029.740234375,7.963
4920.428800956026,595.11962890625,8.842
4920.751168829011,595.11962890625,9.23
4921.073804552027,595.11962890625,9.68
4921.3968164480175,984.74072265625,7.471
4921.720731645008,589.4951171875,8.468
4922.043951517,516.36962890625,9.23
4922.366921649023,595.1201171875,9.408
4922.690232851019,456.7548828125,6.82
4923.0127466120175,724.49267578125,8.119
4923.335727654019,595.12060546875,9.036
4923.658894879016,595.12060546875,9.292
4923.981015981,492.47021484375,8.274
4924.304502512998,1029.74169921875,7.886
4924.626532889,626.75634765625,8.842
4924.948470333999,595.12109375,9.269
4925.271050266019,595.12109375,9.68
4925.595652967022,456.755859375,7.393
4925.919731264003,746.99365234375,8.507
4926.2419336420135,595.12158203125,9.036
4926.565024248004,595.12158203125,9.486
4926.887619729998,456.75634765625,6.937
4927.2107986570045,724.494140625,8.158
4927.533434490004,621.13232421875,8.959
4927.855327796016,595.1220703125,9.346
4928.177821669,489.6591796875,8.507
4928.501319582021,1029.7431640625,7.626
4928.825465297006,595.12255859375,8.726
4929.147381993011,595.12255859375,9.191
4929.470761978009,595.12255859375,9.602
4929.7943649800145,456.75732421875,7.132
4930.118759950012,746.9951171875,8.274
4930.441887026012,621.12744140625,9.153
4930.765825143026,595.123046875,9.37
4931.090016998001,456.7578125,7.249
4931.412940351001,724.49560546875,8.041
4931.7345020490175,595.12353515625,8.881
4932.059162113001,599.5732421875,9.331
4932.381617028004,489.66064453125,8.779
4932.706128955004,1029.74462890625,7.432
4933.028691203013,589.4990234375,8.532
4933.351617335022,595.1240234375,9.269
4933.675632630999,595.1240234375,9.408
4933.997365019022,456.7587890625,6.937
4934.320344910026,499.4931640625,8.235
4934.642338106001,595.12451171875,8.997
4934.963993944024,595.12451171875,9.331
4935.285792697017,456.75927734375,7.626
4935.609012788016,724.4970703125,7.924
4935.932624895009,595.125,8.842
4936.255514217017,595.125,9.308
4936.578187211009,595.125,9.23
4936.900523518998,1029.74609375,7.51
4937.224403472006,589.50048828125,8.61
4937.547917617019,595.12548828125,9.153
4937.870233954018,595.12548828125,9.525
4938.191974586021,456.76025390625,7.015
4938.513797556021,724.498046875,8.08
4938.836683033005,595.1259765625,8.959
4939.159468024009,595.1259765625,9.447
4939.482113585022,456.7607421875,7.938
4939.8046961990185,1029.7470703125,8.002
4940.127157463023,595.12646484375,8.803
4940.449006221024,595.12646484375,9.346
4940.7734883970115,595.12646484375,9.602
4941.095057527011,984.74755859375,7.51
4941.41797781302,589.501953125,8.43
4941.740354142006,595.126953125,9.23
4942.062130765,595.126953125,9.408
4942.385697219026,456.76171875,6.976
4942.711721180007,724.49951171875,8.119
4943.033843448007,595.12744140625,8.92
4943.35888634302,494.052734375,9.447
4943.682270579011,465.76953125,8.054
4944.006225749006,1029.74853515625,8.002
4944.328324235015,595.1279296875,8.842
4944.650309563003,595.1279296875,9.308
4944.972268363024,595.1279296875,9.68
4945.293043080019,984.7490234375,7.432
4945.615549548005,589.50341796875,8.43
4945.938682216016,626.763671875,9.153
4946.262109390023,595.12841796875,9.408
4946.585813983023,456.76318359375,6.859
4946.908174138021,724.5009765625,8.119
4947.230382636015,595.12890625,9.036
4947.551904834021,595.12890625,9.346
4947.874746318004,492.478515625,8.352
4948.196674739011,724.50146484375,8.274
4948.518649433012,595.12939453125,8.959
4948.843260905007,595.12939453125,9.447
4949.16537461101,595.12939453125,9.346
4949.487329141004,1390.75048828125,7.548
4949.809167667001,589.5048828125,8.571
4950.131165686005,595.1298828125,9.153
4950.453549223021,595.1298828125,9.447
4950.775366370013,456.7646484375,6.937
4951.097260158014,724.50244140625,8.041
4951.418413531006,595.13037109375,8.92
4951.740453371021,533.2490234375,9.408
4952.062295892014,492.47998046875,8.119
4952.384883464023,1029.75146484375,7.847
4952.7070184740005,477.00732421875,8.842
4953.030358172022,595.130859375,9.23
4953.35244479301,599.4453125,9.68
4953.675901838025,456.765625,7.315
4953.998860334017,747.00341796875,8.468
4954.325082192023,595.13134765625,9.114
4954.64998226802,595.13134765625,9.563
4954.974851463019,456.76611328125,7.132
4955.296945856011,724.50390625,8.158
4955.618461985025,595.1318359375,8.959
4955.942367490003,621.13623046875,9.486
4956.266301923024,500.79638671875,8.119
4956.5910265310085,1029.7529296875,7.743
4956.913584011025,595.13232421875,8.726
4957.23727916801,595.13232421875,9.269
4957.562930467015,595.13232421875,9.641
4957.888446464,456.76708984375,7.276
4958.213210045011,747.0048828125,8.468
4958.535531927017,595.1328125,9.075
4958.857257401018,595.1328125,9.525
4959.179314119014,456.767578125,6.976
4959.5014596070105,724.50537109375,8.158
4959.823782542022,595.13330078125,8.92
4960.149930623011,595.13330078125,9.37
4960.4737675370125,489.67041015625,8.507
4960.795595058007,1029.75439453125,8.002
4961.122108750016,477.00244140625,8.959
4961.44398999901,595.1337890625,9.292
4961.768669984012,595.1337890625,9.834
4962.0906878130045,488.2529296875,7.393
4962.414686328004,768.44921875,8.43
4962.737364087021,595.13427734375,9.153
4963.059163825004,595.13427734375,9.486
4963.383244165016,456.76904296875,6.898
4963.706148714002,724.5068359375,8.158
4964.029005676013,595.134765625,8.997
4964.350909510016,595.134765625,9.292
4964.673828713014,492.484375,8.352
4964.995770372014,1029.755859375,7.626
4965.319168247021,595.13525390625,8.648
4965.641366362019,621.1455078125,9.269
4965.962907970999,595.13525390625,9.602
4966.286107660009,456.77001953125,7.132
4966.6081196540035,747.0078125,8.274
4966.930932383024,499.68603515625,9.114
4967.252882868022,595.1357421875,9.37
4967.5793848950125,456.7705078125,7.288
4967.904222247016,724.50830078125,8.352
4968.229214388004,595.13623046875,9.153
4968.553212184022,595.13623046875,9.408
4968.877433412999,492.48583984375,8.235
4969.199565660005,1029.75732421875,8.158
4969.52404094502,595.13671875,8.881
4969.849937183026,621.14697265625,9.447
4970.17326477202,595.13671875,9.502
4970.498140230018,1029.7578125,7.743
4970.8237071080075,589.51220703125,8.726
4971.147717218002,595.13720703125,9.37
4971.472177937016,595.13720703125,9.525
4971.796097034006,456.77197265625,7.354
4972.12104353201,747.009765625,8.391
4972.444436078018,595.1376953125,9.23
4972.766426519025,595.1376953125,9.447
4973.090981030022,456.7724609375,7.21
4973.413626023015,724.51025390625,8.274
4973.735330307012,595.13818359375,8.997
4974.0570355500095,595.13818359375,9.408
4974.380877228017,489.67529296875,8.546
4974.702971029008,1029.75927734375,7.886
4975.025106622023,595.138671875,8.842
4975.348423926014,595.138671875,9.346
4975.670089610008,595.138671875,9.757
4975.992795209022,984.759765625,7.86
4976.315773039998,589.51416015625,8.726
4976.637770736008,595.13916015625,9.269
4976.959451267001,626.7744140625,9.641
4977.282171580999,456.77392578125,7.393
4977.60539965902,747.01171875,8.546
4977.927511053014,595.1396484375,9.153
4978.249392132013,493.88916015625,9.563
4978.570723748009,456.7744140625,7.587
4978.893103694019,724.51220703125,8.352
4979.214878462022,595.14013671875,8.997
4979.540326304006,595.14013671875,9.486
4979.862182099023,489.67724609375,8.624
4980.18636329702,1029.76123046875,7.847
4980.509791473014,595.140625,8.765
4980.832023856026,595.140625,9.408
4981.154673918005,595.140625,9.757
4981.475669674022,984.76171875,7.743
4981.799018963007,589.51611328125,8.532
4982.122167412017,595.14111328125,9.308
4982.444573877001,595.14111328125,9.447
4982.765760164999,456.77587890625,7.315
4983.087268642004,724.513671875,8.274
4983.409265968017,488.271484375,9.114
4983.732188100024,595.1416015625,9.408
4984.054704967013,456.7763671875,7.86
4984.3770773780125,724.51416015625,8.196
4984.6998871500255,595.14208984375,9.075
4985.0215624130215,595.14208984375,9.37
4985.347881924012,489.67919921875,8.959
4985.669623811002,1029.76318359375,7.886
4985.990911984001,595.142578125,8.842
4986.312348641019,595.142578125,9.346
4986.633456037001,595.142578125,9.641
4986.958248892013,456.77734375,7.665
4987.280308835005,747.01513671875,8.648
4987.605016148998,595.14306640625,9.153
4987.926756943023,595.14306640625,9.563
4988.249679031025,456.77783203125,7.354
4988.571512082999,724.515625,8.313
4988.893455891026,595.1435546875,9.075
4989.215674332023,595.1435546875,9.525
4989.537306222017,456.7783203125,7.976
4989.860347959009,1029.7646484375,8.041
4990.181778367027,595.14404296875,8.842
4990.503925699013,595.14404296875,9.308
4990.825433069025,595.14404296875,9.602
4991.146070354007,984.76513671875,7.432
4991.468500831019,589.51953125,8.391
4991.790145420004,516.38818359375,9.191
4992.111708917015,595.14453125,9.408
4992.433431106008,456.779296875,7.21
4992.755517503014,724.51708984375,8.196
4993.076725399005,595.14501953125,8.959
4993.398115925025,494.0703125,9.447
4993.720091531024,493.8408203125,8.119
4994.044619014021,1029.76611328125,7.924
4994.367834986013,595.1455078125,8.881
4994.689538323,595.1455078125,9.23
4995.013200265006,499.69580078125,9.718
4995.337175434019,456.7802734375,7.315
4995.661145578022,747.01806640625,8.468
4995.98302101501,595.14599609375,9.075
4996.305448311003,595.14599609375,9.525
4996.626532898023,456.78076171875,6.937
4996.949501624011,724.5185546875,8.119
4997.271742607001,615.53173828125,8.959
4997.595828974998,595.146484375,9.346
4997.918826372013,489.68408203125,8.468
4998.242429327016,1029.767578125,7.704
4998.566569071001,595.14697265625,8.687
4998.891727704002,499.515625,9.331
4999.216007356008,595.14697265625,9.718
4999.53941209201,456.78173828125,7.393
4999.863536441,747.01953125,8.546
5000.186493510002,595.1474609375,9.114
5000.508110621013,595.1474609375,9.563
5000.831257072015,456.7822265625,7.366
5001.15407768602,724.52001953125,8.235
5001.475467169017,595.14794921875,9.036
5001.79764650701,595.14794921875,9.486
5002.1214900070045,472.86279296875,8.041
5002.443150155013,1029.76904296875,8.041
5002.76715778801,595.1484375,8.842
5003.089320227009,533.26708984375,9.408
5003.410869456013,595.1484375,9.54
5003.732837741001,1029.76953125,7.665
5004.0570713330235,589.52392578125,8.726
5004.379453105008,595.14892578125,9.191
5004.702145321004,595.14892578125,9.602
5005.029794502014,456.78369140625,7.093
5005.355108133022,729.8359375,8.352
5005.678654493007,595.1494140625,9.114
5006.000651126,595.1494140625,9.447
5006.322594668018,456.7841796875,7.626
5006.647713248007,724.52197265625,7.963
5006.972038613021,494.0751953125,8.997
5007.2948788920185,595.14990234375,9.292
5007.62016573202,468.5810546875,8.997
5007.944119208027,1029.77099609375,7.665
5008.267603030021,589.525390625,8.765
5008.59158808901,595.150390625,9.269
5008.913855959021,595.28564453125,9.563
5009.236530563008,456.78515625,7.237
5009.558906883001,747.02294921875,8.391
5009.882437200024,635.7861328125,9.153
5010.204750988021,595.15087890625,9.447
5010.529754258023,456.78564453125,7.288
5010.853996282007,724.5234375,8.352
5011.178010904026,621.16162109375,9.036
5011.501243093022,595.1513671875,9.331
5011.8243041720125,489.6884765625,8.468
5012.147782385,1029.7724609375,7.626
5012.472256094014,595.15185546875,8.765
5012.796329851,595.15185546875,9.308
5013.120981197018,595.15185546875,9.68
5013.442001454008,456.78662109375,7.288
5013.764863512013,747.0244140625,8.391
5014.089019220002,595.15234375,9.153
5014.412132933998,595.15234375,9.486
5014.733630711009,456.787109375,7.132
5015.058208035014,724.52490234375,8.196
5015.380955266999,595.15283203125,8.997
5015.704891732021,595.15283203125,9.37
5016.028030948015,489.68994140625,8.507
5016.350390707026,1029.77392578125,7.782
5016.674222012021,595.1533203125,8.726
5016.99950188701,510.77783203125,9.346
5017.321388697019,595.1533203125,9.641
5017.645447210001,456.7880859375,7.015
5017.970304474002,747.02587890625,8.235
5018.294903614005,617.6533203125,9.153
5018.618155180011,595.15380859375,9.37
5018.9427880170115,456.78857421875,7.249
5019.265174810018,724.5263671875,8.352
5019.5884818000195,595.154296875,9.114
5019.910837904026,595.154296875,9.331
5020.233143700025,482.74755859375,8.391
5020.5566840730025,1029.775390625,8.041
5020.883469248016,595.15478515625,8.959
5021.205905575014,595.15478515625,9.308
5021.530613768002,595.15478515625,9.68
5021.853727498004,1029.77587890625,7.782
5022.178299524006,589.5302734375,8.726
5022.504550464015,595.15576171875,9.308
5022.826694393007,595.1552734375,9.486
5023.148057106009,456.7900390625,7.354
5023.470640666026,747.02783203125,8.507
5023.796071763005,595.15576171875,9.153
5024.120600840019,595.15576171875,9.486
5024.447674784024,456.79052734375,7.405
5024.771865542018,724.5283203125,8.391
5025.097037522006,595.15625,9.153
5025.419503249024,595.15625,9.408
5025.743147358007,492.505859375,8.352
5026.065116809012,1029.77734375,7.847
5026.388617614022,595.15673828125,8.803
5026.714827616001,595.15673828125,9.308
5027.041236505,626.7919921875,9.757
5027.362135893025,984.77783203125,7.51
5027.6862582570175,589.5322265625,8.468
5028.007994637999,477.02783203125,9.23
5028.331706232013,595.1572265625,9.408
5028.655615466007,456.7919921875,7.132
5028.9814377030125,724.52978515625,8.196
5029.305062635016,595.15771484375,8.997
5029.626960266003,595.15771484375,9.525
5029.950440105022,456.79248046875,7.976
5030.274671459018,724.5302734375,8.119
5030.600698052003,635.79345703125,9.075
5030.92339705702,595.158203125,9.37
5031.248928204004,482.65185546875,9.075
5031.571821327001,1029.779296875,7.808
5031.898660814011,595.15869140625,8.842
5032.221562351013,595.15869140625,9.269
5032.54497331602,595.15869140625,9.641
5032.8663391750015,465.77783203125,7.743
5033.189620790014,758.22412109375,8.61
5033.512204583007,595.1591796875,9.23
5033.835001793021,595.1591796875,9.563
5034.160101014015,456.7939453125,7.366
5034.483249244018,724.53173828125,8.274
5034.806143159018,595.15966796875,9.075
5035.128489468014,595.15966796875,9.447
5035.450229320006,456.79443359375,7.976
5035.773508305021,724.5322265625,8.196
5036.096455052,595.16015625,9.075
5036.41772864302,595.16015625,9.37
5036.742007952998,489.697265625,8.997
5037.065345978015,1029.78125,7.626
5037.389089392003,589.5361328125,8.687
5037.710910299007,595.16064453125,9.269
5038.033278939023,595.16064453125,9.525
5038.354597519006,456.79541015625,7.471
5038.677886034013,747.033203125,8.507
5039.0014704000205,595.1611328125,9.23
5039.324470069027,595.1611328125,9.486
5039.645570047025,456.7958984375,7.327
5039.967744691006,724.53369140625,8.313
5040.289241802006,595.16162109375,9.075
5040.610618845007,595.16162109375,9.37
5040.93143916101,492.51123046875,8.274
5041.254517901019,1029.78271484375,7.782
5041.577012330003,595.162109375,8.726
5041.900247491023,595.162109375,9.331
5042.222133286006,595.162109375,9.68
5042.543253386015,456.796875,7.21
5042.865859401005,747.03466796875,8.352
5043.188477383024,595.16259765625,9.153
5043.510038874025,595.16259765625,9.37
5043.831536299025,456.79736328125,7.171
5044.154189224006,724.53515625,8.002
5044.476174762007,595.1630859375,8.842
5044.799970803026,621.17333984375,9.331
5045.1214104950195,489.7001953125,8.779
5045.4464032210235,1029.7841796875,7.51
5045.769156820024,589.53857421875,8.61
5046.093486575002,595.16357421875,9.23
5046.41576536902,595.16357421875,9.447
5046.737152606016,456.79833984375,6.937
5047.059781525022,545.23876953125,8.235
5047.383306221018,595.1640625,8.997
5047.705593429011,595.1640625,9.408
5048.027875675005,456.798828125,7.587
5048.351005058008,724.53662109375,7.963
5048.673246789025,499.54443359375,8.959
5048.996818365005,595.16455078125,9.308
5049.321438173007,599.6142578125,9.114
5049.643309263018,1029.78564453125,7.51
5049.965656853019,589.5400390625,8.61
5050.287789488008,595.1650390625,9.153
5050.609790469025,595.1650390625,9.525
5050.934098646016,456.7998046875,6.976
5051.255770077027,724.53759765625,8.119
5051.578165248007,615.55078125,9.036
5051.900976883015,595.16552734375,9.37
5052.222504274017,456.80029296875,7.899
5052.546240168012,724.5380859375,8.08
5052.870301419025,696.416015625,8.92
5053.192536517017,595.166015625,9.331
5053.516004366014,595.166015625,9.23
5053.837459303002,984.787109375,7.471
5054.160662149021,589.54150390625,8.571
5054.484254321025,595.16650390625,9.153
5054.809574689018,488.28515625,9.602
5055.133939403022,456.80126953125,7.249
5055.460515179002,522.03564453125,8.43
5055.784172215004,595.1669921875,9.075
5056.106442988006,621.17724609375,9.486
5056.429124976014,456.8017578125,7.587
5056.751543304999,724.53955078125,7.963
5057.07454751301,595.16748046875,8.842
5057.396870861005,595.16748046875,9.408
5057.719410825026,595.16748046875,9.308
5058.041064257006,1029.78857421875,7.587
5058.362702327024,589.54296875,8.648
5058.6864867540135,595.16796875,9.153
5059.009248677001,595.16796875,9.602
5059.3303968380205,456.802734375,7.054
5059.652172511007,724.54052734375,8.119
5059.975873829011,599.48291015625,9.075
5060.2999606000085,595.16845703125,9.37
5060.621414627007,456.80322265625,7.86
5060.947788400023,724.541015625,8.041
5061.273458080017,499.548828125,9.036
5061.597600915004,595.1689453125,9.331
5061.922106996004,489.7060546875,8.997
5062.248637540004,1029.7900390625,7.51
5062.571778092999,589.54443359375,8.61
5062.895667347999,595.16943359375,9.346
5063.219694013998,595.16943359375,9.525
5063.541554866999,456.80419921875,7.171
5063.864190822002,747.0419921875,8.43
5064.188441528007,595.169921875,9.075
5064.510526739003,595.169921875,9.525
5064.838075591018,456.8046875,7.327
5065.162166000024,724.54248046875,8.041
5065.486485474015,595.17041015625,8.92
5065.811390602001,516.419921875,9.447
5066.134376070026,489.70751953125,8.701
5066.458851196017,1029.79150390625,7.626
5066.783357427019,595.1708984375,8.765
5067.106573206023,595.1708984375,9.23
5067.430505108001,595.1708984375,9.602
5067.754514965025,456.8056640625,7.171
5068.07758952101,747.04345703125,8.313
5068.399694404012,494.2724609375,9.114
5068.721785528003,595.17138671875,9.37
5069.044874962012,456.80615234375,7.249
5069.368269719009,724.5439453125,8.041
5069.690185120999,595.171875,8.842
5070.013692106004,635.80712890625,9.331
5070.335796954023,489.708984375,8.765
5070.658555779024,1029.79296875,7.665
5070.980357415014,595.17236328125,8.765
5071.301733656001,595.17236328125,9.153
5071.6231772910105,696.42236328125,9.486
5071.9456148860045,456.80712890625,6.937
5072.27080394802,747.044921875,8.313
5072.593911135016,595.1728515625,8.959
5072.916113198007,595.1728515625,9.447
5073.2379704140185,456.8076171875,7.51
5073.560587212007,724.54541015625,7.963
5073.882082078024,595.17333984375,8.959
5074.204106499004,595.17333984375,9.269
5074.530401199998,599.623046875,9.036
5074.854613322008,984.79443359375,7.315
5075.180899445026,589.548828125,8.43
5075.506466052,595.173828125,9.114
5075.831611137022,595.173828125,9.525
5076.153801193024,456.80859375,7.249
5076.477303587017,724.54638671875,8.274
5076.80029901801,499.724609375,9.153
5077.122343466006,595.17431640625,9.37
5077.443783697003,456.80908203125,7.899
5077.768062087998,724.546875,8.08
5078.094096612011,595.1748046875,8.881
5078.416662966018,595.1748046875,9.408
5078.738746164017,595.1748046875,9.308
5079.062526549009,1119.79541015625,7.548
5079.384714838001,589.55029296875,8.648
5079.710124630015,595.17529296875,9.191
5080.034770903003,595.17529296875,9.563
5080.359395317006,456.81005859375,6.976
5080.682638110011,724.5478515625,8.119
5081.0048007950245,615.56103515625,9.036
5081.326776143018,595.17578125,9.385
5081.649502881017,456.810546875,7.899
5081.97195623201,1029.796875,7.963
5082.293589741021,595.17626953125,8.842
5082.615762567002,595.17626953125,9.308
5082.939773098013,595.17626953125,9.602
5083.2636191720085,1029.79736328125,7.704
5083.587108304026,589.5517578125,8.726
5083.910737281025,595.1767578125,9.23
5084.234367313009,595.1767578125,9.602
5084.557675988006,456.8115234375,7.132
5084.88017727001,522.1337890625,8.352
5085.202234695025,595.17724609375,9.114
5085.526510509022,595.17724609375,9.486
5085.848721731018,456.81201171875,7.626
5086.173355191015,724.5498046875,8.041
5086.496549361007,595.177734375,8.997
5086.820690000022,595.177734375,9.331
5087.14656993901,489.71484375,8.92
5087.470991356007,1029.798828125,7.587
5087.792937090999,589.55322265625,8.648
5088.114968173002,595.17822265625,9.308
5088.43610657801,595.17822265625,9.486
5088.76019588302,456.81298828125,7.093
5089.082883693016,747.05078125,8.391
5089.404516228009,595.1787109375,8.997
5089.726224220998,516.42236328125,9.408
5090.049220521003,456.8134765625,7.548
5090.371306672023,724.55126953125,8.002
5090.693203471019,595.17919921875,8.959
5091.013946625026,595.17919921875,9.292
5091.3358901760075,499.5478515625,9.075
5091.65717770101,984.80029296875,7.432
5091.978952221019,589.5546875,8.468
5092.301195622014,595.1796875,9.153
5092.622966237017,595.1796875,9.447
5092.944032694999,456.814453125,7.249
5093.266723824025,724.55224609375,8.274
5093.5888185130025,477.05078125,9.114
5093.910268057021,595.18017578125,9.408
5094.234109437006,456.81494140625,7.821
5094.556062614021,724.552734375,8.041
5094.877709604014,595.1806640625,8.803
5095.199676668999,595.1806640625,9.408
5095.521968769026,595.1806640625,9.424
5095.844029341009,984.8017578125,7.548
5096.166463655012,589.55615234375,8.507
5096.488054734014,595.18115234375,9.191
5096.809833117004,595.18115234375,9.408
5097.131681453,456.81591796875,6.898
5097.453917036008,724.5537109375,8.08
5097.7756550310005,595.181640625,8.92
5098.097420514998,716.81689453125,9.37
5098.418798334023,492.53125,8.158
5098.74119292901,1029.802734375,7.886
5099.063554786,494.107421875,8.842
5099.385821598,595.18212890625,9.269
5099.708086138009,595.1826171875,9.68
5100.0318986110215,456.81689453125,7.315
5100.354484346026,747.0546875,8.507
5100.676596334,595.1826171875,9.114
5100.999658790999,595.1826171875,9.563
5101.323960495007,456.8173828125,6.937
5101.645453097008,724.55517578125,8.196
5101.9673733950185,499.5517578125,8.997
5102.289361343021,595.18310546875,9.331
5102.611455981998,489.720703125,8.468
5102.932865219016,1029.80419921875,7.587
5103.2549810740165,595.18359375,8.726
5103.576797588001,595.18359375,9.153
5103.89885955301,617.68310546875,9.602
5104.222483785008,456.818359375,7.054
5104.547751121019,747.05615234375,8.313
5104.8697319920175,595.18408203125,9.114
5105.192558623006,595.18408203125,9.447
5105.516890817002,456.81884765625,7.327
5105.841189249011,724.556640625,8.041
5106.165805421013,595.1845703125,8.842
5106.492831126001,499.73486328125,9.447
5106.814458316017,489.7216796875,8.663
5107.137465846026,1029.8056640625,7.626
5107.462537649,595.18505859375,8.765
5107.786178452021,595.18505859375,9.23
5108.112265846023,595.18505859375,9.641
5108.435758865002,456.81982421875,7.471
5108.76008161201,747.0576171875,8.532
5109.084089851007,595.185546875,9.114
5109.411150463013,595.18505859375,9.563
5109.7372165090055,456.8203125,6.898
5110.061286573007,724.55810546875,8.196
5110.387578961003,595.18603515625,9.036
5110.712245303002,595.18603515625,9.37
5111.037902562006,492.53564453125,8.235
5111.360090404021,1029.80712890625,7.548
5111.682920703024,595.1865234375,8.687
5112.006888775009,595.1865234375,9.23
5112.331063221005,595.1865234375,9.602
5112.65184572601,465.8056640625,7.704
5112.974603508017,752.37353515625,8.61
5113.2981852890225,595.18701171875,9.191
5113.620907100005,595.18701171875,9.525
5113.945458294998,456.82177734375,6.859
5114.269585567003,724.5595703125,8.158
5114.593505056022,595.1875,9.036
5114.918522603024,595.1875,9.331
5115.244174445019,492.537109375,8.235
5115.565901910013,1029.80859375,8.002
5115.888069583016,595.18798828125,8.92
5116.211624926014,595.18798828125,9.308
5116.535184011998,595.18798828125,9.718
5116.856810383004,984.80908203125,7.548
5117.179154572019,589.5634765625,8.468
5117.501705009025,595.1884765625,9.23
5117.825750192016,595.1884765625,9.37
5118.14914802101,456.8232421875,6.937
5118.472033829021,724.56103515625,8.08
5118.796661146014,595.18896484375,8.92
5119.1194603580225,599.50341796875,9.37
5119.44105689702,492.53857421875,8.158
5119.763886797009,1029.81005859375,7.782
5120.086627221026,595.189453125,8.726
5120.408633503015,595.189453125,9.308
5120.732473201002,595.189453125,9.68
5121.053042818006,984.810546875,7.587
5121.378065184021,488.490234375,8.454
5121.703479726013,626.8251953125,9.269
5122.027480547025,595.18994140625,9.447
5122.350720058021,456.82470703125,7.054
5122.67638017502,724.5625,8.119
5122.999616293004,595.1904296875,8.959
5123.323991623009,493.93994140625,9.447
5123.648095933022,491.12158203125,8.041
5123.971653501998,1029.8115234375,7.963
5124.295514409023,595.19091796875,8.842
5124.616822672018,595.19091796875,9.269
5124.942394238024,595.19091796875,9.68
5125.264359006018,984.81201171875,7.51
5125.586338365014,589.56640625,8.43
5125.908659402019,595.19140625,9.23
5126.230478338024,595.19140625,9.408
5126.551837735024,456.826171875,7.054
5126.875098039018,724.56396484375,8.119
5127.199455473019,595.19189453125,8.92
5127.525456714007,493.935546875,9.408
5127.849337360007,500.8564453125,8.054
5128.17390372802,1029.81298828125,8.041
5128.497790613008,595.1923828125,8.842
5128.820196992019,595.1923828125,9.331
5129.145635616005,595.1923828125,9.563
5129.467438865016,984.8134765625,7.548
5129.791480634012,589.56787109375,8.507
5130.115075953014,595.19287109375,9.23
5130.437089161016,595.19287109375,9.408
5130.7589842200105,456.82763671875,6.898
5131.083590360009,724.5654296875,8.08
5131.405754484003,595.193359375,8.92
5131.727924592007,595.193359375,9.37
5132.049549622025,492.54296875,8.196
5132.373637306999,1029.814453125,7.886
5132.695655120013,499.5625,8.842
5133.018558726006,595.19384765625,9.269
5133.342503556021,599.6435546875,9.718
5133.665439546021,456.82861328125,7.393
5133.988107814017,747.06640625,8.493
5134.313549885002,595.1943359375,9.114
5134.635622991016,595.1943359375,9.563
5134.959371171019,456.8291015625,7.054
5135.282480381022,724.56689453125,8.196
5135.607561508019,595.19482421875,9.036
5135.930288846022,621.19921875,9.486
5136.252275354025,498.046875,8.158
5136.574462350021,1440.91259765625,8.196
5136.898553196021,595.1953125,8.92
5137.220995848009,595.1953125,9.486
5137.5439791610115,595.1953125,9.463
5137.868802161014,1029.81640625,7.782
5138.191153320018,589.57080078125,8.726
5138.518425023009,595.19580078125,9.385
5138.842742050008,595.19580078125,9.525
5139.164728841017,456.83056640625,7.548
5139.486921112024,747.068359375,8.507
5139.810921837023,595.1962890625,9.269
5140.135559642018,595.1962890625,9.525
5140.457347671007,456.8310546875,7.288
5140.782897413999,724.56884765625,8.313
5141.106992605026,595.19677734375,9.075
5141.429985511,696.44677734375,9.486
5141.751704127004,493.82763671875,8.196
5142.0745782760205,533.31591796875,8.196
5142.397099802009,595.197265625,8.92
5142.719929020008,595.197265625,9.447
5143.042435312003,595.197265625,9.463
5143.365616126015,1029.818359375,7.743
5143.688870543003,589.57275390625,8.687
5144.011530760006,499.57763671875,9.308
5144.334171583003,595.19775390625,9.486
5144.659920143022,456.83251953125,6.976
5144.984954084008,724.5703125,8.196
5145.309518532013,595.1982421875,9.075
5145.630975403008,595.1982421875,9.331
5145.95349471501,456.8330078125,7.665
5146.276528510003,724.57080078125,7.963
5146.599876109016,595.19873046875,8.803
5146.922126801015,595.19873046875,9.408
5147.246295999008,595.19873046875,9.308
5147.56823454902,989.13427734375,7.548
5147.890333137999,589.57421875,8.585
5148.2141584800265,595.19921875,9.114
5148.535900125018,599.64892578125,9.486
5148.857301532,456.833984375,6.976
5149.181627245009,724.57177734375,8.08
5149.503194257006,595.19970703125,8.959
5149.828951449017,595.19970703125,9.447
5150.150829896011,456.83447265625,8.015
5150.473464148003,1029.82080078125,8.002
5150.795289184025,595.2001953125,8.881
5151.118453888019,595.2001953125,9.254
5151.440937253006,595.2001953125,9.68
5151.762163831998,984.8212890625,7.471
5152.0846770850185,589.57568359375,8.43
5152.407717494003,626.8359375,9.191
5152.729418586008,595.20068359375,9.408
5153.0537364190095,456.83544921875,6.82
5153.376638581016,724.5732421875,8.119
5153.698881707998,595.201171875,8.997
5154.021895426005,595.201171875,9.331
5154.345569167024,492.55078125,8.313
5154.669002483017,1029.822265625,7.743
5154.993386877002,595.20166015625,8.765
5155.321915910026,595.20166015625,9.308
5155.644527176017,499.58154296875,9.796
5155.96667023201,510.82275390625,7.471
5156.290143994003,578.32080078125,8.468
5156.612233895023,595.2021484375,9.153
5156.933828832,595.2021484375,9.486
5157.258934336016,456.8369140625,6.859
5157.581580608006,724.57470703125,8.158
5157.905228488002,595.20263671875,8.997
5158.226924386021,595.20263671875,9.308
5158.5502952920215,498.0546875,8.391
5158.874301904027,1029.82373046875,7.587
5159.196820872021,595.203125,8.687
5159.5190341960115,595.203125,9.269
5159.843097032019,595.203125,9.602
5160.164919460018,465.822265625,7.665
5160.489747956017,768.5185546875,8.571
5160.811584112002,595.20361328125,9.23
5161.13307689302,595.20361328125,9.486
5161.455168161017,456.83837890625,7.366
5161.776576874021,724.576171875,8.274
5162.097835307999,595.2041015625,8.997
5162.419548736012,595.2041015625,9.447
5162.74163091302,482.69775390625,8.041
5163.063651616016,1029.8251953125,7.821
5163.386439099006,516.4482421875,8.803
5163.708206479001,595.20458984375,9.269
5164.030151721003,595.20458984375,9.68
5164.3543981719995,456.83935546875,7.393
5164.678437414026,747.0771484375,8.507
5165.002614902012,595.205078125,9.075
5165.324685586005,595.205078125,9.525
5165.648624246998,456.83984375,7.288
5165.970603375026,724.57763671875,8.235
5166.293970108003,595.20556640625,9.036
5166.618506454019,595.20556640625,9.486
5166.941132838023,456.84033203125,8.015
5167.263258561026,1029.82666015625,8.002
5167.587035837001,595.2060546875,8.881
5167.911005855014,595.2060546875,9.385
5168.234718998021,595.2060546875,9.602
5168.556691689009,984.8271484375,7.548
5168.880111381004,589.58154296875,8.493
5169.202956457011,595.20654296875,9.269
5169.528267068003,595.20654296875,9.447
5169.84978066801,456.84130859375,7.132
5170.174804355018,724.5791015625,8.196
5170.497416171012,595.20703125,9.036
5170.822799679998,595.20703125,9.447
5171.146463121026,456.841796875,7.899
5171.468513633998,724.57958984375,8.08
5171.791667550016,595.20751953125,8.842
5172.114712821,595.20751953125,9.408
5172.436586333002,595.20751953125,9.385
5172.75964437201,984.82861328125,7.51
5173.081489723001,589.5830078125,8.507
5173.402983699023,595.2080078125,9.191
5173.72467534701,595.2080078125,9.408
5174.045088640007,456.8427734375,7.093
5174.367028360022,724.58056640625,8.158
5174.6916090460145,595.20849609375,8.959
5175.014985270012,595.20849609375,9.486
5175.3386751360085,456.84326171875,8.015
5175.6611827800225,1029.82958984375,7.924
5175.985941008024,595.208984375,8.881
5176.310554812022,595.208984375,9.269
5176.632993268024,595.208984375,9.757
5176.955597714026,465.828125,7.393
5177.280113977002,768.5244140625,8.468
5177.602363752027,595.20947265625,9.114
5177.926487647026,595.20947265625,9.447
5178.25256432101,456.84423828125,6.859
5178.574968148023,724.58203125,8.158
5178.900050832017,595.2099609375,8.997
5179.223476361018,595.2099609375,9.292
5179.545087996026,492.5595703125,8.313
5179.869421176001,1029.8310546875,7.886
5180.191336310003,595.345703125,8.803
5180.516043679003,595.21044921875,9.269
5180.842649778002,595.21044921875,9.718
5181.164624527999,465.82958984375,7.432
5181.486703889008,747.0830078125,8.507
5181.810700541013,595.2109375,9.075
5182.137274669018,595.2109375,9.486
5182.462408195017,456.845703125,6.898
5182.784824688017,724.58349609375,8.158
5183.106857902021,595.21142578125,8.997
5183.429275353003,595.21142578125,9.292
5183.751234418014,479.904296875,8.391
5184.074738087016,1029.83251953125,7.626
5184.3973924739985,595.2119140625,8.687
5184.721138359018,595.2119140625,9.23
5185.043203283014,595.2119140625,9.563
5185.365246925008,456.8466796875,7.171
5185.688868227007,747.08447265625,8.274
5186.014658926026,595.21240234375,9.191
5186.336928687,595.21240234375,9.408
5186.658560119016,456.84716796875,7.21
5186.982589852007,724.5849609375,8.119
5187.304128446005,595.212890625,8.881
5187.625888330018,595.212890625,9.408
5187.947224420001,489.75,8.701
5188.270435334009,1029.833984375,7.432
5188.592453818012,589.58837890625,8.493
5188.915263020026,595.21337890625,9.269
5189.23787704602,595.21337890625,9.408
5189.559716289019,456.84814453125,6.937
5189.88191532201,729.96826171875,8.196
5190.204678727023,595.2138671875,9.075
5190.527337489009,595.2138671875,9.331
5190.849018900015,456.8486328125,7.665
5191.170693238004,724.58642578125,7.963
5191.491880196001,595.21435546875,8.842
5191.814484041999,595.21435546875,9.385
5192.136010085,595.21435546875,9.346
5192.4565370800265,984.83544921875,7.471
5192.777780935023,589.58984375,8.468
5193.100569617003,595.21484375,9.23
5193.421534804016,595.21484375,9.408
5193.745596335008,456.849609375,7.054
5194.070086362015,724.58740234375,8.119
5194.392436848022,595.21533203125,8.997
5194.715067858022,595.21533203125,9.486
5195.039171564014,456.85009765625,8.015
5195.361956850014,724.587890625,8.119
5195.684454157017,595.2158203125,8.881
5196.0083784630115,595.2158203125,9.408
5196.330720914004,595.2158203125,9.385
5196.652223909012,984.8369140625,7.548
5196.973586642009,589.59130859375,8.532
5197.300104358001,595.21630859375,9.153
5197.622298290022,621.2265625,9.525
5197.944942287024,456.85107421875,7.093
5198.267353346018,724.5888671875,8.158
5198.589926267014,595.216796875,9.036
5198.911412522022,595.216796875,9.408
5199.234062404023,456.8515625,7.899
5199.558715307998,724.58935546875,8.08
5199.883241135016,615.6025390625,8.997
5200.207894102001,595.21728515625,9.346
5200.531722364016,482.7109375,9.114
5200.854972236004,1029.83837890625,7.51
5201.17737474601,589.5927734375,8.571
5201.500674059003,595.2177734375,9.153
5201.823605325015,595.2177734375,9.525
5202.147098564019,456.8525390625,7.132
5202.470609211014,578.3369140625,8.352
5202.794170067005,595.21826171875,9.075
5203.115495701,595.21826171875,9.447
5203.440177016018,456.85302734375,7.587
5203.763491076999,724.5908203125,7.924
5204.0858226040145,595.21875,8.881
5204.408275671012,595.21875,9.37
5204.730319730006,595.21875,9.269
5205.054641893017,1029.83984375,7.587
5205.376975113002,589.59423828125,8.687
5205.700328149018,595.21923828125,9.23
5206.02597449001,595.21923828125,9.525
5206.350419823022,456.85400390625,7.093
5206.675063563016,747.03466796875,8.352
5207.000261213019,595.2197265625,9.036
5207.322812774015,595.2197265625,9.447
5207.646924621018,456.8544921875,7.665
5207.970010699006,724.59228515625,8.041
5208.2938877830165,595.22021484375,8.997
5208.615640912001,595.22021484375,9.254
5208.939068282023,499.60009765625,9.075
5209.261172112019,984.84130859375,7.393
5209.583301126026,589.595703125,8.468
5209.905353337002,595.220703125,9.153
5210.227197539003,595.220703125,9.408
5210.548970506003,456.85546875,7.015
5210.872391025012,724.59326171875,8.119
5211.193977743998,595.22119140625,8.959
5211.516392110003,595.22119140625,9.447
5211.837677121017,482.71484375,8.08
5212.160950783,1029.84228515625,7.808
5212.483972403017,499.6015625,8.803
5212.806522613013,595.2216796875,9.254
5213.128856494004,615.60693359375,9.757
5213.449522469018,465.8408203125,7.432
5213.772379410017,747.0947265625,8.507
5214.0948899680225,595.22216796875,9.075
5214.417234727007,595.22216796875,9.525
5214.740288729023,456.85693359375,6.937
5215.065319479007,724.5947265625,8.196
5215.387552392,617.72216796875,9.036
5215.710585560009,595.22265625,9.331
5216.0318298269995,480.00341796875,8.468
5216.35407173101,1029.84375,8.274
5216.678115624003,595.22314453125,8.959
5217.000710629014,493.966796875,9.447
5217.322765612014,595.22314453125,9.563
5217.645160800021,984.84423828125,7.626
5217.970016372012,589.5986328125,8.648
5218.2939835550205,595.2236328125,9.191
5218.618891351012,488.36474609375,9.563
5218.941295914003,456.8583984375,7.171
5219.266298464005,724.59619140625,8.313
5219.589607508009,595.22412109375,9.153
5219.912292305002,595.22412109375,9.37
5220.235942513013,456.85888671875,7.704
5220.558986362012,724.5966796875,8.235
5220.881021211011,595.224609375,8.997
5221.203285989002,656.10986328125,9.408
5221.52486965101,489.76171875,8.842
5221.848365772021,1029.845703125,7.73
5222.171299886017,595.22509765625,8.842
5222.494576028024,595.22509765625,9.308
5222.818506980024,595.22509765625,9.641
5223.140590372001,456.85986328125,7.432
5223.4629306690185,747.09765625,8.507
5223.784570426011,595.2255859375,9.191
5224.10637691,595.2255859375,9.447
5224.427887701022,456.8603515625,7.21
5224.751494573022,724.59814453125,8.313
5225.073693807004,595.22607421875,9.075
5225.395178580016,595.22607421875,9.331
5225.7172880160215,496.7822265625,8.391
5226.03848048902,1029.84716796875,7.548
5226.36061514201,595.2265625,8.687
5226.681648632017,595.2265625,9.191
5227.004852605023,595.2265625,9.602
5227.328737596021,456.861328125,7.132
5227.651216388011,747.09912109375,8.274
5227.973246906011,595.22705078125,9.036
5228.294645463,595.22705078125,9.447
5228.619677408016,456.86181640625,7.366
5228.94239976001,724.599609375,7.963
5229.266283980018,595.2275390625,8.959
5229.588083767012,595.2275390625,9.269
5229.9100050300185,489.7646484375,8.997
5230.233253160026,1029.8486328125,7.471
5230.556006422004,589.60302734375,8.546
5230.878244656022,696.47802734375,9.23
5231.200114363019,595.22802734375,9.486
5231.524569034023,456.86279296875,6.976
5231.847689092014,724.6005859375,8.119
5232.170712442021,595.228515625,9.036
5232.492381340009,595.228515625,9.331
5232.813878166024,456.86328125,7.782
5233.137333628023,724.60107421875,8.002
5233.460758591013,595.22900390625,8.842
5233.783927929006,595.22900390625,9.408
5234.106073547009,595.22900390625,9.308
5234.429488716007,984.85009765625,7.548
5234.752106959,589.6044921875,8.571
5235.073779853003,595.2294921875,9.153
5235.395637266018,595.2294921875,9.447
5235.717506646004,456.8642578125,6.976
5236.042085955007,724.60205078125,8.08
5236.366502248013,595.22998046875,8.92
5236.689432404004,595.22998046875,9.447
5237.010887175013,491.1611328125,8.054
5237.333910613001,1029.85107421875,7.86
5237.65726081602,493.97412109375,8.842
5237.980242844002,595.23046875,9.269
5238.304455479025,635.86572265625,9.718
5238.625655869022,465.849609375,7.393
5238.947869322001,752.41748046875,8.507
5239.270282718004,595.23095703125,9.075
5239.592963547999,595.23095703125,9.563
5239.916341429023,456.86572265625,6.898
5240.238654275017,724.603515625,8.158
5240.562466667005,494.15673828125,8.997
5240.884292294999,595.2314453125,9.346
5241.205749523011,494.98974609375,8.43
5241.529292687017,1029.8525390625,7.587
5241.852451581013,595.23193359375,8.726
5242.173937641026,595.23193359375,9.191
5242.498158302013,595.23193359375,9.563
5242.822035525023,456.86669921875,7.093
5243.145447354007,747.1044921875,8.274
5243.467270737019,595.232421875,9.036
5243.789359954011,595.232421875,9.447
5244.116095110017,456.8671875,7.327
5244.438366476999,724.60498046875,7.963
5244.760749816021,595.23291015625,8.92
5245.082312291022,595.23291015625,9.254
5245.404850962019,489.77001953125,8.92
5245.728097020998,1029.85400390625,7.471
5246.050965945004,589.6083984375,8.532
5246.373599755025,635.86865234375,9.191
5246.697705205006,595.2333984375,9.447
5247.022713603015,456.8681640625,6.898
5247.345165867999,724.60595703125,8.119
5247.6696496040095,595.23388671875,9.114
5247.993334140017,595.23388671875,9.292
5248.317106103001,456.86865234375,7.704
5248.639241491008,724.6064453125,7.963
5248.963235254021,595.234375,8.842
5249.285665916017,595.234375,9.37
5249.609771106014,595.234375,9.269
5249.932437841024,984.85546875,7.471
5250.255511758005,589.60986328125,8.585
5250.579364809004,595.23486328125,9.114
5250.901986452023,516.478515625,9.563
5251.223327405023,456.86962890625,7.171
5251.546357895015,724.607421875,8.196
5251.869265116024,494.33642578125,9.114
5252.194906490011,595.2353515625,9.37
5252.51775389901,456.8701171875,7.743
5252.840350418002,724.60791015625,8.002
5253.163842203998,595.23583984375,8.842
5253.488083841017,595.23583984375,9.37
5253.811309408018,595.23583984375,9.308
5254.132407212019,984.85693359375,7.432
5254.454714789026,589.611328125,8.43
5254.776914331014,595.236328125,9.23
5255.100238170999,595.236328125,9.408
5255.42315143501,456.87109375,6.976
5255.745215193019,724.60888671875,8.119
5256.066769172001,595.23681640625,8.959
5256.388677148003,621.2470703125,9.408
5256.709725794004,492.58642578125,8.158
5257.032166366,1029.85791015625,7.808
5257.353896317014,595.23779296875,8.765
5257.675063205999,595.2373046875,9.308
5257.99936826402,595.2373046875,9.641
5258.3250031640055,456.8720703125,7.393
5258.651463152026,747.10986328125,8.507
5258.972996326018,595.23779296875,9.075
5259.295160083013,595.23779296875,9.525
5259.617283742002,456.87255859375,6.937
5259.939316038013,724.6103515625,8.119
5260.2612381850195,595.23828125,8.92
5260.58221047002,595.23828125,9.37
5260.904429716,489.775390625,8.546
5261.226930892008,1029.859375,7.51
5261.549374368013,477.109375,8.687
5261.871342019003,595.23876953125,9.191
5262.193187328026,595.23876953125,9.486
5262.514982171007,456.87353515625,7.093
5262.838426997012,747.111328125,8.391
5263.162440196,595.2392578125,9.036
5263.485169185005,595.2392578125,9.486
5263.808755295002,456.8740234375,7.393
5264.131590079021,724.61181640625,7.963
5264.45376275701,595.23974609375,8.959
5264.775310003024,595.23974609375,9.292
5265.097982636013,489.77685546875,8.997
5265.420689286024,1029.86083984375,7.548
5265.743323611998,589.615234375,8.532
5266.065687144001,595.240234375,9.269
5266.387445148022,595.240234375,9.447
5266.713702940004,456.875,6.976
5267.04046328002,567.109375,8.274
5267.3651013920025,595.24072265625,8.959
5267.690849884006,599.55517578125,9.447
5268.014247501007,456.87548828125,7.51
5268.338807465014,724.61328125,7.886
5268.661559488013,635.87646484375,8.881
5268.987790589017,595.2412109375,9.308
5269.313590728008,599.5556640625,9.114
5269.636904595012,1029.8623046875,7.432
5269.961048094003,589.61669921875,8.61
5270.283624715026,595.24169921875,9.114
5270.605399386026,595.24169921875,9.563
5270.926284198009,456.87646484375,6.976
5271.2499498200195,724.6142578125,8.08
5271.5720399249985,595.2421875,8.92
5271.8955478450225,595.2421875,9.408
5272.21888958101,456.876953125,7.976
5272.542408412002,1029.86328125,7.924
5272.865307475004,595.24267578125,8.881
5273.187654964015,595.24267578125,9.269
5273.5104563900095,595.24267578125,9.641
5273.8349369200005,984.86376953125,7.432
5274.161724226025,589.6181640625,8.43
5274.486691014026,595.2431640625,9.23
5274.810168208001,595.2431640625,9.408
5275.1342719220265,456.8779296875,6.976
5275.457101442007,724.61572265625,8.119
5275.781789018016,595.24365234375,8.959
5276.106319979008,595.24365234375,9.486
5276.4298540690215,456.87841796875,8.054
5276.752829129022,1029.86474609375,8.041
5277.077847563021,595.244140625,8.842
5277.405769340025,516.48779296875,9.447
5277.727678598021,595.244140625,9.424
5278.050431216019,984.865234375,7.587
5278.373257788015,589.61962890625,8.61
5278.696568027022,595.24462890625,9.153
5279.018878867006,499.62451171875,9.563
5279.341596985003,456.87939453125,6.898
5279.663509536011,724.6171875,8.041
5279.985289571021,595.2451171875,8.92
5280.306860924,595.2451171875,9.447
5280.629393690004,482.74169921875,8.054
5280.952267685003,1029.8662109375,7.665
5281.275544062024,595.24560546875,8.648
5281.597907444026,595.24560546875,9.385
5281.919263971009,595.24560546875,9.718
5282.242419799004,456.88037109375,7.471
5282.564837709011,747.1181640625,8.585
5282.886232349003,595.24609375,9.153
5283.209304492018,595.24609375,9.602
5283.530995685025,456.880859375,7.21
5283.856328970025,724.61865234375,8.235
5284.179998799023,595.24658203125,9.036
5284.505572060007,499.615234375,9.525
5284.827336215007,482.740234375,8.119
5285.150046294002,1029.86767578125,7.86
5285.474128424015,595.24755859375,8.803
5285.79771364,595.2470703125,9.269
5286.123309907998,595.2470703125,9.68
5286.446797582001,456.8818359375,7.393
5286.771048998024,747.11962890625,8.507
5287.0931636910245,595.24755859375,9.114
5287.417132661998,595.24755859375,9.525
5287.738314903021,456.88232421875,6.898
5288.064458741021,724.6201171875,8.08
5288.387727077003,595.248046875,8.92
5288.714397910022,595.248046875,9.331
5289.037969777011,498.10009765625,8.391
5289.361759282998,1029.869140625,7.587
5289.685961637006,595.24853515625,8.687
5290.009081357013,595.24853515625,9.269
5290.331161292008,595.24853515625,9.641
5290.652809402003,456.88330078125,7.327
5290.97689159002,747.12109375,8.391
5291.298531219014,595.2490234375,9.191
5291.62148933002,595.2490234375,9.37
5291.943845018017,456.8837890625,7.21
5292.267064865999,724.62158203125,7.924
5292.591114218027,595.24951171875,8.881
5292.913141701021,595.24951171875,9.37
5293.235567117023,489.78662109375,8.842
5293.559400138998,1029.87060546875,7.548
5293.882914269023,589.625,8.61
5294.205782133009,595.25,9.308
5294.528995963017,595.25,9.447
5294.854056454002,456.884765625,6.781
5295.177505716012,724.62255859375,8.041
5295.500302792003,595.25048828125,8.959
5295.823430632008,595.25048828125,9.37
5296.14589003002,456.88525390625,7.938
5296.469672038016,1029.87158203125,8.002
5296.791837409022,595.2509765625,8.881
5297.116749220004,595.2509765625,9.385
5297.439137317007,595.2509765625,9.602
5297.7592495520075,984.8720703125,7.432
5298.0826330790005,505.2451171875,8.43
5298.406666710012,595.251953125,9.191
5298.728458271013,595.25146484375,9.447
5299.052628003003,456.88623046875,6.82
5299.374787065026,724.6240234375,8.158
5299.696944079013,595.251953125,8.997
5300.018561073026,595.251953125,9.292
5300.340346231009,488.37060546875,8.391
5300.666416802007,1029.873046875,7.704
5300.9888467850105,595.25244140625,8.687
5301.310549379006,477.12109375,9.331
5301.632053181005,595.25244140625,9.718
5301.954544637003,984.87353515625,7.743
5302.2767231520265,589.6279296875,8.571
5302.600708680024,493.99658203125,9.269
5302.9226928520075,595.2529296875,9.486
5303.243587700999,456.8876953125,7.393
5303.56539519201,724.62548828125,8.352
5303.8883168380125,510.8720703125,9.191
5304.210336561024,595.25341796875,9.447
5304.532056687021,456.88818359375,7.899
5304.854415590002,724.6259765625,8.158
5305.176928515022,595.25390625,9.114
5305.498038601014,595.25390625,9.408
5305.824009289005,489.791015625,8.997
5306.146577510022,1029.875,7.808
5306.470184683014,595.25439453125,8.842
5306.792400090024,595.25439453125,9.23
5307.11698950702,595.25439453125,9.641
5307.440717995021,456.88916015625,7.171
5307.765169614024,747.126953125,8.313
5308.087833452999,477.13134765625,9.153
5308.409501187998,595.2548828125,9.37
5308.735069393006,456.8896484375,7.288
5309.060823300999,724.62744140625,8.002
5309.385694869998,595.25537109375,8.881
5309.709919437999,615.640625,9.408
5310.035281905002,489.79248046875,8.779
5310.359444262023,1029.87646484375,7.432
5310.683666204015,589.630859375,8.546
5311.008851224004,595.255859375,9.269
5311.331004382024,595.255859375,9.447
5311.653734010004,456.890625,7.171
5311.97923536101,747.12841796875,8.43
5312.301692305016,595.25634765625,9.075
5312.624263366015,595.25634765625,9.525
5312.947089765017,456.89111328125,7.471
5313.270347667014,724.62890625,7.924
5313.592602843011,488.38671875,8.92
5313.915758212999,595.2568359375,9.308
5314.238397530018,595.2568359375,9.153
5314.562477638014,1029.8779296875,7.548
5314.886672311026,589.63232421875,8.624
5315.210270191019,626.892578125,9.269
5315.534558946005,595.25732421875,9.486
5315.857862639008,456.89208984375,7.093
5316.1823034630215,747.1298828125,8.391
5316.50575541702,595.2578125,9.036
5316.8311110910145,505.25732421875,9.525
5317.152478068019,456.892578125,7.471
5317.477662599005,724.63037109375,8.002
5317.799766723008,595.25830078125,8.997
5318.1217786199995,595.25830078125,9.331
5318.4475017939985,489.79541015625,8.959
5318.770271895017,1029.87939453125,7.665
5319.092492438009,494.00830078125,8.803
5319.414464330999,595.2587890625,9.23
5319.73627609,494.00244140625,9.602
5320.056655602006,456.8935546875,7.548
5320.379151482019,747.13134765625,8.571
5320.701213106018,595.25927734375,9.191
5321.023017694999,595.259765625,9.525
5321.345429025998,456.89404296875,7.171
5321.667376436002,724.6318359375,8.313
5321.989087933005,595.259765625,9.075
5322.311032429017,595.259765625,9.37
5322.63259223901,479.94091796875,8.391
5322.95723069401,1029.880859375,7.704
5323.281624243013,595.26025390625,8.648
5323.603850060026,606.509765625,9.308
5323.924935035,595.26025390625,9.641
5324.246296722005,456.89501953125,7.249
5324.569098081003,747.1328125,8.352
5324.892266109004,595.2607421875,9.153
5325.213391947007,595.2607421875,9.37
5325.536415809009,456.8955078125,7.171
5325.859027431026,724.63330078125,8.002
5326.1811798350245,595.26123046875,8.881
5326.502911870019,477.1376953125,9.408
5326.824972398026,489.79833984375,8.779
5327.148313582002,1029.88232421875,7.471
5327.469612415007,589.63671875,8.571
5327.791352257016,595.26171875,9.308
5328.113359437004,595.26171875,9.447
5328.434769122017,456.896484375,7.054
5328.757780243002,747.13427734375,8.352
5329.079073155008,595.26220703125,8.997
5329.401051307999,626.8974609375,9.447
5329.722871630016,456.89697265625,7.548
5330.0467588160245,724.634765625,7.924
5330.3688102820015,499.63134765625,8.92
5330.689926929015,595.2626953125,9.308
5331.011408966006,595.2626953125,9.191
5331.333491536003,1029.8837890625,7.626
5331.655501496018,589.63818359375,8.648
5331.977051278023,595.26318359375,9.308
5332.298997170001,595.26318359375,9.486
5332.619986481004,456.89794921875,7.093
5332.942381350003,544.98681640625,8.313
5333.263929658016,595.263671875,9.075
5333.585038524005,595.263671875,9.408
5333.906777975004,456.8984375,7.665
5334.229175434011,724.63623046875,7.963
5334.551863400004,595.26416015625,8.881
5334.873453724023,595.26416015625,9.37
5335.194913162006,595.26416015625,9.269
5335.517423231999,1029.88525390625,7.548
5335.839187769016,589.6396484375,8.648
5336.161145881022,595.2646484375,9.114
5336.483242494025,482.75830078125,9.525
5336.804944372008,456.8994140625,6.976
5337.127359620004,724.63720703125,8.041
5337.449409734021,595.26513671875,8.881
5337.771369188005,595.26513671875,9.408
5338.093567723001,479.9462890625,8.08
5338.415310495999,1029.88623046875,7.808
5338.737619146006,516.50927734375,8.803
5339.059533509018,595.265625,9.269
5339.382452550024,595.265625,9.68
5339.70430396602,984.88671875,7.548
5340.026553828007,471.509765625,8.507
5340.349591528007,595.26611328125,9.191
5340.672088023013,595.26611328125,9.486
5340.997119239008,456.90087890625,6.859
5341.319176932011,724.638671875,8.158
5341.64208352202,595.2666015625,8.997
5341.9644889720075,595.2666015625,9.292
5342.286301087006,501.05322265625,8.352
5342.60826043901,1029.8876953125,7.704
5342.930283538008,595.26708984375,8.687
5343.252500019007,595.26708984375,9.23
5343.573956887005,595.26708984375,9.563
5343.898183204001,456.90185546875,7.093
5344.22159681801,747.1396484375,8.274
5344.545053984999,510.89208984375,9.153
5344.867517514009,595.267578125,9.408
5345.192398637999,456.90234375,7.249
5345.514680591004,724.64013671875,8.274
5345.837979127013,599.58251953125,9.036
5346.162183649023,595.26806640625,9.37
5346.485757330025,498.1201171875,8.468
5346.80936330001,1029.88916015625,8.119
5347.1342224690015,595.2685546875,8.997
5347.45625042601,595.2685546875,9.346
5347.780174871004,595.2685546875,9.718
5348.10192134502,1029.8896484375,7.743
5348.423307771998,589.64404296875,8.765
5348.745395506005,595.26904296875,9.23
5349.067472935014,595.26904296875,9.641
5349.388905283005,456.90380859375,7.354
5349.713205292006,747.1416015625,8.532
5350.034952116024,595.26953125,9.114
5350.357408117008,595.26953125,9.563
5350.680950144015,456.904296875,7.432
5351.002999857999,724.64208984375,8.274
5351.324481645017,595.27001953125,8.92
5351.647924051009,595.27001953125,9.447
5351.969286378007,489.80712890625,8.701
5352.2926622200175,1029.89111328125,7.548
5352.614530805004,482.76416015625,8.726
5352.936442016013,595.2705078125,9.191
5353.260247537022,595.2705078125,9.525
5353.583233859012,456.9052734375,6.976
5353.9059351470205,747.14306640625,8.352
5354.228563053999,595.27099609375,8.959
5354.55031688101,499.6396484375,9.447
5354.873835798004,456.90576171875,7.51
5355.196980524022,724.6435546875,7.886
5355.5196573600115,595.271484375,8.765
5355.843490016006,595.271484375,9.385
5356.165041625005,595.271484375,9.346
5356.489050862001,1029.892578125,7.743
5356.811067160015,589.64697265625,8.687
5357.134928423999,595.27197265625,9.331
5357.456823724002,595.27197265625,9.525
5357.780253514007,456.90673828125,7.51
5358.103245143022,747.14453125,8.468
5358.426189666003,595.2724609375,9.269
5358.748418897012,595.2724609375,9.486
5359.070547197014,456.9072265625,7.249
5359.393638636015,724.64501953125,8.352
5359.715777175006,595.27294921875,9.153
5360.037545875006,595.27294921875,9.408
5360.359435028018,492.62255859375,8.352
5360.681717123021,1029.89404296875,8.119
5361.00363878801,595.2734375,8.959
5361.325767660019,595.2734375,9.292
5361.648680626007,595.2734375,9.718
5361.970966464025,984.89453125,7.704
5362.295595814998,589.64892578125,8.648
5362.618368262018,595.27392578125,9.153
5362.940113247023,621.2841796875,9.525
5363.261199901026,456.90869140625,7.171
5363.585653787013,724.646484375,8.196
5363.910261951009,510.89892578125,9.114
5364.235253489023,595.2744140625,9.331
5364.557627679023,456.9091796875,7.743
5364.882706388016,724.64697265625,7.963
5365.20685642102,595.27490234375,8.92
5365.529026346019,595.27490234375,9.346
5365.852291033021,595.27490234375,9.191
5366.175880371011,1029.89599609375,7.51
5366.498618733021,589.650390625,8.61
5366.820790865022,595.275390625,9.153
5367.142919122998,595.275390625,9.563
5367.466671794013,456.91015625,7.054
5367.7898916120175,724.64794921875,8.196
5368.113588121021,595.27587890625,9.114
5368.434964764019,595.27587890625,9.331
5368.758172037022,456.91064453125,7.743
5369.080759414006,724.6484375,7.963
5369.402263518015,595.2763671875,8.765
5369.724253399007,595.2763671875,9.37
5370.046515451017,595.2763671875,9.385
5370.368412592012,984.8974609375,7.51
5370.690449674003,589.65185546875,8.507
5371.012483076018,595.27685546875,9.191
5371.334248691011,595.27685546875,9.408
5371.6561713679985,456.91162109375,6.898
5371.977942807018,724.6494140625,8.041
5372.299785927025,595.27734375,8.92
5372.6212430810265,595.27734375,9.346
5372.945249100012,492.626953125,8.196
5373.267893530021,1029.8984375,7.743
5373.590206396009,595.27783203125,8.765
5373.911840483022,595.27783203125,9.308
5374.234567699023,595.27783203125,9.68
5374.559418836026,456.91259765625,7.315
5374.881607440009,747.150390625,8.507
5375.203139281017,595.2783203125,9.075
5375.525509843021,510.89697265625,9.486
5375.847396321013,456.9130859375,7.015
5376.169185164006,724.65087890625,8.158
5376.4930532530125,595.27880859375,8.92
5376.814494146005,595.27880859375,9.408
5377.136067587009,489.81591796875,8.585
5377.458517509018,1029.89990234375,7.471
5377.780601400998,650.53955078125,8.61
5378.101799723023,595.279296875,9.191
5378.423266343016,595.279296875,9.447
5378.747198944009,456.9140625,7.21
5379.069172398013,747.15185546875,8.352
5379.393230443005,595.27978515625,9.075
5379.714914574026,595.27978515625,9.447
5380.041611919005,456.91455078125,7.366
5380.364162353013,724.65234375,8.002
5380.685824850021,595.2802734375,8.92
5381.008008999022,595.2802734375,9.292
5381.3333017760015,489.8173828125,8.92
5381.655393504014,1029.9013671875,7.432
5381.976955868013,589.65576171875,8.532
5382.298285166005,595.28076171875,9.153
5382.619917258999,595.28076171875,9.525
5382.944971914025,456.91552734375,7.015
5383.266741548025,724.6533203125,8.158
5383.589286123024,482.77490234375,9.036
5383.910772961011,595.28125,9.346
5384.235041920998,456.916015625,7.86
5384.557203920005,724.65380859375,8.041
5384.879448707012,595.28173828125,8.803
5385.201427210006,505.45703125,9.331
5385.523107142013,595.28173828125,9.502
5385.844106600009,984.90283203125,7.51
5386.16597889,589.6572265625,8.468
5386.488522118016,595.2822265625,9.23
5386.811800157011,595.2822265625,9.37
5387.138444692013,456.9169921875,7.015
5387.460495676001,724.65478515625,8.119
5387.78357677802,595.28271484375,8.959
5388.106239657005,595.28271484375,9.486
5388.430464450008,456.91748046875,8.054
5388.753893053014,724.6552734375,8.119
5389.078977974015,595.283203125,8.959
5389.401080158015,595.283203125,9.385
5389.724061223009,595.283203125,9.269
5390.047836876998,668.40234375,7.51
5390.370002678013,589.65869140625,8.61
5390.693760443013,595.28369140625,9.114
5391.017629828013,494.033203125,9.563
5391.339292761026,456.91845703125,6.976
5391.662567883002,724.65625,8.08
5391.98452772302,595.2841796875,8.92
5392.3068989050225,595.2841796875,9.447
5392.627940277016,456.9189453125,8.015
5392.950282594014,1029.9052734375,7.886
5393.272826518019,595.28466796875,8.881
5393.595877181011,595.28466796875,9.23
5393.918731067999,500.0107421875,9.718
5394.241352210025,465.90380859375,7.354
5394.564021738013,747.1572265625,8.468
5394.887636580999,595.28515625,9.036
5395.20973411802,595.28515625,9.486
5395.534004281013,456.919921875,6.898
5395.855921043025,724.65771484375,8.158
5396.178012403019,477.15625,8.997
5396.5002154460235,595.28564453125,9.308
5396.8219089670165,489.82275390625,8.468
5397.143957444001,1029.90673828125,7.51
5397.466685466003,595.2861328125,8.687
5397.788657236,595.2861328125,9.153
5398.112366351008,621.29638671875,9.486
5398.433937561,456.9208984375,6.976
5398.759143756004,747.15869140625,8.352
5399.080856090004,595.28662109375,8.997
5399.402856851026,595.28662109375,9.447
5399.724383066001,456.92138671875,7.471
5400.046658364998,724.6591796875,7.924
5400.369302316016,516.53662109375,8.881
5400.693506744021,595.287109375,9.269
5401.019531719998,510.90576171875,9.075
5401.340862821002,456.716796875,6.742
5401.662670548016,746.95458984375,8.119
5401.986132001999,595.08251953125,9.036
5402.307795787026,595.08251953125,9.37
5402.6292405870045,456.716796875,7.093
5402.952284808009,724.45458984375,7.963
5403.274667147023,595.08251953125,8.842
5403.596550171002,635.7177734375,9.331
5403.920598909026,489.61962890625,8.765
5404.242826361005,1029.70361328125,7.432
5404.564658790012,589.4580078125,8.546
5404.886882496998,595.0830078125,9.269
5405.20899938402,595.0830078125,9.408
5405.531267381011,456.7177734375,6.937
5405.854134312016,724.45556640625,8.196
5406.176361282007,595.08349609375,9.075
5406.497584469005,595.08349609375,9.346
5406.819349213998,456.71826171875,7.704
5407.141114437021,724.4560546875,7.963
5407.46347254701,595.083984375,8.842
5407.785225098021,595.083984375,9.424
5408.107272507012,595.083984375,9.308
5408.429678201006,984.705078125,7.51
5408.751575300004,589.45947265625,8.507
5409.0733412260015,595.08447265625,9.153
5409.395192978001,595.08447265625,9.408
5409.718502706004,456.71923828125,6.937
5410.04216940701,724.45703125,8.08
5410.363425360003,595.0849609375,8.92
5410.685166547017,494.01025390625,9.408
5411.00634012802,493.78076171875,8.119
5411.330500317999,1029.7060546875,7.924
5411.652846711018,595.08544921875,8.881
5411.974540151015,595.08544921875,9.23
5412.297616905998,494.1865234375,9.757
5412.618370150012,984.70654296875,7.51
5412.943105208018,589.4609375,8.468
5413.267829417018,499.45458984375,9.23
5413.589851444005,595.0859375,9.408
5413.913982574013,456.720703125,6.937
5414.23623657701,724.45849609375,8.119
5414.558219945,595.08642578125,8.959
5414.880310100998,595.08642578125,9.308
5415.203920986009,492.43603515625,8.196
5415.526237454003,1029.70751953125,7.704
5415.84849385501,595.0869140625,8.687
5416.170999929018,595.0869140625,9.308
5416.493844512006,595.0869140625,9.718
5416.814687994018,456.7216796875,7.093
5417.136426294019,746.95947265625,8.274
5417.4578243569995,595.08740234375,9.114
5417.78035631901,595.08740234375,9.385
5418.103945184004,456.72216796875,7.249
5418.426229295001,724.4599609375,8.158
5418.749619912007,595.087890625,8.881
5419.0714534459985,595.087890625,9.447
5419.393527533015,489.625,8.701
5419.71721796802,1029.708984375,7.471
5420.039248372021,589.46337890625,8.571
5420.36224777301,595.08837890625,9.269
5420.685288422013,595.08837890625,9.486
5421.008517014998,456.72314453125,6.976
5421.331635011011,746.9609375,8.352
5421.655031353002,595.0888671875,8.997
5421.978548340005,516.33837890625,9.447
5422.3004720490135,456.7236328125,7.51
5422.623035815021,724.46142578125,7.924
5422.945176461013,499.4580078125,8.92
5423.266410862998,595.08935546875,9.308
5423.588306218007,595.08935546875,9.191
5423.9099834210065,1029.71044921875,7.471
5424.231365541025,589.46484375,8.571
5424.554974560015,595.08984375,9.114
5424.877692153008,493.83349609375,9.486
5425.200970919017,456.724609375,6.976
5425.522543092025,724.46240234375,8.08
5425.844812476018,595.09033203125,8.92
5426.166742294008,595.09033203125,9.447
5426.488428486016,465.7412109375,8.054
5426.810437154025,1029.71142578125,7.963
5427.132753034006,595.0908203125,8.881
5427.454934700014,595.0908203125,9.269
5427.777707301022,595.0908203125,9.718
5428.099042565998,984.7119140625,7.743
5428.42487966601,589.46630859375,8.687
5428.749195619021,595.09130859375,9.191
5429.074788997008,499.4599609375,9.641
5429.39734779502,456.72607421875,7.21
5429.721886925021,758.15673828125,8.391
5430.044656835002,595.091796875,9.114
5430.370025914017,595.091796875,9.486
5430.692342110007,456.7265625,7.587
5431.015520387009,724.46435546875,8.119
5431.340511947026,595.09228515625,8.959
5431.664551280002,595.09228515625,9.408
5431.987988317007,489.62939453125,8.857
5432.310854004027,1029.71337890625,7.51
5432.633403615007,589.4677734375,8.648
5432.959546288999,595.0927734375,9.23
5433.2822568010015,595.0927734375,9.525
5433.604118001007,456.7275390625,7.093
5433.929848179017,746.96533203125,8.352
5434.2522314460075,595.09326171875,9.114
5434.577187962015,595.09326171875,9.447
5434.901362976001,456.72802734375,7.327
5435.224306423013,724.4658203125,8.274
5435.546214919013,595.09375,8.997
5435.8678809730045,595.09375,9.447
5436.189321547019,489.630859375,8.624
5436.511737964,1029.71484375,8.041
5436.833857251011,595.2294921875,8.92
5437.155411748012,595.09423828125,9.346
5437.477532889025,595.0947265625,9.796
5437.798608775018,984.71533203125,7.86
5438.120688602998,589.4697265625,8.687
5438.442831920023,595.0947265625,9.269
5438.764967846015,595.0947265625,9.563
5439.088436333026,456.7294921875,7.354
5439.41094497501,791.966796875,8.468
5439.732437547005,595.09521484375,9.114
5440.054307989019,595.095703125,9.486
5440.375684395025,456.72998046875,7.665
5440.698494584009,724.4677734375,8.352
5441.021705396008,595.095703125,9.036
5441.344557569013,595.095703125,9.525
5441.666007193009,489.6328125,8.701
5441.988868103013,1029.716796875,7.963
5442.311437192024,595.09619140625,8.881
5442.632927457016,595.09619140625,9.385
5442.954841418017,595.09619140625,9.757
5443.277033660008,984.71728515625,7.86
5443.5990586640255,589.4716796875,8.61
5443.921488804015,595.0966796875,9.308
5444.242882455001,595.0966796875,9.486
5444.5657303690095,456.716796875,6.82
5444.888521001005,724.45458984375,8.08
5445.210710714018,595.08251953125,8.997
5445.535869018,595.08251953125,9.424
5445.8571866010025,492.43212890625,8.196
5446.179933518026,1029.703125,8.041
5446.502458410017,595.08251953125,8.959
5446.823902429023,595.08251953125,9.308
5447.1493713360105,595.08251953125,9.641
5447.471647545026,1034.80029296875,7.704
5447.793455577019,589.4580078125,8.648
5448.119156172004,595.0830078125,9.191
5448.442221210018,510.70751953125,9.602
5448.765471311024,456.7177734375,7.327
5449.089749771025,746.95556640625,8.507
5449.411876309023,595.08349609375,9.075
5449.734977444023,516.3330078125,9.563
5450.05682595502,456.71826171875,7.548
5450.379835533007,724.4560546875,8.235
5450.70203807301,595.083984375,8.959
5451.02418409902,595.083984375,9.486
5451.348622721998,489.62109375,8.74
5451.670868366025,1029.705078125,7.963
5451.9924532820005,595.08447265625,8.803
5452.315962589026,595.08447265625,9.424
5452.638422609016,595.08447265625,9.757
5452.958856152021,984.70556640625,7.743
5453.28067877001,589.4599609375,8.585
5453.605036717025,595.0849609375,9.308
5453.927183411026,595.0849609375,9.486
5454.249258039024,456.7197265625,7.405
5454.572334688011,724.45751953125,8.352
5454.894399618002,595.08544921875,9.153
5455.217589327018,595.08544921875,9.408
5455.539959804009,456.72021484375,7.821
5455.862282088026,1029.70654296875,7.821
5456.184438732016,595.0859375,8.842
5456.507287083019,595.0859375,9.269
5456.829609173001,595.0859375,9.718
5457.151453965023,1029.70703125,7.782
5457.473375943024,589.46142578125,8.726
5457.798540860007,595.08642578125,9.191
5458.121237972024,595.08642578125,9.602
5458.445336831006,456.72119140625,7.249
5458.768323105003,746.958984375,8.43
5459.090445857,595.0869140625,9.075
5459.414679025009,626.72216796875,9.525
5459.736369409016,456.7216796875,7.548
5460.061748860026,724.45947265625,7.886
5460.386103759025,516.3310546875,8.959
5460.709724967019,595.08740234375,9.308
5461.034429415013,479.8681640625,8.997
5461.359885187005,1029.70849609375,7.626
5461.6827591020265,589.462890625,8.687
5462.006777059025,595.087890625,9.308
5462.329619164026,595.087890625,9.525
5462.651701911003,456.72265625,7.315
5462.979564077017,746.96044921875,8.391
5463.303590673022,595.08837890625,9.23
5463.627435438015,595.08837890625,9.408
5463.95054849601,456.72314453125,7.21
5464.275034596998,724.4609375,8.235
5464.599051623023,595.0888671875,8.997
5464.923776101001,595.0888671875,9.37
5465.245225062012,492.31591796875,8.468
5465.567753296025,1029.7099609375,7.847
5465.8910144210095,595.08935546875,8.803
5466.215606060025,595.08935546875,9.346
5466.538169110019,595.08935546875,9.718
5466.860713950999,456.72412109375,7.354
5467.18348219202,746.9619140625,8.507
5467.505927125021,595.08984375,9.075
5467.828878412023,493.83935546875,9.486
5468.149387623009,456.724609375,7.132
5468.47243593802,724.46240234375,8.235
5468.79465967702,595.09033203125,9.075
5469.119250385003,595.09033203125,9.37
5469.444527519023,492.43994140625,8.196
5469.766618836002,1029.71142578125,7.963
5470.092429622018,595.0908203125,8.92
5470.415750296001,595.0908203125,9.308
5470.737815308006,595.0908203125,9.757
5471.059802684002,984.7119140625,7.548
5471.383516013011,589.46630859375,8.507
5471.708616593998,595.09130859375,9.269
5472.031044914009,595.09130859375,9.447
5472.353727067006,456.72607421875,6.976
5472.6756591110025,724.4638671875,8.08
5472.999307028018,595.091796875,8.959
5473.322005852999,493.83544921875,9.447
5473.644839337998,495.13134765625,8.158
5473.9700764029985,724.46435546875,8.158
5474.293869187008,595.09228515625,8.997
5474.615188023017,595.09228515625,9.424
5474.93933179701,595.09228515625,9.23
5475.260894833016,984.71337890625,7.51
5475.5856926470005,589.4677734375,8.546
5475.907524333015,595.0927734375,9.153
5476.229322225001,595.0927734375,9.447
5476.549512472004,456.7275390625,7.054
5476.875204334006,724.46533203125,8.119
5477.197670187015,595.09326171875,8.997
5477.519975201023,595.09326171875,9.486
5477.843684107007,456.72802734375,8.093
5478.16626999501,1034.06298828125,8.119
5478.488959919021,595.09375,8.842
5478.811392713018,516.33740234375,9.408
5479.133432211005,595.09375,9.525
5479.453511828004,984.71484375,7.354
5479.775471867004,555.712890625,8.43
5480.097313053004,595.09423828125,9.114
5480.418700653012,595.09423828125,9.486
5480.739903927024,456.72900390625,6.898
5481.0620773170085,724.466796875,7.924
5481.384166543023,595.0947265625,8.803
5481.708960799006,516.34423828125,9.424
5482.030518517015,489.6318359375,8.701
5482.35298334001,1029.7158203125,7.432
5482.674939793011,589.47021484375,8.532
5482.9978338160145,595.09521484375,9.269
5483.319832285022,595.09521484375,9.408
5483.641154600016,456.72998046875,6.976
5483.964952369017,533.21435546875,8.274
5484.2878464870155,595.095703125,9.036
5484.6099301100185,595.095703125,9.408
5484.931589877,456.73046875,7.626
5485.254705410014,724.46826171875,7.924
5485.57664605102,595.09619140625,8.881
5485.8984222380095,595.09619140625,9.346
5486.220731212001,595.09619140625,9.269
5486.545431860024,1029.71728515625,7.548
5486.870367332012,589.4716796875,8.624
5487.193771611026,595.0966796875,9.23
5487.516469686001,595.0966796875,9.525
5487.839315415011,456.7314453125,7.393
5488.163668593013,746.96923828125,8.468
5488.486314409005,595.09716796875,9.153
5488.807734356,595.09716796875,9.486
5489.1324995480245,456.73193359375,7.366
5489.454011049005,724.4697265625,8.313
5489.776041898003,595.09765625,8.997
5490.098952843022,595.09765625,9.408
5490.422969398001,489.634765625,8.585
5490.744830927026,1029.71875,7.886
5491.068473067018,595.09814453125,8.803
5491.391164963017,595.09814453125,9.37
5491.713909596001,595.09814453125,9.718
5492.038820391026,456.73291015625,7.315
5492.361418171,746.970703125,8.468
5492.684740681027,595.0986328125,9.114
5493.008223070006,494.02392578125,9.563
5493.330186904001,456.7333984375,6.976
5493.652287511999,724.47119140625,8.119
5493.975346971012,595.09912109375,8.92
5494.297298484016,595.09912109375,9.385
5494.618958274019,489.63623046875,8.546
5494.941663448,1029.72021484375,7.51
5495.263468682999,493.84326171875,8.687
5495.5847130320035,595.099609375,9.191
5495.90675670802,595.099609375,9.486
5496.229230575002,456.734375,6.937
5496.552468855021,746.97216796875,8.313
5496.874012479006,595.10009765625,8.997
5497.195784847019,595.1005859375,9.385
5497.517792487022,456.73486328125,7.587
5497.840516315016,724.47265625,7.924
5498.163615996018,595.1005859375,8.842
5498.485289991018,595.1005859375,9.346
5498.807408259017,595.1005859375,9.269
5499.12945993201,994.880859375,7.51
5499.451047107024,589.47607421875,8.532
5499.772435586026,595.10107421875,9.114
5500.094159469998,595.10107421875,9.447
5500.416212420998,456.73583984375,6.898
5500.738378209004,724.4736328125,8.08
5501.060709923011,595.1015625,8.92
5501.383554488013,488.22021484375,9.408
5501.706717016001,492.45166015625,8.119
5502.031220971025,1029.72265625,7.808
5502.353176669014,626.7373046875,8.803
5502.674794818013,595.10205078125,9.269
5502.997182053019,595.10205078125,9.68
5503.320850198012,456.73681640625,7.354
5503.644128153013,746.974609375,8.507
5503.966921962012,595.1025390625,9.075
5504.29255837301,516.35205078125,9.486
5504.616562722018,456.7373046875,6.937
5504.940646499017,724.47509765625,8.119
5505.263121990021,595.10302734375,8.881
5505.585365696024,595.10302734375,9.37
5505.90747509402,489.64013671875,8.585
5506.228992404009,1029.72412109375,7.51
5506.552265684004,593.79296875,8.648
5506.876498840022,595.103515625,9.191
5507.200372142019,595.103515625,9.486
5507.525317485008,456.73828125,7.132
5507.847980596998,746.97607421875,8.352
5508.169790845015,595.10400390625,9.036
5508.492488869,595.10400390625,9.486
5508.815570045001,456.73876953125,7.354
5509.139705595007,724.4765625,7.924
5509.46194721802,595.1044921875,8.959
5509.783373994025,595.1044921875,9.254
5510.108091773,489.6416015625,8.959
5510.430395446019,1029.7255859375,7.432
5510.75245853301,589.47998046875,8.571
5511.07583043701,595.10498046875,9.153
5511.397663915006,595.10498046875,9.563
5511.721408728015,456.73974609375,7.054
5512.045636280003,724.4775390625,8.158
5512.3704993100255,595.10546875,9.075
5512.693447677011,595.10546875,9.331
5513.016004445002,456.740234375,7.743
5513.338550364017,1029.7265625,7.86
5513.661336387013,595.10595703125,8.842
5513.983524084004,595.10595703125,9.308
5514.305762695003,595.10595703125,9.641
5514.628396392014,984.72705078125,7.587
5514.951214736007,589.4814453125,8.532
5515.275758328004,595.1064453125,9.23
5515.600117209018,595.1064453125,9.525
5515.921010840015,456.7412109375,7.21
5516.245865258999,724.47900390625,8.235
5516.568098044023,510.7255859375,9.075
5516.889790456014,595.10693359375,9.37
5517.214579399006,456.74169921875,7.86
5517.537375884014,533.22607421875,8.041
5517.860820297006,595.107421875,8.765
5518.18321747001,494.03271484375,9.346
5518.505101664021,595.107421875,9.502
5518.830465220002,1029.728515625,7.626
5519.153853662021,589.48291015625,8.687
5519.475689564017,595.10791015625,9.191
5519.797782756999,595.10791015625,9.602
5520.121259233012,456.74267578125,7.132
5520.443233636004,729.794921875,8.313
5520.767352248018,595.1083984375,9.114
5521.089226743003,595.1083984375,9.408
5521.411206265999,456.7431640625,7.665
5521.734331271,724.48095703125,8.041
5522.059705097025,595.10888671875,9.036
5522.382835349999,595.10888671875,9.331
5522.704266115004,489.64599609375,8.997
5523.029412508011,1029.72998046875,7.626
5523.3528323390055,589.484375,8.687
5523.678864620015,595.109375,9.23
5524.002118493023,595.10986328125,9.525
5524.323211195006,456.744140625,7.51
5524.645459141,746.98193359375,8.507
5524.968573744001,595.10986328125,9.23
5525.290785080026,595.10986328125,9.447
5525.612047804025,456.74462890625,7.249
5525.936965866014,724.482421875,8.313
5526.258750561014,595.1103515625,9.114
5526.582599013025,595.1103515625,9.37
5526.906847961014,492.4599609375,8.274
5527.229286120011,1029.7314453125,8.158
5527.554766825022,595.11083984375,8.881
5527.880980389018,626.74609375,9.408
5528.2027458820085,595.11083984375,9.502
5528.527982737025,1029.73193359375,7.743
5528.850377533003,589.486328125,8.687
5529.172939375014,476.98779296875,9.308
5529.496040437021,595.111328125,9.486
5529.817019563023,456.74609375,7.315
5530.139990508003,746.98388671875,8.468
5530.462576894002,595.11181640625,9.075
5530.784815138002,595.11181640625,9.486
5531.1078537970025,456.74658203125,7.432
5531.4303540660185,724.484375,8.313
5531.753808772017,595.1123046875,8.959
5532.078045907023,595.1123046875,9.447
5532.399549050024,489.6494140625,8.624
5532.721749980003,1029.7333984375,7.924
5533.043894235016,595.11279296875,8.842
5533.365983766998,595.11279296875,9.385
5533.688383488014,595.11279296875,9.718
5534.009378355026,456.74755859375,7.171
5534.332080966007,746.9853515625,8.313
5534.656740450009,595.11328125,9.191
5534.979462870018,595.11328125,9.447
5535.302343790012,456.748046875,7.171
5535.624851097004,724.48583984375,8.158
5535.950037160015,595.11376953125,8.92
5536.273110919021,595.11376953125,9.408
5536.59697251601,489.65087890625,8.546
5536.9199749760155,1029.73486328125,7.626
5537.244305102009,595.1142578125,8.765
5537.568573785014,595.1142578125,9.269
5537.892238765024,595.1142578125,9.641
5538.216866437026,456.7490234375,7.132
5538.5408243230195,746.98681640625,8.313
5538.866911794001,595.11474609375,9.191
5539.189083917008,595.11474609375,9.408
5539.5107394760125,456.74951171875,7.21
5539.834462057013,724.4873046875,8.08
5540.157009874005,595.115234375,8.881
5540.479364690022,595.115234375,9.408
5540.802794715011,489.65234375,8.701
5541.124861425022,1029.736328125,7.743
5541.44832543502,595.11572265625,8.803
5541.770953477011,595.11572265625,9.269
5542.0946298460185,595.11572265625,9.602
5542.415929101,456.75048828125,7.354
5542.739379126026,746.98828125,8.43
5543.062713945023,595.1162109375,9.114
5543.385372483026,595.1162109375,9.447
5543.706639992015,456.7509765625,7.093
5544.032722371019,724.48876953125,8.08
5544.358457055001,595.11669921875,8.92
5544.68096787401,595.11669921875,9.408
5545.002426621999,489.65380859375,8.624
5545.325022468023,1029.73779296875,7.665
5545.649509264011,595.1171875,8.803
5545.973533932003,595.1171875,9.191
5546.297701803007,595.1171875,9.602
5546.618515694019,456.751953125,7.288
5546.943957085023,746.98974609375,8.391
5547.267891379015,595.11767578125,9.191
5547.590207437024,595.11767578125,9.408
5547.911600868014,456.75244140625,7.171
5548.235820388014,724.490234375,8.158
5548.557694861025,595.1181640625,8.881
5548.881819113012,595.1181640625,9.447
5549.203304770024,489.6552734375,8.663
5549.52757277101,1029.7392578125,7.704
5549.851809827,595.11865234375,8.726
5550.175729847018,595.11865234375,9.308
5550.498983377009,595.11865234375,9.68
5550.820293891011,456.75341796875,7.21
5551.145232732,746.9912109375,8.313
5551.469314101007,595.119140625,9.153
5551.79288853801,595.119140625,9.408
5552.115104332013,456.75390625,7.171
5552.439814300014,724.49169921875,8.158
5552.762912655016,595.11962890625,8.881
5553.087033320015,595.11962890625,9.447
5553.410536873009,489.65673828125,8.585
5553.732185541012,1029.74072265625,7.665
5554.05677972702,595.1201171875,8.765
5554.381054028025,595.1201171875,9.269
5554.703591848025,595.1201171875,9.602
5555.024674254004,456.7548828125,7.249
5555.348682112002,746.99267578125,8.352
5555.671883957024,595.12060546875,9.191
5555.995219758013,595.12060546875,9.447
5556.31694881001,456.75537109375,7.171
5556.6427159020095,724.4931640625,8.119
5556.965302843018,595.12109375,8.842
5557.290837701003,595.12109375,9.408
5557.615346377017,489.658203125,8.624
5557.939213332022,1029.7421875,7.665
5558.264314542001,595.12158203125,8.726
5558.586997228005,595.12158203125,9.308
5558.910797141027,595.12158203125,9.641
5559.234234927018,456.75634765625,7.51
5559.557767372025,746.994140625,8.585
5559.8819451540185,595.1220703125,9.114
5560.206394561013,595.1220703125,9.563
5560.527812079003,456.7568359375,7.015
5560.851374605001,724.49462890625,8.196
5561.174237488012,595.12255859375,9.075
5561.495946952025,595.12255859375,9.385
5561.819256315008,492.47216796875,8.352
5562.144641243998,724.4951171875,8.274
5562.469799796003,595.123046875,9.036
5562.792719705001,595.123046875,9.37
5563.118212829024,599.4375,9.114
5563.442177352001,1029.744140625,7.548
5563.765568349016,589.49853515625,8.571
5564.087992013025,493.873046875,9.308
5564.412420232024,595.12353515625,9.447
5564.734717780026,456.75830078125,6.898
5565.056372583,724.49609375,8.08
5565.379204614001,476.99462890625,9.036
5565.703215568006,595.1240234375,9.331
5566.030073446018,456.7587890625,7.782
5566.35288035401,544.4931640625,8.002
5566.676765480021,595.12451171875,8.803
5567.000106648018,595.12451171875,9.37
5567.32233900702,595.12451171875,9.463
5567.643082670023,984.74560546875,7.548
5567.965340373019,589.5,8.468
5568.287723457004,595.125,9.269
5568.608889247,595.125,9.447
5568.93194429102,456.759765625,6.82
5569.254877123021,724.49755859375,8.08
5569.57819640002,595.12548828125,8.997
5569.900389812014,595.12548828125,9.331
5570.222063907015,492.47509765625,8.274
5570.54436330602,1029.74658203125,7.665
5570.866164542007,595.1259765625,8.687
5571.190383852023,477.00244140625,9.346
5571.513413998007,595.1259765625,9.68
5571.835072508024,456.7607421875,7.249
5572.159250088007,746.99853515625,8.352
5572.482820284,595.12646484375,9.114
5572.806470900017,595.12646484375,9.37
5573.127922329004,456.76123046875,7.171
5573.450200701016,724.4990234375,8.041
5573.772488033021,595.126953125,8.842
5574.094886665,716.76220703125,9.346
5574.416281579004,489.6640625,8.818
5574.738106300007,1029.748046875,7.821
5575.059282934002,595.12744140625,8.803
5575.381330479024,595.12744140625,9.23
5575.703929501004,595.12744140625,9.641
5576.028921029007,456.76220703125,7.21
5576.354170294013,747.0,8.352
5576.677047533012,595.1279296875,9.191
5576.99966732302,595.1279296875,9.408
5577.322263624024,456.7626953125,7.21
5577.64554603002,724.50048828125,8.119
5577.968828916026,595.12841796875,8.881
5578.291070611012,595.12841796875,9.447
5578.61549235502,489.66552734375,8.624
5578.940364068025,1029.74951171875,7.899
5579.264284000004,595.12890625,8.765
5579.589259780012,595.12890625,9.424
5579.911737195012,595.12890625,9.757
5580.233871236007,984.75,7.86
5580.556291047018,589.50439453125,8.648
5580.879088312999,595.12939453125,9.308
5581.202093906002,595.12939453125,9.525
5581.523871741025,456.76416015625,7.366
5581.848077155009,729.81640625,8.43
5582.172706904006,595.1298828125,9.153
5582.495318849018,595.1298828125,9.525
5582.819688044023,456.7646484375,7.626
5583.14275517402,724.50244140625,8.158
5583.469014615024,595.13037109375,8.959
5583.791471578006,595.13037109375,9.486
5584.113255235017,489.66748046875,8.74
5584.438289253012,1029.75146484375,7.86
5584.762470856018,595.130859375,8.765
5585.084822789009,617.63037109375,9.424
5585.405973974004,595.130859375,9.718
5585.726661173016,984.751953125,7.743
5586.049040947022,494.056640625,8.571
5586.372469848022,595.13134765625,9.191
5586.694109658012,595.13134765625,9.486
5587.0177040359995,456.76611328125,6.859
5587.340376172011,724.50390625,8.196
5587.663814513013,595.1318359375,9.036
5587.987344984023,595.1318359375,9.308
5588.30834800101,479.91259765625,8.391
5588.6303014529985,1029.7529296875,7.704
5588.9557351630065,595.13232421875,8.648
5589.278385121026,482.6259765625,9.269
5589.599320486013,595.13232421875,9.641
5589.920818209008,456.76708984375,7.21
5590.243551944004,747.0048828125,8.352
5590.5664366620185,595.1328125,9.153
5590.888131639018,595.1328125,9.37
5591.215511020011,456.767578125,7.171
5591.538646146015,724.50537109375,8.313
5591.861706645024,617.6328125,9.075
5592.1840887830185,595.13330078125,9.331
5592.506004086026,494.8916015625,8.43
5592.828317197011,1029.75439453125,7.665
5593.15293679302,595.1337890625,8.687
5593.4759882350045,595.1337890625,9.269
5593.799294214026,595.1337890625,9.602
5594.123100851022,456.7685546875,7.132
5594.44582632801,747.00634765625,8.274
5594.770458756015,493.8837890625,9.114
5595.094463896006,595.13427734375,9.37
5595.419249129016,456.76904296875,7.21
5595.743008435005,724.5068359375,8.08
5596.067700512009,595.134765625,8.881
5596.394182736025,595.134765625,9.447
5596.715865100006,489.671875,8.624
5597.040662012005,1029.755859375,7.704
5597.363665385026,595.13525390625,8.726
5597.685792245,595.13525390625,9.269
5598.007696888002,595.13525390625,9.563
5598.328766364022,456.77001953125,7.354
5598.652951604017,747.0078125,8.468
5598.97680080001,595.1357421875,9.114
5599.299930000008,595.13623046875,9.447
5599.621361600002,456.7705078125,7.054
5599.944971426012,724.50830078125,8.196
5600.269379777019,595.13623046875,8.959
5600.591126141022,595.13623046875,9.385
5600.912741875014,489.67333984375,8.546
5601.237116368022,1029.75732421875,7.665
5601.561280709022,595.13671875,8.765
5601.886019696016,595.13671875,9.191
5602.20966126502,595.13671875,9.602
5602.534544416005,456.771484375,7.21
5602.859274314018,747.00927734375,8.313
5603.183452830999,595.13720703125,9.191
5603.505613191024,595.13720703125,9.37
5603.832370620017,456.77197265625,7.21
5604.157585271023,724.509765625,8.041
5604.482545414998,595.1376953125,8.842
5604.807468343002,516.38720703125,9.408
5605.130883564998,489.6748046875,8.663
5605.452955889021,1029.7587890625,7.704
5605.778114921006,595.13818359375,8.765
5606.100842789019,595.13818359375,9.308
5606.424553606019,595.13818359375,9.641
5606.746440866002,465.75732421875,7.665
5607.071548951004,752.39306640625,8.571
5607.39442533502,595.138671875,9.23
5607.719010072004,595.138671875,9.486
5608.04261922001,456.7734375,7.288
5608.365232554002,724.51123046875,8.235
5608.687518580002,595.13916015625,9.036
5609.010507640021,595.13916015625,9.486
5609.332754656003,456.77392578125,8.015
5609.657850386022,724.51171875,8.119
5609.979957780015,595.1396484375,8.881
5610.302752496005,595.1396484375,9.447
5610.625261312001,595.1396484375,9.346
5610.949799132999,1029.7607421875,7.704
5611.273040712025,589.51513671875,8.648
5611.595146505017,595.14013671875,9.346
5611.919625442999,595.14013671875,9.486
5612.241293266998,456.77490234375,7.51
5612.564023339015,747.0126953125,8.468
5612.888648201013,595.140625,9.269
5613.210755209002,595.140625,9.447
5613.534660524019,456.775390625,7.21
5613.856668616005,724.51318359375,8.313
5614.181041563017,505.140625,9.075
5614.505109668011,595.14111328125,9.37
5614.827976415021,492.49072265625,8.391
5615.152770178014,1029.76220703125,8.08
5615.475588923,595.1416015625,8.997
5615.798362130008,595.1416015625,9.346
5616.122394711012,595.1416015625,9.68
5616.444010019011,984.7626953125,7.626
5616.766227268003,589.51708984375,8.507
5617.088967865013,595.14208984375,9.269
5617.411035284022,595.14208984375,9.408
5617.734423649003,456.77685546875,6.937
5618.059310438024,724.5146484375,8.08
5618.382238272025,595.142578125,8.92
5618.70439759802,595.142578125,9.331
5619.026314931019,492.4921875,8.196
5619.351571780018,1029.763671875,7.743
5619.674378618016,595.14306640625,8.726
5619.995780539,595.14306640625,9.308
5620.317973113008,595.14306640625,9.641
5620.641813140013,456.77783203125,7.393
5620.964793167019,747.015625,8.507
5621.28810120601,595.1435546875,9.075
5621.612363809021,595.1435546875,9.525
5621.933997097018,456.7783203125,6.937
5622.256026718998,724.51611328125,8.041
5622.579006489017,595.14404296875,8.842
5622.901105746016,595.14404296875,9.408
5623.222569235018,489.68115234375,8.663
5623.544638986001,1029.76513671875,7.51
5623.866091914009,593.96923828125,8.648
5624.187985530007,595.14453125,9.23
5624.5099054510065,595.14453125,9.486
5624.831184740004,456.779296875,6.937
5625.154264224024,589.5166015625,8.274
5625.475970152009,595.14501953125,8.997
5625.797453992011,595.14501953125,9.37
5626.119313046016,456.77978515625,7.626
5626.441654005001,724.517578125,7.924
5626.76345376001,595.1455078125,8.803
5627.085689115018,595.1455078125,9.37
5627.407975128008,595.1455078125,9.346
5627.7294781350065,984.7666015625,7.471
5628.051239008026,589.52099609375,8.43
5628.37395969202,595.14599609375,9.191
5628.695616240002,595.14599609375,9.408
5629.020687828015,456.78076171875,6.859
5629.342945678014,724.5185546875,8.041
5629.6655865500215,595.146484375,8.959
5629.988131835009,595.146484375,9.37
5630.310429910023,492.49609375,8.196
5630.6323574430135,1029.767578125,7.743
5630.954144234012,595.14697265625,8.726
5631.27617132201,595.14697265625,9.346
5631.600962770026,595.14697265625,9.718
5631.923762494,456.78173828125,7.315
5632.245838896022,747.01953125,8.507
5632.569465915003,595.1474609375,9.114
5632.891560557007,493.89697265625,9.525
5633.214831114019,456.7822265625,7.015
5633.538194346998,724.52001953125,8.158
5633.862909246003,595.283203125,8.959
5634.185163380025,595.14794921875,9.331
5634.507570512011,489.68505859375,8.507
5634.831099734001,1029.76904296875,7.51
5635.156303579017,494.07373046875,8.726
5635.4789682240225,595.1484375,9.153
5635.801405756007,626.78369140625,9.525
5636.127016270999,456.783203125,6.937
5636.450286346022,747.02099609375,8.352
5636.771974889998,595.14892578125,8.997
5637.095595346007,617.6484375,9.486
5637.417028680007,456.78369140625,7.471
5637.74010261902,724.521484375,7.886
5638.064944816026,716.78466796875,8.92
5638.386272449017,595.1494140625,9.308
5638.708791837998,595.1494140625,9.191
5639.030381593009,984.7705078125,7.432
5639.351952274999,589.52490234375,8.546
5639.674259464024,595.14990234375,9.153
5639.996926986001,595.14990234375,9.447
5640.318681290024,456.78466796875,6.898
5640.641159877006,724.5224609375,8.08
5640.963252817019,595.150390625,8.92
5641.284974351001,621.16064453125,9.37
5641.606243068003,492.5,8.158
5641.929538293014,1029.771484375,7.963
5642.252013101999,595.15087890625,8.881
5642.574279232009,595.15087890625,9.23
5642.900216602022,626.7861328125,9.718
5643.223847294023,456.78564453125,7.315
5643.547162966017,747.0234375,8.454
5643.872441367013,595.1513671875,9.114
5644.197143138008,595.1513671875,9.486
5644.521726601,456.7861328125,6.859
5644.847538877017,724.52392578125,8.119
5645.171566254023,595.15185546875,9.036
5645.493289033999,595.15185546875,9.385
5645.821522712009,492.50146484375,8.235
5646.143974830018,1029.77294921875,8.002
5646.469887108018,595.15234375,8.92
5646.793321151024,595.15234375,9.308
5647.117327630025,595.15234375,9.68
5647.437326280022,984.7734375,7.51
5647.760403764027,589.52783203125,8.468
5648.083684840007,533.271484375,9.23
5648.406226144027,595.15283203125,9.447
5648.729288458999,456.78759765625,6.937
5649.051013732009,724.525390625,8.119
5649.376495625009,595.1533203125,8.997
5649.700416595006,595.1533203125,9.408
5650.024290236004,492.5029296875,8.158
5650.346072246,1029.7744140625,7.963
5650.673994581011,595.15380859375,8.881
5650.998852098011,595.15380859375,9.292
5651.322944305022,595.15380859375,9.602
5651.643718628999,984.77490234375,7.51
5651.967810261005,589.529296875,8.468
5652.293798122002,595.154296875,9.269
5652.617459913017,595.154296875,9.447
5652.93937911102,456.7890625,7.093
5653.261847097019,724.52685546875,8.158
5653.583847193018,595.15478515625,8.997
5653.907069991023,595.15478515625,9.486
5654.229898662015,456.78955078125,8.015
5654.552024394012,1029.77587890625,8.002
5654.876961399015,595.1552734375,8.803
5655.19927897802,595.1552734375,9.37
5655.521403302002,595.1552734375,9.641
5655.84372564801,989.125,7.704
5656.168639676005,589.53076171875,8.687
5656.492650949018,595.15576171875,9.191
5656.817219811026,606.4052734375,9.602
5657.140794267005,456.79052734375,7.132
5657.46351256402,724.5283203125,8.235
5657.7864117950085,595.15625,9.114
5658.110001996014,595.15625,9.37
5658.432182255026,456.791015625,7.704
5658.756094164011,724.52880859375,8.002
5659.080346788018,595.15673828125,8.765
5659.402399235027,595.15673828125,9.385
5659.723382681026,595.15673828125,9.385
5660.046956720005,1029.77783203125,7.626
5660.37273698402,589.5322265625,8.648
5660.696794081014,595.1572265625,9.269
5661.020653634012,595.1572265625,9.486
5661.344484449015,456.7919921875,7.015
5661.667700969003,724.52978515625,8.196
5661.992425994016,595.15771484375,9.075
5662.315837433009,595.15771484375,9.37
5662.637468421017,456.79248046875,7.665
5662.962186309014,724.5302734375,8.041
5663.28665554701,595.158203125,8.997
5663.609984486015,595.158203125,9.37
5663.932811230014,489.6953125,8.959
5664.257650017011,1029.779296875,7.548
5664.579653787019,589.53369140625,8.61
5664.904814473004,595.15869140625,9.308
5665.227758885012,595.15869140625,9.486
5665.5510009720165,456.79345703125,7.093
5665.876064150012,747.03125,8.391
5666.200451591023,595.1591796875,9.036
5666.525228615006,595.1591796875,9.486
5666.851256020018,456.7939453125,7.366
5667.175242838013,724.53173828125,8.002
5667.497509815003,595.15966796875,8.92
5667.820975397015,595.15966796875,9.308
5668.144911780022,489.69677734375,8.92
5668.470784554025,1029.78076171875,7.51
5668.794919920008,589.53515625,8.61
5669.119054614013,595.16015625,9.308
5669.442991220014,595.16015625,9.486
5669.765711077023,456.794921875,7.249
5670.090922482021,747.03271484375,8.352
5670.4146131580055,595.16064453125,9.114
5670.736857605021,595.16064453125,9.447
5671.060867973021,456.79541015625,7.327
5671.384189483011,724.533203125,8.002
5671.706585742009,595.1611328125,8.92
5672.032424945006,595.1611328125,9.385
5672.360424133018,489.6982421875,8.779
5672.685700371017,1029.7822265625,7.471
5673.009513162018,589.53662109375,8.585
5673.3338986780145,595.16162109375,9.269
5673.658617007022,595.16162109375,9.486
5673.981486115023,456.79638671875,6.976
5674.304474490025,747.0341796875,8.313
5674.627158214018,595.162109375,8.997
5674.952240908024,626.79736328125,9.447
5675.275624785019,456.796875,7.51
5675.59929174601,724.53466796875,8.002
5675.922812780016,595.16259765625,8.959
5676.246942124999,595.16259765625,9.292
5676.571177810023,489.69970703125,8.92
5676.8939130869985,1029.78369140625,7.471
5677.215265047009,589.5380859375,8.532
5677.536772310006,595.1630859375,9.153
5677.859221816005,595.1630859375,9.525
5678.184963923006,456.7978515625,6.937
5678.510009877005,724.53564453125,8.08
5678.834756395023,499.54345703125,9.075
5679.158423417015,595.16357421875,9.331
5679.480159423023,456.79833984375,7.821
5679.805088732013,724.5361328125,8.196
5680.127048585011,595.1640625,9.075
5680.450029117026,595.1640625,9.37
5680.771698687022,489.701171875,8.959
5681.096284142026,1029.78515625,7.665
5681.421550550003,630.1748046875,8.765
5681.744131929998,595.16455078125,9.191
5682.069748751004,595.16455078125,9.525
5682.391504468018,456.79931640625,7.054
5682.71589493801,747.037109375,8.352
5683.038718695025,595.1650390625,8.997
5683.361025887018,595.1650390625,9.486
5683.6827850910195,456.7998046875,7.432
5684.006845885015,724.53759765625,7.886
5684.332601973001,617.6650390625,8.92
5684.655082227022,595.16552734375,9.254
5684.9774793430115,479.9462890625,9.036
5685.299642497004,1029.78662109375,7.432
5685.623065888998,589.541015625,8.571
5685.946370078018,595.166015625,9.153
5686.269863105001,595.166015625,9.525
5686.590804421023,456.80078125,6.937
5686.912592392007,724.53857421875,8.041
5687.235627961025,595.16650390625,8.92
5687.560192515026,595.16650390625,9.408
5687.881530805025,456.80126953125,7.976
5688.203460445016,1029.78759765625,7.963
5688.525350178999,595.1669921875,8.881
5688.849592832004,595.1669921875,9.346
5689.173798972013,595.1669921875,9.602
5689.497140663007,1029.7880859375,7.743
5689.819746775,589.54248046875,8.726
5690.141486262,595.16748046875,9.269
5690.46348883101,595.16748046875,9.602
5690.787540596008,456.80224609375,7.315
5691.112302692025,747.0400390625,8.493
5691.4345370770025,595.16796875,9.075
5691.757698824018,595.16796875,9.525
5692.080514062021,456.802734375,7.471
5692.403107436025,724.54052734375,8.274
5692.725247545022,595.16845703125,8.997
5693.0484478530125,595.16845703125,9.486
5693.371302483021,489.70556640625,8.663
5693.696221031016,1029.78955078125,7.587
5694.020922162017,516.41845703125,8.726
5694.345051720011,595.1689453125,9.23
5694.669776179013,595.1689453125,9.641
5694.9923291020095,456.8037109375,7.054
5695.314464409021,747.04150390625,8.313
5695.635954668018,595.16943359375,9.075
5695.958052501024,595.16943359375,9.486
5696.285085846001,456.80419921875,7.366
5696.607531531015,724.5419921875,7.963
5696.931247184024,595.169921875,8.92
5697.255228447,595.169921875,9.292
5697.58092478101,489.70703125,8.881
5697.905191109021,1029.791015625,7.548
5698.229573858,589.54541015625,8.648
5698.5512121520005,595.17041015625,9.269
5698.875301578024,595.17041015625,9.447
5699.197580696025,456.80517578125,6.976
5699.523020891007,747.04296875,8.352
5699.844610223023,595.1708984375,8.997
5700.168651774002,482.66455078125,9.408
5700.492126040015,456.8056640625,7.51
5700.816748732002,724.54345703125,7.886
5701.139419735002,595.17138671875,8.842
5701.464861337008,595.17138671875,9.385
5701.788881671004,595.17138671875,9.191
5702.114088000002,1029.79248046875,7.626
5702.436624021007,589.546875,8.61
5702.759392979002,595.171875,9.346
5703.081906568026,595.171875,9.447
5703.405762573006,456.806640625,7.471
5703.72827945801,747.04443359375,8.468
5704.05116048301,595.17236328125,9.23
5704.373304521025,595.17236328125,9.447
5704.697084971005,456.80712890625,7.288
5705.020679975016,724.544921875,8.352
5705.342532417009,595.1728515625,9.114
5705.664370363025,595.1728515625,9.37
5705.985610206,492.5224609375,8.391
5706.309210649022,1029.7939453125,8.196
5706.631314204016,595.17333984375,8.959
5706.953703817999,595.17333984375,9.346
5707.275906576018,595.17333984375,9.718
5707.596858567005,984.79443359375,7.782
5707.918529178016,589.548828125,8.61
5708.241844553006,595.173828125,9.23
5708.564102736011,595.173828125,9.447
5708.8870420650055,456.80859375,6.714
5709.210554759018,724.54638671875,8.08
5709.533537545009,595.17431640625,8.997
5709.855016563,595.17431640625,9.269
5710.176467131008,482.85546875,8.391
5710.498838790023,1029.79541015625,7.782
5710.820680893026,595.1748046875,8.726
5711.142557365005,595.1748046875,9.385
5711.463994428021,595.1748046875,9.68
5711.786193215026,456.8095703125,7.315
5712.108441829012,747.04736328125,8.43
5712.429515390017,595.17529296875,9.153
5712.751388245,595.17529296875,9.37
5713.0727152870095,456.81005859375,7.171
5713.395152418001,724.5478515625,8.002
5713.717414598999,595.17578125,8.842
5714.039941782015,615.56103515625,9.331
5714.361213589,489.712890625,8.803
5714.68455888101,1029.796875,7.847
5715.006220591022,595.17626953125,8.803
5715.328587255004,595.17626953125,9.269
5715.652113545017,595.17626953125,9.641
5715.975554297009,456.81103515625,7.054
5716.29784607701,747.048828125,8.235
5716.6198759910185,599.4912109375,9.075
5716.944779740006,595.1767578125,9.37
5717.2710937170195,456.8115234375,7.249
5717.593247092009,724.54931640625,7.963
5717.915916069003,595.17724609375,8.842
5718.238048833999,595.17724609375,9.331
5718.562267149013,489.71435546875,8.842
5718.884740087,1029.79833984375,7.432
5719.206386529026,589.552734375,8.493
5719.529506210005,516.42138671875,9.23
5719.851116683014,595.177734375,9.447
5720.1757271710085,456.8125,6.937
5720.497791101021,724.55029296875,8.158
5720.820433548011,595.17822265625,9.075
5721.141840844008,595.17822265625,9.292
5721.465781355015,456.81298828125,7.782
5721.7879846490105,724.55078125,8.002
5722.109738486004,595.1787109375,8.765
5722.431735307007,595.1787109375,9.331
5722.753228270012,595.1787109375,9.447
5723.075921086012,1029.7998046875,7.626
5723.398464391008,589.55419921875,8.687
5723.720458235999,595.17919921875,9.153
5724.04238340602,595.17919921875,9.563
5724.364050839009,456.81396484375,7.015
5724.687495873019,724.5517578125,8.119
5725.011114482011,595.1796875,8.997
5725.332670613017,595.1796875,9.408
5725.654406368005,456.814453125,7.938
5725.977553918026,1029.80078125,8.002
5726.299634677009,595.18017578125,8.842
5726.62198312502,595.18017578125,9.254
5726.945476416004,595.18017578125,9.641
5727.266098528024,984.80126953125,7.393
5727.5885275550245,510.80517578125,8.391
5727.911903657019,595.1806640625,9.075
5728.233301509026,595.1806640625,9.447
5728.5551142879995,456.8154296875,6.82
5728.87777116301,724.55322265625,8.041
5729.2033447220165,595.18115234375,8.881
5729.525853271014,595.18115234375,9.37
5729.847400728002,489.71826171875,8.546
5730.169843001,1029.80224609375,7.665
5730.4928079180245,595.181640625,8.803
5730.814222922025,595.181640625,9.191
5731.135885358002,595.181640625,9.602
5731.460196149012,456.81640625,7.249
5731.7856986960105,747.05419921875,8.352
5732.11044687801,595.18212890625,9.191
5732.435691239021,595.18212890625,9.408
5732.757926399005,456.81689453125,7.132
5733.080826417019,724.5546875,8.08
5733.403137580026,595.1826171875,8.842
5733.72502267902,493.93212890625,9.37
5734.04652478802,489.7197265625,8.726
5734.371038208017,1029.8037109375,7.471
5734.693439870025,589.55810546875,8.571
5735.0165278610075,595.18310546875,9.269
5735.3379622870125,595.18310546875,9.408
5735.659580943,456.81787109375,6.937
5735.981841607019,725.62353515625,8.196
5736.303592108015,595.18359375,9.075
5736.624876127025,595.18359375,9.331
5736.947180984018,456.818359375,7.743
5737.271065644018,724.55615234375,8.002
5737.5927246520005,595.18408203125,8.803
5737.915390258015,595.18408203125,9.37
5738.236871340021,595.18408203125,9.424
5738.557967575005,984.80517578125,7.51
5738.885030848003,589.5595703125,8.546
5739.210191809019,595.1845703125,9.153
5739.5334381400025,599.63427734375,9.525
5739.855459689017,456.8193359375,6.937
5740.178267475014,724.55712890625,8.041
5740.500586474023,595.18505859375,8.92
5740.827744629001,595.18505859375,9.486
5741.151099987008,456.81982421875,7.976
5741.4761190220015,724.5576171875,8.08
5741.800566228019,595.185546875,8.959
5742.125510284008,595.185546875,9.331
5742.449333466007,599.5,9.191
5742.772623764002,1029.806640625,7.548
5743.097239232011,589.56103515625,8.571
5743.419392975018,595.18603515625,9.191
5743.741660707019,595.18603515625,9.486
5744.066364529019,456.716796875,6.363
5744.390129372012,724.45458984375,7.782
5744.7137955880025,595.08251953125,8.726
5745.039235565026,595.08251953125,9.292
5745.3648951010255,489.61962890625,8.507
5745.68668409402,1029.703125,7.548
5746.0095929370145,617.58203125,8.687
5746.332712955016,595.08251953125,9.191
5746.6546027830045,533.201171875,9.563
5746.97814102401,456.71728515625,7.054
5747.3005482470035,746.955078125,8.313
5747.621816676023,595.0830078125,8.997
5747.943891502015,595.0830078125,9.486
5748.265392419009,456.7177734375,7.432
5748.587937087024,724.45556640625,7.886
5748.909762207011,494.0087890625,8.92
5749.231426650018,595.08349609375,9.269
5749.553344412998,595.08349609375,9.153
5749.875549707998,1029.70458984375,7.471
5750.197769146005,589.458984375,8.61
5750.519727903011,595.083984375,9.114
5750.8416245130065,476.96044921875,9.525
5751.163318139006,456.71875,6.937
5751.486453771009,724.45654296875,8.08
5751.808314188005,595.08447265625,8.92
5752.130486998998,595.08447265625,9.408
5752.4517184,482.5810546875,8.054
5752.775101848005,1029.70556640625,7.808
5753.097071964003,476.95556640625,8.803
5753.41841309602,595.0849609375,9.23
5753.7405240810185,595.0849609375,9.68
5754.063800932025,456.7197265625,7.276
5754.38766747,746.95751953125,8.468
5754.710454831016,595.08544921875,9.075
5755.035173687007,595.08544921875,9.525
5755.358599632018,456.72021484375,6.976
5755.681961958006,724.4580078125,8.196
5756.006854356005,595.0859375,9.075
5756.333190168021,595.0859375,9.37
5756.654430111026,492.435546875,8.274
5756.978033213003,1029.70703125,8.158
5757.30212615701,595.08642578125,8.881
5757.624573120003,626.7216796875,9.408
5757.946859917021,595.08642578125,9.563
5758.2686988890055,1029.70751953125,7.704
5758.590872977016,589.4619140625,8.726
5758.913646096014,595.0869140625,9.23
5759.235206912999,595.0869140625,9.602
5759.556811987015,456.7216796875,7.354
5759.879958559002,746.95947265625,8.507
5760.2015895860095,595.08740234375,9.114
5760.524005314015,595.08740234375,9.563
5760.848224310001,456.72216796875,7.471
5761.170934512018,724.4599609375,8.352
5761.4940234490205,595.087890625,9.075
5761.817654678016,595.087890625,9.447
5762.139363787021,489.625,8.546
5762.462531958008,1029.708984375,7.963
5762.786005580012,595.08837890625,8.881
5763.108370809001,595.08837890625,9.346
5763.430871115008,595.08837890625,9.796
5763.751347185025,984.70947265625,7.704
5764.0736487310205,589.4638671875,8.532
5764.396024520014,595.0888671875,9.308
5764.7177646370255,595.0888671875,9.486
5765.04115463901,456.7236328125,7.366
5765.36539312001,724.46142578125,8.352
5765.690147460002,595.08935546875,9.191
5766.013390512002,595.08935546875,9.408
5766.335306731024,456.72412109375,7.821
5766.65956617202,724.4619140625,8.235
5766.984521831007,595.08984375,9.036
5767.307207774022,599.404296875,9.486
5767.629680428014,489.626953125,8.842
5767.953510573017,1029.7109375,7.847
5768.275531499006,595.09033203125,8.803
5768.60190791302,595.09033203125,9.37
5768.925275768008,595.09033203125,9.718
5769.245722011023,984.71142578125,7.782
5769.568793279002,589.4658203125,8.571
5769.891581272008,516.34033203125,9.292
5770.215993453021,595.0908203125,9.447
5770.538491899002,456.7255859375,7.354
5770.863243900007,724.46337890625,8.313
5771.186147321016,595.09130859375,9.191
5771.508167925,595.09130859375,9.447
5771.830119086022,456.72607421875,7.821
5772.153512764024,724.4638671875,8.196
5772.4757618240255,595.091796875,9.075
5772.800360122026,595.091796875,9.408
5773.124632873019,489.62890625,8.881
5773.446903405013,1029.712890625,7.847
5773.769640482002,595.09228515625,8.803
5774.092306484003,595.09228515625,9.346
5774.413867933006,595.09228515625,9.68
5774.735331907024,465.71142578125,7.704
5775.057300315006,746.96484375,8.61
5775.379123757011,595.0927734375,9.153
5775.701284588024,595.0927734375,9.563
5776.0254957990255,456.7275390625,6.976
5776.347867037024,724.46533203125,8.196
5776.671172102011,493.8427734375,8.997
5776.992861425999,595.09326171875,9.292
5777.315681993001,489.63037109375,8.468
5777.637603581999,1029.71435546875,7.587
5777.959522930003,595.09375,8.726
5778.281005943019,595.09375,9.191
5778.602305140026,595.09375,9.563
5778.925936456013,456.728515625,7.093
5779.247634771018,746.96630859375,8.313
5779.56936768,595.09423828125,9.036
5779.891723236011,595.09423828125,9.486
5780.2174226280185,456.72900390625,7.354
5780.5396247050085,724.466796875,8.002
5780.86237630801,595.0947265625,8.959
5781.184856059001,595.0947265625,9.292
5781.507885495026,489.6318359375,8.92
5781.831749042001,1029.7158203125,7.548
5782.154890386009,589.47021484375,8.687
5782.4796301239985,595.09521484375,9.23
5782.801971694018,595.09521484375,9.486
5783.124526712025,456.72998046875,7.093
5783.449276241998,746.9677734375,8.391
5783.773410742026,595.095703125,9.036
5784.097292145016,595.095703125,9.486
5784.424935798015,456.73046875,7.366
5784.7468903120025,724.46826171875,8.041
5785.069261994009,595.09619140625,8.881
5785.391360353999,595.09619140625,9.292
5785.716891288001,489.63330078125,8.842
5786.039214904013,1029.71728515625,7.432
5786.361654107022,589.4716796875,8.532
5786.683281633013,626.73193359375,9.23
5787.00603771201,595.0966796875,9.447
5787.332570122002,456.7314453125,6.937
5787.655394364003,724.46923828125,8.196
5787.978294191998,595.09716796875,9.075
5788.3003107540135,595.09716796875,9.331
5788.621763232019,456.73193359375,7.743
5788.945803550014,724.4697265625,8.002
5789.268081114016,595.09765625,8.803
5789.590587263025,595.09765625,9.37
5789.913919874001,595.09765625,9.385
5790.235304284026,984.71875,7.51
5790.5578814110195,589.47314453125,8.532
5790.879131224006,595.09814453125,9.191
5791.201350481017,595.09814453125,9.408
5791.522261914011,456.73291015625,7.288
5791.845650942007,724.470703125,8.313
5792.168434475025,595.0986328125,9.191
5792.49026776501,595.0986328125,9.447
5792.8138100460055,456.7333984375,7.743
5793.136504744005,724.47119140625,8.196
5793.460786732001,595.09912109375,8.997
5793.783241645026,595.09912109375,9.408
5794.107540977013,489.63623046875,8.842
5794.429468446004,1029.72021484375,7.924
5794.752131846006,595.099609375,8.803
5795.0749792840215,621.10986328125,9.37
5795.399087921018,595.099609375,9.718
5795.719983831019,984.720703125,7.743
5796.042324818001,488.224609375,8.571
5796.365001593018,599.41455078125,9.269
5796.687943402008,595.10009765625,9.486
5797.008981301013,456.73486328125,7.366
5797.331557304016,724.47265625,8.274
5797.653990838007,595.1005859375,9.114
5797.975851806026,595.1005859375,9.486
5798.2981548390235,456.7353515625,7.976
5798.622311060026,724.47314453125,8.158
5798.94930341802,611.9755859375,9.075
5799.2764556530165,595.10107421875,9.37
5799.599009318015,489.63818359375,8.959
5799.922779860004,1029.72216796875,7.886
5800.247368001001,595.1015625,8.803
5800.570850051998,595.1015625,9.292
5800.895555668016,595.1015625,9.602
5801.219734480022,456.736328125,7.432
5801.543315062998,746.97412109375,8.532
5801.866039485001,595.10205078125,9.075
5802.18934338502,595.10205078125,9.447
5802.512828347011,456.73681640625,7.054
5802.834960939013,724.474609375,8.08
5803.156904116011,595.1025390625,8.881
5803.479786687007,595.1025390625,9.408
5803.803836566018,489.6396484375,8.624
5804.128383551026,1029.7236328125,7.471
5804.450772247015,621.11328125,8.687
5804.77260502,595.10302734375,9.191
5805.09640624802,595.10302734375,9.525
5805.4183460320055,456.73779296875,7.054
5805.741369471012,746.9755859375,8.352
5806.064381071017,595.103515625,8.997
5806.386522653018,595.103515625,9.486
5806.708678764,456.73828125,7.471
5807.030972640001,724.47607421875,7.924
5807.353121294,494.205078125,8.959
5807.676647344022,595.10400390625,9.254
5808.000732454006,488.22265625,9.075
5808.326802405005,1029.72509765625,7.665
5808.649004308012,589.4794921875,8.726
5808.973470135999,595.1044921875,9.269
5809.29564384601,595.1044921875,9.563
5809.619969828025,456.7392578125,7.249
5809.942600003007,746.97705078125,8.391
5810.267571544013,595.10498046875,9.153
5810.593065761001,595.10498046875,9.447
5810.920785628026,456.73974609375,7.288
5811.245893430023,724.4775390625,7.924
5811.569082344999,595.10546875,8.92
5811.892809615005,595.10546875,9.254
5812.216133191017,489.642578125,8.92
5812.538270162011,1029.7265625,7.471
5812.861925942008,589.48095703125,8.532
5813.184958049998,499.65625,9.308
5813.507751365018,595.10595703125,9.525
5813.830441221013,456.74072265625,7.471
5814.153860318998,746.978515625,8.416
5814.479823991016,611.98095703125,9.23
5814.801837949024,595.1064453125,9.447
5815.126117174019,456.7412109375,7.249
5815.448055609013,724.47900390625,8.352
5815.771695610019,595.10693359375,9.114
5816.094437883003,595.10693359375,9.37
5816.415254323016,492.45654296875,8.391
5816.738105975004,1029.72802734375,8.158
5817.060887257016,595.107421875,8.959
5817.383225513011,595.107421875,9.331
5817.705373938021,595.107421875,9.68
5818.028658694006,1029.728515625,7.821
5818.351284353004,589.48291015625,8.687
5818.672720815026,599.42236328125,9.308
5818.994349861023,595.10791015625,9.525
5819.31625754101,456.74267578125,7.432
5819.638246503018,746.98046875,8.493
5819.960113509005,595.1083984375,9.153
5820.281682968023,595.1083984375,9.525
5820.605903404998,456.7431640625,7.405
5820.9289358930255,724.48095703125,8.235
5821.251060092007,595.10888671875,8.959
5821.573309607018,595.10888671875,9.447
5821.895332778018,489.64599609375,8.663
5822.2170410250255,1029.72998046875,7.51
5822.539059651026,589.484375,8.61
5822.860813372012,595.109375,9.269
5823.182139204,595.109375,9.447
5823.503314631002,456.744140625,6.937
5823.829198200023,544.8330078125,8.313
5824.1546012060135,595.10986328125,8.997
5824.476578550006,493.853515625,9.486
5824.800619522022,456.74462890625,7.51
5825.125554575003,724.482421875,7.924
5825.447704245016,494.03564453125,8.92
5825.769347752008,595.1103515625,9.269
5826.090987995005,595.1103515625,9.153
5826.4125375460135,1029.7314453125,7.587
5826.735307750001,589.48583984375,8.61
5827.057525037002,595.11083984375,9.23
5827.379010842007,595.11083984375,9.525
5827.701297571999,456.74560546875,7.054
5828.024061695003,724.4833984375,8.158
5828.346543024003,510.72998046875,9.075
5828.667831700004,595.111328125,9.37
5828.991185860999,456.74609375,7.86
5829.315406709007,724.48388671875,8.002
5829.640025236004,595.11181640625,8.881
5829.9628125920135,595.11181640625,9.385
5830.287561075005,595.11181640625,9.23
5830.611631614011,1029.73291015625,7.587
5830.935889231012,589.4873046875,8.61
5831.259904087026,621.12255859375,9.308
5831.58603297302,595.1123046875,9.486
5831.909749482002,456.7470703125,6.976
5832.234543341998,758.177734375,8.274
5832.558770621021,595.11279296875,9.036
5832.881414866017,595.248046875,9.447
5833.20303331202,456.74755859375,7.587
5833.525629107025,724.4853515625,8.08
5833.850431863015,595.11328125,8.997
5834.177673109021,595.11328125,9.408
5834.502030248026,489.650390625,8.803
5834.824208810023,1029.734375,7.743
5835.151254721015,595.11376953125,8.803
5835.473630058026,595.11376953125,9.254
5835.795396413014,595.11376953125,9.641
5836.116263182019,465.73291015625,7.704
5836.443122525001,752.30078125,8.61
5836.7653806419985,595.1142578125,9.23
5837.089858744002,595.1142578125,9.525
5837.410975378007,456.7490234375,7.444
5837.734830705012,724.48681640625,8.313
5838.057999543002,621.125,9.153
5838.379701926024,595.11474609375,9.408
5838.701622653025,456.74951171875,7.899
5839.024038599018,724.4873046875,8.158
5839.345862810005,595.115234375,9.036
5839.667803921009,595.115234375,9.331
5839.990114967019,489.65234375,9.036
5840.3129601750115,1029.736328125,7.808
5840.634699935006,595.11572265625,8.881
5840.956658678013,595.11572265625,9.254
5841.278166653006,595.11572265625,9.641
5841.601933783008,456.75048828125,7.626
5841.924045364023,746.98828125,8.61
5842.249208865018,595.1162109375,9.153
5842.571574055008,595.1162109375,9.602
5842.895502535015,456.7509765625,7.366
5843.219204926019,724.48876953125,8.274
5843.540706243017,595.11669921875,9.036
5843.863618461008,595.11669921875,9.525
5844.187780036009,456.75146484375,8.054
5844.509732634004,724.4892578125,8.119
5844.8318706780265,595.1171875,8.959
5845.153849869006,595.1171875,9.408
5845.476043307019,595.1171875,9.269
5845.799924775027,1029.73828125,7.704
5846.121607634006,589.49267578125,8.687
5846.443960822013,595.11767578125,9.346
5846.765880104998,595.11767578125,9.486
5847.087535027007,456.75244140625,7.015
5847.410305253026,545.19287109375,8.313
5847.733223741001,595.1181640625,9.036
5848.056391038001,595.1181640625,9.408
5848.377997958014,456.7529296875,7.587
5848.700680948008,724.49072265625,7.963
5849.02387179801,626.75390625,8.92
5849.345703813015,595.11865234375,9.308
5849.667223176017,595.11865234375,9.191
5849.989819668001,623.23779296875,7.471
5850.311451259011,589.494140625,8.571
5850.632909051026,595.119140625,9.114
5850.955244987999,635.75439453125,9.486
5851.276649947016,456.75390625,6.937
5851.598414118023,724.49169921875,8.08
5851.920047501015,595.11962890625,8.92
5852.242037729011,510.744140625,9.408
5852.5635203530255,488.23828125,8.08
5852.885739133024,1029.74072265625,7.847
5853.209069570003,494.04541015625,8.842
5853.534441170021,595.1201171875,9.254
5853.859792513016,595.1201171875,9.757
5854.181778643018,984.7412109375,7.432
5854.505399394024,488.2451171875,8.43
5854.8276485420065,595.12060546875,9.114
5855.150647030008,595.12060546875,9.447
5855.475322507002,456.75537109375,6.82
5855.799916925025,724.4931640625,8.119
5856.126737282,617.62060546875,9.036
5856.449039423023,595.12109375,9.331
5856.774797308026,492.470703125,8.274
5857.09881496802,1029.7421875,7.743
5857.422694639012,595.12158203125,8.726
5857.745844491001,595.12158203125,9.385
5858.069603582,595.12158203125,9.718
5858.390738767019,456.75634765625,7.171
5858.712370514026,746.994140625,8.313
5859.036760860006,595.1220703125,9.114
5859.358606567024,595.1220703125,9.331
5859.680554454011,456.7568359375,7.171
5860.005025154009,724.49462890625,8.119
5860.327110101003,595.12255859375,8.881
5860.650480184006,595.12255859375,9.447
5860.971948981023,489.65966796875,8.624
5861.29556489602,1029.74365234375,7.432
5861.618609078025,589.498046875,8.61
5861.940437536017,595.123046875,9.269
5862.2620601290255,595.123046875,9.447
5862.587912415009,456.7578125,6.898
5862.911225759017,746.9384765625,8.196
5863.235118676006,595.12353515625,9.036
5863.556517229008,595.12353515625,9.37
5863.879778986011,456.75830078125,7.626
5864.204564576008,724.49609375,7.924
5864.526950685016,595.1240234375,8.842
5864.84888202502,595.1240234375,9.37
5865.170476616011,595.1240234375,9.308
5865.492623547005,1029.7451171875,7.548
5865.815301250026,589.49951171875,8.61
5866.137169867026,595.12451171875,9.114
5866.46102399801,510.7490234375,9.563
5866.78324446702,456.75927734375,6.976
5867.108525850024,724.4970703125,8.08
5867.431291012006,595.125,8.997
5867.754316471022,595.125,9.447
5868.076052602002,456.759765625,7.938
5868.399044523016,1029.74609375,7.924
5868.723248233,595.12548828125,8.842
5869.046116662008,595.12548828125,9.292
5869.3681665960175,595.12548828125,9.641
5869.691958803014,984.74658203125,7.587
5870.014221513004,589.5009765625,8.532
5870.337297596998,595.1259765625,9.23
5870.662324376026,595.1259765625,9.525
5870.984958588,456.7607421875,7.054
5871.309086102003,724.49853515625,8.119
5871.631199493015,595.12646484375,8.959
5871.956091227999,595.12646484375,9.408
5872.280895438016,456.76123046875,7.938
5872.604455987021,1029.74755859375,7.704
5872.928466312005,716.76220703125,8.726
5873.249979585002,595.126953125,9.23
5873.575331527012,595.126953125,9.68
5873.898741606012,456.76171875,7.093
5874.222531922016,746.99951171875,8.313
5874.546862034011,595.12744140625,9.075
5874.869072196016,595.12744140625,9.447
5875.190020744019,456.76220703125,7.132
5875.514022075018,724.5,8.158
5875.836027109006,595.1279296875,8.881
5876.158594403998,595.1279296875,9.408
5876.4803973820235,489.6650390625,8.624
5876.80237879901,1029.7490234375,7.587
5877.1252318629995,595.12841796875,8.726
5877.447199135,595.12841796875,9.191
5877.769791806,499.6787109375,9.525
5878.095272487,456.76318359375,7.132
5878.4183544870175,747.0009765625,8.313
5878.740974455024,595.12890625,9.036
5879.062402217998,595.12890625,9.408
5879.387505157007,456.763671875,7.366
5879.7126944340125,724.50146484375,8.002
5880.034366717999,595.12939453125,8.881
5880.355706190021,595.12939453125,9.292
5880.680721893004,489.66650390625,8.92
5881.003297249001,1029.75048828125,7.471
5881.325738041021,589.5048828125,8.532
5881.648350839008,595.1298828125,9.308
5881.970894322003,595.1298828125,9.408
5882.292206880025,456.7646484375,7.21
5882.616292499006,747.00244140625,8.43
5882.939779856999,595.13037109375,9.075
5883.262452112016,595.13037109375,9.525
5883.586567045015,456.76513671875,7.405
5883.910297387018,724.5029296875,8.235
5884.234185495006,595.130859375,8.959
5884.557897980005,595.130859375,9.447
5884.881259572023,489.66796875,8.585
5885.203402047016,1029.751953125,7.743
5885.53087991901,595.13134765625,8.726
5885.853668433003,533.25,9.385
5886.176893220021,595.13134765625,9.718
5886.499660517002,456.76611328125,7.471
5886.82383413901,747.00390625,8.571
5887.145189000003,595.1318359375,9.114
5887.467129770026,595.1318359375,9.563
5887.789199986,456.7666015625,7.132
5888.113063771016,724.50439453125,8.196
5888.439085620019,595.13232421875,9.036
5888.760901489004,595.13232421875,9.408
5889.083958012023,492.48193359375,8.196
5889.406585975026,1029.75341796875,7.847
5889.729600321007,621.13720703125,8.881
5890.054439181025,595.1328125,9.269
5890.381867481017,477.00341796875,9.796
5890.70296351501,984.75390625,7.743
5891.025982340012,589.50830078125,8.648
5891.348484346003,595.13330078125,9.23
5891.673398728017,656.0185546875,9.602
5891.996286540001,456.76806640625,7.054
5892.318614554999,724.505859375,8.119
5892.641571073007,595.1337890625,8.997
5892.965199424012,595.1337890625,9.408
5893.287306309998,456.7685546875,7.938
5893.610655898025,1029.7548828125,7.847
5893.937518543011,595.13427734375,8.881
5894.259360396012,595.13427734375,9.269
5894.5825377209985,595.13427734375,9.718
5894.904020456015,984.75537109375,7.704
5895.226242353005,589.509765625,8.648
5895.550097239,595.134765625,9.191
5895.872360834008,626.77001953125,9.563
5896.195160353003,456.76953125,7.315
5896.517662099999,747.00732421875,8.43
5896.83911299301,595.13525390625,9.075
5897.161261095025,595.13525390625,9.408
5897.48373186501,456.77001953125,7.665
5897.806327120023,724.5078125,7.963
5898.128621147014,499.515625,8.92
5898.45138549601,595.1357421875,9.292
5898.773108430003,595.1357421875,9.153
5899.094567193999,1029.7568359375,7.471
5899.416084456025,589.51123046875,8.571
5899.738158474007,595.13623046875,9.075
5900.06037323401,621.146484375,9.486
5900.381904992013,456.77099609375,6.976
5900.7035736190155,724.5087890625,8.08
5901.025468623004,595.13671875,8.92
5901.347391691001,595.13671875,9.408
5901.669121952,471.38037109375,8.041
5901.991267332021,1029.7578125,7.847
5902.313783446007,499.6875,8.842
5902.636561361025,595.13720703125,9.23
5902.958490957011,626.7724609375,9.757
5903.281633461011,456.77197265625,7.354
5903.604131334025,747.009765625,8.507
5903.9289709890145,595.1376953125,9.036
5904.254306182003,595.1376953125,9.486
5904.579351092019,456.7724609375,7.054
5904.904245244019,724.51025390625,8.158
5905.229578004015,595.13818359375,8.959
5905.551850716001,595.138671875,9.447
5905.875435188005,492.48779296875,8.196
5906.197690362023,1029.75927734375,7.847
5906.520291149005,656.02392578125,8.803
5906.842695993022,595.138671875,9.269
5907.165490675019,595.138671875,9.68
5907.4889671100245,456.7734375,7.393
5907.815708690003,747.01123046875,8.507
5908.138852664008,595.13916015625,9.114
5908.463705821021,595.13916015625,9.486
5908.789635146008,456.77392578125,7.054
5909.112116536009,724.51171875,8.119
5909.436192993016,595.1396484375,8.959
5909.7606485030265,617.63916015625,9.525
5910.084064743016,472.8544921875,8.054
5910.405919837009,1029.7607421875,7.821
5910.728045980999,482.6337890625,8.842
5911.052313324006,595.14013671875,9.269
5911.3776554900105,477.0107421875,9.796
5911.700618848001,984.76123046875,7.51
5912.025427811022,589.515625,8.468
5912.3514339690155,595.140625,9.269
5912.6750879760075,595.140625,9.447
5912.997219784011,456.775390625,6.898
5913.319488588022,724.51318359375,8.08
5913.641985944007,595.14111328125,8.959
5913.965186623012,595.14111328125,9.408
5914.287555046001,492.49072265625,8.235
5914.6116043000075,1029.76220703125,7.963
5914.933840878017,595.1416015625,8.881
5915.255216209014,595.1416015625,9.23
5915.577563927014,510.76025390625,9.68
5915.902242451004,456.7763671875,7.249
5916.224642779009,747.01416015625,8.468
5916.546897853026,595.14208984375,9.075
5916.870732570009,595.14208984375,9.525
5917.193248005002,456.77685546875,6.976
5917.517486865021,724.5146484375,8.119
5917.8423728840135,595.142578125,8.92
5918.166262610001,595.142578125,9.292
5918.490530077019,489.6796875,8.468
5918.814801737026,1029.763671875,7.886
5919.138733544009,595.14306640625,8.842
5919.4615126370045,595.14306640625,9.331
5919.784117419011,595.14306640625,9.718
5920.105820824014,456.77783203125,7.054
5920.428336418001,747.015625,8.274
5920.750878990017,595.1435546875,9.114
5921.074518592999,595.1435546875,9.331
5921.397601504024,456.7783203125,7.171
5921.721244660002,724.51611328125,8.08
5922.043686331017,595.14404296875,8.842
5922.3662011890265,595.14404296875,9.37
5922.689063675003,489.68115234375,8.701
5923.013627600012,1029.76513671875,7.471
5923.337754036998,589.51953125,8.61
5923.661645585002,595.14453125,9.191
5923.983797581022,595.14453125,9.486
5924.305912711017,456.779296875,7.093
5924.628606582002,747.01708984375,8.352
5924.951679092017,595.14501953125,8.959
5925.274318017007,595.14501953125,9.447
5925.596802248008,456.77978515625,7.432
5925.919912582001,724.517578125,7.924
5926.241307237011,617.64501953125,9.075
5926.561508920015,595.1455078125,9.796
5926.885029861005,488.28662109375,9.502
5927.207762933016,1029.7666015625,7.743
5927.53207769501,589.52099609375,8.765
5927.855440998013,599.46044921875,9.37
5928.179297503026,595.14599609375,9.563
5928.504502473021,456.78076171875,7.315
5928.82808252002,747.0185546875,8.468
5929.151698344009,595.146484375,9.075
5929.47730758501,595.146484375,9.525
5929.802198015008,456.78125,7.432
5930.127097374003,724.51904296875,8.158
5930.448742756009,595.14697265625,8.92
5930.771812351013,595.14697265625,9.331
5931.0950619840005,489.68408203125,8.842
5931.419562480005,1029.76806640625,7.432
5931.741989939008,589.5224609375,8.532
5932.0643555390125,595.1474609375,9.269
5932.386766677024,595.1474609375,9.408
5932.711343911011,456.7822265625,6.898
5933.03509791402,724.52001953125,8.08
5933.360035833,595.14794921875,9.075
5933.684432292008,595.14794921875,9.37
5934.008627303003,456.78271484375,7.665
5934.331425366021,724.5205078125,7.963
5934.65303580201,595.1484375,8.881
5934.974524345016,595.1484375,9.331
5935.2985795420245,595.1484375,9.23
5935.619907919026,984.76953125,7.704
5935.9424950630055,589.52392578125,8.61
5936.266652952007,595.14892578125,9.269
5936.591141828016,595.14892578125,9.525
5936.914275455027,456.78369140625,7.327
5937.237350680021,724.521484375,8.391
5937.560600343015,595.1494140625,9.191
5937.882846513006,595.1494140625,9.447
5938.20510253901,456.7841796875,7.704
5938.531028652011,724.52197265625,7.963
5938.854094467999,494.0751953125,8.997
5939.175798313023,595.14990234375,9.292
5939.49818765602,615.53515625,9.153
5939.821768402006,1029.77099609375,7.587
5940.146936951001,589.525390625,8.61
5940.469536285003,595.150390625,9.346
5940.791494058998,595.150390625,9.447
5941.114187028026,456.78515625,7.054
5941.437174824008,589.5224609375,8.313
5941.7624908330035,595.15087890625,8.997
5942.0861902390025,595.1513671875,9.408
5942.407552695018,456.78564453125,7.587
5942.730714801,724.5234375,7.963
5943.056987805001,516.40087890625,8.997
5943.380996437016,595.1513671875,9.331
5943.705587714998,489.6884765625,8.959
5944.031556068017,1029.7724609375,7.471
5944.357638569025,589.52685546875,8.571
5944.683383617026,595.15185546875,9.269
5945.006225806021,595.15185546875,9.486
5945.327859951009,456.78662109375,7.51
5945.6508825940255,747.0244140625,8.454
5945.973609803012,595.15234375,9.23
5946.295966438018,595.15234375,9.486
5946.617122772004,456.787109375,7.288
5946.943666825013,724.52490234375,8.313
5947.268507775007,595.15283203125,9.075
5947.590966525022,595.15283203125,9.447
5947.912772739015,492.50244140625,8.235
5948.235452329012,724.525390625,8.235
5948.559873967024,595.1533203125,8.959
5948.8827482199995,595.1533203125,9.486
5949.205026130017,595.1533203125,9.346
5949.527732153016,1029.7744140625,7.782
5949.850534307014,589.52880859375,8.726
5950.173343693023,595.15380859375,9.385
5950.49531653602,595.15380859375,9.486
5950.817291011015,456.78857421875,7.51
5951.1404857870075,747.0263671875,8.454
5951.465745950001,595.154296875,9.269
5951.789619951014,595.154296875,9.447
5952.112054507015,456.7890625,7.21
5952.434470661014,724.52685546875,8.313
5952.757650492014,595.15478515625,9.114
5953.081511340017,595.15478515625,9.37
5953.403329680004,492.50439453125,8.313
5953.727330821013,1029.77587890625,8.158
5954.050541436009,595.1552734375,8.92
5954.372665003,595.1552734375,9.308
5954.694584403012,595.1552734375,9.641
5955.017464798002,456.7900390625,7.315
5955.341353614,752.41015625,8.43
5955.663699461002,595.15576171875,9.075
5955.985807283025,595.15576171875,9.525
5956.309010793018,456.79052734375,7.054
5956.630966257013,724.5283203125,8.196
5956.952684945019,595.15625,9.075
5957.27491709101,595.15625,9.424
5957.596514237026,492.505859375,8.313
5957.920009374007,1029.77734375,8.041
5958.241751966008,595.15673828125,8.959
5958.563426107023,595.15673828125,9.308
5958.885437476012,595.15673828125,9.757
5959.206055931019,578.77734375,7.393
5959.528752765007,522.02587890625,8.468
5959.850141807023,595.1572265625,9.075
5960.172351262998,595.1572265625,9.486
5960.496420116018,456.7919921875,6.898
5960.819115542021,724.52978515625,8.158
5961.140344994026,595.15771484375,8.997
5961.462421389006,595.15771484375,9.292
5961.784814659011,494.916015625,8.43
5962.111118697998,1029.77880859375,7.587
5962.435379301023,595.158203125,8.687
5962.7594111270155,595.158203125,9.23
5963.08341111202,595.158203125,9.602
5963.405770461017,456.79296875,7.132
5963.728655653016,747.03076171875,8.274
5964.051097980002,494.259765625,9.114
5964.375891497999,595.15869140625,9.37
5964.699562190013,456.79345703125,7.249
5965.023506045021,724.53125,8.08
5965.346165596013,595.1591796875,8.842
5965.669117221027,516.40283203125,9.37
5965.990406641999,489.6962890625,8.765
5966.314505957009,1029.7802734375,7.432
5966.638974918023,589.53466796875,8.571
5966.963757267018,595.15966796875,9.191
5967.288538783003,595.15966796875,9.486
5967.611094714026,456.79443359375,7.132
5967.933999681001,747.0322265625,8.352
5968.257425051008,595.16015625,9.036
5968.584208400018,595.16015625,9.447
5968.908414887002,456.794921875,7.366
5969.232074665022,724.53271484375,8.002
5969.556119098008,595.16064453125,8.881
5969.8803188000165,595.16064453125,9.331
5970.203950449009,489.69775390625,8.803
5970.528492531012,1029.78173828125,7.471
5970.851848393999,589.5361328125,8.571
5971.1757337480085,595.1611328125,9.269
5971.499278449017,595.1611328125,9.447
5971.822994901013,456.7958984375,6.976
5972.145178592007,747.03369140625,8.313
5972.470201459015,595.16162109375,8.959
5972.793487207004,493.9052734375,9.447
5973.117221387016,456.79638671875,7.51
5973.440084878006,724.5341796875,7.963
5973.762712809024,595.162109375,8.959
5974.085811733006,595.162109375,9.269
5974.411542722024,626.79736328125,9.036
5974.7333684790065,1029.783203125,7.471
5975.057588308002,589.53759765625,8.571
5975.381978575024,595.16259765625,9.153
5975.706482286012,595.16259765625,9.525
5976.031466495013,456.79736328125,6.937
5976.354177756002,724.53515625,8.08
5976.682319328014,516.40673828125,9.075
5977.006840768008,595.1630859375,9.331
5977.331295484008,456.7978515625,7.665
5977.655055520008,724.53564453125,7.963
5977.977838719002,716.798828125,8.92
5978.299373520014,595.16357421875,9.308
5978.6214737170085,595.16357421875,9.23
5978.943907719018,1029.78466796875,7.51
5979.268231039023,589.5390625,8.61
5979.594065645011,595.1640625,9.114
5979.916734824015,595.1640625,9.525
5980.239260700007,456.798828125,6.976
5980.562040634017,724.53662109375,8.08
5980.88441031301,595.16455078125,8.959
5981.206846009998,595.16455078125,9.408
5981.528174051025,456.79931640625,7.938
5981.850428973004,1029.78564453125,8.002
5982.171707635018,595.1650390625,8.842
5982.496701154014,595.1650390625,9.23
5982.818974541005,595.1650390625,9.641
5983.142073174007,1029.7861328125,7.782
5983.466815771011,589.54052734375,8.726
5983.790196142014,595.16552734375,9.308
5984.115548905014,595.16552734375,9.525
5984.437401540024,456.80029296875,7.51
5984.761281417013,747.0380859375,8.468
5985.086598979018,493.91552734375,9.23
5985.408570689004,595.166015625,9.408
5985.731396831019,456.80078125,7.288
5986.053944626998,724.53857421875,8.235
5986.376021653006,595.16650390625,8.959
5986.699255426007,595.16650390625,9.447
5987.021060666011,489.70361328125,8.585
5987.344475596998,1029.78759765625,7.886
5987.668261357001,595.1669921875,8.803
5987.991507130006,595.1669921875,9.385
5988.314354808012,595.1669921875,9.718
5988.635075559025,984.7880859375,7.86
5988.957609594014,589.54248046875,8.61
5989.280314514006,595.16748046875,9.308
5989.601718522026,595.16748046875,9.447
5989.92446722,456.80224609375,7.054
5990.247902247007,724.5400390625,8.158
5990.570144909027,595.16796875,8.92
5990.893005227001,595.16796875,9.447
5991.214382770006,498.00830078125,8.08
5991.537849157001,1029.7890625,7.924
5991.861640549003,595.16845703125,8.881
5992.184728458,595.16845703125,9.23
5992.507042579004,595.16845703125,9.718
5992.828964109009,510.78759765625,7.354
5993.151965615019,779.73388671875,8.468
5993.4747202,595.1689453125,9.114
5993.7963055889995,595.1689453125,9.486
5994.123400621,456.8037109375,6.82
5994.446449968003,724.54150390625,8.119
5994.768726295006,595.16943359375,8.997
5995.091271720012,595.16943359375,9.269
5995.413838264998,505.052734375,8.391
5995.735900247004,1029.79052734375,7.587
5996.059041437024,595.169921875,8.687
5996.381252833002,595.169921875,9.191
5996.7037020610005,595.169921875,9.563
5997.027861112001,456.8046875,7.093
5997.350615504023,747.04248046875,8.274
5997.674040000013,615.5556640625,9.075
5997.996233890008,595.17041015625,9.37
5998.322507546021,456.80517578125,7.249
5998.644852322002,724.54296875,7.963
5998.971086361009,595.1708984375,8.842
5999.293653993023,615.55615234375,9.331
5999.618639985012,489.7080078125,8.726
5999.942362892005,1029.7919921875,7.471
6000.2639915129985,589.54638671875,8.571
6000.587277282,595.17138671875,9.269
6000.908722025022,595.17138671875,9.408
6001.2304195760225,456.80615234375,6.937
6001.553577212006,758.23681640625,8.235
6001.87691344801,595.171875,9.036
6002.199888646021,595.171875,9.331
6002.523307988013,456.806640625,7.626
6002.8454782600165,724.54443359375,7.924
6003.168768413016,595.17236328125,8.803
6003.490903771017,595.17236328125,9.331
6003.813001880015,595.17236328125,9.269
6004.134666149999,984.79345703125,7.471
6004.45719678601,589.5478515625,8.507
6004.779323024006,595.1728515625,9.191
6005.10338994101,595.1728515625,9.408
6005.427493659023,456.8076171875,6.898
6005.750281649001,724.54541015625,8.08
6006.0727674200025,595.17333984375,8.92
6006.394964284002,621.177734375,9.408
6006.718334789999,492.5234375,8.132
6007.0410160240135,1029.79443359375,7.821
6007.364009397017,599.62353515625,8.803
6007.686240085022,595.173828125,9.269
6008.010197909025,595.173828125,9.757
6008.333176273009,456.80859375,7.288
6008.6577357510105,747.04638671875,8.468
6008.980697442021,595.17431640625,9.036
6009.305383805011,499.54296875,9.486
6009.627430998022,456.80908203125,6.976
6009.954131514009,724.546875,8.119
6010.276940527023,533.29345703125,8.997
6010.599986157002,595.1748046875,9.331
6010.921776540024,479.86181640625,8.43
6011.243677360006,1029.7958984375,7.665
6011.5655280970095,595.17529296875,8.687
6011.887720127008,595.17529296875,9.23
6012.209332263999,595.17529296875,9.563
6012.533573680004,456.81005859375,7.093
6012.856424678001,747.0478515625,8.274
6013.178317976999,635.81103515625,9.075
6013.500504085998,595.17578125,9.408
6013.824573624006,456.810546875,7.327
6014.149489977019,724.54833984375,8.08
6014.474499069998,595.17626953125,8.881
6014.797295761004,595.17626953125,9.486
6015.12105031102,489.71337890625,8.74
6015.444684697024,1029.79736328125,7.886
6015.767406473024,595.1767578125,8.765
6016.08992453001,493.92626953125,9.331
6016.413125971012,595.1767578125,9.641
6016.734707193013,456.8115234375,7.171
6017.0596812750155,747.04931640625,8.313
6017.3820944949985,595.17724609375,9.153
6017.704378815019,595.17724609375,9.331
6018.028973267006,456.81201171875,7.171
6018.351079276006,724.5498046875,8.002
6018.674734877015,595.177734375,8.842
6018.996974298003,595.17822265625,9.308
6019.319815438008,489.71484375,8.842
6019.643944240001,1029.798828125,7.432
6019.966346867004,589.55322265625,8.493
6020.288253156003,499.55810546875,9.23
6020.610041168024,595.17822265625,9.447
6020.933607390005,456.81298828125,6.937
6021.257926054008,724.55078125,8.119
6021.5837874000135,595.1787109375,9.075
6021.905725401011,595.1787109375,9.331
6022.229146657017,456.8134765625,7.743
6022.554457838007,724.55126953125,7.963
6022.877952312003,595.17919921875,8.842
6023.201835824002,595.17919921875,9.37
6023.523087656009,595.17919921875,9.308
6023.844188602001,984.80029296875,7.471
6024.166744577,589.5546875,8.493
6024.489675190009,595.1796875,9.153
6024.811006672011,595.1796875,9.408
6025.133275725006,456.814453125,6.898
6025.458891268005,724.55224609375,8.041
6025.782302218024,595.18017578125,8.881
6026.10483656,488.298828125,9.408
6026.426531031,498.0322265625,8.08
6026.749729973002,1029.80126953125,7.924
6027.072549157019,595.1806640625,8.881
6027.394398928998,595.1806640625,9.23
6027.7162302370125,510.79931640625,9.718
6028.04253668501,456.8154296875,7.276
6028.365951218002,747.05322265625,8.507
6028.6906039090245,595.18115234375,9.114
6029.014620896021,595.18115234375,9.563
6029.339445561025,456.81591796875,7.405
6029.663414739014,724.5537109375,8.313
6029.985630540003,595.181640625,9.075
6030.307810307015,595.181640625,9.486
6030.630053693021,456.81640625,8.054
6030.95389576102,724.55419921875,8.158
6031.277576224005,482.67578125,9.036
6031.599204643018,595.18212890625,9.331
6031.921006348013,656.0673828125,9.153
6032.2431963870185,1029.80322265625,7.808
6032.565325176023,499.73291015625,8.842
6032.887869916012,595.1826171875,9.23
6033.2128170159995,621.19287109375,9.563
6033.535392924998,456.8173828125,7.587
6033.858403762017,747.05517578125,8.61
6034.183847040025,595.18310546875,9.153
6034.508594741026,499.56298828125,9.563
6034.831448484008,456.81787109375,7.327
6035.153870083013,724.5556640625,8.274
6035.475611592003,595.18359375,8.997
6035.797552436998,621.19384765625,9.447
6036.118592705025,492.533203125,8.196
6036.440723509004,724.55615234375,8.235
6036.762872489024,595.18408203125,8.881
6037.084578766022,595.18408203125,9.408
6037.406826373015,595.18408203125,9.463
6037.728906486998,1029.80517578125,7.665
6038.05098308,589.5595703125,8.648
6038.372847345017,595.1845703125,9.191
6038.694464177999,595.1845703125,9.563
6039.015275220008,456.8193359375,7.432
6039.338116065017,747.05712890625,8.546
6039.660702917026,595.18505859375,9.153
6039.982770677016,595.18505859375,9.525
6040.306567013002,456.81982421875,7.444
6040.629261836002,724.5576171875,8.274
6040.950924909004,595.185546875,8.959
6041.276246196998,595.185546875,9.486
6041.597855412023,489.72265625,8.663
6041.921071182005,1029.806640625,7.924
6042.242871092021,595.18603515625,8.803
6042.566735301021,595.18603515625,9.385
6042.888753171021,595.18603515625,9.718
6043.211671680998,984.80712890625,7.782
6043.533962585003,589.5615234375,8.571
6043.855961766007,595.1865234375,9.308
6044.177901968011,595.1865234375,9.447
6044.49878946002,456.8212890625,7.366
6044.820608953014,724.55908203125,8.274
6045.142697833013,477.0576171875,9.153
6045.464791737002,595.18701171875,9.408
6045.78724258102,456.82177734375,7.86
6046.110922527005,724.5595703125,8.158
6046.433544962027,595.1875,9.075
6046.758363829023,595.1875,9.331
6047.086253145011,489.724609375,8.92
6047.4080728940025,1029.80859375,7.847
6047.730495897005,595.18798828125,8.842
6048.0528395050205,595.18798828125,9.269
6048.375123687001,595.18798828125,9.602
6048.698922996002,456.82275390625,7.093
6049.020447598014,747.060546875,8.274
6049.34229896302,595.1884765625,9.036
6049.665269026009,595.1884765625,9.447
6049.990735596017,456.8232421875,7.327
6050.314552921016,724.56103515625,8.002
6050.637231517001,595.18896484375,8.881
6050.9591661170125,595.18896484375,9.346
6051.283275677008,489.72607421875,8.842
6051.606845729024,1029.81005859375,7.51
6051.929418720014,589.564453125,8.61
6052.250870678021,595.189453125,9.269
6052.573351282015,595.189453125,9.447
6052.895759787003,456.82421875,6.976
6053.218834396015,747.06201171875,8.313
6053.541136177024,595.18994140625,8.997
6053.863116378023,595.18994140625,9.37
6054.185596085008,456.82470703125,7.587
6054.508237654023,724.5625,7.924
6054.830589036021,716.82568359375,8.92
6055.151740759,595.1904296875,9.308
6055.4755532499985,595.1904296875,9.191
6055.797766258998,989.16015625,7.51
6056.119914786017,589.56591796875,8.585
6056.4426058600075,595.19091796875,9.114
6056.765814393002,595.19140625,9.447
6057.08951753602,456.82568359375,7.249
6057.413527091005,724.56396484375,8.313
6057.736232725001,595.19140625,9.114
6058.057782701013,595.19140625,9.331
6058.3794401370105,456.826171875,7.704
6058.702198925021,724.56396484375,8.002
6059.023896586004,595.19189453125,8.881
6059.345020337001,595.19189453125,9.37
6059.666541000013,595.19189453125,9.308
6059.991195153008,1029.81298828125,7.743
6060.313983542001,589.5673828125,8.726
6060.640095284005,595.1923828125,9.269
6060.963694519014,595.1923828125,9.563
6061.287740969012,456.8271484375,7.665
6061.610079741018,747.06494140625,8.648
6061.93454751902,595.19287109375,9.191
6062.258253508015,595.19287109375,9.602
6062.581071657012,456.82763671875,7.327
6062.908008454018,724.5654296875,8.274
6063.232458918006,595.193359375,9.075
6063.554615091009,595.193359375,9.525
6063.87591139201,456.828125,8.054
6064.199762218021,724.56591796875,8.119
6064.522714580002,615.5791015625,8.997
6064.847217205999,595.19384765625,9.331
6065.170817143022,716.8291015625,9.114
6065.494291059003,1029.81494140625,7.51
6065.818803605012,589.5693359375,8.571
6066.14530252901,626.82958984375,9.308
6066.467201282998,595.1943359375,9.447
6066.789149575023,456.8291015625,7.237
6067.113180087006,747.06689453125,8.468
6067.43702611202,595.19482421875,9.075
6067.761127187026,595.19482421875,9.486
6068.0881668970105,456.82958984375,7.327
6068.410223001003,724.5673828125,8.041
6068.732295457012,595.1953125,8.92
6069.054693236016,595.1953125,9.346
6069.379244535026,489.732421875,8.842
6069.701244380005,1029.81640625,7.691
6070.0231185560115,595.19580078125,8.803
6070.344629519008,595.19580078125,9.191
6070.666748184012,510.8203125,9.602
6070.988483282999,456.83056640625,7.315
6071.312236280006,747.068359375,8.391
6071.636570290022,595.1962890625,9.23
6071.960613441013,595.1962890625,9.408
6072.284543276008,456.8310546875,7.249
6072.607074020023,724.56884765625,8.352
6072.933059290022,595.19677734375,9.075
6073.25667692101,595.19677734375,9.331
6073.580541953008,492.54638671875,8.313
6073.904220515018,1029.703125,7.548
6074.2297942820005,595.08251953125,8.687
6074.550929229008,595.08251953125,9.191
6074.875212645013,595.08251953125,9.563
6075.199826920027,456.716796875,7.171
6075.5218023780035,746.95458984375,8.313
6075.848845702014,516.33203125,9.153
6076.171312763006,595.08251953125,9.37
6076.492972209002,456.71728515625,7.327
6076.81946175301,724.455078125,8.313
6077.142465887999,595.0830078125,9.114
6077.466425035003,595.0830078125,9.37
6077.790700577025,492.4326171875,8.274
6078.113128595025,1440.80078125,8.235
6078.4353894710075,595.08349609375,8.881
6078.7618068200245,533.2021484375,9.408
6079.084599203023,595.08349609375,9.463
6079.4096300040255,1029.70458984375,7.782
6079.731702905003,589.458984375,8.726
6080.054616989015,595.083984375,9.385
6080.377157714014,595.083984375,9.486
6080.699165172002,456.71875,7.471
6081.022303712001,746.95654296875,8.43
6081.3458355460025,493.833984375,9.191
6081.667851164006,595.08447265625,9.408
6081.991613086022,456.71923828125,7.249
6082.3150526600075,724.45703125,8.119
6082.637294078013,595.0849609375,8.881
6082.960017274017,595.0849609375,9.447
6083.283909152,489.6220703125,8.701
6083.606816578016,1029.7060546875,7.821
6083.930042960012,595.08544921875,8.726
6084.252970323025,716.720703125,9.346
6084.577921824006,595.08544921875,9.68
6084.899113347026,984.70654296875,7.743
6085.222616475017,589.4609375,8.571
6085.546243607008,505.26123046875,9.308
6085.868892495026,595.0859375,9.486
6086.19017157302,456.720703125,7.366
6086.513062453014,724.45849609375,8.313
6086.835314079013,476.955078125,9.153
6087.157795472012,595.08642578125,9.408
6087.479929396999,456.72119140625,7.86
6087.8037093340245,724.458984375,8.158
6088.126956484019,595.0869140625,9.075
6088.449354194017,595.0869140625,9.37
6088.774927764025,489.6240234375,8.959
6089.099363117013,1029.7080078125,7.743
6089.42365580902,595.08740234375,8.842
6089.746739688009,595.08740234375,9.191
6090.068950638,595.08740234375,9.563
6090.38979929901,456.72216796875,7.393
6090.712699395022,746.9599609375,8.391
6091.036075861019,595.087890625,9.23
6091.358422272024,595.087890625,9.447
6091.6804416950035,456.72265625,7.21
6092.004904952017,724.46044921875,8.313
6092.329248941009,595.08837890625,9.114
6092.653006860026,595.08837890625,9.408
6092.977426019002,492.43798828125,8.274
6093.299140599003,1029.70947265625,7.743
6093.622012821026,595.0888671875,8.765
6093.947001440014,595.0888671875,9.346
6094.270060325012,595.0888671875,9.718
6094.594425498013,456.7236328125,7.432
6094.9171502900135,746.96142578125,8.493
6095.238859845005,595.08935546875,9.114
6095.562472862017,595.08935546875,9.563
6095.885302809998,456.72412109375,7.393
6096.207952559023,724.4619140625,8.274
6096.53186984302,595.08984375,9.075
6096.855174784025,595.08984375,9.486
6097.177093594015,456.724609375,8.015
6097.499816850002,724.46240234375,8.158
6097.823060476017,716.7255859375,9.036
6098.146248261008,595.09033203125,9.37
6098.468997565011,626.7255859375,9.153
6098.793182314024,1029.71142578125,7.665
6099.114879323024,589.4658203125,8.687
6099.437664725003,595.0908203125,9.331
6099.760415277007,595.0908203125,9.525
6100.081226174021,456.7255859375,7.548
6100.403311900998,746.96337890625,8.454
6100.726569991006,595.09130859375,9.23
6101.05184581902,595.09130859375,9.447
6101.372808017011,456.72607421875,7.249
6101.698161320004,724.4638671875,8.274
6102.022834694013,595.091796875,9.075
6102.344842466002,595.091796875,9.447
6102.66633197901,492.44140625,8.274
6102.990293071023,1029.712890625,8.158
6103.313179338002,595.09228515625,8.881
6103.637725571025,595.09228515625,9.385
6103.961846860009,595.09228515625,9.54
6104.283483770007,984.71337890625,7.626
6104.607260662015,589.4677734375,8.585
6104.929749444011,595.0927734375,9.191
6105.251652155013,696.3427734375,9.563
6105.573737081024,456.7275390625,7.093
6105.897905219026,724.46533203125,8.158
6106.220559798006,595.09326171875,8.997
6106.544352658006,595.09326171875,9.447
6106.870011251012,456.72802734375,7.899
6107.193417569011,1079.81103515625,8.002
6107.517607115005,595.09375,8.803
6107.841920314007,595.09375,9.424
6108.165285543015,595.09375,9.385
6108.487892823003,690.712890625,7.587
6108.810037206014,589.46923828125,8.61
6109.1331349040265,595.09423828125,9.114
6109.455889966019,716.7294921875,9.486
6109.777976587007,456.72900390625,7.015
6110.100800035027,724.466796875,8.119
6110.425101360015,595.0947265625,8.997
6110.747612445004,595.0947265625,9.447
6111.070472246007,456.7294921875,7.976
6111.392641109007,724.46728515625,8.08
6111.714627438021,595.09521484375,8.842
6112.038134110015,595.09521484375,9.385
6112.359556130017,595.09521484375,9.308
6112.681496185018,1029.71630859375,7.548
6113.003766843001,589.470703125,8.648
6113.325650672021,595.095703125,9.114
6113.648806067009,595.095703125,9.525
6113.971895604016,456.73046875,7.171
6114.294664296001,510.71484375,8.352
6114.616058666026,595.09619140625,9.075
6114.938403407024,595.09619140625,9.331
6115.260481163015,456.73095703125,7.626
6115.583421029005,724.46875,8.002
6115.90577476201,595.0966796875,8.959
6116.227576443023,595.0966796875,9.254
6116.549773817998,500.88330078125,8.997
6116.872706804017,1029.7177734375,7.548
6117.196748471004,589.47216796875,8.571
6117.520213700016,595.09716796875,9.269
6117.843046426016,595.09716796875,9.408
6118.16635049702,456.73193359375,7.21
6118.488976143999,746.9697265625,8.391
6118.813591527025,595.09765625,9.075
6119.136175348016,595.09765625,9.447
6119.462158205017,456.732421875,7.288
6119.786765747005,724.47021484375,8.041
6120.110063354019,595.09814453125,8.881
6120.433210459014,655.9833984375,9.37
6120.757656299014,489.63525390625,8.779
6121.082063034002,1029.71923828125,7.432
6121.404522529017,589.4736328125,8.571
6121.727088173007,595.0986328125,9.308
6122.048909917008,595.0986328125,9.408
6122.370385760005,456.7333984375,7.054
6122.69497483701,746.97119140625,8.352
6123.019362371007,595.09912109375,8.959
6123.343704495026,595.09912109375,9.486
6123.667033973004,456.73388671875,7.471
6123.989818824019,724.4716796875,8.313
6124.312744128023,595.099609375,8.997
6124.6353519480035,595.099609375,9.447
6124.9574873990205,489.63671875,8.624
6125.279701156018,1029.720703125,7.471
6125.6025721850165,609.8603515625,8.61
6125.924445258017,595.10009765625,9.191
6126.246395102004,595.10009765625,9.447
6126.568850820011,456.73486328125,6.976
6126.892793824023,746.97265625,8.352
6127.214235137013,595.1005859375,8.997
6127.536877293023,494.02587890625,9.447
6127.859177005012,456.7353515625,7.51
6128.181615666021,724.47314453125,7.924
6128.50391112201,595.10107421875,8.92
6128.825409236015,595.10107421875,9.269
6129.147789943003,595.10107421875,9.114
6129.469717608008,1029.72216796875,7.471
6129.791625178012,589.4765625,8.585
6130.113299938006,595.1015625,9.114
6130.435326519015,655.98681640625,9.486
6130.756545711018,456.736328125,6.976
6131.081090720021,724.47412109375,8.119
6131.403171575017,595.10205078125,8.959
6131.725909446017,595.10205078125,9.447
6132.048201317026,465.74951171875,8.015
6132.371704463003,1029.72314453125,7.924
6132.694283416,595.1025390625,8.842
6133.0160863730125,595.1025390625,9.23
6133.338283007004,595.1025390625,9.757
6133.661590467003,465.7216796875,7.315
6133.9862948410155,752.28955078125,8.43
6134.308459475025,595.10302734375,9.075
6134.63281462001,595.10302734375,9.486
6134.956033980008,456.73779296875,6.859
6135.280698415998,724.4755859375,8.158
6135.605988668016,595.103515625,9.036
6135.929340447998,595.103515625,9.308
6136.252959406003,503.70263671875,8.313
6136.574873150006,1029.724609375,7.665
6136.896516771027,595.10400390625,8.687
6137.2212745550205,595.10400390625,9.269
6137.542807580001,595.10400390625,9.602
6137.865484551003,456.73876953125,7.171
6138.187481498026,746.9765625,8.313
6138.510213703004,595.1044921875,9.191
6138.833037367003,595.1044921875,9.37
6139.158146971022,456.7392578125,7.21
6139.480617726018,724.47705078125,8.002
6139.803302153014,595.10498046875,8.842
6140.125017264014,655.990234375,9.37
6140.4470166420215,489.64208984375,8.842
6140.769067412999,1029.72607421875,7.665
6141.090757116006,499.83154296875,8.765
6141.412873169,595.10546875,9.191
6141.7350869229995,599.419921875,9.525
6142.05744704901,456.740234375,7.015
6142.379746373015,746.97802734375,8.352
6142.701209154999,595.10595703125,8.997
6143.023518111004,494.03125,9.447
6143.345254118001,456.74072265625,7.51
6143.6679431530065,724.478515625,7.924
6143.989674360026,595.1064453125,8.959
6144.311246329016,595.1064453125,9.308
6144.633438192017,716.74169921875,9.114
6144.956594699004,1029.7275390625,7.432
6145.278289840004,589.48193359375,8.61
6145.599898034998,595.10693359375,9.153
6145.923170032998,595.10693359375,9.563
6146.244540491025,456.74169921875,6.976
6146.56853034001,724.4794921875,8.119
6146.890580790001,595.107421875,8.997
6147.211784328014,595.107421875,9.408
6147.535460406012,456.7421875,7.899
6147.859076129011,1029.728515625,7.963
6148.1831674850255,595.10791015625,8.803
6148.505114603002,595.10791015625,9.346
6148.827787027025,595.10791015625,9.602
6149.148989221023,984.72900390625,7.471
6149.473874110001,589.4833984375,8.468
6149.795989234,595.1083984375,9.23
6150.117472686019,595.1083984375,9.408
6150.441754257015,456.7431640625,6.859
6150.763979528012,724.48095703125,8.08
6151.086869272025,595.10888671875,8.997
6151.408635550004,595.10888671875,9.346
6151.729735628003,492.45849609375,8.274
6152.053573374025,1029.72998046875,7.626
6152.376384011004,595.109375,8.648
6152.700353058026,716.74462890625,9.269
6153.021960450016,595.109375,9.602
6153.343304536014,456.744140625,7.21
6153.668288692017,746.98193359375,8.352
6153.992711195024,595.10986328125,9.153
6154.316405735008,595.10986328125,9.37
6154.638129291008,456.74462890625,7.132
6154.9605835940165,724.482421875,7.963
6155.282457139023,595.1103515625,8.803
6155.604600454011,595.11083984375,9.308
6155.92764444201,489.6474609375,8.842
6156.252739962016,1029.7314453125,7.393
6156.575399935013,589.48583984375,8.507
6156.900977840007,499.8369140625,9.23
6157.22349803301,595.11083984375,9.408
6157.545546080015,456.74560546875,7.093
6157.869913956005,746.9833984375,8.391
6158.191805292998,595.111328125,8.959
6158.5142745390185,626.74658203125,9.408
6158.835994062014,456.74609375,7.548
6159.158283814002,724.48388671875,7.886
6159.480860904005,595.11181640625,8.842
6159.804019583011,595.11181640625,9.346
6160.127603462024,595.11181640625,9.191
6160.452664387005,1029.73291015625,7.548
6160.774436231004,589.4873046875,8.571
6161.097211952001,516.35595703125,9.308
6161.4208778820175,595.1123046875,9.486
6161.743174705014,456.7470703125,7.093
6162.065523978003,746.98486328125,8.352
6162.38869491301,595.11279296875,8.997
6162.710979000025,595.11279296875,9.331
6163.032911777002,456.74755859375,7.587
6163.355395519,724.4853515625,8.041
6163.679772770003,595.11328125,8.997
6164.001433954021,595.11328125,9.308
6164.324059908016,489.650390625,8.997
6164.645852232003,1029.734375,7.471
6164.967395170999,589.48876953125,8.585
6165.289429360011,595.11376953125,9.114
6165.6108984720195,595.11376953125,9.525
6165.935465489019,456.74853515625,7.171
6166.258478754025,556.43896484375,8.352
6166.580861179013,595.1142578125,9.036
6166.90268310401,595.1142578125,9.385
6167.2244790750265,456.7490234375,7.665
6167.546514800022,724.48681640625,7.924
6167.86920869202,595.11474609375,8.842
6168.19050480501,595.11474609375,9.346
6168.513239403022,595.11474609375,9.23
6168.835403835023,1034.83251953125,7.471
6169.158372169011,589.490234375,8.585
6169.4804189980205,595.115234375,9.114
6169.803805650998,595.115234375,9.486
6170.125425103004,456.75,6.976
6170.448070801009,724.48779296875,8.041
6170.769947863009,595.11572265625,8.881
6171.091857118008,595.11572265625,9.408
6171.413605855021,500.7802734375,8.041
6171.736071930005,1029.73681640625,7.704
6172.057990305009,595.1162109375,8.687
6172.382181211025,595.1162109375,9.308
6172.704540018021,595.1162109375,9.641
6173.028598375007,456.7509765625,7.327
6173.35157643602,746.98876953125,8.507
6173.676313986012,595.11669921875,9.114
6173.9991127770045,494.0419921875,9.525
6174.32132761,456.75146484375,7.054
6174.644020060019,724.4892578125,8.08
6174.967097517016,595.1171875,8.881
6175.291280614008,595.1171875,9.424
6175.615186069015,489.654296875,8.546
6175.937764403003,1029.73828125,7.471
6176.259278698009,488.236328125,8.61
6176.582896366017,595.11767578125,9.153
6176.905105023005,595.11767578125,9.486
6177.226208359003,456.75244140625,7.015
6177.54940335502,746.990234375,8.352
6177.872294660017,595.1181640625,8.997
6178.196464924025,595.1181640625,9.486
6178.523208242026,456.7529296875,7.405
6178.84628147402,724.49072265625,7.924
6179.172582758998,595.11865234375,8.92
6179.497765156004,595.11865234375,9.346
6179.825606722006,489.65576171875,8.803
6180.148996093019,1029.73974609375,7.587
6180.4708205420175,589.494140625,8.687
6180.793295575015,595.119140625,9.269
6181.114919953019,595.119140625,9.563
6181.437207620009,456.75390625,7.393
6181.76088957701,746.99169921875,8.391
6182.082825358026,595.11962890625,9.191
6182.406474226009,595.11962890625,9.408
6182.729050734022,456.75439453125,7.249
6183.051643595012,724.4921875,8.041
6183.373840122018,595.1201171875,8.842
6183.699159514013,595.12060546875,9.292
6184.024001801998,489.6572265625,8.74
6184.348906075,1029.7412109375,7.432
6184.671562810021,589.49560546875,8.585
6184.994488291006,595.12060546875,9.269
6185.315979319013,595.12060546875,9.447
6185.637038907007,456.75537109375,7.132
6185.960633212002,746.9931640625,8.391
6186.282499454013,595.12109375,9.036
6186.603881134011,595.12109375,9.525
6186.925749007001,456.755859375,7.471
6187.248422318022,724.49365234375,7.886
6187.57056117701,499.671875,8.881
6187.895035962021,595.12158203125,9.269
6188.217248040019,621.1318359375,9.075
6188.5405896630255,1029.74267578125,7.51
6188.863292255002,589.4970703125,8.571
6189.185895771021,595.1220703125,9.191
6189.507258409023,595.1220703125,9.525
6189.832071222016,456.7568359375,7.015
6190.154136541998,724.49462890625,8.196
6190.481616204022,595.12255859375,9.075
6190.803120128025,595.12255859375,9.408
6191.126748033013,456.75732421875,7.665
6191.451839383022,724.4951171875,8.158
6191.774312430003,595.123046875,8.959
6192.0988253590185,635.75830078125,9.447
6192.422794876009,489.66015625,8.779
6192.7462103250145,1029.744140625,7.548
6193.068687147024,589.49853515625,8.648
6193.389999063016,595.12353515625,9.269
6193.71270658201,595.12353515625,9.447
6194.0341916239995,456.75830078125,6.937
6194.356747265003,746.99609375,8.274
6194.679657703004,595.1240234375,8.997
6195.003504463006,595.1240234375,9.37
6195.32604999101,456.7587890625,7.587
6195.651297795004,724.49658203125,7.963
6195.973529968003,595.12451171875,8.959
6196.29590547402,595.12451171875,9.269
6196.621664495004,626.759765625,9.036
6196.944784380001,1029.74560546875,7.471
6197.267898601014,589.5,8.585
6197.589905037021,595.125,9.191
6197.911542052025,595.125,9.525
6198.23777062702,456.759765625,7.015
6198.561952214019,724.49755859375,8.235
6198.884576593002,595.12548828125,9.075
6199.207270158018,595.12548828125,9.37
6199.529069194017,456.76025390625,7.704
6199.851007211022,724.498046875,7.924
6200.172908811015,595.1259765625,8.803
6200.495833840017,595.1259765625,9.37
6200.817895061016,595.1259765625,9.346
6201.141062371025,999.96875,7.548
6201.464057835023,589.50146484375,8.61
6201.788366530003,595.12646484375,9.114
6202.111070559011,516.3701171875,9.525
6202.433670391998,456.76123046875,7.054
6202.7554221620085,724.4990234375,8.119
6203.077820131002,595.126953125,8.997
6203.39981328501,595.126953125,9.408
6203.721561919025,456.76171875,7.976
6204.044373951008,1029.748046875,8.002
6204.3675280440075,595.12744140625,8.842
6204.689334791008,595.12744140625,9.292
6205.012418577011,595.12744140625,9.641
6205.3333251310105,984.74853515625,7.432
6205.657343895,589.5029296875,8.43
6205.980405440001,494.05322265625,9.23
6206.302124567999,595.1279296875,9.447
6206.626449007017,456.7626953125,6.781
6206.952302206017,724.50048828125,8.08
6207.274469477008,595.12841796875,8.997
6207.598819549021,595.12841796875,9.385
6207.921422069019,492.47802734375,8.235
6208.245238969015,1029.74951171875,7.899
6208.567303517018,599.443359375,8.803
6208.888912688009,595.12890625,9.308
6209.210850831005,595.12890625,9.68
6209.532558437,456.763671875,7.51
6209.855281697004,752.31591796875,8.546
6210.176832082012,595.12939453125,9.153
6210.500113762013,595.12939453125,9.525
6210.823383633018,456.76416015625,7.327
6211.146767013008,724.501953125,8.235
6211.471192958008,595.1298828125,9.036
6211.793877816002,595.1298828125,9.525
6212.115218241001,456.7646484375,8.015
6212.438924064016,724.50244140625,8.158
6212.761592921015,599.44482421875,8.997
6213.084107724018,595.13037109375,9.346
6213.4063068360265,595.13037109375,9.191
6213.728431577008,1029.75146484375,7.847
6214.051291929005,595.130859375,8.881
6214.374707917013,595.130859375,9.269
6214.698470765026,595.130859375,9.68
6215.021851840022,465.75,7.743
6215.344519384002,768.3212890625,8.648
6215.669369761017,595.13134765625,9.23
6215.991980919003,595.13134765625,9.525
6216.313263068005,456.76611328125,7.444
6216.635467364016,724.50390625,8.274
6216.957864754018,595.1318359375,9.075
6217.279529445019,595.1318359375,9.486
6217.6020754810015,456.7666015625,7.976
6217.924521416018,724.50439453125,8.158
6218.247242017998,595.13232421875,9.075
6218.571162216016,595.13232421875,9.385
6218.8930948199995,489.66943359375,9.075
6219.2152210320055,1029.75341796875,7.782
6219.539574173017,595.1328125,8.881
6219.861593820999,595.1328125,9.269
6220.1846016010095,595.1328125,9.68
6220.508860818023,456.767578125,7.743
6220.831331810012,747.00537109375,8.648
6221.154037211003,595.13330078125,9.153
6221.477366218023,595.13330078125,9.563
6221.803546402021,456.76806640625,7.21
6222.125625603017,724.505859375,8.196
6222.4512823750265,595.1337890625,8.997
6222.776754277002,595.1337890625,9.486
6223.100667529012,456.7685546875,8.054
6223.424703410012,1029.7548828125,8.002
6223.7484233430005,595.13427734375,8.842
6224.072308433999,595.13427734375,9.346
6224.393885056023,595.13427734375,9.563
6224.717083466006,1029.75537109375,7.704
6225.039402836002,589.509765625,8.726
6225.361345263023,595.134765625,9.191
6225.6838336310175,595.134765625,9.563
6226.005976002023,456.76953125,7.015
6226.331034127012,724.50732421875,8.119
6226.654510883003,656.0205078125,9.036
6226.978827765008,595.13525390625,9.331
6227.304259120021,456.77001953125,7.821
6227.626513431023,724.5078125,8.041
6227.950240723003,595.1357421875,8.803
6228.275121626008,595.1357421875,9.37
6228.597010579018,595.1357421875,9.308
6228.918938317016,647.66259765625,7.548
6229.240112012019,589.51123046875,8.61
6229.562530936004,595.13623046875,9.114
6229.885751842026,626.771484375,9.486
6230.207598297013,456.77099609375,7.015
6230.529235208,724.5087890625,8.119
6230.851476526004,595.13671875,8.959
6231.173450025002,595.13671875,9.447
6231.495353634004,456.771484375,8.015
6231.817382303998,1029.7578125,7.924
6232.139433374017,595.13720703125,8.842
6232.461038028006,595.13720703125,9.269
6232.783123019006,595.13720703125,9.718
6233.104881663021,984.75830078125,7.432
6233.427139300009,505.13134765625,8.43
6233.749284358026,595.1376953125,9.114
6234.070997047005,595.1376953125,9.486
6234.3958209220145,456.7724609375,6.859
6234.720384660002,724.51025390625,8.158
6235.042353423021,595.13818359375,9.036
6235.363751060009,595.13818359375,9.385
6235.690461564023,492.48779296875,8.313
6236.014415967016,1029.75927734375,7.704
6236.336179954,595.138671875,8.687
6236.658644158015,595.138671875,9.346
6236.983262521011,595.138671875,9.68
6237.308599823009,456.7734375,7.327
6237.631276067026,747.01123046875,8.468
6237.953983544023,595.13916015625,9.075
6238.277828662016,493.888671875,9.525
6238.604540702014,456.77392578125,6.937
6238.927701987006,724.51171875,8.196
6239.250454649009,595.1396484375,8.997
6239.572906309011,595.1396484375,9.308
6239.8941996860085,474.19580078125,8.391
6240.216970075999,1029.7607421875,7.886
6240.539705490024,615.525390625,8.842
6240.861321662,595.14013671875,9.308
6241.186865435011,595.14013671875,9.757
6241.508073880017,984.76123046875,7.548
6241.832774869021,589.515625,8.468
6242.159819720022,477.00927734375,9.269
6242.483072656003,595.140625,9.447
6242.8052330080245,456.775390625,7.015
6243.130942065007,724.51318359375,8.119
6243.455079258012,595.14111328125,8.959
6243.782064458006,595.14111328125,9.447
6244.103402699024,456.77587890625,7.976
6244.425663791015,1029.76220703125,8.002
6244.748309056013,595.1416015625,8.803
6245.070743946009,595.1416015625,9.308
6245.3926723210025,595.1416015625,9.602
6245.713418220024,984.7626953125,7.471
6246.035749298026,589.51708984375,8.43
6246.358808434015,510.7666015625,9.23
6246.681734957005,595.14208984375,9.37
6247.005466406001,456.77685546875,6.82
6247.3289241800085,724.5146484375,8.08
6247.6503345200035,595.142578125,8.997
6247.971953539003,595.142578125,9.269
6248.294209798012,492.4921875,8.274
6248.616248512,1029.763671875,7.665
6248.939342849015,595.14306640625,8.648
6249.261718215013,626.7783203125,9.269
6249.582800670003,595.14306640625,9.602
6249.904652786005,456.77783203125,7.21
6250.226624841016,747.015625,8.313
6250.548958926025,595.1435546875,9.114
6250.87065071502,595.1435546875,9.37
6251.19514171101,456.7783203125,7.21
6251.520123796014,724.51611328125,8.235
6251.844940723007,595.14404296875,8.959
6252.166622048011,595.14404296875,9.385
6252.491637830011,489.68115234375,8.468
6252.813231216016,1029.76513671875,7.626
6253.135333739017,595.14453125,8.726
6253.456998295005,595.14453125,9.191
6253.779331099009,595.14453125,9.563
6254.104119096999,456.779296875,7.054
6254.426964206999,747.01708984375,8.313
6254.748856067017,595.14501953125,9.075
6255.074382652005,595.14501953125,9.408
6255.39818894901,456.77978515625,7.327
6255.722106195026,724.517578125,8.196
6256.047503366019,595.1455078125,8.959
6256.369218963024,595.1455078125,9.447
6256.693929006025,489.6826171875,8.546
6257.018822511018,1029.7666015625,7.704
6257.344857369026,595.14599609375,8.687
6257.668366728001,516.3896484375,9.346
6257.992833465018,595.14599609375,9.68
6258.313341209025,984.76708984375,7.704
6258.636602046026,499.51513671875,8.585
6258.9588983680005,595.146484375,9.23
6259.2841863190115,595.146484375,9.486
6259.608786788012,456.78125,6.937
6259.930714873015,724.51904296875,8.119
6260.254270792007,595.14697265625,8.997
6260.5777355400205,595.14697265625,9.331
6260.900118776015,492.49658203125,8.235
6261.222736549011,1029.76806640625,7.471
6261.545810306998,595.1474609375,8.687
6261.869675581023,595.1474609375,9.23
6262.193977992021,595.1474609375,9.602
6262.5150388760085,456.7822265625,7.393
6262.836556000024,747.02001953125,8.468
6263.159761826013,595.14794921875,9.153
6263.482306316,595.14794921875,9.408
6263.8046462860075,456.78271484375,7.132
6264.127125942003,724.5205078125,8.119
6264.44912561102,595.1484375,8.92
6264.772611446999,595.1484375,9.408
6265.0946795670025,489.685546875,8.624
6265.416375642002,1029.76953125,7.51
6265.739093033015,615.5341796875,8.648
6266.0619655350165,595.14892578125,9.191
6266.385062812013,595.14892578125,9.486
6266.708385314007,456.78369140625,6.976
6267.033437447011,747.021484375,8.313
6267.355804265011,595.1494140625,8.997
6267.678754881024,595.1494140625,9.486
6268.00453027201,456.7841796875,7.444
6268.329831854004,724.52197265625,8.235
6268.652127117006,595.14990234375,8.92
6268.976869894017,595.14990234375,9.408
6269.300253582012,489.68701171875,8.663
6269.6231378910015,1029.77099609375,7.886
6269.945652810013,595.150390625,8.726
6270.268015020003,477.02099609375,9.346
6270.589457260008,595.150390625,9.641
6270.912283551006,456.78515625,7.21
6271.235015982005,747.02294921875,8.352
6271.558411861013,595.15087890625,9.153
6271.8817335620115,595.15087890625,9.37
6272.20478171602,456.78564453125,7.171
6272.528591178998,724.5234375,8.196
6272.851321529015,595.1513671875,8.959
6273.173697947001,595.1513671875,9.408
6273.4972880410205,489.6884765625,8.585
6273.819805840001,1029.7724609375,7.86
6274.146334696998,595.15185546875,8.765
6274.471668183018,595.15185546875,9.385
6274.793235195015,595.15185546875,9.757
6275.1158966140065,456.78662109375,7.288
6275.439915972005,747.0244140625,8.468
6275.764087687014,595.15234375,9.075
6276.0869470970065,516.40185546875,9.525
6276.41145908102,456.787109375,6.976
6276.733559136017,724.52490234375,8.196
6277.0559644180175,477.029296875,8.997
6277.37847389502,595.15283203125,9.331
6277.700638977025,498.0048828125,8.43
6278.022923454002,1029.77392578125,7.782
6278.344601637014,595.1533203125,8.687
6278.6663482389995,477.02197265625,9.269
6278.987733996008,595.1533203125,9.602
6279.308282377024,456.7880859375,7.366
6279.630039251002,747.02587890625,8.391
6279.952372626023,595.15380859375,9.191
6280.274365540012,595.15380859375,9.408
6280.596385208017,456.78857421875,7.171
6280.918726807024,724.5263671875,8.196
6281.241092919023,595.154296875,8.881
6281.563285328011,595.154296875,9.424
6281.885866135999,489.69140625,8.585
6282.207377176004,1029.775390625,7.471
6282.530046211003,615.5400390625,8.648
6282.851494113012,595.15478515625,9.191
6283.17348577801,595.15478515625,9.447
6283.495537894021,456.78955078125,7.093
6283.821326978999,747.02734375,8.352
6284.1443958989985,595.1552734375,8.997
6284.466716569004,595.1552734375,9.486
6284.794863243005,456.7900390625,7.354
6285.118732673,724.52783203125,7.963
6285.443132395012,595.15576171875,8.881
6285.766464109009,595.15576171875,9.37
6286.090706320014,489.69287109375,8.818
6286.412318356015,1029.77685546875,7.704
6286.734571662004,595.15625,8.803
6287.058153881022,595.15625,9.23
6287.383411458024,595.15625,9.602
6287.706453081017,456.791015625,7.132
6288.031260785006,747.02880859375,8.313
6288.356190957013,595.15673828125,9.191
6288.680083779007,595.15673828125,9.37
6289.004534093023,456.79150390625,7.171
6289.328115576005,724.529296875,7.963
6289.653313662013,595.1572265625,8.842
6289.978163926018,499.54833984375,9.463
6290.302329206024,489.6943359375,8.701
6290.624714741018,1029.7783203125,7.471
6290.9486778050195,589.53271484375,8.624
6291.2717644860095,595.15771484375,9.23
6291.594140516012,595.15771484375,9.447
6291.917382786021,456.79248046875,6.976
6292.2429139070155,747.0302734375,8.352
6292.5665535990265,595.158203125,8.997
6292.892238646018,595.158203125,9.486
6293.218580517016,456.79296875,7.405
6293.541920518008,724.53076171875,8.002
6293.863852275012,595.15869140625,8.92
6294.185376466019,595.15869140625,9.308
6294.508041242021,489.69580078125,8.92
6294.830638687999,1029.77978515625,7.432
6295.155451669998,589.5341796875,8.507
6295.48140290202,626.79443359375,9.269
6295.805317996012,595.1591796875,9.408
6296.128576393006,456.7939453125,6.937
6296.454349027015,755.974609375,8.235
6296.776985577017,595.15966796875,9.036
6297.100622837024,595.15966796875,9.408
6297.422131250001,456.79443359375,7.587
6297.74450539102,724.5322265625,7.963
6298.06605499002,595.16015625,8.92
6298.390121097007,595.16015625,9.308
6298.7129994160205,510.77880859375,9.075
6299.036323735025,1029.78125,7.432
6299.359162181005,589.53564453125,8.585
6299.682447363011,595.16064453125,9.153
6300.006355159014,595.16064453125,9.525
6300.329908703017,456.79541015625,7.015
6300.6526233360055,724.533203125,8.158
6300.974429840018,595.1611328125,9.075
6301.296212022018,595.1611328125,9.346
6301.61841530801,456.7958984375,7.782
6301.9418764639995,724.53369140625,8.002
6302.263701336022,595.16162109375,8.803
6302.586517988006,595.16162109375,9.37
6302.9086299430055,595.16162109375,9.424
6303.231502693001,984.78271484375,7.548
6303.554520984006,589.537109375,8.585
6303.876315999019,595.162109375,9.114
6304.1987407010165,595.162109375,9.447
6304.520474145014,456.796875,6.898
6304.842534513009,724.53466796875,8.041
6305.167329541,595.16259765625,8.881
6305.48961628601,477.033203125,9.408
6305.814741822018,497.7333984375,8.054
6306.138937468,1029.78369140625,8.002
6306.463141242013,595.1630859375,8.842
6306.786328275019,595.1630859375,9.308
6307.10807887101,595.1630859375,9.641
6307.429461293999,984.7841796875,7.471
6307.753160570021,589.53857421875,8.43
6308.078104690998,595.16357421875,9.23
6308.400985472021,595.16357421875,9.408
6308.722057867009,456.79833984375,7.288
6309.044027640019,724.5361328125,8.274
6309.368834410998,595.16455078125,9.036
6309.693066794018,595.1640625,9.37
6310.016590127023,456.798828125,7.821
6310.338685471012,724.53662109375,8.041
6310.66027385302,595.16455078125,8.803
6310.982252681017,595.16455078125,9.385
6311.3057244920055,595.16455078125,9.385
6311.629168269021,989.10009765625,7.548
6311.9527526599995,589.5400390625,8.61
6312.274642908014,595.1650390625,9.114
6312.600039109006,635.80029296875,9.525
6312.921883788018,456.7998046875,7.054
6313.243155230011,724.53759765625,8.119
6313.564847071015,595.16552734375,8.997
6313.886500095017,595.16552734375,9.447
6314.211524409009,456.80029296875,7.938
6314.532955889008,1029.787109375,8.041
6314.855761978019,595.166015625,8.803
6315.17775507801,595.166015625,9.308
6315.5002398440265,595.166015625,9.602
6315.821328974998,984.787109375,7.432
6316.145336484013,589.54150390625,8.43
6316.470050355012,595.16650390625,9.191
6316.792720599013,595.16650390625,9.37
6317.116641673027,456.80126953125,6.937
6317.439459123008,724.5390625,8.08
6317.763764626026,595.1669921875,8.92
6318.088296442002,595.1669921875,9.385
6318.409569419018,492.5166015625,8.158
6318.731895875011,1029.7880859375,7.86
6319.055290433025,626.802734375,8.842
6319.377558646025,595.16748046875,9.269
6319.701912568009,626.802734375,9.757
