time_s,memory_mb,power_w
0.15790952199313324,424.71630859375,2.25
0.48121200599416625,456.20068359375,2.092
0.8030713769985596,546.7021484375,2.29
1.3069126170012169,1390.70263671875,3.508
1.630598278992693,746.9541015625,6.159
1.952356174995657,533.20068359375,8.198
2.2741773369925795,595.08203125,9.066
2.5960715569963213,468.53271484375,7.69
2.918890985994949,1029.70263671875,6.882
3.2413465970021207,589.45703125,8.418
3.563197615003446,595.08203125,9.168
3.8856506979936967,595.08203125,9.595
4.208290313996258,456.71630859375,7.378
4.530530557996826,746.9541015625,8.56
4.8526476949919015,595.08203125,9.168
5.180544224000187,595.08203125,9.712
5.504995504990802,456.71630859375,7.495
5.8277119859994855,724.4541015625,8.068
6.15311279699381,595.08203125,9.09
6.4753403369977605,595.08203125,9.478
6.797007347995532,489.619140625,8.988
7.122680453991052,1029.70263671875,7.6
7.444525230996078,589.45703125,8.677
7.766932261991315,595.08203125,9.323
8.088902321993373,595.08203125,9.673
8.413057049998315,456.71630859375,7.261
8.736278726995806,746.9541015625,8.482
9.058533689996693,595.08203125,9.206
9.381977582001127,626.71728515625,9.673
9.704388900994672,456.71630859375,7.69
10.02686412500043,724.4541015625,8.366
10.34940901499067,595.08203125,9.09
10.67211726999085,595.08203125,9.634
10.995512647990836,489.619140625,8.794
11.318375945993466,1029.70263671875,7.6
11.64095613299287,589.45703125,8.755
11.964202545990702,595.08203125,9.44
12.285981013992568,595.08203125,9.696
12.608273288991768,456.71630859375,7.456
12.930863426998258,746.9541015625,8.521
13.253050929997698,516.32568359375,9.362
13.575485416004085,595.08203125,9.595
13.901862186990911,456.71630859375,7.3
14.224191772998893,724.4541015625,8.093
14.547095743997488,595.08203125,8.973
14.870524687998113,621.09228515625,9.556
15.193058471995755,489.619140625,8.949
15.516900196002098,1029.70263671875,7.6
15.839246261995868,589.45703125,8.716
16.161642153994762,595.08203125,9.517
16.483855001002667,595.08203125,9.696
16.807703027996467,465.701171875,7.339
17.129873728990788,746.95458984375,8.56
17.45227272399643,595.08251953125,9.284
17.77397669199854,595.08251953125,9.634
18.09909560199594,465.70166015625,7.534
18.421391554002184,724.455078125,8.054
18.744168574994546,595.0830078125,9.09
19.06673416600097,595.0830078125,9.517
19.388745500997175,489.6201171875,9.09
19.711247154002194,1029.7041015625,8.054
20.032794796992675,595.08349609375,9.051
20.355631115002325,595.083984375,9.595
20.677415466998355,595.08349609375,9.889
20.998889251000946,984.70458984375,7.912
21.322715963993687,488.38427734375,8.74
21.64540210099949,510.70263671875,9.478
21.96776288500405,595.083984375,9.696
22.290076595993014,465.703125,7.612
22.61182462699071,724.45654296875,8.482
22.93405907099077,510.703125,9.323
23.256423086990253,595.08447265625,9.618
23.579054182002437,465.70361328125,8.029
23.90134257900354,724.45703125,8.249
24.223162291003973,595.0849609375,9.245
24.547034763992997,595.0849609375,9.502
24.872734263000893,489.6220703125,9.206
25.194750683993334,1029.7060546875,7.976
25.51743099599844,595.08544921875,9.012
25.839527129995986,595.08544921875,9.401
26.1613650819927,595.08544921875,9.851
26.482145372996456,465.70458984375,7.639
26.80520527799672,746.9580078125,8.677
27.1276925909915,595.0859375,9.401
27.449967323002056,595.0859375,9.657
27.77366878099565,465.705078125,7.261
28.09533463200205,724.45849609375,8.482
28.417851224992773,595.08642578125,9.284
28.739736728995922,595.08642578125,9.54
29.061066249996657,492.43603515625,8.56
29.38817775399366,1029.70751953125,7.756
29.710870319991955,595.0869140625,8.857
30.035227795000537,595.0869140625,9.44
30.356980878990726,595.0869140625,9.812
30.682338541999343,465.7060546875,7.639
31.00495001699892,746.95947265625,8.755
31.327492658994743,595.08740234375,9.323
31.650506991994916,595.08740234375,9.773
31.97419884899864,465.70654296875,7.261
32.29649559500103,724.4599609375,8.443
32.621225208000396,595.087890625,9.245
32.94345014299324,595.087890625,9.579
33.26583866699366,492.4375,8.443
33.58780301899242,1029.708984375,8.068
33.912236463991576,589.46337890625,9.09
34.23454578500241,595.08837890625,9.502
34.55806806799956,595.08837890625,9.851
34.878201489002095,465.70751953125,7.183
35.2020487080008,724.4609375,8.288
35.52452212999924,635.72412109375,9.245
35.847568430996034,595.0888671875,9.54
36.171472162997816,465.7080078125,7.99
36.49375287500152,724.46142578125,8.249
36.815929071002756,595.08935546875,9.012
37.13932920599473,595.08935546875,9.696
37.46166732699203,595.08935546875,9.517
37.7831418709975,984.71044921875,7.639
38.10556197799451,589.46484375,8.663
38.428097063995665,595.08984375,9.44
38.751824630991905,595.08984375,9.579
39.077975495994906,465.708984375,6.764
39.39944895199733,724.46240234375,8.093
39.721822081002756,595.09033203125,8.935
40.044397902995115,595.09033203125,9.44
40.36709804899874,489.62744140625,8.599
40.68941344799532,1029.71142578125,7.405
41.01224870099395,589.4658203125,8.56
41.335135954999714,595.0908203125,9.401
41.65695399600372,595.0908203125,9.502
41.98168734899082,465.7099609375,6.949
42.30242110299878,724.46337890625,8.21
42.62510902299255,595.09130859375,9.051
42.94745178199082,595.09130859375,9.44
43.2710322389903,465.71044921875,7.951
43.59346101600386,1029.71240234375,7.976
43.9182020159933,595.091796875,8.896
44.24074740399374,595.091796875,9.362
44.56263238900283,595.091796875,9.696
44.88662440799817,465.7109375,7.339
45.21129452600144,746.96435546875,8.56
45.5339344439999,595.09228515625,9.129
45.85675356700085,595.09228515625,9.579
46.183664066003985,465.71142578125,7.066
46.505769344992586,724.46484375,8.249
46.82881007299875,595.0927734375,9.129
47.151627914994606,595.0927734375,9.463
47.47298251600296,492.4423828125,8.443
47.795357369992416,1029.7138671875,7.678
48.11689757599379,595.09326171875,8.779
48.43987558200024,595.09326171875,9.323
48.76314041200385,595.09326171875,9.696
49.08446736399492,465.71240234375,7.261
49.40665171499131,746.9658203125,8.327
49.72934670500399,516.34326171875,9.206
50.05086604600365,595.09375,9.463
50.3760052939906,465.712890625,7.3
50.69874790099857,724.46630859375,7.976
51.02271121299418,595.09423828125,8.935
51.343728651001584,595.09423828125,9.463
51.668992446997436,489.63134765625,9.012
51.99017347399786,713.71484375,7.522
52.31113977500354,589.4697265625,8.624
52.63397201499902,595.0947265625,9.168
52.95699360399158,626.72998046875,9.579
53.28205348899064,465.7138671875,6.764
53.604980228003114,724.46728515625,8.054
53.92690505000064,595.09521484375,9.012
54.2487889109907,595.09521484375,9.424
54.57078563999676,492.44482421875,8.366
54.892799487992306,1029.71630859375,7.86
55.21586014999775,595.095703125,8.896
55.53803153800254,595.095703125,9.362
55.8605308719998,595.095703125,9.773
56.18156130099669,984.716796875,7.756
56.50412460399093,499.646484375,8.599
56.82675824499165,599.5458984375,9.284
57.14845441999205,595.09619140625,9.618
57.47000803099945,465.71533203125,7.261
57.79210677600349,724.46875,8.21
58.11429755599238,595.0966796875,9.09
58.43675752799027,626.73193359375,9.54
58.75912850500026,507.79248046875,8.249
59.08205050499237,1029.7177734375,8.015
59.40463518300385,476.9677734375,8.935
59.727290359995095,595.09716796875,9.323
60.04971157699765,626.732421875,9.773
60.37298955499136,465.71630859375,7.105
60.695005417001084,746.9697265625,8.288
61.01740080899617,595.09765625,9.168
61.338098234991776,595.09765625,9.463
61.66219489100331,465.716796875,7.261
61.984252480993746,724.47021484375,7.821
62.30543686400051,595.09814453125,8.857
62.627607417991385,595.09814453125,9.385
62.94984152499819,595.09814453125,9.323
63.27084043099603,984.71923828125,7.366
63.593113130991696,589.4736328125,8.404
63.91704747699259,499.46728515625,9.245
64.23899194400292,595.0986328125,9.54
64.56203327300318,465.7177734375,6.871
64.88409479799157,724.47119140625,8.171
65.21008769699256,595.09912109375,9.129
65.53251019200252,595.09912109375,9.385
65.85474653900019,492.44873046875,8.327
66.17783612399944,1029.72021484375,7.743
66.5001746170019,595.099609375,8.701
66.8223491050012,626.73486328125,9.308
67.14572717899864,595.099609375,9.773
67.46895260800375,465.71875,7.144
67.79207297800167,746.97216796875,8.288
68.11474735099182,482.59375,9.206
68.43724296799337,595.10009765625,9.463
68.76213500199083,465.71923828125,7.3
69.08471369199106,724.47265625,7.86
69.40799217799213,595.1005859375,8.973
69.73061083699577,595.1005859375,9.308
70.05319717599195,485.40673828125,9.129
70.37504451700079,984.7216796875,7.261
70.69738294499984,589.47607421875,8.327
71.02038878199528,476.9697265625,9.206
71.34427585999947,595.10107421875,9.502
71.66786993699498,465.72021484375,6.871
71.98987731499074,724.4736328125,8.21
72.31358755499241,595.1015625,9.129
72.63604643299186,595.1015625,9.424
72.95818373399379,492.451171875,8.404
73.27987769400352,1029.72265625,7.756
73.60249942399969,595.10205078125,8.74
73.92497561399068,595.10205078125,9.308
74.24681703399983,595.10205078125,9.734
74.56794553800137,465.72119140625,7.171
74.89033186899906,746.974609375,8.327
75.21407100500073,510.72119140625,9.206
75.53643359099806,595.1025390625,9.463
75.86094020400196,465.7216796875,7.249
76.18397768799332,724.47509765625,7.899
76.50598509599513,595.10302734375,8.935
76.82813103499939,595.10302734375,9.308
77.1521687709901,626.73828125,9.245
77.47525367999333,555.72265625,7.561
77.79740835499251,589.478515625,8.663
78.11950606899336,595.103515625,9.245
78.44171194599767,493.85302734375,9.618
78.76591950899456,465.72265625,7.222
79.08853230800014,724.47607421875,8.288
79.41175670899975,595.10400390625,9.245
79.73371528199641,595.10400390625,9.424
80.05496033099189,465.72314453125,7.873
80.37746983100078,1029.72509765625,8.015
80.69954495099955,595.1044921875,8.896
81.02195371199923,595.1044921875,9.346
81.343919869003,595.1044921875,9.696
81.66486602999794,465.7236328125,7.261
81.98653108999133,746.97705078125,8.482
82.30969955099863,615.490234375,9.284
82.63207695099118,595.10498046875,9.502
82.95634733099723,465.72412109375,7.366
83.27982223199797,724.4775390625,8.093
83.60261269900366,595.10546875,9.09
83.92516920699563,595.10546875,9.463
84.24621402499906,489.642578125,8.973
84.5679054850043,1029.7265625,7.639
84.89258771500317,589.48095703125,8.663
85.21449521300383,595.10595703125,9.385
85.53660911599582,595.10595703125,9.657
85.86042744999577,465.72509765625,7.027
86.18211007700302,724.478515625,8.21
86.50503005000064,510.72509765625,9.168
86.82810170699668,595.1064453125,9.424
87.15198340300412,465.7255859375,7.873
87.4746352719958,724.47900390625,8.015
87.79713075299514,595.10693359375,8.779
88.11914721199719,595.10693359375,9.424
88.44193329299742,595.10693359375,9.424
88.76365854399046,984.72802734375,7.405
89.08828352300043,589.482421875,8.43
89.41416012099944,595.107421875,9.245
89.73730576300295,595.107421875,9.463
90.06065259399475,465.7265625,6.949
90.38258889099234,724.47998046875,8.093
90.70628533199488,595.10791015625,8.896
91.02931656999863,621.1181640625,9.385
91.35325423299219,492.45751953125,8.054
91.67752249700425,1029.72900390625,7.639
91.99990962199809,595.1083984375,8.663
92.32208150799852,595.1083984375,9.308
92.64420184100163,595.1083984375,9.657
92.96786403999431,465.7275390625,6.949
93.29065267799888,746.98095703125,8.249
93.6146947919915,599.42333984375,9.09
93.93854230699071,595.10888671875,9.385
94.26388400800352,465.72802734375,7.249
94.58847663199413,724.4814453125,7.938
94.91058576399519,595.109375,8.857
95.23225446700235,595.109375,9.308
95.55457758800185,489.646484375,8.857
95.8761874740012,1029.73046875,7.366
96.19986839199555,589.48486328125,8.546
96.5216010009899,595.10986328125,9.09
96.84545488299045,595.10986328125,9.579
97.16710044899082,465.72900390625,6.832
97.48903962300392,724.482421875,8.015
97.8106079059944,595.1103515625,8.935
98.13307851899299,595.1103515625,9.502
98.45485714399547,465.7294921875,8.015
98.77717184799258,1029.7314453125,7.639
99.09879094800272,595.11083984375,8.624
99.42114059599407,595.11083984375,9.269
99.7425676589919,595.11083984375,9.657
100.06371039399528,465.72998046875,7.21
100.38577881899255,746.9833984375,8.366
100.70887482300168,595.111328125,9.168
101.03017864999129,595.111328125,9.424
101.35621166299097,465.73046875,7.105
101.6784293709934,724.48388671875,7.899
102.00021458699484,595.11181640625,8.896
102.32192421700165,595.11181640625,9.346
102.64632441700087,489.64892578125,8.857
102.96851181899547,1029.73291015625,7.366
103.29088309899089,589.4873046875,8.546
103.61285212700022,595.1123046875,9.168
103.93464915099321,595.1123046875,9.54
104.25867001099687,465.7314453125,6.91
104.58122699199885,724.48486328125,8.054
104.90275203899364,595.11279296875,8.973
105.22417164400395,595.11279296875,9.424
105.54622620998998,465.73193359375,7.912
105.86873166800069,1029.73388671875,7.86
106.19093625400274,595.11328125,8.857
106.51353515499795,595.11328125,9.269
106.83773329899122,595.11328125,9.734
107.15816311599337,984.734375,7.444
107.48125297400111,493.857421875,8.391
107.8033524039929,595.1142578125,9.129
108.12495988499722,595.11376953125,9.463
108.45173397200415,465.73291015625,6.832
108.77550340000016,724.486328125,8.093
109.0986926839978,595.1142578125,8.973
109.42084001899639,595.1142578125,9.308
109.74213897899608,471.36181640625,8.404
110.06392377600423,1029.7353515625,7.444
110.38843904799432,493.86962890625,8.701
110.71186696199584,595.11474609375,9.153
111.03583361000346,617.6142578125,9.579
111.35667998099234,465.73388671875,6.792
111.67850013799034,544.52783203125,8.171
111.9996835100028,595.115234375,9.012
112.32112442499783,595.115234375,9.385
112.64329313499911,465.734375,7.639
112.9657487969962,713.234375,7.938
113.28714753499662,595.11572265625,8.779
113.60932853299892,499.841796875,9.346
113.93112321700028,595.11572265625,9.463
114.25161863300309,984.73681640625,7.366
114.57368797999516,589.4912109375,8.391
114.89514914999017,488.23486328125,9.191
115.21653508600139,595.1162109375,9.424
115.53754056399339,465.7353515625,6.792
115.8594747390016,724.48876953125,7.976
116.18121332400187,595.11669921875,8.779
116.50334619199566,595.11669921875,9.346
116.82557707899832,489.65380859375,8.624
117.1471994369931,1029.73779296875,7.327
117.4698456949991,589.4921875,8.468
117.79160354399937,533.23583984375,9.191
118.11317546799546,595.1171875,9.424
118.43412471900228,465.736328125,6.675
118.75645906399586,724.48974609375,7.938
119.07974095499958,595.11767578125,8.857
119.40182380499027,595.11767578125,9.424
119.72351938000065,482.6142578125,8.054
120.04574796099041,1029.73876953125,7.639
120.36781212200003,595.1181640625,8.624
120.68991890799953,617.61767578125,9.308
121.01125533699815,595.1181640625,9.618
121.33434160499019,465.7373046875,6.91
121.65658471499046,746.99072265625,8.21
121.97949376200268,595.11865234375,9.012
122.3040115259937,595.11865234375,9.463
122.62728394300211,465.73779296875,7.327
122.94916112200008,724.4912109375,7.782
123.27122550600325,595.119140625,8.779
123.5933989490004,595.119140625,9.346
123.91548432499985,595.119140625,9.245
124.23638512399339,984.740234375,7.327
124.55807045700203,589.49462890625,8.352
124.87991640200198,595.11962890625,9.153
125.20160199099337,595.11962890625,9.424
125.52533793999464,465.73876953125,6.753
125.8485420979996,724.4921875,7.976
126.17152532299224,595.1201171875,8.857
126.49601447599707,595.1201171875,9.346
126.81813777200296,489.6572265625,8.521
127.14157556799182,1029.7412109375,7.587
127.46525410699542,595.12060546875,8.74
127.7878295440023,595.12060546875,9.191
128.11285912699532,595.12060546875,9.579
128.43464970999048,465.73974609375,6.832
128.75711595900066,746.9931640625,8.21
129.07938639399072,595.12109375,8.973
129.40234033600427,476.98974609375,9.463
129.72357464699598,465.740234375,7.522
130.0459970219963,724.49365234375,7.899
130.3678013329918,595.12158203125,8.74
130.6900474790018,595.12158203125,9.346
131.0112413399911,595.12158203125,9.385
131.3321490489907,984.74267578125,7.561
131.653534690995,589.4970703125,8.546
131.9747323920019,595.1220703125,9.191
132.29726792199654,595.1220703125,9.463
132.61851464799838,465.7412109375,7.027
132.94054507499095,724.49462890625,8.093
133.26212627399946,595.12255859375,8.973
133.5839939449943,595.12255859375,9.463
133.9054242919956,472.83740234375,8.054
134.22720459999982,1029.74365234375,7.704
134.54940485500265,595.123046875,8.74
134.8713546719955,595.123046875,9.269
135.19275423299405,595.123046875,9.696
135.51391241200326,465.7421875,7.171
135.8359019089985,746.99560546875,8.313
136.15774529099872,595.12353515625,9.114
136.47961379199114,595.12353515625,9.385
136.80116318099317,465.74267578125,7.144
137.1231518459972,724.49609375,7.899
137.4454357509967,595.1240234375,8.857
137.76707064599032,595.1240234375,9.346
138.09448208399408,489.6611328125,8.857
138.4174882160005,1029.7451171875,7.444
138.74052138900151,589.49951171875,8.546
139.06299307399604,595.12451171875,9.308
139.38520264100225,595.12451171875,9.502
139.7065501670004,465.74365234375,6.988
140.03042803499557,544.53759765625,8.274
140.35240559399244,595.125,9.012
140.67461490399728,599.439453125,9.463
140.99625078999088,465.744140625,7.6
141.32119470299222,724.49755859375,7.938
141.64439507899806,488.25537109375,8.935
141.96654781099642,595.12548828125,9.346
142.28901197499363,468.560546875,9.129
142.61117865898996,1029.74658203125,7.483
142.93436479500087,589.5009765625,8.624
143.2557910100004,595.1259765625,9.153
143.5807549549936,595.1259765625,9.618
143.90219915399211,465.7451171875,6.949
144.22437066899147,724.49853515625,8.054
144.54598824999994,595.12646484375,8.973
144.86757805300294,595.12646484375,9.424
145.190292047002,465.74560546875,7.899
145.51193042699015,1029.74755859375,8.015
145.8337964300008,595.126953125,8.818
146.15848276599718,595.126953125,9.424
146.48067943299247,595.126953125,9.54
146.80145855699084,984.748046875,7.444
147.12376421899535,589.50244140625,8.43
147.44653997500427,499.853515625,9.191
147.76913485999103,595.12744140625,9.385
148.09356730099535,465.74658203125,6.792
148.41710640399833,724.5,8.132
148.74050505599007,595.1279296875,9.012
149.06249269300315,595.1279296875,9.308
149.38391071399383,492.4775390625,8.366
149.70539731199096,1029.7490234375,7.587
150.02771961399412,595.12841796875,8.779
150.35128604600322,595.12841796875,9.269
150.67370723000204,595.12841796875,9.618
150.99960066899075,465.74755859375,7.054
151.3227569449955,747.0009765625,8.274
151.6462489109981,621.13330078125,9.153
151.96836221400008,595.12890625,9.424
152.29441917699296,465.748046875,7.21
152.618959266998,724.50146484375,8.015
152.94117772499158,595.12939453125,8.896
153.26493872099672,499.50927734375,9.463
153.5863042909914,489.66650390625,8.779
153.9108927979978,1029.75048828125,7.483
154.23277041400434,589.5048828125,8.624
154.55483318699407,595.1298828125,9.269
154.87703561100352,595.1298828125,9.54
155.19935755900224,465.7490234375,6.949
155.5224806490005,556.455078125,8.235
155.84401137499663,595.13037109375,8.997
156.16586498900142,595.13037109375,9.424
156.48799368400068,465.74951171875,7.639
156.8124234650022,724.5029296875,7.938
157.13472080299107,595.130859375,8.857
157.45696546799445,595.130859375,9.385
157.77913595500286,595.130859375,9.269
158.10257463699963,994.9111328125,7.561
158.42597613300313,589.50634765625,8.624
158.74982964199444,595.13134765625,9.114
159.0746159440023,595.13134765625,9.579
159.3980410889926,465.75048828125,6.988
159.72045254199475,724.50390625,8.093
160.045404384,595.1318359375,8.997
160.3704305650026,595.1318359375,9.385
160.69193530399934,465.7509765625,7.899
161.0164490219904,724.50439453125,8.093
161.33871531899786,615.517578125,8.959
161.6619374169968,595.13232421875,9.346
161.984489096998,599.58203125,9.168
162.30646226499812,1029.75341796875,7.483
162.63089050799317,589.5078125,8.624
162.953481420991,595.1328125,9.114
163.27657036299934,595.1328125,9.579
163.60113384199212,465.751953125,7.027
163.92352846100403,724.50537109375,8.093
164.24580570000398,595.13330078125,8.973
164.56826457699935,595.13330078125,9.385
164.89115236100042,465.75244140625,7.899
165.21367667899176,1029.75439453125,8.015
165.53562555699318,595.1337890625,8.818
165.86026346900326,510.75244140625,9.424
166.18292612700316,595.1337890625,9.463
166.50667946999602,984.7548828125,7.522
166.83003789099166,589.50927734375,8.507
167.1531484320003,595.13427734375,9.23
167.475233345991,595.13427734375,9.502
167.7970731319947,465.75341796875,6.792
168.12012984800094,724.5068359375,8.054
168.44354740499693,595.134765625,8.973
168.76652200699027,595.134765625,9.424
169.08841756999027,492.484375,8.21
169.41116035699088,1029.755859375,7.743
169.73299767899152,595.13525390625,8.779
170.05442193300405,595.13525390625,9.346
170.37655785499373,595.13525390625,9.734
170.70072141599667,465.75439453125,7.366
171.0231490570004,747.0078125,8.507
171.3450810689974,595.1357421875,9.075
171.66751978298998,595.1357421875,9.579
171.9917272169987,465.7548828125,6.988
172.31426407699473,724.50830078125,8.249
172.6365468820004,595.13623046875,9.075
172.95916316799412,595.13623046875,9.385
173.2811391169962,492.48583984375,8.366
173.60375498699432,1029.75732421875,7.587
173.9266032470041,595.13671875,8.701
174.24811393399432,595.13671875,9.308
174.56936855000095,595.13671875,9.657
174.8923819019983,465.755859375,7.054
175.21402440099337,747.00927734375,8.274
175.53692203799437,615.5224609375,9.114
175.86029239199706,595.13720703125,9.424
176.18376668400015,465.75634765625,7.249
176.50930660199083,724.509765625,7.821
176.83195123900077,595.1376953125,8.935
177.15337325099972,595.1376953125,9.308
177.47588518100383,489.6748046875,9.012
177.79777555700275,1029.7587890625,7.51
178.11917583999457,589.51318359375,8.585
178.44091728499916,716.7734375,9.269
178.76250477299618,595.13818359375,9.502
179.08768640700146,465.75732421875,6.988
179.4102787229931,724.5107421875,8.119
179.73237899199012,595.138671875,9.075
180.05367988000216,595.138671875,9.346
180.37717353200424,465.7578125,7.743
180.6995692329947,1029.759765625,7.899
181.02085565599555,595.13916015625,8.818
181.34244506400137,595.13916015625,9.269
181.66442088100302,595.13916015625,9.657
181.98541552000097,510.75830078125,7.327
182.3076379999984,768.45458984375,8.43
182.62946600500436,595.1396484375,9.075
182.95192650800163,595.1396484375,9.54
183.2775565060001,465.7587890625,6.91
183.59954457900312,724.51220703125,8.132
183.92121251499339,516.3837890625,8.959
184.24279136100085,595.14013671875,9.308
184.56427561299643,489.67724609375,8.468
184.88566622899089,1029.76123046875,7.471
185.20799210299447,615.52001953125,8.663
185.5300752829935,595.140625,9.153
185.85178907599766,595.140625,9.463
186.17389420799736,465.759765625,6.937
186.4963812700007,747.01318359375,8.274
186.8188402349915,595.14111328125,8.997
187.14114047600015,599.45556640625,9.424
187.46492085399223,465.76025390625,7.561
187.78723069399712,724.513671875,7.899
188.1092701919988,595.1416015625,8.779
188.43125413599773,595.1416015625,9.346
188.75324678399193,595.1416015625,9.346
189.07424433199049,984.7626953125,7.483
189.39956487900054,589.51708984375,8.507
189.7223548609909,595.14208984375,9.191
190.04569164100394,595.14208984375,9.502
190.36849064700073,465.76123046875,6.91
190.69084320799448,724.5146484375,8.093
191.01478374800354,595.142578125,8.959
191.33630681499199,595.142578125,9.463
191.66037014199537,477.01708984375,8.054
191.98291458000313,1029.763671875,7.626
192.30524458100263,595.14306640625,8.663
192.62977582500025,595.14306640625,9.346
192.95190466700296,595.14306640625,9.657
193.27365893899696,465.76220703125,7.093
193.59807443599857,747.015625,8.274
193.92034814599901,595.1435546875,9.153
194.24211041799572,595.1435546875,9.385
194.56523999100318,465.7626953125,7.171
194.88750749299652,724.51611328125,7.976
195.21217541200167,595.14404296875,8.857
195.53509582699917,615.529296875,9.385
195.85724364499038,489.68115234375,8.818
196.18090824100364,1029.76513671875,7.51
196.50467047099664,589.51953125,8.663
196.8296789110027,595.14453125,9.269
197.15628563499195,595.14453125,9.579
197.47963786899345,465.763671875,6.898
197.80149102299765,747.01708984375,8.235
198.12333723199845,595.14501953125,8.959
198.44546690399875,599.45947265625,9.385
198.76733951400092,465.76416015625,7.561
199.0930511399929,724.517578125,7.938
199.41515885999252,595.1455078125,8.857
199.73907360500016,595.1455078125,9.346
200.0632545339904,595.1455078125,9.153
200.38729289799812,989.86328125,7.522
200.7118538049981,589.52099609375,8.624
201.03454787599912,595.14599609375,9.114
201.35602837799524,477.0166015625,9.54
201.6770702119975,465.76513671875,6.871
201.99895814899355,724.5185546875,8.054
202.3204378829978,595.146484375,8.881
202.64447691799433,599.4609375,9.385
202.96772524400149,492.49609375,8.093
203.2904756689968,1029.767578125,7.704
203.61513945700426,595.14697265625,8.779
203.93816364899976,595.14697265625,9.269
204.2599076769984,595.14697265625,9.657
204.5837812039972,465.76611328125,7.21
204.90596572399954,747.01953125,8.391
205.2300892409985,595.1474609375,9.075
205.55351347499527,599.59716796875,9.463
205.87520860499353,465.7666015625,7.015
206.1983125419938,724.52001953125,8.093
206.52180736999435,595.14794921875,8.896
206.84440076499595,595.14794921875,9.424
207.16846533599892,489.68505859375,8.585
207.491880896996,1029.76904296875,7.432
207.81446792300267,589.5234375,8.624
208.1355671009951,595.1484375,9.23
208.4572953189927,595.1484375,9.463
208.778595397991,465.767578125,6.937
209.10101390699856,780.7705078125,8.274
209.42416475700156,595.14892578125,8.997
209.74650483200094,595.14892578125,9.424
210.0689635979943,465.76806640625,7.6
210.39151430199854,724.521484375,7.938
210.71343734199763,595.1494140625,8.818
211.03548278399103,595.1494140625,9.385
211.35730930899445,595.1494140625,9.308
211.6783418589912,984.7705078125,7.483
212.0005425690033,589.52490234375,8.468
212.32271716700052,595.14990234375,9.191
212.64442599199538,595.14990234375,9.502
212.9661690889916,465.76904296875,6.91
213.28934732999187,724.5224609375,8.08
213.61402625199116,595.150390625,8.92
213.938694262004,516.39990234375,9.502
214.26239744499617,465.76953125,8.054
214.58469972499006,1029.771484375,7.86
214.90692609999678,595.15087890625,8.896
215.22894085200096,595.15087890625,9.269
215.55163795899716,595.15087890625,9.812
215.87359581400233,465.77001953125,7.366
216.19793162199494,747.0234375,8.468
216.51972278399626,595.1513671875,9.075
216.84257570200134,595.1513671875,9.54
217.1652130309958,465.7705078125,6.91
217.48900194399175,724.52392578125,8.093
217.81121247699775,595.15185546875,8.881
218.13227510599245,595.15185546875,9.385
218.45396296899708,489.68896484375,8.585
218.77681428698997,1029.77294921875,7.432
219.09906232399226,589.52734375,8.546
219.4234384839947,595.15234375,9.23
219.74635588399542,595.15234375,9.424
220.06788671799586,465.771484375,6.937
220.39013888299814,510.771484375,8.235
220.7118239929987,595.15283203125,9.036
221.0334426049958,595.15283203125,9.346
221.35503139199864,465.77197265625,7.665
221.67660171400348,724.525390625,7.976
221.99865121699986,595.1533203125,8.765
222.32088946200383,510.77783203125,9.385
222.64292277199274,595.1533203125,9.463
222.96463501799735,984.7744140625,7.522
223.28897559200414,589.52880859375,8.468
223.61358110100264,595.15380859375,9.23
223.93622690800112,595.15380859375,9.502
224.2571366679913,465.77294921875,6.91
224.5808284550003,724.5263671875,8.054
224.90372620499693,595.154296875,8.92
225.22597648100054,635.78955078125,9.424
225.54733098800352,492.50390625,8.171
225.8698273189948,1029.775390625,8.015
226.19239901099354,595.15478515625,8.92
226.51478263399622,595.15478515625,9.346
226.83778998599155,595.15478515625,9.734
227.15858425399347,984.77587890625,7.483
227.4807353579963,589.5302734375,8.43
227.80228209399502,493.90478515625,9.269
228.123681209996,595.1552734375,9.502
228.4477645589941,465.7744140625,7.015
228.7695286770031,724.52783203125,8.158
229.09207211100147,595.15576171875,8.959
229.4135699489998,510.7744140625,9.463
229.73522331200365,493.8515625,8.171
230.05842423599097,1029.77685546875,7.782
230.38186868699268,595.15625,8.74
230.70312850199116,595.15625,9.308
231.0254589709948,595.15625,9.68
231.34990885699517,465.775390625,7.366
231.67171739100013,747.02880859375,8.507
231.99313125800109,595.15673828125,9.114
232.31555392099835,595.15673828125,9.579
232.636543583998,465.77587890625,6.937
232.95837893399585,724.529296875,8.119
233.2802872780012,595.1572265625,8.959
233.60168107999198,595.1572265625,9.463
233.9235018699983,489.6943359375,8.585
234.24514108699805,1029.7783203125,7.587
234.56711531999463,606.4072265625,8.74
234.88831311599643,595.15771484375,9.23
235.21006977600337,595.15771484375,9.657
235.53342491100193,465.77685546875,7.093
235.8562452479964,747.0302734375,8.313
236.17819365600008,595.158203125,9.114
236.5008205149934,595.158203125,9.502
236.8270829289977,465.77734375,7.327
237.15294821299904,724.53076171875,8.015
237.47803289900185,595.15869140625,8.881
237.80105996099883,477.02734375,9.463
238.12488288400345,489.69580078125,8.701
238.44884273900243,1029.77978515625,7.432
238.7705124829954,589.5341796875,8.585
239.09759715899418,595.1591796875,9.308
239.41959104000125,595.1591796875,9.502
239.7405996460002,465.7783203125,6.976
240.06332055399253,747.03173828125,8.313
240.38782452000305,595.15966796875,9.036
240.71209244600323,626.794921875,9.502
241.0357095389918,465.77880859375,7.522
241.3594232100004,724.5322265625,8.119
241.68151482100075,595.16015625,8.92
242.0033664569928,599.474609375,9.385
242.32831843399617,489.697265625,8.818
242.6511025439977,1029.78125,7.471
242.97327527600282,589.53564453125,8.624
243.2952675879933,595.16064453125,9.269
243.61686747299973,595.16064453125,9.463
243.93831807299284,465.77978515625,6.976
244.26209340999776,544.53271484375,8.274
244.5838960199908,595.1611328125,9.036
244.90515355899697,595.1611328125,9.424
245.22841931300354,465.78076171875,7.6
245.55035466200206,1029.703125,7.51
245.87334904899762,595.08251953125,8.701
246.19695369199326,595.08251953125,9.269
246.52010190600413,595.08251953125,9.734
246.8456760429981,465.701171875,7.327
247.1680273069942,746.95458984375,8.468
247.49294366600225,595.08251953125,9.075
247.815812447996,595.08251953125,9.54
248.1365188990021,465.70166015625,7.093
248.4593450879911,724.455078125,8.235
248.7820201049908,595.0830078125,9.075
249.10368847000063,595.0830078125,9.346
249.42518371000187,492.4326171875,8.313
249.74667117399804,1029.7041015625,7.51
250.0687932479923,595.08349609375,8.74
250.39134211599594,595.08349609375,9.153
250.7131758619944,595.08349609375,9.579
251.03722054699028,465.70263671875,7.015
251.36033928800316,746.9560546875,8.313
251.68220125699008,595.083984375,8.997
252.00423439999577,595.083984375,9.502
252.32641285799036,465.703125,7.405
252.65185137299704,724.45654296875,7.86
252.9741858030029,476.955078125,8.881
253.2969773980003,595.08447265625,9.269
253.6197093429946,621.0947265625,9.114
253.941464300995,1029.70556640625,7.483
254.2631384569977,589.4599609375,8.624
254.5856895649922,595.0849609375,9.114
254.9076900020009,595.0849609375,9.579
255.22930537199136,465.7041015625,6.871
255.55230314699293,724.45751953125,8.002
255.87482903800264,595.08544921875,8.881
256.1968346270005,595.08544921875,9.463
256.51858283199545,479.7666015625,8.054
256.84261164299096,1029.70654296875,7.704
257.16477160400245,595.08642578125,8.74
257.4866364519985,595.0859375,9.269
257.8080756239942,595.0859375,9.696
258.12905843199405,465.705078125,7.132
258.45138482899347,746.95849609375,8.274
258.77432461800345,595.08642578125,9.114
259.09608015099366,595.08642578125,9.385
259.4206291040027,465.70556640625,7.132
259.7451479119918,724.458984375,7.899
260.06954578899604,595.0869140625,8.842
260.3917274449923,595.0869140625,9.385
260.71631332699326,489.6240234375,8.818
261.0391937539971,1029.7080078125,7.471
261.36075827300374,589.46240234375,8.546
261.682188227991,595.08740234375,9.269
262.0043527309899,595.08740234375,9.463
262.3280113869987,465.70654296875,6.898
262.6521986019943,724.4599609375,8.119
262.97500462600146,595.087890625,9.075
263.2986061279953,595.087890625,9.346
263.6219723599934,465.70703125,7.704
263.9435216129932,724.46044921875,8.015
264.26501822599676,595.08837890625,8.779
264.58949863199086,595.08837890625,9.424
264.91282428600243,595.08837890625,9.385
265.2358135149989,984.70947265625,7.483
265.55722327600233,589.4638671875,8.468
265.8795983119926,595.0888671875,9.23
266.2034762370022,595.0888671875,9.463
266.52510091599834,465.7080078125,6.988
266.8467653400003,724.46142578125,8.08
267.16877822199604,595.08935546875,8.959
267.49046680699394,621.099609375,9.424
267.81411912500334,492.43896484375,8.171
268.13760529400315,1029.71044921875,7.626
268.45954879799683,595.08984375,8.624
268.7823109479941,626.72509765625,9.269
269.1062752739963,595.08984375,9.641
269.431021573997,465.708984375,7.548
269.75557526000193,746.96240234375,8.585
270.0783751709969,595.09033203125,9.153
270.40304217199446,595.09033203125,9.579
270.7299093299953,465.70947265625,6.937
271.05449117699754,724.462890625,8.158
271.37858532999235,595.0908203125,9.036
271.70388636399,595.0908203125,9.424
272.0281033689971,492.4404296875,8.171
272.3509503840032,1029.7119140625,8.015
272.67306345899124,595.09130859375,8.92
272.9951330449985,595.09130859375,9.346
273.3184629210009,595.09130859375,9.734
273.63972230799845,984.71240234375,7.522
273.9647113969986,589.466796875,8.43
274.28741773599177,595.091796875,9.269
274.611066115991,595.091796875,9.463
274.93416104099015,465.7109375,6.898
275.25590255299176,724.46435546875,8.08
275.57736879399454,595.09228515625,8.959
275.89986834199226,635.7275390625,9.463
276.2231913049909,505.19189453125,8.171
276.5457745360036,1029.71337890625,7.899
276.8684496089991,505.09228515625,8.881
277.19074729600106,595.0927734375,9.308
277.5137403940025,595.0927734375,9.796
277.8359295010014,465.7119140625,7.366
278.157931690992,746.96533203125,8.468
278.4798525679944,595.09326171875,9.036
278.80196564100333,595.09326171875,9.525
279.1256763260026,465.71240234375,6.976
279.4490879619989,724.4658203125,8.196
279.77091645100154,499.64404296875,9.036
280.09383232999244,595.09375,9.346
280.4169621030014,488.21240234375,8.391
280.73892579600215,1029.71484375,7.704
281.06122940199566,595.09423828125,8.701
281.38404310100304,499.47412109375,9.385
281.70593562399154,595.09423828125,9.68
282.0275314019964,465.71337890625,7.288
282.34968245899654,746.966796875,8.391
282.67153795699414,595.0947265625,9.153
282.9945417729905,595.0947265625,9.54
283.32008037899504,465.7138671875,7.132
283.6427337859932,724.46728515625,8.235
283.96829018399876,476.9638671875,9.075
284.29195366599015,595.09521484375,9.346
284.61389364500064,492.44482421875,8.352
284.9361242879968,1029.71630859375,7.704
285.2583376179973,595.095703125,8.701
285.5824951620016,595.095703125,9.385
285.9041782050044,595.095703125,9.757
286.22899263,465.71484375,7.366
286.55098077,746.96826171875,8.507
286.8727837530023,595.09619140625,9.114
287.194813205002,494.021484375,9.579
287.5203208969906,465.71533203125,7.015
287.84410934199695,724.46875,8.196
288.1670795879909,595.0966796875,9.075
288.48936312799924,595.0966796875,9.385
288.8138167099969,492.4462890625,8.391
289.1363754890044,1029.7177734375,7.976
289.4587395099952,655.982421875,8.881
289.78152962299646,595.09716796875,9.308
290.1033442850021,615.482421875,9.796
290.42426727499696,465.71630859375,7.471
290.7485926299996,768.28759765625,8.507
291.070309688992,595.09765625,9.191
291.3922352340014,595.09765625,9.54
291.71652289100166,465.716796875,7.171
292.03836497799784,724.47021484375,8.196
292.36136047099717,595.09814453125,8.997
292.6838801760023,494.0234375,9.502
293.00907441799063,479.779296875,8.132
293.33203717500146,1029.71923828125,7.743
293.65542381499836,595.0986328125,8.765
293.98044387600385,595.0986328125,9.269
294.3084224490012,716.73388671875,9.757
294.6318471059931,984.7197265625,7.51
294.9563163999992,589.47412109375,8.468
295.281530673994,476.9755859375,9.269
295.6048162549996,595.09912109375,9.463
295.9308778800041,465.71826171875,7.015
296.2532047459972,724.4716796875,8.08
296.57848954999645,595.099609375,8.92
296.9013319499936,516.34912109375,9.463
297.22363104000397,491.03076171875,8.093
297.5487654390017,1029.720703125,7.899
297.87308535099146,595.10009765625,8.842
298.19464870900265,595.10009765625,9.269
298.5183262999926,595.10009765625,9.718
298.83976098099083,984.72119140625,7.471
299.1617732779996,589.4755859375,8.43
299.48785730300006,493.84423828125,9.23
299.8111468510033,595.1005859375,9.463
300.13414019800257,465.7197265625,6.976
300.4591879380023,724.47314453125,8.08
300.7813047499949,595.10107421875,8.959
301.1038284209935,626.736328125,9.463
301.4251592590008,492.54443359375,8.171
301.7469666219986,1029.72216796875,7.743
302.069144907,595.1015625,8.726
302.3914064260025,595.1015625,9.346
302.713674921004,595.1015625,9.718
303.0348153219966,984.72265625,7.665
303.35728167799243,589.47705078125,8.546
303.6798592379928,716.7373046875,9.269
304.0017107290041,595.10205078125,9.54
304.3253713909944,465.72119140625,6.91
304.64733802099363,724.474609375,8.119
304.96969608600193,595.1025390625,9.036
305.29096858599223,595.1025390625,9.424
305.6134224289999,492.4521484375,8.249
305.93564314699324,1029.7236328125,7.704
306.25726173499424,595.10302734375,8.663
306.5795601830032,595.10302734375,9.346
306.90078352799173,595.10302734375,9.641
307.2253778459999,465.72216796875,7.366
307.5478450340015,746.9755859375,8.507
307.8726449569949,595.103515625,9.114
308.194851880995,493.85302734375,9.579
308.51507737499196,465.72265625,7.21
308.83963540400146,724.47607421875,8.235
309.1628025139944,595.10400390625,9.036
309.4877117839933,595.10400390625,9.424
309.809213888002,492.45361328125,8.21
310.1316436979978,1029.72509765625,7.86
310.4538629739982,615.48974609375,8.803
310.776176845,595.1044921875,9.308
311.0986230389972,595.1044921875,9.718
311.42037641399656,465.7236328125,7.444
311.7439963039942,746.97705078125,8.546
312.0661599619925,595.10498046875,9.075
312.39177165,595.10498046875,9.502
312.7130146749987,465.72412109375,6.976
313.0371874440025,724.4775390625,8.196
313.35986205999507,595.10546875,9.036
313.68322767000063,595.10546875,9.385
314.0088338859932,492.455078125,8.249
314.33134622499347,1029.7265625,7.86
314.6553755339992,626.7412109375,8.842
314.9793085199926,595.10595703125,9.269
315.3051076999982,494.03125,9.796
315.62599647499155,984.72705078125,7.51
315.94917299199733,505.10595703125,8.43
316.272425446994,599.4208984375,9.153
316.5941827880015,595.1064453125,9.463
316.9188804029982,465.7255859375,7.093
317.24106450799445,724.47900390625,8.158
317.5626848219981,595.10693359375,8.959
317.8845111249975,599.556640625,9.424
318.20654639499844,492.45654296875,8.21
318.528669153995,1029.72802734375,7.821
318.85158633500396,621.11767578125,8.842
319.17329141899245,595.107421875,9.308
319.49620786399464,635.74267578125,9.796
319.82171900299727,465.7265625,7.366
320.14424833399244,746.97998046875,8.507
320.46640066099644,595.10791015625,9.075
320.78887814999325,595.10791015625,9.54
321.1124955419946,465.72705078125,6.937
321.43636551599775,724.48046875,8.196
321.7586151580035,595.1083984375,9.036
322.08023559900175,595.1083984375,9.346
322.40349096499267,474.17041015625,8.391
322.72547573500196,1029.7294921875,7.704
323.0483377139899,595.10888671875,8.701
323.37108458500006,595.10888671875,9.269
323.69274512300035,595.10888671875,9.602
324.0143156089907,465.72802734375,7.288
324.33636009300244,746.9814453125,8.391
324.6591435409937,595.109375,9.191
324.9803215689899,595.109375,9.502
325.30247143199085,465.728515625,7.21
325.6249834479968,724.48193359375,8.119
325.94669118699676,595.10986328125,8.92
326.2688562809926,595.10986328125,9.502
326.5902805240039,489.64697265625,8.701
326.9125471570005,1029.73095703125,7.548
327.2355953799997,621.12060546875,8.701
327.55777724299696,595.1103515625,9.191
327.8790238799993,595.1103515625,9.502
328.2002079869999,465.7294921875,6.937
328.5224171150039,746.98291015625,8.274
328.84406123399094,595.11083984375,9.036
329.16621928800305,595.11083984375,9.463
329.49072239799716,465.72998046875,7.626
329.81355637399247,724.4833984375,7.976
330.1353518579999,516.35498046875,8.997
330.4572049749986,595.111328125,9.346
330.78035140800057,499.4912109375,9.114
331.10184765099257,1029.732421875,7.51
331.42356677999487,589.48681640625,8.663
331.7449955649936,595.11181640625,9.153
332.06674547899456,595.11181640625,9.618
332.38806459699117,465.73095703125,7.054
332.70986865699524,724.484375,8.119
333.0318862580025,595.1123046875,9.036
333.3534485499986,595.1123046875,9.424
333.6761422339914,465.7314453125,7.899
333.9986429519922,1029.7333984375,8.041
334.3212493369938,595.11279296875,8.842
334.6433048579929,482.6064453125,9.385
334.9649944499979,595.11279296875,9.54
335.2870099379943,984.73388671875,7.548
335.60891854399233,589.48828125,8.468
335.9326669759903,595.11328125,9.269
336.2549962960038,595.11328125,9.502
336.57686509299674,465.732421875,6.976
336.8989017330023,724.48583984375,8.08
337.22028209999553,595.11376953125,8.997
337.54331921599805,494.0390625,9.502
337.86614509399806,468.564453125,8.093
338.18853633599065,1029.73486328125,7.938
338.51100668399886,595.1142578125,8.92
338.83356929,595.1142578125,9.346
339.15610130399,595.1142578125,9.718
339.4787908260041,984.7353515625,7.51
339.80095281299145,589.48974609375,8.468
340.12315630599915,595.11474609375,9.269
340.44569702399895,595.11474609375,9.486
340.76693620099104,465.73388671875,7.288
341.09189330499794,724.4873046875,8.235
341.41405932400085,595.115234375,9.075
341.73551015599514,595.115234375,9.502
342.0600512469973,465.734375,7.976
342.38252863500384,724.48779296875,8.119
342.7051245539915,595.11572265625,8.842
343.02756677199795,595.11572265625,9.463
343.3492284249951,595.11572265625,9.424
343.670893374001,984.73681640625,7.548
343.99268971799756,589.4912109375,8.585
344.31479851900076,595.1162109375,9.153
344.63631168799475,595.1162109375,9.502
344.9587558889907,465.7353515625,6.871
345.2803729009902,724.48876953125,8.08
345.6017772979976,595.11669921875,8.959
345.92310594899755,595.11669921875,9.346
346.2438874490035,492.46630859375,8.274
346.5683851149952,1029.73779296875,7.665
346.8911692940019,595.1171875,8.701
347.2132632779976,516.36669921875,9.385
347.5347814059933,595.1171875,9.757
347.85608314399724,465.736328125,6.976
348.17807661299594,746.98974609375,8.235
348.50109455699567,595.11767578125,9.075
348.8242355449911,595.11767578125,9.463
349.148819324997,465.73681640625,7.327
349.47089244399103,724.490234375,8.002
349.792571951999,595.1181640625,8.881
350.1144407129905,595.1181640625,9.346
350.43904503599333,489.6552734375,8.896
350.762298859001,1029.7392578125,7.548
351.08465492899995,589.49365234375,8.624
351.40594501799205,595.11865234375,9.308
351.7276779029926,595.11865234375,9.54
352.0501397679909,465.73779296875,7.093
352.3727070110035,746.9912109375,8.391
352.6966172669927,595.119140625,9.036
353.0193363229919,595.119140625,9.54
353.3458389699954,465.73828125,7.444
353.6681870390021,724.49169921875,8.08
353.99011215299834,595.11962890625,8.92
354.3117594350042,595.11962890625,9.385
354.6356401219964,489.65673828125,8.857
354.9585003329994,1029.74072265625,7.548
355.2805780579947,589.4951171875,8.663
355.60280151599727,595.1201171875,9.269
355.9243983960041,595.1201171875,9.502
356.2469788229937,465.7392578125,7.015
356.56921853699896,746.99267578125,8.352
356.89051259199914,595.12060546875,8.997
357.2120762550039,493.8642578125,9.486
357.53326294799626,465.73974609375,7.548
357.85558400799346,724.4931640625,7.924
358.17741202999605,499.48974609375,8.959
358.4989009389974,595.12109375,9.346
358.82122964599694,488.2509765625,9.153
359.14320333600335,1029.7421875,7.587
359.46660256899486,589.49658203125,8.624
359.78809198900126,595.12158203125,9.23
360.10937794799975,595.12158203125,9.563
360.4350216259918,465.74072265625,7.015
360.7567801730038,724.494140625,8.235
361.07953049200296,595.1220703125,9.153
361.40218547999393,595.1220703125,9.385
361.72564673000306,465.7412109375,7.704
362.04810404799355,724.49462890625,8.002
362.3701754039939,595.12255859375,8.842
362.6930710699962,595.12255859375,9.424
363.01683296800184,595.12255859375,9.308
363.3395241800026,1029.74365234375,7.587
363.6613739619934,589.498046875,8.624
363.9855233900016,595.123046875,9.269
364.30731022499094,595.123046875,9.525
364.6316862520034,465.7421875,7.171
364.95433538299403,746.99560546875,8.43
365.2767300429987,595.12353515625,9.075
365.59949194399815,595.12353515625,9.563
365.9229495769978,465.74267578125,7.561
366.24555339499784,724.49609375,8.119
366.5676762709918,595.1240234375,8.959
366.8893803200044,595.1240234375,9.424
367.2137618489942,489.6611328125,8.896
367.53796516600414,1029.7451171875,7.471
367.86004640899773,589.49951171875,8.624
368.1827740059962,595.12451171875,9.346
368.5048011350009,595.12451171875,9.525
368.8261929500004,465.74365234375,7.015
369.1485226799996,746.9970703125,8.313
369.47054072099854,595.125,9.036
369.79242320499907,595.125,9.424
370.1153002779902,465.744140625,7.626
370.43844007699226,724.49755859375,7.963
370.760495909999,533.244140625,8.959
371.08318289699673,595.12548828125,9.346
371.4049292819982,510.744140625,9.153
371.7288895829988,1029.74658203125,7.51
372.051743005999,589.5009765625,8.585
372.3735884649941,595.12646484375,9.23
372.69769612999517,595.1259765625,9.502
373.0218447889929,465.7451171875,6.976
373.34414952399675,724.49853515625,8.119
373.6671477189957,595.12646484375,9.075
373.9886290400027,595.12646484375,9.385
374.3120573579945,465.74560546875,7.743
374.63426081099897,1029.74755859375,7.938
374.95628668999416,595.126953125,8.803
375.27791559899924,595.126953125,9.308
375.6015632829949,595.126953125,9.618
375.9222792389919,984.748046875,7.405
376.244298206002,589.50244140625,8.391
376.5668172829901,595.1279296875,9.114
376.8902760009951,595.12744140625,9.463
377.21603158299695,465.74658203125,6.898
377.54226768900116,724.5,8.119
377.86423366199597,595.1279296875,8.997
378.1871363329992,595.1279296875,9.463
378.50814723999065,492.4775390625,8.249
378.8302707539988,1029.7490234375,7.899
379.15452111000195,621.138671875,8.842
379.47836511800415,595.12841796875,9.269
379.8029355460021,499.4970703125,9.796
380.1239969820017,984.74951171875,7.51
380.4502097270015,510.75341796875,8.43
380.77607801499835,621.13330078125,9.191
381.0980006579921,595.12890625,9.424
381.42192565998994,465.748046875,6.898
381.74536316099693,724.50146484375,8.158
382.06778537000355,595.12939453125,9.114
382.3895351449901,595.12939453125,9.424
382.7123334920034,492.47900390625,8.274
383.0341069470014,1029.75048828125,7.743
383.3571272199915,595.1298828125,8.726
383.6796751919901,595.1298828125,9.346
384.0034996789909,595.1298828125,9.68
384.3267514140025,465.7490234375,7.249
384.64872036199085,747.00244140625,8.468
384.9730453109951,595.13037109375,9.036
385.29602980599157,595.13037109375,9.424
385.618571058003,465.74951171875,7.054
385.94262588600395,724.5029296875,8.158
386.26426784899377,595.130859375,8.881
386.586693928999,595.130859375,9.385
386.9106486910023,489.66796875,8.585
387.23227292500087,1029.751953125,7.432
387.5552118829946,589.50634765625,8.585
387.8776787319948,595.13134765625,9.23
388.1994602509949,595.13134765625,9.502
388.5213685560011,465.75048828125,6.976
388.8446098900022,747.00390625,8.352
389.16773947699403,595.1318359375,9.036
389.491275442997,510.75634765625,9.54
389.814032890994,465.7509765625,7.522
390.13601483000093,724.50439453125,8.08
390.4586779079982,595.13232421875,8.92
390.78099643299356,595.13232421875,9.385
391.1029571550025,489.66943359375,8.896
391.4245060579997,1029.75341796875,7.587
391.7468561669957,589.5078125,8.624
392.071486625995,595.1328125,9.23
392.3937742699927,595.1328125,9.486
392.71550676100014,465.751953125,7.015
393.03983110000263,747.00537109375,8.352
393.3619306740002,595.13330078125,8.997
393.6847539470036,595.13330078125,9.502
394.0060066500009,465.75244140625,7.483
394.32983609499934,724.505859375,7.963
394.6534210529935,595.1337890625,8.92
394.97706825200294,595.1337890625,9.269
395.29900542099494,489.6708984375,8.959
395.6214677889948,1029.7548828125,7.51
395.94381616899045,589.50927734375,8.585
396.2657786819909,499.5029296875,9.269
396.58741001799353,595.13427734375,9.463
396.9090724599955,465.75341796875,7.054
397.23198357499496,544.85791015625,8.313
397.5541705420037,595.134765625,9.036
397.8754751809902,595.134765625,9.424
398.196914575994,465.75390625,7.626
398.5189486750023,724.50732421875,8.002
398.84064794899314,595.13525390625,8.959
399.1647926650039,595.13525390625,9.308
399.48736207399634,485.453125,9.036
399.8088694390026,1029.75634765625,7.471
400.13042442000005,589.5107421875,8.585
400.45170448199497,595.1357421875,9.153
400.7743747899949,595.1357421875,9.563
401.09973934700247,465.7548828125,7.015
401.4213922189956,724.50830078125,8.158
401.74379647099704,595.13623046875,9.114
402.06776108600025,595.13623046875,9.385
402.38909823699214,465.75537109375,7.743
402.71118587299134,724.5087890625,8.015
403.032880601997,595.13671875,8.881
403.3553939449921,595.13671875,9.424
403.6772818629979,595.13671875,9.308
404.0009395569941,1029.7578125,7.51
404.3258940539963,589.51220703125,8.624
404.6485834339983,595.13720703125,9.191
404.9738958289963,595.13720703125,9.525
405.2980821770034,465.75634765625,6.937
405.6230195219978,724.509765625,8.08
405.94594573900395,488.25634765625,8.997
406.2679198029946,595.1376953125,9.346
406.59108948300127,465.7568359375,7.821
406.91506840099464,1029.7587890625,7.587
407.2373906659923,595.13818359375,8.687
407.5600353399932,595.13818359375,9.308
407.88167707399407,595.13818359375,9.718
408.205349743992,465.75732421875,7.444
408.527546917001,747.0107421875,8.507
408.8488026569976,595.138671875,9.075
409.172606690001,595.138671875,9.525
409.4964913970034,465.7578125,7.21
409.819691030003,724.51123046875,8.235
410.1413677399978,595.13916015625,8.997
410.46370738100086,595.13916015625,9.424
410.78547811000317,492.48876953125,8.21
411.1084720729996,1029.76025390625,7.821
411.43101674299396,635.77490234375,8.803
411.75311528900056,595.1396484375,9.308
412.0777222869947,716.77490234375,9.796
412.40132404200267,984.7607421875,7.782
412.72525802999735,589.51513671875,8.663
413.04856758499227,595.14013671875,9.191
413.37102101999335,595.14013671875,9.447
413.6914519999991,465.75927734375,7.015
414.01437085599173,724.5126953125,8.119
414.33603262199904,595.140625,8.997
414.65912200999446,595.140625,9.486
414.9818696930015,465.79150390625,8.054
415.3062729410012,1029.76171875,7.938
415.6296595210006,595.14111328125,8.842
415.9516191189905,595.14111328125,9.23
416.27557941099803,595.14111328125,9.718
416.59745458899124,984.76220703125,7.483
416.92159946200263,589.5166015625,8.43
417.2438414990029,510.76025390625,9.23
417.5682832439925,595.1416015625,9.463
417.89252696699987,465.7607421875,6.976
418.21672425699944,724.51416015625,8.119
418.53942406599526,595.14208984375,8.959
418.8615989319951,595.14208984375,9.424
419.1844157040032,492.49169921875,8.21
419.5067553429981,1029.76318359375,7.704
419.8310612439964,595.142578125,8.726
420.1535237979988,595.142578125,9.308
420.47598791999917,595.142578125,9.68
420.80066010299197,465.76171875,7.327
421.1245537359937,747.01513671875,8.468
421.44868343899725,595.14306640625,9.075
421.77069295699766,595.14306640625,9.525
422.09809641299944,465.76220703125,6.898
422.42249342000287,724.515625,8.158
422.745365743991,595.1435546875,9.036
423.06718588099466,595.1435546875,9.308
423.38906000199495,497.99560546875,8.391
423.71315210399916,1029.7646484375,7.587
424.0383185709943,595.14404296875,8.701
424.36040735399,595.14404296875,9.23
424.6834028500016,595.14404296875,9.602
425.0067202749924,465.76318359375,7.132
425.33334639699024,747.0166015625,8.274
425.65821496800345,595.14453125,9.153
425.9823764469911,595.14453125,9.385
426.3044623500027,465.763671875,7.21
426.6286019410036,724.51708984375,8.158
426.9506571870006,595.14501953125,8.881
427.27580691699404,595.14501953125,9.463
427.600610716996,489.68212890625,8.546
427.924400953998,1029.76611328125,7.626
428.24812859699887,595.1455078125,8.779
428.57134429000143,595.1455078125,9.191
428.8937602810038,595.1455078125,9.602
429.21557964799285,465.7646484375,7.21
429.5375569710013,747.01806640625,8.313
429.8600014429976,595.14599609375,9.153
430.18195524500334,595.14599609375,9.385
430.5057133209921,465.76513671875,7.249
430.8292044129921,724.5185546875,8.041
431.150923616995,595.146484375,8.842
431.47246534399164,716.78173828125,9.346
431.79584094400343,489.68359375,8.818
432.11844775600184,1029.767578125,7.548
432.4405726029945,593.83642578125,8.701
432.762299997994,595.14697265625,9.23
433.0864421479928,595.14697265625,9.502
433.408261545992,465.76611328125,7.015
433.73095789599756,747.01953125,8.313
434.053124662998,595.1474609375,8.959
434.3756316959916,617.64697265625,9.502
434.69707498699427,465.7666015625,7.522
435.0196244529943,724.52001953125,7.86
435.3416871849913,595.1484375,8.803
435.6640441969939,595.14794921875,9.308
435.9866469760018,595.14794921875,9.23
436.3105166059977,1029.76904296875,7.587
436.632905491002,589.5234375,8.585
436.95466619799845,499.51708984375,9.308
437.2762351249985,595.1484375,9.502
437.59908878999704,465.767578125,7.015
437.9238121389935,758.2138671875,8.313
438.24675162999483,595.14892578125,9.036
438.56920925299346,595.14892578125,9.385
438.89066051199916,465.76806640625,7.626
439.2138735149929,533.35595703125,7.976
439.5363656339905,595.1494140625,8.842
439.8598049150023,595.1494140625,9.424
440.1819803209946,595.1494140625,9.308
440.5034026509966,984.7705078125,7.51
440.8262661399931,589.52490234375,8.546
441.1513019760023,595.14990234375,9.191
441.4732389760029,494.0751953125,9.618
441.79463189699163,465.76904296875,7.093
442.11664416200074,724.5224609375,8.158
442.43878820700047,615.53564453125,9.075
442.76024314599636,595.150390625,9.424
443.0820740299969,465.76953125,7.938
443.40471050499764,724.52294921875,8.235
443.72700901799544,595.15087890625,9.075
444.05085954099195,595.15087890625,9.424
444.3740785909904,489.68798828125,8.935
444.6958439699956,1029.77197265625,7.432
445.0175961639907,589.5263671875,8.546
445.339622924992,595.1513671875,9.153
445.6613083650009,595.1513671875,9.525
445.98581641000055,465.7705078125,6.976
446.3086648250028,724.52392578125,8.119
446.6311193739966,516.4013671875,9.036
446.9539671819948,595.15185546875,9.346
447.27852092399553,465.77099609375,7.743
447.60088862199336,724.5244140625,8.002
447.9240119890019,595.15234375,8.803
448.2460019489954,595.15234375,9.424
448.5673481470003,595.15234375,9.424
448.888024631,984.7734375,7.51
449.2119792839949,589.52783203125,8.507
449.53392645799613,595.15283203125,9.191
449.8560683579999,595.15283203125,9.463
450.1769980329991,465.77197265625,6.898
450.5017097939999,724.525390625,8.041
450.8258300199959,595.1533203125,8.92
451.1494980409916,626.78857421875,9.424
451.4735792569991,492.5029296875,8.093
451.79665718199976,1029.7744140625,7.821
452.11908414500067,516.3974609375,8.765
452.44073675099935,595.15380859375,9.269
452.76336112699937,595.15380859375,9.68
453.08431310499145,488.27294921875,7.51
453.40757221900276,533.27294921875,8.507
453.7299936449999,595.154296875,9.153
454.0542495539994,595.154296875,9.463
454.37828753599024,465.7734375,6.898
454.70073840400437,724.52685546875,8.158
455.0233076739969,595.15478515625,8.997
455.3448424520029,595.15478515625,9.308
455.667052417004,492.50439453125,8.313
455.98933780699736,1029.77587890625,7.626
456.3121050339978,595.1552734375,8.663
456.63525399999344,595.1552734375,9.269
456.9596455919964,595.1552734375,9.68
457.28239320300054,465.7744140625,7.249
457.6064275690005,747.02783203125,8.391
457.92885993899836,595.15576171875,9.153
458.25247170099465,595.15576171875,9.463
458.5739070199925,465.77490234375,7.132
458.8975392939901,724.5283203125,8.196
459.2220648729999,595.15625,8.959
459.5458659839933,595.15625,9.385
459.86745151499053,489.693359375,8.507
460.1889737159945,1029.77734375,7.665
460.5107242749946,595.15673828125,8.765
460.8326732709975,595.15673828125,9.23
461.15491840399045,595.15673828125,9.602
461.47677306100377,465.77587890625,7.327
461.7986774479941,747.029296875,8.391
462.12097922200337,595.1572265625,9.191
462.4426776189939,595.1572265625,9.424
462.7644466740021,465.7763671875,7.21
463.08704957600276,724.52978515625,8.119
463.40817467799934,595.15771484375,8.92
463.7304408339987,595.15771484375,9.463
464.05160660800175,489.69482421875,8.701
464.37329239699466,1029.77880859375,7.587
464.69618493800226,499.70849609375,8.765
465.01822391999303,595.158203125,9.23
465.3407278109953,606.40771484375,9.602
465.664747103001,465.77734375,7.132
465.9877204459917,747.03076171875,8.313
466.3099186640029,516.40234375,9.153
466.6322541339905,595.15869140625,9.424
466.95745848199294,465.77783203125,7.249
467.28249492199393,724.53125,8.119
467.6066451289953,595.1591796875,8.92
467.9297533229983,595.1591796875,9.502
468.2518749949959,489.6962890625,8.624
468.57772339199437,1029.7802734375,7.587
468.9029479000019,595.15966796875,8.765
469.22810197400395,595.15966796875,9.269
469.5498647560016,595.15966796875,9.641
469.87170577999495,465.77880859375,7.249
470.19408857799135,747.0322265625,8.352
470.5161047750007,595.16015625,9.191
470.83789923699806,595.16015625,9.463
471.16266482000356,465.779296875,7.21
471.48437995299173,724.53271484375,8.274
471.80635640399123,499.54052734375,9.036
472.1282260680018,595.16064453125,9.346
472.44999220900354,489.6982421875,8.468
472.77267338299134,1029.78173828125,7.704
473.0944072669954,595.1611328125,8.687
473.4166896789975,595.1611328125,9.23
473.73776444100076,595.1611328125,9.563
474.06164193499717,465.7802734375,7.054
474.3837812379934,747.03369140625,8.235
474.70627056699595,595.16162109375,8.997
475.02802342700306,595.16162109375,9.424
475.35420092000277,465.78076171875,7.288
475.67749577500217,724.5341796875,8.002
475.9992288259964,595.162109375,8.881
476.3204866649903,595.162109375,9.308
476.6434946310037,489.69921875,8.881
476.9670311240043,1029.783203125,7.432
477.2900913479971,589.53759765625,8.546
477.6120717659942,499.5537109375,9.269
477.9352126640006,595.16259765625,9.502
478.2572597719991,465.78173828125,7.015
478.5804431019933,510.78271484375,8.274
478.90335333799885,595.1630859375,9.036
479.22602583799744,615.54833984375,9.502
479.5476802630001,465.7822265625,7.6
479.8705311369995,724.53564453125,8.002
480.1940873089916,595.16357421875,8.997
480.5175592559972,595.16357421875,9.346
480.84341325100104,489.70068359375,9.012
481.16516169399256,1029.78466796875,7.626
481.4876568460022,589.5390625,8.701
481.8100270659925,595.1640625,9.269
482.13441894100106,595.1640625,9.525
482.4573879929958,465.783203125,7.015
482.78049711299536,747.03662109375,8.313
483.1028609969944,595.16455078125,8.959
483.4257299180026,595.16455078125,9.463
483.747276530994,465.78369140625,7.483
484.07062661700184,724.537109375,7.924
484.3965705019946,595.1650390625,8.92
484.7190837340022,595.1650390625,9.269
485.04123404299025,489.7021484375,9.036
485.3632698540023,1029.7861328125,7.432
485.68462202900264,589.54052734375,8.585
486.008098966995,595.16552734375,9.114
486.3306262779952,595.16552734375,9.525
486.65459308499703,465.78466796875,7.015
486.97690016600245,724.5380859375,8.158
487.29955330499797,595.166015625,9.114
487.6209791459987,595.166015625,9.346
487.9423215610004,465.78515625,7.821
488.26452131199767,724.53857421875,8.041
488.5858802389994,595.16650390625,8.803
488.9071232589922,595.16650390625,9.385
489.22922115000256,595.16650390625,9.463
489.55131075400277,984.78759765625,7.51
489.87292031099787,589.5419921875,8.43
490.1950867159903,595.1669921875,9.23
490.5165763989935,595.1669921875,9.424
490.83984190599585,465.7861328125,6.898
491.16518951699254,724.53955078125,8.08
491.48688736499753,595.16748046875,8.92
491.8088921979943,595.16748046875,9.385
492.13032142999873,492.51708984375,8.249
492.45258626999566,1029.78857421875,8.015
492.7749136709899,595.16796875,8.92
493.09625595700345,595.16796875,9.269
493.41844255400065,595.16796875,9.757
493.7394054049946,578.78857421875,7.432
494.06188170600217,533.287109375,8.43
494.3834123169945,595.16845703125,9.114
494.7049479519919,595.16845703125,9.486
495.0284162799944,465.78759765625,6.898
495.35067423799774,724.541015625,8.158
495.6726642220019,595.1689453125,9.036
495.9944870640029,595.1689453125,9.346
496.31829274499614,492.5185546875,8.352
496.64249158799066,1029.7900390625,7.548
496.966978055003,595.16943359375,8.663
497.28874102399277,595.16943359375,9.191
497.6108290580014,595.16943359375,9.602
497.93256370599556,465.78857421875,7.171
498.2541358849994,747.0419921875,8.274
498.5770144679991,499.53857421875,9.114
498.89844491500116,595.169921875,9.385
499.2227216159954,465.7890625,7.249
499.54566916100157,724.54248046875,8.002
499.8679440470005,595.17041015625,8.842
500.1896441659919,595.17041015625,9.308
500.5140502139984,489.70751953125,8.857
500.83753988500393,1029.79150390625,7.471
501.15968651199364,589.5458984375,8.546
501.4820873849967,595.1708984375,9.269
501.8037493909942,595.1708984375,9.408
502.1290059259918,465.7900390625,6.898
502.4535003600031,522.083984375,8.235
502.77581473499595,595.17138671875,8.997
503.0993235740025,595.17138671875,9.463
503.42095783499826,465.79052734375,7.587
503.7431843029917,724.5439453125,7.924
504.06661441999313,494.09716796875,8.959
504.38838980399305,595.171875,9.269
504.7122037389927,516.41552734375,9.075
505.03572294599144,1029.79296875,7.548
505.36007152000093,589.54736328125,8.624
505.6842334969988,595.17236328125,9.308
506.0060680500028,595.17236328125,9.463
506.3286874250043,465.79150390625,7.054
506.6512343170034,747.044921875,8.391
506.9746128169936,595.1728515625,9.036
507.30111972099985,617.67236328125,9.502
507.6289939260023,465.7919921875,7.405
507.95193842900335,724.54541015625,8.08
508.27392722599325,595.17333984375,8.881
508.59618998299993,716.80859375,9.424
508.9177622569987,489.71044921875,8.818
509.23942762099614,1029.79443359375,7.704
509.5619671530003,595.173828125,8.765
509.8841739710042,595.173828125,9.23
510.2059196570044,595.173828125,9.602
510.5299527019961,465.79296875,7.21
510.85217097699933,747.04638671875,8.313
511.1784617139929,477.044921875,9.23
511.50250199099537,595.17431640625,9.463
511.8248026039946,465.79345703125,7.21
512.1472219080024,724.546875,8.158
512.470197098999,595.1748046875,8.842
512.7938725970016,595.1748046875,9.424
513.1179457699909,489.7119140625,8.663
513.441670582004,1029.7958984375,7.432
513.7661543580034,589.55029296875,8.624
514.0876972539991,595.17529296875,9.23
514.4097545959958,595.17529296875,9.486
514.7316527969961,465.79443359375,6.976
515.0548400260013,747.0478515625,8.352
515.3789363349933,595.17578125,8.997
515.7015615639975,499.5556640625,9.463
516.0236021059973,465.794921875,7.522
516.3471603520011,724.54833984375,7.924
516.669958642,595.17626953125,8.92
516.9919580620044,595.17626953125,9.269
517.3140778689994,468.607421875,9.075
517.6381256320019,1029.79736328125,7.432
517.9638980509917,589.5517578125,8.507
518.2863240739971,595.1767578125,9.153
518.6110554399929,595.1767578125,9.502
518.9357346449979,465.7958984375,6.976
519.2604172729916,724.54931640625,8.196
519.5843312409997,595.17724609375,9.075
519.9070073189941,595.17724609375,9.463
520.2290173939982,465.79638671875,7.626
520.5521370679926,724.5498046875,7.963
520.8740583409963,595.177734375,8.997
521.1982661410002,595.177734375,9.308
521.5283917009947,489.71484375,8.959
521.8515522719972,1029.798828125,7.51
522.1760029900033,589.55322265625,8.585
522.501067612,595.17822265625,9.346
522.8250033399963,595.17822265625,9.525
523.1497412329918,465.79736328125,7.21
523.4726124839945,747.05078125,8.391
523.7966826149932,595.1787109375,9.153
524.1205972219905,595.1787109375,9.463
524.4480985819973,465.7978515625,7.288
524.7728655639949,724.55126953125,8.196
525.0971693969914,595.17919921875,8.92
525.4202744139911,595.17919921875,9.424
525.7417138169985,489.71630859375,8.663
526.0653364479949,1029.80029296875,7.587
526.3884059109987,595.1796875,8.726
526.7115790899988,595.1796875,9.153
527.035294330999,494.28076171875,9.602
527.3591618319915,465.798828125,7.132
527.6832677389903,747.05224609375,8.274
528.0053929849964,599.6298828125,9.114
528.3289162519941,595.18017578125,9.424
528.6540862209949,465.79931640625,7.288
528.9828672309959,724.552734375,8.041
529.3052061140042,595.1806640625,8.881
529.6275402930041,595.1806640625,9.463
529.9499794349977,489.7177734375,8.701
530.272417457003,1029.8017578125,7.587
530.5949559610017,494.1064453125,8.726
530.9183438960026,595.18115234375,9.23
531.241030500998,612.0556640625,9.641
531.5660696809937,465.80029296875,7.21
531.8898159620003,747.0537109375,8.313
532.2122956489911,595.181640625,9.191
532.535860517004,595.181640625,9.424
532.8579079990013,465.80078125,7.21
533.1818116600043,724.55419921875,8.119
533.5041787029913,595.18212890625,8.92
533.8278462619928,595.18212890625,9.502
534.1501780719991,489.71923828125,8.624
534.4739180489996,1029.80322265625,7.548
534.7976866340032,617.68212890625,8.765
535.1200659329916,595.1826171875,9.23
535.4424562729982,595.1826171875,9.68
535.7668847799941,465.8017578125,7.21
536.0897164749913,747.05517578125,8.313
536.4130997059983,516.4267578125,9.191
536.7347211279994,595.18310546875,9.447
537.0602844499954,465.80224609375,7.249
537.384014729003,724.5556640625,8.119
537.7077959540038,595.18359375,8.881
538.0302014619956,595.18359375,9.502
538.3530108519917,489.720703125,8.663
538.6759783909947,1029.8046875,7.548
538.998251447003,499.734375,8.687
539.3208335029922,595.18408203125,9.191
539.6428871609969,635.8193359375,9.486
539.9642329589988,465.80322265625,7.015
540.2871451999963,747.056640625,8.352
540.609364717995,595.1845703125,8.959
540.9307760219963,595.1845703125,9.502
541.2528591209993,465.8037109375,7.483
541.5749097700027,724.55712890625,7.924
541.8965527279943,595.18505859375,8.959
542.2190781739919,595.18505859375,9.269
542.5418224739988,621.189453125,9.114
542.8633994470001,1029.80615234375,7.471
543.1855254900001,589.560546875,8.585
543.5072140809934,595.185546875,9.153
543.8293230999989,595.185546875,9.563
544.153535919002,465.8046875,7.054
544.4781302210031,724.55810546875,8.196
544.8011138879956,595.18603515625,9.114
545.1224150439957,595.18603515625,9.385
545.447794998996,465.80517578125,7.782
545.7723141629976,1029.80712890625,7.976
546.0948748739902,595.1865234375,8.765
546.4167368769995,621.19677734375,9.308
546.7386874270014,595.1865234375,9.54
547.060192140998,1029.8076171875,7.704
547.382001245991,589.56201171875,8.726
547.7041587459971,595.18701171875,9.23
548.0272798549995,595.18701171875,9.563
548.3509456509928,465.80615234375,7.054
548.6735010489938,724.5595703125,8.235
548.9971136599925,595.1875,9.114
549.3187229519972,595.1875,9.424
549.6403499409935,465.806640625,7.704
549.9627180690004,724.56005859375,8.002
550.2852979159943,615.5732421875,8.959
550.607339506998,595.18798828125,9.346
550.9302194259944,635.8232421875,9.153
551.2523225549958,1029.80908203125,7.51
551.5743938109954,589.5634765625,8.624
551.89759348199,595.1884765625,9.23
552.2196942110022,595.1884765625,9.579
552.5447535809944,465.8076171875,7.015
552.867522296001,724.56103515625,8.235
553.1898770800035,595.18896484375,9.114
553.5112522209965,595.18896484375,9.424
553.8333397329989,465.80810546875,7.704
554.1560229739989,724.5615234375,8.015
554.4780889819958,626.82470703125,8.959
554.8034634310025,595.189453125,9.308
555.1258634959959,626.82470703125,9.075
555.447619575003,1029.810546875,7.51
555.7714445110032,589.56494140625,8.585
556.0941911129921,626.8251953125,9.269
556.417444576,595.18994140625,9.502
556.73935694799,465.80908203125,7.093
557.0617080509983,792.06201171875,8.313
557.3829068339983,595.1904296875,9.036
557.7049481689901,595.1904296875,9.424
558.0268262669997,465.8095703125,7.587
558.3500194410008,724.56298828125,7.924
558.6761113499961,595.19091796875,8.881
558.999296362992,595.19091796875,9.308
559.3212366709922,595.19140625,9.191
559.6427897679969,1029.81201171875,7.51
559.9652547930018,589.56640625,8.624
560.287129659002,595.19140625,9.191
560.6090121409943,595.19140625,9.618
560.9344360309915,465.810546875,7.054
561.258317350992,724.564453125,8.235
561.5805245459924,595.19189453125,9.114
561.9027309719968,595.19189453125,9.463
562.2259555380006,465.81103515625,7.626
562.5492350179993,724.564453125,7.963
562.8718595989922,595.1923828125,9.036
563.1939801349945,595.1923828125,9.346
563.5165487789927,500.97900390625,9.075
563.83867667499,1029.8134765625,7.51
564.1630680249946,589.56787109375,8.546
564.4884645860002,621.203125,9.308
564.8132948909915,595.19287109375,9.486
565.1344437200023,465.81201171875,7.171
565.461251774992,747.0654296875,8.43
565.7848807039991,595.193359375,9.075
566.1079223519919,595.193359375,9.54
566.4334004830016,465.8125,7.444
566.7604830409982,724.56591796875,8.274
567.0831883280043,595.19384765625,8.959
567.4055396859912,595.19384765625,9.424
567.7274057500035,489.73095703125,8.585
568.0503858930024,1029.81494140625,7.587
568.3763822449982,595.1943359375,8.765
568.6982512529939,595.1943359375,9.23
569.0233287329902,595.1943359375,9.641
569.3467138139968,465.8134765625,7.171
569.6690059059911,747.06689453125,8.274
569.9917435779935,516.4443359375,9.153
570.3147041670018,595.19482421875,9.385
570.6412465180038,465.81396484375,7.249
570.9655670170032,724.5673828125,7.821
571.2907066420012,493.94482421875,8.92
571.6149422419985,595.1953125,9.308
571.9402293579915,489.732421875,8.997
572.2640062260034,1029.81640625,7.471
572.5859804850043,589.57080078125,8.546
572.9077833780029,595.19580078125,9.153
573.2305578189989,595.19580078125,9.563
573.5556104650022,465.81494140625,6.976
573.8791282210004,724.568359375,8.158
574.2035585459962,595.1962890625,9.075
574.5256771919958,595.1962890625,9.346
574.8470154649985,465.8154296875,7.743
575.1696689419914,724.56884765625,8.002
575.4913869049924,595.19677734375,8.803
575.8138443439966,595.19677734375,9.424
576.1354259189975,595.19677734375,9.308
576.4593277499953,1029.81787109375,7.587
576.7819792099908,589.572265625,8.663
577.1060505490022,595.197265625,9.269
577.429423788999,595.197265625,9.486
577.7555211659928,465.81640625,6.976
578.0786305910005,724.56982421875,8.196
578.403693892993,595.19775390625,9.075
578.7261237149942,595.19775390625,9.424
579.0481479259906,465.81689453125,7.665
579.3724642309971,724.5703125,8.002
579.6953894259932,595.1982421875,8.997
580.0171291489969,595.1982421875,9.346
580.3413655159966,489.7353515625,9.036
580.6655592259922,1029.8193359375,7.471
580.9903100380034,589.57373046875,8.585
581.3124483639986,595.19873046875,9.346
581.6349408749957,595.19873046875,9.486
581.9568208260025,465.81787109375,7.015
582.2790989950008,747.0712890625,8.274
582.6029210150009,595.19921875,8.997
582.9252694259922,510.81787109375,9.502
583.2469276740012,465.818359375,7.548
583.5691409459978,724.57177734375,7.938
583.8939794079924,493.943359375,8.959
584.2180638979917,595.19970703125,9.308
584.5445793989929,489.73681640625,8.997
584.8673190199916,1029.82080078125,7.471
585.189579621001,589.5751953125,8.546
585.5129683159903,494.12548828125,9.308
585.8345105929911,595.2001953125,9.447
586.1558811529976,465.8193359375,7.093
586.4786114619928,747.07275390625,8.352
586.8027211040026,595.20068359375,9.075
587.1247310420003,516.4443359375,9.502
587.4472106879984,465.81982421875,7.587
587.774650596999,724.5732421875,8.041
588.0988568489993,595.201171875,8.959
588.4207811840024,595.201171875,9.424
588.7444718070037,489.73828125,8.896
589.067672049001,1029.822265625,7.704
589.3920247049973,595.20166015625,8.803
589.7137269859959,595.20166015625,9.269
590.0360095060023,595.20166015625,9.68
590.3607554539922,465.82080078125,7.171
590.6837734180008,747.07421875,8.274
591.0061283559917,477.07861328125,9.153
591.3278806220042,595.2021484375,9.424
591.6529382570006,465.8212890625,7.249
591.9765155639907,724.57470703125,8.158
592.2982095240004,595.20263671875,8.92
592.622119512991,595.20263671875,9.502
592.9440135740006,489.73974609375,8.663
593.2658680500026,1029.82373046875,7.743
593.5879861819994,595.203125,8.765
593.9100557679922,595.203125,9.308
594.2315689230018,595.203125,9.641
594.5527843409945,465.822265625,7.249
594.8760871449922,747.07568359375,8.352
595.1991308689903,595.20361328125,9.191
595.5215580639924,595.20361328125,9.424
595.8441512479912,465.82275390625,7.171
596.1667503839999,724.576171875,8.119
596.4898402219987,595.2041015625,8.881
596.8140647139953,595.2041015625,9.463
597.1364538920025,489.7412109375,8.585
597.4590464679932,1029.8251953125,7.587
597.7816666919971,595.20458984375,8.765
598.1031528699968,595.20458984375,9.23
598.4249440799904,595.20458984375,9.641
598.7461242650024,465.82373046875,7.249
599.0687984429969,747.0771484375,8.313
599.3936457669915,595.205078125,9.191
599.7155499079963,595.205078125,9.463
600.0374152000004,465.82421875,7.171
600.360229316997,724.57763671875,8.158
600.6825895020011,595.20556640625,8.959
601.005965873992,595.20556640625,9.424
601.327593783004,489.74267578125,8.546
601.649579621997,1029.82666015625,7.626
601.9723628259962,595.2060546875,8.765
602.2949722339981,595.2060546875,9.23
602.617218910993,595.2060546875,9.641
602.9378665059921,465.8251953125,7.327
603.2598811450007,747.07861328125,8.352
603.5833111179963,595.20654296875,9.191
603.9054074879969,595.20654296875,9.424
604.2273877900006,465.82568359375,7.21
604.5514872539934,724.5791015625,8.196
604.8732008919906,595.20703125,8.959
605.1957427460002,595.20703125,9.463
605.5174085430044,489.744140625,8.624
605.8378935719957,984.703125,6.937
606.1609701919951,499.451171875,8.196
606.4839940739912,595.08251953125,9.036
606.8089480889903,595.08251953125,9.385
607.1344782789965,465.701171875,6.792
607.4563553140033,724.45458984375,8.119
607.7793583309976,595.08251953125,8.997
608.1005229629955,595.08251953125,9.269
608.4231534580031,479.763671875,8.352
608.7464307859918,1029.70361328125,7.276
609.0681819299934,589.4580078125,8.507
609.3912565649953,595.0830078125,9.23
609.7137198549899,595.0830078125,9.447
610.0347383070039,465.7021484375,6.937
610.3567467050016,791.955078125,8.235
610.6790211579937,595.08349609375,8.997
611.0011101339915,595.08349609375,9.463
611.3232387269964,465.70263671875,7.587
611.6461192129937,724.4560546875,7.938
611.9676833739941,595.083984375,8.881
612.288958471996,595.083984375,9.385
612.6110064550012,595.083984375,9.308
612.9330089010036,1029.705078125,7.548
613.2550298429996,589.45947265625,8.624
613.5768347789999,595.08447265625,9.114
613.8982923449948,533.203125,9.486
614.2275427639979,465.70361328125,6.859
614.5511128039943,724.45703125,8.041
614.8730614870001,595.0849609375,8.92
615.1959966619906,595.0849609375,9.447
615.5185275370022,465.7041015625,8.015
615.8406533459929,1029.7060546875,8.041
616.1628813970019,595.08544921875,8.842
616.4850577350007,595.08544921875,9.308
616.8072159919975,595.08544921875,9.641
617.12804525299,984.70654296875,7.432
617.450243927,589.4609375,8.391
617.7723718799971,595.08642578125,9.114
618.0969299139979,595.0859375,9.447
618.4232150030002,465.705078125,6.781
618.7455458089971,724.45849609375,8.119
619.0706004959939,595.08642578125,8.997
619.3951239689923,595.08642578125,9.346
619.7179712049983,492.43603515625,8.313
620.0400446909916,1029.70751953125,7.51
620.3632088000013,595.0869140625,8.74
620.6875941250037,595.0869140625,9.191
621.010265482997,595.0869140625,9.602
621.3356199870032,465.7060546875,7.21
621.6616835979949,746.95947265625,8.313
621.9875480990013,595.08740234375,9.191
622.3116163270024,595.08740234375,9.385
622.6330212509929,465.70654296875,7.171
622.9558173489932,724.4599609375,8.041
623.2818504619936,595.087890625,8.881
623.6079305530002,595.087890625,9.463
623.9315968829906,489.625,8.585
624.2539374479966,1029.708984375,7.665
624.5783690139942,595.08837890625,8.765
624.9024824270018,595.08837890625,9.308
625.2284643390012,595.08837890625,9.641
625.5501476060017,465.70751953125,7.288
625.8745771559916,746.9609375,8.391
626.199819047004,595.0888671875,9.153
626.5237481349905,595.0888671875,9.486
626.8450449279917,465.7080078125,7.093
627.1680830480036,724.46142578125,8.196
627.4922467019933,595.08935546875,8.959
627.8148194969981,595.08935546875,9.385
628.1368130119954,489.62646484375,8.507
628.4626704719994,1029.71044921875,7.665
628.7894743259967,595.08984375,8.687
629.115311689995,494.01513671875,9.385
629.4375151620043,595.08984375,9.718
629.7617498899926,465.708984375,7.366
630.0861830560025,746.96240234375,8.507
630.4087115290022,595.09033203125,9.036
630.7316681419907,615.4755859375,9.447
631.0533933620027,465.70947265625,7.093
631.3763549989962,724.462890625,8.274
631.6992976269976,595.0908203125,9.075
632.0212874619901,595.0908203125,9.385
632.3438684479916,492.4404296875,8.313
632.6682975489966,1029.7119140625,7.938
632.9908548230014,499.482421875,8.881
633.313834635992,595.09130859375,9.269
633.636719727001,599.541015625,9.757
633.9577137259912,465.71044921875,7.432
634.2810291329952,752.2783203125,8.507
634.604577185004,595.091796875,9.114
634.9276640409953,595.091796875,9.525
635.2509506789938,465.7109375,6.859
635.5747606579971,724.46435546875,8.08
635.8973601729958,595.09228515625,8.881
636.2189208109921,595.09228515625,9.385
636.5421845679957,489.62939453125,8.546
636.8643788879999,1029.71337890625,7.86
637.1862227020029,595.0927734375,8.765
637.508500447002,595.0927734375,9.385
637.8317607479985,595.0927734375,9.718
638.156114005993,465.7119140625,7.327
638.4782312669995,746.96533203125,8.507
638.8000880409963,595.09326171875,9.075
639.1220440820034,510.7119140625,9.486
639.4433784099965,465.71240234375,7.015
639.765467766003,724.4658203125,8.158
640.0887268499937,595.09375,8.92
640.4104484519921,595.09375,9.424
640.7328817219968,489.630859375,8.546
641.0552253569913,1029.71484375,7.548
641.3778556229954,595.09423828125,8.726
641.7000212699932,595.09423828125,9.191
642.0219944300043,516.337890625,9.563
642.3463586639991,465.71337890625,7.132
642.6684439239907,746.966796875,8.313
642.9908798489923,595.0947265625,9.036
643.312457862994,595.0947265625,9.502
643.6387793979957,465.7138671875,7.366
643.9613196459977,724.46728515625,7.963
644.284729645995,595.09521484375,8.92
644.6068213050021,595.09521484375,9.308
644.9305616819911,489.63232421875,8.896
645.2536443120043,1029.71630859375,7.51
645.5753637379967,589.470703125,8.585
645.8973355219932,595.095703125,9.308
646.2188370219956,595.095703125,9.463
646.5407940529985,465.71484375,7.093
646.8633158689918,746.96826171875,8.43
647.184626642993,595.09619140625,9.036
647.5067313589971,499.822265625,9.54
647.8286807739933,465.71533203125,7.561
648.1511221069959,724.46875,7.963
648.4731168349972,595.0966796875,8.959
648.7948281319987,595.0966796875,9.308
649.1171618459921,516.34033203125,9.114
649.4397744149901,1029.7177734375,7.432
649.761511728997,589.47216796875,8.624
650.0857294610032,595.09716796875,9.114
650.4068053810042,595.09716796875,9.579
650.7290860689973,465.71630859375,6.871
651.0509160889924,724.4697265625,8.002
651.3724328200042,595.09765625,8.881
651.6955976280005,494.02294921875,9.424
652.0181610439904,500.76220703125,8.054
652.3411784549971,1029.71875,7.548
652.6631935679907,595.09814453125,8.624
652.9858431619941,615.4833984375,9.269
653.3070412599918,595.09814453125,9.602
653.6309928730043,465.71728515625,7.093
653.9527116259997,746.970703125,8.274
654.2747703229979,499.64892578125,9.114
654.5967069379985,595.0986328125,9.424
654.9213523289945,465.7177734375,7.21
655.2441607429937,724.47119140625,8.08
655.5703096639918,595.09912109375,8.92
655.8923754650023,595.09912109375,9.463
656.2165370680013,489.63623046875,8.624
656.538751960994,1029.72021484375,7.587
656.8632376040041,595.099609375,8.765
657.1870956469938,595.099609375,9.269
657.5106757609901,595.099609375,9.641
657.8350077359937,465.71875,7.171
658.1603200889949,746.97216796875,8.313
658.4844776919927,595.10009765625,9.191
658.8062735330022,595.10009765625,9.463
659.1302586829988,465.701171875,7.171
659.453679400991,724.45458984375,7.743
659.7786715529946,516.326171875,8.881
660.1003998090018,595.08251953125,9.308
660.4235701199941,477.138671875,9.036
660.7457792210043,1029.703125,7.51
661.0702258550009,589.45751953125,8.585
661.3922181499947,533.201171875,9.23
661.7179007849918,595.08251953125,9.447
662.0379615389975,465.70166015625,7.093
662.3614590590005,734.64794921875,8.313
662.6836231019988,595.0830078125,9.114
663.0055825320014,595.0830078125,9.463
663.327235040997,465.7021484375,7.704
663.6494942869904,724.45556640625,7.976
663.9713169129973,595.08349609375,8.881
664.2961272999964,595.08349609375,9.385
664.6188539190043,595.083984375,9.191
664.9422236579994,1029.70458984375,7.51
665.2658952299971,589.458984375,8.624
665.589009474992,595.083984375,9.269
665.9127717380034,595.083984375,9.525
666.2357760279992,465.703125,7.015
666.5586821390025,745.7744140625,8.274
666.8814072209934,595.08447265625,9.075
667.2040558849985,595.08447265625,9.502
667.5265674569964,465.70361328125,7.626
667.8502371729992,724.45703125,7.963
668.1748007360002,482.57861328125,8.959
668.4995017759938,595.0849609375,9.346
668.8222993399977,489.6220703125,9.036
669.1450743430032,1029.7060546875,7.471
669.4673858780006,589.46044921875,8.585
669.7909778309986,595.08544921875,9.23
670.1141182519932,595.08544921875,9.525
670.4392584390007,465.70458984375,6.976
670.7622828250023,724.4580078125,8.235
671.0852165840042,595.0859375,9.114
671.4087630319991,595.0859375,9.463
671.7329706500022,465.705078125,7.626
672.0564596879994,724.45849609375,8.002
672.3794600730034,611.9609375,8.997
672.7021944029984,595.08642578125,9.346
673.0259609200002,489.62353515625,9.036
673.3495477209945,1029.70751953125,7.51
673.6747558780044,589.4619140625,8.585
673.999390899,617.58642578125,9.308
674.3226530510001,595.0869140625,9.486
674.6447341780004,465.7060546875,6.976
674.9674787800031,510.7099609375,8.274
675.2903386809921,595.08740234375,9.036
675.613221941996,615.47265625,9.486
675.9367403249926,465.70654296875,7.561
676.259852711999,724.4599609375,8.002
676.5838539559918,595.087890625,8.997
676.9082389859977,595.087890625,9.308
677.2308527669957,489.625,8.997
677.5547151270002,1029.708984375,7.51
677.8770853500027,589.46337890625,8.585
678.200174120997,626.7236328125,9.269
678.5220061529981,595.08837890625,9.486
678.8450484269997,465.70751953125,6.976
679.1669089399948,724.4609375,8.196
679.4918915540038,595.0888671875,9.075
679.81471929299,595.0888671875,9.385
680.1375433520006,465.7080078125,7.665
680.4593650799943,724.46142578125,7.963
680.7819656130014,595.08935546875,8.803
681.1067308130005,595.08935546875,9.385
681.4301291589945,595.08935546875,9.269
681.752001928995,984.71044921875,7.51
682.075199821993,589.46484375,8.546
682.3975787809904,595.08984375,9.153
682.7207458569901,595.08984375,9.486
683.0425737609912,465.708984375,7.015
683.3665888279938,724.46240234375,8.08
683.6891225110012,595.09033203125,8.92
684.0123080509948,595.09033203125,9.447
684.3338633069943,465.70947265625,8.015
684.656445695,1029.71142578125,7.899
684.9813158259931,595.0908203125,8.881
685.3035075789958,595.0908203125,9.308
685.6290380790015,595.0908203125,9.641
685.9509446089942,984.7119140625,7.548
686.2734146089933,589.46630859375,8.468
686.5971187879913,595.09130859375,9.269
686.9196178449929,595.09130859375,9.486
687.2420609010005,465.71044921875,6.898
687.5665212919994,724.4638671875,8.08
687.8887537819974,595.091796875,8.959
688.210810908,494.01708984375,9.463
688.5328866569907,499.46044921875,8.093
688.8565762109938,1029.712890625,8.002
689.1798934669932,595.09228515625,8.92
689.502328617993,595.09228515625,9.346
689.8247134639969,595.09228515625,9.68
690.1493483230006,984.71337890625,7.548
690.4725274630036,589.4677734375,8.507
690.7977018889942,595.0927734375,9.23
691.122487984001,595.0927734375,9.525
691.4460015319928,465.7119140625,7.054
691.768195333003,724.46533203125,8.119
692.0905033769959,595.09326171875,8.997
692.414982998991,595.09326171875,9.486
692.7429334359913,465.71240234375,7.899
693.0677907009958,713.21240234375,8.041
693.3899315399904,595.09375,8.842
693.7131775610032,595.09375,9.447
694.0365988830017,595.09375,9.385
694.3596947879996,1029.71484375,7.626
694.6825055009976,589.46923828125,8.663
695.0066247929935,595.09423828125,9.269
695.3297711640043,595.09423828125,9.525
695.6546469890018,465.71337890625,6.937
695.9789206529967,724.466796875,8.119
696.3010781960038,488.21337890625,9.036
696.6245627519966,595.0947265625,9.385
696.9463029710023,465.7138671875,7.86
697.2688425730012,724.46728515625,8.041
697.5907396609982,595.09521484375,8.92
697.9138305410015,595.09521484375,9.424
698.2358917289966,595.09521484375,9.308
698.5580650810007,1395.81298828125,7.51
698.8799396399991,589.470703125,8.585
699.201818838992,595.095703125,9.153
699.5239303650014,599.41015625,9.486
699.8462877529964,465.71484375,6.976
700.1703012179933,724.46826171875,8.08
700.4943860450003,595.09619140625,8.92
700.8189466609911,595.09619140625,9.463
701.1409388229949,465.71533203125,8.015
701.4647877719981,1029.71728515625,8.002
701.7869740509923,595.0966796875,8.842
702.1095145479921,595.0966796875,9.308
702.4314797330007,595.0966796875,9.68
702.7519443339988,984.7177734375,7.471
703.0748528080003,589.47216796875,8.43
703.3979185670032,626.732421875,9.153
703.720313140002,595.09716796875,9.463
704.0454507949908,465.71630859375,6.792
704.3697528439952,724.4697265625,8.119
704.6932107409957,595.09765625,8.997
705.0152709370013,595.09765625,9.308
705.3381876670028,482.69091796875,8.352
705.6608344709966,1029.71875,7.626
705.9830662549939,595.09814453125,8.648
706.3074841460038,595.09814453125,9.23
706.6291267299966,595.09814453125,9.563
706.9540763160039,465.71728515625,6.976
707.2798115549958,746.970703125,8.274
707.6017130260007,595.09912109375,9.036
707.9258493730013,595.0986328125,9.424
708.2513272929937,465.7177734375,7.327
708.5753665499942,724.47119140625,7.963
708.8964889920026,595.09912109375,8.959
709.2183094039938,595.09912109375,9.308
709.5410568819934,489.63623046875,8.959
709.8634826549969,1029.72021484375,7.393
710.1879863719951,589.474609375,8.546
710.5098472660029,595.099609375,9.153
710.8318490590027,595.099609375,9.563
711.1557310950011,465.71875,7.093
711.4795374169917,755.9150390625,8.313
711.8024616359908,595.10009765625,9.075
712.1242394229921,595.10009765625,9.447
712.445720402,465.71923828125,7.626
712.7675396620034,724.47265625,8.041
713.0904188229906,595.1005859375,9.036
713.4144973119983,595.1005859375,9.346
713.7411059180013,489.6376953125,8.92
714.0649098720023,1029.7216796875,7.471
714.3873097869946,589.47607421875,8.585
714.7126720230008,595.10107421875,9.308
715.034411280998,595.10107421875,9.447
715.3565638939908,465.72021484375,7.015
715.6810371140018,746.9736328125,8.313
716.0063727249944,595.1015625,8.997
716.3285962520022,494.02685546875,9.525
716.6512150210037,465.720703125,7.522
716.9738003169914,724.47412109375,7.963
717.2964718879957,595.10205078125,8.997
717.6179281619989,595.10205078125,9.308
717.939902817001,477.0703125,9.036
718.2656612559949,1029.72314453125,7.51
718.5881228689977,589.4775390625,8.585
718.9106996530027,510.72119140625,9.269
719.2324295659928,595.1025390625,9.486
719.5554526019987,465.7216796875,7.054
719.8782218709966,522.015625,8.274
720.2041359610012,595.10302734375,9.036
720.5273470660031,595.10302734375,9.424
720.8492237350001,465.72216796875,7.626
721.1721072789951,724.4755859375,8.002
721.4947993300011,595.103515625,8.997
721.8170317839977,595.103515625,9.308
722.1396135919931,468.55029296875,9.075
722.4650574609987,1029.724609375,7.51
722.7876899260009,589.47900390625,8.532
723.109707206997,595.10400390625,9.269
723.4350632019923,595.10400390625,9.447
723.7558049910003,465.72314453125,7.015
724.079127363002,544.47607421875,8.274
724.4039387029916,595.1044921875,8.997
724.7262825200014,635.73974609375,9.447
725.0502851659985,465.7236328125,7.51
725.3746824779955,724.47705078125,7.924
725.6980960520013,494.0302734375,8.959
726.0210743179923,595.10498046875,9.308
726.3437748809956,482.5986328125,9.075
726.6678842499969,1029.72607421875,7.51
726.9921749030036,589.48046875,8.585
727.3144919350016,716.74072265625,9.269
727.6407476659951,595.10546875,9.447
727.9638523030007,465.724609375,7.093
728.286512673003,746.97802734375,8.352
728.6092453960009,595.10595703125,8.997
728.9323007509956,615.4912109375,9.447
729.2560887989966,465.72509765625,7.587
729.580844201002,724.478515625,8.08
729.9031538089912,595.1064453125,8.959
730.2261107300001,595.1064453125,9.424
730.5521703269915,489.6435546875,8.818
730.8752661640028,1029.7275390625,7.626
731.1986213350028,493.873046875,8.765
731.5229731419968,595.10693359375,9.23
731.8459848799976,595.10693359375,9.641
732.1707900109905,465.72607421875,7.171
732.4938706149987,746.9794921875,8.313
732.8164597180003,626.74267578125,9.114
733.1390156999987,595.107421875,9.424
733.4634451729944,465.7265625,7.288
733.785340752991,724.47998046875,8.002
734.1070979929937,595.10791015625,8.881
734.4289259549987,595.10791015625,9.346
734.7535091909958,489.64501953125,8.818
735.0758537749934,1029.72900390625,7.471
735.3974820199946,589.4833984375,8.546
735.7208882319974,595.1083984375,9.269
736.0439998130023,595.1083984375,9.447
736.3679395759973,465.7275390625,6.898
736.69300436099,724.48095703125,8.196
737.0203062630026,595.10888671875,9.036
737.3443382529949,595.10888671875,9.424
737.6661933830037,465.72802734375,7.587
737.9889862989949,724.4814453125,7.924
738.3119495549909,595.109375,8.842
738.6342383610026,595.109375,9.346
738.9560410419945,595.109375,9.23
739.2789052239968,1029.73046875,7.51
739.6038441169949,589.48486328125,8.663
739.925866931997,595.10986328125,9.153
740.2492409830011,595.10986328125,9.563
740.5704819849925,465.72900390625,7.015
740.8952006799955,724.482421875,8.08
741.2182769630017,595.1103515625,8.997
741.5407878870028,595.1103515625,9.424
741.8655871609953,465.7294921875,7.899
742.1882367759972,724.48291015625,8.08
742.5100792979938,595.11083984375,8.842
742.8325423479982,595.11083984375,9.424
743.1548463859945,595.11083984375,9.424
743.4758203719975,984.73193359375,7.432
743.7977038219979,589.486328125,8.43
744.1199212020001,595.111328125,9.23
744.441655528004,595.111328125,9.408
744.764586942998,465.73046875,6.781
745.0866859509988,724.48388671875,8.08
745.4094062560034,595.11181640625,8.997
745.73145255899,595.11181640625,9.308
746.0534324589971,492.46142578125,8.313
746.3758987409965,1029.73291015625,7.665
746.6978956029925,595.1123046875,8.648
747.0225756409927,476.98291015625,9.385
747.3461125119939,595.1123046875,9.718
747.6673540880001,465.7314453125,7.249
747.989511466003,746.98486328125,8.391
748.312410270999,595.11279296875,9.153
748.6353097809915,595.11279296875,9.424
748.957782366997,465.73193359375,7.132
749.2815590200044,724.4853515625,8.119
749.6043206049944,595.11328125,8.881
749.9267651260016,595.11328125,9.463
750.249365427997,489.650390625,8.663
750.5722611609963,1029.734375,7.587
750.8953480350028,499.6640625,8.726
751.217576613999,595.11376953125,9.191
751.5435338059906,626.7490234375,9.525
751.8664483559987,465.73291015625,7.171
752.1887515929993,746.986328125,8.313
752.5110972629918,635.74951171875,9.114
752.8330236899928,595.1142578125,9.463
753.1564641409932,465.7333984375,7.327
753.4789775599929,724.48681640625,8.041
753.8009300029953,595.11474609375,8.92
754.1231661339989,595.11474609375,9.385
754.4483044240042,489.65185546875,8.803
754.7714835880033,1029.73583984375,7.432
755.0937286150001,589.490234375,8.507
755.4159793379949,499.66552734375,9.23
755.7374222959916,595.115234375,9.447
756.0620313550025,465.734375,6.937
756.3859719799948,729.80224609375,8.235
756.707290388993,595.11572265625,9.075
757.0284426189901,595.11572265625,9.385
757.3504877039959,465.73486328125,7.704
757.6730624679913,724.48828125,7.963
757.9951112650015,595.1162109375,8.842
758.3167644359928,595.1162109375,9.385
758.6387752479932,595.1162109375,9.346
758.959845491001,984.7373046875,7.51
759.2817488759902,589.49169921875,8.507
759.6037812569994,595.11669921875,9.191
759.9261466710013,595.11669921875,9.447
760.2483935219934,465.73583984375,6.859
760.5710205109935,724.4892578125,8.08
760.8925427329959,595.1171875,8.997
761.2140312269912,595.1171875,9.385
761.5363629439962,492.466796875,8.274
761.85908939199,1029.73828125,7.51
762.1831595550029,595.11767578125,8.726
762.5045515029924,595.11767578125,9.269
762.8271590990043,595.11767578125,9.641
763.150357142993,465.73681640625,7.132
763.4726336579915,746.990234375,8.274
763.7956059999997,510.73681640625,9.153
764.1171853760025,595.1181640625,9.424
764.4418099539907,465.7373046875,7.249
764.7663156819908,724.49072265625,8.041
765.0890779699985,595.11865234375,8.842
765.410906952995,510.7373046875,9.385
765.7339311679971,489.65576171875,8.779
766.0573685779964,1029.73974609375,7.821
766.3816843160021,595.119140625,8.765
766.7038438360032,595.119140625,9.269
767.0257458120032,595.119140625,9.641
767.3473335399904,465.73828125,7.171
767.6699056469952,746.99169921875,8.313
767.9931902529934,510.744140625,9.153
768.3148711989925,595.11962890625,9.385
768.6388126870006,465.73876953125,7.249
768.9650894700026,724.4921875,8.119
769.288740998003,595.1201171875,8.881
769.6128913229913,595.1201171875,9.408
769.937455035004,489.6572265625,8.624
770.2600760709902,1029.7412109375,7.432
770.5821680679946,589.49560546875,8.546
770.9042701139988,595.12060546875,9.269
771.2253796199948,595.12060546875,9.447
771.5479295499972,465.73974609375,6.859
771.8709457959922,724.4931640625,8.158
772.1938236389979,595.12109375,9.075
772.5157550559961,595.12109375,9.424
772.83924840299,465.740234375,7.665
773.1656554289948,724.49365234375,8.041
773.4910884769924,595.12158203125,9.036
773.8130786469992,595.12158203125,9.385
774.137825147991,489.65869140625,8.92
774.4623316100042,1029.74267578125,7.432
774.7870810229942,589.4970703125,8.546
775.1119998170034,595.1220703125,9.269
775.4337669090019,595.1220703125,9.408
775.7566579029954,465.7412109375,6.898
776.0795626579929,724.49462890625,8.119
776.401750880992,595.12255859375,9.075
776.723647064995,595.12255859375,9.346
777.0467001109937,465.74169921875,7.743
777.3690403069922,724.4951171875,8.002
777.6921799800039,595.123046875,8.765
778.0143207139918,595.123046875,9.385
778.3364039099979,595.123046875,9.463
778.6575803619926,984.744140625,7.432
778.9807982769998,589.49853515625,8.43
779.3031461840001,595.12353515625,9.191
779.6256383199943,595.12353515625,9.37
779.9486624370038,465.74267578125,6.859
780.2712019019964,724.49609375,8.08
780.5927330510021,595.1240234375,8.997
780.9141421809909,595.1240234375,9.346
781.2374494739925,492.4736328125,8.274
781.56075577499,1029.7451171875,7.665
781.8837006579997,595.12451171875,8.648
782.2064778889908,499.6748046875,9.346
782.5304592809989,595.12451171875,9.68
782.8522631090018,465.74365234375,7.249
783.175175766999,746.9970703125,8.391
783.4976051159902,595.125,9.153
783.8202009340021,595.125,9.408
784.1426581239939,465.744140625,7.132
784.467705944,724.49755859375,7.924
784.7926456330024,595.12548828125,8.842
785.1176467960031,516.369140625,9.463
785.4413516359928,489.66259765625,8.74
785.7653324190032,1029.74658203125,7.354
786.0881191529916,589.5009765625,8.507
786.4112316249957,615.51123046875,9.23
786.7328526639903,595.1259765625,9.486
787.0570147949911,465.7451171875,6.976
787.3805523019983,724.49853515625,8.119
787.7053071219998,595.12646484375,9.075
788.0280101099925,595.12646484375,9.308
788.3504771879961,465.74560546875,7.782
788.674098249001,724.4990234375,8.002
788.9975181210029,595.126953125,8.803
789.3200140949921,595.126953125,9.408
789.6423471849994,595.126953125,9.385
789.9654768729961,1029.748046875,7.548
790.2882554149983,589.50244140625,8.648
790.6102581909945,595.12744140625,9.114
790.9331813769968,595.12744140625,9.525
791.2546257069916,465.74658203125,6.976
791.5771167530038,724.5,8.08
791.9013068850036,595.1279296875,8.959
792.2242656239978,595.1279296875,9.447
792.5457809310028,465.7470703125,7.976
792.8682136400021,1029.7490234375,8.002
793.1903847729991,595.12841796875,8.842
793.5145527279965,595.12841796875,9.385
793.836776119002,595.12841796875,9.563
794.1586394039914,984.74951171875,7.587
794.480953997001,589.50390625,8.507
794.8032919179968,595.12890625,9.23
795.1255622219905,595.12890625,9.447
795.447303487992,465.748046875,7.054
795.7705087609938,724.50146484375,8.119
796.0953040290042,595.12939453125,8.959
796.4180875619932,595.12939453125,9.486
796.7419252679974,465.74853515625,8.015
797.0643447280017,1029.75048828125,8.002
797.3867569229915,595.1298828125,8.881
797.7099189309956,595.1298828125,9.269
798.0338414709986,595.1298828125,9.641
798.3552310469968,984.7509765625,7.51
798.6786983749917,589.50537109375,8.468
799.0046923949994,595.13037109375,9.269
799.3267828859971,595.13037109375,9.447
799.6487631649943,465.74951171875,6.898
799.9739683319931,724.5029296875,8.08
800.2988368819933,595.130859375,8.959
800.622749340997,621.13525390625,9.408
800.9477089010034,493.76171875,8.093
801.272406085991,1029.751953125,7.743
801.5951322100009,595.13134765625,8.726
801.9171752429975,595.13134765625,9.308
802.2399577519973,595.13134765625,9.68
802.5630277570017,465.75048828125,7.327
802.885667124996,747.00390625,8.468
803.2079344840022,595.1318359375,9.075
803.5325101299968,617.63134765625,9.563
803.8570512459992,465.7509765625,6.976
804.1801221789938,724.50439453125,8.158
804.5026675289992,477.0009765625,8.997
804.8289113479987,595.13232421875,9.346
805.1507737990032,492.48193359375,8.352
805.4749687299918,1029.75341796875,7.743
805.7986764800007,595.1328125,8.726
806.1230066150019,595.1328125,9.385
806.4450946720026,595.1328125,9.718
806.7661425099941,984.75390625,7.704
807.0885929130018,589.50830078125,8.546
807.4116544690041,626.7685546875,9.269
807.7354146680009,595.13330078125,9.447
808.0611231759976,465.75244140625,6.871
808.3842007959902,724.505859375,8.08
808.707490678993,595.1337890625,8.997
809.031920495996,595.1337890625,9.408
809.355358765999,492.4833984375,8.21
809.6772877469921,1029.703125,7.354
809.9995470729918,510.701171875,8.624
810.3212683360034,595.08251953125,9.191
810.6432189820043,493.826171875,9.563
810.9680944430002,465.701171875,7.132
811.2902577339992,746.95458984375,8.352
811.6130309619912,595.08251953125,9.114
811.9350763300026,595.08251953125,9.463
812.259691528001,465.70166015625,7.327
812.5817744969972,724.455078125,8.002
812.9037935919914,595.0830078125,8.881
813.2252022070024,595.0830078125,9.346
813.5497509059933,489.6201171875,8.857
813.8735618899955,1029.7041015625,7.471
814.1971043230005,589.45849609375,8.61
814.5192124119931,595.08349609375,9.308
814.8416941759933,595.08349609375,9.525
815.1638719309994,465.70263671875,7.054
815.4865196509927,746.9560546875,8.391
815.8084464879939,595.083984375,9.036
816.1310159979912,595.083984375,9.525
816.4555733369925,465.703125,7.444
816.7785750509938,724.45654296875,8.041
817.1036562450026,595.08447265625,8.959
817.4260687259957,595.08447265625,9.424
817.7483095549978,489.62158203125,8.842
818.0748121310025,1029.70556640625,7.548
818.3975971990003,589.4599609375,8.701
818.7202709669946,595.0849609375,9.269
819.0433189859905,595.0849609375,9.563
819.3654166749911,465.7041015625,7.015
819.6890128359955,746.95751953125,8.391
820.0149424690026,595.08544921875,9.075
820.3377585129929,595.08544921875,9.525
820.6663309049909,465.70458984375,7.327
820.9895083989977,724.4580078125,8.041
821.3140265370021,595.0859375,8.92
821.640503415998,476.95654296875,9.486
821.9629749390006,489.623046875,8.701
822.2861795060016,1029.70703125,7.548
822.6086997969978,482.580078125,8.726
822.9302653439954,595.08642578125,9.23
823.2528181800008,482.580078125,9.602
823.5756302880036,465.70556640625,7.054
823.8990010989946,746.958984375,8.352
824.2210516499908,595.0869140625,9.075
824.5430889849958,595.0869140625,9.525
824.8675661299931,465.7060546875,7.405
825.1924569179973,724.45947265625,8.041
825.5146764969977,595.08740234375,8.92
825.8377946289984,595.08740234375,9.385
826.1600676660019,489.62451171875,8.803
826.4842624979938,1029.70849609375,7.51
826.8079314479983,589.462890625,8.648
827.1313739879988,595.087890625,9.308
827.4535952829901,595.087890625,9.563
827.7758239270042,465.70703125,7.132
828.1010850070015,746.96044921875,8.391
828.4241848289967,595.08837890625,9.075
828.7466065269982,595.08837890625,9.525
829.0699288759934,465.70751953125,7.405
829.3953331189987,724.4609375,8.235
829.7174070439942,595.0888671875,8.959
830.0403419689974,595.0888671875,9.486
830.3621063729952,489.6259765625,8.663
830.6842781799933,1029.7099609375,7.626
831.0065947589901,595.08935546875,8.765
831.3283242359903,595.08935546875,9.191
831.6501267339918,482.5830078125,9.525
831.9738749550015,465.70849609375,7.171
832.2960237679945,746.9619140625,8.352
832.6197893600038,599.53955078125,9.191
832.9440882819908,595.08984375,9.447
833.2682043480017,465.708984375,7.288
833.5932132529997,724.46240234375,8.158
833.9153059109958,595.09033203125,8.92
834.2402743589919,595.09033203125,9.502
834.5635149409936,489.62744140625,8.663
834.8856700229953,1029.71142578125,7.587
835.2078621620021,595.0908203125,8.765
835.5320872619923,595.0908203125,9.23
835.8547711239953,595.0908203125,9.641
836.1786264039984,465.7099609375,7.171
836.5031387710042,746.96337890625,8.313
836.827746363997,499.6416015625,9.191
837.1511258959945,595.09130859375,9.408
837.4738395719905,465.71044921875,7.21
837.796190145993,724.4638671875,8.158
838.1206927930034,595.091796875,8.92
838.4461212769966,595.091796875,9.463
838.7681977780012,489.62890625,8.585
839.0911983559927,1029.712890625,7.587
839.415391055998,595.09228515625,8.765
839.7374656579923,595.09228515625,9.191
840.0650690070033,595.09228515625,9.602
840.387883739997,465.71142578125,7.327
840.7119108740008,746.96484375,8.391
841.0340655299951,595.0927734375,9.191
841.3568399600044,595.0927734375,9.408
841.678323375003,465.7119140625,7.171
842.0007496479957,724.46533203125,8.158
842.3238959890004,595.09326171875,8.92
842.6465832599933,595.09326171875,9.463
842.9692139469989,489.63037109375,8.585
843.292076932994,1029.71435546875,7.626
843.6173330860038,595.09375,8.765
843.9408629719983,595.09375,9.23
844.263900291,595.09375,9.602
844.5893962199916,465.712890625,7.132
844.9117819749954,746.96630859375,8.274
845.236797873993,493.84375,9.191
845.5594606310042,595.09423828125,9.424
845.8833006839996,465.71337890625,7.249
846.2061174559931,724.466796875,8.08
846.5278915829986,595.0947265625,8.92
846.8506023859954,595.0947265625,9.447
847.1772011209978,489.6318359375,8.663
847.4993722159998,1029.7158203125,7.626
847.8214744970028,595.09521484375,8.726
848.1433857289958,595.09521484375,9.191
848.4654524880025,499.47509765625,9.563
848.7890513419989,465.71435546875,7.171
849.1112707689899,746.9677734375,8.352
849.4327871220012,595.095703125,9.114
849.7543288089946,595.095703125,9.486
850.0804181400017,465.71484375,7.366
850.4056825659936,724.46826171875,8.08
850.728653334998,595.09619140625,8.881
851.053605766996,510.71484375,9.463
851.3808757179941,489.63330078125,8.663
851.7037724569964,1029.71728515625,7.587
852.02830386399,493.84619140625,8.765
852.3497084639966,595.0966796875,9.191
852.6717850559944,626.73193359375,9.563
852.9954881229933,465.7158203125,7.21
853.3195393990027,746.96923828125,8.313
853.6419716139935,626.732421875,9.153
853.9646340750041,595.09716796875,9.408
854.2889599119953,465.71630859375,7.288
854.6114747760003,724.4697265625,7.963
854.9331791629957,595.09765625,8.881
855.254688148998,595.09765625,9.346
855.5787705019902,489.634765625,8.881
855.9008944499947,1029.71875,7.393
856.2223257559963,589.47314453125,8.507
856.544189207998,595.09814453125,9.153
856.865656599999,595.09814453125,9.525
857.1905696619942,465.71728515625,6.976
857.513234197002,724.470703125,8.119
857.836426940994,595.0986328125,9.075
858.1579498439969,595.0986328125,9.346
858.4822259659995,465.7177734375,7.743
858.8041254199925,724.47119140625,7.963
859.1263510650024,595.09912109375,8.726
859.448895028996,493.8486328125,9.346
859.7707405809924,595.09912109375,9.463
860.0927304590004,984.72021484375,7.548
860.414750609998,589.474609375,8.468
860.7367535989906,595.099609375,9.23
861.0599969339964,595.099609375,9.37
861.3835734360036,465.71875,6.781
861.7092022839934,724.47216796875,8.002
862.0309420470003,595.10009765625,8.959
862.3548901719914,595.10009765625,9.385
862.6782146429905,492.44970703125,8.196
863.0004762110038,1029.72119140625,7.847
863.3244377319934,621.11083984375,8.803
863.6471743889997,595.1005859375,9.23
863.9684993879928,595.1005859375,9.68
864.2918345319922,465.7197265625,7.315
864.6163531509956,746.97314453125,8.468
864.9400307640026,595.10107421875,9.075
865.26317452699,595.10107421875,9.525
865.5871804069902,465.72021484375,6.937
865.9116569259932,724.4736328125,8.041
866.2354604209977,595.1015625,8.881
866.5596787489922,595.1015625,9.424
866.8834940410015,489.638671875,8.546
867.2060177509993,1029.72265625,7.432
867.527921461995,589.47705078125,8.532
867.8500563419948,595.10205078125,9.23
868.1718086759938,595.10205078125,9.447
868.4939235859929,465.72119140625,7.093
868.8166573319904,746.974609375,8.391
869.1385591010039,595.1025390625,9.036
869.4601238629984,595.1025390625,9.525
869.7817562330019,465.7216796875,7.51
870.1049681009899,724.47509765625,7.886
870.4271730100008,626.73828125,8.881
870.7483142739948,595.10302734375,9.308
871.0708449469967,595.10302734375,9.191
871.3925077379972,1029.72412109375,7.51
871.7149497899954,589.478515625,8.648
872.036701598001,595.103515625,9.153
872.3583638979908,595.103515625,9.563
872.6819327769917,465.72265625,7.054
873.0043082839984,724.47607421875,8.158
873.3271726459934,516.353515625,9.075
873.6486450950033,595.10400390625,9.346
873.9710358549928,465.72314453125,7.86
874.295429877995,724.4765625,8.041
874.6171002460032,595.1044921875,8.803
874.9394744489982,595.1044921875,9.424
875.2610848729964,595.1044921875,9.346
875.582797280993,1029.7255859375,7.587
875.9042593339982,589.47998046875,8.701
876.2261390069907,595.10498046875,9.191
876.5492812009907,595.10498046875,9.602
876.8707750839967,465.72412109375,7.054
877.1926272569981,724.4775390625,8.158
877.5157225900039,599.55517578125,9.075
877.8392470230028,595.10546875,9.408
878.1619756089931,465.724609375,7.821
878.4844324059959,724.47802734375,8.041
878.805977276992,595.10595703125,8.842
879.1296484569903,595.10595703125,9.424
879.453319733002,595.10595703125,9.308
879.7756732080015,1029.72705078125,7.587
880.0979789039993,589.4814453125,8.663
880.4196862359968,595.1064453125,9.269
880.7412904810044,595.1064453125,9.563
881.0655444500007,465.7255859375,7.093
881.3898427410022,544.51953125,8.352
881.7138635059964,595.10693359375,9.036
882.0353533329908,595.10693359375,9.408
882.3568716729933,465.72607421875,7.665
882.6810533959942,724.4794921875,8.08
883.0058458639978,595.107421875,8.997
883.3272807009926,595.107421875,9.385
883.655738358997,489.64453125,8.896
883.9791450539924,1029.728515625,7.51
884.3009643459955,589.48291015625,8.585
884.6239159419929,595.10791015625,9.346
884.9483894290024,595.10791015625,9.525
885.2721690259932,465.72705078125,7.327
885.5954952219909,746.98046875,8.391
885.9198467389942,626.74365234375,9.191
886.2417259799986,595.1083984375,9.408
886.5649655699963,465.7275390625,7.288
886.8871582220017,724.48095703125,8.119
887.2089058940037,595.10888671875,8.881
887.5318390589964,617.6083984375,9.447
887.8534722500044,489.64599609375,8.701
888.1767887850001,1029.72998046875,7.548
888.5000627239933,593.798828125,8.687
888.8227932349982,595.109375,9.191
889.144288808995,595.109375,9.525
889.466206290992,465.728515625,7.054
889.7886327129963,746.98193359375,8.391
890.1100493919948,595.10986328125,9.036
890.4325536739925,595.10986328125,9.486
890.7546911129903,465.72900390625,7.483
891.0765223289927,724.482421875,7.963
891.399209775991,595.1103515625,8.997
891.721277538003,595.1103515625,9.308
892.0431434319908,489.6474609375,9.036
892.365544935994,1029.7314453125,7.51
892.6876059359929,589.48583984375,8.585
893.0100510460034,595.111328125,9.23
893.3348593069968,595.11083984375,9.486
893.6553087649954,465.72998046875,7.093
893.9786691390036,725.55126953125,8.313
894.3015851730015,595.111328125,9.114
894.6241000299924,595.111328125,9.502
894.9461132580036,465.73046875,7.704
895.268521000995,724.48388671875,7.976
895.5910416410043,595.11181640625,8.881
895.9122958789958,595.11181640625,9.385
896.2342113310006,595.11181640625,9.269
896.5557949899958,984.73291015625,7.51
896.8779640110006,589.4873046875,8.546
897.1992680969997,595.1123046875,9.153
897.523457467003,595.24755859375,9.563
897.8456007810018,465.7314453125,7.054
898.168702858995,724.48486328125,8.119
898.4927490120026,595.11279296875,8.997
898.8169714199903,595.11279296875,9.424
899.1397633290035,465.73193359375,7.899
899.4631028479926,1029.73388671875,7.548
899.785204793996,595.11328125,8.663
900.1105015450012,595.11328125,9.346
900.4321572629997,595.11328125,9.718
900.7559474699956,465.732421875,7.288
901.080410538998,746.98583984375,8.468
901.4030348669912,595.11376953125,9.075
901.7281092189951,494.0390625,9.563
902.0516140889958,465.73291015625,7.093
902.3771013229998,724.486328125,8.158
902.7003826549917,595.1142578125,8.997
903.03150646,595.1142578125,9.463
903.3531166710018,499.48291015625,8.093
903.6754805419914,1029.7353515625,7.899
903.9998718949937,595.11474609375,8.881
904.3224738540011,595.11474609375,9.23
904.6465121929941,516.3583984375,9.718
904.967371050996,510.73583984375,7.432
905.2901850729977,779.68017578125,8.468
905.6125358360005,595.115234375,9.114
905.9353384540009,595.115234375,9.525
906.2602876040037,465.734375,6.898
906.5841944620042,724.48779296875,8.158
906.9068326129927,499.841796875,8.997
907.2287999819964,595.11572265625,9.346
907.5507787090028,494.8740234375,8.43
907.8727608519985,1029.73681640625,7.626
908.1972377019993,595.1162109375,8.726
908.5211955190025,595.1162109375,9.269
908.8438097119943,595.1162109375,9.602
909.1662985239964,465.7353515625,7.171
909.4884244379937,746.98876953125,8.274
909.8125126410014,499.6669921875,9.191
910.1344123909948,595.11669921875,9.447
910.4566515159968,465.73583984375,7.249
910.7791002089944,724.4892578125,8.08
911.1019704569917,595.1171875,8.92
911.4239827459969,595.1171875,9.502
911.7455314199906,489.654296875,8.779
912.0691066180007,1029.73828125,7.51
912.3916039420001,589.49267578125,8.648
912.7132713320025,595.11767578125,9.269
913.0347352859972,595.11767578125,9.563
913.3568239729939,465.73681640625,7.015
913.6793711060018,746.990234375,8.352
914.0025261679984,595.1181640625,9.036
914.3282776370033,595.1181640625,9.525
914.6568545749906,465.7373046875,7.366
914.9823086760007,724.49072265625,8.041
915.3049532709992,595.11865234375,8.92
915.6269055729936,493.8623046875,9.447
915.9495145410037,489.65576171875,8.818
916.275227459002,1029.73974609375,7.432
916.5976931839978,589.494140625,8.585
916.9220251639927,595.119140625,9.269
917.2443793569983,595.119140625,9.525
917.5661226069933,465.73828125,7.093
917.8881889039912,746.99169921875,8.391
918.2113824539992,595.11962890625,9.036
918.5358038970007,595.11962890625,9.486
918.8575372729974,465.73876953125,7.471
919.1796220889955,724.4921875,7.924
919.5061183700018,595.1201171875,8.959
919.8277792199951,595.1201171875,9.308
920.1565436609962,489.6572265625,8.959
920.4816835819947,1029.7412109375,7.548
920.8041049369931,589.49560546875,8.648
921.1274631659908,595.12060546875,9.308
921.4497631069971,595.12060546875,9.486
921.7717801129911,465.73974609375,7.054
922.0949407879962,746.9931640625,8.352
922.4209851460037,595.12109375,9.036
922.7434400829952,595.12109375,9.525
923.0659967190004,465.740234375,7.471
923.3897212169977,724.49365234375,7.963
923.712629636997,595.12158203125,8.997
924.035320444993,595.12158203125,9.331
924.3599115639954,489.65869140625,8.959
924.6823769140028,1029.74267578125,7.471
925.0039588289947,589.4970703125,8.546
925.3287353539927,595.1220703125,9.308
925.6521609320043,595.1220703125,9.486
925.9739525740006,465.7412109375,7.015
926.2975967809907,746.99462890625,8.313
926.621480546004,595.12255859375,9.036
926.943599967999,505.2978515625,9.563
927.2654953809979,465.74169921875,7.51
927.5886669119936,724.4951171875,8.002
927.9103698899999,595.123046875,8.997
928.232762818996,595.123046875,9.346
928.5553043599939,489.66015625,9.036
928.8776522209955,1029.744140625,7.432
929.1997052529914,589.49853515625,8.61
929.5228155789955,595.12353515625,9.23
929.8448143900023,595.12353515625,9.602
930.1688582859933,465.74267578125,7.015
930.4922763279901,724.49609375,8.235
930.8146039120038,595.1240234375,9.153
931.1361560679943,595.1240234375,9.408
931.4579003929975,465.7431640625,7.704
931.7832272709929,724.49658203125,8.002
932.1066047170025,493.8681640625,8.959
932.4312238499988,595.12451171875,9.308
932.7547667979961,516.3681640625,9.075
933.078419286001,1029.74560546875,7.51
933.4011540039937,589.5,8.585
933.7235280890018,595.125,9.23
934.0446958449902,595.125,9.525
934.3685082019947,465.744140625,6.976
934.6909380889992,724.49755859375,8.08
935.0138722830015,595.12548828125,8.959
935.335649753004,595.12548828125,9.408
935.6626685749943,465.74462890625,7.86
935.986183201996,1029.74658203125,7.782
936.3110472349945,595.1259765625,8.842
936.6356749949919,595.1259765625,9.308
936.9594374949957,595.1259765625,9.602
937.2820309499948,984.7470703125,7.471
937.6051792409999,589.50146484375,8.43
937.9284370690002,595.12646484375,9.23
938.2523775829904,595.12646484375,9.408
938.5749724960042,465.74560546875,7.132
938.89783381499,724.4990234375,8.158
939.2211035689979,595.126953125,8.997
939.546153688003,595.126953125,9.486
939.8690573670028,465.74609375,7.976
940.1918851069931,1029.748046875,8.041
940.5155797000043,595.12744140625,8.842
940.8396640949941,510.751953125,9.447
941.1641067449964,595.12744140625,9.424
941.4876022160024,1029.74853515625,7.587
941.8099419139908,589.5029296875,8.648
942.1337723350007,595.1279296875,9.191
942.4563979009981,595.1279296875,9.641
942.7817215319956,465.7470703125,7.054
943.1048955610022,724.50048828125,8.196
943.4308231869945,595.12841796875,9.153
943.752430448003,595.12841796875,9.408
944.074155505994,465.74755859375,7.743
944.3966987449967,724.5009765625,8.002
944.7200696289947,595.12890625,8.92
945.0437758859916,595.12890625,9.385
945.3664885949984,621.13916015625,9.153
945.6896349479939,1029.75,7.471
946.0121448540012,589.50439453125,8.61
946.3339616400044,595.12939453125,9.153
946.657003211003,595.12939453125,9.602
946.9812467209995,465.74853515625,7.015
947.3044758169999,724.501953125,8.158
947.6269442659977,493.87939453125,9.114
947.9497042430012,595.1298828125,9.408
948.2717678369954,465.7490234375,7.821
948.5941488480021,724.50244140625,8.041
948.9158820809971,595.13037109375,8.92
949.238280880003,595.13037109375,9.424
949.5628905920021,595.13037109375,9.269
949.8870163389947,1029.75146484375,7.548
950.2089008969924,589.505859375,8.648
950.5302980069973,595.130859375,9.191
950.8534955420037,595.130859375,9.602
951.1783626879915,465.75,7.054
951.5012355029903,724.50341796875,8.196
951.8239796330017,595.13134765625,9.153
952.1469341390039,595.13134765625,9.408
952.4683434879989,465.75048828125,7.743
952.7912112929916,724.50390625,8.002
953.1132647249906,595.1318359375,8.92
953.4354920850019,595.1318359375,9.385
953.7578094240016,595.1318359375,9.23
954.0808272419963,1029.7529296875,7.51
954.4033411659912,589.50732421875,8.648
954.7254346139962,595.13232421875,9.191
955.0483491850027,595.13232421875,9.641
955.3723202199908,465.75146484375,7.015
955.694926451004,724.5048828125,8.158
956.0170806910028,477.00146484375,9.114
956.3389389170043,595.1328125,9.408
956.6607460950036,465.751953125,7.86
956.9835363540042,724.50537109375,8.041
957.3073343699944,595.13330078125,8.92
957.6288398289907,595.13330078125,9.408
957.9512380929955,595.13330078125,9.269
958.2737566809956,1029.75439453125,7.587
958.5955639699969,589.5087890625,8.648
958.9178492909996,621.14404296875,9.308
959.2393948340032,595.1337890625,9.525
959.5629153109912,465.7529296875,6.937
959.8847542979929,724.50634765625,8.119
960.2076150909998,595.13427734375,9.075
960.531445236993,595.13427734375,9.37
960.853133807992,465.75341796875,7.704
961.1771932679985,724.5068359375,7.963
961.4998382969934,595.134765625,8.803
961.8234746889939,595.134765625,9.408
962.1465259989927,595.134765625,9.308
962.467385882992,984.755859375,7.393
962.7915360479965,589.51025390625,8.43
963.1168374650006,595.13525390625,9.23
963.4385927399999,595.13525390625,9.525
963.7598215500038,465.75439453125,7.015
964.082396466998,724.5078125,8.119
964.406311668994,595.1357421875,8.997
964.7288578729931,595.1357421875,9.486
965.050503876002,465.7548828125,8.015
965.3727232160018,1029.7568359375,8.002
965.6947695179988,595.13623046875,8.842
966.0165753259935,595.13623046875,9.385
966.3381488360028,595.13623046875,9.641
966.6596594889998,984.75732421875,7.471
966.9825697210035,589.51171875,8.43
967.3052274939982,595.13671875,9.269
967.6271246840042,595.13671875,9.447
967.9506673190044,465.755859375,7.015
968.2741079970001,724.50927734375,8.119
968.6003552280017,595.13720703125,8.997
968.9233329639974,595.13720703125,9.525
969.245860791998,465.75634765625,8.015
969.5685577440017,1029.75830078125,8.041
969.8924560239975,595.1376953125,8.842
970.215912204003,615.52294921875,9.408
970.5394647369976,595.1376953125,9.54
970.8602437329973,984.7587890625,7.432
971.1831890009926,589.51318359375,8.43
971.5057490659965,477.0068359375,9.23
971.8302132719982,595.13818359375,9.486
972.1536639599944,465.75732421875,6.859
972.4765763210016,724.5107421875,8.08
972.7992013309995,595.138671875,8.997
973.1214651420014,595.138671875,9.37
973.4446800669975,492.48828125,8.274
973.7675531760033,1029.759765625,8.002
974.0896658979909,595.13916015625,8.92
974.4116580720001,595.13916015625,9.269
974.7344501439948,493.888671875,9.757
975.0564444210031,465.75830078125,7.393
975.3794184839935,747.01171875,8.507
975.7013149889972,595.1396484375,9.153
976.0240091259911,595.1396484375,9.563
976.3466377570003,465.7587890625,6.937
976.6689177590015,724.51220703125,8.196
976.9908332289924,595.14013671875,9.036
977.3139905769931,595.14013671875,9.331
977.6371883069951,497.9921875,8.43
977.9597782619967,1029.76123046875,7.548
978.28351079399,595.140625,8.726
978.6061083929962,595.140625,9.191
978.9331263740023,595.140625,9.563
979.2572993969952,465.759765625,6.937
979.5822420820041,747.01318359375,8.313
979.9075167129922,595.14111328125,9.075
980.2321981970017,595.14111328125,9.447
980.5597374999925,465.76025390625,7.288
980.8818526859977,724.513671875,8.002
981.2037742629909,595.1416015625,8.881
981.5252303140005,595.1416015625,9.346
981.8486846860033,489.6787109375,8.842
982.1705287459918,1029.7626953125,7.432
982.4936667509901,589.51708984375,8.585
982.8163138459931,595.14208984375,9.23
983.1380079069932,595.14208984375,9.525
983.4616711739945,465.76123046875,7.093
983.7841901899956,724.5146484375,8.274
984.1067766009946,595.142578125,9.153
984.4284422679921,595.142578125,9.447
984.75103532699,465.76220703125,7.704
985.0724020589987,1029.703125,7.432
985.3961881939904,595.08251953125,8.546
985.718839934998,476.953125,9.23
986.0442957339983,595.08251953125,9.641
986.3705293259991,465.701171875,6.82
986.6964441790042,746.95458984375,8.196
987.0216728859959,595.08251953125,8.997
987.3453099399921,595.08251953125,9.408
987.6733708300017,465.70166015625,7.327
987.9951772659988,724.455078125,8.002
988.3171345570008,595.0830078125,8.959
988.6388694969937,595.0830078125,9.269
988.9613576819975,489.6201171875,8.959
989.2844303719903,1029.7041015625,7.393
989.6076061350032,589.45849609375,8.546
989.9290618499945,595.08349609375,9.114
990.250694531991,499.6337890625,9.525
990.5732254589966,465.70263671875,7.21
990.8958591039991,724.4560546875,8.352
991.218696661992,595.083984375,9.153
991.5399957829941,595.083984375,9.447
991.8628104189993,465.703125,7.665
992.1853852049971,724.45654296875,8.041
992.5077293229988,595.08447265625,9.036
992.8293694989989,595.08447265625,9.37
993.1562811049953,489.62158203125,8.997
993.4794036809908,1029.70556640625,7.548
993.8023485449958,589.4599609375,8.648
994.1253440349974,595.0849609375,9.308
994.4478586399928,595.0849609375,9.525
994.7712589379953,465.7041015625,7.171
995.0949307370029,746.95751953125,8.43
995.4162113269995,595.08544921875,9.036
995.7374615720037,595.08544921875,9.525
996.0592548159912,465.70458984375,7.548
996.3837880189967,724.4580078125,8.041
996.7056981880014,595.0859375,8.959
997.0274251160008,595.0859375,9.37
997.3543750559911,489.623046875,8.842
997.6806468790019,1029.70703125,7.51
998.0053402630001,589.46142578125,8.648
998.3312470439996,595.08642578125,9.23
998.6569826759951,599.40087890625,9.563
998.9793403340009,465.70556640625,7.366
999.3047779969929,746.958984375,8.43
999.630239976992,595.0869140625,9.191
999.9523608149902,595.0869140625,9.408
1000.2740266250039,465.7060546875,7.171
1000.5983759730007,724.45947265625,8.119
1000.9223615230003,595.08740234375,8.881
1001.2446843770012,595.08740234375,9.408
1001.5675972379977,489.62451171875,8.585
1001.8903568700043,1029.70849609375,7.626
1002.2152940689994,595.087890625,8.765
1002.5402868200035,595.087890625,9.269
1002.8644555929932,595.087890625,9.641
1003.1865511869983,465.70703125,7.21
1003.5110105310014,746.96044921875,8.313
1003.835292386997,595.08837890625,9.191
1004.159185490993,595.08837890625,9.408
1004.4817279120034,465.70751953125,7.171
1004.8065849519917,724.4609375,8.119
1005.1285487150017,595.0888671875,8.881
1005.4506652209966,595.0888671875,9.447
1005.7746510790021,489.6259765625,8.663
1006.097660126994,1029.7099609375,7.587
1006.4247750490031,595.08935546875,8.765
1006.7484221319901,595.08935546875,9.269
1007.0740522129927,595.08935546875,9.641
1007.396448968997,465.70849609375,7.171
1007.7215109219978,746.9619140625,8.313
1008.0458446809935,595.08984375,9.191
1008.3683381049923,595.08984375,9.447
1008.6910021219956,465.708984375,7.171
1009.0143979440036,724.46240234375,8.158
1009.3367410170031,595.09033203125,8.959
1009.6602372539928,595.09033203125,9.447
1009.9825834539952,489.62744140625,8.585
1010.3062008440029,1029.71142578125,7.626
1010.6305781039991,595.0908203125,8.726
1010.9534423970035,595.0908203125,9.269
1011.2758225099969,595.0908203125,9.641
1011.5987068009999,465.7099609375,7.249
1011.9230742229993,746.96337890625,8.391
1012.2458175420034,595.09130859375,9.191
1012.5725929689943,595.09130859375,9.525
1012.8952089469967,465.71044921875,7.093
1013.2205039519904,724.4638671875,8.158
1013.5440185579937,599.40625,8.997
1013.8695956790034,595.091796875,9.385
1014.1929247660009,471.33935546875,8.43
1014.5163953939918,1029.712890625,7.704
1014.840938125999,595.09228515625,8.687
1015.1650288689998,595.09228515625,9.385
1015.4873271830002,595.09228515625,9.757
1015.812210144999,465.71142578125,7.366
1016.1366492149973,746.96484375,8.507
1016.4605721989938,595.0927734375,9.114
1016.7847085590038,595.0927734375,9.563
1017.1087054569944,465.7119140625,6.976
1017.4304621310002,724.46533203125,8.196
1017.7529836939939,617.5927734375,8.997
1018.0745635519997,595.09326171875,9.331
1018.3971393889951,485.3994140625,8.43
1018.7191910999973,1029.71435546875,7.626
1019.0410946749907,595.09375,8.687
1019.3649033559923,595.09375,9.191
1019.6879869120021,595.09375,9.563
1020.0100748059922,465.712890625,7.171
1020.3325807029905,746.96630859375,8.274
1020.6563308399927,595.09423828125,9.153
1020.9786363669991,595.09423828125,9.37
1021.3014706529939,465.71337890625,7.249
1021.6243851939944,724.466796875,8.08
1021.9462474299944,595.0947265625,8.842
1022.2696361949929,493.84423828125,9.408
1022.5912679859903,489.6318359375,8.74
1022.9139253829926,1029.7158203125,7.471
1023.2366557109926,589.47021484375,8.61
1023.5582965189969,595.09521484375,9.23
1023.8798639729939,595.09521484375,9.447
1024.2016632129962,465.71435546875,6.937
1024.524530529001,578.21728515625,8.235
1024.8480645870004,595.095703125,8.997
1025.1697371249902,595.095703125,9.37
1025.4913841579983,465.71484375,7.587
1025.815967692004,724.46826171875,7.963
1026.137762339,595.09619140625,8.959
1026.4600268939976,595.09619140625,9.308
1026.781984739995,516.33984375,9.114
1027.1042228529986,1029.71728515625,7.51
1027.4260094909987,589.4716796875,8.585
1027.7479765460012,595.0966796875,9.191
1028.0705711460032,595.0966796875,9.525
1028.3953914739977,465.7158203125,7.015
1028.7202142269962,724.46923828125,8.196
1029.0442665449955,595.09716796875,9.075
1029.368870086997,595.09716796875,9.37
1029.6926725649973,465.71630859375,7.665
1030.015483989002,724.4697265625,7.924
1030.340895012996,595.09765625,8.881
1030.6666156769934,595.09765625,9.308
1030.9915276309912,599.54736328125,9.114
1031.3155110020016,1029.71875,7.548
1031.6374351760023,589.47314453125,8.532
1031.9599969089904,621.1025390625,9.269
1032.2863106430013,595.09814453125,9.447
1032.6086176730023,465.71728515625,7.093
1032.9335560119944,746.970703125,8.391
1033.2553577049985,595.0986328125,8.997
1033.5773204889992,494.02392578125,9.447
1033.8985904069996,465.7177734375,7.548
1034.2212028779904,724.47119140625,7.924
1034.543126420991,476.9755859375,8.881
1034.864810332001,595.09912109375,9.269
1035.1870181690028,595.09912109375,9.153
1035.508939241001,1029.72021484375,7.471
1035.830665706002,589.474609375,8.585
1036.152391465992,595.099609375,9.114
1036.475279803999,488.2294921875,9.486
1036.797243198991,465.71875,7.015
1037.1190702029999,724.47216796875,8.119
1037.4405969709915,595.10009765625,8.959
1037.7621891739982,595.10009765625,9.447
1038.0843799619906,465.71923828125,8.054
1038.4065667809919,1029.72119140625,7.924
1038.7282239399938,595.1005859375,8.881
1039.049559770996,595.1005859375,9.269
1039.370972181001,595.1005859375,9.757
1039.6920273229916,465.7197265625,7.393
1040.0143050100014,752.28759765625,8.468
1040.336554088004,595.10107421875,9.075
1040.6585556619975,595.10107421875,9.525
1040.9798016169952,465.72021484375,6.898
1041.302724794994,724.4736328125,8.119
1041.6251587009901,595.1015625,8.92
1041.9476495639974,595.1015625,9.37
1042.2691368009982,489.638671875,8.585
1042.5914317809948,1029.72265625,7.51
1042.9141776879987,493.845703125,8.687
1043.2378104480013,595.10205078125,9.191
1043.5597222679935,488.2431640625,9.563
1043.8831184019946,465.72119140625,7.054
1044.2061519599956,746.974609375,8.352
1044.5290383109968,595.1025390625,8.997
1044.8517825040035,595.1025390625,9.486
1045.1781011860003,465.7216796875,7.405
1045.5005763429945,724.47509765625,8.002
1045.8227667140018,595.10302734375,8.959
1046.1439635379938,595.10302734375,9.292
1046.4662185829948,489.64013671875,8.959
1046.7884531070013,1029.72412109375,7.432
1047.1105336399924,589.478515625,8.585
1047.4323515389988,595.103515625,9.153
1047.755353607994,595.103515625,9.563
1048.0780059660028,465.72265625,7.015
1048.4001264289982,724.47607421875,8.119
1048.7226275419962,510.72265625,9.036
1049.0449309800024,595.10400390625,9.346
1049.3692143429944,465.72314453125,7.86
1049.6929258989985,533.22314453125,8.002
1050.0153680560034,595.1044921875,8.803
1050.3378328370018,595.1044921875,9.424
1050.6608950149966,595.1044921875,9.463
1050.982403075992,984.7255859375,7.548
1051.3052506499953,589.47998046875,8.546
1051.627873506004,595.10498046875,9.191
1051.950183769004,595.10498046875,9.408
1052.271671244991,465.72412109375,6.859
1052.5941429520026,724.4775390625,8.041
1052.915846332995,595.10546875,8.959
1053.238143116003,595.10546875,9.331
1053.5596659110015,492.455078125,8.158
1053.881920411004,1029.7265625,7.782
1054.2043687440018,595.10595703125,8.726
1054.5261259099934,595.10595703125,9.269
1054.847790393993,595.10595703125,9.641
1055.1710337599943,465.72509765625,7.327
1055.4939334630035,746.978515625,8.468
1055.816488216995,595.1064453125,9.075
1056.1385546289966,595.1064453125,9.563
1056.4628442389949,465.7255859375,6.976
1056.7853792399983,724.47900390625,8.235
1057.1077911629982,595.10693359375,9.075
1057.4292545659991,595.10693359375,9.385
1057.7560799799976,492.45654296875,8.313
1058.0795130579936,1029.72802734375,7.743
1058.4029998350015,595.107421875,8.726
1058.7270178269973,595.107421875,9.308
1059.0508981479943,595.107421875,9.718
1059.3727655849943,488.2265625,7.471
1059.696662892995,544.5205078125,8.468
1060.019034982004,595.10791015625,9.191
1060.3430323560024,595.10791015625,9.486
1060.6673570349958,465.72705078125,7.093
1060.9898599709995,724.48046875,8.119
1061.3149523269967,595.1083984375,8.959
1061.6374151280033,595.1083984375,9.525
1061.9626733070036,465.7275390625,8.015
1062.2858334140037,1029.7294921875,7.924
1062.6077258799924,595.10888671875,8.803
1062.930773590997,595.10888671875,9.308
1063.2524906219915,595.10888671875,9.563
1063.5738332019973,984.72998046875,7.51
1063.8961886519974,589.484375,8.468
1064.219545614993,595.109375,9.269
1064.5419632089906,595.109375,9.486
1064.8633675070014,465.728515625,7.132
1065.1880122930015,724.48193359375,8.158
1065.5101997269958,595.10986328125,9.036
1065.8342659839982,595.10986328125,9.424
1066.156021072995,465.72900390625,7.86
1066.4792231019965,724.482421875,8.002
1066.8023486719903,595.1103515625,8.959
1067.1242233419907,595.1103515625,9.385
1067.448622181997,595.1103515625,9.23
1067.772889136002,1029.7314453125,7.548
1068.0973840359948,589.48583984375,8.585
1068.4227995499969,494.0361328125,9.346
1068.7451604340022,595.11083984375,9.525
1069.0677979039901,465.72998046875,7.015
1069.3927162379987,746.9833984375,8.313
1069.7146463129902,595.111328125,8.997
1070.040108532994,493.85498046875,9.525
1070.3624222709914,465.73046875,7.471
1070.685082704993,724.48388671875,7.963
1071.0091773399909,595.11181640625,8.997
1071.331711591003,595.11181640625,9.385
1071.657967783991,489.64892578125,8.842
1071.9817677760002,1029.73291015625,7.51
1072.3037602039985,589.4873046875,8.648
1072.626618137001,595.1123046875,9.23
1072.9509461099951,595.1123046875,9.563
1073.2753342789947,465.7314453125,7.249
1073.598388532002,746.98486328125,8.352
1073.9229674529925,499.4814453125,9.191
1074.2448146120005,595.11279296875,9.447
1074.5673449000024,465.73193359375,7.249
1074.8914605299942,724.4853515625,8.002
1075.2153428699967,595.11328125,8.842
1075.5381595630024,621.12353515625,9.37
1075.8603666900017,489.650390625,8.803
1076.1839939710044,1029.734375,7.587
1076.506286731994,621.1240234375,8.726
1076.8278084780031,595.11376953125,9.23
1077.1499255450035,595.11376953125,9.525
1077.4718500279996,465.73291015625,7.015
1077.7947464479948,746.986328125,8.352
1078.1200104220043,595.1142578125,9.075
1078.443053312003,595.1142578125,9.563
1078.7697091449954,465.7333984375,7.405
1079.0927707160008,724.48681640625,8.002
1079.4149738190026,595.11474609375,8.92
1079.740282165003,595.11474609375,9.385
1080.0634346759907,489.65185546875,8.818
1080.3890101669967,1029.73583984375,7.471
1080.7125754900044,589.490234375,8.624
1081.0365320909914,595.115234375,9.308
1081.360000671004,595.115234375,9.563
1081.6857617579954,465.734375,7.21
1082.0082732029987,746.98779296875,8.352
1082.3333898120036,595.11572265625,9.114
1082.6557095329918,595.11572265625,9.424
1082.9802566069993,465.73486328125,7.249
1083.30373010099,724.48828125,8.041
1083.6281224769918,595.1162109375,8.92
1083.9537563719932,595.1162109375,9.486
1084.2761759909918,489.6533203125,8.701
1084.6000201449933,1029.7373046875,7.587
1084.9223768090014,595.11669921875,8.765
1085.2455924529932,595.11669921875,9.23
1085.5679494350043,595.11669921875,9.68
1085.890684826998,465.73583984375,7.132
1086.213396250998,746.9892578125,8.313
1086.5354236120038,595.1171875,9.075
1086.8602624759951,595.1171875,9.447
1087.186589017001,465.736328125,7.327
1087.511443144991,724.48974609375,7.963
1087.8352723589924,595.11767578125,8.881
1088.1605468179914,595.11767578125,9.37
1088.484472932003,489.65478515625,8.765
1088.8081072189962,1029.73876953125,7.393
1089.1320459019917,589.4931640625,8.546
1089.456763241993,476.99462890625,9.308
1089.7803035020042,595.1181640625,9.486
1090.1039594460017,465.7373046875,7.393
1090.428233847997,746.99072265625,8.391
1090.7517291069962,510.7373046875,9.191
1091.0757867569919,595.11865234375,9.408
1091.40021367,465.73779296875,7.288
1091.722556875,724.4912109375,8.041
1092.0452104269934,595.119140625,8.842
1092.3678737070004,621.12939453125,9.37
1092.6900993649906,489.65625,8.765
1093.0136463859963,1029.740234375,7.432
1093.3370930520032,589.49462890625,8.571
1093.6595758649928,595.11962890625,9.308
1093.9819634070009,595.11962890625,9.525
1094.3063152550021,465.73876953125,7.171
1094.629911002994,746.9921875,8.43
1094.9519093699928,595.1201171875,9.075
1095.2747798049968,595.1201171875,9.563
1095.5994227259944,465.7392578125,7.444
1095.9219451709941,724.49267578125,8.274
1096.243551897991,595.12060546875,8.92
1096.5651610560017,595.12060546875,9.447
1096.886568663991,489.65771484375,8.74
1097.208724045995,1029.74169921875,7.587
1097.5308550429909,615.50634765625,8.687
1097.852891276998,595.12109375,9.23
1098.175077117994,595.12109375,9.525
1098.4972625419905,465.740234375,6.976
1098.8193164019904,746.99365234375,8.352
1099.1409278429928,595.12158203125,8.997
1099.4634810839925,635.7568359375,9.408
1099.7850352999958,465.74072265625,7.548
1100.1090347680001,724.494140625,7.963
1100.4328586769989,493.87158203125,8.92
1100.7548043589923,595.1220703125,9.308
1101.077258956997,626.75732421875,9.153
1101.3989828049962,1029.7431640625,7.471
1101.7207999620005,589.49755859375,8.61
1102.0425251470006,595.12255859375,9.153
1102.3660155879916,595.12255859375,9.525
1102.687141094997,465.74169921875,6.976
1103.008814173998,724.4951171875,8.08
1103.330926662995,595.123046875,8.959
1103.6531039499969,595.123046875,9.447
1103.9766872449982,465.7421875,8.015
1104.299545004993,522.3466796875,8.119
1104.6251286009938,595.12353515625,8.842
1104.9501835970004,595.12353515625,9.408
1105.2731899959908,595.12353515625,9.385
1105.5954844590015,984.74462890625,7.548
1105.917523739001,589.4990234375,8.546
1106.24032081099,595.1240234375,9.153
1106.5639810830035,595.1240234375,9.447
1106.8855582260003,465.7431640625,7.015
1107.2083798989916,724.49658203125,8.08
1107.5302904929995,595.12451171875,8.92
1107.852388993997,595.12451171875,9.447
1108.1740563729982,488.2431640625,8.093
1108.4981449049956,1029.74560546875,7.782
1108.8240328329994,494.05029296875,8.881
1109.1477258560044,595.125,9.308
1109.4724890340003,595.125,9.718
1109.7939968080027,984.74609375,7.471
1110.1165924020024,612.0,8.43
1110.440872288993,615.5107421875,9.191
1110.7639063910028,595.12548828125,9.447
1111.089920900995,465.74462890625,6.82
1111.4140353029943,724.498046875,8.08
1111.7369634729985,595.1259765625,8.997
1112.0607139799977,595.1259765625,9.331
1112.3860883939924,492.4755859375,8.196
1112.7083211049903,1029.7470703125,7.704
1113.0308415390027,595.12646484375,8.648
1113.3532170069957,595.12646484375,9.346
1113.67603219999,595.12646484375,9.68
1113.9991353069927,465.74560546875,7.432
1114.3225490820041,746.9990234375,8.546
1114.6452334149944,595.126953125,9.114
1114.9698712649988,595.126953125,9.563
1115.2940905379946,465.74609375,6.937
1115.6165568720025,724.49951171875,8.158
1115.9390417949908,595.12744140625,9.036
1116.2607960640016,595.12744140625,9.346
1116.5845961739979,492.47705078125,8.274
1116.906926523996,1029.74853515625,7.743
1117.2317095489998,595.1279296875,8.765
1117.5548590660037,595.1279296875,9.346
1117.8782863499946,595.1279296875,9.757
1118.202847374996,465.7470703125,7.393
1118.5262007659912,747.00048828125,8.507
1118.8478371529927,595.12841796875,9.075
1119.169759344004,595.12841796875,9.563
1119.4932020760025,465.74755859375,6.937
1119.8158078080014,724.5009765625,8.196
1120.1373521850037,595.12890625,9.036
1120.4588564000005,595.12890625,9.346
1120.7808052979963,505.01220703125,8.43
1121.1028881219972,1029.75,7.704
1121.4251993380021,595.12939453125,8.687
1121.7465405889961,599.44384765625,9.269
1122.0683671080042,595.12939453125,9.602
1122.3905419599905,465.74853515625,7.171
1122.712640547994,747.001953125,8.313
1123.0348833960015,499.68017578125,9.153
1123.3567247559986,595.1298828125,9.408
1123.6786877159902,465.701171875,7.288
1124.000445001002,1029.703125,7.626
1124.3225668770028,595.08251953125,8.726
1124.6440844369936,595.08251953125,9.191
1124.9689294239943,595.08251953125,9.68
1125.2922055800009,465.701171875,7.288
1125.6148877889937,746.95458984375,8.468
1125.9365012780036,595.08251953125,9.036
1126.259386627993,595.08251953125,9.525
1126.5820135319955,465.70166015625,6.937
1126.9046581919974,724.455078125,8.119
1127.227569775001,595.08349609375,8.959
1127.552493309995,595.0830078125,9.346
1127.8740686719975,489.62060546875,8.468
1128.1966311139986,1029.7041015625,7.743
1128.5188824389916,595.08349609375,8.687
1128.8418146170006,599.533203125,9.269
1129.1650972729985,595.08349609375,9.641
1129.4867144860036,465.70263671875,7.249
1129.8111504940025,746.9560546875,8.352
1130.1334930729936,595.083984375,9.191
1130.4557295039995,595.083984375,9.408
1130.778441980001,465.703125,7.171
1131.1010614919942,724.45654296875,7.924
1131.4236139290006,595.08447265625,8.842
1131.7504367719957,595.2197265625,9.447
1132.0739810499945,489.62158203125,8.74
1132.396654348995,1029.70556640625,7.704
1132.7191532680008,595.0849609375,8.803
1133.0430913790042,595.0849609375,9.23
1133.3685554719996,595.0849609375,9.602
1133.6930529599922,465.7041015625,7.093
1134.017554990991,746.95751953125,8.274
1134.3424782229995,516.3291015625,9.191
1134.6638963820005,595.08544921875,9.408
1134.989120386992,465.70458984375,7.21
1135.3141907219979,724.4580078125,7.963
1135.6370847740036,595.0859375,8.842
1135.9605522850034,615.47119140625,9.408
1136.2823119200038,489.623046875,8.818
1136.607092249993,1029.70703125,7.51
1136.9323087849916,589.46142578125,8.648
1137.2575126790034,595.08642578125,9.23
1137.5798062789981,599.40087890625,9.563
1137.9012273260014,465.70556640625,7.054
1138.2242771750025,746.958984375,8.352
1138.5464621239953,595.0869140625,9.036
1138.8701654329925,595.0869140625,9.525
1139.1966787419951,465.7060546875,7.405
1139.520709327,724.45947265625,8.002
1139.8428039879946,595.08740234375,8.92
1140.164398020992,595.08740234375,9.408
1140.489322235997,489.62451171875,8.857
1140.8132723570016,1029.70849609375,7.51
1141.135675343001,589.462890625,8.61
1141.4584574180044,595.087890625,9.308
1141.7800880150025,595.087890625,9.525
1142.1040757939918,465.70703125,6.976
1142.4284869830008,746.96044921875,8.352
1142.7509529359959,595.08837890625,8.997
1143.07337930199,595.08837890625,9.525
1143.3964113249967,465.70751953125,7.51
1143.7185724909941,724.4609375,8.002
1144.0409438729985,595.0888671875,8.959
1144.3622608759906,595.0888671875,9.269
1144.6851258399984,479.95751953125,8.997
1145.0086427009956,1029.7099609375,7.626
1145.3320615099947,589.46435546875,8.648
1145.6547538209998,595.08935546875,9.269
1145.9766382579983,595.08935546875,9.486
1146.300473299998,465.70849609375,6.976
1146.6249046199955,746.9619140625,8.352
1146.9469279350014,595.08984375,8.997
1147.2701379859936,494.19091796875,9.486
1147.5916991679987,465.708984375,7.51
1147.9138555379905,724.46240234375,7.886
1148.2365389049955,696.34033203125,8.881
1148.5607043780037,595.09033203125,9.346
1148.8823462569999,595.09033203125,9.23
1149.204643745994,1029.71142578125,7.587
1149.5266438779945,589.4658203125,8.585
1149.849408547001,599.4052734375,9.269
1150.1712602189946,595.0908203125,9.486
1150.4964021030028,465.7099609375,7.093
1150.8197809019912,545.166015625,8.313
1151.1413872779958,595.09130859375,9.036
1151.4635518839932,595.09130859375,9.408
1151.7858161679906,465.71044921875,7.626
1152.1082281699928,724.4638671875,7.963
1152.4299022549967,510.71044921875,8.92
1152.7524965299963,595.091796875,9.308
1153.0747441339918,696.341796875,9.191
1153.3965996589977,1029.712890625,7.548
1153.71901936199,589.46728515625,8.624
1154.040423597995,595.09228515625,9.191
1154.3641780719918,595.09228515625,9.525
1154.687838938,465.71142578125,7.015
1155.010549300001,724.46484375,8.196
1155.3347978029924,595.0927734375,9.114
1155.656984236004,595.0927734375,9.385
1155.979277231003,465.7119140625,7.704
1156.3019434570015,724.46533203125,7.963
1156.6245353720005,599.54296875,8.92
1156.9465287639905,595.09326171875,9.346
1157.2690495059942,595.09326171875,9.23
1157.590448087998,1029.71435546875,7.548
1157.9118794029928,589.46875,8.61
1158.2335080060002,595.09375,9.153
1158.5558711009944,595.09375,9.563
1158.8794203180005,465.712890625,7.054
1159.2019944560016,724.46630859375,8.196
1159.5242322599952,595.09423828125,9.114
1159.8455833350017,595.09423828125,9.37
1160.1675476189994,465.71337890625,7.782
1160.4896312659985,724.466796875,8.041
1160.8113005560008,595.0947265625,8.803
1161.1343560120004,595.0947265625,9.408
1161.4557063449902,595.0947265625,9.385
1161.7775811079919,1029.7158203125,7.587
1162.0995299539936,589.47021484375,8.648
1162.4218284779927,595.09521484375,9.153
1162.7437539569946,595.09521484375,9.602
1163.0647868889937,465.71435546875,7.054
1163.386809618998,724.4677734375,8.119
1163.7087987749983,595.095703125,8.997
1164.0303611609997,595.095703125,9.447
1164.3513954299997,465.71484375,7.976
1164.6743054169929,1029.716796875,8.002
1164.996394568996,595.09619140625,8.842
1165.318675824994,595.09619140625,9.331
1165.6411209240032,595.09619140625,9.602
1165.963298585004,984.71728515625,7.587
1166.2857174079982,589.4716796875,8.468
1166.6081437480025,595.0966796875,9.269
1166.9299021219922,595.0966796875,9.447
1167.2511491159967,465.7158203125,6.976
1167.5737221129966,724.46923828125,8.119
1167.8973831479962,595.09716796875,8.959
1168.2205447710003,516.3408203125,9.447
1168.5421163779974,497.66796875,8.119
1168.866599519999,1029.71826171875,7.86
1169.1917529909988,516.34716796875,8.881
1169.5157964980026,595.09765625,9.269
1169.8422040930018,595.09765625,9.718
1170.162792033996,984.71875,7.432
1170.4857655410015,555.716796875,8.468
1170.8082936479914,595.09814453125,9.114
1171.1303669210029,595.09814453125,9.525
1171.45667133799,465.71728515625,6.82
1171.779706307003,724.470703125,8.158
1172.1025707410008,617.59814453125,8.997
1172.4254577999964,595.0986328125,9.292
1172.747714747995,485.40478515625,8.391
1173.0702741720015,1029.7197265625,7.626
1173.3925050389953,595.09912109375,8.687
1173.716113618997,595.09912109375,9.23
1174.039448490992,595.09912109375,9.602
1174.3645035590016,465.71826171875,7.132
1174.6884893319948,746.9716796875,8.274
1175.0131426180014,617.59912109375,9.153
1175.3356615789962,595.099609375,9.37
1175.6621415249974,465.71875,7.21
1175.9858183820033,724.47216796875,8.119
1176.3079851950024,595.10009765625,8.881
1176.6325457310013,595.10009765625,9.447
1176.9587833230034,489.63720703125,8.585
1177.281539752992,1029.72119140625,7.587
1177.604195824999,595.1005859375,8.765
1177.928544822993,595.1005859375,9.23
1178.2519973710005,595.1005859375,9.641
1178.5760788049956,465.7197265625,7.21
1178.9017289999902,746.97314453125,8.313
1179.227468030993,595.10107421875,9.191
1179.5506969779963,595.10107421875,9.37
1179.871673030997,465.72021484375,7.21
1180.19446512399,724.4736328125,8.002
1180.519110312991,595.1015625,8.881
1180.841027868999,482.59521484375,9.408
1181.16542011399,489.638671875,8.779
1181.4922944409918,1029.72265625,7.471
1181.8163231779909,589.47705078125,8.61
1182.1377972859918,595.10205078125,9.269
1182.4605904229975,595.10205078125,9.525
1182.7821019019902,465.72119140625,6.976
1183.107493759002,746.974609375,8.352
1183.4315625229938,595.1025390625,9.036
1183.756918788,595.1025390625,9.486
1184.0785778510035,465.7216796875,7.444
1184.4024441369984,724.47509765625,8.352
1184.725960003998,595.10302734375,9.036
1185.0509034470015,595.10302734375,9.447
1185.3749988869968,489.64013671875,8.507
1185.6972047449963,1029.72412109375,7.665
1186.0203889440018,595.103515625,8.687
1186.3447921670013,595.103515625,9.308
1186.6684723490034,595.103515625,9.68
1186.9900703680032,465.72265625,7.288
1187.31414230699,746.97607421875,8.352
1187.6394154739974,595.10400390625,9.153
1187.963425516995,595.10400390625,9.486
1188.2860025440023,465.72314453125,7.132
1188.6088388740027,724.4765625,8.002
1188.931142795991,595.1044921875,8.842
1189.2538892629964,716.73974609375,9.346
1189.5759231239936,489.6416015625,8.803
1189.9012316369917,1029.7255859375,7.393
1190.2268334739929,589.47998046875,8.507
1190.551318978003,516.3486328125,9.308
1190.8757316419942,595.10498046875,9.447
1191.1996899200021,465.72412109375,6.898
1191.525298373992,724.4775390625,8.158
1191.8488221970038,595.10546875,9.075
1192.17085409,595.10546875,9.385
1192.4954181450012,465.724609375,7.626
1192.8201466809987,724.47802734375,7.924
1193.1423078209918,621.1162109375,8.881
1193.4652586239972,595.10595703125,9.308
1193.7876044360019,696.35595703125,9.153
1194.1094079239992,1029.72705078125,7.548
1194.4331042539998,589.4814453125,8.585
1194.7554690059915,595.1064453125,9.23
1195.0768710959965,595.1064453125,9.525
1195.400401972991,465.7255859375,7.015
1195.7244999069953,724.47900390625,8.158
1196.047166392993,595.10693359375,9.075
1196.3696495429904,595.10693359375,9.331
1196.6939142299962,465.72607421875,7.743
1197.0194827109954,724.4794921875,7.963
1197.3417074129975,595.107421875,8.842
1197.6665132350026,595.107421875,9.385
1197.9929160780011,595.107421875,9.23
1198.315021250004,1029.728515625,7.51
1198.637731816998,589.48291015625,8.61
1198.9595241700008,595.10791015625,9.114
1199.2809681259969,595.10791015625,9.525
1199.6023836620006,465.72705078125,6.898
1199.9260113119963,724.48046875,8.002
1200.2477578649996,595.1083984375,8.881
1200.5716773969907,595.1083984375,9.408
1200.8929917999922,482.60205078125,8.054
1201.2165634099947,1029.7294921875,7.782
1201.5386206239928,595.109375,8.726
1201.8604880979983,595.10888671875,9.308
1202.182801285002,595.10888671875,9.68
1202.5059254160005,465.72802734375,7.288
1202.82753409,746.9814453125,8.43
1203.1496475829917,595.109375,9.036
1203.4729876839992,595.109375,9.408
1203.7946384020033,465.728515625,7.054
1204.1172491250036,724.48193359375,8.002
1204.4393612050044,595.10986328125,8.803
1204.7617803939938,510.734375,9.385
1205.0835184379976,489.64697265625,8.74
1205.4082049790013,1029.73095703125,7.432
1205.7296498539945,589.4853515625,8.532
1206.0517989149957,595.1103515625,9.269
1206.373716799004,595.1103515625,9.447
1206.695091970003,465.7294921875,6.937
1207.0185116670036,724.48291015625,8.196
1207.3407570779964,595.11083984375,9.075
1207.6638825510017,595.11083984375,9.331
1207.9857270759967,465.72998046875,7.704
1208.3077475129976,724.4833984375,7.963
1208.6299551209959,595.111328125,8.726
1208.9522745389986,595.111328125,9.331
1209.27404062399,595.111328125,9.424
1209.5954528360016,984.732421875,7.548
1209.917963038999,589.48681640625,8.468
1210.239699357,595.11181640625,9.191
1210.5617676529946,595.11181640625,9.408
1210.8830374190002,465.73095703125,6.898
1211.207351717996,724.484375,8.041
1211.5288361790008,595.1123046875,8.92
1211.8508279829985,595.1123046875,9.385
1212.1758917449915,492.4619140625,8.158
1212.497939615001,1029.7333984375,7.704
1212.8199610459997,595.11279296875,8.726
1213.141682400994,595.11279296875,9.385
1213.463213060997,595.11279296875,9.718
1213.78501870099,465.73193359375,7.171
1214.1092814290023,746.9853515625,8.391
1214.433435384999,595.11328125,9.075
1214.7550484050007,595.11328125,9.408
1215.076403493993,465.732421875,7.093
1215.399443385002,724.48583984375,8.041
1215.721506240996,595.11376953125,8.842
1216.0432865570037,494.21484375,9.385
1216.3646818979905,489.65087890625,8.779
1216.6873993339977,1029.73486328125,7.432
1217.012088108997,589.4892578125,8.507
1217.3364630470023,595.1142578125,9.269
1217.660529553992,595.1142578125,9.408
1217.9812318649929,465.7333984375,7.015
1218.3065203689912,938.1796875,8.313
1218.6313736849988,595.11474609375,9.036
1218.9548217919946,595.11474609375,9.408
1219.2794819139963,465.73388671875,7.587
1219.60141952899,724.4873046875,7.899
1219.9232784159976,595.115234375,8.842
1220.245059156994,595.115234375,9.385
1220.5668903299957,595.115234375,9.269
1220.8891276270006,1029.736328125,7.548
1221.2107877499948,589.49072265625,8.61
1221.5326517829963,595.11572265625,9.153
1221.8548371679935,499.484375,9.525
1222.1777631250006,465.73486328125,6.976
1222.499806487991,724.48828125,8.08
1222.821489672002,595.1162109375,8.92
1223.143524389001,595.1162109375,9.447
1223.4660891429958,465.7353515625,8.015
1223.7884371789987,1029.7373046875,7.886
1224.111147564996,595.11669921875,8.881
1224.4340833349997,595.11669921875,9.269
1224.7561056569975,595.11669921875,9.757
1225.0772946979996,984.73779296875,7.471
1225.4016320849914,611.99169921875,8.43
1225.723467290998,533.23583984375,9.191
1226.0449459060037,595.1171875,9.447
1226.3662669460027,465.736328125,6.82
1226.6885159230005,724.48974609375,8.041
1227.01099681099,595.11767578125,8.881
1227.3330792189954,595.11767578125,9.385
1227.6547438159905,489.65478515625,8.585
1227.979174469001,1029.73876953125,7.432
1228.301931392998,589.4931640625,8.546
1228.6245721189916,595.1181640625,9.269
1228.9488815130026,595.1181640625,9.486
1229.2707334369916,465.7373046875,6.937
1229.5963936339976,510.740234375,8.274
1229.9225045319909,595.11865234375,8.997
1230.2468037759973,494.0439453125,9.486
1230.5702417059947,465.73779296875,7.522
1230.89249363399,724.4912109375,7.886
1231.2158865340025,595.119140625,8.842
1231.5379209169914,595.119140625,9.346
1231.8602973880043,595.119140625,9.23
1232.1823235740012,984.740234375,7.471
1232.504910164993,589.49462890625,8.507
1232.8302121509914,595.11962890625,9.114
1233.15240467299,599.5693359375,9.525
1233.4743591699953,465.73876953125,6.859
1233.7979662059952,724.4921875,8.041
1234.1214672850037,595.1201171875,8.92
1234.4444093030033,499.67041015625,9.408
1234.7705772629997,500.22216796875,8.054
1235.0931839019904,1029.7412109375,7.548
1235.416255870994,595.12060546875,8.61
1235.7412858619937,493.8701171875,9.308
1236.0636262140033,595.12060546875,9.602
1236.3868890000012,465.73974609375,7.054
1236.7113925659942,746.9931640625,8.274
1237.0337609129929,595.12109375,9.153
1237.3552720750013,595.12109375,9.424
1237.6814461320027,465.740234375,7.21
1238.0042396740027,724.49365234375,7.924
1238.327732538004,595.12158203125,8.881
1238.651284698004,595.12158203125,9.308
1238.9764619089983,489.65869140625,8.842
1239.2988428209937,1029.74267578125,7.315
1239.621698596995,589.4970703125,8.546
1239.943606781002,595.1220703125,9.114
1240.2657618230005,595.1220703125,9.563
1240.5868613990024,465.701171875,6.441
1240.909379424993,724.45458984375,7.626
1241.2313340379915,595.08251953125,8.726
1241.5562151289923,716.7177734375,9.346
1241.8807851320016,489.61962890625,8.74
1242.203783235993,1029.703125,7.432
1242.526296358992,589.45751953125,8.546
1242.849229525993,595.08251953125,9.269
1243.1723732609971,595.08251953125,9.408
1243.4958877939935,465.70166015625,6.898
1243.8206353610003,724.455078125,8.119
1244.1423416280013,595.0830078125,9.075
1244.4639536189934,595.0830078125,9.331
1244.7877845369949,465.7021484375,7.743
1245.110284237002,544.4521484375,7.963
1245.4341786129953,595.08349609375,8.765
1245.7587491070008,516.3330078125,9.37
1246.083611130991,595.08349609375,9.385
1246.4047186440002,984.70458984375,7.471
1246.7285601449985,589.458984375,8.43
1247.050960501001,595.083984375,9.23
1247.3729520109919,595.083984375,9.408
1247.6942877789988,465.703125,6.976
1248.0166368319915,724.45654296875,8.119
1248.3385691650037,595.08447265625,8.959
1248.6614646039961,626.7197265625,9.447
1248.9834074289975,493.71533203125,8.171
1249.3061958850012,1029.70556640625,7.963
1249.6281301940035,595.0849609375,8.92
1249.9497658019973,595.0849609375,9.269
1250.2717627340026,617.58447265625,9.718
1250.59402076299,984.7060546875,7.51
1250.916955965993,505.0849609375,8.468
1251.2385341259942,595.08544921875,9.114
1251.5600105199992,595.08544921875,9.486
1251.8811956349964,465.70458984375,6.898
1252.203448471002,724.4580078125,8.041
1252.525238695991,595.0859375,8.842
1252.8478222269914,595.0859375,9.37
1253.1695639340032,489.623046875,8.624
1253.492393841996,1029.70703125,7.393
1253.8143134389975,589.46142578125,8.571
1254.136494484992,595.08642578125,9.269
1254.4583046369953,595.08642578125,9.486
1254.7800646699907,465.70556640625,6.937
1255.1048364649905,544.45556640625,8.274
1255.4275459100027,595.0869140625,8.997
1255.7495152259944,599.53662109375,9.486
1256.072115478004,465.7060546875,7.587
1256.3943447389902,724.45947265625,7.924
1256.7169089209929,595.08740234375,8.803
1257.039229475995,595.08740234375,9.385
1257.3625227089942,595.08740234375,9.308
1257.6837080809928,984.70849609375,7.432
1258.0068427099905,589.462890625,8.468
1258.3295307939989,595.087890625,9.191
1258.650909737,595.087890625,9.525
1258.9721348159947,465.70703125,7.015
1259.2942968589923,724.46044921875,8.119
1259.6162498990016,595.08837890625,8.959
1259.9389497169905,595.08837890625,9.486
1260.2618207729975,465.70751953125,8.015
1260.584467018998,1029.70947265625,7.704
1260.9060985989927,595.0888671875,8.765
1261.2282335899945,595.0888671875,9.308
1261.5500479589973,595.0888671875,9.68
1261.872504813,465.7080078125,6.82
1262.1947129530017,746.96142578125,8.196
1262.516520309,595.08935546875,8.959
1262.838034785993,595.08935546875,9.486
1263.1617823080014,465.70849609375,7.366
1263.4847176059993,724.4619140625,7.86
1263.8069238799944,499.81591796875,8.92
1264.1306806759967,595.08984375,9.308
1264.4552509109926,500.87646484375,9.036
1264.7789579399978,1029.7109375,7.471
1265.1038804069976,589.46533203125,8.546
1265.4292727159918,621.1005859375,9.269
1265.7529014019965,595.09033203125,9.447
1266.0777051070036,465.70947265625,6.937
1266.4024856759934,724.462890625,8.119
1266.7286526919925,595.0908203125,9.075
1267.0503618429939,595.0908203125,9.331
1267.3725867259927,465.7099609375,7.704
1267.6947942919942,724.46337890625,7.963
1268.0160696609964,595.09130859375,8.765
1268.337348710993,595.09130859375,9.37
1268.6595309589902,595.09130859375,9.424
1268.9827361240023,984.71240234375,7.51
1269.3040934110031,589.466796875,8.43
1269.6263268890034,595.091796875,9.191
1269.947802736002,595.091796875,9.408
1270.27139111,465.7109375,6.753
1270.5969082590018,724.46435546875,8.08
1270.9184432379989,595.09228515625,8.997
1271.2406813159905,595.09228515625,9.331
1271.5667825779965,492.44189453125,8.235
1271.8889098950021,1029.71337890625,7.548
1272.2113362630043,595.0927734375,8.648
1272.5349494580005,595.09326171875,9.269
1272.8565390209988,595.0927734375,9.641
1273.1802552890003,465.7119140625,7.093
1273.5039724829985,746.96533203125,8.274
1273.8271539729903,499.6435546875,9.153
1274.1485537959961,595.09326171875,9.37
1274.4738202279987,465.71240234375,7.249
1274.7973082529934,724.4658203125,7.924
1275.120383396992,595.09375,8.92
1275.4423485479929,595.09375,9.269
1275.7676157069945,489.630859375,8.92
1276.090401747002,1029.71484375,7.393
1276.4137590409955,589.46923828125,8.546
1276.73570165399,595.09423828125,9.114
1277.058350116,595.09423828125,9.563
1277.379404886,465.71337890625,6.898
1277.7019796459936,724.466796875,8.08
1278.0246127749997,595.0947265625,8.959
1278.348718438996,595.0947265625,9.447
1278.670504972004,465.7138671875,7.938
1278.9947202350013,1029.7158203125,7.924
1279.3163624089939,595.09521484375,8.842
1279.638021892999,595.09521484375,9.269
1279.9608198170026,595.09521484375,9.718
1280.281816073999,488.21435546875,7.366
1280.607110537996,960.66064453125,8.391
1280.9300245249906,595.095703125,9.153
1281.2519110499998,595.095703125,9.486
1281.5769362519932,465.71484375,6.82
1281.9006980739941,724.46826171875,8.119
1282.2222198119998,516.33984375,8.959
1282.545743287992,595.09619140625,9.308
1282.8674838129955,489.63330078125,8.43
1283.1906793689996,1029.71728515625,7.432
1283.5186811210006,493.86279296875,8.687
1283.842145706003,595.0966796875,9.191
1284.164602253004,595.0966796875,9.641
1284.4875084480009,465.7158203125,7.015
1284.8121919219993,746.96923828125,8.313
1285.1343843579962,595.09716796875,9.036
1285.4580019989953,595.09716796875,9.486
1285.7827702069917,465.71630859375,7.327
1286.106960568999,724.4697265625,7.86
1286.4287341040035,595.09765625,8.92
1286.7523439920042,595.09765625,9.308
1287.0767741979944,489.634765625,8.997
1287.3988321539946,1029.71875,7.432
1287.7207417820027,589.47314453125,8.585
1288.0431906599988,595.09814453125,9.114
1288.3649155439925,595.09814453125,9.525
1288.6861695260013,465.71728515625,6.597
1289.0088478160033,724.470703125,8.002
1289.331185004994,595.0986328125,8.959
1289.6532876220008,595.0986328125,9.424
1289.974250098996,492.4482421875,8.313
1290.2958854009921,1029.7197265625,7.821
1290.6190872229927,595.09912109375,8.803
1290.9433630349959,595.09912109375,9.385
1291.2670411599975,595.09912109375,9.718
1291.5885451219947,465.71826171875,7.171
1291.9102762249968,746.9716796875,8.352
1292.2327437399945,595.099609375,9.153
1292.555057103993,595.099609375,9.408
1292.876737928993,465.71875,7.132
1293.2018932189967,724.47216796875,8.002
1293.5244392909954,595.10009765625,8.842
1293.8473204119946,493.849609375,9.424
1294.170681165997,489.63720703125,8.74
1294.4936980030034,1029.72119140625,7.393
1294.8159566309914,589.4755859375,8.546
1295.1400882890011,595.1005859375,9.23
1295.4635748029978,595.1005859375,9.408
1295.7858852359932,465.7197265625,6.937
1296.1109091149992,735.666015625,8.235
1296.434994686002,595.10107421875,9.036
1296.757011951995,595.10107421875,9.408
1297.0786111210036,465.72021484375,7.665
1297.4008687469905,724.4736328125,7.963
1297.7233770349994,595.1015625,8.765
1298.0454796739941,595.1015625,9.37
1298.3678201459988,595.1015625,9.463
1298.6891489300033,984.72265625,7.471
1299.0123325640016,589.47705078125,8.43
1299.3344564479921,595.10205078125,9.23
1299.655628099994,595.10205078125,9.408
1299.9791693750012,465.72119140625,6.859
1300.3032795039908,724.474609375,8.08
1300.627895824,595.1025390625,8.959
1300.953759772994,595.1025390625,9.408
1301.2755975559994,492.4521484375,8.158
1301.59759476599,1029.7236328125,7.665
1301.9197337389924,595.10302734375,8.687
1302.2419147299952,595.10302734375,9.346
1302.5633388589922,595.10302734375,9.68
1302.8843443450023,465.72216796875,7.132
1303.2076308109972,746.9755859375,8.274
1303.531128068993,595.103515625,9.191
1303.854301215004,595.103515625,9.408
1304.1795080680022,465.72265625,7.171
1304.502888292991,724.47607421875,7.924
1304.8246479730005,595.10400390625,8.881
1305.1468910309923,595.10400390625,9.385
1305.4714130219945,489.64111328125,8.818
1305.7941621100035,1029.72509765625,7.432
1306.1167261989904,589.4794921875,8.585
1306.440251508,595.1044921875,9.346
1306.7640934959927,595.1044921875,9.525
1307.085887344001,465.7236328125,7.015
1307.4085680720018,510.724609375,8.313
1307.7306350779982,595.10498046875,9.075
1308.053242902999,599.5546875,9.486
1308.3751028929983,465.72412109375,7.587
1308.697961347003,645.89990234375,7.886
1309.0218596479972,595.10546875,8.765
1309.347102957996,595.10546875,9.424
1309.6709887739999,595.10546875,9.308
1309.994482573995,984.7265625,7.471
1310.317526629995,589.48095703125,8.507
1310.6401090979925,595.10595703125,9.153
1310.9623492469982,595.10595703125,9.486
1311.2842246139917,465.72509765625,6.898
1311.6067570269952,724.478515625,8.041
1311.9284037409961,595.1064453125,8.92
1312.253703934999,516.35009765625,9.447
1312.5757340529963,465.74658203125,8.093
1312.8974962229986,1029.7275390625,7.782
1313.222417197001,655.9921875,8.842
1313.5457414720004,595.10693359375,9.269
1313.8699874720041,476.9775390625,9.796
1314.1910374189902,579.4306640625,7.393
1314.5152053679922,533.22607421875,8.43
1314.8378568079934,595.107421875,9.153
1315.1627813249943,595.107421875,9.447
1315.4865359749965,465.7265625,6.976
1315.8089270810015,724.47998046875,8.08
1316.1307942319982,595.10791015625,8.959
1316.4528932319954,595.10791015625,9.385
1316.7748860139982,492.45751953125,8.158
1317.097180568002,1029.72900390625,7.704
1317.4199143389997,595.1083984375,8.687
1317.7420910599903,595.1083984375,9.308
1318.0642349160044,595.1083984375,9.68
1318.388608358,465.7275390625,7.354
1318.711316326997,746.98095703125,8.507
1319.0335507089912,595.10888671875,9.075
1319.356149040992,595.10888671875,9.486
1319.6799263889989,465.72802734375,6.976
1320.001556424002,724.4814453125,8.158
1320.3241581109905,635.74462890625,8.92
1320.6474855499982,595.109375,9.308
1320.9695183150034,489.646484375,8.468
1321.291210108,1029.73046875,7.587
1321.6133137220022,595.10986328125,8.726
1321.935229677998,595.10986328125,9.114
1322.2577757370018,595.10986328125,9.525
1322.5803308519971,465.72900390625,7.054
1322.9037916279922,746.982421875,8.313
1323.227244403999,595.1103515625,9.075
1323.5490765760042,595.1103515625,9.424
1323.8739883450035,465.7294921875,7.288
1324.1958205449919,724.48291015625,7.963
1324.518026773003,595.11083984375,8.881
1324.839780373004,595.11083984375,9.269
1325.1643285409955,489.64794921875,8.881
1325.4883046219911,1029.73193359375,7.393
1325.8118978379935,589.486328125,8.507
1326.1338764009997,655.99658203125,9.191
1326.4579871079914,595.111328125,9.408
1326.7813330130011,465.73046875,6.937
1327.1061311639933,724.48388671875,8.158
1327.430770396997,595.11181640625,9.036
1327.7524659009941,595.11181640625,9.385
1328.0780734209984,465.73095703125,7.626
1328.401488604999,724.484375,8.041
1328.723977925998,595.1123046875,8.959
1329.0477755509928,595.1123046875,9.269
1329.3716673549934,500.89892578125,8.959
1329.693570921998,1029.7333984375,7.393
1330.016587745995,589.48779296875,8.585
1330.340178286002,595.11279296875,9.114
1330.6631310719968,595.11279296875,9.525
1330.9837003440043,465.73193359375,6.597
1331.3058075299923,724.4853515625,7.963
1331.6281236799987,595.11328125,8.92
1331.954536203004,595.11328125,9.408
1332.2762208079948,493.80908203125,8.171
1332.5989081989974,1029.734375,7.704
1332.92119816599,595.11376953125,8.726
1333.2429147990042,595.11376953125,9.308
1333.564624902996,595.11376953125,9.718
1333.8881590389938,465.73291015625,7.432
1334.2108021009917,746.986328125,8.546
1334.5334976129961,595.1142578125,9.114
1334.8566702270036,595.1142578125,9.563
1335.1818827239913,465.7333984375,6.898
1335.5059974189935,724.48681640625,8.158
1335.8280608999921,595.11474609375,8.997
1336.1511922270001,595.11474609375,9.269
1336.4746294859942,471.3583984375,8.352
1336.7971473139914,1029.73583984375,7.626
1337.118775541996,595.115234375,8.687
1337.4404627159965,595.115234375,9.23
1337.7620129849965,595.115234375,9.602
1338.0850568439928,465.734375,7.132
1338.4086786760017,746.98779296875,8.235
1338.7305711929948,499.49560546875,9.153
1339.0559551329934,595.11572265625,9.408
1339.380068914994,465.73486328125,7.249
1339.7030054979987,724.48828125,8.041
1340.0277033930033,595.1162109375,8.842
1340.3523618619947,626.75146484375,9.385
1340.6743536709982,489.6533203125,8.74
1340.9993005619908,1029.7373046875,7.471
1341.3219242640043,589.49169921875,8.624
1341.6454792290024,595.11669921875,9.23
1341.9691902939958,595.11669921875,9.525
1342.2910116260027,465.73583984375,7.054
1342.613287981003,746.9892578125,8.352
1342.9357141950022,595.1171875,8.959
1343.2596797919978,611.99169921875,9.447
1343.5831715789973,465.736328125,7.432
1343.9063403759938,724.48974609375,7.847
1344.2286233469931,493.861328125,8.881
1344.550481119004,595.11767578125,9.308
1344.874009059,716.7529296875,9.153
1345.196276282004,1029.73876953125,7.471
1345.518659731999,589.4931640625,8.585
1345.8399564830033,595.1181640625,9.153
1346.1631547430006,595.1181640625,9.602
1346.4862678799982,465.7373046875,6.898
1346.8113600929937,724.49072265625,8.041
1347.1332694059965,595.11865234375,8.959
1347.455535754998,595.11865234375,9.486
1347.7771055949997,465.73779296875,8.015
1348.100438059002,1029.73974609375,7.963
1348.4225233420002,595.119140625,8.92
1348.7442548789986,595.119140625,9.346
1349.0660866440012,595.119140625,9.718
1349.3884126670018,984.740234375,7.471
1349.711102924004,589.49462890625,8.43
1350.0337459459988,493.86328125,9.23
1350.3565338049957,595.11962890625,9.486
1350.6815108610026,465.73876953125,6.82
1351.006630000993,724.4921875,8.119
1351.3306788619957,595.1201171875,8.997
1351.6529444869957,595.1201171875,9.424
1351.9751579799922,492.4697265625,8.235
1352.2972410359944,1029.7412109375,7.963
1352.6231406459992,595.12060546875,8.92
1352.946349787002,595.12060546875,9.308
1353.2698570189968,595.12060546875,9.68
1353.5935236149962,465.73974609375,7.315
1353.9162931199971,779.68603515625,8.468
1354.2380099459988,595.12109375,9.114
1354.5601153930038,595.12109375,9.525
1354.885891850994,465.740234375,6.859
1355.2083195790037,724.49365234375,8.119
1355.5324970649963,595.12158203125,9.036
1355.8557162100042,595.12158203125,9.385
1356.1781300439907,492.47119140625,8.313
1356.500359615995,1029.74267578125,7.626
1356.8222927250026,595.1220703125,8.687
1357.1443719829986,595.1220703125,9.269
1357.466850359997,595.1220703125,9.68
1357.789790957002,465.7412109375,6.976
1358.113027564992,746.99462890625,8.274
1358.4364066099952,595.12255859375,9.036
1358.7582583309995,595.12255859375,9.447
1359.0838498039957,465.74169921875,7.327
1359.4062351449975,724.4951171875,7.886
1359.728269653002,595.123046875,8.959
1360.0495830779982,595.123046875,9.308
1360.3709224880004,489.66015625,9.036
1360.6924823509908,1029.744140625,7.471
1361.0142793729901,589.49853515625,8.571
1361.3358703400008,595.12353515625,9.153
1361.657754275002,595.12353515625,9.563
1361.9789239739912,465.74267578125,6.976
1362.301136783004,724.49609375,8.08
1362.623495355001,595.1240234375,8.997
1362.945442326003,595.1240234375,9.447
1363.2673888169957,465.7431640625,7.976
1363.5893914039916,1029.7451171875,7.587
1363.9113136660017,595.12451171875,8.61
1364.2337490659993,595.12451171875,9.346
1364.5558667580044,595.12451171875,9.718
1364.8772125459946,465.74365234375,7.548
1365.1996079090022,758.18994140625,8.585
1365.5223355390044,595.125,9.153
1365.8448889510037,595.125,9.525
1366.1705237229908,465.744140625,6.82
1366.4929554659902,724.49755859375,8.119
1366.8169553579937,595.12548828125,9.036
1367.138619292993,595.12548828125,9.331
1367.45979802699,492.47509765625,8.352
1367.782081308993,1029.74658203125,7.51
1368.1043401729985,595.1259765625,8.687
1368.4259113970038,595.1259765625,9.153
1368.7467937600013,499.67626953125,9.525
1369.0678504639945,465.701171875,6.898
1369.3920829319977,746.95458984375,8.274
1369.7138278179918,595.08251953125,8.997
1370.037366944991,488.201171875,9.525
1370.359570311004,465.701171875,7.548
1370.6817837540002,724.45458984375,7.899
1371.004041645996,595.08251953125,8.842
1371.3256486019964,595.08251953125,9.424
1371.6478636730026,595.08251953125,9.269
1371.9709556710004,989.01806640625,7.51
1372.2921831849962,589.4580078125,8.585
1372.6150652209908,595.0830078125,9.153
1372.9385044590017,476.95166015625,9.602
1373.2598793340003,465.7021484375,6.898
1373.5819233509974,724.45556640625,8.041
1373.9040974829986,595.08349609375,8.959
1374.2261004729953,595.08349609375,9.486
1374.5473914989998,465.73046875,8.093
1374.8704277060024,1029.70458984375,7.704
1375.192915669002,595.083984375,8.765
1375.5153431810031,595.083984375,9.308
1375.837417939998,595.083984375,9.796
1376.1584751909977,465.703125,7.171
1376.482941492999,746.95654296875,8.391
1376.8051553569967,595.08447265625,9.114
1377.1285906099947,599.39892578125,9.525
1377.4499574029905,465.70361328125,7.093
1377.772265858992,724.45703125,7.924
1378.0940836090012,595.0849609375,8.842
1378.4154788790038,595.0849609375,9.308
1378.7366689229966,489.6220703125,8.881
1379.0611148919998,1029.7060546875,7.548
1379.3832330639998,589.46044921875,8.648
1379.7059396059922,595.08544921875,9.308
1380.027581532995,595.08544921875,9.525
1380.3496799249988,465.70458984375,7.249
1380.6734423099988,746.9580078125,8.43
1380.9957240319927,595.0859375,9.153
1381.321375058993,595.0859375,9.447
1381.6455085899943,465.705078125,7.327
1381.9680884300033,724.45849609375,7.847
1382.2906764310028,595.08642578125,8.959
1382.612735289993,595.08642578125,9.308
1382.9347533139953,489.62353515625,9.036
1383.2551969449996,984.70751953125,7.405
1383.5764514839975,589.4619140625,8.391
1383.8983638359932,595.0869140625,9.191
1384.2199219030008,595.0869140625,9.408
1384.544732438997,465.7060546875,6.714
1384.8669653739926,724.45947265625,8.08
1385.19005088399,493.8369140625,8.959
1385.5124094549974,595.08740234375,9.269
1385.8351549490035,494.845703125,8.43
1386.1589614090044,1029.70849609375,7.743
1386.4826870969991,595.087890625,8.687
1386.8039391889906,499.81396484375,9.308
1387.1252077289973,595.087890625,9.602
1387.4495675170037,465.70703125,6.976
1387.7751703529939,746.96044921875,8.235
1388.096848599991,499.45703125,9.114
1388.4222693499905,595.08837890625,9.385
1388.7474656069971,465.70751953125,7.249
1389.0717670809972,724.4609375,7.963
1389.3959385009948,595.0888671875,8.881
1389.7194889679959,626.72412109375,9.424
1390.042578936991,489.6259765625,8.779
1390.3659952540038,984.7099609375,7.327
1390.687669425999,589.46435546875,8.507
1391.0104645959946,595.08935546875,9.114
1391.3350061660021,476.9599609375,9.602
1391.6581227529969,465.70849609375,7.171
1391.9825947479985,724.4619140625,8.235
1392.3059643349989,595.08984375,9.191
1392.628194103003,595.08984375,9.447
1392.95085332499,465.708984375,7.704
1393.2743314239924,780.708984375,7.963
1393.5962306479923,595.09033203125,8.765
1393.918973836,595.09033203125,9.424
1394.2410028229933,595.09033203125,9.385
1394.5619942350022,984.71142578125,7.471
1394.8840467059927,589.4658203125,8.43
1395.2066520289954,595.0908203125,9.23
1395.5291737009975,595.0908203125,9.486
1395.850494429993,465.7099609375,7.054
1396.1731530629913,724.46337890625,8.119
1396.495271548003,595.09130859375,8.997
1396.8169987199944,595.09130859375,9.525
1397.1385740779951,465.71044921875,8.093
1397.4613441349939,1029.71240234375,7.821
1397.783926884993,499.46044921875,8.842
1398.1052297809947,595.091796875,9.308
1398.4293840119935,476.96044921875,9.834
1398.7572375070013,465.7109375,7.21
1399.0812051669927,746.96435546875,8.468
1399.4031402099936,595.09228515625,9.075
1399.7247807749955,595.09228515625,9.563
1400.046198098993,465.71142578125,7.015
1400.3711552619934,724.46484375,7.86
1400.6967311640037,595.0927734375,8.803
1401.0187512580014,499.48388671875,9.424
1401.3431562369951,489.6298828125,8.74
1401.6673550949927,1029.7138671875,7.51
1401.9894028010021,589.46826171875,8.663
1402.3109692750004,595.09326171875,9.308
1402.6331928900036,595.09326171875,9.525
1402.9538022689958,465.71240234375,6.898
1403.2760638670006,724.4658203125,8.158
1403.598408025995,595.09375,9.075
1403.9192899869959,595.09375,9.346
1404.2423978519946,465.712890625,7.743
1404.5654325289943,724.46630859375,8.002
1404.8877001349902,595.09423828125,8.842
1405.2094741239998,595.09423828125,9.463
1405.5311490360036,595.09423828125,9.424
1405.852338711993,984.71533203125,7.548
1406.1744528690033,589.4697265625,8.507
1406.4991130370036,595.0947265625,9.191
1406.8208864089975,595.0947265625,9.486
1407.1417338289903,465.7138671875,6.859
1407.4670909459965,724.46728515625,8.041
1407.7888839630032,595.09521484375,8.92
1408.1107379430032,716.73046875,9.408
1408.43234298499,492.44482421875,8.158
1408.7544550829916,1029.71630859375,7.743
1409.0789175359969,595.095703125,8.765
1409.4016074770043,595.095703125,9.346
1409.7233145959908,595.095703125,9.68
1410.0471051810018,465.71484375,7.432
1410.3691564079927,746.96826171875,8.507
1410.6947103489947,595.09619140625,9.075
1411.0178037849983,595.09619140625,9.525
1411.338890621002,465.71533203125,6.976
1411.6628097799985,724.46875,8.08
1411.986871022993,595.0966796875,8.881
1412.3104137509945,595.0966796875,9.385
1412.6319889820006,489.6337890625,8.546
1412.9552723689994,1029.7177734375,7.548
1413.2795735199907,476.9677734375,8.726
1413.6061070369906,595.09716796875,9.191
1413.9301138059964,595.09716796875,9.641
1414.2537662260002,465.71630859375,7.054
1414.5804353919957,746.9697265625,8.274
1414.9026641410019,595.09765625,9.075
1415.2244972920016,595.09765625,9.447
1415.5512093040015,465.716796875,7.288
1415.8746824139962,724.47021484375,7.886
1416.1980157429934,595.09814453125,8.959
1416.520970048994,595.09814453125,9.308
1416.8432320400025,489.63525390625,8.997
1417.1672980939911,1029.71923828125,7.432
1417.4916287660017,589.4736328125,8.546
1417.814500470995,595.0986328125,9.191
1418.1390938679979,595.0986328125,9.486
1418.4637551089982,465.7177734375,6.937
1418.7883046609932,724.47119140625,8.158
1419.1142315100005,595.09912109375,9.075
1419.4355637639965,595.09912109375,9.37
1419.759587597,465.71826171875,7.704
1420.0826567729964,690.71826171875,7.963
1420.4044485589984,595.099609375,8.765
1420.727905200998,617.59912109375,9.424
1421.0493933879916,595.099609375,9.463
1421.370443863998,984.720703125,7.393
1421.6948603769997,589.47509765625,8.43
1422.0171848460013,595.10009765625,9.269
1422.3409821349924,595.10009765625,9.447
1422.6639877779962,465.71923828125,6.714
1422.9865076429996,724.47265625,8.041
1423.3095471729903,621.11083984375,8.959
1423.6360947310022,595.1005859375,9.346
1423.9597303109913,491.04345703125,8.391
1424.2823204779997,1029.7216796875,7.587
1424.6048090389959,595.10107421875,8.726
1424.9269927239948,595.10107421875,9.269
1425.2492525709968,595.10107421875,9.641
1425.5718994710041,465.72021484375,6.976
1425.8946646760014,746.9736328125,8.313
1426.2198398229957,595.1015625,9.114
1426.5417721019912,595.1015625,9.502
1426.8662293950038,465.720703125,7.366
1427.1888461749913,724.47412109375,7.924
1427.511476202999,595.10205078125,8.959
1427.833215605002,595.10205078125,9.346
1428.1565268379927,489.63916015625,8.959
1428.480316902991,1029.72314453125,7.393
1428.8027844539902,589.4775390625,8.585
1429.1247780690028,595.1025390625,9.153
1429.4476018569985,595.1025390625,9.563
1429.7727374989918,465.7216796875,7.015
1430.0984819949954,724.47509765625,8.158
1430.4240206910035,595.10302734375,9.114
1430.751126927993,595.10302734375,9.408
1431.0734869470034,465.72216796875,7.665
1431.3974329749908,724.4755859375,7.963
1431.720499449002,595.103515625,8.842
1432.0466522389906,595.103515625,9.385
1432.3722030240024,599.41796875,9.153
1432.6943505819945,984.724609375,7.432
1433.0172816539998,589.47900390625,8.546
1433.3408329090016,595.10400390625,9.153
1433.6630705459975,493.853515625,9.602
1433.9859811019996,465.72314453125,7.21
1434.310314716,724.4765625,8.274
1434.6349529790023,595.1044921875,9.153
1434.9571576820017,595.1044921875,9.447
1435.2796422669926,465.7236328125,7.743
1435.6042903179914,724.47705078125,8.002
1435.9266842399957,595.10498046875,8.842
1436.2493363469985,595.10498046875,9.424
1436.5716344559914,595.10498046875,9.424
1436.8924301740044,984.72607421875,7.51
1437.2142739919946,589.48046875,8.468
1437.537310683998,595.10546875,9.23
1437.8582951729913,595.10546875,9.447
1438.1836947929987,465.724609375,6.82
1438.5080134790041,724.47802734375,8.08
1438.8297079729964,595.10595703125,8.959
1439.1516235949966,595.10595703125,9.408
1439.476048425,492.45556640625,8.235
1439.7987905359914,1029.72705078125,7.704
1440.1209969799966,595.1064453125,8.687
1440.4431160289969,595.1064453125,9.385
1440.765185568991,595.1064453125,9.757
1441.0871720970026,465.7255859375,7.21
1441.4091504660028,746.97900390625,8.391
1441.731969371991,595.10693359375,9.153
1442.0540913580044,595.10693359375,9.525
1442.3755217669968,465.72607421875,7.093
1442.6980040829949,724.4794921875,7.963
1443.0199503780022,595.107421875,8.881
1443.3418932819914,493.85693359375,9.424
1443.6659177609981,489.64453125,8.779
1443.988684305994,1029.728515625,7.393
1444.3107033999986,589.48291015625,8.546
1444.6329106589983,494.208984375,9.308
1444.9544906630035,595.10791015625,9.486
1445.278109425999,465.72705078125,6.82
1445.6021467300016,724.48046875,8.041
1445.9245718159946,595.1083984375,8.959
1446.2464715389942,595.1083984375,9.424
1446.5681703570008,465.7275390625,7.899
1446.890190111997,1029.7294921875,7.963
1447.2117815969978,595.10888671875,8.842
1447.5343543630006,595.10888671875,9.308
1447.8560083740012,595.10888671875,9.641
1448.1766538049997,984.72998046875,7.626
1448.4985598560015,589.484375,8.546
1448.8209976029902,595.109375,9.269
1449.142833727994,595.109375,9.447
1449.464582362998,465.728515625,6.937
1449.7867311360023,724.48193359375,8.08
1450.1100524619978,595.10986328125,8.959
1450.4334486070002,533.228515625,9.486
1450.755985677999,476.984375,8.132
1451.078101645995,1029.73095703125,7.821
1451.4037182169996,533.22900390625,8.842
1451.7258724239946,595.1103515625,9.23
1452.0512102939974,499.47900390625,9.757
1452.3723264790024,465.7294921875,7.366
1452.6950304929924,746.98291015625,8.507
1453.0170112490014,595.11083984375,9.114
1453.339180971001,595.11083984375,9.563
1453.6603865619982,465.72998046875,6.937
1453.9832492010028,724.4833984375,8.119
1454.3050723479973,595.111328125,8.959
1454.6270763950015,595.111328125,9.385
1454.949504039003,489.6484375,8.546
1455.271882369998,1029.732421875,7.471
1455.5937822179985,615.4970703125,8.648
1455.915577837004,595.11181640625,9.191
1456.2392452009954,595.11181640625,9.486
1456.5619870910014,465.73095703125,7.093
1456.884574509997,746.984375,8.391
1457.2068301410036,595.1123046875,8.997
1457.5309143479972,595.1123046875,9.486
1457.8554708239972,465.7314453125,7.471
1458.1782030439936,724.48486328125,7.86
1458.5003376109962,595.11279296875,8.842
1458.8224120759987,595.11279296875,9.346
1459.1443730649917,595.11279296875,9.191
1459.465264257,984.73388671875,7.432
1459.7899362180033,589.48828125,8.468
1460.1125697399984,595.11328125,9.153
1460.434387839996,595.11328125,9.525
1460.7554654319974,465.701171875,6.597
1461.0779161590035,724.45458984375,7.782
1461.4000067779998,595.08251953125,8.726
1461.7221013939998,505.2578125,9.385
1462.0451754989917,489.61962890625,8.74
1462.3684924609988,1029.703125,7.471
1462.6913033869932,589.45751953125,8.585
1463.014557816001,595.08251953125,9.269
1463.3363902739948,595.08251953125,9.447
1463.6611419690016,465.70166015625,6.976
1463.9835458040034,746.955078125,8.274
1464.3072886939917,595.0830078125,8.997
1464.6316362429934,595.08349609375,9.408
1464.9538422109908,465.7021484375,7.587
1465.277070775992,522.658203125,7.886
1465.5998296579928,595.08349609375,8.726
1465.9239895469946,595.08349609375,9.346
1466.246301851992,595.08349609375,9.385
1466.5673515189992,465.70263671875,7.249
1466.8918479279964,746.95654296875,8.43
1467.216421332996,595.083984375,9.114
1467.5402420379978,595.083984375,9.486
1467.8632709359954,465.703125,6.859
1468.1856638449972,724.45654296875,8.002
1468.509281851002,595.08447265625,8.842
1468.831637411,595.08447265625,9.424
1469.1529301809933,489.62158203125,8.663
1469.4752700270037,1029.70556640625,7.432
1469.7972161929938,589.4599609375,8.546
1470.119754667001,595.0849609375,9.269
1470.4420722060022,595.0849609375,9.447
1470.7640418889932,465.7041015625,6.898
1471.0866939629923,724.45751953125,8.158
1471.4107374790037,595.08544921875,9.075
1471.73187612099,595.08544921875,9.331
1472.0583214450016,465.70458984375,7.665
1472.3824876489962,555.70751953125,7.924
1472.7038229360041,595.0859375,8.765
1473.0257803229906,595.0859375,9.385
1473.3481084749947,595.0859375,9.463
1473.6690065589937,984.70703125,7.393
1473.9910332889995,589.46142578125,8.391
1474.3154285179917,494.1875,9.191
1474.637555858004,595.08642578125,9.37
1474.9628640119918,465.70556640625,6.792
1475.2851276110014,724.458984375,8.08
1475.6100611250004,595.0869140625,8.959
1475.9337064010033,595.0869140625,9.308
1476.254870757999,492.4365234375,8.313
1476.576111916991,1029.7080078125,7.548
1476.898798626993,595.08740234375,8.687
1477.220179787997,595.08740234375,9.153
1477.5430766819918,595.08740234375,9.602
1477.865963684002,465.70654296875,7.015
1478.1908527399937,746.9599609375,8.313
1478.5132942219934,595.087890625,9.036
1478.8348948399944,595.087890625,9.486
1479.1566136379988,465.70703125,7.444
1479.481930961003,724.46044921875,7.86
1479.8049080399942,595.08837890625,8.842
1480.1291627949977,595.08837890625,9.308
1480.4526955729962,595.08837890625,9.153
1480.7741296500026,1029.70947265625,7.51
1481.0975344519975,589.4638671875,8.663
1481.4200838319957,595.0888671875,9.153
1481.7450830860034,595.0888671875,9.563
1482.0676981610013,465.7080078125,6.976
1482.3918867949978,724.46142578125,8.119
1482.7138290750008,595.08935546875,8.997
1483.034642419996,595.08935546875,9.408
1483.3582201489917,465.70849609375,7.938
1483.6805148229905,1029.71044921875,7.51
1484.0035044319957,595.08984375,8.585
1484.3278200069908,488.20849609375,9.308
1484.6510101969907,595.08984375,9.641
1484.9729585820023,465.708984375,7.054
1485.2956944509933,746.96240234375,8.235
1485.6183453539998,621.0947265625,9.114
1485.9410022730008,595.09033203125,9.424
1486.2649830779992,465.70947265625,7.249
1486.5871711459913,724.462890625,7.847
1486.909211687991,595.0908203125,8.959
1487.2306117589906,595.0908203125,9.308
1487.5533648679993,468.53759765625,9.075
1487.8750100649922,1029.7119140625,7.471
1488.1960610639944,589.46630859375,8.585
1488.5186170439993,595.09130859375,9.114
1488.8417195349903,494.1923828125,9.563
1489.1645718100044,465.71044921875,7.015
1489.487121194994,724.4638671875,8.08
1489.811029310993,595.091796875,8.92
1490.1344363219978,595.091796875,9.408
1490.4571940939932,465.7109375,7.976
1490.7791221060033,1029.712890625,7.886
1491.1009521950036,595.09228515625,8.842
1491.4227992119995,595.09228515625,9.23
1491.7445760789997,595.09228515625,9.718
1492.0679886199941,465.71142578125,7.327
1492.3911140779965,746.96484375,8.468
1492.7137388440024,595.0927734375,9.036
1493.0366587239987,595.0927734375,9.525
1493.3587743840035,465.7119140625,6.937
1493.6814633409958,724.46533203125,8.041
1494.0034527209937,595.09326171875,8.842
1494.3250959449942,595.09326171875,9.37
1494.6464052669908,489.63037109375,8.663
1494.9680863129906,1029.71435546875,7.393
1495.289725980998,589.46875,8.507
1495.6113096140034,595.09375,9.23
1495.9330440979975,595.09375,9.447
1496.257208362993,465.712890625,6.937
1496.5800628209981,724.46630859375,8.08
1496.902119905004,595.09423828125,9.075
1497.2241034509934,595.09423828125,9.308
1497.5459862559946,465.71337890625,7.821
1497.8686562219955,1029.71533203125,7.86
1498.1905259689956,595.0947265625,8.842
1498.5115488689917,595.0947265625,9.23
1498.8329791089927,595.0947265625,9.757
1499.1585919899953,465.7138671875,7.249
1499.482864695994,746.96728515625,8.468
1499.8048634320003,595.09521484375,9.114
1500.1285760519968,595.09521484375,9.602
1500.4497778319928,465.71435546875,6.937
1500.7719467150018,724.4677734375,8.158
1501.0933876039926,595.095703125,8.92
1501.4151253040036,595.095703125,9.385
1501.736934650995,489.6328125,8.546
1502.0598759409913,1029.716796875,7.432
1502.381524130993,593.78564453125,8.648
1502.704728946992,595.09619140625,9.23
1503.0304949400015,615.4814453125,9.563
1503.3545085520018,465.71533203125,7.054
1503.677712949997,746.96875,8.352
1503.9995376509905,595.0966796875,9.075
1504.3216992590023,595.0966796875,9.525
1504.646935947996,465.7158203125,7.366
1504.9708117889968,724.46923828125,7.86
1505.2919188929955,595.09716796875,8.803
1505.6141198260011,595.09716796875,9.346
1505.939650824992,595.09716796875,9.269
1506.2609606210026,984.71826171875,7.471
1506.5854610550014,589.47265625,8.507
1506.907106796003,595.09765625,9.191
1507.2290857640037,595.09765625,9.525
1507.5509601189988,465.716796875,6.714
1507.8731151539978,724.47021484375,8.08
1508.19837426499,595.09814453125,8.997
1508.5207852439926,595.09814453125,9.385
1508.8472926190007,492.44775390625,8.196
1509.171167294,1029.71923828125,7.665
1509.4928520370013,595.0986328125,8.648
1509.8145691300015,595.0986328125,9.346
1510.13584576,595.0986328125,9.641
1510.4564340469951,465.7177734375,7.327
1510.7796992539952,746.97119140625,8.43
1511.1046041020018,595.09912109375,9.114
1511.4311511519918,621.109375,9.563
1511.7532566040027,465.71826171875,7.015
1512.0755336459988,724.4716796875,8.041
1512.3991867360019,595.099609375,8.842
1512.7215291539906,595.099609375,9.447
1513.0439385810023,489.63671875,8.624
1513.369418546994,1029.720703125,7.432
1513.6919012860017,589.47509765625,8.624
1514.0137833640038,595.10009765625,9.269
1514.3369846239948,595.10009765625,9.525
1514.658034958993,465.71923828125,6.898
1514.9813091459946,745.79052734375,8.196
1515.3047927799926,595.1005859375,9.075
1515.627419839002,595.1005859375,9.463
1515.9518721749919,465.7197265625,7.587
1516.2740815220022,724.47314453125,7.938
1516.5963438609906,595.10107421875,8.803
1516.9181754629972,595.10107421875,9.424
1517.2423898039997,595.10107421875,9.346
1517.5641210180038,984.72216796875,7.432
1517.8879891999968,589.4765625,8.43
1518.2103796339943,595.1015625,9.23
1518.5324778979993,595.1015625,9.447
1518.8535684119997,465.720703125,6.859
1519.1763335449941,724.47412109375,8.041
1519.49981057299,595.10205078125,8.959
1519.8217757069942,595.10205078125,9.408
1520.145309309999,492.45166015625,8.158
1520.4670421469928,1029.72314453125,7.626
1520.7894738859904,595.1025390625,8.648
1521.1114842980023,533.22119140625,9.308
1521.432766044003,595.1025390625,9.641
1521.7562971769948,465.7216796875,7.015
1522.0794993710006,746.97509765625,8.235
1522.4043761829962,621.11328125,9.114
1522.7283978259948,595.10302734375,9.37
1523.053809117002,465.72216796875,7.249
1523.3789221890038,724.4755859375,8.041
1523.7019564029906,595.103515625,8.842
1524.0245011279912,516.34716796875,9.424
1524.347613039994,489.640625,8.74
1524.6709300130024,1029.724609375,7.704
1524.994483728995,595.10400390625,8.803
1525.318296366997,595.10400390625,9.23
1525.6432589299948,595.10400390625,9.602
1525.9663696189964,465.72314453125,7.054
1526.2910168739909,746.9765625,8.274
1526.6141173859942,595.23974609375,9.075
1526.9364823509968,595.1044921875,9.424
1527.2629622090026,465.7236328125,7.288
1527.5855186359986,724.47705078125,7.86
1527.9094728359923,595.10498046875,8.92
1528.2336588519975,595.10498046875,9.269
1528.555735802991,489.64208984375,9.036
1528.8777657739993,1029.72607421875,7.432
1529.2021842749964,589.48046875,8.585
1529.5260469490022,595.10546875,9.114
1529.8500609850016,595.10546875,9.525
1530.171762493992,465.724609375,6.898
1530.4962253129925,724.47802734375,8.041
1530.8189492529928,595.10595703125,8.959
1531.1408626060002,595.10595703125,9.447
1531.462564526999,465.72509765625,7.976
1531.7867058580014,1029.72705078125,7.86
1532.1139231979905,595.1064453125,8.842
1532.4378173509904,595.1064453125,9.23
1532.760223898993,595.1064453125,9.68
1533.0812858559948,984.7275390625,7.548
1533.4059169599932,589.48193359375,8.468
1533.7286959659978,595.10693359375,9.269
1534.0511598879966,595.10693359375,9.408
1534.3748026660032,465.72607421875,6.82
1534.6979639219935,724.4794921875,8.08
1535.023702513994,595.107421875,8.959
1535.349437137993,595.107421875,9.408
1535.6725266440044,492.45703125,8.158
1535.9950216010038,1029.728515625,7.704
1536.3179175639962,595.10791015625,8.726
1536.6399797999911,595.10791015625,9.346
1536.9658094609913,595.10791015625,9.718
1537.2895405849995,465.72705078125,7.432
1537.6123067790031,746.98046875,8.546
1537.9349469829904,595.1083984375,9.114
1538.2586915769934,595.1083984375,9.602
1538.5803813149978,465.7275390625,6.898
1538.903665024991,724.48095703125,8.08
1539.2253919789946,595.10888671875,8.92
1539.5475462100003,595.10888671875,9.408
1539.8707318980014,489.64599609375,8.585
1540.1937408759986,1029.72998046875,7.393
1540.5171897730033,589.484375,8.585
1540.8407492629922,595.109375,9.308
1541.1630282609985,595.109375,9.563
1541.486138519991,465.728515625,6.937
1541.808944221004,589.4814453125,8.274
1542.1307666560024,595.10986328125,9.036
1542.4529434400029,621.1201171875,9.486
1542.7747160779982,465.72900390625,7.548
1543.0970640329906,769.48193359375,7.924
1543.4188165099913,595.1103515625,8.765
1543.740646235994,595.1103515625,9.408
1544.0622972679994,595.1103515625,9.424
1544.3834116399958,984.7314453125,7.471
1544.7051498079963,589.48583984375,8.468
1545.0280514399929,595.11083984375,9.269
1545.3506705329928,595.11083984375,9.486
1545.6741248530016,465.72998046875,6.714
1545.996335096992,724.4833984375,8.08
1546.319389242999,595.111328125,8.997
1546.6418237809994,595.111328125,9.385
1546.963245387,492.4609375,8.313
1547.285371594,1029.732421875,7.587
1547.606930932001,595.11181640625,8.726
1547.9287974140025,595.11181640625,9.308
1548.2509516179998,595.11181640625,9.641
1548.5746068009903,465.73095703125,7.015
1548.8968850709934,746.984375,8.313
1549.2199111099908,595.1123046875,9.114
1549.5413170609972,595.1123046875,9.502
1549.8669560499984,465.7314453125,7.327
1550.1916038060008,724.48486328125,7.899
1550.5131448629982,595.11279296875,8.92
1550.8359968099976,595.11279296875,9.269
1551.158817203992,488.25390625,9.075
1551.4800050939957,984.73388671875,7.432
1551.8043226879963,589.48828125,8.507
1552.1269663050043,595.11328125,9.153
1552.450543842002,599.56298828125,9.563
1552.7724093819998,465.732421875,6.976
1553.094947199992,724.48583984375,8.08
1553.4167119359918,595.11376953125,8.92
1553.7409336489945,595.11376953125,9.447
1554.0628734280035,465.73291015625,8.015
1554.3845882710011,1029.73486328125,7.821
1554.7072922660009,476.98486328125,8.842
1555.029508402993,595.1142578125,9.308
1555.3543741030007,510.73876953125,9.834
1555.6783365699957,465.7333984375,7.327
1556.001008399995,746.98681640625,8.468
1556.3231251389952,595.11474609375,9.075
1556.644485850993,595.11474609375,9.563
1556.9656686669914,465.73388671875,7.015
1557.2879925460002,724.4873046875,8.08
1557.6111977649998,595.115234375,8.881
1557.9336081079964,595.115234375,9.463
1558.2559525929973,489.65234375,8.585
1558.5799328769936,1029.736328125,7.432
1558.903072842004,589.49072265625,8.687
1559.226953024001,595.11572265625,9.308
1559.5489731419948,595.11572265625,9.602
1559.8716164469952,465.73486328125,6.976
1560.1937412699917,746.98828125,8.313
1560.5175366460026,595.1162109375,9.036
1560.8400718159974,499.66650390625,9.525
1561.1621313859941,465.7353515625,7.51
1561.4850259599916,724.48876953125,7.899
1561.8068635999953,595.11669921875,8.842
1562.1282021819934,595.11669921875,9.385
1562.449850088,595.11669921875,9.269
1562.771177786999,984.73779296875,7.51
1563.0927896240028,589.4921875,8.507
1563.4141105390008,595.1171875,9.23
1563.736260951002,595.1171875,9.486
1564.0579509319941,465.736328125,6.82
1564.382206536,724.48974609375,8.08
1564.7039836210024,595.11767578125,8.959
1565.0257864669984,615.5029296875,9.447
1565.348250102994,492.46728515625,8.158
1565.6706699920032,1029.73876953125,7.704
1565.992531076001,595.1181640625,8.687
1566.3153936989984,595.1181640625,9.385
1566.6383060819935,595.1181640625,9.718
1566.9596203929977,465.7373046875,7.21
1567.282305405999,746.99072265625,8.391
1567.60444876799,595.11865234375,9.114
1567.926757669993,595.11865234375,9.447
1568.2482233109913,465.73779296875,7.093
1568.570957859003,724.4912109375,7.924
1568.8926207839977,595.119140625,8.842
1569.2144213139982,656.00439453125,9.424
1569.5380183200032,489.65625,8.779
1569.8619333509996,1029.740234375,7.393
1570.1838057839923,589.49462890625,8.507
1570.5057916289952,499.845703125,9.308
1570.829090507992,595.11962890625,9.486
1571.1522778630024,465.73876953125,6.898
1571.474427358,724.4921875,8.08
1571.79745115299,510.74462890625,9.075
1572.1192945549992,595.1201171875,9.385
1572.4417831960018,465.7392578125,7.782
1572.7629711170011,1029.7412109375,7.924
1573.0845266989927,595.12060546875,8.803
1573.4062526539929,595.12060546875,9.308
1573.7278450669983,595.12060546875,9.602
1574.0479481479997,984.74169921875,7.432
1574.3702213840006,589.49609375,8.43
1574.695804456991,488.2509765625,9.269
1575.0170870000002,595.12109375,9.447
1575.3408196419914,465.740234375,6.781
1575.6635835769994,724.49365234375,8.119
1575.9865908799984,595.12158203125,9.036
1576.3090292029956,595.12158203125,9.346
1576.6340499479993,492.47119140625,8.274
1576.9585991880012,1029.74267578125,7.743
1577.282535927996,595.1220703125,8.726
1577.603648409,595.1220703125,9.346
1577.9262599170033,595.1220703125,9.718
1578.2478872950014,465.7412109375,7.21
1578.5719281929923,746.99462890625,8.391
1578.894163140998,595.12255859375,9.114
1579.217984125993,716.7578125,9.563
1579.5401150699909,465.74169921875,7.054
1579.8637108609983,724.4951171875,8.041
1580.1857814800023,595.123046875,8.842
1580.5079440379923,595.123046875,9.447
1580.8302936389955,489.66015625,8.663
1581.1553493809915,1029.744140625,7.432
1581.4775536020024,589.49853515625,8.61
1581.800067078002,595.12353515625,9.269
1582.1224417979975,595.12353515625,9.563
1582.4452392520034,465.74267578125,6.898
1582.771342063992,746.99609375,8.313
1583.0953154589952,595.1240234375,8.997
1583.417293489998,505.12353515625,9.486
1583.7386561379972,465.7431640625,7.548
1584.061241835996,724.49658203125,7.924
1584.3829394389904,595.12451171875,8.803
1584.7050454379932,595.12451171875,9.37
1585.0271223790041,595.12451171875,9.385
1585.3483528270008,984.74560546875,7.51
1585.6733599459985,589.5,8.546
1585.9967131189915,595.125,9.191
1586.3196250299952,595.125,9.525
1586.6408777149918,465.744140625,6.898
1586.9658014029992,724.49755859375,8.08
1587.2886363159923,595.12548828125,8.881
1587.6113708409976,477.001953125,9.447
1587.9327072040032,500.7900390625,8.132
1588.2552090149984,1029.74658203125,7.821
1588.5780746459932,656.01123046875,8.803
1588.899602245001,595.1259765625,9.308
1589.2212204069947,595.1259765625,9.68
1589.541594558992,465.7451171875,7.171
1589.8642221920018,746.99853515625,8.313
1590.1876820780017,595.12646484375,9.114
1590.511877796991,595.12646484375,9.37
1590.8333187629905,465.74560546875,7.132
1591.1561781780038,724.4990234375,7.924
1591.4782155489956,595.126953125,8.881
1591.7999116889987,595.126953125,9.308
1592.122456978992,489.6640625,8.881
1592.4438547409954,1029.748046875,7.393
1592.7656875879911,589.50244140625,8.585
1593.0875646280037,595.12744140625,9.114
1593.4103422420012,595.12744140625,9.563
1593.7314616859949,465.74658203125,6.859
1594.056700052999,724.5,8.002
1594.38063744799,595.1279296875,8.92
1594.704910083994,595.1279296875,9.447
1595.0265690950037,465.7470703125,8.015
1595.3494337459997,1029.7490234375,7.782
1595.6714649280038,493.8720703125,8.765
1595.9947432229965,595.12841796875,9.23
1596.3168924560014,595.12890625,9.68
1596.6427729809948,465.74755859375,7.288
1596.9658505309926,747.0009765625,8.468
1597.2881298129942,595.12890625,9.036
1597.6104412229906,499.5087890625,9.447
1597.9329057569994,465.748046875,7.015
1598.2553664829902,724.50146484375,7.963
1598.5796393329947,595.12939453125,8.803
1598.902462404003,494.0546875,9.424
1599.2245722359949,489.66650390625,8.74
1599.547233860998,1029.75048828125,7.471
1599.869024286003,589.5048828125,8.585
1600.1933167169918,595.1298828125,9.269
1600.5156362479902,595.1298828125,9.447
1600.837704695994,465.7490234375,6.859
1601.1599602539936,724.50244140625,8.158
1601.4842648420017,595.13037109375,9.114
1601.8067171729926,595.13037109375,9.408
1602.1290650199953,465.74951171875,7.704
1602.454003257997,724.5029296875,7.963
1602.7763626550004,595.130859375,8.842
1603.1004456609953,595.130859375,9.385
1603.4226976619975,595.130859375,9.269
1603.7442836870032,984.751953125,7.471
1604.068217854001,589.50634765625,8.507
1604.3930415549985,595.13134765625,9.191
1604.7152917589992,696.38134765625,9.525
1605.036748175,465.75048828125,6.859
1605.3595491809974,724.50390625,8.041
1605.684073796001,595.1318359375,8.92
1606.005912046996,477.00244140625,9.447
1606.3294265779987,497.98388671875,8.132
1606.6514812829992,1029.7529296875,7.704
1606.973274760996,595.13232421875,8.726
1607.2970697790006,595.13232421875,9.385
1607.6204602389917,595.13232421875,9.718
1607.9461550940032,465.75146484375,7.288
1608.2681736660015,747.0048828125,8.43
1608.59244588,595.1328125,9.036
1608.914150933997,488.25146484375,9.486
1609.2352277750033,465.751953125,7.054
1609.5580786909995,724.50537109375,8.041
1609.8795164699986,595.13330078125,8.803
1610.203840105998,595.13330078125,9.408
1610.5264345309988,489.67041015625,8.663
1610.8499397359992,1029.75439453125,7.393
1611.1722175719915,589.5087890625,8.571
1611.4953035319922,595.1337890625,9.308
1611.8187049550033,595.1337890625,9.486
1612.139784027997,465.7529296875,6.898
1612.4628248310037,510.7529296875,8.196
1612.7848870390008,595.13427734375,9.036
1613.106717142,595.13427734375,9.37
1613.4285351500002,465.75341796875,7.665
1613.7533509839996,724.5068359375,7.963
1614.0773341169988,595.134765625,8.803
1614.4019552239915,595.134765625,9.424
1614.7233951660019,595.134765625,9.308
1615.0450422499998,1029.755859375,7.587
1615.366555474,589.51025390625,8.701
1615.6882145879936,595.13525390625,9.153
1616.009780227003,595.13525390625,9.602
1616.3307519899972,465.75439453125,6.859
1616.652568548001,724.5078125,8.041
1616.974098406994,595.1357421875,8.92
1617.2958638900018,533.25439453125,9.408
1617.6177765439934,492.48583984375,8.119
1617.9399079249997,1029.7568359375,7.471
1618.2622933940002,595.13623046875,8.687
1618.5841749730025,595.13623046875,9.23
1618.906336400003,595.13623046875,9.641
1619.2281669999938,465.75537109375,6.937
1619.5516086930002,747.0087890625,8.313
1619.8734457539977,595.13671875,8.997
1620.1953306249925,595.13671875,9.525
1620.5202581579942,465.755859375,7.405
1620.8446632069972,724.50927734375,7.847
1621.166557738994,595.13720703125,8.959
1621.4881388209906,595.13720703125,9.308
1621.8101832760003,477.10546875,9.075
1622.1319731309923,984.75830078125,7.393
1622.4535565779952,589.5126953125,8.43
1622.7757210029959,595.1376953125,9.191
1623.096848879999,595.1376953125,9.408
1623.4185915629932,465.7568359375,7.093
1623.7411852149962,724.51025390625,8.158
1624.0632799710002,595.13818359375,8.959
1624.385847286001,595.13818359375,9.486
1624.709229922999,465.75732421875,8.054
1625.0337301639956,1029.75927734375,7.782
1625.3567275399982,488.25732421875,8.803
1625.6796986400004,595.138671875,9.23
1626.002329695999,595.138671875,9.641
1626.3273705289903,465.7578125,7.21
1626.650835499997,747.01123046875,8.43
1626.9734413050028,595.13916015625,9.036
1627.297451765,510.7578125,9.486
1627.6186565929966,465.75830078125,7.015
1627.9416013509908,724.51171875,8.041
1628.26484947899,595.1396484375,8.881
1628.589634552991,595.1396484375,9.447
1628.9115370329964,489.6767578125,8.624
1629.2341548010008,1029.7607421875,7.86
1629.558366348996,595.14013671875,8.726
1629.8805634290038,499.5087890625,9.346
1630.2021579279972,595.14013671875,9.641
1630.5233233239996,465.75927734375,7.327
1630.8452157819993,747.0126953125,8.43
1631.1684229090024,595.140625,9.153
1631.492063393991,595.140625,9.525
1631.8142967250024,465.759765625,7.093
1632.1369560549938,724.51318359375,7.963
1632.4614698139922,595.14111328125,8.842
1632.7882696640008,595.14111328125,9.463
1633.112769564992,489.67822265625,8.624
1633.4365277449979,1029.76220703125,7.393
1633.7615091629996,589.5166015625,8.585
1634.0861130330013,595.1416015625,9.269
1634.4092893659981,595.1416015625,9.563
1634.7307780249976,465.7607421875,6.898
1635.0579929880041,544.5107421875,8.274
1635.3833125590027,595.14208984375,8.997
1635.7050984419911,595.14208984375,9.525
1636.0264860699972,465.76123046875,7.51
1636.3491389889969,724.5146484375,7.899
1636.6719425679912,595.142578125,8.842
1636.9938680039922,595.142578125,9.424
1637.316057928998,595.142578125,9.269
1637.6396182019962,984.763671875,7.51
1637.9614437290002,589.51806640625,8.546
1638.2848032579932,595.14306640625,9.153
1638.6071771220013,626.7783203125,9.563
1638.930316672995,465.76220703125,6.937
1639.2531522469944,724.515625,8.041
1639.576027884992,595.1435546875,8.92
1639.898361678992,595.1435546875,9.408
1640.2196201729967,482.63720703125,8.093
1640.5434549769998,1029.7646484375,7.782
1640.8663754439913,595.279296875,8.803
1641.1905300009967,595.14404296875,9.308
1641.5121456880006,488.27392578125,9.796
1641.8354318609927,465.76318359375,7.366
1642.1586024459975,747.0166015625,8.507
1642.4798761669954,595.14453125,9.036
1642.8020635489956,595.14453125,9.525
1643.1242563069973,465.763671875,6.976
1643.4463823109982,724.51708984375,7.963
1643.767687419997,595.14501953125,8.842
1644.089160247997,510.763671875,9.385
1644.4149928050028,489.68212890625,8.779
1644.7371422279975,1029.76611328125,7.471
1645.0597244340024,589.5205078125,8.624
1645.3827471349941,595.1455078125,9.346
1645.7059345750022,595.1455078125,9.525
1646.0276158519991,465.7646484375,6.898
1646.3506917679915,724.51806640625,8.196
1646.674618717996,595.14599609375,9.114
1646.9990451729973,595.14599609375,9.408
1647.3210037370009,465.76513671875,7.704
1647.6441133140033,724.5185546875,8.041
1647.9661364210042,595.146484375,9.036
1648.2893345439952,595.146484375,9.346
1648.6130539629958,500.93310546875,9.036
1648.9360854859988,1029.767578125,7.471
1649.2581537439983,589.52197265625,8.61
1649.5798841350042,595.14697265625,9.153
1649.902281809991,595.14697265625,9.563
1650.223158890003,465.76611328125,6.937
1650.5447392579954,724.51953125,8.041
1650.8663028220035,595.1474609375,8.92
1651.1881066189962,595.1474609375,9.408
1651.5099268640042,468.59814453125,8.054
1651.8331066399987,1029.7685546875,7.626
1652.1548824019992,595.14794921875,8.648
1652.4773822510033,595.14794921875,9.346
1652.799428482991,595.14794921875,9.641
1653.1204242480017,465.76708984375,7.054
1653.4432593380043,747.0205078125,8.235
1653.7663623069966,595.1484375,9.114
1654.088913448999,595.1484375,9.346
1654.4146699139965,465.767578125,7.21
1654.7407532999932,724.52099609375,7.899
1655.0635831059917,595.14892578125,8.881
1655.3881576089916,595.14892578125,9.346
1655.715111358004,489.68603515625,8.818
1656.0391614569962,1029.77001953125,7.432
1656.3615799819963,589.5244140625,8.546
1656.684716705,595.1494140625,9.23
1657.0063119999977,595.1494140625,9.408
1657.3317971209908,465.7685546875,6.859
1657.6546801689983,724.52197265625,8.041
1657.9776685639954,635.78515625,9.036
1658.2997504969971,595.14990234375,9.385
1658.622306684003,465.76904296875,7.86
1658.944501994003,1029.77099609375,7.963
1659.266495570002,595.150390625,8.803
1659.5912972380029,595.150390625,9.385
1659.9147511469928,595.150390625,9.54
1660.2360507769918,984.771484375,7.432
1660.561602036003,589.52587890625,8.43
1660.8845059409941,595.15087890625,9.191
1661.2061726840038,595.15087890625,9.408
1661.5304439939937,465.77001953125,6.753
1661.853220755991,724.5234375,8.08
1662.1764603499905,595.1513671875,8.997
1662.4979792459926,595.1513671875,9.308
1662.8196197439975,492.5009765625,8.313
1663.1412815219956,1029.7724609375,7.51
1663.4633596030035,595.15185546875,8.687
1663.787295150003,595.15185546875,9.153
1664.1095981959952,595.15185546875,9.602
1664.4334790860012,465.77099609375,6.976
1664.756924567002,747.0244140625,8.352
1665.0796054469974,595.15234375,8.997
1665.4027504699916,595.15234375,9.486
1665.7269523580035,465.771484375,7.444
1666.050676054001,724.52490234375,8.274
1666.375507883,595.15283203125,8.959
1666.6996281339962,595.15283203125,9.447
1667.0221897409938,489.68994140625,8.624
1667.344700497997,1029.77392578125,7.471
1667.6677298629947,589.66357421875,8.687
1667.9925449189905,595.1533203125,9.23
1668.3169322159956,516.39697265625,9.641
1668.6398117810022,465.7724609375,7.249
1668.9620688290015,747.02587890625,8.391
1669.2839974819944,599.46826171875,9.075
1669.6059215580026,595.15380859375,9.447
1669.932931753996,465.77294921875,7.327
1670.255450215991,724.5263671875,7.963
1670.5779541169904,595.154296875,8.92
1670.9000708669919,595.154296875,9.424
1671.2244352120033,489.69140625,8.857
1671.5494843469933,1029.775390625,7.51
1671.8716402970022,589.52978515625,8.687
1672.1945413909998,595.15478515625,9.308
1672.5195288899995,595.15478515625,9.602
1672.841409820001,465.77392578125,7.054
1673.1651382349955,747.02734375,8.391
1673.4885096779908,595.1552734375,9.075
1673.814576824996,595.1552734375,9.525
1674.137886247001,465.7744140625,7.366
1674.4607281350036,724.52783203125,8.119
1674.7842269699904,595.15576171875,8.92
1675.107240347992,595.15576171875,9.486
1675.4290579429944,489.69287109375,8.701
1675.7530800569948,1029.77685546875,7.51
1676.0756717879995,609.91650390625,8.687
1676.4003080980037,595.15625,9.23
1676.7264427920018,499.70654296875,9.68
1677.0496713729954,465.775390625,7.21
1677.3721262960025,747.02880859375,8.313
1677.6945256000035,621.1669921875,9.114
1678.0177370579913,595.15673828125,9.408
1678.3409638449957,465.77587890625,7.288
1678.666724057999,724.529296875,8.08
1678.9889245359955,595.1572265625,8.881
1679.3118499029952,493.90087890625,9.37
1679.6339346960012,489.6943359375,8.779
1679.9580996529985,1029.7783203125,7.471
1680.2810574979958,589.53271484375,8.532
1680.6042365009926,595.15771484375,9.269
1680.9258437069948,595.15771484375,9.408
1681.2485539570043,465.77685546875,6.898
1681.5706565389992,724.5302734375,8.158
1681.8940822669974,595.158203125,9.075
1682.2158114259946,595.158203125,9.331
1682.5373762919917,465.77734375,7.743
1682.8604012040014,724.53076171875,8.002
1683.1851014999993,493.908203125,8.997
1683.5066910680034,595.15869140625,9.269
1683.8290606279916,626.7939453125,9.114
1684.1514085239905,1029.77978515625,7.471
1684.473888070992,589.5341796875,8.585
1684.7955635899998,595.1591796875,9.114
1685.1175769760011,595.1591796875,9.563
1685.4392420939985,465.7783203125,6.976
1685.7612672870018,724.53173828125,8.08
1686.0829621640005,595.15966796875,8.92
1686.4060924160003,595.15966796875,9.408
1686.72732746799,465.77880859375,7.938
1687.0502467999904,1029.78076171875,7.899
1687.3733905230038,595.16015625,8.842
1687.6968264769966,595.16015625,9.269
1688.0213129939948,595.16015625,9.641
1688.3422133120039,984.78125,7.432
1688.664316932991,589.53564453125,8.391
1688.9857919560018,595.1611328125,9.114
1689.3083859280014,595.16064453125,9.486
1689.6318149339932,465.77978515625,6.898
1689.9557741649915,724.533203125,8.119
1690.2801109440043,595.1611328125,8.997
1690.6050225579966,595.1611328125,9.292
1690.9286303819972,492.5107421875,8.196
1691.250449219995,1029.7822265625,7.886
1691.575316989998,510.7802734375,8.881
1691.8991311549908,595.16162109375,9.308
1692.222251441999,595.16162109375,9.834
1692.5472938390012,465.78076171875,7.327
1692.870535406997,747.0341796875,8.468
1693.1959803119971,595.162109375,9.114
1693.5188839809998,595.162109375,9.525
1693.841637370002,465.78125,7.093
1694.1677707119961,724.53466796875,8.158
1694.4904688669922,595.16259765625,8.997
1694.8138306269975,595.16259765625,9.486
1695.1353722939966,472.87744140625,8.093
1695.4586886439938,1029.78369140625,7.886
1695.784822236994,595.1630859375,8.881
1696.109225948996,595.1630859375,9.308
1696.4335628099943,595.1630859375,9.641
1696.7564993029955,984.7841796875,7.432
1697.0808879399992,589.53857421875,8.43
1697.4048031849961,595.16357421875,9.269
1697.726794813003,595.16357421875,9.447
1698.051718281,465.78271484375,6.898
1698.3752205509954,724.5361328125,8.08
1698.6992363390018,595.1640625,8.959
1699.0238020969991,621.17431640625,9.463
1699.3486429049954,499.53271484375,8.054
1699.6717887099949,1029.78515625,7.886
1699.9960528240044,595.16455078125,8.881
1700.320218502995,595.16455078125,9.346
1700.642700284996,595.16455078125,9.641
1700.9644362809922,984.78564453125,7.471
1701.290923249995,589.5400390625,8.468
1701.6140253699996,595.1650390625,9.269
1701.938416427991,595.1650390625,9.486
1702.2602709219937,465.7841796875,6.937
1702.582571892999,724.53759765625,8.08
1702.9051974180038,595.16552734375,8.959
1703.227924642997,617.6650390625,9.486
1703.5503670570033,465.8076171875,8.093
1703.8752310220007,1029.78662109375,7.86
1704.2002325909998,595.166015625,8.881
1704.5235500080016,595.166015625,9.269
1704.8465911899984,595.166015625,9.757
1705.1680038070044,984.787109375,7.51
1705.4922956219962,589.54150390625,8.468
1705.8157797290041,595.16650390625,9.269
1706.139606183002,595.16650390625,9.447
1706.4643192899966,465.78564453125,6.937
1706.7870040720009,724.5390625,8.119
1707.1129994270013,595.1669921875,8.959
1707.4384065710037,595.1669921875,9.486
1707.7603199970035,465.7861328125,8.054
1708.0834491760033,1029.7880859375,7.963
1708.4109180169908,595.16748046875,8.842
1708.7347223199904,595.16748046875,9.385
1709.0598379299918,595.16748046875,9.54
1709.3811927429924,984.78857421875,7.587
1709.708692589993,589.54296875,8.585
1710.0339367459965,595.16796875,9.191
1710.3580201269942,516.41162109375,9.563
1710.6810742569942,465.787109375,7.015
1711.0070602589985,724.54052734375,8.119
1711.329579074998,595.16845703125,9.036
1711.6558848620043,595.16845703125,9.424
1711.9817322009912,465.78759765625,7.782
1712.3037654299987,724.541015625,8.002
1712.6268632379943,595.1689453125,8.803
1712.949682474995,595.1689453125,9.408
1713.2720673299918,595.1689453125,9.385
1713.5954516079946,1029.7900390625,7.587
1713.9186484559905,589.54443359375,8.648
1714.2398677339952,595.16943359375,9.153
1714.563139174992,595.16943359375,9.563
1714.8849605830037,465.78857421875,7.015
1715.2069275959948,724.5419921875,8.119
1715.529670664997,595.169921875,8.959
1715.8517320789979,595.169921875,9.447
1716.172901111,465.7890625,7.976
1716.496071681002,1029.791015625,8.041
1716.818407437997,595.17041015625,8.803
1717.140304747998,621.1806640625,9.346
1717.4620264999976,595.17041015625,9.563
1717.7849616979947,984.79150390625,7.51
1718.1079541139916,589.5458984375,8.468
1718.4303393729933,595.1708984375,9.23
1718.7523624430032,595.1708984375,9.408
1719.0744509549986,465.7900390625,6.976
1719.3969298159936,724.54345703125,8.08
1719.718789423001,595.17138671875,8.92
1720.0413723809907,488.2900390625,9.447
1720.3628685189906,500.2734375,8.119
1720.6849484510021,1029.79248046875,7.821
1721.007226021,599.62158203125,8.803
1721.3289484999987,595.171875,9.269
1721.6503261350008,595.171875,9.68
1721.9713603339915,465.791015625,7.471
1722.2943740219926,752.35888671875,8.507
1722.6165122559905,595.17236328125,9.114
1722.9401308889937,595.17236328125,9.525
1723.2635769089975,465.79150390625,6.898
1723.5855999689957,724.544921875,8.158
1723.9103001719923,595.1728515625,9.036
1724.2322222039948,595.1728515625,9.346
1724.5544930140022,492.5224609375,8.313
1724.8766810050001,1029.7939453125,7.665
1725.1991439159901,595.17333984375,8.687
1725.5232096629916,482.6669921875,9.308
1725.8444661649992,595.17333984375,9.641
1726.1682329250034,465.79248046875,7.054
1726.491497363997,747.0458984375,8.235
1726.81342172499,533.29248046875,9.153
1727.1372835259972,595.173828125,9.408
1727.4672829359915,465.79296875,7.21
1727.7891543019941,724.54638671875,7.886
1728.111256107004,595.17431640625,8.881
1728.4331149589998,595.17431640625,9.308
1728.7560189009964,489.71142578125,8.92
1729.081551087991,1029.79541015625,7.51
1729.403853345997,589.5498046875,8.571
1729.7260573259991,595.1748046875,9.308
1730.0497871160042,595.1748046875,9.486
1730.3721763499925,465.7939453125,7.354
1730.6952276520024,747.04736328125,8.43
1731.0178400919976,595.17529296875,9.114
1731.3397887649917,595.17529296875,9.525
1731.663694813993,465.79443359375,7.366
1731.9868053469982,724.5478515625,7.924
1732.3100054509996,595.17578125,8.959
1732.6321359199937,595.17578125,9.308
1732.954905031991,489.712890625,8.997
1733.2788782470016,1029.796875,7.471
1733.6021547349956,589.55126953125,8.585
1733.9243269939907,595.17626953125,9.23
1734.2462121709978,595.17626953125,9.525
1734.57026554599,465.79541015625,7.093
1734.8937708379963,556.50146484375,8.352
1735.2166137729946,595.1767578125,9.036
1735.539276925003,595.1767578125,9.408
1735.8611848180008,465.7958984375,7.626
1736.1856980769953,724.54931640625,8.235
1736.507942333992,595.17724609375,8.959
1736.8312424309988,477.0478515625,9.447
1737.1530292940006,489.71435546875,8.779
1737.4759936999908,1029.79833984375,7.393
1737.798447078996,589.552734375,8.532
1738.1220721769932,595.177734375,9.269
1738.4445554769918,595.177734375,9.447
1738.76881665799,465.796875,6.898
1739.0904727290035,724.55029296875,8.041
1739.4130701429967,615.5634765625,8.997
1739.7369040429912,595.17822265625,9.385
1740.0618351320009,465.79736328125,7.821
1740.3850013939955,724.55078125,8.041
1740.7069258539996,595.1787109375,8.803
1741.0288118159951,595.1787109375,9.408
1741.3506271529914,595.1787109375,9.385
1741.6722142240033,984.7998046875,7.432
1741.9938733610034,589.55419921875,8.391
1742.316611604998,595.17919921875,9.191
1742.640175634995,595.17919921875,9.37
1742.9648202120006,465.79833984375,6.859
1743.287212330004,724.5517578125,8.08
1743.6091771380015,595.1796875,8.959
1743.9309315699938,595.1796875,9.308
1744.2543793369987,492.529296875,8.274
1744.5767366679938,1029.80078125,7.587
1744.9003596709954,595.18017578125,8.663
1745.2227430810017,716.8154296875,9.346
1745.5462079029967,595.18017578125,9.68
1745.8697662929917,465.79931640625,7.21
1746.194731769996,747.052734375,8.313
1746.5182209100021,595.1806640625,9.114
1746.8398927410017,595.1806640625,9.37
1747.1631887529948,465.7998046875,7.132
1747.487372121992,724.55322265625,7.769
1747.810577376993,595.18115234375,8.881
1748.1322417499905,595.18115234375,9.23
1748.4543988429941,489.71826171875,8.959
1748.776824902001,1029.80224609375,7.393
1749.1012015849992,589.556640625,8.585
1749.4265519329929,595.181640625,9.153
1749.748193901003,595.181640625,9.563
1750.073091718994,465.80078125,7.054
1750.3969213099917,724.55419921875,8.235
1750.7201081590028,595.18212890625,9.114
1751.043635850001,595.18212890625,9.331
1751.3651482440036,465.80126953125,7.665
1751.687177261003,724.5546875,7.963
1752.0100662729965,595.1826171875,8.842
1752.332189341003,595.1826171875,9.424
1752.6539981889946,595.1826171875,9.308
1752.9774237609963,578.6533203125,7.548
1753.299471848004,589.55810546875,8.624
1753.622244084996,595.18310546875,9.153
1753.94483356399,595.18310546875,9.602
1754.2661667770008,465.80224609375,7.015
1754.5911347649962,724.5556640625,8.119
1754.9135983489978,595.18359375,9.036
1755.2356210229918,595.18359375,9.463
1755.5596178089909,465.802734375,7.938
1755.8813582000002,758.3056640625,8.08
1756.2038640239916,595.18408203125,8.803
1756.5265569579933,505.359375,9.408
1756.8490706839948,595.18408203125,9.486
1757.1733081139973,984.80517578125,7.548
1757.4954968050006,589.5595703125,8.571
1757.8183326839935,595.1845703125,9.153
1758.1404108089919,621.18896484375,9.563
1758.4623238420027,465.8037109375,7.015
1758.7851626619959,724.55712890625,8.08
1759.107299091993,595.18505859375,8.959
1759.4312202839938,595.18505859375,9.486
1759.753910970001,465.80419921875,7.938
1760.0762250999978,1029.80615234375,8.002
1760.3983132059948,595.185546875,8.842
1760.7199111819937,595.185546875,9.269
1761.042364545996,595.185546875,9.68
1761.3630535650009,984.806640625,7.548
1761.6877115749958,589.56103515625,8.468
1762.0099721949955,595.18603515625,9.269
1762.3316275469988,595.18603515625,9.447
1762.6552602739976,465.80517578125,6.976
1762.9796060480003,724.55859375,8.119
1763.3034996789938,595.1865234375,8.959
1763.6264612459927,494.11181640625,9.486
1763.95090286099,482.68603515625,8.093
1764.275253432992,1034.904296875,8.119
1764.5989773909969,595.18701171875,8.842
1764.9205474229966,595.18701171875,9.447
1765.2431936810026,595.18701171875,9.463
1765.5657892169984,984.80810546875,7.626
1765.8877990369947,589.5625,8.624
1766.209928508004,595.1875,9.191
1766.531696206992,599.63720703125,9.525
1766.8551756410016,465.701171875,6.597
1767.1782884379936,724.45458984375,7.704
1767.4999540839926,595.08251953125,8.726
1767.822809431993,599.5322265625,9.308
1768.1450395099964,489.61962890625,8.779
1768.4690892319923,1029.703125,7.471
1768.7939137619978,589.45751953125,8.61
1769.1160332110012,595.08251953125,9.269
1769.4401054920017,595.08251953125,9.447
1769.7612090659968,465.70166015625,6.937
1770.085176669003,544.45166015625,8.235
1770.4078188540007,595.0830078125,8.997
1770.7297316999902,595.0830078125,9.408
1771.0526165469928,465.7021484375,7.626
1771.3753939329908,724.45556640625,7.963
1771.6967693210026,595.08349609375,8.803
1772.0185637940012,595.08349609375,9.385
1772.3411534600018,595.08349609375,9.424
1772.6633983779902,984.70458984375,7.548
1772.986079053997,589.458984375,8.585
1773.308256481003,595.083984375,9.153
1773.6300592070038,595.083984375,9.486
1773.9513783970033,465.703125,7.015
1774.2747915100044,724.45654296875,8.08
1774.5972052299912,595.08447265625,8.92
1774.919219000003,595.08447265625,9.447
1775.240560523991,472.79931640625,8.054
1775.5630473329948,1029.70556640625,7.924
1775.886745027994,595.0849609375,8.92
1776.2117621249927,595.0849609375,9.269
1776.5347766299965,595.0849609375,9.718
1776.8558739500004,984.7060546875,7.471
1777.1808883579943,589.46044921875,8.43
1777.5030111509986,516.3349609375,9.23
1777.8246385989914,595.08544921875,9.447
1778.1485322959925,465.70458984375,6.976
1778.4715517250006,724.4580078125,8.119
1778.7965642719937,595.0859375,8.959
1779.1188560589944,499.4658203125,9.502
1779.4420152989915,500.75048828125,8.132
1779.7651652560016,1029.70703125,7.704
1780.0881464400009,595.08642578125,8.765
1780.4104224170005,595.08642578125,9.346
1780.7352044569998,595.08642578125,9.718
1781.0564778080006,579.41015625,7.51
1781.3792101489962,544.45556640625,8.507
1781.7018472859927,595.0869140625,9.153
1782.024141211994,595.0869140625,9.525
1782.347881455993,465.7060546875,6.937
1782.6707969370036,724.45947265625,8.158
1782.9932278569904,595.08740234375,9.036
1783.315132039992,595.08740234375,9.346
1783.638301190993,492.43701171875,8.274
1783.961463781001,1029.70849609375,7.847
1784.2846102420008,621.09228515625,8.842
1784.6087995839916,595.087890625,9.269
1784.9327283409948,626.72314453125,9.757
1785.2529819710035,984.708984375,7.51
1785.5781820639968,499.46826171875,8.468
1785.9024071169988,615.4736328125,9.191
1786.2266556899995,595.08837890625,9.486
1786.5499345349963,465.70751953125,6.832
1786.8719898510026,724.4609375,8.158
1787.1952004689956,595.0888671875,9.075
1787.5169074860023,595.0888671875,9.385
1787.83949187299,492.4384765625,8.352
1788.1613482370012,1029.7099609375,7.743
1788.4830706119974,595.08935546875,8.687
1788.8052064389922,595.08935546875,9.385
1789.1265263999958,595.08935546875,9.68
1789.4489704610023,465.70849609375,7.249
1789.771288820004,746.9619140625,8.352
1790.0949130450026,595.08984375,9.114
1790.4171467289998,595.08984375,9.447
1790.7396024030022,465.708984375,7.093
1791.0619255929923,724.46240234375,8.196
1791.3839009310032,595.09033203125,8.959
1791.706233719,595.09033203125,9.408
1792.0291955510038,489.62744140625,8.585
1792.3529137909936,1029.71142578125,7.51
1792.675678847998,593.91552734375,8.648
1792.999808619992,595.0908203125,9.23
1793.3219770159922,488.20947265625,9.602
1793.6473178989982,465.701171875,6.714
1793.9689451879967,724.45458984375,8.002
1794.2928823760012,516.326171875,8.997
1794.6169067339943,595.08251953125,9.254
1794.939623815997,465.701171875,7.782
1795.2644077500008,1029.703125,7.782
1795.5870815980015,595.08251953125,8.803
1795.9094012900023,595.08251953125,9.23
1796.2351874619926,595.08251953125,9.757
1796.5570352659997,984.70361328125,7.548
1796.8793063460034,589.4580078125,8.468
1797.205391533993,499.80908203125,9.269
1797.5291901189921,595.0830078125,9.486
1797.8507766309922,465.7021484375,7.132
1798.173103840003,724.45556640625,8.158
1798.4987609160016,595.08349609375,8.997
1798.8213816990028,595.08349609375,9.486
1799.1426683600002,465.70263671875,8.015
1799.4645664650016,1029.70458984375,7.743
1799.786700703,595.083984375,8.765
1800.1114334890008,595.083984375,9.269
1800.4346642750024,595.083984375,9.718
1800.7560775279999,465.703125,7.471
1801.0792648549977,746.95654296875,8.546
1801.4013504820032,595.08447265625,9.153
1801.7272217650025,595.08447265625,9.563
1802.0511847309972,465.70361328125,7.093
1802.3738182779925,724.45703125,8.158
1802.6955361779983,595.0849609375,8.997
1803.0189427720034,595.0849609375,9.331
1803.3426693759975,492.4345703125,8.235
1803.6657412060013,1029.7060546875,7.665
1803.9877761370008,595.08544921875,8.687
1804.3114712829993,494.1865234375,9.385
1804.633895922001,595.08544921875,9.718
1804.9550815760012,465.70458984375,7.249
1805.2769540369918,746.9580078125,8.313
1805.5992373899935,595.0859375,9.153
1805.9209049780038,595.0859375,9.408
1806.2423691360018,465.705078125,7.171
1806.5670937179966,724.45849609375,8.235
1806.8901764539914,595.08642578125,8.959
1807.2122165320034,595.08642578125,9.408
1807.534050139002,489.62353515625,8.546
1807.8565022609982,1029.70751953125,7.626
1808.180374012998,595.0869140625,8.726
1808.5047819419997,595.0869140625,9.23
1808.828881251,595.0869140625,9.602
1809.1500130079949,465.7060546875,7.393
1809.474568716003,746.95947265625,8.507
1809.7966122770013,595.08740234375,9.153
1810.1208741500013,621.09765625,9.602
1810.4446143410023,465.70654296875,7.015
1810.7676388279942,724.4599609375,8.08
1811.0899325069913,595.087890625,8.842
1811.414388336998,595.087890625,9.408
1811.735790273,489.625,8.585
1812.0586173119955,1029.708984375,7.626
1812.3830786109902,595.08837890625,8.726
1812.7066751450038,595.08837890625,9.191
1813.0290054939978,595.08837890625,9.602
1813.3517679849901,465.70751953125,6.781
1813.6742799700005,746.9609375,8.235
1813.998023483,595.0888671875,8.92
1814.321199648999,488.21875,9.447
1814.6430056259996,465.7080078125,7.51
1814.966371588991,1034.05859375,7.847
1815.2885197519936,595.08935546875,8.726
1815.6105987920018,499.8154296875,9.385
1815.9327767779905,595.08935546875,9.424
1816.2543386489997,984.71044921875,7.548
1816.5760449389927,589.46484375,8.43
1816.897840671998,595.08984375,9.269
1817.2194375499967,595.08984375,9.447
1817.5444598500035,465.708984375,6.753
1817.8671550330037,724.46240234375,8.08
1818.1893574010028,595.09033203125,8.959
1818.5137793920003,595.09033203125,9.308
1818.8353891939914,479.87109375,8.391
1819.158916499,1029.71142578125,7.354
1819.4815755509917,690.7158203125,8.624
1819.8039082869946,595.0908203125,9.191
1820.1259786790033,595.09130859375,9.486
1820.449903243003,465.7099609375,7.327
1820.7724382239976,746.96337890625,8.391
1821.0953990419948,499.8173828125,9.191
1821.417992585004,595.09130859375,9.447
1821.7407329470007,465.701171875,7.249
1822.0632365649944,724.45458984375,7.743
1822.3851323879935,595.08251953125,8.765
1822.7077093830012,595.08251953125,9.346
1823.0318374039925,595.08251953125,9.269
1823.3540427069966,984.703125,7.51
1823.6758555150009,589.45751953125,8.546
1823.9976754279924,595.08251953125,9.114
1824.3201904989983,595.08251953125,9.447
1824.642851910001,465.70166015625,7.054
1824.9649842469953,724.455078125,8.119
1825.286665720996,595.0830078125,8.959
1825.6099742229999,595.0830078125,9.486
1825.9308423890034,465.7021484375,8.054
1826.2526685699995,1029.7041015625,7.963
1826.575137908003,595.08349609375,8.881
1826.8962419839954,595.08349609375,9.269
1827.2178837090032,595.08349609375,9.757
1827.5423476369906,465.70263671875,7.276
1827.8652414009994,746.9560546875,8.43
1828.188880310001,595.083984375,9.036
1828.5129321909917,595.083984375,9.486
1828.83805703299,465.703125,6.898
1829.1606888349925,724.45654296875,8.158
1829.4848672139924,595.08447265625,8.997
1829.8081810199947,595.08447265625,9.308
1830.1291777919978,503.68359375,8.352
1830.4534308919974,1029.70556640625,7.315
1830.7760564189957,589.4599609375,8.507
1831.098962338001,595.0849609375,9.269
1831.422809374999,595.0849609375,9.408
1831.7454277639918,465.7041015625,7.015
1832.0703716349963,746.95751953125,8.313
1832.3939301810024,595.08544921875,8.997
1832.7184860699927,516.3349609375,9.525
1833.0399783729954,465.70458984375,7.471
1833.3624086889904,724.4580078125,7.963
1833.6851146609988,595.0859375,8.959
1834.006549903992,595.0859375,9.269
1834.329127391,479.77880859375,9.036
1834.6532445429912,1029.70703125,7.471
1834.9752833870007,589.46142578125,8.571
1835.2974898529937,595.08642578125,9.153
1835.6190483929968,595.08642578125,9.563
1835.9400459860044,465.70556640625,7.21
1836.263743538002,746.958984375,8.43
1836.5902951649914,595.0869140625,9.036
1836.912390871992,505.08642578125,9.525
1837.233820637004,465.7060546875,7.51
1837.5577484020032,724.45947265625,7.924
1837.880228598995,493.8310546875,8.92
1838.2019470119994,595.08740234375,9.308
1838.5236481119937,595.08740234375,9.191
1838.844906956001,623.55810546875,7.51
1839.1682607480034,589.462890625,8.624
1839.489941781998,595.087890625,9.153
1839.8121417429938,488.22900390625,9.525
1840.1337981340039,465.70703125,6.898
1840.4566345950007,724.46044921875,8.041
1840.7782676240022,595.08837890625,8.959
1841.1005148809927,595.08837890625,9.525
1841.4244844649947,465.73046875,8.43
1841.745993456003,1029.70947265625,8.468
1842.0680419209966,595.0888671875,9.036
1842.3894997099997,595.0888671875,9.408
1842.7112323239999,595.0888671875,9.68
1843.0365457229927,465.7080078125,7.288
1843.3592023340025,746.96142578125,8.468
1843.681432657002,595.08935546875,9.036
1844.0032557989907,595.08935546875,9.525
1844.3241508469946,465.70849609375,7.093
1844.6468768649938,724.4619140625,8.235
1844.9706479399902,595.08984375,9.075
1845.2928737809998,595.08984375,9.37
1845.6177667470038,492.439453125,8.235
1845.9410039149952,1029.7109375,7.782
1846.2629526249948,595.09033203125,8.765
1846.5874199120008,595.09033203125,9.346
1846.910310442996,595.09033203125,9.718
1847.2341075629956,465.70947265625,7.471
1847.5560404949938,746.96337890625,8.546
1847.877555907995,595.0908203125,9.114
1848.2014504059916,595.0908203125,9.563
1848.52631581499,465.7099609375,6.898
1848.8483759160008,724.46337890625,8.196
1849.1719270719914,595.09130859375,9.036
1849.4941336100019,595.09130859375,9.346
1849.815979142004,491.0341796875,8.352
1850.1378248669935,1029.71240234375,7.665
1850.462357878001,595.091796875,8.687
1850.789974186002,716.72705078125,9.346
1851.1130719170033,595.091796875,9.718
1851.4342589299922,465.7109375,7.249
1851.7572114069917,746.96435546875,8.391
1852.0814470929909,595.09228515625,9.114
1852.405657145995,595.09228515625,9.486
1852.727720504001,465.71142578125,7.093
1853.0504660290026,724.46484375,8.119
1853.3731391670008,595.0927734375,8.881
1853.6975041019905,595.0927734375,9.463
1854.018736935992,489.6298828125,8.585
1854.3413333339995,1029.7138671875,7.743
1854.6628673919913,595.09326171875,8.765
1854.984391881997,595.09326171875,9.23
1855.3071877729963,595.09326171875,9.602
1855.630585730003,465.71240234375,7.132
1855.955184075996,746.9658203125,8.313
1856.2768494969932,493.83740234375,9.114
1856.599734411997,595.09375,9.37
1856.925531418994,465.712890625,7.249
1857.2479797120031,724.46630859375,7.963
1857.5694947250013,595.09423828125,8.92
1857.8905465549906,595.09423828125,9.308
1858.2143397839973,489.63134765625,8.92
1858.5370527549967,1029.71533203125,7.432
1858.860530388003,589.4697265625,8.585
1859.1827273730014,595.0947265625,9.23
1859.5063269309903,595.0947265625,9.525
1859.8298526279978,465.7138671875,6.976
1860.15139454999,724.46728515625,8.119
1860.4742655709997,626.73046875,9.036
1860.7954941049975,595.09521484375,9.346
1861.117055609997,465.71435546875,7.899
1861.4400046800001,1029.71630859375,7.963
1861.7623954259907,595.095703125,8.803
1862.0840517159959,595.095703125,9.269
1862.4063101700012,595.095703125,9.68
1862.7273827600002,984.716796875,7.471
1863.049674748996,589.47119140625,8.43
1863.3719903549936,621.1064453125,9.191
1863.6939844459994,595.09619140625,9.408
1864.016466806992,465.71533203125,6.82
1864.3392826509953,724.46875,8.119
1864.6625623180007,595.0966796875,8.997
1864.9843780319934,595.0966796875,9.308
1865.3094491149968,482.60205078125,8.352
1865.6345928389928,1029.7177734375,7.743
1865.9565785739978,595.09716796875,8.687
1866.2785171389987,595.09716796875,9.346
1866.6008439709985,595.09716796875,9.641
1866.9226319699956,465.71630859375,6.937
1867.2465147869952,746.9697265625,8.235
1867.570098074997,599.412109375,9.114
1867.89364113599,595.09765625,9.37
1868.2179464289948,465.716796875,7.21
1868.5426401180011,724.47021484375,7.821
1868.8663270539982,595.09814453125,8.92
1869.189941891993,595.09814453125,9.308
1869.5139607739984,489.63525390625,8.997
1869.8367211509903,1029.71923828125,7.471
1870.159803617993,589.4736328125,8.546
1870.481550905999,595.0986328125,9.191
1870.803480150993,595.0986328125,9.525
1871.1271001690038,465.7177734375,7.054
1871.4496442489908,724.47119140625,8.235
1871.7725067059946,595.09912109375,9.114
1872.0951012820005,595.09912109375,9.408
1872.4173621840018,465.71826171875,7.665
1872.7421190680034,724.4716796875,7.963
1873.0636479759996,595.099609375,8.881
1873.3883388419927,595.099609375,9.346
1873.7121920789941,595.099609375,9.153
1874.0349830420018,1029.720703125,7.471
1874.3590165409987,589.47509765625,8.61
1874.6807964949985,595.10009765625,9.153
1875.0058412249928,595.10009765625,9.563
1875.3270699919958,465.701171875,6.636
1875.6503185679903,724.45458984375,7.963
1875.9737762369914,595.08251953125,8.92
1876.2962730439904,595.08251953125,9.346
1876.619989119994,492.43212890625,8.158
1876.942501573998,1029.703125,7.743
1877.2649325209932,595.08251953125,8.726
1877.587682516998,595.08251953125,9.346
1877.909762506999,595.08251953125,9.718
1878.2339774449938,465.70166015625,7.432
1878.55593250299,746.955078125,8.546
1878.8775967980037,595.0830078125,9.075
1879.201699858997,595.0830078125,9.525
1879.5227072690031,465.7021484375,6.937
1879.8446976209962,724.45556640625,8.119
1880.1689730380022,595.08349609375,8.959
1880.4944213559938,595.08349609375,9.346
1880.8187755580002,497.935546875,8.391
1881.1427081470028,1029.70458984375,7.743
1881.466872486999,595.083984375,8.687
1881.7918749959936,595.083984375,9.385
1882.1143817769916,595.083984375,9.757
1882.4382935629983,465.703125,7.393
1882.7630490869924,746.95654296875,8.507
1883.0846821110026,595.08447265625,9.075
1883.4060694310028,494.185546875,9.525
1883.7291639079922,465.70361328125,7.015
1884.0536954229901,724.45703125,8.158
1884.378134390994,621.09521484375,8.997
1884.7000830059987,595.0849609375,9.346
1885.0216890180018,489.6220703125,8.468
1885.3435230689938,1029.703125,7.276
1885.666469762,589.45751953125,8.468
1885.989207584993,621.0927734375,9.191
1886.3121526780014,595.08251953125,9.408
1886.6369120360032,465.701171875,6.937
1886.9603465190012,724.45458984375,8.119
1887.2825195210025,595.08251953125,9.114
1887.6071853710018,595.08251953125,9.385
1887.9289895289985,465.70166015625,7.743
1888.2519104579987,724.455078125,8.274
1888.5738192260033,595.0830078125,8.959
1888.899783610992,499.45166015625,9.525
1889.2238730550016,489.6201171875,8.701
1889.5462123960024,1029.7041015625,7.548
1889.8713944819901,482.58837890625,8.726
1890.1972899029934,595.08349609375,9.23
1890.519394033996,595.08349609375,9.641
1890.8424498109962,465.70263671875,7.171
1891.165782844997,746.9560546875,8.313
1891.4877246980031,510.70263671875,9.153
1891.8097983939952,595.083984375,9.463
1892.1334971009928,465.703125,7.288
1892.4566855839948,724.45654296875,8.119
1892.7785593040026,595.08447265625,8.881
1893.1014294719935,595.08447265625,9.447
1893.4228235929913,489.62158203125,8.74
1893.7450371939922,1029.70556640625,7.51
1894.0671836569963,589.4599609375,8.648
1894.389209475994,595.0849609375,9.269
1894.7114005149924,595.0849609375,9.563
1895.0338856759918,465.7041015625,6.937
1895.3578037779953,746.95751953125,8.313
1895.6796536850015,595.08544921875,8.997
1896.002847058,595.08544921875,9.525
1896.3261044329993,465.70458984375,7.471
1896.6480458939914,724.4580078125,7.963
1896.970265091004,595.0859375,8.997
1897.2923688279989,595.0859375,9.385
1897.6170963909972,489.623046875,8.959
1897.9387490410008,1029.70703125,7.782
1898.2613714170002,595.08642578125,8.842
1898.5826381649968,595.08642578125,9.23
1898.9041833529918,595.08642578125,9.602
1899.225242350003,465.70556640625,7.366
1899.5485698339908,746.958984375,8.391
1899.8707766419975,595.0869140625,9.23
1900.1923526140017,595.0869140625,9.447
1900.514061228998,465.7060546875,7.21
1900.8374999149964,724.45947265625,8.119
1901.1594546169945,595.08740234375,8.881
1901.481512682003,595.08740234375,9.447
1901.802922885996,489.62451171875,8.74
1902.125913234995,1029.70849609375,7.51
1902.447811837992,589.462890625,8.648
1902.7695178569993,595.087890625,9.269
1903.0914428919932,595.087890625,9.563
1903.4139227589912,465.70703125,6.976
1903.7367275319993,746.96044921875,8.352
1904.058502735992,595.08837890625,9.036
1904.3822025769914,595.08837890625,9.525
1904.708403808996,465.70751953125,7.432
1905.0307352849923,724.4609375,8.041
1905.3538828509918,595.0888671875,8.959
1905.6762525989907,595.0888671875,9.37
1905.9998516979977,489.6259765625,8.842
1906.3235196949972,1029.7099609375,7.548
1906.6452491980017,589.46435546875,8.61
1906.9678226629912,595.08935546875,9.308
1907.2896552719903,595.08935546875,9.563
1907.6119728560006,465.70849609375,7.054
1907.935658449991,746.9619140625,8.391
1908.259562516003,595.08984375,9.036
1908.581977157999,595.08984375,9.525
1908.9070434349997,465.708984375,7.405
1909.2292359559942,724.46240234375,8.041
1909.5512624239927,595.09033203125,8.92
1909.8735718440003,635.7255859375,9.424
1910.1951638649916,489.62744140625,8.818
1910.5178511849954,1029.71142578125,7.471
1910.8403574730037,589.4658203125,8.585
1911.1625653520023,595.0908203125,9.308
1911.4843463699945,595.0908203125,9.486
1911.8054628849932,465.7099609375,7.21
1912.1288581599947,746.96337890625,8.43
1912.4507410669903,595.09130859375,9.075
1912.772854765004,595.09130859375,9.563
1913.0969862219936,465.71044921875,7.405
1913.4196789129928,724.4638671875,8.08
1913.741479734992,595.091796875,8.92
1914.0639920359972,626.72705078125,9.447
1914.3863090660016,489.62890625,8.818
1914.709874166001,1029.712890625,7.51
1915.0315185340005,589.46728515625,8.663
1915.353385947994,595.09228515625,9.308
1915.6752416169911,595.09228515625,9.563
1915.9994186069962,465.71142578125,7.093
1916.3222973480006,746.96484375,8.391
1916.6441987129947,595.0927734375,9.075
1916.9663324049907,595.0927734375,9.563
1917.2919893450016,465.7119140625,7.444
1917.6157706399972,724.46533203125,8.041
1917.9379515320034,595.09326171875,8.959
1918.2597096270038,595.09326171875,9.385
1918.583176382992,489.63037109375,8.842
1918.909745957004,1029.71435546875,7.51
1919.232624821001,589.46875,8.61
1919.5543491199933,595.09375,9.308
1919.8760211929912,595.09375,9.525
1920.2003451899946,465.712890625,7.054
1920.5226163859916,746.96630859375,8.391
1920.8450386890036,595.09423828125,9.036
1921.169728904002,499.8203125,9.525
1921.4990255689918,465.71337890625,7.405
1921.8239149889996,724.466796875,8.08
1922.1461948859942,595.0947265625,8.92
1922.4707962009998,621.10498046875,9.408
1922.7931542750011,489.6318359375,8.803
1923.1160917919915,1029.7158203125,7.782
1923.4379660739942,595.09521484375,8.803
1923.7592218079953,595.09521484375,9.23
1924.0823039359966,595.09521484375,9.641
1924.406617910994,465.71435546875,7.171
1924.7298882670002,746.9677734375,8.313
1925.0529063909926,499.82177734375,9.191
1925.3746513549995,595.095703125,9.447
1925.6983457869937,465.71484375,7.249
1926.0220423959981,724.46826171875,8.08
1926.3434492349916,595.09619140625,8.92
1926.6654137559963,595.09619140625,9.502
1926.9875477530004,489.63330078125,8.779
1927.309533009,1029.71728515625,7.626
1927.6313328190008,595.0966796875,8.803
1927.9544805749902,595.0966796875,9.269
1928.2780531119934,595.0966796875,9.718
1928.6009985249984,465.7158203125,7.132
1928.9227669719985,746.96923828125,8.352
1929.2445376910036,595.09716796875,9.075
1929.5681876689923,595.09716796875,9.463
1929.892844557995,465.71630859375,7.327
1930.2149323409976,724.4697265625,8.08
1930.5365376449918,595.09765625,8.92
1930.8585860969906,499.48876953125,9.463
1931.1803451329906,489.634765625,8.818
1931.503592535999,1029.71875,7.471
1931.8261176739907,589.47314453125,8.624
1932.1488371540036,595.09814453125,9.308
1932.4712205599935,595.09814453125,9.563
1932.7936855669977,465.71728515625,7.276
1933.1160015139903,746.970703125,8.391
1933.4395261699974,716.73388671875,9.191
1933.7606627819914,595.0986328125,9.447
1934.0840926179953,465.7177734375,7.327
1934.4066433539992,724.47119140625,8.041
1934.7298799989949,595.09912109375,8.92
1935.0520502739964,505.2744140625,9.486
1935.3748098479991,489.63623046875,8.779
1935.6968903259985,1029.72021484375,7.665
1936.0189804690017,595.099609375,8.803
1936.3405796849984,595.099609375,9.23
1936.6632849180023,595.099609375,9.68
1936.9880764249974,465.71875,7.21
1937.3123175149958,746.97216796875,8.352
1937.6349172399932,595.10009765625,9.23
1937.9563353260019,595.10009765625,9.447
1938.27875059699,465.701171875,7.249
1938.6007185880007,724.45458984375,7.782
1938.9223262790038,595.08251953125,8.765
1939.244432994994,595.08251953125,9.424
1939.5670469250035,595.08251953125,9.269
1939.8909678089985,510.701171875,7.548
1940.2147875359951,589.45751953125,8.624
1940.5394780439965,595.08251953125,9.153
1940.8625474419969,595.08251953125,9.602
1941.184302335998,465.70166015625,6.976
1941.5063537179958,724.455078125,8.119
1941.8290638399922,595.0830078125,8.997
1942.1505204819987,595.0830078125,9.408
1942.4731277849933,465.7021484375,7.938
1942.7949455569906,1029.7041015625,7.782
1943.1163744209916,533.2021484375,8.765
1943.4381217909977,595.08349609375,9.23
1943.7604823639995,595.08349609375,9.718
1944.0838788730034,465.70263671875,7.288
1944.4061146729946,746.9560546875,8.468
1944.727876664998,595.083984375,9.036
1945.04925941299,488.22509765625,9.486
1945.370588974998,465.703125,7.054
1945.6929450640018,724.45654296875,8.08
1946.0140592579992,595.08447265625,8.842
1946.3359962940012,595.08447265625,9.408
1946.6574561619927,489.62158203125,8.701
1946.9815760499914,1029.70556640625,7.432
1947.3035747819958,589.4599609375,8.585
1947.625720141994,595.0849609375,9.269
1947.9498889259994,595.0849609375,9.447
1948.2727131229913,465.7041015625,6.937
1948.5974150109978,746.95751953125,8.313
1948.9220898579952,595.08544921875,8.997
1949.2437120309914,488.2041015625,9.463
1949.5654483519902,465.70458984375,7.548
1949.8878450449993,724.4580078125,7.924
1950.2100338599994,595.0859375,8.842
1950.5321163659974,595.0859375,9.346
1950.8540162739955,595.0859375,9.269
1951.1782151349908,1029.70703125,7.51
1951.5026066409919,589.46142578125,8.663
1951.826184903999,595.08642578125,9.153
1952.1502748639905,595.08642578125,9.563
1952.4756782409968,465.70556640625,7.054
1952.7974666869995,729.7734375,8.274
1953.1199731389934,595.0869140625,9.114
1953.441327587003,595.0869140625,9.37
1953.762914616993,465.7060546875,7.743
1954.0878776890022,724.45947265625,8.002
1954.4120126069902,595.08740234375,8.881
1954.7344031809916,595.08740234375,9.346
1955.0583468599943,595.08740234375,9.191
1955.3799028799986,555.70654296875,7.471
1955.7019890910015,589.462890625,8.585
1956.0259560010018,595.087890625,9.153
1956.3479334720032,476.95849609375,9.525
1956.6695053619915,465.70703125,7.093
1956.9943213219958,724.46044921875,8.119
1957.318619600992,595.0888671875,8.997
1957.6449657519988,595.08837890625,9.37
1957.9699019379914,465.70751953125,7.821
1958.2935857010016,724.4609375,8.002
1958.6189879809972,595.0888671875,8.959
1958.9450334809953,595.0888671875,9.308
1959.2696768239985,482.58251953125,9.114
1959.5939949089952,1029.7099609375,7.548
1959.9169888869947,589.46435546875,8.571
1960.2396551429993,476.9580078125,9.269
1960.563274835993,595.08935546875,9.447
1960.8845428060013,465.70849609375,7.054
1961.2079214669939,758.21142578125,8.313
1961.5292869120021,595.08984375,9.036
1961.8523560579924,595.08984375,9.408
1962.173927715994,465.708984375,7.626
1962.495797112002,724.46240234375,7.963
1962.8195877510007,595.0908203125,8.881
1963.1407897320023,595.09033203125,9.346
1963.4624098069908,595.09033203125,9.23
1963.7856071459973,1029.71142578125,7.51
1964.1071695209976,589.4658203125,8.648
1964.4282472409977,595.0908203125,9.153
1964.7500974319992,595.0908203125,9.602
1965.0734440230008,465.7099609375,7.054
1965.396385,724.46337890625,8.196
1965.7192143889988,595.09130859375,9.153
1966.0411353009986,595.09130859375,9.408
1966.367036850992,465.71044921875,7.704
1966.6895914460038,724.4638671875,7.963
1967.014029811995,595.091796875,8.881
1967.3388897269906,595.091796875,9.424
1967.6613263649924,595.091796875,9.269
1967.984626229998,1029.712890625,7.548
1968.3064009590016,589.46728515625,8.663
1968.6308148739918,595.09228515625,9.269
1968.9527040050016,595.09228515625,9.563
1969.2773867279902,465.71142578125,7.015
1969.5991274699918,724.46484375,8.235
1969.9217382549978,595.0927734375,9.153
1970.2434997319942,595.0927734375,9.408
1970.5654285749915,465.7119140625,7.665
1970.8892559399974,724.46533203125,7.924
1971.2121625729924,595.09326171875,8.881
1971.5363934380002,595.09326171875,9.385
1971.8593568709912,595.09375,9.191
1972.1815954490012,1029.71435546875,7.548
1972.5035589469917,589.46875,8.663
1972.8255881410005,595.09375,9.23
1973.1478338860034,595.09375,9.602
1973.4727312339965,465.712890625,7.093
1973.795715817003,510.712890625,8.313
1974.1210060729936,595.09423828125,9.075
1974.442916510001,595.0947265625,9.463
1974.7646968289919,465.71337890625,7.626
1975.0869600119913,724.466796875,7.963
1975.4087571319978,595.0947265625,8.842
1975.7300110340002,595.0947265625,9.385
1976.0525259669957,595.0947265625,9.23
1976.3741966499947,1029.7158203125,7.548
1976.695891780997,589.47021484375,8.648
1977.0192236669973,595.09521484375,9.191
1977.3410554089933,595.09521484375,9.563
1977.6651284059917,465.71435546875,7.054
1977.9871633529983,724.4677734375,8.158
1978.3092364780023,595.095703125,9.075
1978.631189214997,595.095703125,9.346
1978.9526772959944,465.71484375,7.821
1979.2772135370033,724.46826171875,8.002
1979.598680657,595.09619140625,8.881
1979.9233390129957,595.09619140625,9.424
1980.2458830620017,595.09619140625,9.269
1980.5698504509928,1029.71728515625,7.51
1980.8947533890023,589.4716796875,8.663
1981.219016627001,595.0966796875,9.191
1981.543756264,595.0966796875,9.563
1981.869875399003,465.7158203125,7.015
1982.1950958499947,724.46923828125,8.235
1982.5174621299957,595.09716796875,9.075
1982.8412499269907,595.09716796875,9.408
1983.1653477490036,465.71630859375,7.665
1983.4889628039964,533.21630859375,7.938
1983.810772072,595.09765625,8.726
1984.1320842379937,499.64794921875,9.346
1984.4548072949983,595.09765625,9.486
1984.7764742220024,1029.71875,7.665
1985.0991569570033,589.47314453125,8.726
1985.4207126480032,595.09814453125,9.191
1985.7431586390012,595.09814453125,9.602
1986.0671151089919,465.71728515625,7.054
1986.389260608994,724.470703125,8.158
1986.711527744992,510.71728515625,9.075
1987.033396468003,595.0986328125,9.385
1987.3592173469951,465.7177734375,7.821
1987.6817347609904,724.47119140625,8.002
1988.0040581850044,595.09912109375,8.803
1988.3273887760006,595.09912109375,9.408
1988.653018351004,595.09912109375,9.308
1988.9757884440041,1029.72021484375,7.548
1989.2980190630042,589.474609375,8.663
1989.620395222999,595.099609375,9.114
1989.9446624809934,476.97021484375,9.525
1990.2661648850044,465.71875,7.015
1990.5892656740034,724.47216796875,8.08
1990.911699624994,595.10009765625,8.997
1991.23485199899,595.10009765625,9.408
1991.5576636579935,465.71923828125,7.899
1991.8795858480007,724.47265625,8.119
1992.2015116859984,595.1005859375,8.842
1992.5262716290017,595.1005859375,9.385
1992.8483327339927,595.1005859375,9.385
1993.1716706150037,465.7197265625,7.21
1993.4942166959954,752.28759765625,8.391
1993.815448716996,595.10107421875,9.036
1994.139047949997,595.10107421875,9.447
1994.4623117470037,465.72021484375,6.898
1994.7847919030028,724.4736328125,8.002
1995.1063061079913,595.1015625,8.803
1995.4279424940032,595.1015625,9.385
1995.749763490996,489.638671875,8.701
1996.0720320550026,1029.72265625,7.327
1996.3936013649945,589.47705078125,8.546
1996.715622720003,595.10205078125,9.114
1997.037344256998,595.10205078125,9.602
1997.359793465992,465.72119140625,7.093
1997.6828729650006,724.474609375,8.158
1998.0054568640044,621.11279296875,9.075
1998.3274495450023,595.1025390625,9.424
1998.650058596002,465.7216796875,7.86
1998.972585659998,1029.7236328125,7.938
1999.2943335000018,595.10302734375,8.803
1999.617315905998,595.10302734375,9.269
1999.9397220050014,595.10302734375,9.68
2000.2617614359915,984.72412109375,7.393
2000.5868049940036,494.02880859375,8.391
2000.9088923939998,626.73876953125,9.153
2001.2306514630036,595.103515625,9.408
2001.5538367529953,465.72265625,6.82
2001.8761999359995,724.47607421875,8.119
2002.1975468309975,595.10400390625,8.997
2002.5187521859916,595.10400390625,9.308
2002.8410379260022,494.8623046875,8.43
2003.163301551991,1029.72509765625,7.51
2003.4858217629953,595.1044921875,8.726
2003.8096756150044,595.1044921875,9.191
2004.1329438480025,595.1044921875,9.602
2004.457800706994,465.7236328125,7.132
2004.7819514309958,746.97705078125,8.274
2005.1051759169932,493.8486328125,9.114
2005.427618362999,595.10498046875,9.37
2005.7509984689968,465.72412109375,7.288
2006.0735697179916,724.4775390625,8.002
2006.3954975550005,595.10546875,8.842
2006.7177895299974,595.10546875,9.346
2007.0432134750008,489.642578125,8.842
2007.3663409319997,1029.7265625,7.51
2007.68885188899,589.48095703125,8.571
2008.0119354069902,595.10595703125,9.269
2008.3340491029958,595.10595703125,9.447
2008.6559687440022,465.72509765625,6.859
2008.979968738,724.478515625,8.119
2009.3062174740044,595.1064453125,9.075
2009.6303645759908,595.1064453125,9.331
2009.9560476619954,465.701171875,7.626
2010.2792940630025,1029.703125,7.276
2010.6029135629942,595.08251953125,8.546
2010.9258702569932,599.5322265625,9.269
2011.2486397780012,595.08251953125,9.641
2011.571673434999,465.701171875,7.171
2011.8935917280032,746.95458984375,8.313
2012.2172951009998,595.08251953125,9.191
2012.5395677719935,595.08251953125,9.408
2012.8614096450037,465.70166015625,7.171
2013.1851839629962,724.455078125,8.196
2013.5075348440005,595.0830078125,8.959
2013.830823066004,595.0830078125,9.424
2014.1533036140027,489.6201171875,8.546
2014.4769014449994,1029.7041015625,7.626
2014.8022500499937,595.08349609375,8.726
2015.1246460819966,595.08349609375,9.346
2015.4482659280038,595.08349609375,9.68
2015.7694293770037,465.70263671875,7.21
2016.0950857979915,746.9560546875,8.352
2016.4171513219917,595.083984375,9.191
2016.7393662270042,595.083984375,9.408
2017.0610405059997,465.703125,7.171
2017.3846231009957,724.45654296875,8.119
2017.7077181589993,595.08447265625,8.92
2018.0299069489993,595.08447265625,9.463
2018.3521078679914,489.62158203125,8.546
2018.675192908995,1029.70556640625,7.548
2018.9976625389972,595.0849609375,8.726
2019.3209928989963,595.0849609375,9.191
2019.6434223029937,595.0849609375,9.641
2019.967336681002,465.7041015625,7.21
2020.2899457689928,746.95751953125,8.313
2020.612582474001,595.08544921875,9.191
2020.9342833089904,595.08544921875,9.463
2021.256896300998,465.70458984375,7.249
2021.580360647,724.4580078125,8.041
2021.902149771995,595.0859375,8.881
2022.224373406003,499.63623046875,9.447
2022.5459341069945,489.623046875,8.74
2022.8677383989998,1029.70703125,7.548
2023.1909877599974,593.9111328125,8.687
2023.5156756939978,595.08642578125,9.23
2023.838519633995,494.1875,9.602
2024.162290193999,465.70556640625,7.132
2024.4844550400012,746.958984375,8.313
2024.8070973400027,595.0869140625,9.114
2025.131930620002,595.0869140625,9.463
2025.4556194489996,465.7060546875,7.288
2025.78220414299,724.45947265625,8.08
2026.107097264001,595.08740234375,8.881
2026.429353597996,595.08740234375,9.447
2026.7508196349954,489.62451171875,8.74
2027.0739570839942,1029.70849609375,7.471
2027.3984069580038,589.462890625,8.61
2027.720354545003,595.087890625,9.269
2028.0418374759902,595.087890625,9.563
2028.363510686002,465.70703125,7.093
2028.6867510479933,746.96044921875,8.391
2029.008520835996,595.08837890625,9.036
2029.3306506029912,595.08837890625,9.525
2029.657267645991,465.70751953125,7.405
2029.9795267599984,724.4609375,8.002
2030.302628267993,595.0888671875,8.959
2030.6247260319942,595.0888671875,9.385
2030.9484118769906,489.6259765625,8.857
2031.2736611309956,1029.7099609375,7.471
2031.595756013994,589.46435546875,8.546
2031.9191563780041,595.08935546875,9.269
2032.2404815399932,595.08935546875,9.447
2032.5639182879968,465.70849609375,6.976
2032.8865407690027,746.90478515625,8.235
2033.2081313149974,595.08984375,9.036
2033.5298993049946,595.08984375,9.408
2033.851673311001,465.708984375,7.626
2034.1766337209992,724.46240234375,7.963
2034.4997545529914,611.96484375,8.997
2034.8221529930015,595.09033203125,9.346
2035.1444492860028,500.876953125,9.075
2035.4671485360013,1029.71142578125,7.471
2035.7888829860021,589.4658203125,8.585
2036.1107256319956,595.0908203125,9.23
2036.432668952999,595.0908203125,9.563
2036.7567108020012,465.7099609375,7.093
2037.078989843998,724.46337890625,8.274
2037.401454107996,595.09130859375,9.114
2037.7233503860043,595.09130859375,9.346
2038.0481684499973,465.71044921875,7.704
2038.3721728249948,724.4638671875,7.963
2038.6946970249992,595.091796875,8.803
2039.019667253,595.091796875,9.385
2039.341700812991,595.091796875,9.385
2039.6648325830029,984.712890625,7.471
2039.9864112799987,589.46728515625,8.468
2040.3089938159974,595.09228515625,9.191
2040.6311286889977,595.09228515625,9.408
2040.9530033299961,465.71142578125,6.937
2041.2755426319927,724.46484375,8.08
2041.598335253002,595.0927734375,8.92
2041.9221238729951,626.72802734375,9.408
2042.2446972859907,500.19482421875,8.093
2042.5673522379948,1029.7138671875,7.782
2042.890808429991,599.54296875,8.803
2043.2151834349934,595.09326171875,9.269
2043.542875471001,621.103515625,9.757
2043.863948995,984.71435546875,7.471
2044.1858950589958,488.56982421875,8.43
2044.5081338669988,595.09375,9.114
2044.83265655399,595.09375,9.447
2045.1571187910013,465.712890625,6.859
2045.4799835070007,724.46630859375,8.119
2045.8040509139973,595.09423828125,8.997
2046.1254904959933,595.09423828125,9.308
2046.4481300509942,492.44384765625,8.274
2046.7722436990007,1029.71533203125,7.743
2047.094716142994,595.0947265625,8.726
2047.4180745359918,595.0947265625,9.308
2047.7397479139909,595.0947265625,9.68
2048.0645826719992,465.7138671875,7.21
2048.386861733001,746.96728515625,8.43
2048.709519045995,595.09521484375,9.075
2049.032238023996,595.09521484375,9.447
2049.3549057999917,465.71435546875,7.054
2049.679410080993,724.4677734375,8.119
2050.0018561859906,595.095703125,8.881
2050.32462620399,595.095703125,9.463
2050.6472789059917,489.6328125,8.663
2050.9696465430025,1029.716796875,7.548
2051.2923472139955,476.966796875,8.726
2051.6144130169996,595.09619140625,9.191
2051.936702826002,696.34619140625,9.525
2052.2584754349955,465.71533203125,6.976
2052.5807901730004,746.96875,8.352
2052.9025457879907,595.0966796875,8.997
2053.2253712609963,510.71533203125,9.447
2053.546857940004,465.7158203125,7.548
2053.8694867970044,724.46923828125,7.886
2054.1934518889902,595.09716796875,8.842
2054.516764190994,595.09716796875,9.308
2054.8396742729965,595.09716796875,9.191
2055.1624077720044,1029.71826171875,7.51
2055.485213562002,589.47265625,8.663
2055.8070705209975,595.09765625,9.153
2056.1299198310007,595.09765625,9.602
2056.4540689900023,465.716796875,7.054
2056.7761348829954,724.47021484375,8.158
2057.098832923002,499.47802734375,9.075
2057.421251530992,595.09814453125,9.385
2057.7432647489914,465.71728515625,7.86
2058.0688242530014,724.470703125,8.041
2058.391550581,595.0986328125,8.881
2058.713504788,595.0986328125,9.385
2059.0361650330015,595.0986328125,9.308
2059.3584598909947,1029.7197265625,7.548
2059.6805649809976,589.47412109375,8.61
2060.0029294720007,595.09912109375,9.153
2060.328903899004,595.09912109375,9.563
2060.6502238760004,465.71826171875,7.054
2060.9750075129996,724.4716796875,8.158
2061.299922609993,617.59912109375,9.153
2061.6254952309973,595.099609375,9.424
2061.9491516639973,465.71875,7.704
2062.2741219290037,724.47216796875,8.002
2062.5979975039954,595.10009765625,9.036
2062.92195474499,595.10009765625,9.346
2063.245310910992,489.63720703125,8.997
2063.5689208129916,1029.72119140625,7.51
2063.891964423994,589.4755859375,8.571
2064.216722872996,611.97509765625,9.346
2064.538120416997,595.1005859375,9.525
2064.8595038149942,465.7197265625,7.21
2065.1856413139903,746.97314453125,8.468
2065.509143657997,595.10107421875,9.075
2065.832936314997,595.10107421875,9.486
2066.158121429995,465.72021484375,7.366
2066.4838032019907,724.4736328125,7.821
2066.8058457860025,595.1015625,8.765
2067.1281796760013,595.1015625,9.424
2067.4535767969937,595.1015625,9.23
2067.7743539660005,984.72265625,7.51
2068.095983544001,589.47705078125,8.507
2068.4178289379925,595.10205078125,9.153
2068.7389791089954,595.10205078125,9.486
2069.0608262290043,465.72119140625,6.976
2069.384126131001,724.474609375,8.08
2069.7065550609987,595.1025390625,8.92
2070.028747631004,595.1025390625,9.447
2070.353913316998,465.74072265625,8.054
2070.6769684419996,1029.7236328125,7.899
2070.99941970699,595.10302734375,8.881
2071.3215068319987,595.10302734375,9.23
2071.643420191991,595.10302734375,9.757
2071.967383598996,465.72216796875,7.327
2072.290604006994,746.9755859375,8.468
2072.6125509989943,595.103515625,9.075
2072.9373780479946,595.103515625,9.563
2073.2623975189927,465.72265625,6.976
2073.585239064996,724.47607421875,8.158
2073.908982975001,595.10400390625,9.036
2074.2322632229916,595.10400390625,9.385
2074.5535368479905,492.45361328125,8.274
2074.8760613589984,1029.72509765625,7.821
2075.201055931,595.1044921875,8.803
2075.523283151997,595.1044921875,9.269
2075.8448995060025,595.1044921875,9.68
2076.168181799003,465.701171875,6.742
2076.4940812620043,746.95458984375,8.196
2076.819350976002,595.08251953125,9.075
2077.143523824998,595.08251953125,9.385
2077.4699321980006,465.701171875,7.249
2077.791867248001,724.45458984375,8.08
2078.1138638669945,595.08251953125,8.881
2078.435993193998,493.83203125,9.408
2078.7579409789905,489.61962890625,8.779
2079.079966270001,1029.70361328125,7.587
2079.402331188001,510.70166015625,8.687
2079.7241393509903,595.0830078125,9.191
2080.046028668992,696.3330078125,9.525
2080.370230058994,465.7021484375,7.21
2080.693043117004,746.95556640625,8.352
2081.018018642004,599.533203125,9.153
2081.339471913001,595.08349609375,9.424
2081.6634827669914,465.70263671875,7.288
2081.9862685260014,724.4560546875,8.002
2082.3076138250035,595.083984375,8.881
2082.631070869,595.083984375,9.346
2082.9554878140043,489.62109375,8.818
2083.2801995530026,1029.705078125,7.432
2083.6036462269985,589.45947265625,8.585
2083.9281001649942,595.08447265625,9.269
2084.2495072549937,595.08447265625,9.447
2084.572567069001,465.70361328125,7.015
2084.897149520999,746.95703125,8.352
2085.2215355189983,595.0849609375,8.959
2085.5436555579945,499.45361328125,9.447
2085.8651510339987,465.7041015625,7.51
2086.187603786995,724.45751953125,7.963
2086.5095357870014,595.08544921875,8.959
2086.8321135029983,595.08544921875,9.308
2087.1570386520034,516.3291015625,9.036
2087.4806428309967,1029.70654296875,7.51
2087.804892182001,589.4609375,8.546
2088.1268226440006,595.0859375,9.23
2088.447757971997,595.0859375,9.525
2088.771524522992,465.705078125,7.015
2089.094041945995,724.45849609375,8.196
2089.4165055439953,595.08642578125,9.153
2089.7381449879904,595.08642578125,9.463
2090.0595666650042,465.70556640625,7.743
2090.381500036994,724.458984375,8.041
2090.703406624001,595.0869140625,9.075
2091.0263269699935,595.0869140625,9.346
2091.348090960004,489.6240234375,9.075
2091.670703743992,1029.7080078125,7.51
2091.9932663819927,589.46240234375,8.546
2092.314773595004,615.47265625,9.191
2092.6357698479987,595.08740234375,9.525
2092.960071674999,465.70654296875,7.015
2093.284160087991,724.4599609375,8.235
2093.6060211339936,595.087890625,9.075
2093.9273315710016,595.087890625,9.331
2094.249122055,465.70703125,7.743
2094.571197058991,724.46044921875,7.963
2094.893197500991,595.08837890625,8.842
2095.215471518997,595.08837890625,9.385
2095.536828836004,595.08837890625,9.346
2095.8581212220015,1012.3046875,7.548
2096.179667503995,589.4638671875,8.585
2096.5010400850006,595.0888671875,9.153
2096.8225600290025,595.0888671875,9.486
2097.1457085360016,465.7080078125,6.976
2097.4679033819993,724.46142578125,8.08
2097.7922534289974,595.08935546875,8.92
2098.1183134169987,595.08935546875,9.447
2098.440871504994,465.70849609375,7.976
2098.763496282001,1029.71044921875,7.924
2099.08612102599,595.08984375,8.881
2099.40882430099,595.08984375,9.269
2099.7321482029947,595.08984375,9.68
2100.0546871199913,984.7109375,7.432
2100.3792012979975,589.46533203125,8.391
2100.7041966099932,516.333984375,9.191
2101.029104528003,595.09033203125,9.408
2101.35347546899,465.70947265625,6.937
2101.6762265180005,724.462890625,8.08
2102.000655828,595.0908203125,8.92
2102.323132820995,599.4052734375,9.331
2102.6454543199943,492.4404296875,8.158
2102.9676938649936,1029.7119140625,7.782
2103.2896920259955,595.09130859375,8.765
2103.611943825992,595.09130859375,9.346
2103.936127686,595.09130859375,9.718
2104.2596899909986,465.71044921875,7.327
2104.5827777520026,746.9638671875,8.468
2104.9046610590012,595.091796875,9.075
2105.229873461998,499.46044921875,9.563
2105.5516977590014,465.7109375,7.015
2105.87416965999,724.46435546875,8.158
2106.1970926789945,635.7275390625,8.997
2106.51895899199,595.09228515625,9.385
2106.8411433309957,497.9443359375,8.468
2107.163810340993,1029.71337890625,7.704
2107.4870068710006,595.0927734375,8.726
2107.808567412998,621.10302734375,9.385
2108.13060070599,595.0927734375,9.718
2108.4525067310024,465.7119140625,7.21
2108.7752534210013,746.96533203125,8.313
2109.0978556909977,595.09326171875,9.191
2109.4205167140026,595.09326171875,9.447
2109.7422304749925,465.71240234375,7.132
2110.064698403992,724.4658203125,8.158
2110.387080569999,595.09375,8.92
2110.711110434,595.09375,9.463
2111.035778206002,489.630859375,8.546
2111.3579621239915,1029.71484375,7.51
2111.680669385998,621.1044921875,8.701
2112.0022358449933,595.09423828125,9.191
2112.3303924920037,595.09423828125,9.563
2112.6562429869955,465.71337890625,7.093
2112.978297138994,746.966796875,8.313
2113.3004608949996,595.0947265625,9.075
2113.624083128001,595.0947265625,9.408
2113.9503621780023,465.7138671875,7.288
2114.2740586209984,724.46728515625,8.002
2114.5984725570015,595.09521484375,8.881
2114.920644151003,499.6455078125,9.447
2115.2425896589993,489.63232421875,8.779
2115.5658168049995,1029.71630859375,7.471
2115.8877813839936,589.470703125,8.61
2116.2098157889995,595.095703125,9.308
2116.531829297004,595.095703125,9.563
2116.8542658249935,465.71484375,7.015
2117.1764331619925,746.96826171875,8.313
2117.4996629939997,595.09619140625,8.997
2117.821691124991,510.720703125,9.486
2118.143441647,465.71533203125,7.51
2118.4661089979927,724.46875,7.963
2118.790090084003,595.0966796875,8.959
2119.1121061820013,595.0966796875,9.346
2119.43703072099,489.6337890625,8.959
2119.7621715860005,1029.7177734375,7.432
2120.085964633996,589.47216796875,8.532
2120.409061628001,595.09716796875,9.308
2120.730939382993,595.09716796875,9.486
2121.052933685991,465.71630859375,7.054
2121.3756800440024,746.9697265625,8.352
2121.6979777149973,595.09765625,9.036
2122.0201948719914,494.02294921875,9.525
2122.342566496998,465.716796875,7.51
2122.6651251680014,724.47021484375,7.924
2122.987005096991,595.09814453125,8.92
2123.3081890049943,595.09814453125,9.269
2123.6304118879925,599.41259765625,9.153
2123.951636147991,1029.71923828125,7.471
2124.272889240994,589.4736328125,8.624
2124.5944386939955,595.0986328125,9.114
2124.9163029409974,595.0986328125,9.563
2125.238218229002,465.7177734375,6.976
2125.5601866709912,724.47119140625,8.119
2125.882009698995,595.09912109375,8.997
2126.2057307389914,595.09912109375,9.408
2126.531103029003,465.71826171875,7.899
2126.855517528995,724.4716796875,8.041
2127.179452782002,595.099609375,8.842
2127.5018889799976,595.099609375,9.385
2127.8233785560005,595.099609375,9.308
2128.146516023,1029.720703125,7.548
2128.468045728994,589.47509765625,8.648
2128.7919071529905,595.10009765625,9.153
2129.116025386,595.10009765625,9.602
2129.440580112001,465.71923828125,7.093
2129.7640180029994,758.16552734375,8.274
2130.0870811299974,595.1005859375,9.075
2130.4091552979953,595.1005859375,9.37
2130.7308100609953,465.7197265625,7.665
2131.0537040609925,724.47314453125,8.041
2131.3764357530017,595.10107421875,8.997
2131.6995664959977,595.10107421875,9.308
2132.022453807993,482.5947265625,9.036
2132.34597710699,1029.72216796875,7.471
2132.668714141997,589.4765625,8.546
2132.9921434849966,595.1015625,9.23
2133.3137168669928,595.1015625,9.486
2133.637521069002,465.720703125,7.093
2133.9601593789994,758.1669921875,8.274
2134.282017696998,595.10205078125,9.075
2134.604223481001,595.10205078125,9.346
2134.9262358190026,465.701171875,7.665
2135.2502008890006,1029.703125,7.743
2135.5746125959995,595.08251953125,8.803
2135.8984040600044,595.08251953125,9.191
2136.2201608049945,595.08251953125,9.718
2136.540855179992,465.701171875,7.405
2136.8632431119913,748.0224609375,8.507
2137.1850833139906,595.08251953125,9.075
2137.5081820189953,595.08251953125,9.525
2137.8321704150003,465.70166015625,7.171
2138.154287329002,724.455078125,8.196
2138.4799211189966,595.0830078125,8.997
2138.80288961099,626.71826171875,9.408
2139.1247614919994,492.4326171875,8.119
2139.4480310490035,1029.7041015625,7.963
2139.7711423919973,595.08349609375,8.881
2140.0931585319922,595.08349609375,9.308
2140.4182053589902,595.08349609375,9.68
2140.7402057869913,984.70458984375,7.471
2141.0637585499935,589.458984375,8.468
2141.386444695003,499.81005859375,9.23
2141.7087675319926,595.083984375,9.447
2142.0338910309947,465.703125,7.015
2142.3558085429977,724.45654296875,8.119
2142.6772908720013,595.08447265625,8.92
2142.9993775409966,599.5341796875,9.408
2143.320388303997,492.43408203125,8.196
2143.6426054070034,1029.70556640625,7.886
2143.9647005549923,476.95556640625,8.881
2144.2870694070007,595.0849609375,9.269
2144.6088533759903,655.97021484375,9.718
2144.931589726999,465.7041015625,7.249
2145.253322206001,746.95751953125,8.43
2145.5755388919933,595.08544921875,9.036
2145.8971679109964,615.470703125,9.408
2146.2194644389965,465.70458984375,7.054
2146.5427300209994,724.4580078125,8.196
2146.865196696992,595.22119140625,8.997
2147.187562313993,595.0859375,9.385
2147.5092855429975,489.623046875,8.507
2147.8326235409913,1029.70703125,7.743
2148.1555041809916,595.08642578125,8.726
2148.4801797249966,615.4716796875,9.308
2148.8026120939903,595.08642578125,9.641
2149.1247941509937,465.70556640625,7.587
2149.4467109209945,746.958984375,8.585
2149.7682240919967,595.0869140625,9.114
2150.0925796880038,595.0869140625,9.563
2150.417007062002,465.7060546875,6.937
2150.7394240369904,724.45947265625,8.158
2151.0618527879997,595.08740234375,8.92
2151.3840748130024,595.08740234375,9.385
2151.706072318004,489.62451171875,8.546
2152.027855384993,1029.70849609375,7.548
2152.3505529429967,595.087890625,8.726
2152.6719962869975,595.087890625,9.191
2152.993560432995,493.83154296875,9.525
2153.3191976020025,465.70703125,7.054
2153.641689936994,746.96044921875,8.313
2153.9637647859927,595.08837890625,8.997
2154.2873726749967,595.08837890625,9.486
2154.6129917619983,465.70751953125,7.405
2154.9350613299903,724.4609375,7.924
2155.2577084840013,595.0888671875,8.959
2155.5801767209923,595.0888671875,9.308
2155.9064681149903,489.6259765625,8.959
2156.230434604993,1029.7099609375,7.432
2156.554434631995,589.46435546875,8.546
2156.878635784,595.08935546875,9.308
2157.200154709004,595.08935546875,9.486
2157.5229656750016,465.70849609375,6.976
2157.8465438949934,566.95849609375,8.274
2158.170459150002,595.08984375,8.997
2158.493755536998,595.08984375,9.37
2158.816875117991,465.708984375,7.626
2159.140241107001,724.46240234375,8.002
2159.464640088001,595.09033203125,8.997
2159.7863840089994,595.09033203125,9.308
2160.1090196389996,489.62744140625,9.036
2160.4314646379935,1029.71142578125,7.471
2160.7559921649954,589.4658203125,8.571
2161.0779497559997,595.0908203125,9.23
2161.3997199820005,595.0908203125,9.525
2161.723910472996,465.7099609375,6.937
2162.0465446290036,724.46337890625,8.08
2162.372237054995,626.7265625,9.036
2162.694748613998,595.09130859375,9.346
2163.0182919479994,465.71044921875,7.782
2163.3426254509977,724.4638671875,8.002
2163.6668408699916,595.091796875,8.92
2163.988726807991,595.091796875,9.346
2164.312701386996,595.091796875,9.191
2164.6357482250023,1029.712890625,7.51
2164.959824726,589.46728515625,8.663
2165.2823167939932,595.09228515625,9.153
2165.605242987993,595.09228515625,9.602
2165.9270795149932,465.71142578125,6.898
2166.249644447991,724.46484375,8.002
2166.571214470998,595.0927734375,8.959
2166.8934315209917,595.0927734375,9.486
2167.214740062991,465.7119140625,8.015
2167.5381520289957,1029.7138671875,7.924
2167.8604932419985,595.09326171875,8.881
2168.186204767,595.09326171875,9.346
2168.5105645379954,595.09326171875,9.579
2168.833321026992,984.71435546875,7.587
2169.156495960997,589.46875,8.585
2169.478434919991,595.09375,9.23
2169.803892611002,595.09375,9.563
2170.126743533998,465.712890625,7.054
2170.4489491569984,724.46630859375,8.119
2170.7715510790003,595.09423828125,9.036
2171.0932355330006,595.09423828125,9.463
2171.4177244579914,465.71337890625,7.938
2171.7394925929984,533.21337890625,8.08
2172.061106355992,595.0947265625,8.842
2172.3830797139963,595.0947265625,9.463
2172.7055189419916,595.0947265625,9.463
2173.0285690360033,984.7158203125,7.587
2173.3505467450013,589.47021484375,8.585
2173.6731845059985,595.09521484375,9.191
2173.9970809929946,599.40966796875,9.563
2174.321486168992,465.71435546875,7.054
2174.6438966580026,724.4677734375,8.158
2174.966894269004,595.095703125,9.036
2175.2893089169957,595.095703125,9.424
2175.612411907001,465.71484375,7.899
2175.9342261519923,1029.716796875,8.002
2176.2559357869904,595.09619140625,8.803
2176.5771696619922,595.09619140625,9.269
2176.8986827129993,595.09619140625,9.68
2177.221073166991,984.71728515625,7.587
2177.5423774439987,589.4716796875,8.468
2177.864989599999,595.0966796875,9.269
2178.186697376994,595.0966796875,9.447
2178.5090735569975,465.7158203125,6.976
2178.8326871519967,724.46923828125,8.119
2179.154992865995,595.09716796875,8.92
2179.4797402870026,488.2158203125,9.463
2179.8036592019926,482.5908203125,8.093
2180.126267995991,1029.71826171875,8.041
2180.4498443399934,595.09765625,8.881
2180.7718624909903,595.09765625,9.385
2181.0964221930044,595.09765625,9.563
2181.4187895389914,984.71875,7.587
2181.740410044993,589.47314453125,8.507
2182.0624529969937,595.09814453125,9.23
2182.3849490819994,595.09814453125,9.447
2182.706481168003,465.71728515625,6.792
2183.0287871670007,724.470703125,8.08
2183.35088346299,595.0986328125,8.997
2183.6756859849993,595.0986328125,9.424
2183.9975627219974,492.4482421875,8.235
2184.3215716839914,1029.7197265625,7.963
2184.647724647002,595.09912109375,8.92
2184.9729362689977,595.09912109375,9.346
2185.295727464996,595.09912109375,9.641
2185.6192798679986,984.72021484375,7.626
2185.9413043189998,589.474609375,8.585
2186.2639958619984,595.099609375,9.191
2186.5859072540043,595.099609375,9.486
2186.908168479,465.71875,7.093
2187.2311163819977,724.47216796875,8.119
2187.5531608640013,595.10009765625,8.92
2187.8752057620004,595.10009765625,9.447
2188.1994188870012,465.71923828125,7.976
2188.5230011759995,1029.72119140625,7.886
2188.846154300001,595.1005859375,8.881
2189.168205084992,595.1005859375,9.308
2189.49081495899,595.1005859375,9.68
2189.811946706992,984.7216796875,7.51
2190.134236026992,589.47607421875,8.507
2190.4566553990007,595.10107421875,9.269
2190.781100879991,595.10107421875,9.486
2191.1028675589914,465.72021484375,6.976
2191.4251524299907,724.4736328125,8.119
2191.7485865509952,595.1015625,8.997
2192.0731126739993,595.1015625,9.525
2192.395157120991,465.720703125,8.054
2192.719877616997,1029.72265625,8.041
2193.044935307,595.10205078125,8.881
2193.367749985002,615.4873046875,9.424
2193.6908348459983,595.10205078125,9.525
2194.0133297360007,984.72314453125,7.548
2194.335485160991,589.4775390625,8.468
2194.6600861640036,595.1025390625,9.191
2194.9834769849986,595.1025390625,9.525
2195.306791387993,465.7216796875,6.937
2195.6285621269926,724.47509765625,8.08
2195.950897842995,595.10302734375,8.959
2196.2774245359906,595.10302734375,9.525
2196.5988417909975,465.72216796875,8.015
2196.9211865629914,1029.72412109375,8.041
2197.2436602020025,595.103515625,8.842
2197.566312662995,599.41796875,9.385
2197.889946305004,595.103515625,9.54
2198.2152787840023,984.724609375,7.587
2198.5380023820035,589.47900390625,8.546
2198.8615223239904,595.10400390625,9.191
2199.18402693799,621.1142578125,9.563
2199.505342107994,465.72314453125,6.976
2199.8274839590013,724.4765625,8.08
2200.1492241009983,595.1044921875,8.959
2200.4738260589947,595.1044921875,9.525
2200.798173449002,465.7236328125,8.015
2201.1223315209936,1029.7255859375,8.002
2201.4440690379997,595.10498046875,8.842
2201.765755129003,595.10498046875,9.269
2202.0879628679977,595.10498046875,9.68
2202.4122645909956,465.72412109375,7.288
2202.7354247429903,746.9775390625,8.43
2203.0593349339906,595.10546875,9.036
2203.3823290639994,595.10546875,9.486
2203.706150194994,465.724609375,6.976
2204.027841019997,724.47802734375,8.196
2204.3523312280013,595.10595703125,9.075
2204.6750641969993,595.10595703125,9.424
2204.9965674959967,492.45556640625,8.313
2205.318385812003,1029.72705078125,8.08
2205.641265664992,595.1064453125,8.959
2205.963402262001,595.1064453125,9.308
2206.2873224020004,595.10595703125,9.757
2206.6104645339947,465.701171875,6.781
2206.933227870002,746.95458984375,8.119
2207.2551702850033,626.7177734375,8.997
2207.578311263991,595.08251953125,9.385
2207.9018186859903,465.701171875,7.288
2208.2240811730007,724.45458984375,8.196
2208.5479389419925,595.08251953125,8.959
2208.8719012889924,595.08251953125,9.463
2209.195261568995,489.61962890625,8.546
2209.517944805004,1029.70361328125,7.704
2209.8400729830028,595.0830078125,8.765
2210.1638700119947,595.0830078125,9.269
2210.4882775549922,595.0830078125,9.68
2210.810347778999,465.7021484375,7.288
2211.1318433599954,746.95556640625,8.391
2211.453815211993,595.08349609375,9.191
2211.776064863996,595.08349609375,9.408
2212.097287732002,465.70263671875,7.171
2212.419907955991,724.4560546875,8.119
2212.741523122997,595.083984375,8.881
2213.06429138199,595.083984375,9.408
2213.386810130003,489.62109375,8.663
2213.7114246209967,1029.705078125,7.587
2214.0336060769914,595.08447265625,8.726
2214.3580368179973,595.08447265625,9.191
2214.683504838991,595.08447265625,9.602
2215.008796020993,465.70361328125,7.171
2215.3308183999907,746.95703125,8.313
2215.6540252620034,617.58447265625,9.191
2215.9779436980025,595.0849609375,9.408
2216.3010026830016,465.7041015625,7.21
2216.6235447569925,724.45751953125,8.08
2216.946034284003,595.08544921875,8.842
2217.2701745169907,494.0107421875,9.424
2217.5925701529923,489.62255859375,8.701
2217.9168515749916,1029.70654296875,7.548
2218.24149332699,621.09619140625,8.687
2218.5640637199976,595.0859375,9.191
2218.8901072739973,599.53564453125,9.563
2219.212507388991,465.705078125,7.354
2219.5350941969955,746.95849609375,8.352
2219.857406531999,595.08642578125,9.191
2220.1800034519983,595.08642578125,9.408
2220.5026753499988,465.70556640625,7.21
2220.825878271993,724.458984375,8.158
2221.147226768997,595.0869140625,8.881
2221.470274965992,595.0869140625,9.447
2221.7920990919956,489.6240234375,8.663
2222.1151788739953,1029.7080078125,7.548
2222.439760876994,615.466796875,8.726
2222.7631564109906,595.08740234375,9.191
2223.0852849939984,510.7060546875,9.525
2223.4079068400024,465.70654296875,7.015
2223.731296644997,746.9599609375,8.391
2224.0530794249935,595.087890625,9.036
2224.377089824993,595.087890625,9.563
2224.7038303570007,465.70703125,7.405
2225.026717617002,724.46044921875,8.002
2225.3486054230016,595.08837890625,8.959
2225.6706124649936,595.08837890625,9.424
2225.993899352994,489.62548828125,8.857
2226.317125791,1029.70947265625,7.548
2226.638763476003,589.4638671875,8.648
2226.960448042999,595.0888671875,9.308
2227.2825350850035,595.0888671875,9.525
2227.604458665999,465.7080078125,7.015
2227.9272164489958,746.96142578125,8.391
2228.249155005993,595.08935546875,9.036
2228.570978358999,595.08935546875,9.563
2228.8977787289914,465.70849609375,7.483
2229.220414106996,724.4619140625,8.041
2229.5420935189904,595.08984375,8.92
2229.8632929479936,595.08984375,9.37
2230.18718084399,489.626953125,8.842
2230.510258697992,1029.7109375,7.548
2230.831560464998,589.46533203125,8.61
2231.1532885179913,595.09033203125,9.308
2231.4746952159912,595.09033203125,9.486
2231.797394880996,465.70947265625,7.054
2232.1202843130013,746.962890625,8.352
2232.443829572003,595.0908203125,8.997
2232.7654499069904,595.0908203125,9.525
2233.086870525003,465.7099609375,7.51
2233.4092952369974,724.46337890625,7.963
2233.7313607370015,595.09130859375,8.959
2234.0527182160004,595.09130859375,9.308
2234.375678208002,479.8720703125,9.114
2234.698092901992,1029.71240234375,7.432
2235.0201879069937,589.466796875,8.624
2235.3415829540027,595.091796875,9.114
2235.663059794999,595.091796875,9.525
2235.9846889280016,465.7109375,6.859
2236.306551059999,724.46435546875,8.041
2236.6277083070017,595.09228515625,8.92
2236.952889355991,494.017578125,9.525
2237.276519029998,465.7431640625,8.054
2237.598821046995,769.46435546875,8.158
2237.9218103489984,595.0927734375,8.881
2238.244535001999,595.0927734375,9.447
2238.566473326995,595.0927734375,9.385
2238.889087128002,984.7138671875,7.51
2239.2135483460006,589.46826171875,8.546
2239.5355816169904,595.09326171875,9.153
2239.8576798819995,626.728515625,9.525
2240.1792862589937,465.71240234375,6.898
2240.5018452099903,724.4658203125,8.08
2240.8245058589964,595.09375,8.959
2241.146220206996,595.09375,9.486
2241.468891960001,465.7412109375,8.054
2241.791645378995,1029.71484375,7.963
2242.114204295998,595.09423828125,8.881
2242.4364476839983,595.09423828125,9.346
2242.757945639998,595.09423828125,9.641
2243.0792847429984,984.71533203125,7.51
2243.4013385879953,589.4697265625,8.43
2243.7240250909963,595.0947265625,9.23
2244.050075313993,595.0947265625,9.447
2244.3715582279983,465.7138671875,6.898
2244.6953963190026,724.46728515625,8.08
2245.0185448830016,595.09521484375,8.959
2245.341468161001,494.0205078125,9.447
2245.663359183003,468.5263671875,8.093
2245.9870910610043,1029.71630859375,7.86
2246.3119341089914,493.84521484375,8.881
2246.633848394995,595.095703125,9.308
2246.9581080959906,595.095703125,9.796
2247.278965516991,984.716796875,7.471
2247.60176581399,589.47119140625,8.468
2247.923754532996,516.33984375,9.23
2248.2456605609914,595.09619140625,9.447
2248.570566360999,465.71533203125,6.898
2248.8928144149977,724.46875,8.08
2249.2166331420012,595.0966796875,8.997
2249.5394908460003,595.0966796875,9.408
2249.8614659629966,492.4462890625,8.158
2250.186269422993,1029.703125,7.276
2250.508571621991,615.4619140625,8.624
2250.830150982001,595.08251953125,9.153
2251.151816616999,626.7177734375,9.563
2251.4778296809964,465.701171875,7.093
2251.800350669,746.95458984375,8.313
2252.1231517620035,595.08251953125,9.075
2252.4450176259998,595.08251953125,9.486
2252.7690409310017,465.70166015625,7.366
2253.092231058996,724.455078125,8.08
2253.415190300002,595.0830078125,8.881
2253.7385112799966,494.00830078125,9.447
2254.062231887001,489.6201171875,8.701
2254.3870789609937,1029.7041015625,7.51
2254.7109759250015,621.09375,8.687
2255.034174628003,595.08349609375,9.23
2255.358349999995,476.9541015625,9.602
2255.6838797179953,465.70263671875,7.21
2256.0073198989994,746.9560546875,8.313
2256.3293817660015,488.2138671875,9.114
2256.652895356994,595.083984375,9.408
2256.9767211180006,465.703125,7.288
2257.30047894,724.45654296875,7.847
2257.6230035719927,510.708984375,8.92
2257.9451105909975,595.08447265625,9.269
2258.267227721997,510.703125,9.114
2258.5909248059907,1029.70556640625,7.665
2258.9129306370014,589.4599609375,8.687
2259.235397026001,595.0849609375,9.308
2259.556832631002,595.0849609375,9.447
2259.878687160992,465.7041015625,6.937
2260.201085323002,544.45703125,8.274
2260.522754022997,595.08544921875,9.036
2260.8473581720027,595.08544921875,9.408
2261.1691350030014,465.70458984375,7.626
2261.492625838,724.4580078125,7.924
2261.815165698994,621.09033203125,8.92
2262.1364242089912,595.0859375,9.308
2262.4598954910034,595.0859375,9.191
2262.7817302409967,1029.70703125,7.51
2263.1028941559925,589.46142578125,8.585
2263.4247716279933,595.08642578125,9.114
2263.7464444529905,635.7216796875,9.486
2264.0709320199967,465.70556640625,7.093
2264.392921687002,724.458984375,8.158
2264.7151901780016,655.97216796875,9.075
2265.039155199993,595.0869140625,9.424
2265.360710324996,465.7060546875,7.86
2265.683378571004,724.45947265625,8.041
2266.0059505579993,595.08740234375,8.881
2266.327872733993,595.08740234375,9.424
2266.6490040999925,595.08740234375,9.346
2266.9719241290004,984.74267578125,7.587
2267.2950702450034,589.462890625,8.663
2267.619469486992,595.087890625,9.191
2267.943449803992,595.087890625,9.602
2268.264545553,465.70703125,7.015
2268.588630832004,724.46044921875,8.119
2268.9114141519967,595.08837890625,8.997
2269.232952217004,595.08837890625,9.408
2269.5553340199986,465.70751953125,7.938
2269.8768425470043,1029.70947265625,8.041
2270.2017888120026,595.0888671875,8.803
2270.5247578319977,499.81494140625,9.408
2270.8477099549928,595.0888671875,9.463
2271.1711395009916,984.7099609375,7.548
2271.495544115998,589.46435546875,8.624
2271.820026877991,595.08935546875,9.153
2272.1428252350015,516.3388671875,9.602
2272.464482854004,465.70849609375,7.054
2272.786519426998,724.4619140625,8.119
2273.1091700359975,595.08984375,9.036
2273.431171279997,595.08984375,9.424
2273.754872927995,465.708984375,7.899
2274.076890012002,724.46240234375,8.041
2274.3996800479945,595.09033203125,8.803
2274.721834736003,595.09033203125,9.385
2275.0438525229983,595.09033203125,9.424
2275.3646015679988,984.71142578125,7.51
2275.686473622991,589.4658203125,8.507
2276.008404462991,595.0908203125,9.191
2276.330053437996,595.0908203125,9.408
2276.651319426004,465.7099609375,6.898
2276.973029906003,724.46337890625,8.041
2277.2965357380017,595.09130859375,8.959
2277.6184915699996,595.09130859375,9.37
2277.941297475001,492.44091796875,8.158
2278.262787468004,1029.71240234375,7.704
2278.5851259030023,595.091796875,8.726
2278.9064369459957,595.091796875,9.346
2279.2286959539924,595.091796875,9.718
2279.552986127994,465.7109375,7.354
2279.8753287220025,746.96435546875,8.507
2280.197591792996,595.09228515625,9.075
2280.5191134969937,595.09228515625,9.525
2280.841829893994,465.71142578125,6.976
2281.1638606049964,724.46484375,8.235
2281.487337216997,516.34228515625,9.036
2281.8105474839977,595.0927734375,9.346
2282.1322982819984,479.87353515625,8.391
2282.4544097000035,1029.7138671875,7.704
2282.7765833899903,595.09326171875,8.648
2283.0980446110043,488.2119140625,9.308
2283.4197175180016,595.09326171875,9.68
2283.741366232003,465.71240234375,7.327
2284.063723414991,746.9658203125,8.43
2284.3882333039946,595.09375,9.114
2284.709835583999,595.09375,9.447
2285.0344036820024,465.712890625,7.093
2285.357021224001,724.46630859375,8.235
2285.678828406002,499.462890625,8.997
2286.000755207002,595.09423828125,9.346
2286.3230418579915,502.38134765625,8.468
2286.64560083799,1029.71533203125,7.665
2286.967417427004,595.0947265625,8.687
2287.290542695002,595.0947265625,9.269
2287.612305329996,595.0947265625,9.602
2287.933969113001,465.7138671875,7.288
2288.2565093390003,746.96728515625,8.352
2288.5786863219982,595.09521484375,9.191
2288.9000622879976,595.09521484375,9.447
2289.221906555991,465.71435546875,7.171
2289.546006796998,724.4677734375,8.119
2289.867535789992,595.095703125,8.881
2290.189525373993,595.095703125,9.408
2290.5118870970036,489.6328125,8.701
2290.8339094809926,1029.716796875,7.587
2291.155986426995,494.021484375,8.687
2291.477325461994,595.09619140625,9.191
2291.7999289510044,595.09619140625,9.486
2292.124228651999,465.71533203125,7.21
2292.445858608,746.96875,8.352
2292.7681507259986,595.0966796875,9.075
2293.0897909850028,595.0966796875,9.447
2293.4158775879914,465.7158203125,7.327
2293.739615350991,724.46923828125,7.963
2294.061446046995,595.09716796875,8.92
2294.3832235890004,595.09716796875,9.385
2294.707368980002,489.63427734375,8.857
2295.032634403993,1029.71826171875,7.51
2295.356774225991,589.47265625,8.648
2295.680564020993,595.09765625,9.23
2296.0035070369922,621.10791015625,9.602
2296.3268186409987,465.716796875,7.132
2296.6506779409974,746.97021484375,8.352
2296.9725560289953,595.09814453125,9.114
2297.294015063002,595.09814453125,9.486
2297.617869306996,465.71728515625,7.366
2297.941210734003,724.470703125,8.08
2298.264941261994,595.0986328125,8.92
2298.5864865699987,516.34228515625,9.408
2298.908369903991,489.6357421875,8.818
2299.230843464,1029.7197265625,7.548
2299.552399235996,589.47412109375,8.648
2299.8758928269963,595.09912109375,9.269
2300.197835009996,595.09912109375,9.525
2300.520996559004,465.71826171875,7.171
2300.8435873370036,746.9716796875,8.352
2301.165507055004,595.099609375,9.075
2301.4870829540014,595.099609375,9.486
2301.811949416995,465.71875,7.444
2302.1344381439994,724.47216796875,8.041
2302.4570376259944,595.10009765625,8.959
2302.7794177729957,595.10009765625,9.408
2303.101285967001,489.63720703125,8.881
2303.427405203998,1029.72119140625,7.587
2303.750344471002,589.4755859375,8.687
2304.0719288809923,595.1005859375,9.269
2304.393552811991,595.1005859375,9.525
2304.716450701002,465.7197265625,7.393
2305.0388431019965,746.97314453125,8.391
2305.360573596001,595.10107421875,9.23
2305.682209462,595.10107421875,9.408
2306.004968977999,465.72021484375,7.288
2306.3277264459903,724.4736328125,8.041
2306.6501436789986,595.1015625,8.881
2306.9726324660005,476.97802734375,9.447
2307.2943687819934,489.638671875,8.779
2307.6172713739943,1029.72265625,7.886
2307.93969395,595.10205078125,8.765
2308.261073453992,476.97265625,9.424
2308.583075378003,595.10205078125,9.757
2308.9050931730017,465.72119140625,7.288
2309.2284622419975,746.974609375,8.43
2309.550885328994,595.1025390625,9.153
2309.872402469002,595.1025390625,9.486
2310.1938699750026,465.7216796875,7.093
2310.5163513989974,724.47509765625,8.158
2310.8382530300005,595.10302734375,8.959
2311.16042836399,595.10302734375,9.408
2311.4824613590026,489.64013671875,8.507
2311.8044832479936,1029.72412109375,7.587
2312.127004865004,595.103515625,8.765
2312.4503088420024,595.103515625,9.23
2312.773666355002,595.103515625,9.641
2313.096778869003,465.72265625,7.093
2313.4195498369954,746.97607421875,8.274
2313.7412750119984,716.7392578125,9.075
2314.0634658329946,595.10400390625,9.408
2314.387100313994,465.72314453125,7.327
2314.7093718410033,724.4765625,8.041
2315.0307865420036,595.1044921875,8.881
2315.353090229997,595.1044921875,9.346
2315.677063825002,489.6416015625,8.857
2316.0003994470026,1029.7255859375,7.471
2316.3223769809993,589.47998046875,8.546
2316.6450072379957,595.10498046875,9.269
2316.9666089189996,595.10498046875,9.447
2317.289290280998,465.72412109375,6.937
2317.6115541259933,724.4775390625,8.158
2317.9358003349917,595.10546875,9.075
2318.2599489409913,595.10546875,9.385
2318.58199645899,465.724609375,7.665
2318.9060829829978,724.47802734375,7.963
2319.228024896991,595.10595703125,8.842
2319.5501451210002,595.10595703125,9.385
2319.87254004,595.10595703125,9.308
2320.1962628399924,1029.72705078125,7.587
2320.5188863420044,589.4814453125,8.61
2320.8405373659916,595.1064453125,9.114
2321.162588434003,595.1064453125,9.525
2321.4880994159903,465.7255859375,7.015
2321.810612610003,724.47900390625,8.119
2322.1326656610036,510.7255859375,9.036
2322.455335723993,595.10693359375,9.37
2322.7798146089917,465.72607421875,7.821
2323.1026651239954,544.83056640625,8.041
2323.426895425,595.107421875,8.803
2323.7493510159984,595.107421875,9.408
2324.072976465992,595.107421875,9.346
2324.3949571300036,984.728515625,7.471
2324.716974210998,589.48291015625,8.468
2325.0410485699977,595.10791015625,9.191
2325.3629725280043,595.10791015625,9.37
2325.685489206997,465.72705078125,6.898
2326.008279333997,724.48046875,8.041
2326.3317894520005,595.1083984375,8.92
2326.6538752049964,510.72705078125,9.408
2326.9758304589923,492.4580078125,8.119
2327.297864498003,1029.7294921875,7.821
2327.6198197829945,599.42333984375,8.765
2327.941515347993,595.10888671875,9.308
2328.2647851049987,595.10888671875,9.68
2328.58795601,465.72802734375,7.327
2328.9106705809972,746.9814453125,8.468
2329.2337833079946,595.109375,9.075
2329.5559640069987,476.97802734375,9.486
2329.8772608699946,465.728515625,7.015
2330.2022264209954,724.48193359375,8.08
2330.5245628039993,595.10986328125,8.881
2330.8488104449934,595.10986328125,9.408
2331.172789980992,489.64697265625,8.546
2331.4942373759986,1029.703125,7.21
2331.8155039010016,589.45751953125,8.507
2332.1367761540023,595.08251953125,9.075
2332.4612920579966,595.08251953125,9.525
2332.7857622640004,465.701171875,7.054
2333.1091542929935,724.45458984375,8.235
2333.431941375995,595.08251953125,9.114
2333.7538441429933,595.08251953125,9.331
2334.0768204149936,465.70166015625,7.743
2334.4004800679977,724.455078125,7.924
2334.7221817719983,595.0830078125,8.842
2335.043798737999,595.0830078125,9.408
2335.3679882939905,595.0830078125,9.308
2335.6894735109963,1012.30078125,7.548
2336.012394707999,589.45849609375,8.624
2336.3367899659934,595.08349609375,9.153
2336.6621006109926,595.08349609375,9.641
2336.986415416992,465.70263671875,7.054
2337.3097485619946,724.4560546875,8.158
2337.632191534998,595.083984375,9.114
2337.953907061994,595.083984375,9.385
2338.2761648140004,465.703125,7.743
2338.600147320991,724.45654296875,8.002
2338.9265296770027,499.453125,9.036
2339.2505081839918,595.08447265625,9.346
2339.575176183993,489.62158203125,9.036
2339.898232327003,1029.70556640625,7.847
2340.2199612599943,595.0849609375,8.842
2340.5427771069953,595.0849609375,9.269
2340.8657789749996,595.0849609375,9.641
2341.1887973559933,465.7041015625,7.249
2341.5125775829947,746.95751953125,8.352
2341.8382131629915,595.08544921875,9.191
2342.1599988009984,595.08544921875,9.408
2342.4825923680037,465.70458984375,7.171
2342.805951781993,724.4580078125,8.196
2343.127688553999,595.0859375,8.92
2343.45189548099,595.0859375,9.37
2343.775615416991,489.623046875,8.546
2344.097128085996,1029.70703125,7.548
2344.422574602999,595.08642578125,8.726
2344.745183591993,595.08642578125,9.191
2345.070007080998,595.08642578125,9.563
2345.3933268440014,465.70556640625,7.132
2345.7148063269997,746.958984375,8.313
2346.038692923001,595.0869140625,9.075
2346.360943787993,595.0869140625,9.447
2346.6882426800003,465.7060546875,7.288
2347.011603338993,724.45947265625,7.886
2347.337607085996,595.08740234375,8.92
2347.6637128199945,595.08740234375,9.308
2347.9870095730003,489.62451171875,8.857
2348.3092839259916,1029.70849609375,7.432
2348.632573158,589.462890625,8.507
2348.9591676099953,621.09814453125,9.269
2349.284149757994,595.087890625,9.447
2349.605823035992,465.70703125,7.015
2349.9274987779936,729.77490234375,8.235
2350.249351741004,595.08837890625,9.075
2350.573977908003,595.08837890625,9.346
2350.8963300859905,465.70751953125,7.704
2351.2194594719913,1029.70947265625,7.86
2351.5421281710005,595.0888671875,8.803
2351.8637801669975,595.0888671875,9.269
2352.186239386996,595.0888671875,9.641
2352.5081395509915,555.70849609375,7.704
2352.8317343569943,589.46435546875,8.726
2353.153543957,595.08935546875,9.191
2353.4756237730035,595.08935546875,9.602
2353.800636061991,465.70849609375,7.093
2354.1250890060037,724.4619140625,8.196
2354.44752697699,595.08984375,9.153
2354.7713580769923,595.08984375,9.424
2355.0956950489926,465.708984375,7.704
2355.418437860004,724.46240234375,7.963
2355.740748016993,599.40478515625,8.92
2356.0622657659987,595.09033203125,9.346
2356.3842322970013,599.5400390625,9.191
2356.705889921999,1029.71142578125,7.51
2357.0278673970024,589.4658203125,8.624
2357.3509290329966,595.0908203125,9.23
2357.67305307099,595.0908203125,9.563
2357.998244403003,465.7099609375,7.015
2358.321108335993,724.46337890625,8.158
2358.6434338209947,595.09130859375,9.114
2358.9651908069936,595.09130859375,9.424
2359.2871236709907,465.71044921875,7.704
2359.609890672,724.4638671875,8.002
2359.933133047991,516.34130859375,8.997
2360.255810125993,595.091796875,9.346
2360.578029077995,489.62890625,9.075
2360.900264893993,1029.712890625,7.471
2361.2229361469945,589.46728515625,8.546
2361.544998804995,494.017578125,9.308
2361.867721483999,595.09228515625,9.525
2362.1903343349986,465.71142578125,6.976
2362.515120434997,755.90771484375,8.274
2362.8371860369953,595.0927734375,9.075
2363.1604126019956,595.0927734375,9.408
2363.482610014995,465.7119140625,7.665
2363.8057090560033,724.46533203125,7.963
2364.1282784799987,595.09326171875,8.803
2364.4514750919916,595.09326171875,9.385
2364.7727316429955,595.09326171875,9.424
2365.0970381119987,465.701171875,7.015
2365.4195710539934,746.95458984375,8.352
2365.7421263970027,595.08251953125,8.997
2366.0660763100022,476.953125,9.486
2366.388798250002,465.701171875,6.937
2366.7111476979917,724.45458984375,7.886
2367.032371319001,595.08251953125,8.765
2367.3553620349994,599.39697265625,9.346
2367.6782412579923,489.61962890625,8.779
2368.0010024939984,1029.70361328125,7.548
2368.3227085929975,589.4580078125,8.687
2368.6445335759927,595.0830078125,9.269
2368.965728203999,595.0830078125,9.447
2369.287067858997,465.7021484375,6.937
2369.609223667998,567.306640625,8.235
2369.9303445319965,595.08349609375,8.997
2370.251893345994,595.08349609375,9.37
2370.5733951820002,465.70263671875,7.626
2370.89590226399,724.4560546875,7.963
2371.218138682001,595.083984375,8.842
2371.539683334995,595.083984375,9.346
2371.8613516070036,595.083984375,9.269
2372.1836972750025,1029.705078125,7.626
2372.506794422996,589.45947265625,8.61
2372.8290272869926,499.453125,9.308
2373.150792457993,595.08447265625,9.447
2373.4742716320034,465.70361328125,6.976
2373.7960094729933,724.45703125,8.158
2374.1185343459947,595.0849609375,9.075
2374.43971882599,595.0849609375,9.331
2374.761185809999,465.7041015625,7.743
2375.083563477994,724.45751953125,7.963
2375.405388393003,595.08544921875,8.803
2375.7271212719934,595.08544921875,9.385
2376.0495985259913,595.08544921875,9.385
2376.3720960049977,984.70654296875,7.51
2376.694482535997,589.4609375,8.507
2377.0163364109903,595.0859375,9.191
2377.338991077995,595.0859375,9.408
2377.6602220210043,465.705078125,6.898
2377.9842830339912,724.45849609375,8.08
2378.307032135999,595.08642578125,8.92
2378.629301381996,516.330078125,9.408
2378.9515314589953,492.4365234375,8.132
2379.2749833650014,1029.70751953125,7.924
2379.5975642679987,595.0869140625,8.881
2379.919909899996,595.0869140625,9.269
2380.2433511169947,499.63720703125,9.718
2380.565870962004,465.7060546875,7.315
2380.887515868002,746.95947265625,8.468
2381.2090435540013,595.08740234375,9.036
2381.531048663004,595.08740234375,9.525
2381.8533376190026,465.70654296875,7.093
2382.175572366992,724.4599609375,8.196
2382.497993358993,595.087890625,9.036
2382.8198690549907,595.087890625,9.308
2383.1413268500037,492.4375,8.352
2383.4639914019936,1029.708984375,7.548
2383.7882342090015,595.08837890625,8.726
2384.114203019999,595.08837890625,9.308
2384.4396106950007,595.08837890625,9.68
2384.761769757999,465.70751953125,7.587
2385.084582665004,746.9609375,8.571
2385.409328654001,595.0888671875,9.191
2385.732415008999,595.0888671875,9.563
2386.056695544001,465.7080078125,6.976
2386.3791137189983,724.46142578125,8.158
2386.703048866999,595.08935546875,8.997
2387.0290298369946,595.08935546875,9.408
2387.350449835998,492.43896484375,8.196
2387.6729557240033,1029.71044921875,8.041
2387.9974855140026,595.08984375,8.92
2388.3215829379915,595.08984375,9.346
2388.643697004998,595.08984375,9.68
2388.9685954129964,984.7109375,7.587
2389.2906446470006,589.46533203125,8.507
2389.6143462180044,595.09033203125,9.23
2389.938414520002,595.09033203125,9.408
2390.2608674770017,465.70947265625,7.132
2390.5841791479907,724.462890625,8.158
2390.905862832995,595.0908203125,8.997
2391.2297224889917,595.0908203125,9.447
2391.5570364250016,465.7099609375,7.976
2391.8818911489943,724.46337890625,8.041
2392.2061143989995,595.09130859375,8.842
2392.5303966899955,595.09130859375,9.37
2392.856349783993,595.09130859375,9.269
2393.1796037239983,1029.71240234375,7.626
2393.5035934619955,589.466796875,8.61
2393.8318805449962,617.59130859375,9.346
2394.1562112529937,595.091796875,9.486
2394.4781357439933,465.7109375,7.093
2394.804073827996,746.96435546875,8.391
2395.1273039579974,595.09228515625,8.997
2395.451469124004,595.09228515625,9.486
2395.7807571009907,465.71142578125,7.366
2396.1038915789977,724.46484375,7.899
2396.4260744119965,595.0927734375,8.959
2396.74793915599,595.0927734375,9.308
2397.0709655340033,489.6298828125,9.036
2397.3914495630015,984.7138671875,7.327
2397.7140763450006,589.46826171875,8.352
2398.0388148069906,595.09326171875,9.23
2398.361312177003,595.09326171875,9.408
2398.683202264001,465.71240234375,7.327
2399.0076347959985,724.4658203125,8.352
2399.330632691999,595.09375,9.153
2399.6533274429967,595.09375,9.37
2399.9765639059915,465.712890625,7.782
2400.301686634004,724.46630859375,8.041
2400.627399139994,499.47412109375,9.036
2400.9503556900017,595.09423828125,9.385
2401.2792358119914,489.63134765625,9.036
2401.605134818994,1029.71533203125,7.548
2401.928765724995,589.4697265625,8.61
2402.250974442999,595.0947265625,9.308
2402.572456932001,595.0947265625,9.486
2402.8963635260006,465.7138671875,6.976
2403.2189476789936,746.96728515625,8.352
2403.5412585439917,595.09521484375,9.036
2403.865802180997,516.3447265625,9.525
2404.1929326789977,465.71435546875,7.444
2404.5149841439998,724.4677734375,8.002
2404.837202558003,595.095703125,8.92
2405.1593558489985,595.095703125,9.37
2405.484613649998,489.6328125,8.842
2405.8073889119987,1029.716796875,7.548
2406.1299093179987,589.47119140625,8.687
2406.4523120560043,595.09619140625,9.23
2406.7737930379953,595.09619140625,9.486
2407.0954590809997,465.71533203125,7.132
2407.4203146619984,746.96875,8.391
2407.7435552800016,595.0966796875,9.075
2408.0662120729976,595.0966796875,9.486
2408.39240154899,465.7158203125,7.366
2408.7149610909983,724.46923828125,8.041
2409.038323183995,595.09716796875,8.881
2409.360491610001,595.09716796875,9.346
2409.6851012609986,489.63427734375,8.842
2410.0076787860016,1029.71826171875,7.548
2410.3298018019996,589.47265625,8.61
2410.6509003699903,595.09765625,9.269
2410.972719600002,595.09765625,9.408
2411.295526859991,465.716796875,7.054
2411.618003005002,746.97021484375,8.352
2411.939904029001,595.09814453125,9.036
2412.261349487002,505.2734375,9.486
2412.5823021620017,465.71728515625,7.587
2412.906147916001,724.470703125,7.924
2413.231473266991,595.0986328125,8.92
2413.555994497001,595.0986328125,9.308
2413.8797431919957,485.40478515625,9.075
2414.203704917003,1029.7197265625,7.471
2414.526087170001,589.47412109375,8.624
2414.8479387179977,595.09912109375,9.153
2415.1719582369988,595.09912109375,9.563
2415.495877495996,465.71826171875,7.093
2415.8186487519997,724.4716796875,8.235
2416.143573897003,595.099609375,9.075
2416.4658493619936,595.099609375,9.385
2416.7891991310025,465.71875,7.665
2417.1138305700006,724.47216796875,8.002
2417.436930027994,595.10009765625,8.959
2417.7621681729943,595.10009765625,9.346
2418.087305580004,489.63720703125,8.997
2418.4108212729916,1029.72119140625,7.743
2418.735639788996,493.86669921875,8.803
2419.0609045589954,595.1005859375,9.269
2419.3865847650013,595.1005859375,9.641
2419.7098708190024,465.7197265625,7.093
2420.03192252999,746.97314453125,8.274
2420.3571506269946,595.10107421875,9.036
2420.680229537,595.10107421875,9.385
2421.003546054999,465.72021484375,7.327
2421.3270220330014,724.4736328125,8.119
2421.649771076991,595.1015625,8.881
2421.9725965389953,595.1015625,9.447
2422.2944315399945,489.638671875,8.701
2422.616778394993,1029.72265625,7.587
2422.942139613995,499.65234375,8.765
2423.265175609995,595.10205078125,9.191
2423.58712145999,595.10205078125,9.602
2423.9105256589974,465.72119140625,7.093
2424.232996869003,746.974609375,8.313
2424.5552563609963,595.1025390625,8.997
2424.8778504859947,595.1025390625,9.486
2425.204797223996,465.7216796875,7.366
2425.527407734,724.47509765625,8.002
2425.851086947994,595.10302734375,8.92
2426.175513576003,595.10302734375,9.37
2426.498374941002,489.64013671875,8.803
2426.823242286002,1029.72412109375,7.471
2427.1450425950025,589.478515625,8.571
2427.467924823999,595.103515625,9.269
2427.7904841309937,595.103515625,9.447
2428.1131792499946,465.72265625,7.015
2428.436592565995,746.97607421875,8.352
2428.7601958720043,595.10400390625,8.997
2429.081895023992,493.853515625,9.486
2429.4032053010014,465.72314453125,7.548
2429.7298700429965,724.4765625,7.963
2430.051952822003,595.1044921875,8.959
2430.3746007709997,595.1044921875,9.308
2430.6975072549976,482.59814453125,9.075
2431.019845945004,1029.7255859375,7.432
2431.342660426002,589.47998046875,8.624
2431.663947435998,595.10498046875,9.153
2431.98808106099,595.10498046875,9.563
2432.310400613991,465.72412109375,7.015
2432.634754757004,724.4775390625,8.119
2432.9600476479973,488.2353515625,9.114
2433.2841424539947,595.10546875,9.346
2433.6078976019926,465.724609375,7.782
2433.931221249004,724.47802734375,8.002
2434.254141459998,595.10595703125,8.803
2434.5798559620016,595.10595703125,9.385
2434.9018447199924,595.10595703125,9.346
2435.222672610995,984.72705078125,7.51
2435.5442828609957,589.4814453125,8.546
2435.866914614002,595.1064453125,9.191
2436.189148370002,595.1064453125,9.408
2436.5112644269975,465.7255859375,6.859
2436.8334419579915,724.47900390625,8.041
2437.157819298998,595.10693359375,8.92
2437.4807612680015,499.48681640625,9.447
2437.803023568995,497.947265625,8.093
2438.1250739270035,1029.72802734375,7.886
2438.4463742779917,595.107421875,8.881
2438.768325623998,595.107421875,9.346
2439.0910244169936,595.107421875,9.834
2439.412491205003,984.728515625,7.51
2439.7356628120033,589.48291015625,8.468
2440.0586539979995,499.4765625,9.269
2440.382375860994,595.10791015625,9.447
2440.7068817160034,465.72705078125,6.832
2441.029166448003,724.48046875,8.158
2441.3517357959936,595.1083984375,9.036
2441.675556700997,595.1083984375,9.385
2442.0012598719914,492.4580078125,8.235
2442.324030953998,1029.7294921875,7.86
2442.6479680539924,716.744140625,8.842
2442.972575095002,595.10888671875,9.269
2443.2952005080006,499.6591796875,9.796
2443.616860451002,984.72998046875,7.51
2443.940383522,589.484375,8.468
2444.2627032610035,499.50048828125,9.23
2444.585933587994,595.109375,9.447
2444.9088740809966,465.728515625,7.093
2445.2320933349984,724.48193359375,8.119
2445.5579580119957,595.10986328125,8.959
2445.8800974250044,595.10986328125,9.486
2446.202481963992,465.75732421875,8.054
2446.524604256003,1029.73095703125,8.002
2446.8466877949977,595.1103515625,8.881
2447.1698437489977,595.1103515625,9.346
2447.493529703992,595.1103515625,9.602
2447.815312944993,984.7314453125,7.548
2448.1371382020006,589.48583984375,8.468
2448.4598351349996,595.11083984375,9.23
2448.781667784002,595.11083984375,9.447
2449.1028389099956,465.72998046875,7.249
2449.4249925929907,724.4833984375,8.196
2449.7471220509906,595.111328125,9.036
2450.0693694329966,595.111328125,9.486
2450.3914938669914,465.73046875,7.976
2450.714006823997,1034.046875,8.08
2451.0377457389986,595.11181640625,8.803
2451.3613642970013,499.662109375,9.408
2451.683925926991,595.11181640625,9.463
2452.006323936992,989.08154296875,7.587
2452.330294856991,589.4873046875,8.61
2452.651468156997,595.1123046875,9.153
2452.974746288004,493.86181640625,9.602
2453.298331084996,465.7314453125,7.327
2453.6228923269955,746.98486328125,8.507
2453.9468667030014,595.11279296875,9.114
2454.2694858049945,595.11279296875,9.563
2454.591360532999,465.73193359375,7.471
2454.9159051339957,724.4853515625,8.002
2455.239880852998,595.11328125,8.959
2455.5622654519975,595.11328125,9.346
2455.887027338991,489.650390625,8.959
2456.2099412980024,1029.734375,7.51
2456.532103809004,589.48876953125,8.571
2456.854984455,595.11376953125,9.269
2457.1772974350024,595.11376953125,9.447
2457.499714065998,465.73291015625,7.132
2457.8251579880016,746.986328125,8.391
2458.146818819994,595.1142578125,8.997
2458.46926706699,595.1142578125,9.486
2458.7912400679925,465.7333984375,7.471
2459.116237608003,724.48681640625,8.196
2459.440163787993,595.11474609375,8.959
2459.7642566919967,595.11474609375,9.486
2460.0889660309913,489.65185546875,8.624
2460.4115531299904,1029.73583984375,7.587
2460.736273317001,617.61474609375,8.765
2461.057499189992,595.115234375,9.191
2461.3813027089927,595.115234375,9.641
2461.704934317997,465.734375,7.21
2462.0297601389902,746.98779296875,8.313
2462.353009657003,493.865234375,9.114
2462.675709174,595.11572265625,9.37
2463.000956607997,465.73486328125,7.249
2463.3231786059914,724.48828125,8.119
2463.6460415509937,595.1162109375,8.881
2463.968927889,595.1162109375,9.447
2464.2901870409987,489.6533203125,8.701
2464.612053539997,1029.7373046875,7.626
2464.9337651539972,499.6669921875,8.687
2465.255926029,595.11669921875,9.191
2465.577957747999,626.751953125,9.563
2465.901972502994,465.73583984375,7.288
2466.224140769991,746.9892578125,8.352
2466.5488866509986,611.99169921875,9.23
2466.8723757260013,595.1171875,9.447
2467.1944756059966,465.736328125,7.21
2467.517511258993,724.48974609375,8.196
2467.840103761002,595.11767578125,8.959
2468.1615119079943,595.11767578125,9.447
2468.485120218,489.65478515625,8.585
2468.808277888995,1029.73876953125,7.886
2469.1301469140017,595.1181640625,8.803
2469.453672467993,595.1181640625,9.385
2469.7780356479925,595.1181640625,9.757
2470.102495661995,465.7373046875,7.432
2470.424992768996,746.99072265625,8.507
2470.747135849,595.11865234375,9.114
2471.0692393429927,595.11865234375,9.525
2471.3922859059967,465.73779296875,6.937
2471.714331766998,724.4912109375,8.196
2472.038260243993,595.119140625,9.036
2472.3601552839973,595.119140625,9.308
2472.6827794970013,491.06201171875,8.352
2473.0052802510036,1029.740234375,7.432
2473.3281127899972,516.369140625,8.648
2473.6495381830027,595.11962890625,9.191
2473.972783983001,516.369140625,9.602
2474.2957221889956,465.73876953125,7.132
2474.6195934470015,746.9921875,8.274
2474.9424868200003,595.1201171875,9.075
2475.266942446993,595.1201171875,9.447
2475.5910802409926,465.7392578125,7.288
2475.914035374997,724.49267578125,8.08
2476.2380700929934,595.12060546875,8.881
2476.560832228992,516.3642578125,9.408
2476.882189841999,489.65771484375,8.779
2477.2068184020027,1029.74169921875,7.587
2477.5296521239943,482.61474609375,8.726
2477.8535732699966,595.12109375,9.191
2478.1768296590017,626.75634765625,9.563
2478.501020124997,465.740234375,7.171
2478.82408994899,746.99365234375,8.352
2479.146513225991,615.5068359375,9.075
2479.469330241991,595.12158203125,9.424
2479.7937447139993,465.74072265625,7.288
2480.115625156992,724.494140625,8.041
2480.43745788699,595.1220703125,8.881
2480.760549309998,626.75732421875,9.408
2481.0821803699946,489.6591796875,8.818
2481.4059244529926,1029.7431640625,7.471
2481.7277747820044,589.49755859375,8.585
2482.0505694919993,595.12255859375,9.308
2482.3725035679963,595.12255859375,9.447
2482.695256548992,465.74169921875,7.093
2483.017831538993,746.9951171875,8.352
2483.339813711995,595.123046875,9.036
2483.6616001349903,510.74169921875,9.486
2483.984236086995,465.7421875,7.587
2484.308496312995,724.49560546875,8.08
2484.631816989,595.12353515625,8.959
2484.956324932995,595.12353515625,9.346
2485.2820188019978,489.66064453125,8.881
2485.6059972259973,1029.74462890625,7.704
2485.9302297370014,595.1240234375,8.803
2486.2539823620027,595.1240234375,9.23
2486.5768815530027,595.1240234375,9.641
2486.898634276993,465.7431640625,7.21
2487.2212438589922,746.99658203125,8.313
2487.546647989002,499.6748046875,9.191
2487.8703819889924,595.12451171875,9.408
2488.194462143001,465.74365234375,7.21
2488.516991944998,724.4970703125,8.158
2488.8415260009933,595.125,8.92
2489.163882326,595.125,9.447
2489.4854305629997,489.662109375,8.624
2489.8077130930033,1029.74609375,7.626
2490.1301844940026,595.12548828125,8.726
2490.45260395699,595.12548828125,9.23
2490.7774228189955,595.12548828125,9.641
2491.1004230349936,465.74462890625,6.976
2491.4240404209995,746.998046875,8.313
2491.747812916001,595.1259765625,8.959
2492.0730478869955,595.1259765625,9.447
2492.3981191409985,465.7451171875,7.405
2492.7242299139907,724.49853515625,8.196
2493.046263283002,595.12646484375,8.92
2493.3687680589937,595.12646484375,9.447
2493.6919327590003,489.66357421875,8.74
2494.01475354399,1029.74755859375,7.626
2494.340467824004,595.126953125,8.765
2494.662944277996,595.126953125,9.23
2494.9878870149987,595.126953125,9.641
2495.311116547993,465.74609375,7.249
2495.6357771309995,746.99951171875,8.313
2495.958649469001,595.12744140625,9.191
2496.280882651001,595.12744140625,9.408
2496.603643976996,465.74658203125,7.171
2496.926684702994,724.5,8.002
2497.2493414179917,595.1279296875,8.881
2497.571625672994,499.67822265625,9.447
2497.892989259999,489.6650390625,8.779
2498.216782456002,1029.7490234375,7.51
2498.539644935998,589.50341796875,8.648
2498.8610932299925,595.12841796875,9.269
2499.182348460992,595.12841796875,9.486
2499.5051521229907,465.74755859375,7.354
2499.827058316994,747.0009765625,8.352
2500.1502497030015,493.87841796875,9.191
2500.4758654809993,595.12890625,9.408
2500.7974098080012,465.748046875,7.249
2501.1219174889993,724.50146484375,8.119
2501.4455251420004,595.12939453125,8.881
2501.770449026997,595.12939453125,9.408
2502.0938816339913,489.66650390625,8.624
2502.415484522993,1029.75048828125,7.626
2502.738076431997,595.1298828125,8.765
2503.0595009149984,595.1298828125,9.23
2503.381882546004,595.1298828125,9.602
2503.7033957349922,465.7490234375,7.393
2504.0261621139944,747.00244140625,8.43
2504.349189460001,595.13037109375,9.23
2504.6714193419903,595.13037109375,9.447
2504.993096567996,465.74951171875,7.171
2505.3157622709987,724.5029296875,8.158
2505.6383636829996,595.130859375,8.959
2505.9626982039917,595.130859375,9.447
2506.2868559519993,489.66796875,8.507
2506.610285773,1029.751953125,7.665
2506.9341892090015,595.13134765625,8.726
2507.256160905992,595.13134765625,9.269
2507.578206236998,595.13134765625,9.68
2507.9003609469946,465.75048828125,7.288
2508.223298785,747.00390625,8.391
2508.545573722993,595.1318359375,9.153
2508.867709455997,595.1318359375,9.486
2509.1894852749974,465.7509765625,7.132
2509.5123392370006,724.50439453125,8.196
2509.8345247319958,595.13232421875,8.959
2510.156338790999,595.13232421875,9.37
2510.479918183002,489.66943359375,8.507
2510.803107226995,1029.75341796875,7.782
2511.125141707991,595.1328125,8.726
2511.4504927689995,493.87646484375,9.346
2511.774222020991,595.1328125,9.68
2512.095918412,465.751953125,7.249
2512.419780627999,747.00537109375,8.391
2512.741426872002,595.13330078125,9.114
2513.0627211699903,595.13330078125,9.408
2513.3844080879935,465.75244140625,7.132
2513.706469672994,724.505859375,8.119
2514.028567738991,595.1337890625,8.881
2514.3539098699985,595.1337890625,9.447
2514.677934074003,489.6708984375,8.585
2515.000497560992,1029.7548828125,7.51
2515.3232803510036,477.0029296875,8.687
2515.645156617,595.13427734375,9.191
2515.968404924992,615.51953125,9.525
2516.2926829909993,465.75341796875,7.093
2516.6173743819963,747.0068359375,8.313
2516.9419041359943,595.134765625,9.075
2517.263844050991,595.134765625,9.447
2517.588478863996,465.75390625,7.288
2517.9121839839936,724.50732421875,8.119
2518.2341242519906,595.13525390625,8.881
2518.558691254002,494.060546875,9.408
2518.8820512749953,489.67236328125,8.701
2519.204886128995,1029.75634765625,7.471
2519.5274428300036,589.5107421875,8.571
2519.849359191998,595.1357421875,9.269
2520.1732096600026,595.1357421875,9.447
2520.4971124809963,465.7548828125,6.937
2520.819557017996,747.00830078125,8.313
2521.1414641309966,595.13623046875,9.036
2521.463428973002,533.2548828125,9.447
2521.785209841997,465.75537109375,7.587
2522.107845103994,724.5087890625,7.924
2522.429733911995,510.75537109375,8.92
2522.7516123509995,595.13671875,9.292
2523.073719469001,595.13671875,9.191
2523.395227176996,1029.7578125,7.51
2523.716960235004,589.51220703125,8.571
2524.039348032995,595.13720703125,9.114
2524.3636290400027,635.7724609375,9.525
2524.6858215029933,465.75634765625,6.937
2525.009555356999,724.509765625,8.08
2525.330798576004,595.1376953125,8.92
2525.652350188,595.1376953125,9.447
2525.973271060997,472.8525390625,8.093
2526.2958759210014,1029.7587890625,7.821
2526.6181842590013,615.5234375,8.803
2526.9395309999964,595.13818359375,9.308
2527.261382333003,595.13818359375,9.718
2527.582592589999,984.75927734375,7.743
2527.9042675319943,589.513671875,8.532
2528.227098510004,595.138671875,9.269
2528.548924688992,595.138671875,9.408
2528.873591080992,465.7578125,7.093
2529.1989051089913,724.51123046875,8.158
2529.521035553,595.13916015625,8.997
2529.8434811100014,595.13916015625,9.486
2530.165265686999,472.85400390625,8.08
2530.4882294349954,1029.76025390625,8.041
2530.8106414229987,595.1396484375,8.842
2531.1358799279988,595.1396484375,9.37
2531.4580000019923,595.1396484375,9.563
2531.7822562049987,984.7607421875,7.587
2532.1045412759995,589.51513671875,8.571
2532.428181683994,595.14013671875,9.153
2532.749986037001,595.14013671875,9.486
2533.0743050570018,465.75927734375,7.21
2533.396422730002,724.5126953125,8.235
2533.7181158469903,595.140625,9.153
2534.0400538989925,595.140625,9.408
2534.3615273289906,465.759765625,7.821
2534.6840487259906,724.51318359375,8.041
2535.005427657001,595.14111328125,8.881
2535.3283505699947,595.14111328125,9.408
2535.650596630003,595.14111328125,9.308
2535.971964391996,1029.76220703125,7.587
2536.2949715949944,589.5166015625,8.648
2536.6165057939943,595.1416015625,9.191
2536.9391282809956,595.1416015625,9.602
2537.2638154379965,465.701171875,6.48
2537.586376804,724.45458984375,8.002
2537.9089573050005,595.08251953125,8.92
2538.230493390991,595.08251953125,9.292
2538.552850813998,479.775390625,8.391
2538.8760738300043,1029.703125,7.315
2539.19983103899,589.45751953125,8.507
2539.5227951349952,595.08251953125,9.23
2539.846086217003,595.08251953125,9.408
2540.1682830579957,465.70166015625,7.054
2540.492876546996,746.955078125,8.391
2540.8166710679943,595.0830078125,9.036
2541.1384194790007,493.83251953125,9.486
2541.4611301589903,465.7021484375,7.51
2541.788144072998,724.45556640625,7.963
2542.112874972998,595.08349609375,8.959
2542.434576789994,595.08349609375,9.292
2542.759432877996,489.62060546875,8.959
2543.081868092995,1029.70458984375,7.782
2543.408459208993,595.083984375,8.803
2543.730299046001,595.083984375,9.308
2544.053199553993,595.083984375,9.641
2544.375630897004,465.703125,7.315
2544.6989531459985,746.95654296875,8.391
2545.0214175449946,595.08447265625,9.114
2545.343762739998,595.08447265625,9.486
2545.667407461995,465.70361328125,7.054
2545.9902167349937,724.45703125,8.235
2546.3126032750006,488.20361328125,8.997
2546.6357741910033,595.0849609375,9.331
2546.957571496998,492.31201171875,8.43
2547.2802388769924,1029.7060546875,7.587
2547.606737795999,595.08544921875,8.726
2547.9282994789974,595.08544921875,9.308
2548.249326969002,595.08544921875,9.602
2548.572143793004,465.70458984375,7.21
2548.894257011998,746.9580078125,8.313
2549.218635994999,595.0859375,9.191
2549.5425955730025,595.0859375,9.447
2549.8674085200037,465.705078125,7.21
2550.1907785119984,724.45849609375,8.313
2550.513056566997,595.08642578125,9.114
2550.835232219004,595.08642578125,9.37
2551.156435265002,479.8671875,8.391
2551.4787813540024,1029.70751953125,7.743
2551.8012563739903,595.0869140625,8.687
2552.123154640998,516.33056640625,9.346
2552.444246643994,595.0869140625,9.68
2552.7650703819963,465.7060546875,7.288
2553.087085516003,746.95947265625,8.352
2553.4110478119983,595.08740234375,9.153
2553.735186881997,595.08740234375,9.447
2554.0566330059955,465.70654296875,7.171
2554.3793897619908,724.4599609375,8.196
2554.702683205993,595.087890625,8.959
2555.0240098700015,595.087890625,9.408
2555.348795775004,489.625,8.585
2555.672612786002,1029.708984375,8.08
2555.9964409329987,611.962890625,8.959
2556.319795465999,595.08837890625,9.308
2556.6433410129976,595.08837890625,9.834
2556.9639044209907,984.70947265625,7.51
2557.2893231759954,499.46337890625,8.468
2557.6119950959983,516.33251953125,9.269
2557.9340214599943,595.0888671875,9.486
2558.25842456799,465.7080078125,7.015
2558.5804517959914,724.46142578125,8.119
2558.903306376,595.08935546875,8.959
2559.2284516179934,626.724609375,9.486
2559.553853090998,479.7705078125,8.093
2559.8756223910023,1029.71044921875,7.886
2560.1980028769904,595.08984375,8.92
2560.5220333960024,595.08984375,9.269
2560.8448891599983,595.08984375,9.757
2561.165323986992,984.7109375,7.704
2561.4882162959984,589.46533203125,8.546
2561.810442888993,595.09033203125,9.308
2562.1351128829992,595.09033203125,9.563
2562.457530808999,465.70947265625,7.054
2562.780011297,724.462890625,8.119
2563.1026919190044,595.0908203125,8.997
2563.4266223059967,595.0908203125,9.525
2563.749265581995,465.7099609375,7.976
2564.0706257479906,1029.7119140625,8.041
2564.3943808979966,595.09130859375,8.842
2564.7162118609995,488.22119140625,9.408
2565.0412605849997,595.09130859375,9.525
2565.3639997360006,1029.71240234375,7.704
2565.685389502003,589.466796875,8.687
2566.0077219840023,595.091796875,9.269
2566.3301962940022,595.091796875,9.563
2566.654301276998,465.7109375,7.093
2566.9763947119936,724.46435546875,8.274
2567.2984756980004,595.09228515625,9.114
2567.6198987440002,595.09228515625,9.37
2567.942336316002,465.71142578125,7.743
2568.2643206909997,724.46484375,8.002
2568.585679511001,595.0927734375,8.842
2568.907506439995,595.0927734375,9.37
2569.228715110992,595.0927734375,9.308
2569.5505626169906,1034.810546875,7.548
2569.8725938720017,589.46826171875,8.61
2570.194497763994,595.09326171875,9.191
2570.5172037919983,499.6435546875,9.602
2570.8390092799964,465.71240234375,6.976
2571.162129046992,724.4658203125,8.119
2571.484122861002,595.09375,8.959
2571.8078535910026,595.09375,9.486
2572.131826664001,465.712890625,7.976
2572.453916543993,724.46630859375,8.08
2572.7765686810017,595.09423828125,8.92
2573.099093037992,595.09423828125,9.408
2573.4217683430034,595.09423828125,9.269
2573.745516415991,1029.71533203125,7.51
2574.0704251650022,589.4697265625,8.648
2574.392494083004,595.0947265625,9.191
2574.7144426779996,595.0947265625,9.602
2575.037435015998,465.7138671875,7.054
2575.360774212997,724.46728515625,8.158
2575.6830638099927,476.9658203125,9.075
2576.004743436002,595.09521484375,9.37
2576.327913186993,465.71435546875,7.821
2576.6503648999933,724.4677734375,8.08
2576.972421145998,595.095703125,8.881
2577.2956944509933,595.095703125,9.447
2577.6172547769966,595.095703125,9.346
2577.940848764003,1029.716796875,7.626
2578.263623623003,589.47119140625,8.648
2578.58655806999,599.41064453125,9.308
2578.911290586999,595.09619140625,9.525
2579.2364758210024,465.71533203125,6.976
2579.5603300079965,745.78662109375,8.274
2579.8823638189933,595.0966796875,9.075
2580.203939407991,595.0966796875,9.447
2580.5263348949957,465.7158203125,7.626
2580.8504623999906,724.46923828125,8.002
2581.172445201999,499.8232421875,8.997
2581.49484158399,595.09716796875,9.346
2581.8180426929903,485.4033203125,9.114
2582.1397896470007,1029.71826171875,7.471
2582.46443438399,589.47265625,8.61
2582.787880236996,595.09765625,9.23
2583.1119885730004,595.09765625,9.525
2583.4385798639996,465.716796875,7.015
2583.761013526004,729.8525390625,8.235
2584.082569304999,595.09814453125,9.075
2584.4044779270043,595.09814453125,9.37
2584.7264369500044,465.71728515625,7.704
2585.048749071997,724.470703125,7.963
2585.3706704939977,595.0986328125,8.881
2585.6921960320033,595.0986328125,9.37
2586.0138577329926,595.0986328125,9.308
2586.3359709689976,1395.81640625,7.51
2586.6572398900025,589.47412109375,8.571
2586.978721841995,595.09912109375,9.153
2587.3003658149973,595.09912109375,9.525
2587.621493068,465.71826171875,6.859
2587.9442754109914,724.4716796875,8.041
2588.2669310929923,595.099609375,8.881
2588.591494705004,595.099609375,9.37
2588.9153636400006,492.44921875,8.119
2589.2391285399935,1029.720703125,7.886
2589.5620195889933,617.599609375,8.881
2589.8844627849903,595.10009765625,9.269
2590.2086772979965,488.22998046875,9.757
2590.5314721199975,510.71923828125,7.471
2590.85368561199,555.76318359375,8.468
2591.1752983179904,595.1005859375,9.114
2591.4966433049995,595.1005859375,9.525
2591.8219605060003,465.7197265625,6.859
2592.144948293004,724.47314453125,8.158
2592.467407071992,595.10107421875,9.036
2592.789376300003,595.10107421875,9.331
2593.1109564289945,479.7822265625,8.391
2593.4327104190015,1029.72216796875,7.626
2593.7556322829914,595.1015625,8.726
2594.0778931039968,595.1015625,9.191
2594.4005160789966,595.1015625,9.602
2594.723701502997,465.720703125,7.198
2595.0460594780016,746.97412109375,8.313
2595.368400045001,499.65234375,9.153
2595.690825572994,595.10205078125,9.408
2596.014015669003,465.72119140625,7.249
2596.3381255040003,724.474609375,8.041
2596.663678358993,595.1025390625,8.92
2596.986227122994,595.1025390625,9.486
2597.309143321996,489.6396484375,8.701
2597.631318986998,1029.7236328125,7.587
2597.9537852840003,505.2783203125,8.765
2598.278130837003,595.10302734375,9.23
2598.6004649700044,595.10302734375,9.641
2598.9227427809965,465.72216796875,7.093
2599.2445504979987,746.9755859375,8.352
2599.566768723991,595.103515625,9.114
2599.8890318460035,595.103515625,9.486
2600.215021127995,465.72265625,7.327
2600.537441086999,724.47607421875,8.041
2600.860678797995,595.10400390625,8.92
2601.186357254992,626.7392578125,9.447
2601.511734997999,489.64111328125,8.701
2601.8349840049923,1029.72509765625,7.471
2602.1575380150025,589.4794921875,8.648
2602.4826892229903,595.1044921875,9.23
2602.805341860003,635.73974609375,9.602
2603.129581904999,465.7236328125,7.093
2603.4525904559996,746.97705078125,8.391
2603.775234228,595.10498046875,9.075
2604.099689511,595.10498046875,9.486
2604.423930290999,465.72412109375,7.327
2604.746437227004,724.4775390625,8.002
2605.0706885669933,595.10546875,8.92
2605.3933560189907,716.74072265625,9.447
2605.716274966995,489.642578125,8.842
2606.038771790001,1029.7265625,7.315
2606.363133437,589.48095703125,8.546
2606.688221442004,595.10595703125,9.23
2607.0128472880024,595.10595703125,9.486
2607.337731894004,465.72509765625,7.015
2607.660982211004,758.17138671875,8.274
2607.984476822996,595.1064453125,9.075
2608.306287321,599.4208984375,9.486
2608.628250430993,465.7255859375,7.587
2608.9547080119955,724.47900390625,7.924
2609.277480617995,499.4814453125,8.959
2609.601888121004,595.10693359375,9.346
2609.9243805259903,489.64404296875,9.075
2610.24660518,1029.72802734375,7.471
2610.5697422119993,589.482421875,8.61
2610.8919839209993,595.107421875,9.269
2611.216730250002,595.107421875,9.563
2611.54171777,465.7265625,7.054
2611.8641072269966,522.064453125,8.274
2612.1861610589986,595.10791015625,9.075
2612.509719926995,595.10791015625,9.486
2612.833230410004,465.72705078125,7.587
2613.156094249003,724.48046875,8.002
2613.4798742440034,595.1083984375,8.997
2613.801642242004,595.1083984375,9.346
2614.1284457830043,489.6455078125,8.997
2614.4515142360033,1029.7294921875,7.51
2614.774458685002,589.48388671875,8.571
2615.0980584179924,595.10888671875,9.346
2615.4221594139963,595.10888671875,9.525
2615.745536450995,465.72802734375,7.093
2616.0700880520017,746.9814453125,8.391
2616.3956178259978,595.109375,9.075
2616.7199292919977,595.109375,9.525
2617.0439807810035,465.728515625,7.366
2617.3661651110015,724.48193359375,8.08
2617.688303485993,595.10986328125,8.92
2618.0104117489973,533.228515625,9.447
2618.333634028997,489.64697265625,8.779
2618.655518828993,1029.73095703125,7.548
2618.978210340996,593.93505859375,8.687
2619.300523632992,595.1103515625,9.269
2619.622903807991,599.56005859375,9.563
2619.9466448869935,465.7294921875,7.171
2620.2686370489973,746.98291015625,8.352
2620.590276048999,595.11083984375,9.114
2620.9118654149934,595.11083984375,9.486
2621.2374905820034,465.72998046875,7.366
2621.560491541997,724.4833984375,8.002
2621.8832328790013,595.111328125,8.92
2622.2059486139915,595.111328125,9.408
2622.528072715999,489.6484375,8.842
2622.851647741001,1029.732421875,7.51
2623.174605787004,589.48681640625,8.648
2623.4964526959957,595.11181640625,9.308
2623.821072744002,595.11181640625,9.563
2624.14614259699,465.73095703125,7.171
2624.468300938999,746.984375,8.352
2624.791964253993,595.1123046875,9.153
2625.1153033029987,595.1123046875,9.447
2625.4394818650035,465.7314453125,7.288
2625.761921142999,724.48486328125,8.119
2626.0842945309996,595.11279296875,8.881
2626.4090557019954,595.11279296875,9.486
2626.730606376994,489.64990234375,8.74
2627.052660330999,1029.73388671875,7.548
2627.3749013299966,615.49853515625,8.687
2627.69726399699,595.11328125,9.23
2628.020020115,621.11767578125,9.641
2628.3433225219924,465.732421875,7.171
2628.6649910559936,746.98583984375,8.352
2628.986935918001,595.1142578125,9.114
2629.3090479520033,595.11376953125,9.447
2629.633145934,465.73291015625,7.288
2629.955687869995,724.486328125,8.08
2630.2774671259976,595.1142578125,8.92
2630.600618679993,494.03955078125,9.447
2630.9226254620007,489.6513671875,8.74
2631.2450392009923,1029.7353515625,7.548
2631.568911351991,589.490234375,8.648
2631.890756466004,595.11474609375,9.269
2632.212616043995,716.75,9.602
2632.53439875599,465.73388671875,7.432
2632.8560678639915,746.9873046875,8.43
2633.177880784002,595.115234375,9.23
2633.4997661539965,595.115234375,9.408
2633.820868173003,465.734375,7.21
2634.142813640996,724.48779296875,8.196
2634.4644978529977,595.11572265625,8.92
2634.7864201839984,595.11572265625,9.447
2635.109738908999,489.65283203125,8.663
2635.432117413002,1029.73681640625,7.548
2635.7543109199905,505.10986328125,8.726
2636.075482860004,595.1162109375,9.191
2636.3973574769916,595.1162109375,9.486
2636.7214849930024,465.7353515625,7.171
2637.0466830700025,746.98876953125,8.352
2637.371588752998,599.56640625,9.153
2637.6938455569907,595.11669921875,9.408
2638.017424352991,465.73583984375,7.288
2638.342762080996,724.4892578125,8.119
2638.665372686999,595.1171875,8.881
2638.988022974998,617.61669921875,9.408
2639.310800530002,489.654296875,8.74
2639.6332654989965,1029.73828125,7.548
2639.9552261329954,589.6279296875,8.648
2640.279412497999,595.11767578125,9.23
2640.601122565,595.11767578125,9.486
2640.9229841240012,465.73681640625,7.054
2641.245387650997,746.990234375,8.352
2641.566798091997,595.1181640625,8.997
2641.888465789001,595.1181640625,9.525
2642.2104704560043,465.7373046875,7.51
2642.532576597994,724.49072265625,7.924
2642.855698033003,516.3681640625,8.959
2643.1777279489907,595.11865234375,9.292
2643.500190965002,516.3623046875,9.075
2643.823262702994,1029.73974609375,7.432
2644.1447900749918,589.494140625,8.571
2644.4685183769907,595.119140625,9.153
2644.7917689680035,595.119140625,9.525
2645.1178249549994,465.73828125,7.015
2645.442090712997,724.49169921875,8.158
2645.765772451996,595.11962890625,9.114
2646.0874653319916,595.11962890625,9.331
2646.4092295739974,465.73876953125,7.782
2646.7313728040026,724.4921875,8.002
2647.0556987860036,595.1201171875,8.881
2647.378121639995,595.1201171875,9.37
2647.7004345059977,595.1201171875,9.269
2648.02295297799,1029.7412109375,7.548
2648.344901769,589.49560546875,8.61
2648.6669265620003,595.12060546875,9.114
2648.989034621991,499.6708984375,9.525
2649.3101222019905,465.73974609375,7.054
2649.6324182349927,724.4931640625,8.119
2649.956101029995,595.12109375,8.997
2650.278115070003,595.12109375,9.447
2650.6006730619993,465.740234375,7.938
2650.9224693680007,1029.7421875,8.002
2651.243945822993,595.12158203125,8.803
2651.5654358789907,595.12158203125,9.308
2651.8876529650006,595.12158203125,9.641
2652.2083480209985,984.74267578125,7.471
2652.5314250039955,589.4970703125,8.43
2652.8535170940013,595.1220703125,9.23
2653.175704289999,595.1220703125,9.408
2653.498968959,465.7412109375,6.781
2653.821642473995,724.49462890625,8.119
2654.1448716529994,595.12255859375,8.997
2654.4691383030004,595.12255859375,9.346
2654.794747234002,492.47216796875,8.274
2655.117670834996,1029.74365234375,7.743
2655.442240631004,595.123046875,8.765
2655.7658800609934,595.123046875,9.308
2656.088537670992,595.123046875,9.757
2656.410614302993,465.7421875,7.471
2656.7328385869914,768.3134765625,8.507
2657.0548564329947,595.12353515625,9.153
2657.37710615799,595.12353515625,9.525
2657.702075772002,465.74267578125,6.937
2658.0270415459963,724.49609375,8.158
2658.349441931001,595.1240234375,9.036
2658.6711870639992,595.1240234375,9.37
2658.9941670499975,492.4736328125,8.235
2659.3167113429954,1029.7451171875,7.886
2659.6391516010044,488.2431640625,8.842
2659.9610198729933,595.12451171875,9.308
2660.283559206,626.759765625,9.757
2660.604474009,465.74365234375,7.432
2660.926667091,752.3115234375,8.507
2661.248142679993,595.125,9.114
2661.569954534003,595.125,9.525
2661.8943831700017,465.744140625,7.21
2662.2169975760044,724.49755859375,8.196
2662.538928185997,595.12548828125,8.997
2662.8617246130016,595.12548828125,9.525
2663.1857371410006,472.84033203125,8.093
2663.507500160995,1029.74658203125,7.924
2663.830503570003,595.1259765625,8.92
2664.154069012002,595.1259765625,9.308
2664.478677428997,595.1259765625,9.68
2664.8025688960042,984.7470703125,7.587
2665.1242721379967,589.50146484375,8.493
2665.446306589991,595.12646484375,9.269
2665.770285642997,595.12646484375,9.447
2666.092125944997,465.74560546875,7.015
2666.414887042003,724.4990234375,8.08
2666.7380950639927,595.126953125,8.92
2667.062954271998,595.126953125,9.447
2667.385033204002,465.74609375,8.015
2667.7082875310007,1029.748046875,8.002
2668.0301765689946,595.12744140625,8.881
2668.352567830996,595.12744140625,9.308
2668.674917362994,595.12744140625,9.68
2668.996750142993,984.74853515625,7.626
2669.3187469599943,589.5029296875,8.532
2669.640749985003,595.1279296875,9.23
2669.9622306899983,595.1279296875,9.447
2670.2833707779937,465.7470703125,7.054
2670.6063774170034,724.50048828125,8.119
2670.9284658199904,595.12841796875,8.997
2671.2510553259926,595.12841796875,9.486
2671.5732561490004,465.7705078125,8.054
2671.895782484993,1029.74951171875,7.924
2672.218502617994,595.12890625,8.881
2672.5412331839907,595.12890625,9.254
2672.8642729429994,595.12890625,9.718
2673.1872512289992,984.75,7.704
2673.5101751119946,589.50439453125,8.648
2673.8322469379927,595.12939453125,9.23
2674.1569436099962,510.748046875,9.602
2674.4784508750017,465.74853515625,7.093
2674.800835861999,724.501953125,8.119
2675.1234196389996,595.1298828125,8.997
2675.444863925004,595.1298828125,9.447
2675.76871458799,465.7490234375,7.938
2676.092934125001,724.50244140625,8.041
2676.417237568996,595.13037109375,8.92
2676.739908100004,595.13037109375,9.37
2677.0625118119933,595.13037109375,9.269
2677.385208904001,1029.75146484375,7.548
2677.7081940350035,589.505859375,8.648
2678.0323819869955,595.130859375,9.191
2678.3547499159904,595.130859375,9.563
2678.680097422999,465.75,7.132
2679.0030603449995,747.00341796875,8.352
2679.328498574003,595.13134765625,9.036
2679.6502791569947,510.75,9.486
2679.9715679179935,465.75048828125,7.548
2680.2939291899966,724.50390625,7.963
2680.615817263999,595.1318359375,8.997
2680.9375235089974,595.1318359375,9.331
2681.2588389890007,489.6689453125,9.075
2681.581420203991,1029.7529296875,7.51
2681.903754307001,589.50732421875,8.571
2682.226801262994,533.2509765625,9.308
2682.5505806250003,595.13232421875,9.486
2682.872060237991,465.75146484375,7.054
2683.1963854719943,556.10595703125,8.352
2683.517794714993,595.1328125,9.036
2683.83966601899,595.1328125,9.447
2684.162747727998,465.751953125,7.587
2684.485365742992,724.50537109375,8.002
2684.8090259320015,595.13330078125,8.997
2685.130587851003,595.13330078125,9.331
2685.4529289929924,485.451171875,9.075
2685.7755287670007,1029.75439453125,7.548
2686.097346244991,589.5087890625,8.571
2686.42099366599,626.76904296875,9.269
2686.745214896,595.1337890625,9.486
2687.0672246350005,465.7529296875,7.054
2687.392036442994,747.00634765625,8.352
2687.7146219749993,595.13427734375,9.036
2688.036870185999,621.14453125,9.486
2688.3586434379977,465.75341796875,7.587
2688.6820033289987,724.5068359375,7.924
2689.003562109996,595.134765625,8.765
2689.3255983459967,595.134765625,9.37
2689.647373934,595.134765625,9.424
2689.972330609002,1029.755859375,7.665
2690.296707521993,589.51025390625,8.648
2690.618657675004,516.37890625,9.346
2690.9404203339946,595.13525390625,9.525
2691.2632987059915,465.75439453125,7.093
2691.5889221840043,747.0078125,8.352
2691.912636420995,595.1357421875,8.997
2692.235571434998,488.27685546875,9.486
2692.5574100950034,465.7548828125,7.548
2692.8812762089947,724.50830078125,7.963
2693.2045649280044,595.13623046875,8.997
2693.52729107099,595.13623046875,9.292
2693.8508126300003,489.67333984375,9.036
2694.174532242003,1029.75732421875,7.432
2694.4981007140013,589.51171875,8.546
2694.8228844859987,595.13671875,9.23
2695.144739818992,595.13671875,9.486
2695.470004500996,465.755859375,7.015
2695.7952762869973,729.8916015625,8.313
2696.1187588360044,595.13720703125,9.075
2696.441539731997,595.1376953125,9.447
2696.7660866959923,465.75634765625,7.548
2697.0909816069907,724.509765625,8.041
2697.41397342,595.1376953125,8.997
2697.7384865269996,595.1376953125,9.37
2698.061005622003,489.6748046875,8.92
2698.3840662379953,1029.7587890625,7.51
2698.7079329249973,589.51318359375,8.571
2699.0327899459953,595.13818359375,9.346
2699.3563020629954,595.13818359375,9.525
2699.6795973410044,465.75732421875,7.015
2700.0034071300033,747.0107421875,8.391
2700.328060143991,595.138671875,9.036
2700.6524331819965,595.138671875,9.486
2700.976539939991,465.7578125,7.483
2701.301584037996,724.51123046875,8.274
2701.6297254759993,595.13916015625,9.036
2701.954199380998,595.13916015625,9.37
2702.276644040001,489.67626953125,8.507
2702.599248992992,1029.76025390625,7.704
2702.9236706069933,595.1396484375,8.687
2703.2463842989964,599.58935546875,9.292
2703.5701569660014,595.1396484375,9.68
2703.8939769299905,465.7587890625,7.393
2704.218313773992,747.01220703125,8.507
2704.5418588500033,595.14013671875,9.114
2704.865503768,493.8837890625,9.525
2705.1870865450037,465.75927734375,7.054
2705.5105637789966,724.5126953125,7.963
2705.837062350998,595.140625,8.881
2706.1589874409983,595.140625,9.408
2706.481697419993,489.677734375,8.701
2706.806091639999,1029.76171875,7.51
2707.1284338949918,589.51611328125,8.648
2707.4510722870036,595.14111328125,9.269
2707.7731475259934,595.14111328125,9.486
2708.0934549039957,465.76025390625,7.471
2708.4194709970034,747.013671875,8.507
2708.7437403170043,595.1416015625,9.23
2709.067540695003,595.1416015625,9.447
2709.3913384490006,465.7607421875,7.132
2709.7137053759943,724.51416015625,8.158
2710.037456471997,595.14208984375,8.881
2710.361356565001,595.14208984375,9.408
2710.684241554991,489.67919921875,8.546
2711.0071685299918,1029.76318359375,7.626
2711.3315530529944,595.142578125,8.765
2711.653832936994,595.142578125,9.191
2711.976976334001,595.142578125,9.641
2712.302035917004,465.76171875,7.315
2712.626695519997,747.01513671875,8.43
2712.949093421994,595.14306640625,9.153
2713.270751110991,595.14306640625,9.486
2713.596004747,465.76220703125,7.132
2713.9182739739917,724.515625,8.274
2714.240263351996,493.89306640625,9.075
2714.5655411490006,595.1435546875,9.37
2714.8871514109924,482.73681640625,8.391
2715.2090940039925,1029.7646484375,7.704
2715.5322612409946,595.14404296875,8.687
2715.854480449998,488.2626953125,9.346
2716.1755798489903,595.14404296875,9.68
2716.498441157004,465.76318359375,7.354
2716.8205906349904,747.0166015625,8.43
2717.1418136529974,595.14453125,9.114
2717.463352232997,595.14453125,9.447
2717.7866724019987,465.763671875,7.132
2718.1108213319967,724.51708984375,8.235
2718.435375425004,477.021484375,9.075
2718.759344924998,595.14501953125,9.37
2719.082334075996,492.49462890625,8.391
2719.4052525689913,1029.76611328125,7.704
2719.7281329160032,595.1455078125,8.687
2720.0540568419965,595.1455078125,9.37
2720.3759621200006,595.1455078125,9.718
2720.7006642490014,465.7646484375,7.354
2721.0243664449954,747.01806640625,8.546
2721.345985377993,595.14599609375,9.114
2721.6698999630025,617.6455078125,9.602
2721.996219772991,465.76513671875,7.015
2722.319519907993,724.5185546875,8.196
2722.643178804996,595.146484375,9.075
2722.964543522001,595.146484375,9.37
2723.288656160992,492.49609375,8.352
2723.6116730549984,1029.767578125,7.782
2723.9336841589975,595.14697265625,8.726
2724.2563655870035,595.14697265625,9.408
2724.5813282029994,595.14697265625,9.796
2724.9052566119935,465.76611328125,7.471
2725.2268228059984,747.01953125,8.546
2725.548295045999,595.1474609375,9.075
2725.8718540669943,595.1474609375,9.563
2726.1949693630013,465.7666015625,6.937
2726.5167974529904,724.52001953125,8.041
2726.8390991249908,595.14794921875,8.842
2727.1624144590023,595.14794921875,9.408
2727.483710916,489.68505859375,8.624
2727.8055576619954,465.701171875,6.82
2728.128690782003,746.95458984375,8.235
2728.4526878000033,595.08251953125,8.959
2728.777144480002,595.08251953125,9.486
2729.09926844899,465.701171875,6.976
2729.424394332993,724.45458984375,8.158
2729.748679903001,595.08251953125,8.997
2730.073910780993,595.08251953125,9.447
2730.397026204999,505.18212890625,8.158
2730.721353023997,1029.70361328125,7.86
2731.0468457009993,533.20166015625,8.842
2731.373249094002,595.0830078125,9.23
2731.698735979997,595.0830078125,9.757
2732.020026483995,984.7041015625,7.432
2732.3459551739943,499.46337890625,8.43
2732.6697345209977,655.96875,9.191
2732.995616649001,595.08349609375,9.408
2733.3189603659994,465.70263671875,7.015
2733.645313645,724.4560546875,8.08
2733.967949757003,595.083984375,8.959
2734.295285881002,494.00927734375,9.486
2734.6186033569975,472.798828125,8.054
2734.9411481370043,1029.705078125,8.002
2735.263235848004,595.08447265625,8.842
2735.587410565,595.08447265625,9.308
2735.9099615529994,595.08447265625,9.641
2736.231379324003,984.70556640625,7.548
2736.554387925993,589.4599609375,8.507
2736.878230504997,595.0849609375,9.269
2737.2018657169974,595.0849609375,9.486
2737.5257946659985,465.7041015625,6.898
2737.8491736470023,724.45751953125,8.08
2738.1720471720037,595.08544921875,8.959
2738.494262598004,595.08544921875,9.37
2738.8189107039943,492.43505859375,8.196
2739.141918920999,1029.70654296875,8.002
2739.465713081998,595.0859375,8.92
2739.7882923900033,595.0859375,9.331
2740.110610121992,595.0859375,9.68
2740.431510180002,984.70703125,7.51
2740.754815622,589.46142578125,8.468
2741.0781066950003,595.08642578125,9.269
2741.4002663099964,595.08642578125,9.486
2741.722750895002,465.70556640625,6.898
2742.044440063997,724.458984375,8.119
2742.3683236020006,595.0869140625,8.959
2742.690546579004,595.22216796875,9.447
2743.0120804780017,492.43701171875,8.235
2743.3339059069986,724.45947265625,8.352
2743.6566410270025,595.08740234375,9.153
2743.9805246609903,595.08740234375,9.447
2744.3029631629906,489.62451171875,8.959
2744.6252242519986,1029.70849609375,7.626
2744.9470664489927,593.77734375,8.726
2745.2699292199977,595.087890625,9.23
2745.5920158719964,599.53759765625,9.602
2745.9131440950005,465.70703125,6.898
2746.2349353129975,544.4599609375,8.196
2746.5562998309906,595.08837890625,8.997
2746.8781555000023,595.08837890625,9.331
2747.2005688490026,465.70751953125,7.704
2747.5227663190017,1029.70947265625,7.924
2747.8445358409954,595.0888671875,8.765
2748.1673619700014,595.0888671875,9.292
2748.4885236970003,595.0888671875,9.602
2748.809355653997,984.7099609375,7.393
2749.13166256799,494.0146484375,8.391
2749.453425464002,595.08935546875,9.075
2749.774874495997,595.08935546875,9.486
2750.0984798479913,465.70849609375,6.898
2750.4203477389965,724.4619140625,8.158
2750.7418558759964,595.08984375,9.036
2751.0629216639936,595.08984375,9.331
2751.385198752003,479.77099609375,8.391
2751.707276408997,1029.7109375,7.626
2752.029509111002,595.09033203125,8.687
2752.3516689149983,595.09033203125,9.191
2752.673657769992,595.09033203125,9.602
2752.9972996979923,465.70947265625,7.132
2753.3197621349973,746.962890625,8.274
2753.646065997993,621.09521484375,9.153
2753.9711221759935,595.0908203125,9.408
2754.293880878002,465.7099609375,7.249
2754.616354290003,724.46337890625,8.158
2754.9384138659952,595.09130859375,8.881
2755.2609317919996,595.09130859375,9.447
2755.582764161998,489.62841796875,8.701
2755.9090625840036,1029.71240234375,7.432
2756.2311059990025,589.466796875,8.571
2756.5542338310042,595.091796875,9.215
2756.8759147389937,595.091796875,9.408
2757.199913605,465.7109375,7.015
2757.5236611349974,746.96435546875,8.352
2757.8452550319926,595.09228515625,8.997
2758.167751995992,499.4609375,9.486
2758.490166142001,465.71142578125,7.51
2758.8150324570015,724.46484375,7.924
2759.137279237999,595.0927734375,8.881
2759.460626115004,595.0927734375,9.346
2759.7832339619927,595.0927734375,9.191
2760.1061943639943,1029.7138671875,7.548
2760.4332006780023,589.46826171875,8.571
2760.7585013100033,493.8427734375,9.308
2761.080883870003,595.09326171875,9.486
2761.4030357029987,465.71240234375,6.976
2761.725945126993,544.46240234375,8.274
2762.049854099998,595.09375,9.036
2762.3713510969974,595.09423828125,9.447
2762.693250761993,465.712890625,7.626
2763.0170329480025,724.46630859375,8.002
2763.3401308890025,595.09423828125,8.997
2763.6631940439984,595.09423828125,9.346
2763.9852256489976,489.63134765625,9.075
2764.307373160991,1029.71533203125,7.471
2764.6301212349936,589.4697265625,8.61
2764.952197416991,595.0947265625,9.269
2765.274614376991,595.0947265625,9.563
2765.6004073099903,465.7138671875,7.015
2765.9238541560044,724.46728515625,8.196
2766.2467000250035,595.09521484375,9.114
2766.5705159380013,595.09521484375,9.408
2766.8929896670015,465.71435546875,7.665
2767.217335355992,724.4677734375,8.002
2767.539628183993,595.095703125,9.036
2767.8619919890043,595.095703125,9.331
2768.1839451589913,489.6328125,9.075
2768.5071016919974,1029.716796875,7.51
2768.8298988219904,589.47119140625,8.571
2769.152107135,493.83984375,9.308
2769.4760858679947,595.09619140625,9.486
2769.7987307049916,465.71533203125,6.976
2770.121517114996,755.91162109375,8.235
2770.44437133499,595.0966796875,9.075
2770.766674145998,595.0966796875,9.447
2771.0889208269946,465.7158203125,7.626
2771.414464565998,724.46923828125,8.002
2771.7367264159984,595.09716796875,8.997
2772.058910598993,595.09716796875,9.331
2772.381332068995,479.8779296875,9.075
2772.704441815993,1029.71826171875,7.471
2773.027659821004,589.47265625,8.61
2773.3499341190036,595.09765625,9.23
2773.6716860960005,595.09765625,9.602
2773.99560677899,465.716796875,7.015
2774.3183399379923,724.47021484375,8.196
2774.640336786004,595.09814453125,9.153
2774.963093305996,595.09814453125,9.408
2775.2854740059993,465.71728515625,7.743
2775.609414175997,724.470703125,7.963
2775.9336509959976,595.0986328125,8.92
2776.2557982159924,595.0986328125,9.385
2776.578530863,595.09912109375,9.191
2776.9005118060013,1029.7197265625,7.51
2777.222974524004,589.47412109375,8.648
2777.544566591998,595.09912109375,9.191
2777.8668730810023,595.09912109375,9.602
2778.1900492279965,465.71826171875,7.093
2778.5116934249963,724.4716796875,8.235
2778.8365137810033,595.099609375,9.153
2779.1585482619994,595.099609375,9.37
2779.4798536649905,465.71875,7.743
2779.802324445991,724.47216796875,8.002
2780.124593045999,615.4853515625,8.92
2780.4505680599977,595.10009765625,9.346
2780.7752666189917,655.9853515625,9.114
2781.096785499991,1029.72119140625,7.51
2781.4182143619983,589.4755859375,8.61
2781.7396840889996,595.1005859375,9.191
2782.061833707994,595.1005859375,9.602
2782.3861718410044,465.7197265625,7.015
2782.708250194002,724.47314453125,8.158
2783.030760783993,595.10107421875,9.114
2783.3527340769942,595.10107421875,9.331
2783.6743215669994,465.72021484375,7.782
2783.9965460359963,724.4736328125,8.002
2784.3184501119977,595.1015625,8.842
2784.6401273959927,595.1015625,9.408
2784.9621533309983,595.1015625,9.308
2785.284277764993,1029.72265625,7.626
2785.6066271009913,589.47705078125,8.648
2785.9282795519975,595.10205078125,9.23
2786.250129737993,595.10205078125,9.563
2786.5746416019974,465.72119140625,7.015
2786.896508107995,724.474609375,8.158
2787.218820449998,595.1025390625,9.114
2787.540571463993,595.1025390625,9.37
2787.8623885599955,465.7216796875,7.821
2788.1845310740027,724.47509765625,8.041
2788.5057901690016,595.10302734375,8.842
2788.8292613929952,595.10302734375,9.408
2789.150627402996,595.10302734375,9.385
2789.4723466720025,1029.72412109375,7.587
2789.794185976003,589.478515625,8.687
2790.116135586999,595.103515625,9.153
2790.4385986209963,595.103515625,9.602
2790.763839626001,465.72265625,7.093
2791.0883432339906,724.47607421875,8.196
2791.413321799002,595.10400390625,9.114
2791.7359927429934,595.10400390625,9.331
2792.0579892029928,465.72314453125,7.782
2792.380170820994,724.4765625,8.002
2792.7017854129954,595.1044921875,8.803
2793.024731917001,595.1044921875,9.37
2793.347794232992,595.1044921875,9.424
2793.6704474799917,989.07421875,7.587
2793.9921323140006,589.47998046875,8.571
2794.314135845998,595.10498046875,9.153
2794.6356985320017,595.10498046875,9.447
2794.9580618820037,465.72412109375,7.093
2795.2800774139905,724.4775390625,8.119
2795.601677572995,595.10546875,8.997
2795.9234403610026,595.10546875,9.486
2796.2451914050034,465.724609375,7.976
2796.5675868510007,1029.7265625,7.769
2796.8894597219914,499.83203125,8.803
2797.2112019009946,595.10595703125,9.269
2797.5333742369985,615.4912109375,9.718
2797.8575438169937,465.72509765625,7.315
2798.1794651689997,746.978515625,8.468
2798.5014748429967,595.1064453125,9.075
2798.8246176079992,510.73095703125,9.525
2799.146598705993,465.7255859375,6.976
2799.4687639689946,724.47900390625,8.158
2799.792530046994,595.10693359375,8.959
2800.1149676060013,595.10693359375,9.331
2800.436838365,489.64404296875,8.507
2800.7589066959918,1029.72802734375,7.51
2801.0861191820004,516.35693359375,8.726
2801.410937131004,595.107421875,9.23
2801.735301691995,595.107421875,9.641
2802.060180314991,465.7265625,7.093
2802.3832948219933,746.97998046875,8.235
2802.7063995039935,595.1083984375,8.997
2803.030908419998,595.10791015625,9.37
2803.3564974320034,465.72705078125,7.288
2803.6804148739902,724.48046875,7.808
2804.004665318993,595.10791015625,8.92
2804.3290597669984,595.1083984375,9.23
2804.653435526998,499.47705078125,9.036
2804.9764667339914,1029.7294921875,7.471
2805.3018455959973,589.48388671875,8.61
2805.626517491997,595.10888671875,9.191
2805.9512435979996,595.10888671875,9.602
2806.276505367001,465.72802734375,7.015
2806.602150667997,724.4814453125,8.158
2806.9258560710005,595.109375,9.153
2807.2495074250037,595.109375,9.408
2807.5733124149992,465.728515625,7.626
2807.896405446998,724.48193359375,8.002
2808.220593648992,595.10986328125,9.036
2808.543651287997,595.10986328125,9.331
2808.8683259669924,489.64697265625,8.997
2809.193119465999,1029.73095703125,7.471
2809.5160167809954,589.4853515625,8.585
2809.8389214869967,626.74560546875,9.269
2810.1631330480013,595.1103515625,9.486
2810.4852696040034,465.7294921875,6.976
2810.8105590210034,938.17578125,8.274
2811.132440817004,595.11083984375,9.075
2811.454550490991,595.111328125,9.447
2811.778496187995,465.72998046875,7.587
2812.101530529995,724.4833984375,7.963
2812.4241732759983,595.111328125,8.997
2812.7482998740015,595.111328125,9.331
2813.070574736994,489.6484375,8.997
2813.395260295001,1029.732421875,7.51
2813.7175490139925,589.48681640625,8.571
2814.0402187049913,595.11181640625,9.346
2814.3624268769927,595.11181640625,9.525
2814.688257557995,465.73095703125,6.976
2815.0108840149915,746.984375,8.274
2815.335960847995,595.1123046875,9.036
2815.661584098998,499.48095703125,9.563
2815.984442913992,465.7314453125,7.471
2816.308763948997,724.48486328125,8.002
2816.633201499004,595.11279296875,8.959
2816.955523658995,595.11279296875,9.424
2817.280915572992,489.64990234375,8.881
2817.6047815229977,1029.73388671875,7.51
2817.9269489889994,589.48828125,8.61
2818.249092486003,595.11328125,9.346
2818.5707497289986,595.11328125,9.525
2818.893663041992,465.732421875,7.393
2819.2164620149997,746.98583984375,8.391
2819.5417711420014,476.982421875,9.23
2819.865887658001,595.11376953125,9.447
2820.1895373759908,465.73291015625,7.21
2820.5128992779937,724.486328125,8.041
2820.8357949889905,595.1142578125,8.881
2821.1595430140005,533.23291015625,9.408
2821.482739661995,489.6513671875,8.74
2821.804774450997,1029.7353515625,7.665
2822.1287122420035,595.11474609375,8.765
2822.4512564859906,595.11474609375,9.191
2822.7747248539963,611.9892578125,9.563
2823.097948127004,465.73388671875,7.093
2823.4228685699927,746.9873046875,8.313
2823.746728276994,635.75048828125,9.153
2824.0694315019937,595.115234375,9.447
2824.39479518999,465.734375,7.249
2824.717971164995,724.48779296875,8.041
2825.0407004699955,595.11572265625,8.881
2825.3633315960033,510.734375,9.408
2825.684655867997,489.65283203125,8.765
2826.0075735619903,1029.73681640625,7.471
2826.3316398669995,589.4912109375,8.532
2826.6537072639912,595.1162109375,9.269
2826.9757029789907,595.1162109375,9.447
2827.296800971002,465.7353515625,6.976
2827.6197258019965,611.9853515625,8.274
2827.94218120999,595.11669921875,9.075
2828.265181594994,595.11669921875,9.37
2828.587315201992,465.73583984375,7.626
2828.911414018992,724.4892578125,7.924
2829.2344722929993,595.1171875,8.842
2829.5573698259977,595.1171875,9.331
2829.8801807650016,595.1171875,9.23
2830.2019923140033,1029.73828125,7.587
2830.526453093,589.49267578125,8.648
2830.84873944,595.11767578125,9.23
2831.1734064009943,595.11767578125,9.525
2831.500167185004,465.73681640625,7.054
2831.825452692996,578.23681640625,8.313
2832.147245361004,595.1181640625,9.036
2832.4741677489947,595.1181640625,9.486
2832.796548017999,465.7373046875,7.548
2833.119427597994,724.49072265625,7.963
2833.4420672029955,617.6181640625,8.959
2833.765574737001,595.11865234375,9.308
2834.0902889309946,477.0869140625,9.036
2834.4124440089945,1029.73974609375,7.51
2834.7341827229975,589.494140625,8.571
2835.061113014992,476.98974609375,9.308
2835.3831303920015,595.119140625,9.486
2835.7052942059963,465.73828125,6.898
2836.029343068003,724.49169921875,8.196
2836.352191222002,595.11962890625,9.075
2836.6737669540016,595.11962890625,9.331
2836.9960688199935,465.73876953125,7.704
2837.3209865389945,1029.74072265625,7.782
2837.645119114997,595.1201171875,8.803
2837.970224935998,595.1201171875,9.308
2838.2925418739906,595.1201171875,9.68
2838.6139657930034,1029.7412109375,7.743
2838.937809431998,589.49560546875,8.726
2839.259829784991,595.12060546875,9.191
2839.581915771996,595.12060546875,9.602
2839.9032382150035,465.73974609375,7.054
2840.225672115994,724.4931640625,8.158
2840.54779061499,595.12109375,8.997
2840.8700495989906,595.12109375,9.408
2841.193809970995,465.740234375,7.938
2841.5158899410017,544.490234375,8.08
2841.838318177004,595.12158203125,8.842
2842.164459195992,516.37109375,9.408
2842.4887064939976,595.12158203125,9.385
2842.811356432998,984.74267578125,7.548
2843.1330296700035,589.4970703125,8.585
2843.4547834219993,595.1220703125,9.153
2843.776583254992,595.1220703125,9.486
2844.0997217839904,465.7412109375,6.82
2844.423125407993,724.49462890625,8.041
2844.744760628004,595.12255859375,8.881
2845.067722926993,599.43701171875,9.37
2845.389735757999,492.47216796875,8.158
2845.7118338080036,1029.74365234375,7.743
2846.03321778799,595.123046875,8.687
2846.3564939200005,595.123046875,9.331
2846.6793529519928,595.123046875,9.68
2847.0041739939916,465.7421875,7.327
2847.3259180489986,746.99560546875,8.468
2847.649362953991,595.12353515625,9.114
2847.9720057550003,621.1337890625,9.525
2848.2933754620026,465.74267578125,7.054
2848.6164276189957,724.49609375,8.196
2848.9379536829947,595.1240234375,8.92
2849.2588864489953,595.1240234375,9.408
2849.581455998996,489.6611328125,8.585
2849.9034479330003,1029.7451171875,7.665
2850.2254445059953,595.12451171875,8.765
2850.5477862099942,595.12451171875,9.23
2850.8702485569956,595.12451171875,9.641
2851.190863169002,465.74365234375,7.393
2851.513511664991,746.9970703125,8.43
2851.837003609995,595.125,9.191
2852.161583491994,595.125,9.525
2852.4833897880017,465.744140625,7.093
2852.805570686003,724.49755859375,8.196
2853.1271587340016,595.12548828125,8.997
2853.448238447003,595.12548828125,9.408
2853.770296877992,489.66259765625,8.585
2854.0919668799907,1029.74658203125,7.665
2854.4136547719972,595.1259765625,8.765
2854.7352114270034,595.1259765625,9.269
2855.0573306259903,595.1259765625,9.641
2855.3796326159936,465.7451171875,7.276
2855.701453949994,746.99853515625,8.352
2856.0240646210004,595.12646484375,9.23
2856.3459565810044,595.12646484375,9.447
2856.669664403991,465.74560546875,7.21
2856.9920783319976,724.4990234375,8.196
2857.314329471992,595.126953125,8.959
2857.6367694479995,595.126953125,9.486
2857.958922441001,489.6640625,8.624
2858.284018495993,1029.748046875,7.587
2858.6073750439973,595.12744140625,8.765
2858.928760652998,595.12744140625,9.191
2859.250276377992,595.12744140625,9.563
2859.5723146149976,465.74658203125,6.937
2859.8955677030026,747.0,8.313
2860.217358668,595.1279296875,9.036
2860.539564492996,595.1279296875,9.525
2860.866056814004,465.7470703125,7.432
2861.1878535379947,724.50048828125,8.041
2861.509484337992,595.12841796875,8.959
2861.832685649002,595.12841796875,9.331
2862.158135922,489.66552734375,8.92
2862.483194151995,1029.74951171875,7.51
2862.805420328994,589.50390625,8.61
2863.127863856993,595.12890625,9.308
2863.449919724997,595.12890625,9.563
2863.7727063979983,465.748046875,7.249
2864.095750455992,747.00146484375,8.391
2864.4194972859987,595.12939453125,9.114
2864.7406615749933,595.12939453125,9.486
2865.065081032997,465.74853515625,7.366
2865.3876230909955,724.501953125,8.119
2865.7089485369943,595.1298828125,8.881
2866.0313436459983,499.49853515625,9.408
2866.352636579002,489.6669921875,8.765
2866.674764447991,1029.7509765625,7.548
2866.9969332460023,589.50537109375,8.687
2867.318453674001,595.13037109375,9.269
2867.6401188409945,595.13037109375,9.486
2867.961430526004,465.701171875,6.519
2868.283198543999,724.45458984375,7.886
2868.605137350998,595.08251953125,8.842
2868.9300802479993,595.08251953125,9.447
2869.2523784899968,465.72998046875,8.054
2869.575344591998,1029.703125,7.886
2869.8981620809936,595.08251953125,8.881
2870.2196392100013,595.08251953125,9.269
2870.541445533003,595.08251953125,9.796
2870.8626584619924,1074.703125,7.432
2871.184668278991,555.70166015625,8.43
2871.507325411003,595.0830078125,9.191
2871.831801541004,595.0830078125,9.486
2872.1559951669915,465.7021484375,7.054
2872.4808887809922,724.45556640625,8.119
2872.803911651994,595.08349609375,8.92
2873.1270429419965,493.8271484375,9.447
2873.449001813002,497.935546875,8.132
2873.771195345995,1029.70458984375,8.002
2874.093377390993,595.083984375,8.92
2874.4151613400027,595.083984375,9.269
2874.7371931239904,595.083984375,9.718
2875.0585274399928,984.705078125,7.51
2875.3807435719937,589.45947265625,8.468
2875.702340930002,505.083984375,9.23
2876.0241732110007,595.08447265625,9.447
2876.3524466050003,465.70361328125,7.015
2876.6762499100005,724.45703125,8.119
2877.000263398004,595.0849609375,8.959
2877.3258803469944,516.33447265625,9.447
2877.649945860001,472.7998046875,8.054
2877.972775700997,1029.7060546875,7.665
2878.294870425001,595.08544921875,8.726
2878.6166841609956,595.08544921875,9.308
2878.9393437969993,595.08544921875,9.757
2879.260470631998,465.70458984375,7.432
2879.5840595999907,746.9580078125,8.546
2879.9067870610015,595.0859375,9.153
2880.230441844993,595.0859375,9.563
2880.5538655690034,465.705078125,6.937
2880.875763486998,724.45849609375,8.158
2881.199279042994,595.08642578125,9.036
2881.5218927469978,595.08642578125,9.331
2881.8466354659904,492.43603515625,8.313
2882.169221409,1029.70751953125,7.743
2882.491824534998,595.0869140625,8.726
2882.8146078470018,595.0869140625,9.346
2883.135912697995,595.0869140625,9.718
2883.4597004889947,465.7060546875,7.315
2883.781220054996,746.95947265625,8.468
2884.1026800010004,595.08740234375,9.075
2884.425240879995,615.47265625,9.486
2884.7466690629954,465.70654296875,7.054
2885.0686170209956,724.4599609375,8.119
2885.3910269280022,595.087890625,8.881
2885.712508249999,595.087890625,9.408
2886.034340949991,489.625,8.585
2886.3566573599965,1029.708984375,7.548
2886.6813613319973,516.337890625,8.765
2887.002607064991,595.08837890625,9.191
2887.324722356003,493.83203125,9.563
2887.6486173640005,465.70751953125,6.976
2887.9713388819946,746.9609375,8.352
2888.2923747909954,595.0888671875,8.997
2888.6152301010006,595.0888671875,9.486
2888.9375895300036,465.7080078125,7.471
2889.260250225998,724.46142578125,7.963
2889.5830542839976,595.08935546875,8.959
2889.905394204994,595.08935546875,9.292
2890.22736200699,489.62646484375,8.997
2890.5495157989935,1029.71044921875,7.471
2890.8714480609924,589.46484375,8.532
2891.193497576998,595.09033203125,9.153
2891.5151752910024,595.08984375,9.525
2891.8384965809964,465.708984375,7.015
2892.1604757379973,724.46240234375,8.158
2892.482152828001,595.09033203125,9.114
2892.80421926899,595.09033203125,9.331
2893.1262193049915,465.70947265625,7.821
2893.448538048993,724.462890625,8.002
2893.7712183669937,595.0908203125,8.842
2894.0940739579964,595.0908203125,9.408
2894.415488756,595.0908203125,9.385
2894.7371089579974,1029.7119140625,7.626
2895.0586216630036,589.46630859375,8.687
2895.3806203190034,595.09130859375,9.153
2895.7027023580013,595.09130859375,9.563
2896.024151328995,465.71044921875,7.015
2896.347961118998,724.4638671875,8.08
2896.6700232680014,595.091796875,8.997
2896.9923066409974,595.091796875,9.447
2897.3167567079945,465.7109375,7.938
2897.6406919500005,521.9609375,8.041
2897.9629008030024,595.09228515625,8.803
2898.2846195460006,595.09228515625,9.37
2898.606948750996,595.09228515625,9.447
2898.9277294979984,984.71337890625,7.471
2899.249285333004,589.4677734375,8.43
2899.574083507003,595.0927734375,9.191
2899.895696446998,595.0927734375,9.37
2900.2183931659965,465.7119140625,6.937
2900.540024086993,724.46533203125,8.08
2900.8620533229987,595.09326171875,8.92
2901.1840247630025,595.09326171875,9.37
2901.5052485390042,492.44287109375,8.196
2901.8277546820027,1029.71435546875,7.782
2902.1492815319943,595.09375,8.726
2902.4707531469903,595.09375,9.346
2902.7919086600014,595.09375,9.718
2903.115752532991,465.712890625,7.327
2903.4374947379983,746.96630859375,8.468
2903.7595081759937,595.09423828125,9.075
2904.082056589992,621.1044921875,9.486
2904.4036302869936,465.71337890625,7.054
2904.725938574993,724.466796875,8.119
2905.0478316020017,595.0947265625,8.881
2905.3707785509905,595.0947265625,9.408
2905.6922469940037,489.6318359375,8.624
2906.0162317810027,1029.7158203125,7.665
2906.3375529460027,595.09521484375,8.765
2906.660563037003,595.09521484375,9.308
2906.9837559809966,595.09521484375,9.718
2907.304607786995,465.71435546875,7.249
2907.628436344996,746.9677734375,8.352
2907.9527913259953,595.095703125,9.191
2908.274755310995,595.095703125,9.447
2908.5967807330017,465.71484375,7.132
2908.9186783289915,724.46826171875,8.158
2909.240058259995,595.09619140625,8.881
2909.5617538539955,595.09619140625,9.408
2909.883172649992,489.63330078125,8.663
2910.205233789995,1029.71728515625,7.665
2910.527998809004,595.0966796875,8.803
2910.84936958499,595.0966796875,9.23
2911.173914828003,595.0966796875,9.641
2911.494564629,465.7158203125,7.249
2911.8174774969957,746.96923828125,8.313
2912.140169712002,510.7216796875,9.191
2912.462579318002,595.09716796875,9.447
2912.7868495000002,465.71630859375,7.288
2913.109090276994,724.4697265625,8.313
2913.4318894570024,655.98291015625,9.036
2913.754413467992,595.09765625,9.37
2914.077730997,489.634765625,8.546
2914.400679896993,1029.71875,7.847
2914.7223726719967,595.09814453125,8.765
2915.04545941799,595.09814453125,9.37
2915.3678628579946,595.09814453125,9.718
2915.6901860569924,465.71728515625,7.171
2916.013162185991,746.970703125,8.391
2916.339226312004,595.0986328125,9.114
2916.664065232995,595.0986328125,9.447
2916.9858233819978,465.7177734375,7.054
2917.3101321830036,724.47119140625,8.158
2917.632126048993,595.09912109375,8.959
2917.9538754120003,595.09912109375,9.424
2918.2756051579927,489.63623046875,8.585
2918.5977008710033,1029.72021484375,7.821
2918.9201392510004,595.099609375,8.726
2919.243558906004,595.099609375,9.424
2919.565342232003,595.099609375,9.68
2919.889359185996,465.71875,7.393
2920.2123985770013,746.97216796875,8.507
2920.534247107993,595.10009765625,9.075
2920.8566461860028,621.1103515625,9.486
2921.178876741993,465.71923828125,7.015
2921.501690915,724.47265625,7.886
2921.8252020429936,595.1005859375,8.803
2922.1498036379926,476.96923828125,9.447
2922.4734873839916,489.6376953125,8.701
2922.7961257699935,1029.7216796875,7.808
2923.1178363880026,595.10107421875,8.765
2923.440363086993,499.48095703125,9.385
2923.7620799279975,595.10107421875,9.718
2924.085397953997,465.72021484375,7.288
2924.407452318992,746.9736328125,8.43
2924.728801153993,595.1015625,9.114
2925.0517906629975,595.10205078125,9.486
2925.374630338003,465.720703125,7.093
2925.698973644001,724.47412109375,8.196
2926.0224348109914,621.1064453125,8.997
2926.3460515719926,595.10205078125,9.37
2926.6700779469975,482.783203125,8.391
2926.9921068190015,1029.72314453125,7.51
2927.3137106079957,595.1025390625,8.726
2927.6351059599983,595.1025390625,9.153
2927.9587849300005,516.34619140625,9.563
2928.2815158110025,465.7216796875,7.21
2928.6036274149956,746.97509765625,8.352
2928.9268399389985,599.552734375,9.153
2929.249424745998,595.10302734375,9.447
2929.576273612998,465.72216796875,7.288
2929.898138646997,724.4755859375,8.313
2930.2208321149956,621.11376953125,9.036
2930.542786973994,595.103515625,9.37
2930.864358916995,489.640625,8.507
2931.186217501003,1029.724609375,7.704
2931.5076763789984,595.10400390625,8.726
2931.829481758992,595.10400390625,9.269
2932.1510198589967,595.10400390625,9.641
2932.4721492289973,465.72314453125,7.249
2932.793985409997,746.9765625,8.313
2933.11593497399,595.1044921875,9.153
2933.4382445590018,595.1044921875,9.447
2933.7606575590034,465.7236328125,7.249
2934.082976439997,724.47705078125,8.196
2934.4043776329927,595.10498046875,8.92
2934.727370940993,595.10498046875,9.447
2935.0491271469946,489.64208984375,8.663
2935.373959089993,1029.72607421875,7.548
2935.696631466999,617.60498046875,8.726
2936.020140720997,595.10546875,9.191
2936.34293380499,499.49658203125,9.563
2936.6663710440043,465.724609375,7.132
2936.9901826040004,746.97802734375,8.313
2937.314710110004,595.10595703125,9.075
2937.6369014989905,595.10595703125,9.408
2937.9639006249927,465.72509765625,7.288
2938.288401616999,724.478515625,8.041
2938.611903277997,595.1064453125,8.881
2938.937201195993,499.83251953125,9.486
2939.259634271002,489.6435546875,8.701
2939.583893720992,1029.7275390625,7.587
2939.907202863993,516.3564453125,8.726
2940.229149876992,595.10693359375,9.191
2940.553657422992,716.7421875,9.563
2940.87745857799,465.72607421875,7.093
2941.1998029739916,746.9794921875,8.313
2941.5217340300005,595.107421875,8.997
2941.844341528995,595.107421875,9.486
2942.1713008399965,465.7265625,7.366
2942.4951292740006,724.47998046875,8.002
2942.8174694119953,595.10791015625,8.92
2943.138893751995,595.10791015625,9.331
2943.463263130994,489.64501953125,8.842
2943.78534032499,1029.72900390625,7.354
2944.1070661379927,589.4833984375,8.532
2944.42845132199,595.1083984375,9.114
2944.7509278200014,595.1083984375,9.525
2945.0757291280024,465.7275390625,7.21
2945.398995783995,746.98095703125,8.43
2945.721786975002,595.10888671875,9.114
2946.0459026570024,595.10888671875,9.563
2946.371187016004,465.72802734375,7.471
2946.695884257002,724.4814453125,8.041
2947.0188906719995,595.109375,8.959
2947.343641671003,595.109375,9.37
2947.6653436780034,489.646484375,8.842
2947.990270189999,1029.73046875,7.51
2948.3130350379943,589.48486328125,8.687
2948.6360277950007,595.10986328125,9.269
2948.9599131089926,599.42431640625,9.641
2949.2834478430013,465.72900390625,7.132
2949.6072440879943,746.982421875,8.352
2949.9293762570014,595.1103515625,9.114
2950.2517272879923,595.1103515625,9.486
2950.575692008002,465.7294921875,7.366
2950.8975917310017,724.48291015625,8.041
2951.2204589360044,595.11083984375,8.92
2951.542451524001,499.4794921875,9.447
2951.863874497998,489.64794921875,8.818
2952.186537706002,1029.73193359375,7.626
2952.5085839469975,510.72998046875,8.726
2952.8311198029987,595.111328125,9.269
2953.152747988992,499.50244140625,9.602
2953.4754863849957,465.73046875,7.132
2953.7982806709915,746.98388671875,8.352
2954.1205568799924,595.11181640625,9.114
2954.4436236939946,595.11181640625,9.486
2954.769263381997,465.73095703125,7.327
2955.091967567001,724.484375,8.119
2955.4148423540028,595.1123046875,8.92
2955.737811628991,595.1123046875,9.486
2956.0603982549947,489.6494140625,8.74
2956.3845193710004,1029.7333984375,7.587
2956.7072286799958,499.6630859375,8.726
2957.030979677991,595.11279296875,9.23
2957.353761819002,595.11279296875,9.68
2957.6772133969935,465.73193359375,7.21
2957.9994523850037,746.9853515625,8.352
2958.3219507489994,626.74853515625,9.153
2958.6460414859903,595.11328125,9.408
2958.9693949240027,465.732421875,7.288
2959.291718829001,724.48583984375,8.196
2959.613251321003,595.11376953125,8.881
2959.935734418992,595.11376953125,9.447
2960.257570182992,489.65087890625,8.663
2960.58024775199,1029.73486328125,7.471
2960.9018174999946,589.4892578125,8.571
2961.223662176999,595.1142578125,9.269
2961.545132266998,595.1142578125,9.447
2961.8668888910033,465.7333984375,6.976
2962.190905230993,746.98681640625,8.313
2962.512540340991,595.11474609375,8.997
2962.8346435290005,621.125,9.408
2963.1613978059904,465.73388671875,7.587
2963.484425910996,724.4873046875,8.08
2963.8067472389957,595.115234375,8.959
2964.1284176499903,595.115234375,9.37
2964.4527029019955,489.65234375,8.842
2964.778063304999,1029.736328125,7.51
2965.0999166539987,589.49072265625,8.61
2965.4253198109946,595.11572265625,9.269
2965.7475667690014,595.11572265625,9.525
2966.0690298069967,465.73486328125,7.093
2966.392321335996,746.98828125,8.352
2966.7159675299918,595.1162109375,9.036
2967.038202084994,595.1162109375,9.486
2967.365725205993,465.7353515625,7.444
2967.688543368,724.48876953125,8.08
2968.0107706749986,595.11669921875,8.881
2968.33312560599,595.11669921875,9.331
2968.657410271,489.65380859375,8.842
2968.9812324079976,1029.73779296875,7.471
2969.303863594003,589.4921875,8.571
2969.6262365500006,595.1171875,9.269
2969.9477077159972,595.1171875,9.408
2970.2687951169937,465.736328125,7.015
2970.5919257019996,746.98974609375,8.313
2970.9145958029985,595.11767578125,9.036
2971.2361085250013,615.5029296875,9.408
2971.557801283998,465.73681640625,7.587
2971.8802651820006,724.490234375,7.886
2972.2024570950016,595.1181640625,8.803
2972.5246764309995,595.1181640625,9.37
2972.8463633709907,595.1181640625,9.308
2973.1695428459934,1012.3359375,7.51
2973.491540746996,589.49365234375,8.61
2973.8141851349937,595.11865234375,9.153
2974.1358187759906,621.12890625,9.525
2974.4572328529903,465.73779296875,7.015
2974.7792446770036,724.4912109375,8.08
2975.1012539079966,595.119140625,8.959
2975.4268045619974,595.119140625,9.486
2975.7498682400037,465.73828125,8.015
2976.0714407589985,1029.740234375,8.041
2976.3934324049915,595.11962890625,8.842
2976.7188034360006,595.11962890625,9.292
2977.041235380995,595.11962890625,9.563
2977.364344804999,984.74072265625,7.51
2977.689452509003,589.4951171875,8.507
2978.0165407089953,595.1201171875,9.191
2978.3405061349913,595.1201171875,9.447
2978.662989032993,465.7392578125,6.937
2978.984922581003,724.49267578125,8.08
2979.3082000150025,595.12060546875,8.92
2979.6331707240024,499.8466796875,9.447
2979.9577199600026,468.5712890625,8.093
2980.2800030490034,724.4931640625,8.158
2980.6026435599924,635.75634765625,9.036
2980.9243998829916,595.12109375,9.37
2981.2468852399907,595.12109375,9.23
2981.569341151,1029.7421875,7.587
2981.892074923002,589.49658203125,8.61
2982.215318292001,595.12158203125,9.191
2982.537097125998,595.12158203125,9.563
2982.863390255996,465.74072265625,7.015
2983.185857916993,724.494140625,8.235
2983.507536859004,595.1220703125,9.114
2983.8299268679984,595.1220703125,9.408
2984.1522286160034,465.7412109375,7.704
2984.4756103940017,724.49462890625,8.002
2984.798494399991,626.7578125,8.959
2985.1229319039994,595.12255859375,9.331
2985.4469391750026,485.4287109375,9.075
2985.770710673998,1029.74365234375,7.548
2986.09351418,589.498046875,8.532
2986.4161803339957,493.86669921875,9.269
2986.7417700679944,595.123046875,9.486
2987.0651454000035,465.7421875,7.015
2987.3871358189936,566.9921875,8.274
2987.7083043879975,595.12353515625,9.114
2988.03227205899,595.12353515625,9.37
2988.354255102997,465.74267578125,7.704
2988.6794385449903,724.49609375,7.963
2989.0017809229903,476.99267578125,8.92
2989.32541652699,595.1240234375,9.292
2989.647963675001,595.1240234375,9.153
2989.9709619149944,984.7451171875,7.432
2990.2949613009987,589.49951171875,8.468
2990.6164851130015,595.12451171875,9.153
2990.9394347909983,595.12451171875,9.525
2991.26155728499,465.74365234375,6.898
2991.585056365002,724.4970703125,8.041
2991.908817402,595.125,8.92
2992.232250547997,499.85107421875,9.447
2992.5546434069984,482.62158203125,8.041
2992.8778434359992,1029.74609375,7.963
2993.2026299889985,595.12548828125,8.881
2993.5264407069917,595.12548828125,9.269
2993.850757266002,595.12548828125,9.68
2994.1714780979964,984.74658203125,7.626
2994.4956816560007,589.5009765625,8.507
2994.8204345129925,595.1259765625,9.269
2995.1438988790032,595.1259765625,9.486
2995.465230706992,465.7451171875,6.898
2995.789981883994,724.49853515625,8.08
2996.1137530370033,595.12646484375,8.959
2996.435446214993,494.0517578125,9.447
2996.759930258995,479.8076171875,8.119
2997.0840369039943,1029.74755859375,8.041
2997.4055129339977,595.126953125,8.842
2997.728105975999,595.126953125,9.331
2998.0501990509947,595.126953125,9.602
2998.372945027004,984.748046875,7.587
2998.695571144999,589.50244140625,8.532
2999.0192841379903,595.12744140625,9.23
2999.3414435049926,595.12744140625,9.525
2999.663116274998,465.74658203125,6.937
2999.98645575899,724.5,8.08
3000.3101062689966,595.1279296875,8.959
3000.634274911994,595.1279296875,9.525
3000.9558033020003,465.7470703125,8.015
3001.2799640329904,1029.7490234375,8.08
3001.6025460770034,595.12841796875,8.842
3001.925237781994,494.0537109375,9.408
3002.2479367189953,595.12841796875,9.486
3002.570925587992,984.74951171875,7.548
3002.89439745,589.50390625,8.571
3003.21689969,595.12890625,9.153
3003.5394550479978,493.87255859375,9.563
3003.8610393639974,465.748046875,7.054
3004.184377283993,724.50146484375,8.158
3004.510751181995,595.12939453125,9.114
3004.836042541996,595.12939453125,9.408
3005.159751603991,465.74853515625,7.821
3005.484991407997,724.501953125,8.002
3005.807884152993,595.1298828125,8.92
3006.131831325998,595.1298828125,9.385
3006.4553479780006,656.01513671875,9.191
3006.7797075120034,1029.7509765625,7.51
3007.1024685540033,589.50537109375,8.571
3007.425003344004,621.140625,9.308
3007.747288857994,595.13037109375,9.525
3008.071717340994,465.74951171875,7.054
3008.394613768003,747.0029296875,8.352
3008.717337309994,595.130859375,9.036
3009.040888128002,499.52197265625,9.525
3009.363403558993,465.75,7.548
3009.686868570003,724.50341796875,8.002
3010.0098696139903,595.13134765625,8.997
3010.3338872589957,595.13134765625,9.37
3010.659656706004,489.66845703125,8.842
3010.98331489299,1029.75244140625,7.587
3011.3056021219963,690.7568359375,8.687
3011.627740758995,595.1318359375,9.23
3011.9501718849933,595.1318359375,9.563
3012.2741116090037,465.7509765625,7.288
3012.5967289160035,747.00439453125,8.352
3012.920387744991,626.767578125,9.191
3013.241932406003,595.13232421875,9.408
3013.566479248999,465.75146484375,7.288
3013.8896022249974,724.5048828125,8.119
3014.2113642600016,595.1328125,8.881
3014.5335675649985,595.1328125,9.408
3014.856275494996,489.669921875,8.701
3015.178741619995,1029.75390625,7.626
3015.5037353730004,595.13330078125,8.726
3015.8255960410024,595.13330078125,9.23
3016.1487006509997,595.13330078125,9.641
3016.4730105439958,465.75244140625,7.21
3016.796380145999,747.005859375,8.313
3017.1182731849985,595.1337890625,9.191
3017.4426527000032,595.1337890625,9.408
3017.7674712659937,465.7529296875,7.21
3018.0944247029984,724.50634765625,8.119
3018.415939530998,595.13427734375,8.92
3018.7391821549973,595.13427734375,9.486
3019.061345612994,489.67138671875,8.663
3019.385559392991,1029.75537109375,7.886
3019.7085286130023,595.134765625,8.803
3020.0327402029943,595.134765625,9.408
3020.354474021995,595.134765625,9.757
3020.6784253639926,465.75390625,7.51
3021.0017561540008,747.00732421875,8.585
3021.3239654740028,595.13525390625,9.114
3021.6502488370024,595.13525390625,9.563
3021.973827018999,465.75439453125,6.937
3022.298735994991,724.5078125,8.158
3022.62239535799,595.1357421875,9.036
3022.9461109090043,595.1357421875,9.447
3023.267672610993,492.4853515625,8.196
3023.5903201929905,1029.7568359375,7.821
3023.9123028009926,595.13623046875,8.765
3024.2350031120004,595.13623046875,9.308
3024.5569086879987,595.13623046875,9.718
3024.880459305001,465.75537109375,7.432
3025.204506973998,747.0087890625,8.546
3025.5269021959975,595.13671875,9.114
3025.8497992259945,595.13671875,9.563
3026.172768643999,465.755859375,6.937
3026.498095664996,724.50927734375,8.158
3026.8228693290002,595.13720703125,9.036
3027.1446496749995,595.13720703125,9.331
3027.468152771995,492.48681640625,8.274
3027.7914805180044,1029.703125,7.354
3028.1142413199996,650.3427734375,8.61
3028.4364258659916,595.08251953125,9.191
3028.7609991719946,716.7177734375,9.563
3029.0859452339937,465.701171875,7.054
3029.409113019996,746.95458984375,8.352
3029.731270946999,595.08251953125,9.114
3030.0535850079905,595.08251953125,9.486
3030.379140049001,465.70166015625,7.366
3030.702234846991,724.455078125,8.041
3031.0238106769975,595.0830078125,8.92
3031.347048679003,595.0830078125,9.37
3031.6708115340007,489.6201171875,8.803
3031.9951255819906,1029.7041015625,7.548
3032.3195180979965,589.45849609375,8.648
3032.6427092270023,595.08349609375,9.269
3032.967882957004,595.08349609375,9.525
3033.290253233994,465.70263671875,7.015
3033.6131853929983,746.9560546875,8.352
3033.936109574992,595.083984375,8.997
3034.258138092002,516.32763671875,9.447
3034.5802071179933,465.703125,7.548
3034.9032658539945,724.45654296875,7.924
3035.228428995004,488.203125,8.959
3035.5523631349934,595.08447265625,9.269
3035.874912293002,499.4755859375,9.075
3036.198005896993,1029.70556640625,7.51
3036.522780102998,589.4599609375,8.571
3036.845206072001,493.83447265625,9.269
3037.1706816499936,595.0849609375,9.486
3037.4929254949966,465.7041015625,6.937
3037.8155696059985,724.45751953125,8.158
3038.1378291199944,595.08544921875,9.114
3038.4598695820023,595.08544921875,9.331
3038.783086413998,465.70458984375,7.743
3039.106298703002,533.91064453125,8.002
3039.430144307,595.0859375,8.765
3039.7531538829935,595.0859375,9.37
3040.077368197002,595.0859375,9.424
3040.4007134389976,984.70703125,7.548
3040.7234397239954,589.46142578125,8.546
3041.045375146001,595.08642578125,9.191
3041.3722490490036,595.08642578125,9.486
3041.6952534159936,465.70556640625,6.976
3042.0190026530036,724.458984375,8.08
3042.3413460199954,595.0869140625,8.92
3042.663501239993,595.0869140625,9.447
3042.9850205160037,465.734375,8.054
3043.307409343004,1029.7080078125,7.924
3043.630988406003,595.08740234375,8.881
3043.952993229992,595.08740234375,9.308
3044.277148125999,595.08740234375,9.68
3044.5998149969964,984.70849609375,7.626
3044.9211731169926,589.462890625,8.468
3045.2436746909952,595.087890625,9.269
3045.565432763993,595.087890625,9.408
3045.887348596996,465.70703125,6.976
3046.211076273001,724.46044921875,8.08
3046.533149519004,595.08837890625,8.92
3046.8557887060015,621.0986328125,9.447
3047.1786301440006,492.43798828125,8.158
3047.5010934790043,1029.70947265625,7.886
3047.826447040992,476.95751953125,8.881
3048.1516121439927,595.0888671875,9.215
3048.4765617469966,595.0888671875,9.757
3048.7977935340023,984.7099609375,7.51
3049.1242746630014,589.46435546875,8.454
3049.4475728349935,595.08935546875,9.269
3049.7691465789976,595.08935546875,9.447
3050.0928880889987,465.70849609375,6.976
3050.4152398269944,724.4619140625,8.119
3050.739770264001,595.08984375,8.959
3051.0625670689915,716.72509765625,9.408
3051.3877713340044,493.720703125,8.08
3051.7110735960014,1029.7109375,7.924
3052.034492277002,595.09033203125,8.881
3052.3576084130036,595.09033203125,9.269
3052.685407388999,595.09033203125,9.68
3053.008307819997,984.71142578125,7.587
3053.3316878619953,589.4658203125,8.507
3053.655557266,595.0908203125,9.269
3053.9800755000033,595.0908203125,9.486
3054.305103393999,465.7099609375,7.171
3054.627610279,724.46337890625,8.158
3054.9493415000034,595.09130859375,8.997
3055.273250375001,595.09130859375,9.408
3055.594783819004,465.71044921875,7.938
3055.9186665669986,1029.71240234375,7.924
3056.2406784299965,595.091796875,8.842
3056.5652032249927,595.091796875,9.331
3056.887119773004,595.091796875,9.602
3057.2118814040005,984.712890625,7.587
3057.5379928969924,589.46728515625,8.532
3057.8611094969965,595.09228515625,9.23
3058.185599930992,595.09228515625,9.486
3058.5097636260034,465.71142578125,7.093
3058.8316764030023,724.46484375,8.158
3059.1536437110044,595.0927734375,8.997
3059.476133862001,595.0927734375,9.447
3059.798511418994,465.7119140625,7.976
3060.1226122700027,1029.7138671875,7.548
3060.446574072994,595.09326171875,8.61
3060.769696200994,499.6435546875,9.269
3061.093261617003,595.09326171875,9.641
3061.415283109003,465.71240234375,7.548
3061.737703299994,746.9658203125,8.571
3062.0595645139983,595.09375,9.153
3062.3825005069957,595.09375,9.563
3062.7063749399967,465.712890625,6.937
3063.0289518920035,724.46630859375,8.196
3063.3566443849995,595.09423828125,9.036
3063.679674408995,595.09423828125,9.447
3064.0026334799913,492.44384765625,8.235
3064.3256063439912,1029.71533203125,8.002
3064.6483698130032,595.0947265625,8.959
3064.970489400992,595.0947265625,9.37
3065.2947846280003,595.0947265625,9.757
3065.614846658995,984.7158203125,7.548
3065.936338679996,589.47021484375,8.468
3066.258433422001,595.09521484375,9.23
3066.58107599699,595.09521484375,9.408
3066.9042748499924,465.71435546875,6.976
3067.226619576002,724.4677734375,8.119
3067.5488821820036,595.095703125,8.997
3067.8712796030013,599.41015625,9.447
3068.1932685850043,492.44580078125,8.196
3068.5175489520043,1029.716796875,7.963
3068.839739756004,595.09619140625,8.959
3069.162737548002,595.09619140625,9.308
3069.4837152929977,595.09619140625,9.757
3069.808166909992,465.71533203125,7.249
3070.1302029719955,746.96875,8.43
3070.4520702259906,595.0966796875,9.075
3070.776031082991,626.73193359375,9.525
3071.097637412997,465.7158203125,7.132
3071.4221696930035,724.46923828125,8.274
3071.7439162439987,595.09716796875,9.075
3072.065001957002,595.09716796875,9.331
3072.386421575997,497.94921875,8.43
3072.7099489469983,1029.71826171875,7.51
3073.034937960998,516.34716796875,8.726
3073.3588592379965,595.09765625,9.23
3073.6854908919922,595.09765625,9.641
3074.009033159993,465.716796875,6.937
3074.3320215409913,746.97021484375,8.313
3074.6538499809976,595.09814453125,8.959
3074.9772431710007,595.09814453125,9.486
3075.300794993993,465.71728515625,7.548
3075.623510990001,724.470703125,8.041
3075.94596882099,595.0986328125,8.997
3076.2674024689913,595.0986328125,9.292
3076.5901582959923,489.6357421875,8.997
3076.9145404729934,1029.7197265625,7.51
3077.237787453996,589.47412109375,8.571
3077.560844691994,493.8427734375,9.23
3077.882765700997,595.09912109375,9.486
3078.2072703680024,465.71826171875,6.937
3078.531878045993,724.4716796875,8.119
3078.855777035991,617.59912109375,9.075
3079.179198112004,595.099609375,9.292
3079.5017964549916,465.71875,7.782
3079.824284795992,1029.720703125,7.924
3080.1490099939983,595.10009765625,8.803
3080.4724848829937,626.7353515625,9.408
3080.796532655004,595.10009765625,9.447
3081.118417271995,1034.81787109375,7.626
3081.441182894996,589.4755859375,8.648
3081.7641921680042,595.1005859375,9.153
3082.086992947996,499.46923828125,9.563
3082.407684655991,465.7197265625,7.171
3082.7325896029943,724.47314453125,8.196
3083.055612141994,499.4697265625,9.114
3083.378243749001,595.10107421875,9.408
3083.7003571109963,465.72021484375,7.821
3084.0233750609914,724.4736328125,8.041
3084.3462876300036,595.1015625,8.92
3084.6680680029967,595.1015625,9.408
3084.9912389730016,595.1015625,9.269
3085.315236387003,1029.72265625,7.51
3085.637885913995,589.47705078125,8.648
3085.960694259993,595.10205078125,9.191
3086.2848226450005,595.10205078125,9.602
3086.6090833179915,465.72119140625,7.015
3086.9308596929914,724.474609375,8.196
3087.254578890992,595.1025390625,9.114
3087.5769126980013,595.1025390625,9.37
3087.900088590992,465.7216796875,7.704
3088.2228622849943,724.47509765625,7.963
3088.544892705002,595.10302734375,8.92
3088.867650642991,595.10302734375,9.37
3089.189117279995,595.10302734375,9.269
3089.511919857003,668.22216796875,7.51
3089.8330523199984,589.478515625,8.61
3090.155380846001,595.103515625,9.153
3090.478162034997,621.11376953125,9.525
3090.799561762993,465.72265625,7.132
3091.1211819829914,724.47607421875,8.196
3091.4427699450025,595.10400390625,8.997
3091.764832832996,595.10400390625,9.447
3092.0873278389918,465.72314453125,7.938
3092.412970210993,724.4765625,8.08
3092.734723759,493.84814453125,8.997
3093.058447809992,595.1044921875,9.331
3093.3851006549958,599.55419921875,9.075
3093.7093281790003,1029.7255859375,7.548
3094.0347497149924,589.47998046875,8.61
3094.3570273079968,595.10498046875,9.331
3094.6791732379934,595.10498046875,9.486
3095.000580820997,465.72412109375,7.054
3095.3246517119987,746.9775390625,8.352
3095.6482723329973,595.10546875,8.997
3095.9751814749907,510.72412109375,9.525
3096.297377950992,465.701171875,7.471
3096.6197596150014,1029.703125,7.782
3096.940771759997,595.08251953125,8.726
3097.261914599003,595.08251953125,9.269
3097.5838384679955,595.08251953125,9.641
3097.9072255420033,465.701171875,7.276
3098.230073739993,748.0224609375,8.43
3098.5517457120004,595.08251953125,9.036
3098.8737695659947,595.08251953125,9.525
3099.1979438370035,465.70166015625,6.859
3099.5221974390006,724.455078125,8.041
3099.8437917539995,595.0830078125,8.842
3100.166276898992,595.0830078125,9.37
3100.4914404579904,489.6201171875,8.585
3100.8145319909963,1029.7041015625,7.743
3101.1361429980025,595.08349609375,8.726
3101.458616578995,615.46875,9.331
3101.7834524490027,595.08349609375,9.718
3102.1056413619954,465.70263671875,7.249
3102.4280192139995,746.9560546875,8.313
3102.753330104999,595.083984375,9.153
3103.078022593996,595.083984375,9.447
3103.400320236993,465.703125,7.093
3103.7231618349906,724.45654296875,8.119
3104.046068105992,595.08447265625,8.959
3104.368402794993,595.08447265625,9.447
3104.689902807004,489.62158203125,8.585
3105.011947516992,1029.70556640625,7.924
3105.336518598997,595.0849609375,8.803
3105.661366935994,595.0849609375,9.37
3105.9847656249913,595.0849609375,9.757
3106.3068416189926,465.7041015625,7.432
3106.629104817999,746.95751953125,8.493
3106.9539507059962,595.08544921875,9.153
3107.277516878996,595.08544921875,9.525
3107.599915080995,465.70458984375,6.976
3107.9219301529956,724.4580078125,8.158
3108.2449570850004,595.0859375,9.036
3108.5672246780014,595.0859375,9.331
3108.8905004749977,492.435546875,8.274
3109.217464881993,1029.70703125,7.808
3109.540736227995,655.9716796875,8.842
3109.8632366770034,595.08642578125,9.269
3110.1859475999954,599.40087890625,9.757
3110.507089063991,601.91015625,7.471
3110.8309510120016,544.45556640625,8.507
3111.1549874009943,595.0869140625,9.23
3111.4794643560017,595.0869140625,9.486
3111.8028330499947,465.7060546875,7.054
3112.125154456997,724.45947265625,8.158
3112.446828821994,595.08740234375,8.959
3112.770843170001,595.08740234375,9.37
3113.092647737998,492.43701171875,8.196
3113.415393092,1029.70849609375,7.808
3113.737418044999,595.087890625,8.803
3114.0606973660033,595.087890625,9.292
3114.382251956995,595.087890625,9.68
3114.705713231,465.70703125,7.354
3115.0299645259947,746.96044921875,8.468
3115.35458124899,595.08837890625,9.075
3115.6786983219936,595.08837890625,9.525
3115.9994832810044,465.70751953125,7.054
3116.3227988040016,724.4609375,8.235
3116.6463418519998,595.0888671875,9.075
3116.9681908549974,595.0888671875,9.408
3117.291670021994,492.4384765625,8.274
3117.6137448869995,1029.7099609375,7.782
3117.9365480720007,595.08935546875,8.803
3118.257890763998,595.08935546875,9.346
3118.5796362249966,595.08935546875,9.757
3118.902049808996,465.70849609375,7.471
3119.2252981249912,746.9619140625,8.532
3119.547709849998,595.08984375,9.191
3119.869303956002,595.08984375,9.602
3120.194509352994,465.708984375,6.859
3120.518901906995,724.46240234375,8.158
3120.8417407689994,595.09033203125,9.036
3121.1659843450034,595.09033203125,9.331
3121.488767492003,492.43994140625,8.313
3121.8108402869984,1029.71142578125,7.924
3122.134009043002,716.72607421875,8.881
3122.4557709729997,595.0908203125,9.308
3122.778304388994,615.47607421875,9.757
3123.0989520099974,602.61767578125,7.471
3123.4217674239917,779.65625,8.454
3123.7442157039914,595.09130859375,9.114
3124.0670062729914,595.09130859375,9.525
3124.390246241004,465.71044921875,6.976
3124.714605233996,724.4638671875,8.119
3125.0378694480023,595.091796875,9.036
3125.3602371669986,595.091796875,9.37
3125.68527419999,492.44140625,8.235
3126.0071349369973,1029.712890625,7.963
3126.3292977380042,595.09228515625,8.92
3126.6515795779997,595.09228515625,9.292
3126.97536936299,595.09228515625,9.796
3127.296597830995,984.71337890625,7.471
3127.6223377599963,606.34228515625,8.468
3127.946862707002,493.83642578125,9.269
3128.2689395600028,595.0927734375,9.447
3128.5931345979916,465.7119140625,6.82
3128.9147351589927,724.46533203125,8.119
3129.2384097460017,595.09326171875,8.997
3129.559212245993,595.09326171875,9.292
3129.880686324992,492.44287109375,8.352
3130.2058909000043,1029.71435546875,7.743
3130.529334837993,595.09375,8.648
3130.851480746991,499.64404296875,9.308
3131.176369615001,595.09375,9.68
3131.4983192569925,465.712890625,7.21
3131.821216522003,746.96630859375,8.352
3132.1435786229995,595.09423828125,9.153
3132.4678663910017,595.09423828125,9.331
3132.789500539002,465.71337890625,7.171
3133.1143689979945,724.466796875,8.158
3133.438369540003,595.0947265625,8.959
3133.761156856999,595.0947265625,9.447
3134.0848799649975,489.6318359375,8.546
3134.407529513992,1029.7158203125,7.626
3134.7299865629902,595.09521484375,8.726
3135.052552801004,595.09521484375,9.269
3135.3765860569983,595.09521484375,9.68
3135.6980611899926,465.71435546875,7.21
3136.0208868519985,746.9677734375,8.352
3136.3437118110014,595.095703125,9.23
3136.665293690996,595.095703125,9.447
3136.9872393609985,465.71484375,7.21
3137.311147660992,724.46826171875,8.119
3137.6340679669956,595.09619140625,8.92
3137.957024301999,595.09619140625,9.486
3138.2796975179954,489.63330078125,8.663
3138.6017307919974,1029.71728515625,7.665
3138.925987886003,595.0966796875,8.765
3139.2481831780024,595.0966796875,9.23
3139.5710151069943,595.0966796875,9.602
3139.8919753169903,465.7158203125,7.354
3140.215471688003,746.96923828125,8.43
3140.5384546229907,595.09716796875,9.191
3140.8609151220007,595.09716796875,9.486
3141.1826333100034,465.71630859375,7.21
3141.5069552149944,724.4697265625,8.313
3141.829785897993,595.09765625,9.114
3142.151532845004,595.09765625,9.37
3142.474069303993,492.447265625,8.352
3142.796048442993,1029.71875,7.782
3143.120850544001,595.09814453125,8.765
3143.4457270799903,595.09814453125,9.308
3143.7693435399997,595.09814453125,9.757
3144.0903860449907,984.71923828125,7.548
3144.4130598320044,555.71728515625,8.468
3144.7390887899965,595.0986328125,9.191
3145.0634185550007,595.0986328125,9.447
3145.387477202996,465.7177734375,7.093
3145.7120298829977,724.47119140625,8.158
3146.034828902004,595.09912109375,8.92
3146.359077243993,626.734375,9.408
3146.683439535991,500.763671875,8.08
3147.00598365099,1029.72021484375,7.808
3147.3307676569966,516.34326171875,8.842
3147.6549652579997,595.099609375,9.23
3147.9795935,488.21826171875,9.757
3148.3028540249943,465.71875,7.354
3148.6248195020016,746.97216796875,8.507
3148.9463040529954,595.10009765625,9.036
3149.267119833996,595.10009765625,9.486
3149.5881564849988,465.71923828125,7.21
3149.9103445810033,724.47265625,8.235
3150.232974266997,595.1005859375,9.036
3150.5555457709997,595.1005859375,9.37
3150.8788013339945,492.4501953125,8.196
3151.2021089949994,1029.7216796875,7.808
3151.5260651360004,595.10107421875,8.765
3151.8493609129946,595.10107421875,9.308
3152.1720141940023,595.10107421875,9.757
3152.4944901209965,465.72021484375,7.432
3152.8170559629943,746.9736328125,8.507
3153.1383823170036,595.1015625,9.114
3153.462574641002,595.1015625,9.525
3153.787992583995,465.720703125,6.898
3154.1103004500037,724.47412109375,8.158
3154.434123879997,595.10205078125,8.997
3154.756242796997,595.10205078125,9.292
3155.078811304993,479.783203125,8.391
3155.402638436004,1029.72314453125,7.665
3155.7243124889937,595.1025390625,8.687
3156.0456797399966,595.1025390625,9.23
3156.367936028997,595.1025390625,9.563
3156.688555874003,465.7216796875,7.249
3157.0112163640006,746.97509765625,8.352
3157.332719002996,493.8525390625,9.153
3157.6543473700003,595.10302734375,9.408
3157.978867496,465.72216796875,7.288
3158.301169651997,724.4755859375,7.963
3158.6258167539927,595.103515625,8.842
3158.951611493001,595.103515625,9.37
3159.2776777649997,489.640625,8.765
3159.601308037003,1029.724609375,7.354
3159.9260332389968,589.47900390625,8.493
3160.2494391729997,510.72265625,9.23
3160.573250756992,595.10400390625,9.447
3160.8952107829973,465.72314453125,7.054
3161.221217318991,544.82763671875,8.352
3161.545301930004,595.1044921875,8.997
3161.8702143830014,621.11474609375,9.486
3162.1949545389944,465.7236328125,7.51
3162.5202984679927,566.9765625,7.847
3162.8419992589916,595.10498046875,8.726
3163.1680471180007,595.10498046875,9.37
3163.491366039001,595.10498046875,9.308
3163.8137873359956,1029.72607421875,7.626
3164.1378867339954,589.48046875,8.648
3164.4608791319915,595.10546875,9.153
3164.785807904991,595.10546875,9.563
3165.1092531780014,465.724609375,6.976
3165.433773675002,724.47802734375,8.119
3165.756975597993,615.4912109375,9.036
3166.0812573519943,595.10595703125,9.37
3166.4050886179903,465.72509765625,7.821
3166.7303045849985,724.478515625,8.002
3167.053547331001,595.1064453125,8.881
3167.3785757669975,595.1064453125,9.37
3167.703248848993,595.1064453125,9.153
3168.029047873002,1029.7275390625,7.548
3168.3547956620023,589.48193359375,8.571
3168.6812130780017,595.10693359375,9.346
3169.0035070189915,595.10693359375,9.486
3169.3276865259977,465.72607421875,6.937
3169.6499562349927,746.92236328125,8.196
3169.9738348529936,595.107421875,9.036
3170.29695068,595.107421875,9.37
3170.624383934992,465.7265625,7.626
3170.949008850992,724.47998046875,7.924
3171.2732609489904,595.10791015625,8.842
3171.5960374799906,595.10791015625,9.331
3171.918941210999,595.10791015625,9.23
3172.240343105994,984.72900390625,7.471
3172.5647651820036,589.4833984375,8.507
3172.888770493999,595.1083984375,9.153
3173.213649640995,621.11865234375,9.563
3173.5360424859973,465.7275390625,7.171
3173.8614490409964,724.48095703125,8.196
3174.1840362229996,635.744140625,9.114
3174.5085934539966,595.10888671875,9.408
3174.8307036729966,465.72802734375,7.899
3175.153790612996,724.4814453125,8.08
3175.47742286,615.49462890625,8.959
3175.799204955998,595.109375,9.37
3176.1212305849913,595.109375,9.23
3176.4444958270033,984.73046875,7.393
3176.7662797049998,589.48486328125,8.43
3177.0897443389986,595.10986328125,9.269
3177.4118839779985,595.10986328125,9.447
3177.736678205998,465.72900390625,6.792
3178.0586650909972,724.482421875,8.119
3178.3833607839915,595.1103515625,8.997
3178.707274348999,595.1103515625,9.37
3179.0324684560037,492.4599609375,8.274
3179.358065911001,1029.7314453125,7.963
3179.6809326950024,595.11083984375,8.92
3180.003214741999,595.11083984375,9.308
3180.326382817002,595.11083984375,9.718
3180.6496378339943,984.73193359375,7.471
3180.972133033996,589.486328125,8.468
3181.2958784709917,595.111328125,9.269
3181.618620205001,595.111328125,9.486
3181.941201253998,465.73046875,7.015
3182.264164273991,724.48388671875,8.119
3182.5868181859987,595.11181640625,8.997
3182.9106199579983,516.361328125,9.525
3183.232675722,472.82666015625,8.08
3183.5548841940035,1029.73291015625,7.963
3183.877463910001,595.1123046875,8.92
3184.1993801049975,595.1123046875,9.346
3184.5220466710016,595.1123046875,9.68
3184.8437264599925,984.7333984375,7.51
3185.167306022995,589.48779296875,8.454
3185.4893791420036,595.11279296875,9.269
3185.8114203779987,595.11279296875,9.486
3186.1333022140025,465.73193359375,7.015
3186.455551141,724.4853515625,8.119
3186.7773979249905,595.11328125,8.997
3187.0992802949913,494.03857421875,9.486
3187.4207310909987,491.04443359375,8.158
3187.7428571759956,1029.734375,8.08
3188.0668128550024,595.11376953125,8.881
3188.3913919240003,615.4990234375,9.408
3188.7149205329915,595.11376953125,9.525
3189.0375124529965,984.73486328125,7.587
3189.3609313909983,589.4892578125,8.571
3189.6840203210013,595.1142578125,9.191
3190.0063438979996,595.1142578125,9.525
3190.329500123,465.7333984375,7.132
3190.653694474997,724.48681640625,8.196
3190.976536018992,595.25,9.036
3191.298367048992,595.11474609375,9.408
3191.621943823993,465.73388671875,7.899
3191.9444226839987,724.4873046875,8.08
3192.2676713099936,595.115234375,8.842
3192.5916767369927,595.115234375,9.408
3192.91337372399,595.115234375,9.385
3193.2367660259915,1029.736328125,7.548
3193.5582665519905,589.49072265625,8.648
3193.880237174002,595.11572265625,9.153
3194.204812276992,617.615234375,9.563
3194.526229494004,465.73486328125,7.015
3194.8504249830003,724.48828125,8.119
3195.172724346994,595.1162109375,8.997
3195.4960809149925,595.1162109375,9.408
3195.8224290450016,465.7353515625,7.86
3196.146094290001,724.48876953125,8.08
3196.4699210789986,595.11669921875,8.803
3196.794300334004,595.11669921875,9.37
3197.1160926759912,595.11669921875,9.346
3197.4377962459985,984.73779296875,7.51
3197.7625051069917,589.4921875,8.571
3198.086293474,595.1171875,9.114
3198.4101098429965,621.12744140625,9.486
3198.731625033004,465.736328125,6.976
3199.0534946069965,724.48974609375,8.08
3199.3752201419993,595.11767578125,8.959
3199.6994198719913,595.11767578125,9.486
3200.025333411002,465.73681640625,8.015
3200.349596724991,544.48974609375,8.119
3200.671553134991,595.1181640625,8.881
3200.993856086003,595.1181640625,9.408
3201.3164159459993,595.1181640625,9.424
3201.6385758449906,984.7392578125,7.393
3201.960965029997,589.49365234375,8.391
3202.2865769659984,516.3623046875,9.23
3202.608560334993,595.11865234375,9.408
3202.9343805590033,465.73779296875,6.898
3203.256706211003,724.4912109375,8.08
3203.5783092639904,595.119140625,8.997
3203.9001049279905,595.119140625,9.37
3204.224378985993,492.46875,8.274
3204.546801877994,1029.740234375,7.743
3204.8690958279913,595.11962890625,8.726
3205.1914738149935,595.11962890625,9.331
3205.514160423001,595.11962890625,9.718
3205.8385061439913,465.73876953125,7.471
3206.162220954997,746.9921875,8.532
3206.485690952002,595.1201171875,9.114
3206.8099979410035,595.1201171875,9.525
3207.1350234940037,465.7392578125,6.976
3207.458213980004,724.49267578125,8.158
3207.782529663993,595.12060546875,8.997
3208.105361306996,595.12060546875,9.331
3208.4292825070006,492.47021484375,8.235
3208.7531166219997,1029.74169921875,7.704
3209.0782646559965,595.12109375,8.726
3209.401113697997,595.12109375,9.331
3209.723188677992,595.12109375,9.718
3210.0470900810033,465.740234375,7.288
3210.3711572199973,746.99365234375,8.468
3210.694494972995,595.12158203125,9.075
3211.0171351530007,488.240234375,9.525
3211.3380906739912,465.74072265625,7.171
3211.661017388993,724.494140625,8.235
3211.9852354920004,595.1220703125,9.075
3212.3100078299904,595.1220703125,9.408
3212.6336472429975,492.4716796875,8.196
3212.9571953190025,1029.7431640625,7.924
3213.2816727530007,516.3720703125,8.92
3213.603222167003,595.12255859375,9.308
3213.928851934994,595.12255859375,9.757
3214.2496823010006,984.74365234375,7.587
3214.5722509879997,589.498046875,8.493
3214.896357310994,595.123046875,9.23
3215.219561958991,595.123046875,9.447
3215.543325446997,465.7421875,6.937
3215.8655630619905,724.49560546875,8.08
3216.189372912995,595.12353515625,8.959
3216.5117031069967,716.7587890625,9.447
3216.8335677330033,493.8193359375,8.158
3217.1553620199993,1029.74462890625,7.963
3217.4777639849926,595.1240234375,8.92
3217.79983946,595.1240234375,9.331
3218.123111280991,595.1240234375,9.834
3218.4450894070033,984.7451171875,7.51
3218.7685530369927,589.49951171875,8.468
3219.0929305019963,499.515625,9.269
3219.417548266996,595.12451171875,9.447
3219.739137971992,465.74365234375,6.976
3220.0618468350003,724.4970703125,8.119
3220.3859395409963,595.125,8.959
3220.7109788130037,476.99560546875,9.525
3221.034245100993,465.77197265625,8.041
3221.3600289509923,1029.74609375,7.886
3221.682701922997,595.12548828125,8.881
3222.0059111750015,595.12548828125,9.269
3222.330907169002,595.12548828125,9.718
3222.6541328629974,984.74658203125,7.548
3222.9802515899937,589.5009765625,8.468
3223.3048342099937,595.1259765625,9.23
3223.629062983993,595.1259765625,9.486
3223.9503394499916,465.7451171875,7.093
3224.273426468004,724.49853515625,8.119
3224.5969330539956,595.12646484375,8.959
3224.9192567930004,595.12646484375,9.486
3225.241123197993,465.74560546875,8.015
3225.5624852559995,1029.74755859375,8.041
3225.8843787560036,595.126953125,8.842
3226.2072446559905,595.126953125,9.346
3226.5307670979964,595.126953125,9.602
3226.8541954469983,984.748046875,7.626
3227.176638596997,589.50244140625,8.532
3227.5005979470006,595.12744140625,9.23
3227.8221853330033,595.12744140625,9.486
3228.143943447998,465.74658203125,7.093
3228.4684999070014,724.5,8.119
3228.7908451760013,595.1279296875,8.959
3229.1134679309907,595.1279296875,9.447
3229.434912582001,465.7470703125,8.015
3229.757329493994,1029.7490234375,8.041
3230.081742758004,595.12841796875,8.842
3230.405151301995,626.763671875,9.408
3230.7275377719925,595.12841796875,9.525
3231.048396550992,984.74951171875,7.587
3231.3704310030007,589.50390625,8.61
3231.6933138719905,595.12890625,9.191
3232.015794224004,595.12890625,9.525
3232.3384702009935,465.701171875,6.597
3232.6610736250004,724.45458984375,7.847
3232.983551598998,595.08251953125,8.765
3233.306066566991,595.08251953125,9.37
3233.628267881999,489.61962890625,8.663
3233.9510029469966,1029.703125,7.471
3234.275172130001,589.45751953125,8.61
3234.5972049809934,595.08251953125,9.23
3234.9205858589994,595.08251953125,9.486
3235.245269616993,465.70166015625,7.171
3235.56805689499,746.955078125,8.352
3235.8904745180043,595.0830078125,9.075
3236.2128973569925,595.0830078125,9.486
3236.5398895660037,465.7021484375,7.327
3236.8624887240003,724.45556640625,8.002
3237.1853621990012,595.08349609375,8.92
3237.506990205002,595.08349609375,9.331
3237.8317866430007,489.62060546875,8.881
3238.1568008199974,1029.70458984375,7.51
3238.4797593129915,589.458984375,8.571
3238.802525756997,595.083984375,9.254
3239.1248300979933,595.083984375,9.447
3239.452093621003,465.703125,6.898
3239.7751272680034,724.45654296875,8.158
3240.0989299119974,595.08447265625,9.075
3240.420764333001,595.08447265625,9.37
3240.7423876949906,465.70361328125,7.743
3241.0664363260003,724.45703125,7.963
3241.388914223993,595.0849609375,8.842
3241.710259229003,595.0849609375,9.37
3242.037789296999,595.0849609375,9.23
3242.359576400995,1029.7060546875,7.51
3242.682280118999,589.46044921875,8.61
3243.004477312992,595.08544921875,9.114
3243.3265251239936,516.3291015625,9.525
3243.648227122001,465.70458984375,6.859
3243.971284507992,724.4580078125,8.041
3244.2930855779996,595.0859375,8.881
3244.6177339799906,516.33544921875,9.486
3244.939487134994,465.73681640625,8.093
3245.261434827,1029.70703125,7.963
3245.5837935750023,595.08642578125,8.881
3245.9054043450014,595.08642578125,9.269
3246.2288491880026,595.08642578125,9.757
3246.549675629998,984.70751953125,7.432
3246.872102430003,623.20556640625,8.43
3247.1940233819914,595.0869140625,9.075
3247.515626013992,595.0869140625,9.486
3247.8405021060025,465.7060546875,6.898
3248.162909599996,724.45947265625,8.158
3248.4853612239967,595.08740234375,8.997
3248.806902010998,595.08740234375,9.331
3249.1289017009985,497.939453125,8.43
3249.4507884249906,1029.70849609375,7.548
3249.7726504349994,595.087890625,8.687
3250.0944087590033,595.087890625,9.191
3250.416500188003,505.26318359375,9.563
3250.737600456996,465.70703125,7.354
3251.060465353992,746.96044921875,8.43
3251.383186691004,595.08837890625,9.269
3251.704348619998,595.08837890625,9.447
3252.0258372489916,465.70751953125,7.21
3252.348416587003,724.4609375,8.158
3252.6701639429957,595.0888671875,8.92
3252.9934057670034,595.0888671875,9.486
3253.315602868999,489.6259765625,8.624
3253.6377281869936,1029.7099609375,7.587
3253.9608248430013,595.08935546875,8.765
3254.2834891579987,595.08935546875,9.23
3254.6051028270012,595.08935546875,9.68
3254.9282822620007,465.70849609375,7.093
3255.2505049149913,746.9619140625,8.313
3255.5728198580036,595.08984375,9.114
3255.895911535001,595.08984375,9.502
3256.220007579992,465.708984375,7.327
3256.542953041004,724.46240234375,8.158
3256.865527308997,595.09033203125,8.92
3257.18860588799,595.09033203125,9.486
3257.5108698039985,489.62744140625,8.663
3257.833470943995,1029.71142578125,7.626
3258.1572900299943,595.0908203125,8.765
3258.479007638991,595.0908203125,9.191
3258.800815676994,595.0908203125,9.602
3259.124415575003,465.7099609375,7.249
3259.4464802,746.96337890625,8.313
3259.7686141329905,595.09130859375,9.191
3260.0909322969965,595.09130859375,9.447
3260.4148812589992,465.71044921875,7.249
3260.7381122590014,724.4638671875,8.196
3261.0596142479917,595.091796875,8.959
3261.383072009994,595.091796875,9.447
3261.7049790349993,489.62890625,8.585
3262.026589660003,1029.712890625,7.626
3262.3494218139967,595.09228515625,8.765
3262.6712544600014,595.09228515625,9.23
3262.993330186,595.09228515625,9.641
3263.316688085004,465.71142578125,7.132
3263.638413132998,746.96484375,8.274
3263.960024571992,595.0927734375,9.075
3264.281846582002,595.0927734375,9.447
3264.606535250001,465.7119140625,7.366
3264.9286112150003,724.46533203125,8.119
3265.253208833994,595.09326171875,8.92
3265.575510886003,595.09326171875,9.486
3265.8975486629934,489.63037109375,8.74
3266.219506852998,1029.71435546875,7.548
3266.541185027003,589.46923828125,8.648
3266.8624653519946,595.09375,9.269
3267.1845249140024,595.09375,9.563
3267.5082151749957,465.712890625,7.015
3267.830600950998,746.96630859375,8.352
3268.152107293994,595.09423828125,9.036
3268.4748994569964,595.09423828125,9.486
3268.796498754993,465.71337890625,7.51
3269.118916075997,724.466796875,8.002
3269.4413901669905,595.0947265625,8.997
3269.763882810992,595.0947265625,9.292
3270.0860006529983,488.22509765625,9.036
3270.4077411329927,1029.7158203125,7.432
3270.7289356279944,589.47021484375,8.61
3271.0506206400023,595.09521484375,9.114
3271.3728709279967,595.09521484375,9.563
3271.6944695940037,465.71435546875,6.976
3272.0167552979983,724.4677734375,8.08
3272.338669720004,595.095703125,8.959
3272.661393839997,595.095703125,9.447
3272.9853413730016,465.71484375,8.015
3273.3079763330024,1029.716796875,8.041
3273.6333446329954,595.09619140625,8.803
3273.9558840919926,595.09619140625,9.447
3274.279540659001,595.09619140625,9.424
3274.602002061991,984.7177734375,7.587
3274.9238570949965,589.4716796875,8.571
3275.2459068259923,595.0966796875,9.191
3275.5681746119953,621.10693359375,9.563
3275.89032433799,465.7158203125,7.054
3276.213100687004,724.46923828125,8.119
3276.534994239002,595.09716796875,8.997
3276.8573070050043,595.09716796875,9.486
3277.1799128400016,465.71630859375,7.976
3277.503177680992,1029.71826171875,8.041
3277.8258724079933,595.09765625,8.842
3278.1493482919905,493.84130859375,9.447
3278.4708575870027,595.09765625,9.54
3278.79298654999,984.71875,7.587
3279.1171888590034,589.47314453125,8.571
3279.439061266996,595.09814453125,9.191
3279.7615245100023,599.41259765625,9.563
3280.083309191992,465.71728515625,7.093
3280.405362079997,724.470703125,8.119
3280.728165330991,595.0986328125,8.997
3281.0497429550014,595.0986328125,9.486
3281.374945549993,465.7177734375,7.938
3281.69768370199,623.2177734375,8.08
3282.0195165619953,595.09912109375,8.842
3282.3414926599944,595.09912109375,9.486
3282.664183186993,595.09912109375,9.463
3282.9865910730005,1029.72021484375,7.626
3283.3085711629974,589.474609375,8.687
3283.6304251300025,595.099609375,9.23
3283.9529248519975,595.099609375,9.641
3284.277509503998,465.71875,7.093
3284.599716568002,724.47216796875,8.235
3284.922381088996,595.10009765625,9.191
3285.244122463002,595.10009765625,9.447
3285.5681551409943,465.71923828125,7.704
3285.8911100029945,724.47265625,8.002
3286.2144083360035,499.46923828125,8.997
3286.5371299379913,595.1005859375,9.37
3286.8592996020016,500.88720703125,9.114
3287.182125360996,1029.7216796875,7.548
3287.504273040002,589.47607421875,8.571
3287.8280247219955,499.4921875,9.346
3288.1495668610005,595.10107421875,9.525
3288.470661329993,465.72021484375,7.015
3288.7936516560003,746.91650390625,8.274
3289.1158779779944,595.1015625,9.114
3289.4384048899956,595.1015625,9.486
3289.761845820991,465.720703125,7.665
3290.083898142999,1029.72265625,7.938
3290.4073976999935,595.10205078125,8.765
3290.729104910002,516.345703125,9.37
3291.052023087992,595.10205078125,9.486
3291.3737658820028,984.72314453125,7.665
3291.695492414001,589.4775390625,8.571
3292.017580464002,595.1025390625,9.191
3292.3388519639993,595.1025390625,9.486
3292.6591984559927,465.7216796875,7.093
3292.9811415629956,724.47509765625,8.158
3293.3032108519983,595.10302734375,8.997
3293.6253976139997,595.10302734375,9.525
3293.94783248,468.5537109375,8.171
3294.2704673550033,1029.72412109375,7.963
3294.592906185004,595.103515625,8.92
3294.915707715001,595.103515625,9.308
3295.2383131079987,595.103515625,9.796
3295.560038362004,984.724609375,7.782
3295.8819251849927,589.47900390625,8.648
3296.2037290279986,595.10400390625,9.269
3296.5251481799933,595.10400390625,9.447
3296.8466898909974,465.72314453125,6.937
3297.1684196739952,724.4765625,8.119
3297.4897572469927,595.1044921875,8.959
3297.813747894994,621.11474609375,9.447
3298.1368494780036,500.76904296875,8.119
3298.4605103829963,1029.7255859375,7.924
3298.7847877879976,595.10498046875,8.881
3299.1072060029983,595.10498046875,9.269
3299.432684583997,493.8544921875,9.757
3299.756784180994,465.72412109375,7.315
3300.0798190880014,746.9775390625,8.468
3300.40165109199,595.10546875,9.036
3300.723656407994,595.10546875,9.525
3301.0474131959927,465.724609375,7.015
3301.371219362991,724.47802734375,8.196
3301.6930125979998,595.10595703125,9.075
3302.014925356998,595.10595703125,9.331
3302.3400675769954,492.45556640625,8.313
3302.6647220250015,1029.72705078125,7.821
3302.986569779998,595.1064453125,8.803
3303.308092591993,595.1064453125,9.346
3303.630505041001,595.1064453125,9.718
3303.951955041004,465.7255859375,7.471
3304.2751277780044,752.29345703125,8.532
3304.59914656599,595.10693359375,9.114
3304.922830644995,595.10693359375,9.525
3305.2467468319956,465.72607421875,7.093
3305.569130816002,724.4794921875,8.158
3305.8905690559914,595.107421875,9.036
3306.213167348993,595.107421875,9.408
3306.537071108003,492.45703125,8.235
3306.8595083940018,1029.728515625,7.743
3307.1837790760037,595.10791015625,8.726
3307.5068597179925,595.10791015625,9.331
3307.829484684,595.10791015625,9.718
3308.1529417519923,465.72705078125,7.315
3308.4770821150014,746.98046875,8.507
3308.8005034939997,595.1083984375,9.075
3309.1248796049913,516.35791015625,9.563
3309.451142361999,465.7275390625,6.976
3309.7737570079917,724.48095703125,8.158
3310.0987617469946,716.744140625,8.997
3310.4216972389986,595.10888671875,9.331
3310.7437457060005,489.64599609375,8.43
3311.066262802997,1029.72998046875,7.548
3311.3897416389955,595.109375,8.726
3311.713685707,595.109375,9.153
3312.038845189003,595.109375,9.602
3312.363883673999,465.728515625,7.093
3312.688667452996,746.98193359375,8.274
3313.0105750329967,499.478515625,9.153
3313.3350712440006,595.10986328125,9.447
3313.6590777959937,465.72900390625,7.249
3313.9825842249993,724.482421875,8.041
3314.306073054002,595.1103515625,8.881
3314.629839330999,595.1103515625,9.447
3314.9517103489925,489.6474609375,8.701
3315.2740179309912,1029.7314453125,7.548
3315.5958245910006,650.37109375,8.687
3315.9181592700043,595.11083984375,9.269
3316.2411128899985,635.74609375,9.602
3316.563799134994,465.72998046875,7.015
3316.887139612998,746.9833984375,8.352
3317.208732233994,595.111328125,9.075
3317.5307542169903,595.111328125,9.563
3317.855048969999,465.73046875,7.471
3318.176804950999,724.48388671875,8.313
3318.4993328379933,595.11181640625,9.036
3318.8209320349997,595.11181640625,9.486
3319.1428836330015,489.64892578125,8.585
3319.4665814549953,1029.73291015625,7.665
3319.791219216,595.1123046875,8.765
3320.1162691229983,595.1123046875,9.346
3320.4422366090002,595.1123046875,9.718
3320.763657927004,465.7314453125,7.276
3321.0862265609903,746.98486328125,8.43
3321.408151548996,595.11279296875,9.153
3321.730276315997,595.11279296875,9.525
3322.052869551,465.73193359375,7.132
3322.375070159993,724.4853515625,8.158
3322.69827970599,595.11328125,8.959
3323.0198451089964,595.11328125,9.447
3323.341879175001,489.650390625,8.585
3323.6650892570033,1029.734375,7.626
3323.9889027239988,595.11376953125,8.803
3324.313794513,595.11376953125,9.308
3324.635491398003,595.11376953125,9.718
3324.957543848999,465.73291015625,7.288
3325.28382705299,746.986328125,8.391
3325.608197845999,595.1142578125,9.153
3325.9308649079903,595.1142578125,9.525
3326.253384219992,465.7333984375,7.093
3326.5765729039995,724.48681640625,8.119
3326.9001512319956,595.11474609375,8.92
3327.2250016509934,595.11474609375,9.447
3327.546648977004,489.65185546875,8.585
3327.871749799,1029.73583984375,7.626
3328.196002454002,595.115234375,8.765
3328.517700750992,595.115234375,9.23
3328.840359884998,595.115234375,9.641
3329.161573161997,465.734375,7.21
3329.4852707109967,746.98779296875,8.352
3329.8090867540013,595.11572265625,9.153
3330.1325081559917,595.11572265625,9.447
3330.456769180004,465.73486328125,7.288
3330.779293347994,724.48828125,8.08
3331.1016772869916,595.1162109375,8.92
3331.4251940760005,499.66650390625,9.486
3331.7467281449935,489.6533203125,8.74
3332.070540588,1029.7373046875,7.51
3332.3929810650006,589.49169921875,8.648
3332.715653227002,595.11669921875,9.269
3333.0388794280007,595.11669921875,9.563
3333.361254069998,465.73583984375,6.976
3333.683524381995,746.9892578125,8.352
3334.005795938996,595.1171875,9.075
3334.3294143419917,595.1171875,9.563
3334.6561217459966,465.736328125,7.483
3334.979981463999,724.48974609375,8.041
3335.302509888992,595.11767578125,8.959
3335.623881649997,595.11767578125,9.408
3335.947044496992,489.65478515625,8.881
3336.2704440579982,1029.73876953125,7.51
3336.5929838009906,589.4931640625,8.61
3336.9153792129946,595.1181640625,9.346
3337.2376698839944,595.1181640625,9.525
3337.560114063992,465.7373046875,6.976
3337.882733253995,746.99072265625,8.313
3338.2055566140043,595.11865234375,9.036
3338.5304206729925,505.2939453125,9.563
3338.8520897319977,465.73779296875,7.471
3339.175029664999,724.4912109375,7.924
3339.498555928003,595.119140625,8.997
3339.820133903995,595.119140625,9.346
3340.1419881159964,489.65625,9.075
3340.4639874549903,1029.740234375,7.471
3340.787195384997,589.49462890625,8.571
3341.1093482269935,615.5048828125,9.269
3341.434904615002,595.11962890625,9.525
3341.757298932993,465.73876953125,7.015
3342.0794554159947,746.93505859375,8.274
3342.400779987991,595.1201171875,9.114
3342.723233821991,595.1201171875,9.486
3343.0452462579997,465.7392578125,7.665
3343.3688804959966,724.49267578125,7.963
3343.6911676269956,516.3701171875,8.997
3344.0132396109984,595.12060546875,9.37
3344.336641861999,468.5673828125,9.114
3344.659565719994,1029.74169921875,7.51
3344.9812644299964,589.49609375,8.624
3345.303230160993,595.12109375,9.23
3345.6248574089987,595.12109375,9.563
3345.9486265099986,465.740234375,7.054
3346.2715772380034,724.49365234375,8.274
3346.5954156189982,595.12158203125,9.114
3346.9177733840042,595.12158203125,9.447
3347.239960166,465.74072265625,7.704
3347.5626571439934,724.494140625,8.041
3347.8854309529997,516.37158203125,8.997
3348.208290109993,595.1220703125,9.292
3348.5313352569938,626.75732421875,9.114
3348.8539775959944,1029.7431640625,7.548
3349.176686498002,589.49755859375,8.61
3349.5000669500005,510.7412109375,9.269
3349.8225184570038,595.12255859375,9.486
3350.144567258001,465.74169921875,7.015
3350.4683134789957,758.18798828125,8.274
3350.7953328650037,595.123046875,9.036
3351.1198654820037,595.12353515625,9.408
3351.441603508996,465.7421875,7.587
3351.7641274210036,724.49560546875,8.041
3352.0868596609944,595.12353515625,8.997
3352.409583708999,595.12353515625,9.292
3352.7309029519965,489.66064453125,9.075
3353.0537716389954,1029.74462890625,7.548
3353.3756302959955,589.4990234375,8.571
3353.697925511995,499.51513671875,9.269
3354.020760141997,595.1240234375,9.447
3354.3438469440007,465.7431640625,7.054
3354.6676770699996,544.49609375,8.313
3354.993383309993,595.12451171875,9.036
3355.3160705659975,716.759765625,9.486
3355.6389091849996,465.74365234375,7.587
3355.961962977992,724.4970703125,7.963
3356.2846324010025,595.125,8.959
3356.6068787949916,595.125,9.292
3356.933379102993,510.74365234375,9.114
3357.2575246819906,1029.74609375,7.548
3357.578975832992,589.50048828125,8.61
3357.9008870629914,595.12548828125,9.331
3358.224967096001,595.12548828125,9.486
3358.5478269110026,465.74462890625,7.054
3358.8699904649984,746.998046875,8.391
3359.1928445789963,595.1259765625,9.036
3359.515155018991,626.76123046875,9.447
3359.8384730499965,465.7451171875,7.548
3360.1607017200004,724.49853515625,8.002
3360.4838874569978,595.12646484375,8.997
3360.808163634996,595.12646484375,9.331
3361.1340605269943,489.66357421875,8.959
3361.456738873996,1029.74755859375,7.769
3361.7800521219906,595.126953125,8.842
3362.1035042239964,595.126953125,9.269
3362.428921151004,595.126953125,9.641
3362.7527637599997,465.74609375,7.249
3363.0762826729915,746.99951171875,8.352
3363.4004597610037,595.12744140625,9.191
3363.7230592029955,595.12744140625,9.408
3364.047210329998,465.74658203125,7.21
3364.370983487999,724.5,8.235
3364.693360609992,595.1279296875,8.959
3365.0152168429922,595.1279296875,9.408
3365.340072826002,489.6650390625,8.546
3365.6623401120014,1029.7490234375,7.665
3365.9844166989933,595.12841796875,8.765
3366.307857314998,595.12841796875,9.269
3366.6309902979992,595.12841796875,9.641
3366.95471936799,465.74755859375,7.21
3367.276962610995,747.0009765625,8.313
3367.599004689997,595.12890625,9.191
3367.921579524991,595.12890625,9.408
3368.243745668995,465.748046875,7.249
3368.5695924559986,724.50146484375,8.041
3368.8913862560003,595.12939453125,8.842
3369.2159269959957,626.7646484375,9.37
3369.5399245409935,489.66650390625,8.74
3369.8632753639977,1029.75048828125,7.471
3370.1850536690035,589.5048828125,8.571
3370.5069594660017,595.1298828125,9.269
3370.8287137939915,595.1298828125,9.447
3371.1507160369947,465.7490234375,6.976
3371.473342019992,589.501953125,8.274
3371.795979485003,595.13037109375,9.036
3372.1183431129903,595.13037109375,9.447
3372.439920593999,465.74951171875,7.626
3372.768049528997,724.5029296875,7.924
3373.0917882520007,488.24951171875,8.92
3373.415754343994,595.130859375,9.346
3373.7426784510026,477.01123046875,9.036
3374.0667515169916,1029.751953125,7.548
3374.391641547001,589.50634765625,8.61
3374.7193786749995,595.13134765625,9.308
3375.0432226999983,595.13134765625,9.525
3375.3674964719976,465.75048828125,7.054
3375.6918040320015,747.00390625,8.352
3376.017662667,595.1318359375,9.036
3376.3444295669906,595.1318359375,9.486
3376.670025497995,465.7509765625,7.327
3376.9931009299908,724.50439453125,8.119
3377.3152557769936,595.13232421875,8.881
3377.637815854003,499.5234375,9.408
3377.959492080001,489.66943359375,8.803
3378.284076691998,1029.75341796875,7.471
3378.6049466080003,589.5078125,8.532
3378.9269572740013,595.1328125,9.308
3379.248572882003,595.1328125,9.408
3379.5742406049976,465.751953125,6.937
3379.898374174998,724.50537109375,8.196
3380.2236276339972,595.13330078125,9.114
3380.5470353769924,595.13330078125,9.408
3380.8699372690025,465.75244140625,7.626
3381.1932386339904,724.505859375,7.963
3381.516264049991,595.1337890625,8.765
3381.839291091994,595.1337890625,9.331
3382.1611515219993,595.1337890625,9.385
3382.4831831280026,984.7548828125,7.354
3382.8097388949973,589.50927734375,8.391
3383.1344724380033,595.13427734375,9.23
3383.4577926380007,595.13427734375,9.447
3383.7822957960016,465.75341796875,6.753
3384.105261317003,724.5068359375,7.963
3384.4309394059965,595.134765625,8.881
3384.754851427002,595.134765625,9.346
3385.076840513997,489.671875,8.507
3385.4014676700026,1029.755859375,7.315
3385.724194990995,589.51025390625,8.507
3386.047094447,595.13525390625,9.269
3386.373129051004,595.13525390625,9.408
3386.694789278001,465.75439453125,7.171
3387.0194326769997,747.0078125,8.43
3387.3441326539905,595.1357421875,9.114
3387.666669586004,595.1357421875,9.525
3387.9952195829974,465.7548828125,7.327
3388.3187083950033,724.50830078125,8.041
3388.6438045059913,595.13623046875,8.92
3388.9708496609965,499.6865234375,9.486
3389.293854699994,489.67333984375,8.701
3389.617252265991,1029.75732421875,7.471
3389.944560400996,589.51171875,8.648
3390.2673389279953,595.13671875,9.23
3390.5929297039984,516.38037109375,9.602
3390.9161018729937,465.755859375,7.21
3391.2391134909994,747.00927734375,8.352
3391.562386877995,510.755859375,9.153
3391.8846552239993,595.13720703125,9.408
3392.2104227329983,465.75634765625,7.288
3392.5356477530004,724.509765625,8.352
3392.8588134750025,499.68798828125,9.114
3393.1817573000008,595.1376953125,9.408
3393.504878571999,488.26806640625,8.391
3393.8272967349913,1029.7587890625,7.924
3394.1510475649993,635.7734375,8.881
3394.4767769129976,595.13818359375,9.292
3394.804471269992,477.0068359375,9.796
3395.1260346369963,984.75927734375,7.587
3395.4479686429986,589.513671875,8.454
3395.7698461279942,595.138671875,9.269
3396.0953200599906,595.138671875,9.408
3396.4171158129902,465.7578125,7.054
3396.7390107009996,724.51123046875,8.119
3397.061508270999,595.13916015625,8.959
3397.3847233760025,595.13916015625,9.525
3397.70857082399,472.85400390625,8.054
3398.031397104991,1029.76025390625,8.041
3398.3528406050027,595.1396484375,8.881
3398.675799335004,595.1396484375,9.331
3398.9988726930023,595.1396484375,9.68
3399.3204114539985,984.7607421875,7.548
3399.649180961991,589.51513671875,8.532
3399.9737502189964,595.14013671875,9.191
3400.298691650998,595.14013671875,9.525
3400.620542384,465.75927734375,7.093
3400.9441193340026,724.5126953125,8.158
3401.2664708849916,595.140625,9.036
3401.590350501996,595.140625,9.447
3401.9134813449928,465.759765625,7.938
3402.239576573993,724.51318359375,8.041
3402.562341639001,595.14111328125,8.881
3402.8850331279973,595.14111328125,9.408
3403.207659398002,595.14111328125,9.308
3403.5295821799955,1029.76220703125,7.548
3403.8513978789997,589.5166015625,8.61
3404.1733472490014,595.1416015625,9.114
3404.4962619720027,626.77685546875,9.525
3404.8178899439954,465.7607421875,6.976
3405.1426230779907,724.51416015625,8.08
3405.4655378269963,595.14208984375,8.997
3405.788685282998,595.14208984375,9.447
3406.111229032991,465.76123046875,7.976
3406.4354268079915,1029.76318359375,8.002
3406.758292997998,595.142578125,8.842
3407.082527694991,595.142578125,9.331
3407.404525174992,595.142578125,9.641
3407.7264764379943,984.763671875,7.548
3408.0480021139956,589.51806640625,8.507
3408.371505764997,595.14306640625,9.269
3408.695853479003,595.14306640625,9.447
3409.0180472420034,465.76220703125,6.937
3409.3411824209907,724.515625,8.08
3409.6637331870006,595.1435546875,8.92
3409.988486382994,595.14404296875,9.331
3410.3100732640014,492.4931640625,8.158
3410.632639160991,1029.7646484375,7.847
3410.955653969999,493.8876953125,8.803
3411.2772105070035,595.14404296875,9.254
3411.5987706570013,595.14404296875,9.68
3411.9227020109975,465.76318359375,7.393
3412.2448479110026,747.0166015625,8.507
3412.5671805059974,595.14453125,9.036
3412.8896675019932,617.64404296875,9.525
3413.2168655849964,465.763671875,6.976
3413.541164050999,724.51708984375,8.158
3413.8649738189997,493.89453125,9.075
3414.1869289129972,595.14501953125,9.331
3414.5096847130044,495.1845703125,8.468
3414.8328044279915,1029.76611328125,7.782
3415.154904417999,595.1455078125,8.726
3415.477791835001,595.1455078125,9.37
3415.7995726679947,595.1455078125,9.718
3416.122427052993,465.7646484375,7.237
3416.444637569002,747.01806640625,8.43
3416.7698500660044,595.14599609375,9.153
3417.093479101997,595.14599609375,9.525
3417.4165042709938,465.76513671875,7.093
3417.7389420809923,724.5185546875,8.235
3418.061360656997,635.78173828125,8.959
3418.383606329997,595.146484375,9.331
3418.7054175459925,489.68359375,8.507
3419.0275367430004,1029.767578125,7.587
3419.350401539996,595.14697265625,8.726
3419.67223886399,595.14697265625,9.23
3419.9954140039918,595.14697265625,9.602
3420.3188908209995,465.76611328125,7.171
3420.642585851994,747.01953125,8.313
3420.965295973001,499.51611328125,9.153
3421.2876090530044,595.1474609375,9.37
3421.616108895003,465.7666015625,7.249
3421.9409882239997,724.52001953125,8.002
3422.263153195003,595.14794921875,8.881
3422.5876502009924,635.783203125,9.408
3422.9096788710012,489.68505859375,8.803
3423.232538682001,1029.76904296875,7.665
3423.5566970429936,595.1484375,8.765
3423.8812047579995,595.1484375,9.191
3424.2077355380025,595.1484375,9.641
3424.5296890610043,465.767578125,7.315
3424.853104114998,747.02099609375,8.352
3425.1781866329984,595.14892578125,9.191
3425.504042815999,595.14892578125,9.447
3425.8257769899938,465.76806640625,7.093
3426.148878838998,724.521484375,8.196
3426.4722825899953,595.1494140625,8.959
3426.798234860995,595.1494140625,9.37
3427.1205788789957,489.6865234375,8.546
3427.443903610998,1029.7705078125,7.704
3427.7690803860023,595.14990234375,8.687
3428.0911446730024,595.150390625,9.269
3428.4123301060026,595.14990234375,9.602
3428.735098609992,465.76904296875,7.276
3429.0585060220037,747.0224609375,8.391
3429.383050442004,595.150390625,9.191
3429.7077498409926,595.150390625,9.447
3430.032010946001,465.76953125,7.093
3430.3572194849985,724.52294921875,8.274
3430.680345592991,595.15087890625,9.075
3431.0041204949957,595.15087890625,9.292
3431.3286632389936,482.744140625,8.352
3431.6529905450006,1029.77197265625,7.471
3431.97845914599,595.1513671875,8.687
3432.302756113,595.1513671875,9.191
3432.6246189219964,595.1513671875,9.602
3432.9499109649914,465.7705078125,7.093
3433.273349904004,747.02392578125,8.274
3433.596391735002,595.15185546875,9.036
3433.9185147059907,595.15185546875,9.447
3434.2437419390044,465.77099609375,7.327
3434.566456357992,724.5244140625,8.002
3434.8886354849965,595.15234375,8.92
3435.212025193003,595.15234375,9.37
3435.5349084769987,489.689453125,8.842
3435.8588957719912,1029.7734375,7.51
3436.1827400210022,589.52783203125,8.648
3436.5074517299945,595.15283203125,9.269
3436.8323987409967,595.15283203125,9.602
3437.1574888609903,465.77197265625,7.171
3437.4828294559993,747.025390625,8.313
3437.8058506489906,615.53857421875,9.153
3438.1278739739937,595.1533203125,9.408
3438.452192053999,465.7724609375,7.288
3438.774567421002,724.52587890625,8.08
3439.098103444994,595.15380859375,8.881
3439.4198762250016,499.5224609375,9.408
3439.7413417539938,489.69091796875,8.803
3440.0645157410036,1029.77490234375,7.471
3440.3866387689923,589.529296875,8.571
3440.7108199310023,595.154296875,9.269
3441.0319841599994,595.154296875,9.447
3441.3530489599943,465.7734375,6.976
3441.677896544992,509.716796875,8.274
3442.000380792,595.15478515625,9.036
3442.321875844995,595.15478515625,9.408
3442.6435649189953,465.77392578125,7.665
3442.966093226991,724.52734375,7.963
3443.2882037559903,595.1552734375,8.842
3443.6104536170023,595.1552734375,9.408
3443.931946480996,595.1552734375,9.308
3444.2548067000025,555.7744140625,7.51
3444.5787613010034,589.53076171875,8.648
3444.900009731995,595.15576171875,9.153
3445.2239327429998,595.15576171875,9.602
3445.550670657991,465.77490234375,7.054
3445.8728766290005,724.5283203125,8.158
3446.1977123449906,499.70654296875,9.114
3446.5203264599986,595.15625,9.331
3446.844270483998,465.775390625,7.821
3447.167072313998,724.52880859375,8.041
3447.4897236410034,595.15673828125,8.842
3447.812636349001,595.15673828125,9.408
3448.1343047160044,595.15673828125,9.424
3448.4560541429964,984.77783203125,7.51
3448.779201062993,589.5322265625,8.507
3449.1037400119967,595.1572265625,9.23
3449.425947212003,595.1572265625,9.447
3449.747030901999,465.7763671875,6.976
3450.069675489998,724.52978515625,8.119
3450.3926377250027,595.15771484375,8.92
3450.7180086659937,716.79296875,9.408
3451.0393783129985,493.78857421875,8.119
3451.363158847991,1029.77880859375,7.808
3451.686311351994,626.79345703125,8.803
3452.008422368992,595.158203125,9.269
3452.33043725499,595.158203125,9.68
3452.6538347229944,465.77734375,7.315
3452.979801195994,747.03076171875,8.507
3453.3041613919922,595.15869140625,9.153
3453.6264028379956,595.15869140625,9.602
3453.9503490249917,465.77783203125,6.976
3454.2735619339946,724.53125,8.196
3454.5961865260033,595.1591796875,9.075
3454.9198773690005,595.1591796875,9.408
3455.241457527998,492.5087890625,8.274
3455.564442802992,1029.7802734375,7.886
3455.8905134529923,499.53955078125,8.92
3456.212670719993,595.15966796875,9.292
3456.535217537996,595.15966796875,9.834
3456.8558543809922,984.78076171875,7.587
3457.178176287998,589.53515625,8.454
3457.5035152850032,510.77880859375,9.269
3457.8266872069944,595.16015625,9.486
3458.148571521,465.779296875,7.093
3458.471608109001,724.53271484375,8.158
3458.795563129999,595.16064453125,8.959
3459.1178203509917,595.16064453125,9.486
3459.440074882994,488.279296875,8.08
3459.762436677993,1029.78173828125,8.041
3460.085696751994,595.1611328125,8.881
3460.4086572919914,595.1611328125,9.292
3460.7314706530015,595.1611328125,9.718
3461.0528744170006,984.7822265625,7.626
3461.375678753,589.53662109375,8.493
3461.6985142210033,595.16162109375,9.269
3462.021505375,595.16162109375,9.447
3462.3430511229963,465.78076171875,7.054
3462.665425254003,724.5341796875,8.119
3462.9891372970014,595.162109375,8.959
3463.3115212819976,595.162109375,9.486
3463.633498654992,465.80419921875,8.08
3463.955575133994,1029.783203125,8.002
3464.27891387399,595.16259765625,8.881
3464.6039570369903,595.16259765625,9.292
3464.928330374998,595.16259765625,9.641
3465.249682433001,984.78369140625,7.587
3465.571598800001,589.5380859375,8.493
3465.8946298989904,595.1630859375,9.269
3466.2171140309947,595.1630859375,9.408
3466.539172766992,465.7822265625,6.937
3466.8629929820017,724.53564453125,8.119
3467.1852440410003,595.16357421875,8.997
3467.5106590119976,615.548828125,9.486
3467.833937532996,491.0947265625,8.08
3468.1570857769984,1029.78466796875,7.847
3468.480013883993,516.41357421875,8.881
3468.803416180992,595.1640625,9.254
3469.1291095829947,595.1640625,9.757
3469.4512753159943,984.78515625,7.51
3469.773415345,589.53955078125,8.454
3470.095745269995,595.16455078125,9.269
3470.417712843002,595.16455078125,9.447
3470.740797548002,465.78369140625,7.015
3471.0628259819932,724.537109375,8.119
3471.3848070859967,595.1650390625,8.959
3471.70706608599,595.16552734375,9.37
3472.0297630549903,492.5146484375,8.196
3472.352179659996,1029.7861328125,7.821
3472.675746421999,599.47998046875,8.803
3472.9983326599904,595.16552734375,9.308
3473.320663238992,595.16552734375,9.68
3473.644085189997,465.78466796875,7.393
3473.966457396993,747.0380859375,8.546
3474.289123280003,595.166015625,9.075
3474.61133231,595.166015625,9.525
3474.9364185790037,465.78515625,6.976
3475.258979043996,724.53857421875,8.158
3475.583556808997,533.28515625,8.997
3475.9068292979937,595.16650390625,9.37
3476.2297367159917,485.47265625,8.43
3476.552282741992,1029.78759765625,7.924
3476.8745752789982,595.1669921875,8.842
3477.198739640997,595.1669921875,9.346
3477.5208178969915,615.55224609375,9.796
3477.842114995001,488.33935546875,7.471
3478.1648097839934,533.2861328125,8.507
3478.4902780669945,595.16748046875,9.153
3478.813036724998,595.16748046875,9.486
3479.139278026996,465.78662109375,7.132
3479.464005121001,724.5400390625,8.158
3479.7870930670033,595.16796875,8.997
3480.1101781649922,595.16796875,9.525
3480.4362519659917,465.787109375,8.054
3480.7580579959904,724.54052734375,8.158
3481.0800273289933,595.16845703125,8.881
3481.403244043002,595.16845703125,9.447
3481.7251468719915,595.16845703125,9.385
3482.0469905619975,984.78955078125,7.51
3482.3704758889944,589.5439453125,8.468
3482.6923889850004,595.1689453125,9.23
3483.013974802001,595.1689453125,9.408
3483.3358317029924,465.7880859375,6.898
3483.658385941002,724.54150390625,8.08
3483.979999048999,595.16943359375,8.959
3484.3016612479987,595.16943359375,9.37
3484.6254391809925,492.51904296875,8.196
3484.947634579992,1029.79052734375,7.704
3485.269386632004,595.169921875,8.648
3485.5917331709934,595.169921875,9.331
3485.913404285995,595.169921875,9.68
3486.2384629689914,465.7890625,7.51
3486.5614699470025,747.04248046875,8.585
3486.883786972001,595.17041015625,9.114
3487.207930089993,595.17041015625,9.525
3487.53007773,465.78955078125,6.937
3487.8518343089963,724.54296875,8.08
3488.1752497739944,595.1708984375,8.842
3488.4979932429997,595.1708984375,9.37
3488.820101926991,489.7080078125,8.585
3489.1417570560006,1029.7919921875,7.587
3489.463816329997,595.17138671875,8.765
3489.7887914019957,595.17138671875,9.23
3490.113860429992,595.17138671875,9.641
3490.436556973,465.79052734375,7.171
3490.7595853660023,747.0439453125,8.313
3491.081970753992,488.31298828125,9.114
3491.403551308991,595.171875,9.408
3491.7283057210007,465.791015625,7.327
3492.050375634004,724.54443359375,8.274
3492.372408522002,595.17236328125,8.959
3492.6957250440028,595.17236328125,9.486
3493.017696643001,489.70947265625,8.624
3493.3406655330036,1029.79345703125,7.471
3493.6627195649926,589.54833984375,8.61
3493.9845408480032,595.1728515625,9.23
3494.3080708759953,595.1728515625,9.447
3494.630550583999,465.7919921875,6.976
3494.9529994729965,747.04541015625,8.352
3495.27496545999,595.17333984375,9.036
3495.600382343997,499.5478515625,9.525
3495.9224564909964,465.79248046875,7.471
3496.244807544994,724.5458984375,7.924
3496.5676031600015,617.67333984375,8.92
3496.8904346780037,595.173828125,9.292
3497.2159233629936,485.47998046875,9.036
3497.5397958190006,1029.794921875,7.471
3497.8623910960014,589.54931640625,8.571
3498.1886224949994,595.17431640625,9.191
3498.511108614999,595.17431640625,9.447
3498.83405682999,465.79345703125,6.976
3499.1562111230014,724.546875,8.196
3499.4800392469915,595.1748046875,9.114
3499.8037950739963,595.1748046875,9.408
3500.1255529920018,465.7939453125,7.704
3500.449533948995,724.54736328125,8.002
3500.7730486090004,494.2763671875,8.997
3501.095029378994,595.17529296875,9.331
3501.417325235001,477.0556640625,9.114
3501.739392564996,1029.79638671875,7.51
3502.0613535209995,589.55078125,8.571
3502.3831448379933,595.17578125,9.23
3502.7046290979924,595.17578125,9.525
3503.0272762849927,465.794921875,7.21
3503.349802283992,747.04833984375,8.43
3503.672496925996,595.17626953125,9.075
3503.9950364230026,494.1015625,9.563
3504.316616199998,465.79541015625,7.548
3504.6399425109994,724.548828125,8.002
3504.9624969799916,595.1767578125,9.036
3505.283763682004,595.1767578125,9.37
3505.606658353994,489.7138671875,9.036
3505.9289451899967,1029.7978515625,7.548
3506.2504409520043,589.55224609375,8.571
3506.572976276002,626.8125,9.308
3506.8945585320034,595.17724609375,9.525
3507.217864860999,465.79638671875,7.015
3507.5405290179915,729.8642578125,8.235
3507.8633849859907,595.177734375,9.075
3508.1853694299934,595.177734375,9.37
3508.507317839001,465.796875,7.704
3508.8297978499904,724.55029296875,7.963
3509.15182958699,595.17822265625,8.92
3509.473995184002,595.17822265625,9.37
3509.7970489419968,595.17822265625,9.23
3510.1194184149936,1029.79931640625,7.548
3510.4413261080044,589.5537109375,8.648
3510.7628785169945,595.1787109375,9.23
3511.0848873939976,595.1787109375,9.602
3511.4097293169907,465.7978515625,7.015
3511.732148797004,724.55126953125,8.196
3512.054431023993,595.17919921875,9.114
3512.3781861759926,595.17919921875,9.408
3512.7020614240027,465.79833984375,7.782
3513.027228470004,724.5517578125,8.235
3513.34981463899,595.1796875,8.997
3513.672215229002,595.1796875,9.37
3513.9971318269963,489.716796875,8.842
3514.320778387002,1029.80078125,7.432
3514.6438823299977,589.55517578125,8.532
3514.9669956459984,617.6796875,9.269
3515.2894171259977,595.18017578125,9.447
3515.6140263749985,465.79931640625,6.937
3515.9362934419914,724.552734375,8.158
3516.2589243330003,595.1806640625,9.075
3516.5802094050014,595.1806640625,9.331
3516.901651345004,465.7998046875,7.743
3517.223652187997,724.55322265625,8.002
3517.5450887179904,595.18115234375,8.842
3517.867230456992,595.18115234375,9.408
3518.1894634319906,595.18115234375,9.346
3518.512754914991,1029.80224609375,7.548
3518.834953707992,589.556640625,8.648
3519.156874184002,595.181640625,9.153
3519.4793734370032,595.181640625,9.563
3519.800891716004,465.80078125,7.132
3520.1229194229963,724.55419921875,8.196
3520.4454999220034,488.31201171875,9.075
3520.7674521659937,595.18212890625,9.408
3521.090699822991,465.80126953125,7.86
3521.413429538996,724.5546875,8.08
3521.735328718991,595.1826171875,8.842
3522.061026426003,595.1826171875,9.408
3522.3831442060036,595.1826171875,9.346
3522.7065491090034,1395.900390625,7.548
3523.0310830489907,589.55810546875,8.61
3523.3529673110024,595.18310546875,9.153
3523.6747766219924,488.3017578125,9.486
3523.9965247439977,465.80224609375,6.937
3524.319473972995,724.5556640625,8.041
3524.6445348069974,595.18359375,8.92
3524.9669359109976,595.18359375,9.486
3525.291496849997,465.802734375,7.976
3525.614446615,1029.8046875,8.002
3525.9390044119937,595.18408203125,8.842
3526.2620715230005,595.18408203125,9.37
3526.5859087760036,595.18408203125,9.563
3526.910248254004,984.80517578125,7.665
3527.232410842,589.5595703125,8.571
3527.556285019993,595.1845703125,9.191
3527.878123811999,595.1845703125,9.486
3528.2006623469933,465.8037109375,6.976
3528.523292404003,724.55712890625,8.08
3528.844401593,595.18505859375,8.92
3529.1670125730016,533.3037109375,9.37
3529.493004620992,492.53515625,8.041
3529.816561682994,1029.80615234375,7.847
3530.1417138510005,499.73583984375,8.881
3530.4638497659907,595.185546875,9.292
3530.7872761609906,595.185546875,9.796
3531.109688625991,602.71240234375,7.471
3531.432573013997,499.5546875,8.468
3531.7557445779967,595.18603515625,9.153
3532.0789081730036,595.18603515625,9.486
3532.4045993929903,465.80517578125,6.898
3532.7269567740004,724.55859375,8.119
3533.049844991998,595.1865234375,9.036
3533.3722409009933,595.1865234375,9.37
3533.693877255995,492.5361328125,8.235
3534.0161424349935,1029.8076171875,7.743
3534.337852646,595.18701171875,8.648
3534.660206881992,595.18701171875,9.331
3534.983345083994,595.18701171875,9.641
3535.3062038179924,465.80615234375,7.093
3535.6301441620017,747.0595703125,8.235
3535.9522313390044,595.1875,9.191
3536.2748641389917,595.1875,9.447
3536.597139609992,465.806640625,7.288
3536.9202089979954,724.56005859375,8.274
3537.2427317719994,595.18798828125,8.997
3537.5646714479954,595.18798828125,9.447
3537.8886810620024,489.72509765625,8.585
3538.2133242069976,1029.80908203125,7.626
3538.539458963991,595.1884765625,8.726
3538.862292620004,595.1884765625,9.308
3539.185730846002,595.1884765625,9.641
3539.5067471459915,465.701171875,6.285
3539.8305822469993,724.45458984375,7.808
3540.152341612993,595.08251953125,8.803
3540.478287136997,516.33203125,9.408
3540.8005728879943,465.701171875,8.002
3541.1223471300036,1029.703125,7.847
3541.447023091998,595.08251953125,8.881
3541.771891376993,595.08251953125,9.254
3542.094920898002,595.08251953125,9.718
3542.418857112003,1029.70361328125,7.743
3542.7425760969927,589.4580078125,8.765
3543.0645695379935,595.0830078125,9.23
3543.386311672002,595.0830078125,9.602
3543.710352584996,465.7021484375,7.132
3544.0344260429993,724.45556640625,8.274
3544.3570622889965,595.08349609375,9.153
3544.6806749239913,595.08349609375,9.37
3545.0062098769995,465.70263671875,7.665
3545.3318477139983,1029.70458984375,7.821
3545.6566637539945,595.083984375,8.765
3545.9780507219984,595.083984375,9.254
3546.3006586050033,595.083984375,9.68
3546.6233999940014,984.705078125,7.432
3546.945374693998,589.45947265625,8.468
3547.2685327380022,615.4697265625,9.191
3547.592882412995,595.08447265625,9.447
3547.915033593992,465.70361328125,6.859
3548.2368903640017,724.45703125,8.158
3548.559890314995,595.0849609375,9.036
3548.8818995649926,595.0849609375,9.331
3549.203230066996,492.4345703125,8.352
3549.525075309997,1029.7060546875,7.587
3549.8467924470024,595.08544921875,8.687
3550.1706608410022,595.08544921875,9.23
3550.4921326879994,595.08544921875,9.602
3550.8155240009946,465.70458984375,7.132
3551.1403156279994,746.9580078125,8.313
3551.467097736997,494.01123046875,9.191
3551.7928061970015,595.0859375,9.408
3552.1156542829995,465.705078125,7.171
3552.438691079995,724.45849609375,8.158
3552.76254035499,595.08642578125,8.92
3553.088263177997,595.08642578125,9.447
3553.4111579169985,489.62353515625,8.585
3553.734096108994,1029.70751953125,7.432
3554.0560489469935,589.4619140625,8.61
3554.3789594889968,595.0869140625,9.308
3554.700448080999,595.0869140625,9.563
3555.0233873230027,465.7060546875,7.015
3555.3488769749965,746.95947265625,8.352
3555.671493927992,595.08740234375,9.075
3555.993926103998,595.08740234375,9.563
3556.317250221997,465.70654296875,7.432
3556.640969647997,724.4599609375,8.002
3556.9635679700004,595.087890625,8.959
3557.288345613997,595.087890625,9.408
3557.612487837003,489.625,8.803
3557.9377742969955,1029.708984375,7.471
3558.260631152996,589.46337890625,8.648
3558.582388056995,595.08837890625,9.308
3558.904973024997,595.08837890625,9.563
3559.2273026850016,465.70751953125,6.859
3559.5510833169974,724.4609375,8.158
3559.8744255899946,595.0888671875,9.075
3560.1974757559947,595.0888671875,9.331
3560.519166344995,465.7080078125,7.704
3560.841197007001,724.46142578125,7.963
3561.162811973001,595.08935546875,8.881
3561.485097333003,595.08935546875,9.37
3561.805936453995,595.08935546875,9.346
3562.1271467579936,984.7109375,7.548
3562.449578679996,589.46484375,8.571
3562.771453837995,595.08984375,9.191
3563.0938662980043,621.10009765625,9.563
3563.41578651499,465.708984375,6.937
3563.7384383399913,724.46240234375,8.08
3564.061191450004,595.09033203125,8.959
3564.3842265870044,595.09033203125,9.525
3564.7059234570042,465.70947265625,8.015
3565.029851936997,1029.71142578125,8.08
3565.3523834969965,595.0908203125,8.842
3565.673873569991,499.470703125,9.408
3565.99519323399,595.0908203125,9.525
3566.317282435004,984.7119140625,7.587
3566.6393442069966,589.46630859375,8.532
3566.960612312003,595.09130859375,9.23
3567.2831400540017,595.09130859375,9.525
3567.606100577992,465.71044921875,7.015
3567.927957246997,724.4638671875,8.08
3568.2501472729928,595.091796875,8.997
3568.5723702910036,595.091796875,9.525
3568.8958698709903,465.7109375,8.054
3569.2189068709995,724.46435546875,8.119
3569.540429696004,595.09228515625,8.881
3569.862866409996,595.09228515625,9.486
3570.186635980004,595.09228515625,9.385
3570.509366401995,555.71142578125,7.587
3570.8308706889948,589.4677734375,8.648
3571.154499255994,595.0927734375,9.191
3571.4777382059983,595.0927734375,9.641
3571.8024165389943,465.7119140625,7.054
3572.124093307997,724.46533203125,8.196
3572.4459458929923,476.9697265625,9.075
3572.7685768090014,595.09326171875,9.408
3573.0919781569974,465.71240234375,7.821
3573.4157614720025,724.4658203125,8.041
3573.737564925992,595.09375,8.959
3574.0608275429986,595.09375,9.408
3574.3829875219963,599.408203125,9.23
3574.705256303001,1029.71484375,7.548
3575.027162762999,589.46923828125,8.61
3575.3494843450026,595.09423828125,9.23
3575.6713146389957,595.09423828125,9.563
3575.9946181760024,465.71337890625,7.015
3576.317293015003,724.466796875,8.158
3576.641093016995,595.0947265625,9.153
3576.9625188079954,595.0947265625,9.408
3577.2843568399985,465.7138671875,7.743
3577.6067078829947,724.46728515625,7.963
3577.9312145629956,595.09521484375,8.92
3578.2533880279952,595.09521484375,9.37
3578.5766459839942,595.09521484375,9.191
3578.8995599219925,1029.71630859375,7.548
3579.222573512001,589.470703125,8.61
3579.544741563004,615.48095703125,9.308
3579.86656028399,595.095703125,9.525
3580.1911811030004,465.71484375,7.015
3580.5157526709954,724.46826171875,8.235
3580.8405360199977,595.09619140625,9.114
3581.1653589229973,595.09619140625,9.408
3581.4882640190044,465.71533203125,7.626
3581.811631081,724.46875,8.002
3582.1341588450014,595.0966796875,8.997
3582.4568459439906,595.0966796875,9.331
3582.7791223329987,489.6337890625,9.075
3583.101694318,1029.7177734375,7.471
3583.427234392002,589.47216796875,8.571
3583.749032132997,595.09716796875,9.23
3584.070875475998,595.09716796875,9.525
3584.397019953991,465.71630859375,7.015
3584.7231954689923,724.4697265625,8.235
3585.047175885993,595.09765625,9.075
3585.369660882003,595.09765625,9.486
3585.6921296179935,465.716796875,7.626
3586.015804577997,724.47021484375,7.963
3586.339838656,595.09814453125,9.036
3586.661595102996,595.09814453125,9.331
3586.9851525809936,489.63525390625,9.075
3587.309112891002,1029.71923828125,7.51
3587.631326375995,589.4736328125,8.571
3587.9536824879906,655.98388671875,9.308
3588.275411950992,595.0986328125,9.525
3588.600374984002,465.7177734375,7.015
3588.922707026999,724.4716796875,8.235
3589.244936952993,595.09912109375,9.114
3589.5664837779914,595.09912109375,9.408
3589.8919664720015,465.71826171875,7.665
3590.2148277800006,724.4716796875,7.963
3590.539757489998,595.099609375,8.92
3590.8615271649905,595.099609375,9.331
3591.184597275991,595.099609375,9.191
3591.506647408998,1029.720703125,7.548
3591.8290710250003,589.47509765625,8.648
3592.1522510560026,595.10009765625,9.23
3592.4743310420017,595.10009765625,9.525
3592.7962667300017,465.71923828125,7.015
3593.118418810991,724.47265625,8.158
3593.4405038480036,493.85009765625,9.075
3593.7618866129924,595.1005859375,9.37
3594.086662635993,465.7197265625,7.86
3594.407940115998,1034.818359375,8.002
3594.731656538992,595.10107421875,8.765
3595.0542489479994,599.55078125,9.292
3595.3767951799964,595.10107421875,9.563
3595.699207737998,984.72216796875,7.548
3596.0218616170023,589.4765625,8.468
3596.3436974139913,595.1015625,9.23
3596.6652436930017,595.1015625,9.408
3596.9895329619903,465.720703125,6.937
3597.314293577001,724.47412109375,8.08
3597.637146401001,595.10205078125,8.92
3597.958950860004,599.41650390625,9.408
3598.2803648069967,492.45166015625,8.158
3598.6023234469903,1029.72314453125,7.743
3598.9240184569935,595.1025390625,8.687
3599.246665696992,595.1025390625,9.331
3599.5691122879944,595.1025390625,9.68
3599.8905496829975,465.7216796875,7.171
3600.212901099003,746.97509765625,8.274
3600.5352973789995,595.10302734375,9.153
3600.8565020879905,595.10302734375,9.37
3601.177769232003,465.72216796875,7.171
3601.4999684119975,724.4755859375,8.041
3601.8221538920043,595.103515625,8.842
3602.1441624689905,493.84716796875,9.408
3602.465936923996,489.640625,8.765
3602.788551888996,1029.724609375,7.471
3603.110358181002,589.47900390625,8.571
3603.43287051699,595.10400390625,9.308
3603.7541665119934,595.10400390625,9.447
3604.0751666549913,465.72314453125,6.976
3604.3981499179936,729.791015625,8.235
3604.720388250993,595.1044921875,9.114
3605.041942427997,595.1044921875,9.37
3605.363863210994,465.7236328125,7.704
3605.6867630390043,623.2236328125,8.002
3606.0086711449985,595.10498046875,8.765
3606.331198125001,617.6044921875,9.37
3606.6530681150034,595.10498046875,9.486
3606.975321414997,984.72607421875,7.432
3607.2986650309904,589.48046875,8.43
3607.6226119639905,595.10546875,9.191
3607.9444917090004,595.10546875,9.408
3608.2676233749953,465.724609375,6.937
3608.5901406149933,724.47802734375,8.08
3608.911270276003,595.10595703125,8.997
3609.2329237349913,595.10595703125,9.331
3609.554657835004,492.45556640625,8.274
3609.876876463997,1029.72705078125,7.587
3610.2007069980027,595.1064453125,8.648
3610.5226771029993,595.1064453125,9.269
3610.844560482001,595.1064453125,9.563
3611.167801834992,465.7255859375,6.937
3611.4904450839967,746.97900390625,8.274
3611.8120628469915,595.10693359375,8.997
3612.1337204839947,595.10693359375,9.486
3612.457638533,465.72607421875,7.432
3612.781921486996,724.4794921875,8.235
3613.106108117994,595.107421875,8.997
3613.428670747002,595.107421875,9.486
3613.7531302799907,489.64453125,8.585
3614.0757056089933,1029.728515625,7.548
3614.4011414370034,499.658203125,8.765
3614.7241969099996,595.10791015625,9.23
3615.0469296169904,595.10791015625,9.68
3615.37175939999,465.72705078125,7.171
3615.694983772002,746.98046875,8.313
3616.0170977929956,510.72705078125,9.153
3616.3415985350002,595.1083984375,9.408
3616.666845255997,465.7275390625,7.288
3616.990016946991,724.48095703125,8.119
3617.3118653209967,595.10888671875,8.881
3617.635711661991,499.6591796875,9.447
3617.958524101996,489.64599609375,8.726
3618.2808697080036,1029.72998046875,7.587
3618.606795615997,621.11962890625,8.765
3618.9288819109934,595.109375,9.23
3619.251393439001,494.03466796875,9.602
3619.573599288997,465.728515625,7.171
3619.895442944995,746.98193359375,8.352
3620.217724603004,595.10986328125,9.114
3620.5396884240035,595.10986328125,9.486
3620.8654572899977,465.72900390625,7.327
3621.1883958020044,724.482421875,8.08
3621.5100177809945,595.1103515625,8.92
3621.8324305709975,499.47900390625,9.447
3622.153898716002,489.6474609375,8.765
3622.476983660992,1029.7314453125,7.548
3622.7991023549985,609.87109375,8.726
3623.120533694004,595.11083984375,9.23
3623.443132952001,595.11083984375,9.525
3623.7680070490023,465.72998046875,7.093
3624.0920882179926,746.9833984375,8.352
3624.415396362994,595.111328125,9.114
3624.737199420997,595.111328125,9.486
3625.062172684993,465.73046875,7.366
3625.384281353996,724.48388671875,8.158
3625.7064669829997,595.11181640625,8.92
3626.0283714789985,476.982421875,9.408
3626.352036045995,489.64892578125,8.765
3626.674670840992,1029.73291015625,7.626
3627.001933596999,510.73095703125,8.803
3627.323663777992,595.1123046875,9.23
3627.645781523999,499.66259765625,9.602
3627.9707983609987,465.7314453125,7.171
3628.2955991889903,746.98486328125,8.313
3628.6181841819925,510.7314453125,9.153
3628.941759676003,595.11279296875,9.408
3629.267205868993,465.73193359375,7.249
3629.589867212999,724.4853515625,7.847
3629.9163809969905,595.11328125,8.959
3630.2384128419944,595.11328125,9.385
3630.563952024997,489.650390625,8.842
3630.888882508996,1029.734375,7.51
3631.213017792994,589.48876953125,8.648
3631.5351542760036,595.11376953125,9.269
3631.8607020280033,595.11376953125,9.602
3632.18653635199,465.73291015625,7.21
3632.509251797994,746.986328125,8.313
3632.831339536002,595.11474609375,9.075
3633.1533042279916,595.1142578125,9.486
3633.478537723,465.7333984375,7.327
3633.8005917580012,724.48681640625,8.158
3634.122090060002,595.11474609375,8.92
3634.4437474389997,476.9833984375,9.447
3634.7654774580005,489.65185546875,8.765
3635.0877243290015,1029.73583984375,7.548
3635.4098918999953,690.740234375,8.687
3635.731122758996,595.115234375,9.23
3636.053114958995,595.115234375,9.525
3636.3743342009984,465.734375,7.093
3636.6975766879914,746.98779296875,8.352
3637.019562100002,595.11572265625,9.036
3637.341598041996,595.11572265625,9.525
3637.6661698259995,465.73486328125,7.393
3637.9893242410035,724.48828125,7.963
3638.3144990879955,595.1162109375,8.959
3638.6395793050033,595.1162109375,9.37
3638.962263135996,489.6533203125,8.881
3639.286050466995,1029.7373046875,7.51
3639.6075904430036,589.49169921875,8.571
3639.929855148992,595.11669921875,9.331
3640.2513206229924,595.11669921875,9.525
3640.574059874998,465.73583984375,6.976
3640.897198530991,544.84033203125,8.313
3641.219104082993,595.1171875,9.075
3641.541141253998,716.75244140625,9.486
3641.863154517996,465.736328125,7.587
3642.185542676001,724.48974609375,8.002
3642.508199068994,510.7421875,8.997
3642.830281834991,595.11767578125,9.331
3643.1530815259903,479.8984375,9.075
3643.4755352499924,1029.73876953125,7.51
3643.7990880549914,589.4931640625,8.61
3644.1220338269923,595.1181640625,9.269
3644.4453500779928,595.1181640625,9.486
3644.769226763994,465.7373046875,7.054
3645.0914425819938,566.9873046875,8.313
3645.413141900004,595.11865234375,9.114
3645.7373606119945,595.11865234375,9.408
3646.062623395992,465.73779296875,7.626
3646.3868255620037,1029.73974609375,7.86
3646.708706575999,595.119140625,8.765
3647.031940507004,595.119140625,9.292
3647.355762236999,595.119140625,9.602
3647.6794902969996,465.73828125,7.249
3648.0016452370037,746.99169921875,8.468
3648.3268959800043,595.11962890625,9.114
3648.6484319169977,595.11962890625,9.525
3648.973887432003,465.73876953125,6.859
3649.296575924993,724.4921875,8.158
3649.62122411,595.1201171875,9.036
3649.9439729849983,595.1201171875,9.408
3650.2684406479966,492.4697265625,8.352
3650.591065132001,1029.7412109375,7.743
3650.9174203229923,595.12060546875,8.765
3651.2404370759905,595.12060546875,9.346
3651.5637626410025,595.12060546875,9.757
3651.887753828996,465.73974609375,7.432
3652.2139696179947,746.9931640625,8.507
3652.5370395520004,595.12109375,9.153
3652.8602582250023,595.12109375,9.525
3653.184403751002,465.740234375,6.898
3653.509132851992,724.49365234375,8.158
3653.8318387320032,595.12158203125,9.075
3654.1542064550013,595.12158203125,9.37
3654.4794967909984,492.47119140625,8.235
3654.802936135995,1029.74267578125,7.743
3655.1262823580037,595.1220703125,8.803
3655.4483546730044,595.1220703125,9.346
3655.772233711992,595.1220703125,9.757
3656.096679333001,465.7412109375,7.393
3656.4198233350035,746.99462890625,8.546
3656.741922874993,595.12255859375,9.114
3657.0654685530026,595.12255859375,9.602
3657.390917793993,465.74169921875,6.859
3657.714241730995,724.4951171875,8.158
3658.0392923929903,595.123046875,9.036
3658.3619912799913,595.123046875,9.37
3658.6879921200016,492.47265625,8.274
3659.0099299809954,1029.744140625,7.769
3659.3318224649993,595.12353515625,8.726
3659.6544031649973,595.12353515625,9.331
3659.9755728949967,595.12353515625,9.718
3660.2975520659966,984.74462890625,7.665
3660.6215098090033,611.99853515625,8.532
3660.943714808993,615.50927734375,9.23
3661.265310727991,595.1240234375,9.486
3661.586915381995,465.7431640625,7.405
3661.9102542789915,724.49658203125,8.274
3662.233206279998,595.12451171875,9.114
3662.5549101020006,595.12451171875,9.486
3662.876962896,465.74365234375,7.938
3663.1990654830006,1029.74560546875,7.924
3663.522040839991,595.125,8.881
3663.844293700997,595.125,9.346
3664.169953257995,595.125,9.68
3664.491183389997,984.74609375,7.51
3664.814930769993,589.50048828125,8.468
3665.137137384998,595.12548828125,9.269
3665.4597384480003,595.12548828125,9.486
3665.7817832930014,465.701171875,6.703
3666.1047214209975,724.45458984375,7.808
3666.429876116992,595.08251953125,8.765
3666.752104165993,595.08251953125,9.447
3667.0737700789905,489.61962890625,8.663
3667.398031744,1029.703125,7.393
3667.7201124229905,589.45751953125,8.532
3668.042533241998,595.08251953125,9.308
3668.364299316003,595.08251953125,9.525
3668.6872010149964,465.70166015625,7.015
3669.0095053459954,746.955078125,8.313
3669.3319034089945,595.0830078125,9.036
3669.654506724997,494.00830078125,9.525
3669.9763890189934,465.7021484375,7.548
3670.2990878249984,724.45556640625,7.963
3670.622610310995,595.08349609375,8.997
3670.9443411709944,595.08349609375,9.331
3671.2669961630017,489.62060546875,8.959
3671.5900609300006,1029.70458984375,7.471
3671.911675590003,589.458984375,8.532
3672.2331945329934,599.3984375,9.23
3672.555272697995,595.083984375,9.525
3672.8796480710007,465.703125,7.015
3673.201838844994,724.45654296875,8.196
3673.5239779039985,595.08447265625,9.114
3673.8455520419957,595.08447265625,9.37
3674.167373197997,465.70361328125,7.782
3674.4897211579955,724.45703125,8.041
3674.8113429410005,595.0849609375,8.803
3675.133135003998,595.0849609375,9.331
3675.454481224995,595.0849609375,9.486
3675.7758493619913,1029.7060546875,7.665
3676.098215906997,589.46044921875,8.687
3676.4195034339937,595.08544921875,9.23
3676.742610836998,595.08544921875,9.641
3677.071155765996,465.70458984375,7.054
3677.394480360992,729.7724609375,8.274
3677.7174071140034,595.0859375,9.114
3678.038817997003,595.0859375,9.408
3678.3607916549954,465.705078125,7.665
3678.684013582999,724.45849609375,7.963
3679.0062287820037,595.08642578125,8.842
3679.3301542249974,595.08642578125,9.408
3679.653591262002,595.08642578125,9.269
3679.9768870760017,1029.70751953125,7.51
3680.3001208389906,589.4619140625,8.648
3680.621809739998,595.0869140625,9.191
3680.944174888995,595.0869140625,9.641
3681.2694314160035,465.7060546875,7.054
3681.5927030320017,724.45947265625,8.235
3681.915349595991,595.08740234375,9.153
3682.2397255410033,595.08740234375,9.37
3682.5616006499913,465.70654296875,7.704
3682.8845259730006,724.4599609375,7.963
3683.2073912299966,595.087890625,8.881
3683.5307261370035,595.087890625,9.37
3683.852912738992,595.087890625,9.23
3684.175620929993,1029.708984375,7.548
3684.4998949739966,589.46337890625,8.648
3684.821791736991,595.08837890625,9.153
3685.1438206009916,595.08837890625,9.563
3685.4652952039905,465.70751953125,7.171
3685.7902183859987,724.4609375,8.274
3686.1136941509903,595.0888671875,9.191
3686.4357540530036,595.0888671875,9.447
3686.7576413999923,465.7080078125,7.704
3687.0832566379977,724.46142578125,8.041
3687.4058781889908,595.08935546875,9.036
3687.7292430950038,595.08935546875,9.331
3688.051883908003,489.62646484375,9.036
3688.3752883019915,1029.71044921875,7.51
3688.698239427991,589.46484375,8.571
3689.020992656995,494.01513671875,9.308
3689.3435124690004,595.08984375,9.525
3689.6663392670016,465.708984375,7.015
3689.992319019002,735.6552734375,8.274
3690.3146408030007,595.09033203125,9.075
3690.6363160320034,595.0908203125,9.447
3690.957741456994,465.70947265625,7.626
3691.2803283039975,724.462890625,8.002
3691.6025958719983,516.34033203125,8.997
3691.924011116993,595.0908203125,9.331
3692.246295228004,477.05908203125,9.114
3692.5691224309994,1029.7119140625,7.51
3692.891416618004,589.46630859375,8.571
3693.2139554869937,595.09130859375,9.23
3693.5355471499934,595.09130859375,9.525
3693.859284527003,465.71044921875,7.015
3694.18363152699,724.4638671875,8.235
3694.5084233119996,595.091796875,9.114
3694.830945597001,595.091796875,9.408
3695.1528900989942,465.7109375,7.665
3695.4780794969993,724.46435546875,8.041
3695.7999569520034,595.09228515625,8.997
3696.1224192310037,595.09228515625,9.292
3696.444695069993,621.1025390625,9.114
3696.768651452003,1029.71337890625,7.548
3697.0914763000037,589.4677734375,8.571
3697.4140247869946,626.72802734375,9.254
3697.736022527999,595.0927734375,9.486
3698.057920584004,465.7119140625,7.093
3698.3806065440003,499.4619140625,8.352
3698.7027087659953,595.09326171875,9.075
3699.024709542995,595.09326171875,9.486
3699.34628998299,465.71240234375,7.665
3699.670462907001,724.4658203125,8.002
3699.992706345991,595.09375,8.997
3700.3140455569956,595.09375,9.292
3700.6372301179945,510.71240234375,9.075
3700.9595953819953,1029.71484375,7.548
3701.281878562004,589.46923828125,8.61
3701.6056823120016,599.40869140625,9.269
3701.9271374569944,595.09423828125,9.525
3702.2507958869974,465.71337890625,7.054
3702.574492878004,611.96337890625,8.313
3702.8964201329945,595.0947265625,9.075
3703.218429886998,595.0947265625,9.486
3703.5402556649933,465.7138671875,7.626
3703.8638011869916,724.46728515625,7.963
3704.186445329993,611.9697265625,8.997
3704.5082199669996,595.09521484375,9.37
3704.8329959980038,482.6884765625,9.075
3705.1562296320044,1029.71630859375,7.548
3705.4779338630033,589.470703125,8.61
3705.8001921910036,595.095703125,9.385
3706.1222583519993,595.095703125,9.525
3706.443974419002,465.71484375,7.015
3706.768056400004,746.96826171875,8.507
3707.092012838999,595.09619140625,9.114
3707.4144829799916,626.7314453125,9.525
3707.7366687539907,465.71533203125,7.587
3708.059791205,724.46875,7.963
3708.383675509991,595.0966796875,8.881
3708.7058515529934,595.0966796875,9.331
3709.028040874997,595.0966796875,9.23
3709.351878453992,1029.7177734375,7.471
3709.675094470993,589.47216796875,8.61
3709.9977507519943,595.09716796875,9.153
3710.3209143809945,595.09716796875,9.602
3710.646027044,465.71630859375,7.015
3710.968096673998,724.4697265625,8.158
3711.291478835992,493.84716796875,9.075
3711.614063396002,595.09765625,9.37
3711.9377523820003,465.716796875,7.821
3712.260063683003,544.4697265625,8.002
3712.582036056003,595.09814453125,8.765
3712.904039852001,595.09814453125,9.408
3713.2258531449916,595.09814453125,9.486
3713.5469843299943,984.71923828125,7.587
3713.86879778,589.4736328125,8.61
3714.1940109139978,595.0986328125,9.191
3714.5191863819928,499.46728515625,9.602
3714.8437037090043,465.7177734375,7.132
3715.1659857490013,724.47119140625,8.196
3715.487974752992,499.8251953125,9.075
3715.810522462998,595.09912109375,9.408
3716.1319173599913,465.71826171875,7.86
3716.4559577369946,724.4716796875,8.041
3716.778791150995,595.099609375,8.959
3717.100418342001,595.099609375,9.408
3717.4229761930037,595.099609375,9.269
3717.744257735001,1029.720703125,7.548
3718.0663985110004,589.47509765625,8.648
3718.3877088849986,595.10009765625,9.191
3718.7095490700012,595.10009765625,9.602
3719.0340076919965,465.71923828125,7.054
3719.356525021998,724.47265625,8.196
3719.678340339,595.1005859375,9.114
3719.999760662002,595.1005859375,9.37
3720.321441252003,465.7197265625,7.782
3720.643297431001,724.47314453125,8.002
3720.9652951180033,595.10107421875,8.842
3721.287321508993,595.10107421875,9.408
3721.608683489001,595.10107421875,9.424
3721.9299293990043,984.72216796875,7.548
3722.2518981850008,589.4765625,8.468
3722.574485265999,595.1015625,9.23
3722.8960547680035,595.1015625,9.408
3723.219462645997,465.720703125,6.898
3723.5422832689947,724.47412109375,8.041
3723.8641779649915,595.10205078125,8.92
3724.1879887989926,595.10205078125,9.37
3724.510201170997,492.45166015625,8.196
3724.8324826939934,1029.72314453125,7.821
3725.1583245479997,599.55224609375,8.842
3725.4799888940033,595.1025390625,9.308
3725.804781903993,510.72119140625,9.796
3726.125723531004,984.7236328125,7.471
3726.4483349509974,589.4716796875,8.468
3726.7704833419994,595.10302734375,9.153
3727.0934967270005,595.10302734375,9.525
3727.417110166003,465.72216796875,6.859
3727.7393486049987,724.4755859375,8.158
3728.0623224009905,595.103515625,9.036
3728.384073587993,595.103515625,9.331
3728.7058564219915,491.04638671875,8.43
3729.029514752998,1440.8212890625,8.313
3729.351420855004,595.10400390625,8.92
3729.673352586993,476.98046875,9.447
3729.994994003995,595.10400390625,9.525
3730.3159804820025,984.72509765625,7.587
3730.6409383769933,589.4794921875,8.571
3730.9669797370007,595.1044921875,9.191
3731.290943735992,655.98974609375,9.602
3731.613208786992,465.7236328125,6.976
3731.9376748819923,724.47705078125,8.08
3732.259744979994,595.10498046875,8.92
3732.583808786003,595.10498046875,9.447
3732.905817469,465.72412109375,8.015
3733.2304276939976,1029.72607421875,7.665
3733.552268785992,595.10546875,8.687
3733.8747557570023,595.10546875,9.292
3734.1974269269995,595.10546875,9.68
3734.5186180070014,984.7265625,7.626
3734.8407480000023,589.48095703125,8.493
3735.162764004999,626.7412109375,9.269
3735.486284707993,595.10595703125,9.486
3735.8094374889915,465.72509765625,7.015
3736.131484915997,724.478515625,8.158
3736.457191141002,595.1064453125,8.997
3736.7825244510022,510.72509765625,9.525
3737.1085354840034,468.55712890625,8.132
3737.435271216993,1029.7275390625,8.08
3737.759061616991,595.10693359375,8.842
3738.08092496499,621.1171875,9.331
3738.4030917810014,595.10693359375,9.525
3738.724165047999,984.72802734375,7.471
3739.046595551001,589.482421875,8.43
3739.3691995639965,626.74267578125,9.191
3739.691406760001,595.107421875,9.408
3740.019449732994,465.7265625,6.781
3740.3433082870033,724.47998046875,8.119
3740.6691701819946,516.357421875,8.997
3740.994469557001,595.10791015625,9.37
3741.3176258729945,492.45751953125,8.313
3741.6425316620007,1029.72900390625,8.041
3741.9653026799933,595.1083984375,8.959
3742.2901842110005,595.1083984375,9.37
3742.6125479149923,595.1083984375,9.68
3742.9345179380034,984.7294921875,7.471
3743.25935130399,589.48388671875,8.468
3743.582509083004,595.10888671875,9.269
3743.9043313529983,595.10888671875,9.486
3744.225919757999,465.72802734375,7.132
3744.548597706991,724.4814453125,8.158
3744.8720699889964,595.109375,8.997
3745.195784041003,595.109375,9.525
3745.520940739996,465.728515625,7.976
3745.845101621002,533.228515625,8.08
3746.168743250004,595.10986328125,8.881
3746.4919204769976,595.10986328125,9.486
3746.8147998009954,595.10986328125,9.346
3747.136342368991,623.73046875,7.587
3747.458144916003,589.4853515625,8.648
3747.7811463209946,595.1103515625,9.191
3748.103745407003,595.1103515625,9.641
3748.4256371049996,465.7294921875,6.976
3748.7478151480027,724.48291015625,8.119
3749.0698898580013,595.11083984375,9.075
3749.3926093929913,595.11083984375,9.447
3749.7150949959905,465.72998046875,7.976
3750.038945770997,724.4833984375,8.119
3750.366366604998,510.72998046875,9.075
3750.691263881992,595.111328125,9.37
3751.0164614259993,489.6484375,8.997
3751.3404698359955,1029.732421875,7.769
3751.663543392002,595.11181640625,8.842
3751.9857815860014,595.11181640625,9.269
3752.308445235991,595.11181640625,9.68
3752.633242662996,465.73095703125,7.21
3752.9563059100037,746.984375,8.313
3753.2794113339914,516.36181640625,9.23
3753.60076174399,595.1123046875,9.447
3753.9237710329908,465.7314453125,7.249
3754.2480936209904,724.48486328125,8.119
3754.5708177780034,595.11279296875,8.881
3754.893852727997,595.11279296875,9.486
3755.2156162059982,489.64990234375,8.701
3755.5386082740006,1029.73388671875,7.51
3755.8600967609964,589.48828125,8.648
3756.1812482109963,595.11328125,9.269
3756.5024980649905,595.11328125,9.447
3756.825969312995,465.732421875,7.237
3757.148441931,746.98583984375,8.391
3757.4702118659916,595.11376953125,9.114
3757.7949541999988,595.11376953125,9.525
3758.121370102992,465.73291015625,7.366
3758.444020035997,724.486328125,8.08
3758.7657716599933,595.1142578125,8.92
3759.0882879199926,599.56396484375,9.37
3759.411023773995,489.6513671875,8.842
3759.73266419,1029.7353515625,7.471
3760.056735131002,589.48974609375,8.532
3760.381013473001,656.0,9.269
3760.705714195996,595.11474609375,9.447
3761.029374493999,465.73388671875,7.093
3761.353762115992,746.9873046875,8.313
3761.67619855699,595.115234375,8.997
3761.998429195999,595.115234375,9.408
3762.320616186,465.734375,7.587
3762.6456400519965,724.48779296875,7.924
3762.968724833001,488.234375,8.92
3763.291392605999,595.11572265625,9.292
3763.613590310997,595.11572265625,9.153
3763.9380438779917,1029.73681640625,7.471
3764.261163025003,589.4912109375,8.61
3764.583545567002,595.1162109375,9.153
3764.905871080002,595.1162109375,9.563
3765.229898353995,465.7353515625,7.015
3765.5522038339986,724.48876953125,8.119
3765.8740186679934,488.24658203125,9.036
3766.1977460240014,595.11669921875,9.37
3766.5210861639935,465.73583984375,7.86
3766.845253437001,646.08740234375,8.041
3767.1695552439924,595.1171875,8.803
3767.4914989120007,595.1171875,9.37
3767.813669273004,595.1171875,9.408
3768.1342582929938,984.73828125,7.51
3768.4566814639984,589.49267578125,8.454
3768.779480997997,595.11767578125,9.191
3769.1019428869913,595.11767578125,9.447
3769.4234865649923,465.73681640625,6.976
3769.7491382369917,724.490234375,8.08
3770.072922701991,595.1181640625,8.92
3770.3959066239913,595.1181640625,9.447
3770.717813573996,468.56884765625,8.08
3771.0403420509974,1029.7392578125,7.963
3771.3629974119976,595.11865234375,8.881
3771.6858606199967,595.11865234375,9.254
3772.007786253991,595.11865234375,9.757
3772.3306800540013,984.73974609375,7.51
3772.653841862004,589.494140625,8.43
3772.977681614997,516.36279296875,9.191
3773.3006741029967,595.119140625,9.447
3773.6235459449963,465.701171875,6.742
3773.9478329429985,724.45458984375,7.73
3774.2705800429976,595.08251953125,8.765
3774.5933461499953,595.08251953125,9.254
3774.9182666729903,489.61962890625,8.842
3775.240423890995,1029.703125,7.393
3775.5631951469986,589.45751953125,8.493
3775.885159712998,621.0927734375,9.23
3776.208344230996,595.08251953125,9.486
3776.532751546998,465.70166015625,7.015
3776.859369953003,729.76953125,8.274
3777.183708208002,595.0830078125,9.075
3777.5082153010007,621.09326171875,9.525
3777.8305242579954,465.7021484375,7.548
3778.153236878992,724.45556640625,7.924
3778.4780564289977,595.08349609375,8.959
3778.800099453001,595.08349609375,9.331
3779.123458271002,489.62060546875,8.997
3779.446735998994,1029.70458984375,7.432
3779.768374876003,589.458984375,8.571
3780.0919499549927,595.083984375,9.153
3780.4179208709975,595.083984375,9.525
3780.741103452994,465.703125,6.937
3781.0656963279907,724.45654296875,8.08
3781.3881829460006,621.0947265625,9.036
3781.7104171690007,595.08447265625,9.37
3782.034509349003,465.70361328125,7.86
3782.3574525580043,724.45703125,8.08
3782.680421750003,595.0849609375,8.881
3783.005055867994,595.0849609375,9.408
3783.327887805004,595.0849609375,9.23
3783.6507536940044,1029.7060546875,7.548
3783.973354386995,589.46044921875,8.648
3784.295826690999,595.08544921875,9.191
3784.6184942649998,595.08544921875,9.563
3784.9416943059914,465.70458984375,7.015
3785.2638828199997,724.4580078125,8.158
3785.586771264003,510.70458984375,9.075
3785.9093896150007,595.0859375,9.37
3786.2329708189936,465.705078125,7.821
3786.5568272329983,1079.8037109375,8.041
3786.878518472993,595.08642578125,8.803
3787.200981615999,516.3359375,9.408
3787.5233050399984,595.08642578125,9.447
3787.843446810002,984.70751953125,7.471
3788.1658883479977,589.4619140625,8.454
3788.4884606749984,595.0869140625,9.23
3788.810192165998,595.0869140625,9.408
3789.132761482004,465.7060546875,6.976
3789.4551521029935,724.45947265625,8.119
3789.777072334997,595.08740234375,8.959
3790.0992839379905,595.087890625,9.37
3790.4231882449967,492.43701171875,8.158
3790.7458626470034,1029.70849609375,7.665
3791.067299656992,595.087890625,8.726
3791.389386291994,595.087890625,9.37
3791.7112037619954,595.087890625,9.757
3792.0336911449995,465.70703125,7.471
3792.3563999769976,746.96044921875,8.532
3792.680728163992,595.08837890625,9.114
3793.0029683350003,595.08837890625,9.563
3793.3276213329955,465.70751953125,6.937
3793.6516891240026,724.4609375,8.119
3793.973927850995,494.18994140625,8.997
3794.296454588999,595.0888671875,9.37
3794.6182715070026,471.33642578125,8.43
3794.940830723004,1029.7099609375,7.743
3795.264352983999,595.08935546875,8.726
3795.5887730059912,595.08935546875,9.408
3795.912753522003,595.08935546875,9.757
3796.235174521993,465.70849609375,7.249
3796.5578135449905,746.9619140625,8.391
3796.8794962090033,595.08984375,9.153
3797.202988414996,595.08984375,9.447
3797.524749609991,465.708984375,7.132
3797.848675909001,724.46240234375,8.196
3798.170075870992,595.09033203125,8.997
3798.491684224995,595.09033203125,9.408
3798.8139690509997,489.62744140625,8.585
3799.136776583997,1029.71142578125,7.665
3799.4628392809973,595.0908203125,8.726
3799.786177424001,595.0908203125,9.215
3800.108433411995,595.0908203125,9.602
3800.431070983992,465.7099609375,7.249
3800.755836281998,746.96337890625,8.391
3801.0802308129932,595.09130859375,9.23
3801.403412817992,595.09130859375,9.447
3801.7247600949922,465.71044921875,7.21
3802.049420618001,724.4638671875,8.158
3802.3729024069908,595.091796875,8.92
3802.6951719240024,595.091796875,9.447
3803.0174996179994,489.62890625,8.663
3803.339778606998,1029.712890625,7.587
3803.661843184993,494.017578125,8.726
3803.983700746001,595.09228515625,9.23
3804.306013812995,626.7275390625,9.602
3804.62752415899,465.71142578125,7.015
3804.9500523669994,746.96484375,8.391
3805.2718751399952,595.0927734375,8.997
3805.59377682599,595.0927734375,9.486
3805.9158092040016,465.7119140625,7.548
3806.237767626997,724.46533203125,8.196
3806.559893415004,595.09326171875,8.959
3806.8814820609987,533.2119140625,9.486
3807.203755757,489.63037109375,8.803
3807.5261107349943,1029.71435546875,7.587
3807.84897436999,621.10400390625,8.726
3808.170844110995,595.09375,9.23
3808.4919245100027,595.09375,9.525
3808.815734866992,465.712890625,7.276
3809.138918415003,746.96630859375,8.391
3809.4632855919917,488.212890625,9.153
3809.7864302880043,595.09423828125,9.408
3810.110073274991,465.71337890625,7.249
3810.432692831004,724.466796875,8.002
3810.7546224370017,595.0947265625,8.842
3811.076916473001,599.54443359375,9.37
3811.4006762619974,489.6318359375,8.803
3811.7229699750023,1029.7158203125,7.432
3812.0449985579908,589.47021484375,8.532
3812.367153065992,488.2138671875,9.23
3812.689225296999,595.09521484375,9.447
3813.0134111429943,465.71435546875,6.976
3813.3356418429903,724.4677734375,8.158
3813.658088868993,595.095703125,9.075
3813.9800632999977,595.095703125,9.331
3814.301852603996,465.71484375,7.782
3814.6242139599926,724.46826171875,8.002
3814.946046301993,595.09619140625,8.803
3815.2680820759997,595.09619140625,9.408
3815.589482048992,595.09619140625,9.385
3815.9103113750025,984.71728515625,7.548
3816.2323881710035,589.4716796875,8.532
3816.5540380070015,595.0966796875,9.215
3816.8753305790015,595.0966796875,9.447
3817.1987351349962,465.7158203125,6.937
3817.5215393160033,724.46923828125,8.08
3817.8430408529966,595.09716796875,8.92
3818.1647895350034,595.09716796875,9.331
3818.488744796996,492.44677734375,8.158
3818.810410496997,1029.71826171875,7.743
3819.133076170998,595.09765625,8.726
3819.4555574859987,595.09765625,9.331
3819.7769548529905,595.09765625,9.757
3820.1015875739977,465.716796875,7.315
3820.4244114589965,746.97021484375,8.454
3820.748345592001,595.09814453125,9.075
3821.0730108559947,626.7333984375,9.486
3821.394723752004,465.71728515625,7.015
3821.7175898089918,724.470703125,8.119
3822.0400346980023,595.0986328125,8.881
3822.363126170996,595.0986328125,9.408
3822.685054141999,489.6357421875,8.585
3823.0069823039958,1029.703125,7.198
3823.329141162001,589.45751953125,8.507
3823.651111500003,595.08251953125,9.075
3823.9732958609966,595.08251953125,9.525
3824.294749890003,465.701171875,6.781
3824.6166799030034,724.45458984375,8.002
3824.93876038499,595.08251953125,8.92
3825.2614513220033,599.5322265625,9.37
3825.5830699289945,492.43212890625,8.158
3825.9053059019934,1029.70361328125,7.73
3826.2292967569956,595.0830078125,8.765
3826.551549177995,595.0830078125,9.308
3826.874749184004,595.0830078125,9.718
3827.1985259799985,465.7021484375,7.315
3827.5233247989963,746.95556640625,8.507
3827.8449397499935,595.08349609375,9.075
3828.1667556049943,595.08349609375,9.525
3828.488441373993,465.70263671875,6.976
3828.8115583960025,724.4560546875,8.119
3829.133466122992,595.083984375,8.959
3829.4557774819987,595.083984375,9.37
3829.777449293004,489.62109375,8.546
3830.099684998,1029.705078125,7.432
3830.422723005002,589.45947265625,8.61
3830.74508316,595.08447265625,9.23
3831.0664603009936,595.08447265625,9.525
3831.39162917099,465.70361328125,6.859
3831.716362692998,746.89990234375,8.235
3832.0385777509946,595.0849609375,9.036
3832.361089907994,599.53466796875,9.525
3832.68285048299,465.7041015625,7.587
3833.0072373010044,724.45751953125,7.963
3833.3295371909917,595.08544921875,8.997
3833.653476181993,595.08544921875,9.37
3833.9788768269937,489.62255859375,9.036
3834.3033190989954,1029.70654296875,7.471
3834.625790991995,589.4609375,8.532
3834.948070587998,617.58544921875,9.331
3835.270623730001,595.0859375,9.525
3835.5914681659924,465.705078125,7.276
3835.9149683809956,746.95849609375,8.468
3836.2358561769943,595.08642578125,9.075
3836.5573374349915,595.08642578125,9.525
3836.8788635569945,465.70556640625,7.471
3837.200860928002,724.458984375,7.963
3837.5225996009976,595.0869140625,8.92
3837.8446848759922,595.0869140625,9.292
3838.1665014699975,626.72216796875,9.153
3838.488276813994,1029.7080078125,7.471
3838.8108106790023,589.46240234375,8.648
3839.132146771997,595.08740234375,9.153
3839.4540438129916,595.08740234375,9.563
3839.7775658419996,465.70654296875,7.054
3840.0990753779915,724.4599609375,8.158
3840.42157144699,615.47314453125,9.036
3840.743455554999,595.087890625,9.408
3841.068011123003,465.70703125,7.899
3841.3904257469985,1079.8056640625,8.041
3841.7137740670005,595.08837890625,8.803
3842.0396870279947,595.08837890625,9.447
3842.362937168,595.08837890625,9.385
3842.6850520949956,994.86865234375,7.548
3843.006920803993,589.4638671875,8.61
3843.329280060003,595.0888671875,9.153
3843.650953976001,626.72412109375,9.486
3843.9746246379946,465.7080078125,7.093
3844.298077883999,724.46142578125,8.158
3844.620186565997,595.08935546875,8.997
3844.942827713996,595.08935546875,9.447
3845.268016895003,465.70849609375,7.899
3845.5944099920016,724.4619140625,8.041
3845.91681810499,595.08984375,8.92
3846.240307729997,595.08984375,9.408
3846.562262288993,595.08984375,9.308
3846.8842296459916,1029.7109375,7.548
3847.205963906992,589.46533203125,8.648
3847.527461325997,595.09033203125,9.153
3847.850350091001,595.09033203125,9.563
3848.177537675001,465.70947265625,7.054
3848.499981590998,724.462890625,8.158
3848.821930605991,595.0908203125,9.075
3849.1440196579933,595.0908203125,9.408
3849.4659402230027,465.7099609375,7.782
3849.7891990770004,724.46337890625,8.002
3850.1124212249997,595.09130859375,8.959
3850.434585540992,595.09130859375,9.37
3850.756574935993,595.09130859375,9.23
3851.079376296999,1029.71240234375,7.626
3851.400839719994,589.466796875,8.61
3851.7226413939934,595.091796875,9.23
3852.044999118996,595.091796875,9.525
3852.3683103209914,465.7109375,6.976
3852.6903288320027,724.46435546875,8.119
3853.012763997991,488.2109375,9.075
3853.3342115749983,595.09228515625,9.37
3853.658572827,465.71142578125,7.86
3853.9808558889927,724.46484375,8.041
3854.3028333389957,595.0927734375,8.803
3854.624703679001,595.0927734375,9.37
3854.946032556996,595.0927734375,9.447
3855.2670968180028,984.7138671875,7.51
3855.5889269939944,589.46826171875,8.493
3855.911008089999,595.09326171875,9.23
3856.2333535159996,595.09326171875,9.408
3856.5545649470005,465.71240234375,6.937
3856.876469745999,724.4658203125,8.119
3857.198390960999,595.09375,8.959
3857.5197204089927,599.408203125,9.408
3857.8408544239937,492.443359375,8.196
3858.1645632879954,1029.71484375,7.886
3858.486430802004,493.837890625,8.842
3858.8077665500023,595.09423828125,9.292
3859.1292168299988,595.09423828125,9.718
3859.4511002459913,984.71533203125,7.548
3859.773360441992,505.08837890625,8.493
3860.095892999001,595.0947265625,9.191
3860.4171563900018,595.0947265625,9.486
3860.7410291230044,465.7138671875,6.937
3861.0633865359996,724.46728515625,8.158
3861.3857918540016,595.09521484375,9.036
3861.707998026992,595.09521484375,9.37
3862.029271780004,492.44482421875,8.274
3862.353502828002,1029.71630859375,8.041
3862.6756576999906,595.095703125,8.959
3862.9968126299937,595.095703125,9.254
3863.319182452993,595.095703125,9.796
3863.642890342002,465.71484375,7.315
3863.9649474789912,746.96826171875,8.454
3864.286594967998,595.09619140625,9.075
3864.6094166440016,595.09619140625,9.563
3864.932027175004,465.71533203125,7.015
3865.2558928579965,724.46875,8.235
3865.577900132994,595.0966796875,9.075
3865.900719308993,595.0966796875,9.408
3866.222438539,492.4462890625,8.274
3866.544653115998,1029.7177734375,7.847
3866.8683048329985,599.41162109375,8.881
3867.1931596659997,595.09716796875,9.292
3867.515407201994,626.732421875,9.757
3867.8358135140006,984.71826171875,7.548
3868.160386702002,505.09130859375,8.454
3868.485843635004,716.73291015625,9.269
3868.8090927390003,595.09765625,9.486
3869.132067144994,465.716796875,7.015
3869.4579949409963,724.47021484375,8.158
3869.7832577819936,595.09814453125,8.959
3870.107512777002,595.09814453125,9.525
3870.429908245991,465.71728515625,8.08
3870.7524327739957,1029.71923828125,8.041
3871.078304178998,595.0986328125,8.842
3871.402603716997,595.0986328125,9.37
3871.7264432989905,595.0986328125,9.563
3872.049168247002,623.2177734375,7.704
3872.374246562991,589.47412109375,8.687
3872.697432614994,595.09912109375,9.176
3873.0207569420018,595.09912109375,9.602
3873.3442375000013,465.71826171875,7.093
3873.667792042994,724.4716796875,8.158
3873.9898066869937,499.64990234375,9.153
3874.313281416995,595.099609375,9.37
3874.6350838279905,465.71875,7.821
3874.9576350330026,724.47216796875,8.041
3875.2814001399965,595.10009765625,8.881
3875.603970544995,595.10009765625,9.37
3875.9261337329954,595.10009765625,9.269
3876.2474389690033,1029.72119140625,7.548
3876.569302304997,589.4755859375,8.648
3876.8904138990038,595.1005859375,9.153
3877.2146049360017,595.1005859375,9.563
3877.537476915997,465.7197265625,7.054
3877.8619458169997,724.47314453125,8.235
3878.184955878998,595.10107421875,9.114
3878.5074106559914,595.10107421875,9.37
3878.8293433319923,465.72021484375,7.743
3879.150945690999,724.4736328125,8.002
3879.4748719130002,595.1015625,8.842
3879.796417659003,595.1015625,9.37
3880.118777355994,595.1015625,9.308
3880.440132150994,1029.72265625,7.548
3880.761988593993,589.47705078125,8.648
3881.083337721997,595.10205078125,9.153
3881.4046952339995,595.10205078125,9.563
3881.7260579930007,465.72119140625,7.132
3882.047907104992,724.474609375,8.158
3882.369501840003,595.1025390625,8.997
3882.6911655669974,595.1025390625,9.447
3883.0153344760038,465.7216796875,7.976
3883.3385745169944,724.47509765625,8.08
3883.6607532060007,595.10302734375,8.842
3883.9844134199957,595.10302734375,9.447
3884.308460368993,595.10302734375,9.346
3884.6323657439934,1029.72412109375,7.548
3884.955146562992,589.478515625,8.687
3885.2772543649917,595.103515625,9.191
3885.6014385949966,595.103515625,9.602
3885.9259466759977,465.72265625,7.054
3886.248355766991,724.47607421875,8.196
3886.5712274020043,595.10400390625,9.114
3886.8931812090013,595.10400390625,9.37
3887.2146491729945,465.72314453125,7.821
3887.537053780994,724.4765625,8.002
3887.8604161179974,595.1044921875,8.842
3888.1824069150025,595.1044921875,9.37
3888.5041983129922,595.1044921875,9.346
3888.8259484589944,533.2236328125,7.548
3889.1470885019953,589.47998046875,8.571
3889.4698042200034,595.10498046875,9.153
3889.792182418998,595.10498046875,9.447
3890.113646055004,465.72412109375,7.171
3890.4355890699953,724.4775390625,8.196
3890.7591681429913,595.10546875,9.036
3891.0808082000003,595.10546875,9.408
3891.402828302991,465.724609375,7.938
3891.7247337750014,1029.7265625,7.963
3892.0489507890015,595.10595703125,8.842
3892.371574175995,696.35595703125,9.37
3892.6934848300007,595.10595703125,9.563
3893.016562534991,984.72705078125,7.626
3893.3387445909902,589.4814453125,8.571
3893.661985628991,595.1064453125,9.191
3893.9850694429915,615.49169921875,9.602
3894.307304265996,465.7255859375,7.093
3894.6296425799956,724.47900390625,8.158
3894.952257893994,595.10693359375,9.075
3895.274566541004,595.10693359375,9.447
3895.599012930994,465.72607421875,7.899
3895.9213119429915,724.4794921875,8.08
3896.244543405992,595.107421875,8.881
3896.567125724003,595.107421875,9.447
3896.888482907001,595.107421875,9.385
3897.2107470670016,1029.728515625,7.665
3897.5333416389913,589.48291015625,8.648
3897.8555727079947,595.10791015625,9.269
3898.1779732860014,595.10791015625,9.563
3898.5020705039933,465.72705078125,7.054
3898.824134619994,724.48046875,8.235
3899.146355732999,595.1083984375,9.114
3899.467414466999,595.1083984375,9.37
3899.7894362109946,465.7275390625,7.743
3900.1119786780037,724.48095703125,8.002
3900.4339166099962,595.10888671875,8.881
3900.755447068994,595.10888671875,9.37
3901.076897107996,595.10888671875,9.346
3901.3994880870014,625.1357421875,7.548
3901.7210131030006,589.484375,8.61
3902.0428088490007,595.109375,9.114
3902.3648853409977,595.109375,9.447
3902.686497142,465.728515625,6.898
3903.008397433994,724.48193359375,8.041
3903.3302211139962,595.10986328125,8.92
3903.65177438299,626.7451171875,9.408
3903.9733588200033,492.45947265625,8.158
3904.295593168994,1029.73095703125,7.769
3904.617233990997,595.1103515625,8.726
3904.9391232369962,595.1103515625,9.331
3905.261495283994,595.1103515625,9.68
3905.585739080998,465.7294921875,7.276
3905.907721990996,746.98291015625,8.468
3906.231920952996,595.11083984375,9.075
3906.5540786850033,516.3544921875,9.525
3906.8765205539967,465.72998046875,7.015
3907.1991475499963,724.4833984375,8.08
3907.520646951991,595.111328125,8.842
3907.8421238869923,595.111328125,9.408
3908.1635170099908,489.6484375,8.726
3908.485449865999,1029.732421875,7.665
3908.8067672079924,595.11181640625,8.765
3909.128312079003,595.11181640625,9.215
3909.4500139479933,499.48046875,9.563
3909.7737861310015,465.73095703125,7.21
3910.098030908004,746.984375,8.352
3910.420188631004,595.1123046875,9.114
3910.7430413529946,595.1123046875,9.486
3911.067873092994,465.7314453125,7.327
3911.3913525270036,724.48486328125,8.119
3911.713898643997,595.11279296875,8.881
3912.0383321909903,595.11279296875,9.486
3912.3602011299954,489.64990234375,8.74
3912.683309536995,1029.73388671875,7.548
3913.005459092994,621.12353515625,8.687
3913.3272521229956,595.11328125,9.23
3913.649819483995,615.49853515625,9.563
3913.972845037002,465.732421875,7.054
3914.295620468998,746.98583984375,8.352
3914.6182466460014,595.11376953125,9.036
3914.9406419659936,595.11376953125,9.525
3915.2658770699927,465.73291015625,7.393
3915.592350908002,724.486328125,8.196
3915.9158235450013,595.1142578125,8.92
3916.238099786002,595.1142578125,9.447
3916.559812452004,489.6513671875,8.663
3916.882435391002,1029.7353515625,7.587
3917.20434022299,595.11474609375,8.765
3917.526216733997,595.11474609375,9.23
3917.847902706999,476.9833984375,9.563
3918.1717580090044,465.73388671875,7.093
3918.494412945991,746.9873046875,8.352
3918.8169404520013,595.115234375,9.036
3919.138760091999,595.115234375,9.486
3919.4610845190036,465.734375,7.393
3919.786621159001,724.48779296875,7.847
3920.109142165995,510.734375,8.92
3920.4333778610016,595.11572265625,9.292
3920.7589479399903,493.859375,9.036
3921.0823866110004,1029.73681640625,7.548
3921.4062531700038,589.4912109375,8.571
3921.729129418003,510.73486328125,9.308
3922.053197870002,595.1162109375,9.486
3922.3751078740024,465.7353515625,7.276
3922.6991996849974,746.98876953125,8.468
3923.0212573399913,595.11669921875,9.153
3923.3451552229963,595.11669921875,9.486
3923.670976919995,465.73583984375,7.327
3923.9969552300026,724.4892578125,8.158
3924.3216860379907,595.1171875,8.92
3924.6464359809906,595.1171875,9.447
3924.96837640999,489.654296875,8.663
3925.2930417089956,1029.73828125,7.587
3925.6151792649907,595.11767578125,8.726
3925.9376548159926,595.11767578125,9.191
3926.261095971,499.66796875,9.602
3926.584948467993,465.73681640625,7.21
3926.907824734997,746.990234375,8.313
3927.2302420100023,516.36181640625,9.153
3927.5548183079954,595.1181640625,9.37
3927.8790576309984,465.7373046875,7.249
3928.2034340480022,724.49072265625,8.196
3928.5268755169964,595.11865234375,8.92
3928.850276694997,595.11865234375,9.447
3929.175526837993,489.65576171875,8.546
3929.498092433001,1029.73974609375,7.665
3929.8232453849923,595.119140625,8.687
3930.1460506349977,599.56884765625,9.308
3930.467980811998,595.119140625,9.718
3930.793219300991,465.73828125,7.288
3931.118346681993,746.99169921875,8.391
3931.4444363709918,595.11962890625,9.114
3931.7707817789924,494.220703125,9.563
3932.094887550993,465.73876953125,6.976
3932.4173081420013,724.4921875,8.196
3932.7403256800026,595.1201171875,9.036
3933.0625775579974,595.1201171875,9.37
3933.3866645119997,492.4697265625,8.313
3933.7091804609954,1029.7412109375,7.743
3934.0351773069997,595.12060546875,8.765
3934.3591609269934,595.12060546875,9.346
3934.6843833099992,595.12060546875,9.757
3935.0062705939927,465.73974609375,7.432
3935.333740515998,779.68603515625,8.43
3935.6594538589998,621.13134765625,9.23
3935.982277559,595.12109375,9.486
3936.304980293993,465.740234375,6.937
3936.6272448679956,724.49365234375,8.08
3936.950559527002,595.12158203125,8.959
3937.273837640998,656.0068359375,9.447
3937.595471213004,497.6923828125,8.158
3937.9177402639907,1029.74267578125,7.924
3938.242010859991,595.1220703125,8.92
3938.5664129490033,595.1220703125,9.292
3938.890553777994,595.1220703125,9.718
3939.212738727001,984.7431640625,7.471
3939.536555575003,589.49755859375,8.468
3939.8637869800004,595.12255859375,9.269
3940.1881616399914,595.12255859375,9.525
3940.5112652120006,465.74169921875,6.976
3940.8344340640033,724.4951171875,8.08
3941.1578371649957,595.123046875,8.959
3941.481317932994,595.123046875,9.525
3941.803539579996,465.7421875,8.054
3942.126730510994,1029.744140625,8.08
3942.451948172995,595.12353515625,8.881
3942.7744422120013,595.12353515625,9.447
3943.097849404003,595.12353515625,9.447
3943.420443479001,984.74462890625,7.548
3943.7429589879903,589.4990234375,8.571
3944.0666778059967,595.1240234375,9.191
3944.3892392999987,599.4384765625,9.563
3944.711517838994,465.7431640625,7.054
3945.0343635659956,724.49658203125,8.119
3945.3566022619925,595.12451171875,8.997
3945.6783567469975,595.12451171875,9.486
3946.0033541680023,465.74365234375,7.976
3946.3281944939954,769.49658203125,8.08
3946.649882126003,595.125,8.842
3946.9736485869944,595.125,9.408
3947.297367908992,595.125,9.346
3947.621417258997,1029.74609375,7.548
3947.943540167995,589.50048828125,8.648
3948.2678677990043,595.12548828125,9.191
3948.591592718003,595.12548828125,9.563
3948.9142550370016,465.74462890625,7.132
3949.2387087499956,724.498046875,8.274
3949.563759924,595.1259765625,9.153
3949.8867979339993,595.1259765625,9.408
3950.20859193099,465.7451171875,7.704
3950.53541728,724.49853515625,8.002
3950.857491828996,595.12646484375,8.997
3951.1800757399906,595.12646484375,9.292
3951.502678595003,482.6201171875,9.075
3951.8260677179933,1029.74755859375,7.51
3952.150056318991,589.501953125,8.571
3952.472326807998,493.87060546875,9.269
3952.796717213001,595.126953125,9.486
3953.1201301099936,465.74609375,6.976
3953.4431291359942,533.24609375,8.274
3953.7651293709932,595.12744140625,9.075
3954.0864523329947,595.12744140625,9.37
3954.410024497003,465.74658203125,7.665
3954.7326205919962,724.5,7.963
3955.054618487993,599.4423828125,8.92
3955.376384663992,595.1279296875,9.37
3955.7003337030037,595.1279296875,9.23
3956.0228988169983,989.845703125,7.471
3956.3464735699963,589.50341796875,8.571
3956.668648109,595.12841796875,9.153
3956.9929137639992,716.763671875,9.525
3957.316287801994,465.74755859375,6.898
3957.6414091999904,724.5009765625,8.08
3957.9658547309955,595.12890625,8.997
3958.2899683150026,595.12890625,9.447
3958.615113006992,465.748046875,7.938
3958.9373330139933,724.50146484375,8.08
3959.261185946001,595.12939453125,8.881
3959.582838923001,595.12939453125,9.447
3959.903986888996,595.12939453125,9.408
3960.225982756994,994.90966796875,7.587
3960.548816383991,589.5048828125,8.648
3960.87043486099,595.1298828125,9.191
3961.1921840939904,488.24853515625,9.563
3961.5153487709904,465.7490234375,7.171
3961.837496192995,724.50244140625,8.274
3962.1596584310028,595.13037109375,9.153
3962.4814104459947,595.13037109375,9.37
3962.804310149004,465.74951171875,7.821
3963.129259016001,1029.75146484375,7.963
3963.451553256993,595.130859375,8.803
3963.7733033469995,595.130859375,9.331
3964.0974043719907,595.130859375,9.602
3964.418707662,465.75,7.327
3964.740466710995,752.31787109375,8.468
3965.062449320001,595.13134765625,9.075
3965.3846590409958,595.13134765625,9.525
3965.705073463003,465.75048828125,7.093
3966.026823516004,724.50390625,8.196
3966.3486438769905,595.1318359375,9.036
3966.670123871998,595.1318359375,9.331
3966.9954951769905,492.4814453125,8.274
3967.3172456119937,1029.7529296875,7.665
3967.639250744003,595.13232421875,8.648
3967.961058300003,499.51220703125,9.292
3968.2824723369995,595.13232421875,9.641
3968.6036379159923,465.75146484375,7.171
3968.9260253300017,747.0048828125,8.313
3969.2483457670023,617.63232421875,9.191
3969.570625880995,595.1328125,9.37
3969.894055826997,465.751953125,7.249
3970.218032449993,724.50537109375,8.041
3970.54234252499,595.13330078125,8.881
3970.865006041,595.13330078125,9.486
3971.1882328100037,489.67041015625,8.74
3971.511496156003,1029.75439453125,7.51
3971.8332852059975,615.51904296875,8.726
3972.159826367002,595.1337890625,9.23
3972.4846871769987,595.1337890625,9.641
3972.808526604,465.7529296875,7.132
3973.1314677909977,747.00634765625,8.313
3973.4537166630034,533.2529296875,9.153
3973.7755847840017,595.13427734375,9.447
3974.099159559002,465.75341796875,7.288
3974.421408780996,724.5068359375,8.119
3974.7435127479985,595.134765625,8.92
3975.06720333299,595.134765625,9.447
3975.3905115679954,489.671875,8.701
3975.715335952991,1029.755859375,7.393
3976.0370566079946,589.51025390625,8.493
3976.3600730219914,595.13525390625,9.269
3976.6847140379978,595.13525390625,9.447
3977.0069653340033,465.75439453125,7.276
3977.3333315649943,747.0078125,8.391
3977.6557394089905,595.1357421875,9.114
3977.9780546730035,595.1357421875,9.486
3978.301106475992,465.7548828125,7.366
3978.6274082849995,724.50830078125,8.119
3978.9511381269986,595.13623046875,8.92
3979.2737269339996,595.13623046875,9.447
3979.5958742209914,489.67333984375,8.687
3979.9179898889997,1029.75732421875,7.769
3980.24041875299,595.13671875,8.765
3980.562936738992,595.13671875,9.269
3980.8859725349903,595.13671875,9.641
3981.2085334970034,465.755859375,7.21
3981.5326412680006,747.00927734375,8.313
3981.8586081449903,595.13720703125,9.191
3982.180289840995,595.13720703125,9.408
3982.5056053979933,465.75634765625,7.132
3982.8301916780038,724.509765625,8.196
3983.151900636003,595.1376953125,8.959
3983.4748244560033,595.1376953125,9.408
3983.7966665690037,489.6748046875,8.546
3984.119909917994,1029.7587890625,7.432
3984.4430795999942,589.51318359375,8.61
3984.766099738001,595.13818359375,9.23
3985.088379816996,595.13818359375,9.447
3985.4098383620003,465.75732421875,6.937
3985.7317022329953,533.25732421875,8.196
3986.052787034001,595.138671875,9.075
3986.374678520995,595.138671875,9.331
3986.696187975991,465.7578125,7.665
3987.019381748003,1029.759765625,7.847
3987.3428211610008,595.13916015625,8.765
3987.6654072620004,595.13916015625,9.292
3987.9874303649995,595.13916015625,9.602
3988.30999175999,984.76025390625,7.626
3988.631536956993,589.5146484375,8.571
3988.95320356499,595.1396484375,9.23
3989.2766229089902,595.1396484375,9.525
3989.5994067729916,465.7587890625,7.132
3989.9209368619922,724.51220703125,8.158
3990.2432708209963,595.14013671875,8.959
3990.565449061003,595.14013671875,9.447
3990.8904737389967,465.75927734375,8.041
3991.212941299993,1029.76123046875,8.08
3991.5352445989993,595.140625,8.803
3991.857140712993,599.455078125,9.292
3992.1798243759986,595.140625,9.563
3992.5015789799945,984.76171875,7.393
3992.824132523994,589.51611328125,8.391
3993.148954406992,595.2763671875,9.153
3993.4705819969968,595.14111328125,9.408
3993.7938332600024,465.76025390625,6.859
3994.1165918339975,724.513671875,8.119
3994.441927844993,595.1416015625,8.997
3994.76619287199,595.1416015625,9.37
3995.0883554850006,492.4912109375,8.196
3995.411265645991,1029.7626953125,7.808
3995.733763405995,696.39208984375,8.803
3996.0554681119975,595.14208984375,9.292
3996.3777639759937,595.14208984375,9.757
3996.7010407060006,465.76123046875,7.393
3997.023465213002,747.0146484375,8.546
3997.345363172004,595.142578125,9.114
3997.667576405991,595.142578125,9.525
3997.9916038810043,465.76171875,6.976
3998.315522392004,724.51513671875,8.196
3998.6430195290013,595.14306640625,9.036
3998.9670674189983,595.14306640625,9.37
3999.292727751992,492.49267578125,8.274
3999.616457964992,1029.76416015625,7.821
3999.9388352309907,595.1435546875,8.765
4000.2605481859937,595.1435546875,9.331
4000.5830731049937,595.1435546875,9.718
4000.9073132210033,465.7626953125,7.432
4001.2315303929936,752.3984375,8.493
4001.5535653080005,595.14404296875,9.114
4001.8752258079912,595.14404296875,9.525
4002.1984839990037,465.76318359375,6.937
4002.5205179839977,724.5166015625,8.158
4002.8426681639976,595.14453125,9.075
4003.163732383997,595.14453125,9.331
4003.4851174159994,492.494140625,8.352
4003.8081303770014,1029.765625,7.626
4004.129944893997,595.14501953125,8.687
4004.4515192109975,595.14501953125,9.23
4004.7732351949962,595.14501953125,9.602
4005.0968452959933,465.76416015625,7.132
4005.4224179329904,747.017578125,8.274
4005.7484261670033,499.69580078125,9.153
4006.0716701409983,595.1455078125,9.408
4006.393815770003,465.7646484375,7.249
4006.718009600998,724.51806640625,8.158
4007.042582420996,595.14599609375,8.959
4007.3655420619907,595.14599609375,9.408
4007.6878816789977,489.68310546875,8.624
4008.0103904849966,1029.76708984375,7.626
4008.3332860899973,595.146484375,8.765
4008.658152100994,595.146484375,9.215
4008.9844404680043,595.146484375,9.641
4009.306451461991,465.765625,7.276
4009.630244023996,747.01904296875,8.391
4009.9524416149943,595.14697265625,9.191
4010.2745674909966,595.14697265625,9.408
4010.596403980002,465.76611328125,7.171
4010.9226318599976,724.51953125,8.196
4011.2472573139967,595.1474609375,8.959
4011.570089708999,595.1474609375,9.37
4011.894022142995,489.6845703125,8.507
4012.2171238589945,1029.7685546875,7.665
4012.5433028069965,595.14794921875,8.687
4012.8662370579987,595.1484375,9.308
4013.187988738995,595.14794921875,9.641
4013.509700128998,465.76708984375,7.315
4013.831692296997,747.0205078125,8.43
4014.154317702996,595.1484375,9.153
4014.476422929991,595.1484375,9.408
4014.798855367,465.767578125,7.171
4015.1228360849927,724.52099609375,8.235
4015.4474794510024,696.39892578125,9.036
4015.7725290689996,595.14892578125,9.37
4016.0963204019936,488.267578125,8.43
4016.4181690719997,1029.77001953125,7.665
4016.7405702079996,595.1494140625,8.687
4017.06479620999,595.28466796875,9.346
4017.386839220999,595.1494140625,9.718
4017.709987230992,465.7685546875,7.171
4018.0333269910043,747.02197265625,8.313
4018.355422034001,595.14990234375,9.153
4018.677747802998,595.14990234375,9.37
4019.002411417998,465.76904296875,7.21
4019.326290074998,724.5224609375,8.041
4019.648649124996,595.150390625,8.842
4019.970705761996,477.02099609375,9.408
4020.2917258489906,489.6875,8.765
4020.6151948890038,1029.771484375,7.432
4020.937242564003,589.52587890625,8.571
4021.2592306839942,595.15087890625,9.269
4021.5806889609958,595.15087890625,9.408
4021.902910912002,465.77001953125,7.054
4022.225470859994,747.0234375,8.391
4022.5486656779976,595.1513671875,9.036
4022.876157259001,493.90087890625,9.525
4023.2011157880042,465.7705078125,7.432
4023.524593269991,724.52392578125,7.886
4023.850224366004,635.787109375,8.959
4024.1736858779914,595.15185546875,9.331
4024.4966085859924,479.9326171875,9.075
4024.819357239001,984.77294921875,7.432
4025.1412173459976,589.52734375,8.546
4025.4638902839943,595.15234375,9.153
4025.7862077509926,595.15234375,9.447
4026.109036403999,465.771484375,6.859
4026.431622071992,724.52490234375,8.041
4026.756225827994,595.15283203125,8.92
4027.078261073999,595.15283203125,9.486
4027.3998336799996,465.794921875,8.132
4027.722208264997,1029.77392578125,7.963
4028.0442541329976,595.1533203125,8.92
4028.366683664004,595.1533203125,9.292
4028.6894480530027,595.1533203125,9.757
4029.0114601270034,984.7744140625,7.471
4029.3340714539954,589.52880859375,8.416
4029.659918513993,595.15380859375,9.269
4029.981910168004,595.15380859375,9.486
4030.3040673649957,465.77294921875,6.937
4030.626148590003,724.5263671875,8.08
4030.949167287996,595.154296875,8.997
4031.273678423997,656.03955078125,9.486
4031.596109163991,500.81884765625,8.158
4031.9192370480014,1029.775390625,7.821
4032.2414123219933,626.7900390625,8.842
4032.5659991379944,595.15478515625,9.254
4032.889072042002,510.7734375,9.757
4033.2104652370035,488.27392578125,7.432
4033.5336074549996,533.27392578125,8.507
4033.855503769999,595.1552734375,9.191
4034.179317946997,595.1552734375,9.525
4034.502522277995,465.7744140625,7.093
4034.825228157002,724.52783203125,8.158
4035.1469571999914,595.15576171875,8.997
4035.4695350419934,621.16015625,9.447
4035.7912763399945,492.50537109375,8.158
4036.1149224419933,1029.77685546875,7.963
4036.437408247002,595.15625,8.881
4036.7602108299907,595.15625,9.254
4037.083252493001,595.15625,9.796
4037.403920597004,578.77685546875,7.393
4037.7278315059957,533.275390625,8.43
4038.051158008995,595.15673828125,9.191
4038.3752992619993,595.15673828125,9.486
4038.6990853649913,465.77587890625,6.859
4039.0207963199937,724.529296875,8.158
4039.344218951999,595.1572265625,9.036
4039.6660301340016,595.1572265625,9.292
4039.989206931001,492.5068359375,8.313
4040.3130476259976,1029.7783203125,7.743
4040.6373728799954,595.15771484375,8.687
4040.9626293679903,595.15771484375,9.37
4041.284988597996,595.15771484375,9.718
4041.6094843850005,465.77685546875,7.471
4041.934293974002,747.0302734375,8.546
4042.2560267480003,595.158203125,9.153
4042.5783796070027,595.158203125,9.563
4042.9021131229965,465.77734375,6.937
4043.226015221997,724.53076171875,8.196
4043.548244970996,595.15869140625,9.036
4043.870253878995,595.15869140625,9.292
4044.193981696997,485.564453125,8.352
4044.516587745995,1029.77978515625,7.626
4044.841191689993,595.1591796875,8.687
4045.16254946799,595.1591796875,9.269
4045.486257315002,595.1591796875,9.602
4045.808743196001,465.7783203125,7.21
4046.1319386709947,747.03173828125,8.313
4046.4546004949952,595.15966796875,9.191
4046.777446387001,595.15966796875,9.408
4047.1007474959915,465.77880859375,7.21
4047.426519638,724.5322265625,7.963
4047.7483875089965,595.16015625,8.842
4048.070201554001,716.79541015625,9.37
4048.3940646339906,489.697265625,8.803
4048.7163536699954,1029.78125,7.393
4049.038395880998,589.53564453125,8.493
4049.360519599999,510.779296875,9.23
4049.6824166839942,595.16064453125,9.447
4050.007331029992,465.77978515625,6.976
4050.3312093379936,724.53369140625,8.235
4050.654238365998,595.1611328125,9.114
4050.9762600279937,595.1611328125,9.37
4051.3022178020037,465.7802734375,7.626
4051.6279871509905,724.53369140625,7.924
4051.9504388439964,533.2802734375,8.92
4052.2719482620014,595.16162109375,9.292
4052.594880578996,595.16162109375,9.191
4052.9185700099915,1029.78271484375,7.51
4053.2412454529986,589.537109375,8.61
4053.563464302002,595.162109375,9.191
4053.886389831998,595.162109375,9.525
4054.2106453939923,465.78125,7.015
4054.53294910799,724.53466796875,8.119
4054.856682312995,516.412109375,9.075
4055.178785187003,595.16259765625,9.331
4055.5001477460028,465.78173828125,7.821
4055.8230624559947,1029.78369140625,7.821
4056.145382871997,595.1630859375,8.842
4056.466895545993,595.1630859375,9.215
4056.789297530995,477.03759765625,9.757
4057.1109964829957,465.7822265625,7.054
4057.4326843939925,747.03564453125,8.274
4057.7548368319985,595.16357421875,9.114
4058.0768367209967,595.16357421875,9.37
4058.3989636859915,465.78271484375,7.171
4058.7218319559906,724.5361328125,8.041
4059.0432619979983,595.1640625,8.842
4059.364783308003,494.08935546875,9.37
4059.6864302199974,489.701171875,8.765
4060.0099899049965,1029.78515625,7.432
4060.3311221109907,589.53955078125,8.532
4060.653201356996,595.16455078125,9.269
4060.975075923998,595.16455078125,9.447
4061.295935221002,465.78369140625,7.015
4061.618774142,544.53369140625,8.274
4061.940364344002,595.1650390625,9.075
4062.262123191991,595.1650390625,9.408
4062.584209187,465.7841796875,7.665
4062.907417173992,724.53759765625,7.963
4063.22987799799,595.16552734375,8.842
4063.550910994003,595.16552734375,9.331
4063.872073145001,595.16552734375,9.308
4064.194980286993,758.28466796875,7.548
4064.516570933003,589.541015625,8.61
4064.8380004520004,595.166015625,9.114
4065.1603468039975,599.48046875,9.486
4065.4818326120003,465.78515625,6.898
4065.8046024979994,724.53857421875,8.08
4066.128136154992,595.16650390625,8.959
4066.451106655004,595.16650390625,9.486
4066.774600468998,465.78564453125,8.054
4067.0989133519906,1029.78759765625,7.963
4067.4210714060027,595.1669921875,8.881
4067.7464362610044,595.1669921875,9.292
4068.069088666991,595.1669921875,9.641
4068.393157058992,984.7880859375,7.471
4068.7176510019926,589.54248046875,8.468
4069.0416786549904,595.16748046875,9.269
4069.3672705889912,595.16748046875,9.486
4069.688936171995,465.78662109375,6.937
4070.014594762004,724.5400390625,8.08
4070.3370260039956,595.16796875,8.959
4070.6632173160033,595.16796875,9.525
4070.986642607997,465.787109375,7.976
4071.3090644719923,1029.7890625,8.002
4071.63148396599,595.16845703125,8.842
4071.956059698001,716.8037109375,9.408
4072.2782475029962,595.16845703125,9.525
4072.600610289999,984.78955078125,7.548
4072.923355040999,589.5439453125,8.532
4073.2450600110024,595.1689453125,9.269
4073.566372870002,595.1689453125,9.525
4073.88761823799,465.7880859375,6.937
4074.2094615789974,724.54150390625,8.08
4074.531246612998,595.16943359375,8.959
4074.852722707001,510.7880859375,9.447
4075.173997193997,505.26904296875,8.158
4075.496584687993,1029.79052734375,7.886
4075.8200394110027,600.79443359375,8.842
4076.144047114998,595.169921875,9.254
4076.4686369199917,595.169921875,9.796
4076.7905512979924,465.701171875,6.519
4077.11413626399,746.95458984375,8.119
4077.4361738470034,595.08251953125,8.92
4077.7617883889907,595.08251953125,9.486
4078.0859893759916,465.701171875,7.432
4078.411980891993,724.45458984375,7.886
4078.7349213190028,626.7177734375,8.881
4079.056762794993,595.08251953125,9.308
4079.3793257689977,595.08251953125,9.191
4079.702680738992,1029.70361328125,7.51
4080.024814574994,589.4580078125,8.648
4080.346813622993,595.0830078125,9.191
4080.668918305004,595.0830078125,9.602
4080.99039621299,465.7021484375,7.054
4081.3121436329966,724.45556640625,8.158
4081.6339315990044,599.39794921875,9.036
4081.9555161320022,595.08349609375,9.408
4082.280023458996,465.70263671875,7.899
4082.601983685003,724.4560546875,8.08
4082.9230337649933,595.083984375,8.881
4083.2445909349917,595.083984375,9.447
4083.566514837992,595.083984375,9.424
4083.8882524609944,1029.705078125,7.587
4084.209789116998,589.45947265625,8.648
4084.5322113729926,595.08447265625,9.153
4084.8547125740006,595.08447265625,9.602
4085.1807157250005,465.70361328125,7.093
4085.502418049,724.45703125,8.196
4085.824308281997,595.0849609375,9.114
4086.1452797620004,595.0849609375,9.37
4086.4674428040016,465.7041015625,7.821
4086.789934400993,724.45751953125,8.041
4087.111668818994,599.39990234375,8.959
4087.433062391996,595.08544921875,9.37
4087.7552006309998,595.08544921875,9.23
4088.078047086994,1029.70654296875,7.51
4088.3995484379993,589.4609375,8.61
4088.7215425100003,595.0859375,9.153
4089.044408004993,595.0859375,9.563
4089.368695694997,465.705078125,7.015
4089.690404794994,724.45849609375,8.119
4090.0119366080035,621.0966796875,9.036
4090.3336722999957,595.08642578125,9.37
4090.6588570759923,465.70556640625,7.86
4090.982712042998,1440.80419921875,8.041
4091.305166990991,595.0869140625,8.765
4091.6298628520017,494.01220703125,9.37
4091.9524157220003,595.0869140625,9.408
4092.2743520899967,984.7080078125,7.548
4092.59617123699,589.46240234375,8.532
4092.9174281229934,595.08740234375,9.23
4093.238486921997,595.08740234375,9.408
4093.5604608569993,465.70654296875,6.937
4093.8824871760007,724.4599609375,8.119
4094.2066397809976,595.087890625,8.959
4094.5285422559973,476.95849609375,9.447
4094.8505209559953,507.78369140625,8.119
4095.173151775991,1029.708984375,7.808
4095.4951151150017,493.83203125,8.803
4095.8188195719995,595.08837890625,9.269
4096.140560086002,599.40283203125,9.718
4096.463873392,465.70751953125,7.354
4096.786136002993,746.9609375,8.507
4097.109582976991,595.0888671875,9.036
4097.432088892994,595.0888671875,9.525
4097.755741279994,465.7080078125,6.937
4098.078738347991,724.46142578125,8.119
4098.404072171994,595.08935546875,8.959
4098.728290401996,595.08935546875,9.37
4099.050323368996,488.2080078125,8.43
4099.372590425002,1029.71044921875,7.626
4099.695509885991,595.08984375,8.687
4100.017879599996,595.08984375,9.308
4100.339989624001,595.08984375,9.68
4100.663721817997,465.708984375,7.51
4100.9859792060015,746.96240234375,8.571
4101.308141357993,595.09033203125,9.114
4101.629941095991,499.458984375,9.525
4101.951214062996,465.70947265625,7.054
4102.274567200002,724.462890625,8.158
4102.597827213991,595.0908203125,8.92
4102.919946352995,595.0908203125,9.37
4103.241249175,489.6279296875,8.546
4103.563835979003,1029.7119140625,7.548
4103.8858183440025,595.09130859375,8.765
4104.210186041993,595.09130859375,9.23
4104.532440768002,516.3408203125,9.563
4104.856730765998,465.71044921875,7.054
4105.180413317998,746.9638671875,8.352
4105.505547089997,595.091796875,9.075
4105.829133445004,595.091796875,9.447
4106.151577967001,465.7109375,7.354
4106.478344627991,724.46435546875,8.158
4106.806087003002,595.09228515625,8.92
4107.128463521003,595.09228515625,9.447
4107.449981894999,489.62939453125,8.624
4107.772210245996,1029.71337890625,7.587
4108.095578958004,499.64306640625,8.765
4108.418837200996,595.0927734375,9.23
4108.740138476991,595.0927734375,9.641
4109.064882532999,465.7119140625,7.782
4109.386905754,746.96533203125,8.687
4109.708943855003,595.09326171875,9.191
4110.031879171991,595.09326171875,9.602
4110.355705208,465.71240234375,6.937
4110.678193211992,724.4658203125,8.119
4111.000762305994,599.408203125,8.92
4111.323104670999,595.09375,9.331
4111.645120879999,489.630859375,8.507
4111.968388876994,1029.71484375,7.354
4112.290587012001,589.46923828125,8.532
4112.613111333994,595.09423828125,9.308
4112.936756046998,595.09423828125,9.525
4113.25849278699,465.71337890625,7.132
4113.582195358002,746.966796875,8.43
4113.903986817997,595.0947265625,9.036
4114.226691143995,595.0947265625,9.563
4114.548657617997,465.7138671875,7.51
4114.871931627,724.46728515625,7.963
4115.196620981995,595.09521484375,8.997
4115.51985181999,595.09521484375,9.37
4115.8468378639955,489.63232421875,8.881
4116.171031039994,1029.71630859375,7.471
4116.493783682992,589.470703125,8.532
4116.816878546,505.27099609375,9.308
4117.138578062004,595.095703125,9.486
4117.461649083998,465.71484375,7.054
4117.787726355993,791.9677734375,8.313
4118.110290668992,595.09619140625,8.997
4118.433547455992,621.1064453125,9.486
4118.756206842998,465.71533203125,7.548
4119.081329359004,724.46875,8.002
4119.407511497004,595.0966796875,8.997
4119.728968376003,595.0966796875,9.292
4120.052464271997,489.6337890625,8.959
4120.377273463004,1029.7177734375,7.587
4120.698916042995,589.47216796875,8.61
4121.020755812991,595.09716796875,9.308
4121.3452991369995,595.09716796875,9.486
4121.668359078001,465.71630859375,7.015
4121.991375529993,746.9697265625,8.352
4122.314256168,595.09765625,9.036
4122.637700121995,494.19873046875,9.486
4122.961307631995,465.716796875,7.51
4123.284039559992,724.47021484375,7.963
4123.6072140619945,595.09814453125,8.997
4123.929339309994,595.09814453125,9.385
4124.251751703996,489.63525390625,8.997
4124.57526596199,1029.71923828125,7.587
4124.896035703001,589.4736328125,8.61
4125.218090611001,595.0986328125,9.308
4125.542272314997,595.0986328125,9.447
4125.865392378997,465.7177734375,6.976
4126.188725090993,745.7890625,8.274
4126.514304794997,595.09912109375,9.036
4126.837872393997,595.09912109375,9.447
4127.161420887991,465.71826171875,7.587
4127.483851037003,724.4716796875,7.924
4127.805243227995,595.099609375,8.803
4128.127396758995,595.099609375,9.37
4128.44902841399,595.099609375,9.346
4128.770770055999,984.720703125,7.51
4129.09215184499,589.47509765625,8.493
4129.413319130996,595.10009765625,9.191
4129.735406159001,595.10009765625,9.447
4130.056571010995,465.71923828125,6.937
4130.378481488995,724.47265625,8.08
4130.700501186002,595.1005859375,8.92
4131.022442096,626.73583984375,9.447
4131.344282617996,492.4501953125,8.158
4131.66635898799,1029.7216796875,7.808
4131.988985456002,635.736328125,8.803
4132.310843001993,595.10107421875,9.269
4132.633721349994,595.10107421875,9.718
4132.957329420999,465.72021484375,7.354
4133.282580525993,746.9736328125,8.507
4133.607707657997,595.1015625,9.153
4133.930084034,595.1015625,9.525
4134.255328704996,465.720703125,6.898
4134.579004391999,724.47412109375,8.158
4134.901984404001,595.10205078125,9.075
4135.224273255997,595.10205078125,9.408
4135.548397469,492.45166015625,8.235
4135.871534605001,1029.72314453125,7.924
4136.194369714998,595.1025390625,8.92
4136.516259317999,595.1025390625,9.292
4136.839310850002,611.97705078125,9.796
4137.161289702999,465.7216796875,7.354
4137.483482419993,746.97509765625,8.507
4137.8072433199995,595.10302734375,9.153
4138.131918683997,595.10302734375,9.525
4138.455441526996,465.72216796875,6.898
4138.777678209997,724.4755859375,8.196
4139.099652963996,595.103515625,9.075
4139.421113556004,595.103515625,9.37
4139.743983476001,492.453125,8.313
4140.066798610991,1029.724609375,7.847
4140.391393201004,599.41845703125,8.842
4140.713855648995,595.10400390625,9.292
4141.037097388995,599.41845703125,9.757
4141.358327056994,465.72314453125,7.432
4141.68068985299,960.66943359375,8.454
4142.004033131001,595.1044921875,9.191
4142.325942117997,595.1044921875,9.525
4142.650501277996,465.7236328125,6.937
4142.973032590002,724.47705078125,8.158
4143.295811461998,595.10498046875,9.036
4143.619597441997,595.10498046875,9.408
4143.941212942998,492.45458984375,8.235
4144.26390541,1029.72607421875,7.963
4144.587117288,595.10546875,8.881
4144.909204291995,595.10546875,9.308
4145.231133915004,595.10546875,9.757
4145.552052236992,984.7265625,7.51
4145.874128454991,589.48095703125,8.454
4146.19663464099,595.10595703125,9.23
4146.518179192004,595.10595703125,9.447
4146.839885348003,465.72509765625,7.132
4147.162514191994,724.478515625,8.119
4147.484296925992,595.1064453125,8.959
4147.806859974997,595.1064453125,9.486
4148.12940583899,465.7255859375,8.015
4148.452166718998,1029.7275390625,8.041
4148.775320122993,595.10693359375,8.842
4149.097107045993,595.10693359375,9.331
4149.418779596992,595.10693359375,9.602
4149.739652310003,984.72802734375,7.704
4150.061786827995,589.482421875,8.61
4150.3833221889945,595.107421875,9.191
4150.704674405992,595.107421875,9.447
4151.024533609001,465.7265625,7.093
4151.347860840004,724.47998046875,8.158
4151.6695853249985,595.10791015625,8.959
4151.991552441992,595.10791015625,9.486
4152.314037657998,471.3515625,8.132
4152.637461785998,1029.72900390625,7.704
4152.959299584996,595.1083984375,8.803
4153.282295216995,595.1083984375,9.346
4153.605003606004,595.1083984375,9.796
4153.929502810002,465.7275390625,7.393
4154.254631541,746.98095703125,8.532
4154.578697673001,595.10888671875,9.153
4154.901219940992,595.10888671875,9.563
4155.225198004991,465.72802734375,6.898
4155.54691566799,724.4814453125,8.158
4155.870070980993,595.109375,9.075
4156.193281783999,595.109375,9.37
4156.517607154994,492.458984375,8.352
4156.839501652998,1029.73046875,7.743
4157.162777032994,595.10986328125,8.726
4157.485736082002,595.10986328125,9.408
4157.807787095997,595.10986328125,9.796
4158.128413068,465.72900390625,7.237
4158.450854433002,746.982421875,8.43
4158.773851974998,595.1103515625,9.114
4159.096054449998,635.74560546875,9.525
4159.417546434997,465.7294921875,7.054
4159.73938182299,724.48291015625,8.119
4160.0620945539995,595.11083984375,8.92
4160.386956193994,595.11083984375,9.408
4160.709723676991,489.64794921875,8.546
4161.034330010996,1029.73193359375,7.743
4161.356996881994,595.111328125,8.726
4161.68288697199,499.47998046875,9.408
4162.004933852004,595.111328125,9.718
4162.327301832003,465.73046875,7.276
4162.650447182998,746.98388671875,8.43
4162.974005538999,595.11181640625,9.114
4163.297588440997,595.11181640625,9.447
4163.619825692993,465.73095703125,7.093
4163.941865785993,724.484375,8.158
4164.265303624998,595.1123046875,8.997
4164.587539115993,595.1123046875,9.37
4164.912075361004,489.6494140625,8.507
4165.234457031998,1029.7333984375,7.886
4165.556162711,595.11279296875,8.842
4165.878077293004,595.11279296875,9.37
4166.199413836992,595.11279296875,9.718
4166.522055291993,984.73388671875,7.782
4166.846464104994,589.48828125,8.61
4167.1712870129995,595.11328125,9.292
4167.493457632998,595.11328125,9.563
4167.8159649689915,465.732421875,7.093
4168.138153156993,724.48583984375,8.119
4168.461099548003,595.11376953125,8.997
4168.7832479569915,595.11376953125,9.486
4169.108300373991,465.73291015625,7.976
4169.4309981459955,646.08447265625,8.08
4169.753186747999,595.1142578125,8.803
4170.079955191992,595.1142578125,9.447
4170.402947597002,595.1142578125,9.346
4170.725233449004,984.7353515625,7.393
4171.048310336002,589.48974609375,8.391
4171.371196591994,595.11474609375,9.191
4171.693796341002,595.11474609375,9.408
4172.021105377993,465.73388671875,6.703
4172.345117081,724.4873046875,8.08
4172.668368371,595.115234375,8.997
4172.990714669999,595.115234375,9.292
4173.314187568001,485.43310546875,8.313
4173.637977147999,1029.736328125,7.51
4173.96084672799,595.11572265625,8.687
4174.283169246992,595.11572265625,9.191
4174.607663171992,595.11572265625,9.602
4174.936480256991,465.73486328125,6.937
4175.260746972999,746.98828125,8.313
4175.5831005630025,595.1162109375,9.036
4175.905078331998,595.1162109375,9.525
4176.230871148,465.7353515625,7.405
4176.552761744999,724.48876953125,8.041
4176.874435245001,595.11669921875,8.959
4177.197106124993,595.11669921875,9.331
4177.522488492992,489.65380859375,8.92
4177.846001928992,1029.73779296875,7.665
4178.171155550997,621.12744140625,8.803
4178.493846782003,595.1171875,9.269
4178.817550430991,595.1171875,9.68
4179.140525255003,465.736328125,7.21
4179.466031784003,746.98974609375,8.352
4179.788452634995,595.11767578125,9.23
4180.112916885992,595.11767578125,9.447
4180.434229983992,465.73681640625,7.249
4180.756654480996,724.490234375,8.274
4181.081486359995,595.1181640625,9.036
4181.406258588002,595.1181640625,9.37
4181.729103994992,489.6552734375,8.507
4182.05153383399,1029.7392578125,7.704
4182.373267424991,595.11865234375,8.687
4182.697528592995,595.11865234375,9.269
4183.019932062001,595.11865234375,9.602
4183.345145999003,465.73779296875,7.315
4183.668683651995,746.9912109375,8.468
4183.991202867997,595.119140625,9.114
4184.313882504997,595.119140625,9.447
4184.636519772001,465.73828125,7.054
4184.959122893997,724.49169921875,8.196
4185.282365430001,595.11962890625,8.959
4185.604390609995,595.11962890625,9.37
4185.927176775993,489.65673828125,8.507
4186.249471788993,1029.703125,7.21
4186.571179484003,589.45751953125,8.468
4186.893473695993,595.08251953125,9.153
4187.215552826994,595.08251953125,9.563
4187.537290538996,465.701171875,6.976
4187.859696111991,724.45458984375,8.08
4188.181968338002,595.08251953125,8.997
4188.5034351259965,595.08251953125,9.408
4188.828876357991,465.70166015625,7.938
4189.152198379001,724.455078125,8.08
4189.473882421997,595.0830078125,8.842
4189.795297588993,595.0830078125,9.408
4190.119337458003,595.0830078125,9.502
4190.442139299004,984.7041015625,7.548
4190.766353508996,589.45849609375,8.532
4191.087844741996,595.08349609375,9.191
4191.409315301993,595.08349609375,9.486
4191.730387094998,465.70263671875,6.859
4192.053247623,724.4560546875,8.041
4192.375207511999,595.083984375,8.92
4192.696475374003,595.083984375,9.37
4193.017793541992,492.43359375,8.313
4193.341978019991,724.45654296875,8.274
4193.66386404699,499.453125,9.075
4193.985921375992,595.08447265625,9.408
4194.309183450998,599.39892578125,9.191
4194.633210576998,1029.70556640625,7.471
4194.955895159001,589.4599609375,8.61
4195.278161037,595.0849609375,9.114
4195.600640682998,595.0849609375,9.525
4195.921738838995,465.7041015625,7.054
4196.243948137999,724.45751953125,8.119
4196.566452871004,595.08544921875,8.997
4196.887537136994,595.08544921875,9.447
4197.2099789549975,465.70458984375,7.938
4197.531070676996,1029.70654296875,8.002
4197.853231235,595.0859375,8.803
4198.176218766996,595.0859375,9.331
4198.498263706002,595.0859375,9.602
4198.819566056001,984.70703125,7.471
4199.143551702,589.46142578125,8.468
4199.466479551003,595.08642578125,9.23
4199.789725488998,595.08642578125,9.408
4200.1124969459925,465.70556640625,7.249
4200.435916618997,724.458984375,8.235
4200.758797838993,595.0869140625,9.075
4201.081996861991,595.0869140625,9.486
4201.404757244993,465.7060546875,7.938
4201.729694473004,566.958984375,8.08
4202.053817399996,595.08740234375,8.881
4202.378553083996,595.08740234375,9.447
4202.700544189996,595.08740234375,9.308
4203.023353819997,1029.70849609375,7.548
4203.348592656999,589.462890625,8.648
4203.672504532995,595.087890625,9.23
4203.997159252001,595.087890625,9.563
4204.322004664995,465.70703125,7.054
4204.645532526993,746.9033203125,8.274
4204.969876481002,595.08837890625,9.075
4205.294433563002,595.08837890625,9.486
4205.616185520004,465.70751953125,7.548
4205.940887660996,724.4609375,8.002
4206.264034931999,595.0888671875,9.036
4206.586463487998,595.0888671875,9.331
4206.911318849001,489.6259765625,8.959
4207.235256706001,1029.7099609375,7.51
4207.557948693997,589.46435546875,8.571
4207.881056888,595.08935546875,9.308
4208.203565541,595.08935546875,9.486
4208.526236823003,465.70849609375,6.976
4208.84905290899,746.9619140625,8.313
4209.171067942996,595.08984375,8.997
4209.493988321003,499.64013671875,9.525
4209.821368342993,465.708984375,7.471
4210.147734985992,724.46240234375,8.041
4210.470192818,595.09033203125,8.92
4210.7965907239995,635.7255859375,9.486
4211.118318032997,489.62744140625,8.765
4211.441309418995,1029.71142578125,7.548
4211.7671635279985,593.7802734375,8.726
4212.091527280994,595.0908203125,9.23
4212.415794453991,595.0908203125,9.68
4212.738957972004,465.7099609375,7.21
4213.0647747979965,746.96337890625,8.352
4213.39158106799,595.09130859375,9.23
4213.715108213,595.09130859375,9.447
4214.036578740997,465.71044921875,7.132
4214.361221860003,724.4638671875,8.196
4214.683995216998,595.091796875,8.959
4215.009331384004,595.091796875,9.37
4215.331202628993,494.85009765625,8.468
4215.653797994004,1029.712890625,7.665
4215.975814649995,595.09228515625,8.726
4216.298689256,595.0927734375,9.346
4216.620614771993,595.09228515625,9.718
4216.943520129993,465.71142578125,7.393
4217.267371249996,746.96484375,8.507
4217.590005366001,595.0927734375,9.114
4217.914286963001,488.23388671875,9.563
4218.238828346002,465.7119140625,7.015
4218.561302710994,724.46533203125,8.196
4218.883987227004,626.728515625,8.997
4219.205967236994,595.09326171875,9.37
4219.527488958993,495.1328125,8.468
4219.850404554003,1029.71435546875,7.665
4220.1723283689935,595.09375,8.726
4220.4962849919975,595.09375,9.292
4220.820146347003,595.09375,9.68
4221.143995252991,465.712890625,7.471
4221.470779077994,746.96630859375,8.532
4221.792975411998,595.09423828125,9.153
4222.1171158149955,595.09423828125,9.563
4222.442547432001,465.71337890625,6.898
4222.764292548993,724.466796875,8.196
4223.086398543004,595.0947265625,9.036
4223.407902050996,595.0947265625,9.37
4223.729030344999,492.4443359375,8.391
4224.051608705995,1029.7158203125,7.704
4224.376287428997,595.09521484375,8.687
4224.701240848997,595.09521484375,9.37
4225.023951244992,595.09521484375,9.796
4225.345641541004,465.71435546875,7.249
4225.669067865994,746.9677734375,8.468
4225.9914641689975,595.095703125,9.114
4226.317121644999,595.09619140625,9.486
4226.639753508003,465.71484375,7.015
4226.962714245994,724.46826171875,8.158
4227.286782640003,595.0966796875,8.959
4227.610038491999,595.09619140625,9.37
4227.932424872997,492.3232421875,8.468
4228.254140700999,1029.71728515625,7.587
4228.575888050997,595.0966796875,8.765
4228.897940306997,595.0966796875,9.269
4229.219994161991,595.0966796875,9.68
4229.54231561099,465.7158203125,7.171
4229.865745834002,746.96923828125,8.313
4230.1882274149975,499.6474609375,9.153
4230.512299772003,595.09716796875,9.408
4230.837348418994,465.71630859375,7.249
4231.159439968993,724.4697265625,8.08
4231.481381689999,595.09765625,8.881
4231.8028950419975,499.48876953125,9.447
4232.124725589994,489.634765625,8.818
4232.448658291993,1029.71875,7.548
4232.770637930997,589.47314453125,8.61
4233.093581284993,595.09814453125,9.269
4233.415064458997,595.09814453125,9.486
4233.737998658995,465.71728515625,7.354
4234.060125053991,746.970703125,8.352
4234.386114594003,510.71728515625,9.23
4234.707683785004,595.0986328125,9.447
4235.030583518004,465.7177734375,7.288
4235.353720475992,724.47119140625,8.158
4235.6760001229995,595.09912109375,8.92
4236.0004784699995,595.09912109375,9.486
4236.323020141994,489.63623046875,8.663
4236.645226505003,1029.72021484375,7.626
4236.967785550994,595.099609375,8.803
4237.291032430003,595.099609375,9.23
4237.613862493992,595.099609375,9.602
4237.93686017899,465.71875,7.198
4238.2585904269945,746.97216796875,8.313
4238.581215874001,510.71875,9.153
4238.902955785001,595.10009765625,9.408
4239.226414349003,465.71923828125,7.288
4239.549033521995,724.47265625,8.041
4239.871814365004,595.1005859375,8.842
4240.193925615997,533.21923828125,9.408
4240.515760120004,489.6376953125,8.803
4240.838176245001,1029.7216796875,7.471
4241.160165922003,589.47607421875,8.571
4241.482015689995,595.10107421875,9.308
4241.803118615004,595.10107421875,9.447
4242.126329166,465.72021484375,6.976
4242.448982928996,938.16650390625,8.235
4242.772460335997,595.1015625,9.075
4243.095404476,595.1015625,9.447
4243.418214019999,465.720703125,7.665
4243.740722367991,780.720703125,8.002
4244.062848237998,595.10205078125,8.803
4244.386815356993,595.10205078125,9.447
4244.708621471,595.10205078125,9.424
4245.032367364998,984.72314453125,7.548
4245.354780444002,589.4775390625,8.532
4245.6761702209915,595.1025390625,9.191
4245.997633890001,595.1025390625,9.447
4246.3195687739935,465.7216796875,6.937
4246.641365636999,724.47509765625,8.08
4246.963746359994,595.10302734375,8.92
4247.285753342003,621.11328125,9.447
4247.607077612003,492.45263671875,8.158
4247.929787753004,1029.72412109375,7.782
4248.251981555994,595.103515625,8.765
4248.573511399998,595.103515625,9.308
4248.895104412004,595.103515625,9.68
4249.218278184999,465.72265625,7.432
4249.5406085669965,746.97607421875,8.507
4249.863117578992,595.10400390625,9.075
4250.185750467004,595.10400390625,9.525
4250.509333148992,465.72314453125,6.976
4250.831704394004,724.4765625,8.196
4251.153588838992,595.1044921875,9.075
4251.476263550998,595.1044921875,9.37
4251.797915282004,492.4541015625,8.391
4252.120155129,1029.7255859375,7.704
4252.446232328002,595.10498046875,8.726
4252.772074829991,595.10498046875,9.37
4253.093980295991,595.10498046875,9.757
4253.419938417996,465.72412109375,7.315
4253.741782440993,746.9775390625,8.468
4254.063737603996,595.10546875,9.114
4254.386923530998,476.97412109375,9.563
4254.710278806,465.724609375,7.015
4255.034206165001,724.47802734375,8.235
4255.356767876001,595.10595703125,9.075
4255.67854232699,595.10595703125,9.37
4255.999805654996,492.45556640625,8.391
4256.322284513997,1029.72705078125,7.704
4256.644250682002,595.1064453125,8.687
4256.966219697992,499.65673828125,9.37
4257.289806529996,595.1064453125,9.718
4257.614387412992,465.7255859375,7.354
4257.936563219002,746.97900390625,8.507
4258.258019574991,595.10693359375,9.114
4258.580163858991,494.0322265625,9.602
4258.904609439996,465.72607421875,7.054
4259.226987075002,724.4794921875,8.235
4259.549178816,595.10693359375,9.075
4259.871288024995,595.107421875,9.331
4260.193700539996,504.99072265625,8.43
4260.517096705997,1029.728515625,7.51
4260.840832754999,595.10791015625,8.765
4261.164921392003,595.10791015625,9.23
4261.492032216003,595.10791015625,9.602
4261.815195923002,465.72705078125,7.665
4262.137278440001,746.98046875,8.648
4262.462882521999,595.1083984375,9.153
4262.789074301996,595.1083984375,9.563
4263.113553350995,465.7275390625,6.937
4263.437719683992,724.48095703125,8.158
4263.759651218003,595.10888671875,9.036
4264.081291893002,595.10888671875,9.331
4264.403815575002,492.45849609375,8.274
4264.726198802993,1029.72998046875,7.963
4265.049962495992,595.10888671875,8.92
4265.371761255999,595.109375,9.292
4265.694909725993,595.109375,9.796
4266.0152385440015,984.73046875,7.51
4266.3377357589925,488.234375,8.468
4266.659390094996,595.10986328125,9.191
4266.981920653998,595.10986328125,9.486
4267.306482931992,465.72900390625,7.015
4267.628291544999,724.482421875,8.158
4267.951018558,595.1103515625,8.997
4268.276339260992,595.1103515625,9.331
4268.600370286993,492.4599609375,8.235
4268.923023664,1029.7314453125,7.782
4269.246560718995,595.11083984375,8.726
4269.57113864299,595.11083984375,9.37
4269.894350182003,595.11083984375,9.757
4270.215508529,465.72998046875,7.171
4270.5383506139915,746.9833984375,8.352
4270.860402238992,595.111328125,9.114
4271.182155517992,595.111328125,9.408
4271.505631352004,465.73046875,7.093
4271.828208146995,724.48388671875,8.119
4272.150022225993,595.11181640625,8.92
4272.474582577997,595.11181640625,9.447
4272.79653902899,489.64892578125,8.585
4273.119225553004,1029.73291015625,7.743
4273.445906491004,595.1123046875,8.687
4273.7712444039935,499.48681640625,9.37
4274.095246269004,595.1123046875,9.757
4274.4198428439995,465.7314453125,7.432
4274.743905862997,746.98486328125,8.532
4275.06824108299,595.11279296875,9.114
4275.390788752004,595.11279296875,9.602
4275.717488055001,465.73193359375,6.937
4276.04075731599,724.4853515625,8.158
4276.365276925993,595.11328125,9.036
4276.688336514999,595.11328125,9.408
4277.010060984991,492.462890625,8.235
4277.332462438993,1029.734375,8.119
4277.654352737998,595.11376953125,8.92
4277.976922419999,595.11376953125,9.37
4278.299314047996,595.11376953125,9.641
4278.622774992997,984.73486328125,7.587
4278.9471508179995,589.4892578125,8.546
4279.269417832998,595.1142578125,9.23
4279.592819703001,595.1142578125,9.525
4279.916043165998,465.7333984375,7.093
4280.238939321003,724.48681640625,8.158
4280.5617065749975,595.11474609375,9.036
4280.883006866003,595.11474609375,9.447
4281.2072217219975,465.73388671875,7.899
4281.5307970680005,724.4873046875,8.041
4281.852542139997,595.115234375,8.842
4282.175708830997,595.115234375,9.447
4282.500632287003,595.115234375,9.346
4282.82422212699,1029.736328125,7.51
4283.146925248002,589.49072265625,8.648
4283.468349763993,595.11572265625,9.191
4283.790268151992,595.11572265625,9.641
4284.11492250899,465.73486328125,7.093
4284.4368350089935,724.48828125,8.158
4284.758408872003,595.1162109375,9.153
4285.080265048004,595.1162109375,9.408
4285.402428916001,465.7353515625,7.821
4285.7249415309925,724.48876953125,8.002
4286.046568385995,595.11669921875,8.881
4286.368486003994,595.11669921875,9.408
4286.691023514999,595.11669921875,9.308
4287.014229815992,600.73583984375,7.51
4287.335855614991,589.4921875,8.61
4287.657417377995,595.1171875,9.191
4287.979761791998,516.36669921875,9.602
4288.301050840993,465.736328125,6.859
4288.623586525995,724.48974609375,8.041
4288.944960505003,595.11767578125,8.92
4289.269595589998,493.8671875,9.486
4289.593364212997,482.6171875,8.054
4289.915728464999,1029.73876953125,7.886
4290.238631425003,595.1181640625,8.92
4290.560489130992,595.1181640625,9.269
4290.8827810599905,595.1181640625,9.757
4291.206731126993,465.7373046875,7.315
4291.529801611003,746.99072265625,8.507
4291.851923836992,595.11865234375,9.114
4292.177412645004,595.11865234375,9.563
4292.499644249998,465.73779296875,6.898
4292.821764106993,724.4912109375,8.119
4293.143089086996,595.119140625,8.92
4293.465266544998,595.119140625,9.408
4293.786997427,489.65625,8.585
4294.109156356004,1029.740234375,7.548
4294.4319943159935,516.369140625,8.726
4294.753492164004,595.11962890625,9.191
4295.074642703999,621.1298828125,9.525
4295.395649686994,465.73876953125,6.898
4295.718603649992,566.98876953125,8.235
4296.040814417996,595.1201171875,9.036
4296.362897660991,595.1201171875,9.447
4296.684563417002,465.7392578125,7.665
4297.006543423995,724.49267578125,8.002
4297.330243874996,595.12060546875,8.803
4297.652655351994,595.12060546875,9.408
4297.9764040599985,595.12060546875,9.308
4298.299613451993,984.74169921875,7.471
4298.622453616001,589.49609375,8.468
4298.946415001992,595.12109375,9.153
4299.270159420004,595.12109375,9.486
4299.593931102994,465.740234375,7.093
4299.918221586995,724.49365234375,8.158
4300.240443870003,595.12158203125,8.997
4300.565244515994,595.12158203125,9.408
4300.889806752995,465.74072265625,7.899
4301.212874441,724.494140625,8.041
4301.536558919004,595.1220703125,8.881
4301.860555053994,595.1220703125,9.408
4302.183574483002,595.1220703125,9.269
4302.507138283996,1029.7431640625,7.51
4302.829869285997,589.49755859375,8.61
4303.151595484,595.12255859375,9.153
4303.474314517996,595.12255859375,9.563
4303.796532669003,465.74169921875,7.093
4304.120075154002,724.4951171875,8.158
4304.443818797998,499.49169921875,9.114
4304.7683096679975,595.123046875,9.37
4305.090216703,465.7421875,7.821
4305.417526391,724.49560546875,8.08
4305.739948194998,595.12353515625,8.997
4306.062134662003,595.12353515625,9.292
4306.387397493003,477.091796875,9.036
4306.711466330002,1029.74462890625,7.587
4307.037032274995,589.4990234375,8.61
4307.360674823998,595.1240234375,9.308
4307.684073044002,595.1240234375,9.486
4308.006375448997,465.7431640625,7.093
4308.332408704999,746.99658203125,8.391
4308.654978191,595.12451171875,9.036
4308.977268242001,595.12451171875,9.525
4309.3009271420015,465.74365234375,7.471
4309.625419958,724.4970703125,7.963
4309.948519700993,595.125,8.959
4310.2742160780035,595.125,9.331
4310.599175854004,489.662109375,8.92
4310.923220076991,1029.74609375,7.548
4311.245244709004,589.50048828125,8.61
4311.568418244002,595.12548828125,9.308
4311.890030028997,595.12548828125,9.486
4312.212938850003,465.74462890625,7.132
4312.538613689001,746.998046875,8.391
4312.860626157999,595.1259765625,9.036
4313.1831637659925,595.1259765625,9.525
4313.510001011993,465.7451171875,7.405
4313.833414552995,724.49853515625,8.08
4314.156866591002,595.12646484375,8.92
4314.481171075997,595.12646484375,9.331
4314.805955160002,489.66357421875,8.803
4315.128726757001,1029.74755859375,7.548
4315.454256562996,589.501953125,8.648
4315.777806426995,595.126953125,9.191
4316.09970775299,595.126953125,9.486
4316.422265742003,465.74609375,7.132
4316.747281032003,746.99951171875,8.352
4317.071766319001,595.12744140625,9.114
4317.393597849004,595.12744140625,9.486
4317.719063554003,465.74658203125,7.327
4318.0419759529905,724.5,8.119
4318.364268873993,595.1279296875,8.881
4318.687539045,626.76318359375,9.408
4319.009459248002,489.6650390625,8.803
4319.333149753002,1029.7490234375,7.587
4319.660363068993,615.513671875,8.765
4319.982138945998,595.12841796875,9.23
4320.305737991002,533.2470703125,9.563
4320.628456075996,465.74755859375,7.132
4320.951841735994,747.0009765625,8.313
4321.274404358992,595.12890625,9.075
4321.596014180992,595.12890625,9.447
4321.920908372995,465.748046875,7.366
4322.243768253,724.50146484375,8.041
4322.566234008002,595.12939453125,8.92
4322.889487852997,595.12939453125,9.408
4323.211448916991,489.66650390625,8.842
4323.534818701999,1029.75048828125,7.587
4323.858056386001,589.5048828125,8.648
4324.180232015991,595.1298828125,9.269
4324.502265080999,595.1298828125,9.525
4324.8249299119925,465.7490234375,7.171
4325.149375733003,747.00244140625,8.391
4325.471873389004,595.13037109375,9.114
4325.793544038999,595.13037109375,9.486
4326.119048071996,465.74951171875,7.366
4326.4416885809915,724.5029296875,8.196
4326.763421664,595.130859375,8.92
4327.086584941993,595.130859375,9.447
4327.40886450799,489.66796875,8.701
4327.731684732993,1029.751953125,7.626
4328.054872553999,595.13134765625,8.765
4328.3793365159945,595.13134765625,9.269
4328.702557297991,595.13134765625,9.68
4329.023279752,465.75048828125,7.315
4329.345954242002,747.00390625,8.391
4329.670466172,595.1318359375,9.23
4329.993256920992,595.1318359375,9.447
4330.314961073003,465.7509765625,7.171
4330.637817070994,724.50439453125,8.119
4330.961933241997,595.13232421875,8.881
4331.285354891996,595.13232421875,9.447
4331.610507898004,489.66943359375,8.624
4331.935725321993,1029.75341796875,7.471
4332.258792719003,615.51806640625,8.648
4332.583124798999,595.1328125,9.153
4332.9053117479925,615.51806640625,9.525
4333.227623853003,465.751953125,7.054
4333.554512182003,747.00537109375,8.352
4333.876652759995,595.13330078125,9.114
4334.2012505439925,595.13330078125,9.486
4334.52644818899,465.75244140625,7.327
4334.849964973997,724.505859375,8.119
4335.171658334992,595.1337890625,8.92
4335.49464745399,595.1337890625,9.486
4335.815936607993,489.6708984375,8.74
4336.138185122996,1029.7548828125,7.51
4336.460254976992,589.50927734375,8.61
4336.782652327995,595.13427734375,9.269
4337.1044486989995,595.13427734375,9.486
4337.426122313991,465.75341796875,6.937
4337.748322088999,510.75439453125,8.235
4338.070558185995,595.134765625,9.036
4338.392568258991,595.134765625,9.37
4338.714858980995,465.75390625,7.665
4339.036771354004,724.50732421875,7.963
4339.359641200004,595.13525390625,8.881
4339.681823564999,595.13525390625,9.37
4340.003641246003,595.13525390625,9.269
4340.325702069997,1034.85302734375,7.51
4340.64730671799,589.5107421875,8.532
4340.968987689004,595.1357421875,9.114
4341.291002654994,595.1357421875,9.447
4341.61186740399,465.7548828125,7.093
4341.933797470003,724.50830078125,8.119
4342.25748183699,595.13623046875,8.959
4342.580794702997,595.13623046875,9.447
4342.905930991998,465.75537109375,7.976
4343.230248307998,1029.75732421875,7.626
4343.552521744001,595.13671875,8.687
4343.873943213999,595.13671875,9.308
4344.195677366995,595.13671875,9.68
4344.518108343997,465.755859375,7.276
4344.839952740003,747.00927734375,8.43
4345.161954612995,595.13720703125,9.075
4345.48345973299,595.13720703125,9.408
4345.804999157001,465.75634765625,7.093
4346.127011460994,724.509765625,8.08
4346.449658059995,595.1376953125,8.842
4346.772054792993,595.1376953125,9.408
4347.093798190996,489.6748046875,8.701
4347.416446196992,1029.7587890625,7.393
4347.7391811159905,589.51318359375,8.493
4348.062764768998,595.13818359375,9.269
4348.386027899993,595.13818359375,9.447
4348.707966182003,465.75732421875,6.937
4349.031686638991,758.20361328125,8.235
4349.355769540998,595.138671875,9.036
4349.677900437993,595.138671875,9.37
4349.999781884995,465.7578125,7.626
4350.325465738002,724.51123046875,7.924
4350.649433593004,595.13916015625,8.842
4350.972922264002,595.13916015625,9.308
4351.296784452003,595.13916015625,9.153
4351.622286151993,1029.76025390625,7.471
4351.947245336996,589.5146484375,8.61
4352.271159558004,595.1396484375,9.191
4352.594585536994,595.1396484375,9.525
4352.918960027993,465.7587890625,7.054
4353.241416691992,724.51220703125,8.235
4353.565266396996,595.14013671875,9.075
4353.89007786299,595.14013671875,9.408
4354.212080846002,465.75927734375,7.626
4354.538445133992,724.5126953125,7.963
4354.861815971992,612.01513671875,8.959
4355.183539104997,595.140625,9.308
4355.506096475001,482.63427734375,9.075
4355.828288966994,1029.76171875,7.51
4356.1517672960035,589.51611328125,8.571
4356.473978188995,626.7763671875,9.308
4356.797275966004,595.14111328125,9.486
4357.119595950004,465.76025390625,7.054
4357.4420359689975,746.95361328125,8.274
4357.763414799003,595.1416015625,9.075
4358.085137481001,595.1416015625,9.408
4358.408877256996,465.7607421875,7.665
4358.733777488,522.013671875,7.924
4359.056165055998,595.14208984375,8.765
4359.380524851993,595.14208984375,9.408
4359.705479069002,595.14208984375,9.308
4360.028124468998,1029.76318359375,7.587
4360.349872876992,589.517578125,8.648
4360.672470498001,595.142578125,9.191
4360.994882896994,595.142578125,9.602
4361.318254689002,465.76171875,7.054
4361.640025656001,724.51513671875,8.158
4361.964697236996,477.013671875,9.114
4362.2877188389975,595.14306640625,9.331
4362.6104402069905,465.76220703125,7.821
4362.936813413995,724.515625,8.041
4363.258767713996,595.1435546875,8.881
4363.58163362999,595.1435546875,9.408
4363.903322575992,595.1435546875,9.308
4364.227680830998,1029.7646484375,7.548
4364.550892325991,589.51904296875,8.648
4364.876294585003,595.14404296875,9.23
4365.201124630999,595.14404296875,9.525
4365.527395144003,465.76318359375,7.054
4365.850134524997,735.70947265625,8.235
4366.1747966279945,595.14453125,9.075
4366.496340735001,595.14453125,9.37
4366.819864334,465.763671875,7.704
4367.143483296997,1029.765625,7.899
4367.469366881996,595.14501953125,8.765
4367.793640361997,516.388671875,9.408
4368.1161109309905,595.14501953125,9.486
4368.439435673994,984.76611328125,7.548
4368.763293234995,589.5205078125,8.571
4369.087529657001,595.1455078125,9.191
4369.4109231689945,477.01611328125,9.602
4369.735898272003,465.7646484375,7.093
4370.057898006999,724.51806640625,8.196
4370.381937172002,516.3896484375,9.114
4370.704486557996,595.14599609375,9.37
4371.026203913003,465.76513671875,7.821
4371.349128831003,724.5185546875,8.041
4371.671413342003,595.146484375,8.881
4371.993248108993,595.146484375,9.408
4372.317745912995,595.146484375,9.269
4372.640486374992,984.767578125,7.471
4372.962729794992,589.52197265625,8.532
4373.284570930002,595.14697265625,9.191
4373.607312127002,595.1474609375,9.525
4373.929301329001,465.76611328125,7.054
4374.253469071002,724.51953125,8.119
4374.575710953999,595.1474609375,8.997
4374.897682554991,595.1474609375,9.486
4375.219248893001,465.7666015625,7.976
4375.542631359,1029.7685546875,7.899
4375.867435569002,595.14794921875,8.881
4376.1893744639965,595.14794921875,9.308
4376.512285839999,595.14794921875,9.68
4376.832528993997,984.76904296875,7.587
4377.154254088004,589.5234375,8.507
4377.4764451189985,595.1484375,9.269
4377.798396619997,595.1484375,9.447
4378.12560158399,465.767578125,7.249
4378.449244342992,724.52099609375,8.235
4378.771625522,595.14892578125,9.075
4379.093689633999,595.14892578125,9.525
4379.419693723001,465.76806640625,7.976
4379.744617005999,724.521484375,8.08
4380.067718784994,595.1494140625,8.881
4380.390639021003,595.1494140625,9.408
4380.713217356999,595.1494140625,9.308
4381.035200824001,1029.7705078125,7.587
4381.357436043996,589.52490234375,8.648
4381.678999144002,595.14990234375,9.153
4382.000958577002,595.14990234375,9.563
4382.322428713,465.76904296875,7.054
4382.644084422995,724.5224609375,8.119
4382.966696902004,595.150390625,8.959
4383.288537450004,595.150390625,9.447
4383.612235117995,465.76953125,8.015
4383.934449149994,724.52294921875,8.119
4384.256503561002,595.15087890625,8.842
4384.578828796992,617.650390625,9.408
4384.900471639994,595.15087890625,9.486
4385.2219503489905,984.77197265625,7.626
4385.544949463001,589.5263671875,8.571
4385.866468492997,595.1513671875,9.191
4386.190150669994,595.1513671875,9.525
4386.512106259004,465.7705078125,7.054
4386.835278946004,724.52392578125,8.119
4387.156821462995,595.15185546875,8.997
4387.479065605003,595.15185546875,9.525
4387.801010695999,465.77099609375,8.015
4388.123688323991,1029.77294921875,7.963
4388.447497000001,595.15234375,8.842
4388.771183525998,595.15234375,9.37
4389.093415569994,595.15234375,9.602
4389.4162015850015,984.7734375,7.548
4389.741216764,589.52783203125,8.532
4390.062866706998,595.15283203125,9.269
4390.385461322003,595.15283203125,9.486
4390.707067645999,465.77197265625,6.976
4391.030248744995,724.525390625,8.08
4391.353273710003,595.1533203125,8.959
4391.677023723998,595.1533203125,9.486
4391.9983858149935,465.7724609375,8.054
4392.320667424996,1029.7744140625,8.002
4392.642727746992,595.15380859375,8.881
4392.9657742790005,595.15380859375,9.331
4393.287624962002,595.15380859375,9.68
4393.608515610991,984.77490234375,7.51
4393.931187088994,589.529296875,8.468
4394.252823522998,595.154296875,9.269
4394.574513749991,595.154296875,9.447
4394.897635770991,465.7734375,6.937
4395.220128201996,724.52685546875,8.119
4395.541960289003,595.15478515625,8.959
4395.864228167993,595.15478515625,9.408
4396.185754452003,492.50439453125,8.196
4396.508193183996,1029.77587890625,7.86
4396.830643947003,615.54052734375,8.842
4397.153582567,595.1552734375,9.346
4397.475514528996,493.89892578125,9.796
4397.800282971992,465.7744140625,7.276
4398.121988044004,747.02783203125,8.468
4398.443269837997,595.15576171875,9.036
4398.765451245999,604.28515625,9.486
4399.087061019003,465.77490234375,7.015
4399.408978161999,724.5283203125,8.002
4399.730698112995,595.15625,8.842
4400.053638265992,510.78076171875,9.408
4400.375492366002,489.693359375,8.726
4400.700301032004,1029.77734375,7.432
4401.022489701994,589.53173828125,8.61
4401.345494976995,595.15673828125,9.269
4401.667681470994,595.15673828125,9.525
4401.989833850996,465.77587890625,7.054
4402.312838740996,747.029296875,8.391
4402.634987440004,595.1572265625,9.036
4402.9577719060035,595.1572265625,9.563
4403.282286927002,465.7763671875,7.432
4403.60453220499,724.52978515625,8.235
4403.927989460994,595.15771484375,8.959
4404.249914950997,595.15771484375,9.486
4404.571064093994,489.69482421875,8.726
4404.893974545994,1029.77880859375,7.471
4405.216006374991,589.533203125,8.571
4405.537470216004,595.158203125,9.254
4405.8583581010025,595.158203125,9.447
4406.1802290589985,465.77734375,7.054
4406.505130619,747.03076171875,8.391
4406.828093549993,595.15869140625,8.997
4407.150568785,493.908203125,9.486
4407.471957165995,465.77783203125,7.548
4407.795282188992,724.53125,7.963
4408.120002461001,595.1591796875,8.997
4408.442079247994,595.1591796875,9.292
4408.7663130059955,479.93994140625,9.036
4409.088239196004,1029.7802734375,7.471
4409.411618012004,589.53466796875,8.61
4409.732891089996,595.15966796875,9.153
4410.05802602999,595.15966796875,9.563
4410.381060065993,465.77880859375,6.976
4410.704072210996,724.5322265625,8.119
4411.027928226002,595.16015625,9.036
4411.350259291998,595.16015625,9.408
4411.6724315989995,465.779296875,7.899
4411.994204053,1029.78125,7.963
4412.316734228996,595.16064453125,8.803
4412.639379095999,595.16064453125,9.331
4412.961973849,595.16064453125,9.602
4413.284273711994,984.78173828125,7.432
4413.607514022995,589.5361328125,8.43
4413.929534162991,595.1611328125,9.269
4414.25159436799,595.1611328125,9.447
4414.574582797999,465.7802734375,6.82
4414.899935116991,724.53369140625,8.08
4415.222676912992,595.16162109375,8.997
4415.544647706003,595.16162109375,9.408
4415.868605479991,492.51123046875,8.196
4416.191182276991,1029.78271484375,7.847
4416.516389725992,493.90576171875,8.881
4416.841339053004,595.162109375,9.292
4417.163834823004,595.162109375,9.796
4417.4857075949985,984.783203125,7.587
4417.808829817994,589.53759765625,8.493
4418.135593927,595.16259765625,9.254
4418.457138526996,595.16259765625,9.447
4418.779468433,465.78173828125,7.054
4419.105259322998,724.53515625,8.119
4419.427538827993,595.1630859375,8.997
4419.751455475998,595.1630859375,9.525
4420.073604478996,465.7822265625,8.015
4420.399007514992,1029.7841796875,8.041
4420.723968710998,595.16357421875,8.803
4421.047321819002,635.798828125,9.408
4421.369394401991,595.16357421875,9.525
4421.692704596004,984.78466796875,7.548
4422.014568530998,589.5390625,8.468
4422.339003916,595.1640625,9.23
4422.662969362995,595.1640625,9.408
4422.985419078002,465.783203125,6.976
4423.307745140002,724.53662109375,8.119
4423.631104934,595.16455078125,8.92
4423.953007620992,494.08984375,9.447
4424.274774719001,498.0166015625,8.119
4424.597409654991,1029.78564453125,7.821
4424.921946128001,696.4150390625,8.842
4425.24385690999,595.1650390625,9.269
4425.565826093996,595.1650390625,9.718
4425.889761808998,465.7841796875,7.249
4426.214024799992,747.03759765625,8.43
4426.535670515994,595.16552734375,9.075
4426.858476783003,595.166015625,9.447
4427.179808727,465.78466796875,7.054
4427.502645554996,724.5380859375,8.08
4427.825064000004,595.166015625,8.881
4428.149046147999,595.166015625,9.447
4428.471477744999,489.703125,8.663
4428.795285644999,1029.787109375,7.548
4429.118211851004,711.1767578125,8.726
4429.442295856992,595.16650390625,9.23
4429.7674404739955,621.1767578125,9.563
4430.090853895992,465.78564453125,7.132
4430.413413943999,747.0390625,8.352
4430.737292149002,595.1669921875,9.114
4431.060868967004,595.1669921875,9.447
4431.385891276004,465.7861328125,7.327
4431.709548767991,724.53955078125,7.782
4432.031634974002,595.16748046875,8.765
4432.35495610199,595.16748046875,9.331
4432.676689846994,595.16748046875,9.269
4432.999147840994,1029.78857421875,7.548
4433.323196354002,589.54296875,8.648
4433.6454825969995,595.16796875,9.153
4433.9679188610025,595.16796875,9.563
4434.2890880740015,465.787109375,7.015
4434.612395278993,724.54052734375,8.119
4434.935076510999,595.16845703125,8.959
4435.257445636002,595.16845703125,9.447
4435.579006924003,465.78759765625,7.976
4435.900656439,1029.78955078125,7.886
4436.223659216994,595.1689453125,8.881
4436.545892687995,595.1689453125,9.23
4436.870844076999,595.1689453125,9.68
4437.191101031,984.7900390625,7.354
4437.515782938004,533.2880859375,8.391
4437.838369602992,595.16943359375,9.114
4438.162438783998,595.16943359375,9.447
4438.488319515993,465.78857421875,6.898
4438.811397141995,724.5419921875,8.119
4439.135921826004,595.169921875,8.959
4439.458309091991,595.169921875,9.408
4439.779827942999,492.51953125,8.196
4440.104171786996,1029.791015625,7.924
4440.429116517,595.17041015625,8.881
4440.753143485999,595.17041015625,9.254
4441.0760211669985,595.17041015625,9.757
4441.401469176999,984.79150390625,7.548
4441.727612987001,589.5458984375,8.507
4442.05295456,595.1708984375,9.23
4442.379201892996,595.1708984375,9.486
4442.701016687992,465.7900390625,6.976
4443.025561752991,724.54345703125,8.119
4443.3527120279905,595.17138671875,8.959
4443.676869335002,595.17138671875,9.447
4443.999031692991,465.79052734375,7.938
4444.322351113995,1029.79248046875,8.041
4444.6467233400035,595.171875,8.803
4444.971130702004,621.17626953125,9.408
4445.2959933770035,595.171875,9.463
4445.619906513995,1029.79296875,7.743
4445.943394802991,589.54736328125,8.648
4446.265366464999,595.17236328125,9.331
4446.590719842992,595.17236328125,9.525
4446.912738191997,465.79150390625,7.093
4447.2348767069925,747.044921875,8.352
4447.557362847991,595.1728515625,9.036
4447.8797912599985,482.66650390625,9.447
4448.202778762003,465.7919921875,7.548
4448.526043170001,724.54541015625,7.924
4448.851284189994,499.5419921875,8.959
4449.174768380995,595.17333984375,9.292
4449.498974132992,482.669921875,9.075
4449.821298826995,1029.79443359375,7.51
4450.145766955,589.548828125,8.532
4450.467465355003,599.48828125,9.23
4450.7917309149925,595.173828125,9.486
4451.115347012994,465.79296875,6.937
4451.4395876769995,724.54638671875,8.158
4451.764354116996,595.17431640625,9.114
4452.086683706002,595.17431640625,9.331
4452.408662689995,465.79345703125,7.743
4452.730936370994,724.546875,8.002
4453.054250792993,595.1748046875,8.842
4453.378420572,595.1748046875,9.37
4453.701954264994,595.1748046875,9.269
4454.024530483992,1029.7958984375,7.548
4454.349406013993,589.55029296875,8.648
4454.671215262002,595.17529296875,9.23
4454.995183273,595.17529296875,9.563
4455.318397016992,465.79443359375,7.015
4455.64212626699,724.5478515625,8.119
4455.965703958995,621.18603515625,9.075
4456.289691808997,595.17578125,9.408
4456.613586919993,465.794921875,7.821
4456.93562810999,724.54833984375,8.041
4457.257425003001,595.17626953125,8.842
4457.580505300997,595.17626953125,9.37
4457.902716543991,595.17626953125,9.424
4458.22363203,984.79736328125,7.354
4458.5481736899965,589.5517578125,8.391
4458.871473448991,595.1767578125,9.23
4459.195244168994,595.1767578125,9.447
4459.5195688609965,465.7958984375,6.976
4459.842309464002,724.54931640625,8.158
4460.163678180004,595.17724609375,8.997
4460.486421216003,595.17724609375,9.447
4460.807346556001,492.52685546875,8.235
4461.129743306999,1029.79833984375,8.08
4461.452160282002,595.177734375,8.959
4461.774276445998,595.177734375,9.331
4462.097227776001,595.177734375,9.718
4462.420379399991,984.798828125,7.704
4462.7428165979945,589.55322265625,8.61
4463.064795476996,595.17822265625,9.23
4463.387082205998,595.17822265625,9.525
4463.710020925995,465.79736328125,7.054
4464.032143135992,724.55078125,8.119
4464.355074655003,595.1787109375,8.959
4464.679950143996,595.1787109375,9.486
4465.005696031993,465.7978515625,7.976
4465.328284018004,1057.396484375,8.08
4465.650212267996,595.17919921875,8.842
4465.972342509995,617.6787109375,9.447
4466.296658619001,595.17919921875,9.447
4466.619414960995,984.80029296875,7.548
4466.941202310001,589.5546875,8.571
4467.266084806004,595.1796875,9.191
4467.590451443,477.05029296875,9.602
4467.911904986991,465.798828125,7.054
4468.234233026,724.55224609375,8.158
4468.557732943998,595.18017578125,9.036
4468.879632711003,595.18017578125,9.408
4469.202900140997,465.79931640625,7.938
4469.5259917889925,724.552734375,8.08
4469.848022279999,595.1806640625,8.959
4470.169886907999,595.1806640625,9.447
4470.4919907769945,595.1806640625,9.308
4470.814022610997,1029.8017578125,7.548
4471.136236819002,589.55615234375,8.648
4471.458431313993,595.18115234375,9.153
4471.780713204003,595.18115234375,9.563
4472.105156128004,465.80029296875,7.093
4472.427131286997,724.5537109375,8.158
4472.748982409001,510.80029296875,9.075
4473.07040941999,595.181640625,9.37
4473.394371367001,465.80078125,7.86
4473.716536451,724.55419921875,8.08
4474.038891620992,595.18212890625,8.842
4474.3607526620035,595.18212890625,9.408
4474.6829737149965,595.18212890625,9.385
4475.006487612991,758.30126953125,7.587
4475.33085437199,589.5576171875,8.648
4475.657059753998,595.1826171875,9.153
4475.982220075995,595.1826171875,9.563
4476.305346886991,465.8017578125,7.132
4476.6279655199905,724.55517578125,8.235
4476.950396435001,595.18310546875,9.153
4477.271674956995,595.18310546875,9.37
4477.5939837869955,465.80224609375,7.743
4477.918212203003,724.5556640625,7.963
4478.241819540999,595.18359375,8.881
4478.565113620003,595.18359375,9.346
4478.887301868992,595.18359375,9.23
4479.209026996992,1029.8046875,7.548
4479.5312391179905,589.55908203125,8.61
4479.853329345991,595.18408203125,9.153
4480.175025128992,595.18408203125,9.563
4480.496661484998,465.80322265625,7.288
4480.819635838998,747.056640625,8.468
4481.141330725004,595.1845703125,9.036
4481.463309843995,488.32568359375,9.447
4481.785114525002,465.8037109375,7.587
4482.107389942001,724.55712890625,7.924
4482.429310370993,499.7353515625,8.92
4482.751163915993,595.18505859375,9.292
4483.074064154003,635.8203125,9.114
4483.396567706004,1029.80615234375,7.432
4483.718606569004,589.560546875,8.571
4484.041783359993,595.185546875,9.114
4484.363484899004,477.05419921875,9.525
4484.685945631994,465.8046875,6.976
4485.008038095999,724.55810546875,8.08
4485.33031063099,595.18603515625,8.92
4485.652435126991,595.18603515625,9.447
4485.974421186998,472.90087890625,8.054
4486.296252136992,1029.80712890625,7.847
4486.618172945993,595.1865234375,8.803
4486.9408396049985,595.1865234375,9.23
4487.263321072998,716.82177734375,9.718
4487.586479908001,465.8056640625,7.393
4487.9088940759975,747.05908203125,8.507
4488.23125592299,595.18701171875,9.036
4488.55294360299,595.18701171875,9.525
4488.876703800997,465.80615234375,6.937
4489.199720357996,724.5595703125,8.119
4489.52179297799,595.1875,8.881
4489.84446629,595.1875,9.37
4490.169808366001,489.724609375,8.507
4490.493255337002,1029.80859375,7.354
4490.819054131993,589.56298828125,8.571
4491.142761879004,595.18798828125,9.191
4491.466399447992,595.18798828125,9.486
4491.788466529004,465.80712890625,7.393
4492.1110213079955,747.060546875,8.391
4492.4334184809995,595.1884765625,9.23
4492.755906919992,595.1884765625,9.408
4493.077939023991,465.8076171875,7.249
4493.4004408710025,724.56103515625,8.119
4493.7222187570005,595.18896484375,8.881
4494.044528917992,595.18896484375,9.486
4494.366010857993,489.72607421875,8.701
4494.68925852199,1029.81005859375,7.548
4495.011448004996,621.19970703125,8.726
4495.335035201002,595.189453125,9.23
4495.65728042899,493.93310546875,9.602
4495.978428147995,465.80859375,7.054
4496.30204939199,747.06201171875,8.352
4496.624136022991,595.18994140625,9.036
4496.947639277991,595.18994140625,9.525
4497.272695002001,465.80908203125,7.405
4497.595220271003,724.5625,7.963
4497.918978157992,595.1904296875,8.92
4498.2420034120005,595.1904296875,9.331
4498.567719573999,489.7275390625,8.881
4498.889978305,1029.8115234375,7.471
4499.213708126001,589.56591796875,8.571
4499.536072748,595.19091796875,9.346
4499.858419640994,595.19091796875,9.486
4500.181223637992,465.81005859375,7.054
4500.503290137,499.56005859375,8.274
4500.824758534,595.19140625,9.114
4501.146313591002,595.19140625,9.37
4501.469687909994,465.810546875,7.743
4501.792457727992,724.56396484375,8.002
4502.114603811991,635.8271484375,8.92
4502.437046834995,595.19189453125,9.331
4502.759288186004,595.19189453125,9.191
4503.080411802002,1029.81298828125,7.548
4503.402408887996,589.5673828125,8.648
4503.724698719991,595.1923828125,9.114
4504.047360723998,595.1923828125,9.563
4504.369883075997,465.8115234375,6.898
4504.693335218995,724.56494140625,8.041
4505.015040293991,595.19287109375,8.92
4505.336642324997,595.19287109375,9.447
4505.658566767001,482.689453125,8.093
4505.982121567999,1029.81396484375,7.704
4506.3047307700035,595.193359375,8.803
4506.628742963003,595.193359375,9.308
4506.9507551179995,595.19384765625,9.757
4507.272133267994,465.8125,7.51
4507.594895272996,747.06591796875,8.546
4507.916856194002,595.19384765625,9.114
4508.2414439580025,595.19384765625,9.525
4508.562431917002,465.81298828125,7.015
4508.884928183994,724.56640625,8.235
4509.209561548996,595.1943359375,9.075
4509.533478408004,595.1943359375,9.408
4509.857946773991,492.5439453125,8.235
4510.180214744003,1029.8154296875,7.743
4510.502339957995,595.19482421875,8.726
4510.823951935992,595.19482421875,9.331
4511.146200000992,595.19482421875,9.718
4511.47228480599,465.81396484375,7.354
4511.794882962,747.0673828125,8.507
4512.120866098994,595.1953125,9.114
4512.445070197995,595.1953125,9.563
4512.768933676998,465.814453125,7.015
4513.093875145001,724.56787109375,8.158
4513.417166443993,595.19580078125,8.997
4513.739181409997,595.19580078125,9.37
4514.060645317004,492.54541015625,8.235
4514.383494007998,1029.81689453125,7.821
4514.705782712001,595.1962890625,8.803
4515.027324124996,595.1962890625,9.331
4515.349004135001,595.1962890625,9.718
4515.673128228998,465.8154296875,7.432
4515.994652039997,747.06884765625,8.546
4516.315768510001,595.19677734375,9.075
4516.638672656991,477.0654296875,9.525
4516.9626124880015,465.81591796875,6.976
4517.288227864003,724.5693359375,8.196
4517.6111703149945,595.197265625,9.036
4517.932918324994,595.197265625,9.331
4518.254011625002,492.546875,8.391
4518.5808894749935,1029.818359375,8.002
4518.901127543999,595.19775390625,9.153
4519.223326000996,493.947265625,9.68
4519.54417596299,595.19775390625,9.989
4519.867286131004,465.81689453125,7.665
4520.188230975997,747.0703125,9.036
4520.512877675996,595.1982421875,9.951
4520.8334439789905,595.1982421875,10.669
4521.154791940993,465.8173828125,8.973
4521.482915560002,724.57080078125,9.602
4521.811283923002,595.19873046875,10.746
4522.131552998995,595.19873046875,10.805
4522.456347126994,599.51318359375,10.707
4522.779701267995,1029.81982421875,8.997
4523.101352950995,589.57421875,9.68
4523.424574511999,595.19921875,10.243
4523.749145526992,595.19921875,10.998
4524.071398765998,465.818359375,8.599
4524.391843653997,724.57177734375,9.385
4524.717381709997,595.19970703125,10.205
4525.0454063149955,595.19970703125,10.921
4525.3662596639915,488.318359375,10.921
4525.6892764799995,1029.82080078125,9.346
4526.010746202999,589.5751953125,10.514
4526.333944400001,595.2001953125,10.96
4526.656607794997,595.2001953125,11.153
4526.979977454001,465.8193359375,8.482
4527.305647640998,724.57275390625,9.424
4527.633860761998,595.20068359375,10.514
4527.963091582002,595.20068359375,10.96
4528.283089795994,489.73779296875,10.26
4528.606085488995,1029.82177734375,9.075
4528.928600589003,595.201171875,9.408
4529.251790497001,595.201171875,9.951
4529.572650946997,595.201171875,10.437
4529.896982172999,984.822265625,8.765
4530.219296561991,589.57666015625,9.191
4530.541790891992,595.20166015625,9.525
4530.864678098995,595.20166015625,9.757
4531.189894698997,465.82080078125,7.483
4531.513714578003,724.57421875,8.43
4531.838449175993,626.83740234375,9.308
4532.160605925994,595.2021484375,9.602
4532.485057633996,465.8212890625,8.054
4532.806857506992,1029.8232421875,8.196
4533.130290330999,595.20263671875,9.114
4533.452223840999,595.20263671875,9.486
4533.775379471001,595.20263671875,9.873
4534.098216497994,984.82373046875,7.704
4534.420233912999,589.578125,8.532
4534.742027671993,595.203125,9.292
4535.063404777,595.203125,9.525
4535.385246217003,465.822265625,7.015
4535.70743925299,724.57568359375,8.119
4536.030760455993,595.20361328125,8.997
4536.353597162,595.20361328125,9.563
4536.675142238993,465.82275390625,8.08
4536.9972210620035,1029.82470703125,8.08
4537.319077092994,595.2041015625,8.881
4537.642182191004,595.2041015625,9.408
4537.9649696459965,595.2041015625,9.641
4538.287583301993,984.8251953125,7.548
4538.6093890269985,589.57958984375,8.493
4538.932005146999,595.20458984375,9.308
4539.255269385001,595.20458984375,9.796
4539.577002114995,465.82373046875,7.171
4539.898995876996,724.5771484375,8.196
4540.221002118997,595.205078125,8.997
4540.544315701991,635.84033203125,9.563
4540.866526718994,492.5546875,8.235
4541.190192569993,1029.826171875,8.158
4541.511891185,595.20556640625,8.959
4541.833384639991,595.20556640625,9.331
4542.156377698993,595.20556640625,9.757
4542.479358052995,465.82470703125,7.315
4542.802877080991,747.07861328125,8.468
4543.125062623993,595.2060546875,9.191
4543.449960675003,595.2060546875,9.563
4543.774370932995,465.8251953125,7.054
4544.097375126992,724.57861328125,8.196
4544.419295379004,595.20654296875,9.075
4544.741402550004,595.20654296875,9.408
4545.063240686999,492.55615234375,8.313
4545.385788319996,1029.82763671875,7.51
4545.70789251299,595.20703125,8.726
4546.029995555,595.20703125,9.23
4546.353293196997,595.20703125,9.68
4546.675355917003,465.826171875,7.288
4547.000463283999,747.07958984375,8.43
4547.322737658993,599.6572265625,9.23
4547.646683129991,595.20751953125,9.486
4547.977879858998,465.82666015625,7.665
4548.302336291003,724.580078125,8.002
4548.628300615994,599.5224609375,8.997
4548.951211394,595.2080078125,9.331
4549.277030336991,621.21826171875,9.153
4549.599365607995,1029.8291015625,7.51
4549.921094489997,589.58349609375,8.61
4550.244510916993,595.20849609375,9.37
4550.566238389991,595.20849609375,9.68
4550.889256691997,465.82763671875,7.054
4551.211123977002,724.5810546875,8.158
4551.533737399994,488.32763671875,9.153
4551.853715307996,595.208984375,9.796
4552.174133615001,465.828125,9.075
4552.497213933995,724.58154296875,8.687
4552.821142089,595.20947265625,9.447
4553.143564400001,595.20947265625,9.718
4553.465688333003,595.20947265625,10.321
4553.787447035997,1029.83056640625,8.687
4554.107144228998,589.5849609375,9.912
4554.427341855,595.2099609375,10.591
4554.749716514998,595.2099609375,10.998
4555.075133295992,465.8291015625,8.054
4555.396967649998,724.58251953125,9.153
4555.717050645995,595.21044921875,9.912
4556.036935651995,595.21044921875,10.243
4556.3592572859925,489.74755859375,9.308
4556.680516225999,1029.83154296875,8.054
4557.004193073997,589.5859375,9.525
4557.324898555002,595.2109375,10.321
4557.654381265995,595.2109375,10.669
4557.992570290997,465.830078125,8.482
4558.321417330997,533.6845703125,9.424
4558.643884503996,595.21142578125,10.514
4558.965880907999,595.21142578125,10.96
4559.287882432996,595.21142578125,11.191
4559.608226108001,984.83251953125,8.92
4559.929697949003,589.5869140625,9.602
4560.250344803004,599.66162109375,10.205
4560.576136055999,595.2119140625,10.591
4560.899869478992,465.8310546875,8.546
4561.221404873999,724.58447265625,9.796
4561.543433949992,595.21240234375,10.359
4561.863369736995,595.21240234375,10.514
4562.183431256999,489.74951171875,10.067
4562.506321353998,1029.83349609375,9.308
4562.826960107996,595.212890625,9.873
4563.152144715001,595.212890625,9.951
4563.47650443,595.212890625,10.067
4563.802845459999,465.83203125,7.587
4564.1247466249915,747.08544921875,8.648
4564.444890737999,595.21337890625,9.718
4564.764533426001,595.21337890625,10.205
4565.08777783699,465.83251953125,8.171
4565.408189893991,724.5859375,9.269
4565.728372694997,595.2138671875,9.989
4566.048532232002,595.2138671875,10.475
4566.368370188997,489.7509765625,9.696
4566.688482682992,1029.8349609375,9.23
4567.012589138001,595.21435546875,9.873
4567.3376655460015,595.21435546875,10.398
4567.662640990995,595.21435546875,10.921
4567.982951858998,465.83349609375,7.704
4568.305431314002,938.27978515625,8.648
4568.627920464001,595.21484375,9.408
4568.9504209430015,595.21484375,9.602
4569.275860626003,465.833984375,8.015
4569.598455635991,724.58740234375,8.313
4569.921807086997,595.21533203125,9.153
4570.244764251998,595.21533203125,9.525
4570.56998709499,489.75244140625,9.075
4570.893207244997,1029.83642578125,7.665
4571.215314685003,589.5908203125,8.687
4571.540457683994,595.2158203125,9.37
4571.8625155219925,595.2158203125,9.525
4572.183846838001,465.8349609375,7.015
4572.50675715199,747.08837890625,8.313
4572.829520421001,595.21630859375,9.075
4573.151429901001,595.216796875,9.408
4573.473319315992,465.83544921875,7.743
4573.796958325998,724.5888671875,8.041
4574.120636665,595.216796875,8.959
4574.442638210996,595.216796875,9.408
4574.765244704991,595.216796875,9.269
4575.086731513002,1012.4345703125,7.51
4575.408105164999,589.59228515625,8.571
4575.730167767004,595.21728515625,9.191
4576.053158818002,656.1025390625,9.68
4576.376509529,465.83642578125,8.119
4576.700747501993,747.08984375,8.803
4577.023679796999,516.46728515625,9.408
4577.346843077001,595.2177734375,9.563
4577.6707519499905,465.8369140625,7.366
4577.993385802998,724.59033203125,8.546
4578.318553855002,595.21826171875,9.934
4578.640372095004,595.21826171875,9.973
4578.96608819699,489.75537109375,9.308
4579.290913741002,1029.83935546875,7.704
4579.614605772993,589.59375,9.292
4579.938508499996,599.533203125,10.05
4580.260396917991,595.21875,10.05
4580.581813351004,465.837890625,7.393
4580.904343614995,533.337890625,8.454
4581.226621484995,595.21923828125,9.153
4581.5490647370025,595.21923828125,9.525
4581.870886463992,465.83837890625,7.899
4582.194207762004,724.591796875,8.119
4582.5164555179945,493.96923828125,9.075
4582.841022841996,595.2197265625,9.408
4583.165446384999,489.7568359375,9.191
4583.487884196002,984.8408203125,7.548
4583.812072369998,589.59521484375,8.61
4584.13483425499,595.22021484375,9.23
4584.458042427999,595.220703125,9.602
4584.783485908003,465.83935546875,7.054
4585.10672780899,724.5927734375,8.119
4585.429268373991,595.220703125,8.997
4585.752850221994,595.220703125,9.525
4586.076455239003,465.83984375,8.093
4586.398220000003,1029.841796875,8.08
4586.720364677996,595.22119140625,8.92
4587.042829974991,595.22119140625,9.408
4587.364848056997,595.22119140625,9.718
4587.689793598998,984.84228515625,7.548
4588.0120094779995,589.5966796875,8.881
4588.334186284992,595.22216796875,9.447
4588.657095435992,595.2216796875,9.68
4588.979971337991,465.8408203125,7.093
4589.302658753004,724.59423828125,8.235
4589.625514557993,595.22216796875,9.191
4589.949189813997,595.22216796875,9.486
4590.270997390995,492.57177734375,8.352
4590.593258326,1029.84326171875,7.963
4590.916721094996,626.85791015625,8.92
4591.239660676991,595.22265625,9.37
4591.563281530995,533.34130859375,9.873
4591.885189717999,580.24951171875,7.626
4592.209513602997,555.841796875,8.546
4592.531490527996,595.22314453125,9.191
4592.855671144003,595.22314453125,9.525
4593.1783676449995,465.84228515625,7.21
4593.501524320993,724.595703125,8.235
4593.823868168998,595.2236328125,9.036
4594.146109421999,716.85888671875,9.525
4594.468431892994,492.57373046875,8.196
4594.790905376998,1029.8447265625,7.924
4595.114586326992,494.3251953125,8.959
4595.436917885992,595.22412109375,9.37
4595.761125860998,612.0986328125,9.873
4596.082770610999,465.701171875,6.519
4596.407888344998,746.95458984375,8.119
4596.730732337004,595.08251953125,8.959
4597.053078871002,510.701171875,9.563
4597.380280611993,465.701171875,7.587
4597.705316198,724.45458984375,7.963
4598.030131135994,599.39697265625,8.997
4598.355327782992,595.08251953125,9.37
4598.681292327994,510.701171875,9.114
4599.0043010279915,1029.70361328125,7.548
4599.328126651002,589.4580078125,8.648
4599.652201114994,516.32666015625,9.37
4599.975807402996,595.0830078125,9.563
4600.298985770991,465.7021484375,7.171
4600.621830495991,746.95556640625,8.468
4600.944205956999,595.08349609375,9.075
4601.268926585995,516.3271484375,9.563
4601.591168250001,465.70263671875,7.587
4601.913661857994,724.4560546875,7.924
4602.237176876995,595.083984375,8.842
4602.560223335997,595.083984375,9.447
4602.883786452003,595.083984375,9.346
4603.204644002995,984.705078125,7.548
4603.526874816991,589.45947265625,8.571
4603.850595857992,595.08447265625,9.269
4604.173260894997,595.08447265625,9.525
4604.495947467993,465.70361328125,7.171
4604.818700346994,724.45703125,8.196
4605.140408421998,595.0849609375,9.036
4605.463211479,595.0849609375,9.525
4605.785991782002,472.7998046875,8.119
4606.108303236993,1029.7060546875,7.704
4606.432053908997,595.08544921875,8.726
4606.754626301001,595.08544921875,9.408
4607.079052835994,595.08544921875,9.757
4607.40049491699,984.70654296875,7.821
4607.72345762499,589.4609375,8.648
4608.047779100001,595.0859375,9.37
4608.370456069999,595.0859375,9.525
4608.691628221,465.705078125,7.054
4609.013847990995,724.45849609375,8.119
4609.336762952997,595.08642578125,8.959
4609.659489332,516.330078125,9.486
4609.983138942,500.7509765625,8.235
4610.304871047003,724.458984375,8.274
4610.627155426002,595.0869140625,8.92
4610.949990863999,595.0869140625,9.525
4611.272022306002,595.0869140625,9.486
4611.594690282,994.8671875,7.626
4611.917564952993,589.46240234375,8.61
4612.24005737,595.08740234375,9.23
4612.5626100139925,626.72265625,9.641
4612.884662992001,465.70654296875,7.171
4613.206752771002,724.4599609375,8.235
4613.529852727996,595.087890625,9.036
4613.852867017995,595.087890625,9.447
4614.178952260991,465.70703125,7.938
4614.501712047,724.46044921875,8.08
4614.824264495997,595.08837890625,8.881
4615.146142362995,595.08837890625,9.447
4615.46866610799,595.08837890625,9.525
4615.790568262004,984.70947265625,7.665
4616.113093926004,589.4638671875,8.61
4616.43506174699,595.0888671875,9.23
4616.757754296996,595.0888671875,9.525
4617.079588544002,465.7080078125,7.132
4617.402362599998,724.46142578125,8.196
4617.724247888997,595.08935546875,9.036
4618.045840431994,595.08935546875,9.563
4618.371209231991,465.70849609375,8.015
4618.694210558999,645.70849609375,8.158
4619.016357967994,595.08984375,8.92
4619.338621540999,595.08984375,9.525
4619.660251141002,595.08984375,9.486
4619.981374737996,984.7109375,7.471
4620.303616101999,589.46533203125,8.507
4620.625951644994,499.640625,9.308
4620.950680804992,595.09033203125,9.525
4621.275510993,465.70947265625,7.093
4621.598326710999,724.462890625,8.196
4621.922675890004,595.0908203125,9.036
4622.245093322999,595.0908203125,9.602
4622.567413855999,468.54150390625,8.196
4622.890014525998,1029.7119140625,7.924
4623.215275958995,595.09130859375,8.92
4623.5370973389945,595.09130859375,9.331
4623.8603908639925,595.09130859375,9.796
4624.180699774995,984.71240234375,7.548
4624.504880402994,488.39208984375,8.507
4624.830354513993,599.40625,9.23
4625.151884074003,595.091796875,9.447
4625.475145534001,465.7109375,6.898
4625.798020739996,724.46435546875,8.196
4626.1214710689965,595.09228515625,9.075
4626.4442279990035,595.09228515625,9.447
4626.766633972002,492.44189453125,8.391
4627.089106699001,1029.71337890625,7.847
4627.411236150991,595.0927734375,8.803
4627.734245375992,595.0927734375,9.447
4628.056422669004,595.0927734375,9.796
4628.380200528001,465.7119140625,7.548
4628.704755182,746.96533203125,8.571
4629.027034781,595.09326171875,9.191
4629.350659706994,595.09326171875,9.641
4629.674207445001,465.71240234375,6.976
4629.996723820004,724.4658203125,8.235
4630.319649201003,595.09375,9.153
4630.642112870002,595.09375,9.447
4630.966046604997,492.443359375,8.43
4631.289931249994,1029.71484375,7.86
4631.612388677997,595.09423828125,8.803
4631.934780886993,595.09423828125,9.408
4632.257236619,595.09423828125,9.796
4632.580568443998,465.71337890625,7.393
4632.903691141997,746.966796875,8.532
4633.226230524,595.0947265625,9.153
4633.548926135001,595.0947265625,9.602
4633.872370700003,465.7138671875,7.015
4634.194757563993,724.46728515625,8.235
4634.517100329991,488.22509765625,9.075
4634.839535866995,595.09521484375,9.447
4635.161851847995,479.779296875,8.507
4635.4841960539925,1029.71630859375,7.769
4635.806223000996,595.095703125,8.765
4636.128616552,595.095703125,9.447
4636.450682380004,595.095703125,9.796
4636.771865841001,465.71484375,7.249
4637.093673675001,746.96826171875,8.352
4637.416407557001,595.09619140625,9.23
4637.738385860997,595.09619140625,9.486
4638.060011961003,465.71533203125,7.171
4638.383161664999,724.46875,8.196
4638.706581969003,595.0966796875,8.997
4639.031715612,595.0966796875,9.447
4639.353701115004,489.6337890625,8.585
4639.677780482001,1029.7177734375,7.587
4640.001854023998,476.9736328125,8.803
4640.325113329993,595.09716796875,9.308
4640.649573732997,595.09716796875,9.757
4640.971459968001,465.71630859375,7.21
4641.296014837993,746.9697265625,8.391
4641.621313861004,599.412109375,9.269
4641.943621357001,595.09765625,9.525
4642.266062169991,465.716796875,7.366
4642.5891983030015,724.47021484375,7.963
4642.912778801998,595.09814453125,9.036
4643.234937973,595.09814453125,9.408
4643.561521551004,489.63525390625,8.997
4643.884980061994,1029.71923828125,7.548
4644.207525516991,589.4736328125,8.648
4644.5294904399925,595.0986328125,9.37
4644.851981076994,595.0986328125,9.602
4645.173995698002,465.7177734375,7.132
4645.496946190993,746.97119140625,8.391
4645.819658851004,595.09912109375,9.075
4646.142273906997,595.09912109375,9.602
4646.463914113992,465.71826171875,7.626
4646.7878314550035,724.4716796875,8.468
4647.111012801994,595.099609375,9.153
4647.433219875995,595.099609375,9.525
4647.755350338994,489.63671875,8.663
4648.077326685001,1029.720703125,7.886
4648.399763398003,595.10009765625,8.803
4648.722586267992,595.10009765625,9.447
4649.044474545997,595.10009765625,9.757
4649.366404521992,465.71923828125,7.327
4649.691442347001,746.97265625,8.468
4650.014897589994,595.1005859375,9.153
4650.338756493991,595.1005859375,9.525
4650.663842448994,465.7197265625,7.132
4650.988109942991,724.47314453125,8.313
4651.311273494997,595.10107421875,9.114
4651.633264527001,595.10107421875,9.408
4651.956966817001,492.45068359375,8.391
4652.278779058994,1029.72216796875,7.587
4652.6017722359975,595.1015625,8.765
4652.925646403994,595.1015625,9.269
4653.249300819996,595.1015625,9.68
4653.570286471993,465.720703125,7.432
4653.893132059995,746.97412109375,8.493
4654.2159374539915,595.10205078125,9.269
4654.539456216997,595.10205078125,9.563
4654.863763325993,465.72119140625,7.171
4655.188128740992,724.474609375,8.313
4655.511963673998,595.1025390625,9.153
4655.836666635994,595.1025390625,9.447
4656.162401889,492.4521484375,8.43
4656.486208660004,1029.7236328125,7.821
4656.808350253996,595.10302734375,8.881
4657.130561931001,595.10302734375,9.385
4657.453108881993,595.10302734375,9.796
4657.774623221994,984.72412109375,7.704
4658.097731376998,589.478515625,8.61
4658.420191220997,510.72216796875,9.331
4658.743010309001,595.103515625,9.525
4659.067272389992,465.72265625,7.054
4659.390298940998,724.47607421875,8.158
4659.715444763991,595.10400390625,9.036
4660.040313296995,626.7392578125,9.525
4660.363686962999,495.1435546875,8.158
4660.688201691999,1029.72509765625,8.119
4661.011644191996,595.1044921875,8.92
4661.334004766992,595.1044921875,9.37
4661.655583970991,595.1044921875,9.757
4661.979014821991,984.7255859375,7.743
4662.302426440001,589.47998046875,8.648
4662.6248643610015,595.10498046875,9.269
4662.947293032994,595.10498046875,9.602
4663.270741803994,465.72412109375,7.249
4663.592707611999,724.4775390625,8.313
4663.915071481999,595.10546875,9.191
4664.236809761991,595.10546875,9.447
4664.559990843001,465.724609375,7.86
4664.885576293993,724.47802734375,8.08
4665.208034886004,595.10595703125,8.997
4665.529904241994,595.10595703125,9.447
4665.852552023993,595.10595703125,9.308
4666.175436773992,1029.72705078125,7.665
4666.498105963998,589.4814453125,8.687
4666.822171713997,595.1064453125,9.308
4667.143976106992,595.1064453125,9.641
4667.464963286999,465.7255859375,7.471
4667.7879764239915,746.97900390625,8.571
4668.111335366004,595.10693359375,9.23
4668.433365428995,595.10693359375,9.641
4668.755858548,465.72607421875,7.471
4669.0782265430025,724.4794921875,8.158
4669.4017325919995,595.107421875,8.959
4669.724831076004,626.74267578125,9.486
4670.047052569003,489.64453125,8.881
4670.368734139003,984.703125,7.288
4670.69206447,589.45751953125,8.391
4671.016973189995,595.08251953125,9.269
4671.341007383991,595.08251953125,9.525
4671.661967841996,465.701171875,6.937
4671.985188439998,724.45458984375,8.119
4672.308461102992,595.08251953125,9.036
4672.633347326002,499.46240234375,9.486
4672.958884419,491.013671875,8.119
4673.280734057,1029.70361328125,7.743
4673.602786231,595.0830078125,8.765
4673.92678960599,595.0830078125,9.331
4674.250314789999,595.0830078125,9.796
4674.572208044992,465.7021484375,7.471
4674.894687271997,746.95556640625,8.571
4675.218630549003,595.08349609375,9.191
4675.542192565001,595.08349609375,9.602
4675.865596686999,465.70263671875,6.976
4676.187330191999,724.4560546875,8.235
4676.51090424,595.083984375,9.114
4676.834940126995,595.083984375,9.447
4677.159516575994,492.43359375,8.274
4677.482560204997,1029.705078125,7.808
4677.805338737002,595.08447265625,8.842
4678.1274359969975,595.08447265625,9.37
4678.449677550001,595.08447265625,9.757
4678.771377005003,465.70361328125,7.51
4679.094620286996,752.271484375,8.532
4679.4165445489925,595.0849609375,9.191
4679.739122080995,595.0849609375,9.602
4680.061817536,465.7041015625,6.976
4680.384166675998,724.45751953125,8.235
4680.7066088110005,595.08544921875,9.075
4681.02872962199,595.08544921875,9.37
4681.3524988739955,492.43505859375,8.352
4681.675168984002,1029.70654296875,7.924
4681.997643918992,488.22705078125,8.92
4682.320055459,595.0859375,9.37
4682.643469274,516.32958984375,9.834
4682.9647123579925,984.70703125,7.548
4683.2877765930025,589.455078125,8.532
4683.610595730992,595.08642578125,9.23
4683.932876417995,595.08642578125,9.563
4684.257314299,465.70556640625,7.132
4684.580260736999,724.458984375,8.196
4684.902442571998,595.0869140625,9.036
4685.225598392004,493.83642578125,9.563
4685.552508036999,465.73779296875,8.132
4685.874772433992,1029.7080078125,7.847
4686.198028674,499.6376953125,8.92
4686.519634904995,595.08740234375,9.331
4686.842291378998,595.08740234375,9.834
4687.162964681993,984.70849609375,7.548
4687.486059346993,589.462890625,8.532
4687.810001017002,493.83154296875,9.308
4688.1338040249975,595.087890625,9.563
4688.455777436,465.70703125,7.249
4688.778594075004,724.46044921875,8.235
4689.100187471995,595.08837890625,9.036
4689.422354167997,595.08837890625,9.525
4689.744207477997,482.587890625,8.158
4690.06721695399,1029.70947265625,8.119
4690.3920147799945,595.0888671875,8.881
4690.715158692998,716.72412109375,9.486
4691.040014055994,595.0888671875,9.563
4691.361114667001,984.7099609375,7.665
4691.683616765993,589.46435546875,8.687
4692.008306075004,595.08935546875,9.269
4692.332546407997,493.8388671875,9.68
4692.655365956991,465.70849609375,7.132
4692.979656148003,724.4619140625,8.235
4693.302298601993,635.72509765625,9.114
4693.625402799997,595.08984375,9.447
4693.949444437996,465.708984375,7.938
4694.27196797599,724.46240234375,8.119
4694.594572732996,595.09033203125,8.881
4694.9179617079935,595.09033203125,9.486
4695.239942507003,595.09033203125,9.424
4695.5615926699975,1029.71142578125,7.665
4695.884343254991,589.4658203125,8.726
4696.206729826998,595.0908203125,9.191
4696.529308405996,516.34033203125,9.602
4696.851064684,465.7099609375,6.898
4697.172906980995,724.46337890625,8.08
4697.497150736002,595.09130859375,8.959
4697.820290132993,595.09130859375,9.563
4698.143291732995,465.71044921875,8.132
4698.466447642,1029.71240234375,7.924
4698.789150990997,595.091796875,8.92
4699.11142402199,595.091796875,9.292
4699.434881124995,494.01708984375,9.834
4699.756841633003,984.712890625,7.587
4700.0794144809915,589.46728515625,8.532
4700.401976865003,494.193359375,9.346
4700.723648753992,595.09228515625,9.525
4701.046874232998,465.71142578125,7.015
4701.369209312004,724.46484375,8.196
4701.691437956004,595.0927734375,9.075
4702.01455046999,595.0927734375,9.408
4702.3365312649985,492.4423828125,8.274
4702.660580418,1029.7138671875,7.665
4702.983155697002,595.09326171875,8.765
4703.3051595,595.09326171875,9.292
4703.631179151998,595.09326171875,9.718
4703.952259019992,465.71240234375,7.354
4704.275297865999,746.9658203125,8.43
4704.597510284002,595.09375,9.23
4704.91990766699,595.09375,9.525
4705.2412058140035,465.712890625,7.171
4705.563455992,724.46630859375,8.235
4705.886414641995,595.09423828125,8.997
4706.208450028993,595.09423828125,9.486
4706.533021918993,489.63134765625,8.624
4706.855953206992,1029.71533203125,7.743
4707.177827531996,595.0947265625,8.803
4707.499970538003,595.0947265625,9.37
4707.822751325002,595.0947265625,9.757
4708.145081793002,465.7138671875,7.471
4708.467806001994,746.96728515625,8.546
4708.7921827149985,595.09521484375,9.153
4709.1154179820005,493.8388671875,9.602
4709.437893221999,465.71435546875,7.093
4709.761266924004,724.4677734375,8.235
4710.083536876991,595.095703125,9.036
4710.407733326996,595.095703125,9.408
4710.730691335004,489.6328125,8.585
4711.054013130997,1029.716796875,7.704
4711.376275786999,595.09619140625,8.803
4711.698452072,595.09619140625,9.23
4712.019687459993,595.09619140625,9.834
4712.340307563994,465.71533203125,7.665
4712.663081627994,746.96875,8.648
4712.985357915997,595.0966796875,9.191
4713.310369272003,599.54638671875,9.563
4713.635644124995,465.7158203125,7.054
4713.960093925998,724.46923828125,8.235
4714.282027929003,595.09716796875,9.114
4714.603720835992,595.09716796875,9.37
4714.927975333994,503.6962890625,8.43
4715.249992379002,1029.71826171875,7.782
4715.571498527002,595.09765625,8.726
4715.894682300001,595.09765625,9.408
4716.217124062998,595.09765625,9.718
4716.54357533899,465.716796875,7.432
4716.867065233993,746.97021484375,8.585
4717.188832861997,595.09814453125,9.153
4717.510839089999,595.09814453125,9.563
4717.831570745999,465.71728515625,7.093
4718.1533058600035,724.470703125,8.235
4718.475897323995,595.0986328125,9.114
4718.797722679999,595.0986328125,9.37
4719.121456837995,492.4482421875,8.391
4719.443740482995,1029.7197265625,7.963
4719.766156963,488.2177734375,8.92
4720.087805161995,595.09912109375,9.292
4720.409740282004,595.09912109375,9.757
4720.730967280993,984.72021484375,7.665
4721.052808701992,589.474609375,8.532
4721.374441826993,499.64990234375,9.269
4721.697142763995,595.099609375,9.486
4722.021094304,465.71875,6.859
4722.344055858004,724.47216796875,8.119
4722.666181287001,595.10009765625,8.997
4722.987782985991,595.10009765625,9.37
4723.315762854996,492.44970703125,8.235
4723.639389550997,1029.72119140625,8.002
4723.962678538999,595.1005859375,8.959
4724.2869129030005,595.1005859375,9.331
4724.609676848995,595.1005859375,9.757
4724.930736192997,984.7216796875,7.665
4725.252736975992,589.47607421875,8.532
4725.5750182499905,595.10107421875,9.308
4725.8967863849975,595.10107421875,9.486
4726.218449428998,465.72021484375,7.132
4726.541000341997,724.4736328125,8.158
4726.863174762999,595.1015625,8.997
4727.186489927,595.1015625,9.525
4727.507608343003,465.720703125,8.041
4727.829412127001,1029.72265625,8.041
4728.151435981999,595.10205078125,8.881
4728.473566239991,595.10205078125,9.37
4728.797049792003,595.10205078125,9.602
4729.118859975992,984.72314453125,7.626
4729.440760017998,589.4775390625,8.532
4729.763023175998,595.1025390625,9.23
4730.085753261999,595.1025390625,9.486
4730.407469714002,465.7216796875,7.054
4730.730926671997,724.47509765625,8.119
4731.052495757991,595.10302734375,8.959
4731.374466266003,595.10302734375,9.486
4731.696306783997,468.5537109375,8.08
4732.018201896994,1029.72412109375,7.886
4732.340947855002,516.35302734375,8.842
4732.664392555991,595.103515625,9.331
4732.986448761003,476.97998046875,9.834
4733.307087797992,510.72314453125,7.51
4733.629322441993,544.47265625,8.546
4733.952177393992,595.10400390625,9.269
4734.274495239995,595.10400390625,9.525
4734.597553558997,465.72314453125,7.171
4734.919460189994,724.4765625,8.196
4735.241251842002,595.1044921875,8.997
4735.56271785,476.97509765625,9.486
4735.884607425003,500.76904296875,8.158
4736.206294816002,1029.7255859375,7.963
4736.528495088991,595.10498046875,8.881
4736.851368567994,595.10498046875,9.292
4737.173522790996,595.10498046875,9.873
4737.494373705995,984.72607421875,7.665
4737.8162761440035,589.48046875,8.532
4738.140842095992,595.10546875,9.269
4738.465081828996,595.10546875,9.447
4738.788247477991,465.724609375,7.093
4739.111133564002,724.47802734375,8.158
4739.4334831529995,595.10595703125,8.997
4739.755670558996,595.10595703125,9.525
4740.0781471279915,465.72509765625,8.054
4740.399513482,1029.72705078125,7.924
4740.721767034993,595.1064453125,8.92
4741.044521595992,595.1064453125,9.308
4741.368127226,595.1064453125,9.718
4741.688588300996,984.7275390625,7.432
4742.01032529099,505.1005859375,8.468
4742.33180544099,595.10693359375,9.114
4742.653643650003,595.10693359375,9.525
4742.978326436001,465.72607421875,6.898
4743.301232041995,724.4794921875,8.158
4743.624905769,595.107421875,9.036
4743.948598185001,595.107421875,9.331
4744.274389903992,492.45703125,8.274
4744.5974548739905,1029.728515625,7.769
4744.919251768995,595.10791015625,8.765
4745.241167578992,595.10791015625,9.331
4745.562952537002,595.10791015625,9.68
4745.886263082997,465.72705078125,7.315
4746.208473463994,746.98046875,8.493
4746.530287574002,595.1083984375,9.114
4746.852584132997,626.74365234375,9.525
4747.173789838998,465.7275390625,7.054
4747.495668846997,724.48095703125,8.119
4747.8173702170025,595.10888671875,8.881
4748.139352365004,595.10888671875,9.447
4748.460771932994,489.64599609375,8.701
4748.782460789997,1029.72998046875,7.548
4749.106355258002,589.484375,8.687
4749.429230012,595.109375,9.269
4749.752147453997,595.109375,9.563
4750.075345097997,465.728515625,7.315
4750.399419923997,746.98193359375,8.391
4750.723805991991,595.10986328125,9.23
4751.047463266994,595.10986328125,9.447
4751.371026394991,465.72900390625,7.21
4751.693650898,724.482421875,8.196
4752.019427284991,595.1103515625,8.959
4752.341010504999,595.1103515625,9.447
4752.662773122996,489.6474609375,8.585
4752.985370968992,1029.7314453125,7.665
4753.307541247996,595.11083984375,8.803
4753.629974768992,595.11083984375,9.308
4753.951929711999,595.11083984375,9.68
4754.273211641004,465.701171875,6.742
4754.595991316994,578.201171875,8.158
4754.917453763002,595.08251953125,8.997
4755.23944432399,595.08251953125,9.408
4755.561118393001,465.701171875,7.665
4755.884409188991,724.45458984375,7.963
4756.209027486999,595.08251953125,8.842
4756.5330219229945,595.08251953125,9.447
4756.855418831998,595.08251953125,9.308
4757.178560789995,1029.70361328125,7.548
4757.502389268004,589.4580078125,8.687
4757.823965956995,595.0830078125,9.23
4758.146066760004,595.0830078125,9.641
4758.470536794994,465.7021484375,7.054
4758.793153678998,724.45556640625,8.196
4759.115538939004,595.08349609375,9.153
4759.438576732995,595.08349609375,9.408
4759.760357780004,465.70263671875,7.743
4760.086456541991,724.4560546875,8.002
4760.409109521992,493.82763671875,8.997
4760.731728453,595.083984375,9.385
4761.053473402004,516.32763671875,9.191
4761.377061166,1029.705078125,7.782
4761.6997840039985,615.4697265625,8.803
4762.021911461998,595.08447265625,9.308
4762.345378421,696.33447265625,9.602
4762.669722145991,465.70361328125,7.276
4762.992040233992,746.95703125,8.352
4763.314431603998,488.20361328125,9.191
4763.639529049993,595.0849609375,9.447
4763.962774753003,465.7041015625,7.366
4764.285173258992,724.45751953125,8.391
4764.607259337994,595.08544921875,9.153
4764.929190658993,595.08544921875,9.37
4765.250751792002,503.6845703125,8.43
4765.572892048993,1029.70654296875,7.782
4765.895502176994,595.0859375,8.726
4766.220089972994,595.0859375,9.408
4766.541955050998,595.0859375,9.796
4766.862906434995,465.705078125,7.288
4767.185637910996,746.95849609375,8.43
4767.507731028993,595.08642578125,9.23
4767.831087069004,595.08642578125,9.563
4768.152718411002,465.70556640625,7.132
4768.474598082001,724.458984375,8.196
4768.797388726991,595.0869140625,8.997
4769.120152459,595.0869140625,9.408
4769.441385995,489.6240234375,8.546
4769.763418917995,1029.7080078125,7.886
4770.086089334,595.08740234375,8.842
4770.407675137991,595.08740234375,9.37
4770.729484819996,595.08740234375,9.718
4771.054142024004,465.70654296875,7.471
4771.376855576993,746.9599609375,8.532
4771.698925299992,595.087890625,9.153
4772.021735688002,595.087890625,9.602
4772.346126641991,465.70703125,6.937
4772.668075880996,724.46044921875,8.196
4772.990098465991,595.08837890625,9.075
4773.31234800299,595.08837890625,9.408
4773.634074928996,492.43798828125,8.391
4773.956000774997,1029.70947265625,7.782
4774.278139842994,595.0888671875,8.726
4774.600462661998,595.0888671875,9.37
4774.922164755,595.0888671875,9.718
4775.244498804997,465.7080078125,7.393
4775.566257475992,746.96142578125,8.507
4775.889488836998,595.08935546875,9.114
4776.212002796994,488.2080078125,9.563
4776.536093995004,465.70849609375,7.054
4776.857866712991,724.4619140625,8.196
4777.179926482,621.10009765625,9.036
4777.5037634939945,595.08984375,9.408
4777.825934881999,496.64599609375,8.468
4778.147814131997,1029.7109375,7.808
4778.469340633994,595.09033203125,8.765
4778.792108169,595.09033203125,9.37
4779.113763058995,595.09033203125,9.68
4779.434442330996,465.70947265625,7.276
4779.760003880991,746.962890625,8.43
4780.082903932998,595.0908203125,9.075
4780.407968889995,615.47607421875,9.525
4780.729944557999,465.7099609375,7.054
4781.053843586997,724.46337890625,7.963
4781.377068545,595.09130859375,8.842
4781.701305601004,595.09130859375,9.447
4782.023322292996,489.62841796875,8.74
4782.34581058599,1029.71240234375,7.587
4782.66836643299,505.08544921875,8.687
4782.99073385699,595.091796875,9.23
4783.312502988003,599.40625,9.563
4783.63585345399,465.7109375,7.315
4783.957831391992,746.96435546875,8.391
4784.280414726993,493.841796875,9.23
4784.602702659002,595.09228515625,9.486
4784.927338927999,465.71142578125,7.249
4785.249795601994,724.46484375,8.119
4785.572728004001,595.0927734375,8.959
4785.895907646001,595.0927734375,9.525
4786.217808845002,489.6298828125,8.663
4786.542426711996,1029.7138671875,7.51
4786.864912794001,589.46826171875,8.648
4787.188346524999,595.09326171875,9.269
4787.5116071609955,595.09326171875,9.563
4787.835422375996,465.71240234375,7.132
4788.160790123991,746.9658203125,8.352
4788.484234862,595.09375,9.114
4788.80657418599,595.09375,9.447
4789.131509407001,465.712890625,7.327
4789.453829338003,724.46630859375,8.08
4789.7773730229965,595.09423828125,8.881
4790.10008023199,494.01953125,9.486
4790.422094360998,489.63134765625,8.803
4790.743973667995,1029.71533203125,7.626
4791.06597624399,493.86083984375,8.765
4791.388178155001,595.0947265625,9.23
4791.711608234997,626.72998046875,9.641
4792.034749633996,465.7138671875,7.249
4792.356592044001,746.96728515625,8.352
4792.67872883199,626.73046875,9.153
4793.000084344996,595.09521484375,9.447
4793.3236324119935,465.71435546875,7.327
4793.645845905994,724.4677734375,8.196
4793.967679738998,595.095703125,8.92
4794.289696809996,595.095703125,9.447
4794.613053670997,489.6328125,8.74
4794.935448065997,1029.716796875,7.704
4795.257303467995,595.09619140625,8.803
4795.578513118991,595.09619140625,9.254
4795.900293061,595.09619140625,9.641
4796.224516414004,465.71533203125,7.171
4796.548117633996,746.96875,8.313
4796.870542557997,499.64697265625,9.191
4797.194072094993,595.0966796875,9.447
4797.516644734991,465.7158203125,7.288
4797.839482120995,724.46923828125,8.041
4798.161158089992,595.09716796875,8.881
4798.483222137002,626.732421875,9.408
4798.805161604003,489.63427734375,8.803
4799.127771557003,1029.71826171875,7.51
4799.44915423599,589.47265625,8.532
4799.771593942991,595.09765625,9.308
4800.093459709999,595.09765625,9.447
4800.416424106996,465.716796875,7.093
4800.741411291994,746.97021484375,8.391
4801.063616493993,595.09814453125,9.036
4801.385382193999,499.6484375,9.525
4801.70965316199,465.701171875,7.51
4802.0332750840025,724.45458984375,7.886
4802.3548210320005,595.08251953125,8.765
4802.677589611994,595.08251953125,9.447
4802.999512851995,595.08251953125,9.463
4803.320220050999,984.703125,7.587
4803.641987221999,589.45751953125,8.585
4803.96359576199,595.08251953125,9.23
4804.285166606001,595.08251953125,9.563
4804.607865583996,465.70166015625,7.327
4804.930363049993,724.455078125,8.391
4805.252945575994,595.0830078125,9.191
4805.574575268998,595.0830078125,9.447
4805.897165602,465.7021484375,7.743
4806.223260821993,724.45556640625,8.002
4806.545833811004,510.7021484375,8.997
4806.868803548001,595.08349609375,9.331
4807.190873,493.8271484375,9.153
4807.513847761002,1029.70458984375,7.587
4807.836117315004,589.458984375,8.61
4808.161954989002,493.82763671875,9.308
4808.483700429002,595.083984375,9.486
4808.808658680995,465.703125,6.976
4809.131805575991,724.45654296875,8.196
4809.454937878996,595.08447265625,9.114
4809.7766393799975,595.08447265625,9.486
4810.098013253999,465.70361328125,7.704
4810.420470108991,724.45703125,8.041
4810.742386497994,499.46484375,8.997
4811.063797269002,595.0849609375,9.346
4811.386571957992,655.97021484375,9.191
4811.7086124780035,1029.7060546875,7.51
4812.030778507004,589.46044921875,8.648
4812.353197951001,595.08544921875,9.153
4812.676331372,595.08544921875,9.563
4813.0011335849995,465.70458984375,7.054
4813.322632775002,724.4580078125,8.158
4813.644912629999,533.20458984375,9.075
4813.966275974002,595.0859375,9.37
4814.289753821999,465.705078125,7.86
4814.6116805130005,780.705078125,8.041
4814.9334272620035,595.08642578125,8.842
4815.255609193991,499.63671875,9.37
4815.577720946996,595.08642578125,9.525
4815.89854798399,984.70751953125,7.548
4816.221221642991,589.4619140625,8.493
4816.542898084997,595.0869140625,9.269
4816.864825990997,595.0869140625,9.525
4817.186049840995,465.7060546875,6.937
4817.5077612919995,724.45947265625,8.119
4817.8312383059965,595.08740234375,8.959
4818.156621240996,499.6376953125,9.525
4818.481637346995,465.73828125,8.054
4818.80373994699,1029.70849609375,8.041
4819.128728946991,595.087890625,8.881
4819.450529872003,599.40234375,9.424
4819.7723595019925,595.087890625,9.563
4820.09536475499,624.41162109375,7.704
4820.416853221002,589.46337890625,8.726
4820.738462170993,595.08837890625,9.23
4821.060399962997,595.08837890625,9.68
4821.383795084999,465.70751953125,7.093
4821.705861618,724.4609375,8.196
4822.027806867001,499.46875,9.114
4822.349386503003,595.0888671875,9.408
4822.672883099003,465.7080078125,7.86
4822.995009858001,724.46142578125,8.041
4823.316305228,595.08935546875,8.842
4823.637850205996,595.08935546875,9.408
4823.960220107998,595.08935546875,9.463
4824.283543354002,668.20849609375,7.626
4824.605151053998,589.46484375,8.61
4824.927132718993,595.08984375,9.191
4825.248760450995,482.58349609375,9.525
4825.570888328992,465.708984375,7.093
4825.892543677997,724.46240234375,8.119
4826.214231923994,595.09033203125,9.036
4826.53579027699,595.09033203125,9.486
4826.857862311997,465.70947265625,7.938
4827.179694338993,1029.703125,7.665
4827.502182515003,595.08251953125,8.726
4827.8238903449965,595.08251953125,9.37
4828.145573374,595.08251953125,9.757
4828.469097617999,465.701171875,7.315
4828.7942063630035,746.95458984375,8.546
4829.117856529992,595.08251953125,9.153
4829.441296641991,595.08251953125,9.602
4829.764173150994,465.70166015625,7.288
4830.0860947789915,724.455078125,8.274
4830.408010550993,595.0830078125,9.075
4830.729861361004,595.0830078125,9.563
4831.05216521,472.7978515625,8.119
4831.374385311996,1029.7041015625,8.119
4831.697090197995,595.08349609375,8.92
4832.019249945995,595.08349609375,9.37
4832.340690212994,595.08349609375,9.68
4832.6632485979935,984.70458984375,7.626
4832.985828582998,589.458984375,8.532
4833.307680703991,595.083984375,9.308
4833.631448057,595.083984375,9.525
4833.952832162002,465.703125,7.054
4834.27667247699,724.45654296875,8.119
4834.599090089003,595.08447265625,8.997
4834.921219081996,595.08447265625,9.525
4835.242654963993,465.70361328125,8.015
4835.565373577003,1029.70556640625,8.041
4835.887745297994,595.0849609375,8.842
4836.210127771003,626.72021484375,9.447
4836.531718921993,595.0849609375,9.563
4836.853022573996,984.7060546875,7.626
4837.174755553002,589.46044921875,8.61
4837.497055079992,595.08544921875,9.23
4837.821762655003,595.08544921875,9.602
4838.143337899994,465.70458984375,7.015
4838.465783159001,724.4580078125,8.119
4838.788077980003,595.0859375,8.997
4839.111142299997,595.0859375,9.525
4839.433810796996,465.705078125,8.015
4839.755944684992,1029.70703125,8.041
4840.080411162999,595.08642578125,8.842
4840.403576413999,615.4716796875,9.408
4840.725894210991,595.08642578125,9.563
4841.04738452399,984.70751953125,7.587
4841.3690949729935,589.4619140625,8.493
4841.691221563,595.0869140625,9.269
4842.012719748003,595.0869140625,9.525
4842.334591801991,465.7060546875,7.093
4842.656491151996,724.45947265625,8.158
4842.978121341002,595.08740234375,8.959
4843.300508483997,595.08740234375,9.486
4843.623229302,465.70654296875,8.054
4843.945269135991,1029.70849609375,8.041
4844.267709912994,595.087890625,8.842
4844.590289125001,595.087890625,9.331
4844.91283553699,595.087890625,9.602
4845.236271706002,984.708984375,7.626
4845.559862889,589.46337890625,8.532
4845.881333358993,595.08837890625,9.269
4846.203348199997,595.08837890625,9.486
4846.524916562004,465.70751953125,7.015
4846.847584064002,724.4609375,8.119
4847.169555895001,595.0888671875,8.959
4847.491334407998,595.0888671875,9.486
4847.813043221991,479.77001953125,8.08
4848.1367202300025,1029.7099609375,7.963
4848.459198126002,595.08935546875,8.92
4848.780681554999,595.08935546875,9.308
4849.103567368991,595.08935546875,9.718
4849.424704259,984.71044921875,7.626
4849.749432661993,589.46484375,8.493
4850.072053153999,595.08984375,9.346
4850.394499175003,595.08984375,9.486
4850.715746788992,465.708984375,7.093
4851.03797184299,724.46240234375,8.158
4851.360460840995,595.09033203125,8.997
4851.683411935999,595.09033203125,9.563
4852.005703711999,465.70947265625,8.041
4852.328495184003,1029.71142578125,8.041
4852.651303776991,595.0908203125,8.881
4852.974626180003,595.0908203125,9.408
4853.296639449996,595.0908203125,9.602
4853.618247489998,1029.7119140625,7.743
4853.939716933004,589.46630859375,8.726
4854.261475698004,595.09130859375,9.23
4854.584913592,595.09130859375,9.602
4854.906622146998,465.71044921875,7.171
4855.229215147992,938.15673828125,8.313
4855.550814226997,595.091796875,9.153
4855.872514781004,595.091796875,9.486
4856.198395348998,465.7109375,7.626
4856.520773718003,1029.712890625,7.924
4856.8453924829955,595.09228515625,8.765
4857.1708931969915,493.841796875,9.408
4857.494234030004,595.09228515625,9.424
4857.81747300399,984.71337890625,7.548
4858.140643911,589.4677734375,8.546
4858.466234452004,595.0927734375,9.153
4858.789709113,635.72802734375,9.563
4859.110981523991,465.7119140625,7.899
4859.435970955994,746.96533203125,8.648
4859.7591381189995,595.09326171875,9.346
4860.081954516994,595.09326171875,9.525
4860.403674079003,465.71240234375,7.21
4860.727142627002,724.4658203125,8.158
4861.051163226002,595.09375,8.92
4861.374654878004,595.09375,9.447
4861.698876123992,489.630859375,8.585
4862.022740525004,1029.71484375,7.665
4862.345990632995,595.09423828125,8.765
4862.669169891,595.09423828125,9.23
4862.992068306994,595.09423828125,9.641
4863.313804220001,465.71337890625,7.276
4863.635668552,746.966796875,8.352
4863.958124616998,595.0947265625,9.23
4864.279373280995,595.0947265625,9.408
4864.602383028003,465.7138671875,7.249
4864.924537993997,724.46728515625,8.352
4865.246960264994,493.8447265625,9.114
4865.569171329,595.09521484375,9.37
4865.89140895399,494.853515625,8.468
4866.213367912991,1029.71630859375,7.665
4866.534883176995,595.095703125,8.765
4866.856837015002,595.095703125,9.23
4867.1788632399985,595.095703125,9.641
4867.502723926998,465.71484375,7.054
4867.825330074993,746.96826171875,8.313
4868.1469762869965,595.09619140625,9.075
4868.469958735994,595.09619140625,9.447
4868.794770813998,465.71533203125,7.366
4869.116580422997,724.46875,8.041
4869.438122694992,595.0966796875,8.92
4869.759702695999,595.0966796875,9.37
4870.084113192002,489.6337890625,8.881
4870.407064599,1029.7177734375,7.51
4870.7290671419905,589.47216796875,8.571
4871.050870061998,595.09716796875,9.308
4871.372835386996,595.09716796875,9.486
4871.695731879998,465.71630859375,6.937
4872.0180980820005,724.4697265625,8.158
4872.340364153002,595.09765625,9.114
4872.662185569003,595.09765625,9.37
4872.983838275002,465.716796875,7.782
4873.306363330994,724.47021484375,8.041
4873.6277481559955,595.09814453125,8.842
4873.950074067994,595.09814453125,9.447
4874.2719451489975,595.09814453125,9.385
4874.592949063997,984.71923828125,7.548
4874.91483845,589.4736328125,8.546
4875.236274251991,595.0986328125,9.23
4875.557878059,595.0986328125,9.525
4875.87985205499,465.7177734375,6.937
4876.203984138992,724.47119140625,8.119
4876.525924789996,595.09912109375,8.959
4876.847745499996,595.09912109375,9.525
4877.169170324996,472.81396484375,8.119
4877.4910911339975,1029.72021484375,7.924
4877.813095434001,595.099609375,8.92
4878.135355327002,595.099609375,9.308
4878.457326634001,595.099609375,9.796
4878.778239505002,579.42333984375,7.432
4879.100190778001,544.5126953125,8.468
4879.421546287995,595.10009765625,9.153
4879.7428253789985,595.10009765625,9.525
4880.0655658629985,465.71923828125,7.366
4880.389137574995,724.47265625,8.274
4880.711019213995,595.1005859375,9.075
4881.035347494995,595.1005859375,9.525
4881.362523520991,465.7197265625,7.938
4881.684660176004,1029.72216796875,8.041
4882.008205678998,595.10107421875,8.842
4882.331293405994,595.10107421875,9.486
4882.655025282991,595.10107421875,9.502
4882.976660287997,984.72216796875,7.432
4883.298771150003,589.4765625,8.43
4883.623105159,595.1015625,9.269
4883.9475854119955,595.1015625,9.447
4884.268890038002,465.720703125,7.093
4884.591306189992,724.47412109375,8.158
4884.913836680993,595.10205078125,8.997
4885.237791188003,516.3515625,9.563
4885.561713246003,472.81689453125,8.08
4885.883701861996,1029.72314453125,7.924
4886.207890392994,595.1025390625,8.92
4886.530384115002,595.1025390625,9.269
4886.852627778993,595.1025390625,9.796
4887.173161273997,984.7236328125,7.665
4887.495149793991,589.47802734375,8.585
4887.817086216004,595.10302734375,9.346
4888.138310070004,595.10302734375,9.525
4888.459442145002,465.72216796875,6.976
4888.781232865003,724.4755859375,8.119
4889.103499121993,595.103515625,8.959
4889.426853926998,499.49462890625,9.525
4889.748389086992,465.74365234375,8.119
4890.071696179002,1029.724609375,7.924
4890.39422711599,595.10400390625,8.92
4890.715765539004,595.10400390625,9.292
4891.037886061997,595.10400390625,9.796
4891.359120730995,984.72509765625,7.51
4891.682389260997,589.4794921875,8.468
4892.004447444997,516.34814453125,9.269
4892.327593986993,595.1044921875,9.486
4892.649043062993,465.7236328125,7.405
4892.973894429,724.47705078125,8.313
4893.295931044995,488.2236328125,9.153
4893.6182148679945,595.10498046875,9.408
4893.93976874699,465.72412109375,7.899
4894.261600298996,724.4775390625,8.08
4894.583557614998,595.10546875,8.881
4894.905079524993,595.10546875,9.447
4895.227547610004,595.10546875,9.346
4895.550371642996,1029.7265625,7.587
4895.872806735002,589.48095703125,8.648
4896.194627821998,595.10595703125,9.191
4896.517328394999,595.10595703125,9.641
4896.84210545299,465.72509765625,7.171
4897.165003215996,735.67138671875,8.352
4897.486826319,595.1064453125,9.153
4897.808528937996,595.1064453125,9.408
4898.130444715003,465.7255859375,7.704
4898.452708151992,724.47900390625,7.963
4898.774743934002,595.10693359375,8.881
4899.096713409002,595.10693359375,9.37
4899.418434138992,595.10693359375,9.269
4899.740823660002,1029.72802734375,7.548
4900.062666729995,589.482421875,8.687
4900.38665412899,595.107421875,9.23
4900.710871998992,595.107421875,9.563
4901.031342254995,465.7265625,7.393
4901.356012844,746.97998046875,8.507
4901.6780087829975,595.10791015625,9.114
4902.0007051619905,595.10791015625,9.563
4902.323629324004,465.72705078125,7.432
4902.646089629998,724.48046875,8.196
4902.970448399996,595.1083984375,8.92
4903.293249773997,595.1083984375,9.486
4903.614718750992,489.6455078125,8.74
4903.9379713389935,1029.7294921875,7.51
4904.2601801479905,589.48388671875,8.648
4904.581933422,595.10888671875,9.269
4904.903737257002,595.10888671875,9.486
4905.2272059489915,465.72802734375,6.937
4905.552718805004,510.72900390625,8.274
4905.875025089001,595.109375,8.997
4906.199599097003,595.109375,9.408
4906.526013231996,465.728515625,7.51
4906.851450564995,533.5830078125,7.886
4907.17452935499,595.10986328125,8.803
4907.499094850995,595.10986328125,9.408
4907.821164326,595.10986328125,9.308
4908.143258857992,690.72900390625,7.548
4908.465404463001,589.4853515625,8.648
4908.787420143999,595.1103515625,9.191
4909.109871904002,510.73486328125,9.641
4909.43176274799,465.7294921875,7.054
4909.7544695879915,724.48291015625,8.158
4910.076260300993,595.11083984375,9.114
4910.398958021004,595.11083984375,9.486
4910.7224172699935,465.72998046875,7.938
4911.045153999003,724.4833984375,8.119
4911.366957160004,595.111328125,8.959
4911.690413431992,595.111328125,9.447
4912.013675586,595.111328125,9.308
4912.336101455992,1029.732421875,7.548
4912.659314520002,589.48681640625,8.687
4912.983100115001,595.11181640625,9.269
4913.304657090994,595.11181640625,9.602
4913.628348154991,465.73095703125,7.093
4913.950692421,735.67724609375,8.313
4914.272182194996,595.1123046875,9.114
4914.59563616199,595.1123046875,9.486
4914.917546782002,465.7314453125,7.704
4915.240564349995,724.48486328125,8.002
4915.563126383,626.748046875,9.036
4915.885678976003,595.11279296875,9.37
4916.2103696569975,599.5625,9.153
4916.532019306993,984.73388671875,7.471
4916.856319797997,589.48828125,8.546
4917.180855817001,595.11328125,9.191
4917.503132911996,488.23193359375,9.602
4917.826764964004,465.732421875,7.288
4918.151005004998,729.8681640625,8.43
4918.472535673995,595.11376953125,9.153
4918.796455543998,595.11376953125,9.447
4919.119773505998,465.73291015625,7.665
4919.442313200998,724.486328125,8.08
4919.7654343869945,595.1142578125,9.075
4920.089368272995,595.1142578125,9.408
4920.419660261003,489.6513671875,8.881
4920.744866605994,1029.7353515625,7.626
4921.06740351599,493.86962890625,8.803
4921.389993035991,595.11474609375,9.269
4921.713029610997,499.4833984375,9.641
4922.037138286003,465.73388671875,7.093
4922.36010842699,746.9873046875,8.352
4922.683662955998,595.115234375,9.114
4923.005505547,595.115234375,9.486
4923.331210738004,465.734375,7.366
4923.6547069439985,724.48779296875,8.313
4923.978014624998,599.43017578125,9.036
4924.299520645,595.11572265625,9.408
4924.621356404998,489.65283203125,8.585
4924.943512719998,1029.73681640625,8.196
4925.266157411999,595.1162109375,9.036
4925.5880037229945,595.1162109375,9.408
4925.911083564002,595.1162109375,9.757
4926.233105717998,984.7373046875,7.51
4926.555763133991,589.49169921875,8.454
4926.8792324879905,595.11669921875,9.308
4927.2015736890025,595.11669921875,9.486
4927.524595882001,465.73583984375,7.015
4927.847974468998,724.4892578125,8.119
4928.169971929994,595.1171875,8.997
4928.492897404998,595.1171875,9.525
4928.814900231999,472.83203125,8.093
4929.1371495030035,1029.73828125,7.886
4929.459990613002,595.11767578125,8.92
4929.781827628991,595.11767578125,9.292
4930.103908913996,595.11767578125,9.796
4930.426787007003,984.73876953125,7.743
4930.748239738998,589.4931640625,8.648
4931.069884158991,595.1181640625,9.23
4931.3920388449915,696.3681640625,9.563
4931.713535506002,465.7373046875,7.093
4932.035932658997,724.49072265625,8.158
4932.357399332002,595.11865234375,9.036
4932.679090234,595.11865234375,9.525
4933.004674515003,465.73779296875,7.976
4933.327429659999,724.4912109375,8.119
4933.64914423399,595.119140625,8.881
4933.971655261004,595.119140625,9.486
4934.293597394004,595.119140625,9.385
4934.6155555229925,984.740234375,7.548
4934.936971124,589.49462890625,8.61
4935.258789751999,595.11962890625,9.191
4935.583603250998,626.7548828125,9.602
4935.906375199003,465.73876953125,7.21
4936.229350548994,724.4921875,8.313
4936.5516399089975,595.1201171875,9.191
4936.872916217995,595.1201171875,9.447
4937.1954348309955,465.7392578125,7.743
4937.519719611999,724.49267578125,8.002
4937.842234950993,494.0458984375,9.036
4938.164172339995,595.12060546875,9.37
4938.486186531998,479.9013671875,9.114
4938.809094233002,1029.74169921875,7.548
4939.1308399550035,589.49609375,8.61
4939.4527508689935,595.12109375,9.269
4939.775011135003,595.12109375,9.563
4940.097775553993,465.740234375,7.054
4940.419223650999,724.49365234375,8.158
4940.74142873699,621.1318359375,9.036
4941.06447072899,595.12158203125,9.37
4941.386379030999,465.74072265625,7.86
4941.708585196,1029.74267578125,7.821
4942.031492706999,595.1220703125,8.842
4942.354815856001,595.1220703125,9.269
4942.678299164996,595.1220703125,9.757
4942.999382957991,984.7431640625,7.587
4943.321886181991,589.49755859375,8.507
4943.646840789996,595.12255859375,9.308
4943.968976753997,595.12255859375,9.525
4944.290618644998,465.74169921875,7.054
4944.614259064998,724.4951171875,8.119
4944.936920645996,595.123046875,8.997
4945.260148718997,595.123046875,9.563
4945.5817511389905,465.7421875,8.054
4945.904486601998,1029.744140625,8.041
4946.226453322,595.12353515625,8.842
4946.5487124380015,595.1240234375,9.331
4946.871208647004,595.12353515625,9.563
4947.192330257996,984.74462890625,7.626
4947.514163679996,589.4990234375,8.61
4947.837068602996,595.1240234375,9.191
4948.158726231995,502.86767578125,9.602
4948.479133044995,465.7431640625,7.21
4948.800953839993,724.49658203125,8.274
4949.122899665992,494.2255859375,9.191
4949.444907477999,595.12451171875,9.447
4949.766548158994,465.74365234375,7.86
4950.088817511001,724.4970703125,8.08
4950.410418286003,595.125,8.881
4950.732638795002,595.125,9.447
4951.0548184049985,595.125,9.346
4951.376492518,1029.74609375,7.587
4951.6983736730035,589.50048828125,8.648
4952.020679583991,595.12548828125,9.153
4952.342346773992,595.12548828125,9.602
4952.666471139004,465.74462890625,7.132
4952.990027534994,724.498046875,8.196
4953.312406719997,595.1259765625,9.153
4953.635089050993,595.1259765625,9.408
4953.95691469399,465.7451171875,7.782
4954.278758897999,724.49853515625,8.002
4954.600973612993,595.12646484375,8.881
4954.921987492999,595.12646484375,9.602
4955.2472921180015,595.12646484375,9.308
4955.570165992991,1029.74755859375,7.665
4955.892979794997,589.501953125,8.648
4956.215748250994,499.85302734375,9.37
4956.537586320992,595.126953125,9.525
4956.860289292003,465.74609375,7.054
4957.183581635996,611.99609375,8.313
4957.506149941997,595.12744140625,9.075
4957.827995259999,595.12744140625,9.486
4958.15008974199,465.74658203125,7.626
4958.473035818999,724.5,8.041
4958.795573547002,595.1279296875,9.036
4959.118951091994,595.1279296875,9.408
4959.441514292004,489.6650390625,9.075
4959.765285608999,1029.7490234375,7.548
4960.087644372994,589.50341796875,8.571
4960.412569730994,499.8544921875,9.346
4960.734917734997,595.12841796875,9.525
4961.057061758998,465.74755859375,6.976
4961.378771873002,724.5009765625,8.158
4961.701228641992,595.12890625,9.114
4962.023089986993,595.12890625,9.37
4962.34498918899,465.748046875,7.782
4962.668660762996,724.50146484375,8.041
4962.99157555899,595.12939453125,8.959
4963.314819523002,595.12939453125,9.408
4963.6381744959945,656.0146484375,9.191
4963.960915001997,1029.75048828125,7.587
4964.282674275004,589.5048828125,8.61
4964.604492073995,595.1298828125,9.191
4964.927715826998,595.1298828125,9.563
4965.250742256991,465.7490234375,7.054
4965.572330693001,724.50244140625,8.158
4965.8949937040015,510.7490234375,9.114
4966.218158980002,595.13037109375,9.408
4966.541811125993,465.74951171875,7.86
4966.863732009995,724.5029296875,8.08
4967.185580859004,595.130859375,8.92
4967.507654037996,595.130859375,9.447
4967.829595745992,595.130859375,9.308
4968.152260018003,1029.751953125,7.587
4968.475801453998,589.50634765625,8.648
4968.797827668997,595.13134765625,9.191
4969.120295953995,595.13134765625,9.641
4969.443950378001,465.75048828125,7.054
4969.766013129993,724.50390625,8.235
4970.0889347409975,595.1318359375,9.191
4970.411292738994,595.1318359375,9.447
4970.735622412001,465.7509765625,7.743
4971.059940306994,1029.7529296875,7.963
4971.382803089,595.13232421875,8.842
4971.705125484994,595.13232421875,9.486
4972.026786628994,595.13232421875,9.502
4972.3496622989915,1029.75341796875,7.743
4972.673290703999,589.5078125,8.687
4972.995608479992,621.13720703125,9.385
4973.317675459999,595.1328125,9.563
4973.640755412998,465.751953125,7.054
4973.9627691009955,745.8232421875,8.235
4974.284731585998,595.13330078125,9.114
4974.606404835999,595.13330078125,9.447
4974.928659871002,465.75244140625,7.704
4975.251709121003,724.505859375,7.963
4975.574017691004,595.1337890625,8.842
4975.895405057003,595.1337890625,9.408
4976.216752548993,595.1337890625,9.346
4976.538085285996,984.7548828125,7.548
4976.859775826,589.50927734375,8.571
4977.182483953002,595.13427734375,9.23
4977.505185902002,595.13427734375,9.486
4977.828129294998,465.75341796875,6.937
4978.152250186991,724.5068359375,8.08
4978.475395446003,595.134765625,8.92
4978.800152199998,615.52001953125,9.447
4979.124871320993,493.83056640625,8.093
4979.448570230001,1029.755859375,7.626
4979.772141124995,595.13525390625,8.687
4980.095990048998,595.13525390625,9.385
4980.4194346,595.13525390625,9.757
4980.740472912003,984.75634765625,7.782
4981.062797847,589.5107421875,8.61
4981.386114512003,595.1357421875,9.346
4981.710019837992,595.1357421875,9.525
4982.031533938993,465.7548828125,6.976
4982.3537688450015,724.50830078125,8.119
4982.676558619001,595.13623046875,8.997
4982.999345350996,595.13623046875,9.525
4983.322374430994,472.85107421875,8.093
4983.644815795997,1029.75732421875,8.041
4983.966418939002,595.13671875,8.881
4984.2880360359995,595.13671875,9.331
4984.609824304003,595.13671875,9.68
4984.931394700994,984.7578125,7.587
4985.254069153001,589.51220703125,8.507
4985.5770780500025,595.13720703125,9.308
4985.900580310001,595.13720703125,9.563
4986.222541149997,465.75634765625,7.132
4986.546948539995,724.509765625,8.196
4986.869405778998,595.1376953125,9.036
4987.190764371,595.1376953125,9.486
4987.514054290004,465.7568359375,7.976
4987.836546017003,623.2568359375,8.08
4988.158467796995,595.13818359375,8.842
4988.4804966849915,595.13818359375,9.447
4988.80236328399,595.13818359375,9.486
4989.124566061,623.25732421875,7.665
4989.445953085,589.513671875,8.648
4989.767514348001,595.138671875,9.191
4990.089213218991,510.75732421875,9.563
4990.412342016003,465.7578125,7.21
4990.734067600002,724.51123046875,8.274
4991.055749243998,595.13916015625,9.153
4991.377111640992,595.13916015625,9.37
4991.698696377993,465.75830078125,7.821
4992.0208696219925,724.51171875,8.002
4992.342454932994,595.1396484375,8.881
4992.6648311570025,595.1396484375,9.447
4992.986519504004,595.1396484375,9.346
4993.30907765399,758.2587890625,7.548
4993.631117437995,589.51513671875,8.61
4993.953241668991,595.14013671875,9.153
4994.275469874003,626.775390625,9.563
4994.595916578997,465.75927734375,7.093
4994.91935520299,724.5126953125,8.158
4995.241072620993,595.140625,8.997
4995.564038483004,595.140625,9.486
4995.8859247329965,465.759765625,8.015
4996.208537514991,1029.76171875,7.963
4996.530722786003,595.14111328125,8.881
4996.852697606999,595.14111328125,9.254
4997.175068896002,595.14111328125,9.718
4997.496159481991,984.76220703125,7.432
4997.818506312993,606.39111328125,8.416
4998.140782132003,716.77685546875,9.191
4998.462883350992,595.1416015625,9.447
4998.785465096997,465.7607421875,6.859
4999.107872498003,724.51416015625,8.158
4999.431742532004,595.14208984375,9.486
4999.7544255859975,595.14208984375,9.641
5000.079067808998,482.7353515625,8.507
5000.401221812994,1029.76318359375,7.665
5000.723834007993,595.142578125,8.803
5001.046337011998,595.142578125,9.308
5001.370022314994,595.142578125,9.641
5001.691382920995,465.76171875,7.315
5002.013597550002,747.01513671875,8.391
5002.335974299,595.14306640625,9.23
5002.659122248995,595.14306640625,9.68
5002.981852830999,465.76220703125,7.327
5003.303618245991,724.515625,8.274
5003.625468364,595.1435546875,8.997
5003.947193319997,595.1435546875,9.486
5004.269000358996,489.6806640625,8.624
5004.590674908992,1029.7646484375,7.665
5004.91327564299,595.14404296875,8.765
5005.235255866995,595.14404296875,9.215
5005.558157220992,595.14404296875,9.68
5005.879478556002,465.76318359375,7.237
5006.201336908998,747.0166015625,8.313
5006.523523563999,595.14453125,9.191
5006.845310545003,595.14453125,9.447
5007.167245564997,465.763671875,7.249
5007.489422675993,724.51708984375,8.119
5007.81185764799,595.14501953125,8.959
5008.134037918993,595.14501953125,9.525
5008.455476201998,489.68212890625,8.74
5008.776827176,1029.76611328125,7.626
5009.099034159997,595.1455078125,8.803
5009.420282345003,595.1455078125,9.23
5009.741652832992,626.78076171875,9.563
5010.064008422996,465.7646484375,6.898
5010.385878165995,747.01806640625,8.274
5010.708345691994,595.14599609375,8.997
5011.030029400994,621.15625,9.447
5011.352610018002,465.76513671875,7.548
5011.676907608999,645.76513671875,8.196
5011.999992914003,595.146484375,8.92
5012.323574210997,595.146484375,9.486
5012.645500863,595.146484375,9.424
5012.967734342004,984.767578125,7.548
5013.289698430992,589.52197265625,8.507
5013.611571312998,595.14697265625,9.23
5013.936581431,595.14697265625,9.486
5014.26176643699,465.76611328125,6.976
5014.5866724829975,724.51953125,8.158
5014.908991132004,595.1474609375,9.191
5015.234715771992,494.07275390625,9.641
5015.556420630004,472.8623046875,8.171
5015.878352307991,1029.7685546875,7.963
5016.201057591999,595.14794921875,8.92
5016.523583346003,595.14794921875,9.269
5016.846775076992,595.14794921875,9.796
5017.16717688099,984.76904296875,7.665
5017.4903428499965,589.5234375,8.532
5017.812305329004,595.1484375,9.308
5018.133757702992,595.1484375,9.408
5018.458236049002,465.767578125,6.976
5018.780158580994,724.52099609375,8.119
5019.103389976997,595.14892578125,8.997
5019.427503432991,595.14892578125,9.486
5019.749199226004,492.49853515625,8.235
5020.07262700799,1029.77001953125,7.847
5020.396567389995,599.4638671875,8.881
5020.720576697,595.1494140625,9.331
5021.045751049998,499.51806640625,9.834
5021.370105075999,465.7685546875,7.354
5021.693438661998,747.02197265625,8.546
5022.016043411,595.14990234375,9.153
5022.344533629002,595.14990234375,9.718
5022.6713240160025,465.76904296875,7.171
5022.994610324997,724.5224609375,8.313
5023.320778501991,595.150390625,9.23
5023.645858877004,595.150390625,9.68
5023.969352899992,492.5,8.468
5024.294251215004,1029.771484375,8.43
5024.619157877998,595.15087890625,9.114
5024.945937555996,635.7861328125,9.718
5025.270153428995,595.15087890625,9.757
5025.595598989996,984.77197265625,7.899
5025.919946060996,589.5263671875,8.881
5026.2439413719985,595.1513671875,9.447
5026.567946630996,499.70166015625,9.873
5026.894064148,465.7705078125,7.054
5027.21804440899,724.52392578125,8.313
5027.542989195004,595.15185546875,9.191
5027.868222019999,516.3955078125,9.718
5028.192213089002,497.9921875,8.391
5028.5183431729965,1029.77294921875,8.196
5028.842856242991,595.15234375,9.23
5029.16929823799,595.15234375,9.602
5029.493061190995,595.15234375,9.951
5029.816709858991,465.771484375,7.327
5030.1396076419915,747.02490234375,8.648
5030.465495937999,595.15283203125,9.331
5030.789737650994,621.1630859375,9.796
5031.115711510996,465.77197265625,7.327
5031.441430381994,724.525390625,8.546
5031.766353079991,595.1533203125,9.37
5032.090568382002,595.1533203125,9.641
5032.413511463004,492.5029296875,8.624
5032.733551197001,1029.7744140625,8.274
5033.053101785001,595.15380859375,9.385
5033.373418586998,595.15380859375,10.591
5033.692889742,595.15380859375,10.707
5034.015095042996,555.77294921875,8.935
5034.336804384002,589.529296875,9.525
5034.659027792004,595.154296875,9.989
5034.983607279995,595.154296875,10.205
5035.304920625,465.7734375,7.834
5035.630250959992,724.52685546875,9.075
5035.954907819003,595.15478515625,9.912
5036.278209540003,595.15478515625,10.243
5036.601114278994,492.50439453125,9.153
5036.923715829995,1029.77587890625,8.701
5037.245267634993,595.1552734375,9.486
5037.576928276001,493.89892578125,10.089
5037.907072870992,595.1552734375,10.437
5038.228274155001,465.7744140625,7.665
5038.551969508,747.02783203125,8.687
5038.875318951003,595.15576171875,9.269
5039.198464864996,595.15576171875,9.641
5039.521353803997,465.77490234375,7.51
5039.84380057099,724.5283203125,8.119
5040.165902937995,595.15625,8.997
5040.4878443039925,595.15625,9.37
5040.815182178994,489.693359375,8.92
5041.137545061996,1029.77734375,7.847
5041.459878695998,494.08203125,8.997
5041.7823174779915,595.15673828125,9.331
5042.104873322998,716.7919921875,9.641
5042.427673626997,465.77587890625,7.288
5042.750703309997,747.029296875,8.391
5043.075686622993,595.1572265625,9.153
5043.3981352539995,595.1572265625,9.447
5043.723572342991,465.7763671875,7.327
5044.046047238997,724.52978515625,7.847
5044.372293804001,595.15771484375,8.959
5044.697351474999,595.15771484375,9.331
5045.0198602839955,489.69482421875,8.997
5045.341420216995,1029.77880859375,7.432
5045.663610125994,589.533203125,8.61
5045.988275734999,595.158203125,9.191
5046.312594927993,595.158203125,9.641
5046.637725483,465.77734375,7.21
5046.96154105899,758.2236328125,8.391
5047.288192676002,595.15869140625,9.114
5047.610603412992,510.77734375,9.563
5047.932450694992,465.77783203125,7.587
5048.254751343004,724.53125,7.963
5048.577042546996,499.88525390625,8.959
5048.899474040998,595.1591796875,9.331
5049.222287120996,621.16943359375,9.114
5049.546207676001,1029.7802734375,7.743
5049.868259943993,615.544921875,8.803
5050.190589185004,595.15966796875,9.269
5050.513177253,595.15966796875,9.525
5050.83549125299,465.77880859375,7.015
5051.159103747996,747.0322265625,8.352
5051.482865497004,595.16015625,8.997
5051.807664152002,494.26123046875,9.525
5052.12929683199,465.779296875,7.51
5052.453451583991,724.53271484375,8.002
5052.776016396994,595.16064453125,8.997
5053.097985628003,595.16064453125,9.331
5053.420656333998,489.69775390625,9.036
5053.743129487004,1029.78173828125,7.548
5054.066440822993,589.5361328125,8.571
5054.388406974991,516.40478515625,9.269
5054.709873257001,595.1611328125,9.486
5055.033673311991,465.7802734375,6.976
5055.356225755997,724.53369140625,8.158
5055.677946411,595.16162109375,9.114
5056.002369176,595.16162109375,9.641
5056.324261772999,465.78076171875,8.015
5056.647509021001,724.5341796875,8.507
5056.969654261993,494.26318359375,9.408
5057.292612948993,595.162109375,9.757
5057.616279378999,716.79736328125,9.37
5057.938865560995,1029.783203125,7.626
5058.2605074729945,589.53759765625,8.959
5058.581229114992,595.16259765625,9.602
5058.9041041989985,595.16259765625,9.873
5059.226754247997,465.78173828125,7.899
5059.549529708995,747.03515625,8.648
5059.8721926470025,516.40673828125,9.563
5060.194463630003,595.1630859375,10.243
5060.518160054999,465.7822265625,8.21
5060.841380355996,724.53564453125,8.765
5061.163225070995,595.16357421875,9.37
5061.485221376002,595.16357421875,9.563
5061.809512024003,489.70068359375,8.997
5062.133844305994,1029.78466796875,7.587
5062.458124808996,589.5390625,8.648
5062.780425817997,595.1640625,9.331
5063.101908643992,595.1640625,9.563
5063.424237878993,465.783203125,7.015
5063.747024344004,747.03662109375,8.391
5064.069014897992,595.16455078125,9.075
5064.390760704991,595.16455078125,9.602
5064.71338053199,465.78369140625,7.548
5065.035381479,724.537109375,8.041
5065.358156927003,595.1650390625,9.036
5065.680920336992,595.1650390625,9.408
5066.002422660997,489.7021484375,8.959
5066.324932232994,1029.7861328125,7.51
5066.647117336994,589.54052734375,8.61
5066.970278003995,595.16552734375,9.37
5067.292362298991,595.16552734375,9.563
5067.613827394001,465.78466796875,7.171
5067.936575073996,747.0380859375,8.43
5068.25810874399,595.166015625,9.075
5068.580222853998,595.166015625,9.602
5068.907942025995,465.78515625,7.639
5069.232737090992,724.53857421875,8.08
5069.556713170998,595.16650390625,8.997
5069.8803812309925,595.16650390625,9.408
5070.203625398004,489.70361328125,8.842
5070.527299152993,1029.78759765625,7.51
5070.849992791002,589.5419921875,8.61
5071.174236709994,595.1669921875,9.346
5071.4958109979925,595.1669921875,9.563
5071.817383550995,465.7861328125,7.054
5072.139508513996,747.03955078125,8.391
5072.461379289991,595.16748046875,9.036
5072.783930728998,595.16748046875,9.563
5073.108245804993,465.78662109375,7.51
5073.430554128994,724.5400390625,8.352
5073.752651845003,595.16796875,9.036
5074.07457441499,595.16796875,9.525
5074.396832040991,489.705078125,8.624
5074.719099965994,1029.7890625,7.587
5075.040917595994,499.89453125,8.765
5075.363712776001,595.16845703125,9.269
5075.686731640992,595.16845703125,9.68
5076.011079910997,465.78759765625,7.171
5076.333416181995,747.041015625,8.313
5076.6554322729935,626.80419921875,9.191
5076.978685412003,595.1689453125,9.447
5077.302319847993,465.7880859375,7.288
5077.624898262991,724.54150390625,8.08
5077.946585687998,595.16943359375,8.92
5078.268100016998,533.2880859375,9.447
5078.589351289993,489.70654296875,8.803
5078.912361298004,1029.79052734375,7.808
5079.234681928996,595.169921875,8.842
5079.5581747739925,595.169921875,9.331
5079.881109219001,595.169921875,9.718
5080.204341820994,465.7890625,7.665
5080.527269575992,747.04248046875,8.61
5080.850620704994,595.17041015625,9.191
5081.174960616991,595.17041015625,9.602
5081.497095687999,465.78955078125,6.976
5081.820475129993,724.54296875,8.158
5082.142584688991,595.1708984375,8.92
5082.46427905999,595.1708984375,9.447
5082.7863175999955,489.7080078125,8.624
5083.110374762997,1029.7919921875,7.393
5083.432132681992,589.54638671875,8.532
5083.754183887999,595.17138671875,9.308
5084.076149713001,595.17138671875,9.486
5084.398118577999,465.79052734375,6.898
5084.720893682999,724.5439453125,8.158
5085.044702915999,595.171875,9.075
5085.365538279992,595.171875,9.37
5085.688165436004,465.791015625,7.743
5086.010221905992,1029.79296875,7.886
5086.334119742998,595.17236328125,8.803
5086.657598131991,595.17236328125,9.331
5086.981311376992,595.17236328125,9.602
5087.302743938999,984.79345703125,7.471
5087.624657414999,589.5478515625,8.43
5087.947672508002,510.79736328125,9.308
5088.269956525997,595.1728515625,9.486
5088.592473575991,465.7919921875,7.171
5088.914535848991,724.54541015625,8.196
5089.236518820995,595.17333984375,9.036
5089.559231905994,595.17333984375,9.563
5089.882382829994,472.88818359375,8.08
5090.202713430001,1029.79443359375,8.158
5090.524076653004,595.173828125,8.92
5090.8455128009955,595.17431640625,9.37
5091.167213121997,595.173828125,9.641
5091.488428042998,984.794921875,7.665
5091.810350735002,589.54931640625,8.61
5092.133761880992,595.17431640625,9.269
5092.455273289001,595.17431640625,9.563
5092.777466738,465.79345703125,7.054
5093.100401725998,724.546875,8.158
5093.42289163699,595.1748046875,9.036
5093.744935985,595.1748046875,9.525
5094.068506034993,465.7939453125,8.015
5094.3908415640035,724.54736328125,8.119
5094.713112924001,595.17529296875,8.881
5095.035741066997,595.17529296875,9.447
5095.359796635996,595.17529296875,9.308
5095.682210843996,1034.89306640625,7.548
5096.005877524003,589.55078125,8.648
5096.327844924992,595.17578125,9.191
5096.651041659003,595.17578125,9.641
5096.972382366992,465.794921875,7.015
5097.296716878991,724.54833984375,8.119
5097.619124864999,595.1767578125,8.997
5097.941168318997,595.17626953125,9.447
5098.263224124996,465.79541015625,7.938
5098.58610473499,724.548828125,8.08
5098.912151568002,595.1767578125,8.997
5099.23390984899,595.1767578125,9.37
5099.557634811994,621.18701171875,9.153
5099.883705831991,1029.7978515625,7.471
5100.211319611,589.55224609375,8.61
5100.534026758993,510.7958984375,9.308
5100.857930086,595.17724609375,9.525
5101.179729634998,465.79638671875,7.054
5101.502175995993,758.24267578125,8.274
5101.824890139993,595.177734375,9.114
5102.146516330002,595.177734375,9.486
5102.470363357992,465.796875,7.626
5102.792992114992,724.55029296875,7.963
5103.115351642991,499.546875,8.959
5103.437283214997,595.17822265625,9.37
5103.761247356,499.546875,9.114
5104.0840852669935,1029.79931640625,7.587
5104.405816471,589.5537109375,8.648
5104.727793311991,595.1787109375,9.346
5105.049818889995,595.1787109375,9.525
5105.372347659999,465.7978515625,7.054
5105.694497046992,747.05126953125,8.352
5106.016514232993,595.17919921875,9.075
5106.338537916003,516.4228515625,9.563
5106.665116718999,465.79833984375,7.548
5106.987853515995,724.5517578125,8.08
5107.3099932289915,595.1796875,8.997
5107.633947839,595.1796875,9.447
5107.957214573995,489.716796875,8.842
5108.2804226180015,1029.80078125,7.548
5108.604626257002,589.55517578125,8.687
5108.927064817995,595.18017578125,9.292
5109.249525940002,595.18017578125,9.602
5109.5735295310005,465.79931640625,7.132
5109.896194271001,747.052734375,8.391
5110.217968377998,595.1806640625,9.075
5110.540308494004,595.1806640625,9.525
5110.864613079,465.7998046875,7.405
5111.186632277997,724.55322265625,8.196
5111.509221614993,595.18115234375,8.92
5111.833155072003,595.18115234375,9.486
5112.154664735994,489.71826171875,8.74
5112.478691765995,1029.80224609375,7.51
5112.801433127999,589.556640625,8.648
5113.123845387003,595.181640625,9.269
5113.446843850004,595.181640625,9.525
5113.769096158998,465.80078125,6.937
5114.091764935001,747.05419921875,8.274
5114.413660844002,595.18212890625,9.036
5114.736935626002,595.18212890625,9.447
5115.058492950993,465.80126953125,7.626
5115.382174983999,724.5546875,7.924
5115.704269288995,595.1826171875,8.842
5116.027073960999,595.1826171875,9.408
5116.34923556399,595.1826171875,9.308
5116.671005943004,1029.8037109375,7.587
5116.994428108999,589.55810546875,8.648
5117.316595657001,595.18310546875,9.191
5117.639025644996,595.18310546875,9.641
5117.964431575994,465.80224609375,7.054
5118.2865198490035,724.5556640625,8.158
5118.608567604999,499.55224609375,9.114
5118.930389235,595.18359375,9.408
5119.254187020997,465.802734375,7.86
5119.576351255993,623.302734375,8.041
5119.898128364992,595.18408203125,8.881
5120.221601040001,595.18408203125,9.486
5120.544018881003,595.18408203125,9.424
5120.868328739991,647.0078125,7.626
5121.191141984993,589.5595703125,8.648
5121.512790983994,595.1845703125,9.23
5121.83584477799,595.1845703125,9.68
5122.158800903999,465.8037109375,7.054
5122.480945951,724.55712890625,8.158
5122.804216643999,516.4287109375,9.114
5123.126372086001,595.18505859375,9.408
5123.448395393003,465.80419921875,7.86
5123.770727987998,724.5576171875,8.196
5124.093707332999,595.185546875,9.075
5124.415109483991,595.185546875,9.408
5124.741548342994,489.72265625,8.997
5125.065199424003,1029.806640625,7.626
5125.387143033004,589.56103515625,8.726
5125.708720476992,595.18603515625,9.292
5126.031243627003,595.18603515625,9.525
5126.353439049999,465.80517578125,7.015
5126.678691537003,747.05859375,8.352
5127.000754081993,595.1865234375,9.036
5127.322737743991,595.1865234375,9.525
5127.644401483994,465.8056640625,7.51
5127.967190551994,724.55908203125,7.963
5128.290290065997,499.9130859375,8.959
5128.612726378997,595.18701171875,9.292
5128.935219523002,621.197265625,9.153
5129.257354250003,1029.80810546875,7.587
5129.579504655994,589.5625,8.61
5129.901874075003,621.19775390625,9.269
5130.223394047003,595.1875,9.486
5130.546904061004,465.806640625,6.976
5130.871613069001,724.56005859375,8.119
5131.195575546997,493.931640625,9.075
5131.517074677991,595.18798828125,9.37
5131.8390791389975,465.80712890625,7.86
5132.1603971680015,1029.80908203125,8.002
5132.482277749994,595.1884765625,8.803
5132.804522855993,621.19873046875,9.408
5133.128299870994,595.1884765625,9.525
5133.450556816999,984.8095703125,7.548
5133.772365062992,589.56396484375,8.532
5134.094672211999,595.18896484375,9.269
5134.41681986599,595.18896484375,9.486
5134.738412799998,465.80810546875,6.976
5135.062654783993,724.5615234375,8.119
5135.384209986994,595.189453125,8.959
5135.705865894997,499.73974609375,9.408
5136.027952411998,500.29150390625,8.119
5136.351361869994,1029.810546875,7.808
5136.673600837996,516.43359375,8.881
5136.995895326996,595.18994140625,9.346
5137.319939975001,494.115234375,9.834
5137.641655936997,602.013671875,7.471
5137.964310530995,499.55908203125,8.507
5138.286777212998,599.5048828125,9.269
5138.608563443995,595.1904296875,9.486
5138.932342882996,465.8095703125,6.937
5139.254714384995,724.56298828125,8.119
5139.576840946,595.19091796875,9.036
5139.898660224004,595.19091796875,9.408
5140.220496430993,492.54052734375,8.274
5140.542033263002,1029.81201171875,8.08
5140.863918265997,595.19140625,8.959
5141.185793732002,595.19140625,9.292
5141.507837108991,595.19140625,9.757
5141.828774701004,984.8125,7.51
5142.151312814996,589.56689453125,8.454
5142.473427517994,516.435546875,9.23
5142.795378301991,595.19189453125,9.486
5143.1193823639915,465.81103515625,7.015
5143.442269159001,724.564453125,8.119
5143.764003000004,595.1923828125,8.959
5144.086196315999,499.56103515625,9.486
5144.407789093995,482.69189453125,8.158
5144.730083242001,1029.8134765625,7.886
5145.05286998699,595.19287109375,8.92
5145.374681358997,595.19287109375,9.292
5145.696906697995,595.19287109375,9.796
5146.0181322449935,465.81201171875,7.393
5146.341732781002,757.25830078125,8.507
5146.664211725991,595.193359375,9.191
5146.987482672004,595.193359375,9.525
5147.313008376994,465.8125,7.054
5147.634951482993,724.56591796875,8.119
5147.956460774003,595.19384765625,9.036
5148.279575610999,595.19384765625,9.447
5148.601282475996,492.54345703125,8.196
5148.923144159999,1029.81494140625,7.963
5149.244995988993,595.1943359375,8.92
5149.566560281004,595.1943359375,9.308
5149.888027348992,533.31298828125,9.757
5150.211018870992,465.8134765625,7.393
5150.532980360003,747.06689453125,8.532
5150.857019923002,595.19482421875,9.114
5151.179310189997,595.19482421875,9.602
5151.501586951999,465.81396484375,7.015
5151.823617583999,724.5673828125,8.235
5152.149167416996,595.1953125,9.075
5152.473268543996,595.1953125,9.37
5152.794834444998,492.544921875,8.313
5153.117055704002,1029.81640625,7.665
5153.439316611999,595.19580078125,8.648
5153.76121586599,615.5810546875,9.269
5154.083560899991,595.19580078125,9.641
5154.404760922,465.81494140625,7.171
5154.726566501995,747.068359375,8.274
5155.050378828004,510.82080078125,9.114
5155.372363902992,595.1962890625,9.37
5155.696536272997,465.8154296875,7.249
5156.0186143699975,724.56884765625,8.235
5156.340366051998,595.19677734375,8.92
5156.663593156991,595.19677734375,9.447
5156.985901049993,489.73388671875,8.624
5157.307244386,1029.81787109375,7.548
5157.629460048003,615.58251953125,8.687
5157.950967065,595.197265625,9.23
5158.272860340992,595.197265625,9.525
5158.594562821003,465.81640625,6.937
5158.917221755997,792.0693359375,8.274
5159.238616795003,595.19775390625,9.036
5159.559909521995,595.19775390625,9.447
5159.881746397994,465.81689453125,7.626
5160.204279753991,724.5703125,7.963
5160.5262374339945,621.20849609375,8.92
5160.849134224001,595.1982421875,9.331
5161.171506188999,595.1982421875,9.191
5161.493500440993,1029.8193359375,7.51
5161.817906668992,589.57373046875,8.648
5162.140254562997,595.19873046875,9.191
5162.464046970999,595.19873046875,9.602
5162.787804619002,465.81787109375,7.054
5163.110764087003,724.5712890625,8.158
5163.432831801998,595.19921875,9.075
5163.755020476994,595.19921875,9.37
5164.079547656991,465.818359375,7.782
5164.403972817003,724.57177734375,8.041
5164.72604112899,635.8349609375,8.959
5165.047697515998,595.19970703125,9.37
5165.369551864991,595.19970703125,9.23
5165.691937561001,1029.82080078125,7.548
5166.015896319004,589.5751953125,8.648
5166.337471673003,595.2001953125,9.114
5166.663340913001,595.2001953125,9.563
5166.986877884992,465.8193359375,7.054
5167.309266069002,724.57275390625,8.158
5167.634150266997,621.2109375,9.036
5167.9566354739945,595.20068359375,9.37
5168.279285903001,465.81982421875,7.86
5168.603923011993,533.31982421875,8.041
5168.928183173004,595.201171875,8.881
5169.251695618994,595.201171875,9.447
5169.576004482995,595.201171875,9.308
5169.898528685997,623.3203125,7.587
5170.220274519001,589.57666015625,8.61
5170.542574293999,595.20166015625,9.153
5170.865974499,626.8369140625,9.525
5171.187256912002,465.82080078125,6.976
5171.510647706993,724.57421875,8.08
5171.8329841130035,595.2021484375,8.997
5172.1555085599975,595.2021484375,9.486
5172.477601659004,465.8212890625,8.054
5172.800569350991,1029.8232421875,7.626
5173.124282420991,595.20263671875,8.687
5173.447124283994,595.20263671875,9.331
5173.771653768999,595.20263671875,9.718
5174.095876904001,465.82177734375,7.354
5174.418090124003,747.0751953125,8.546
5174.739645868991,595.203125,9.153
5175.061541212999,595.203125,9.602
5175.38326995699,465.822265625,7.015
5175.706553326003,724.57568359375,8.158
5176.02895770999,595.20361328125,8.959
5176.350922265992,595.20361328125,9.37
5176.672967653998,489.74072265625,8.507
5176.994760036992,1029.82470703125,7.626
5177.318503866991,595.2041015625,8.765
5177.640530400997,595.2041015625,9.254
5177.9643543239945,595.2041015625,9.68
5178.286430712993,465.8232421875,7.288
5178.608248784003,747.07666015625,8.352
5178.931753454992,595.20458984375,9.23
5179.253256755997,595.20458984375,9.486
5179.575343249002,465.82373046875,7.171
5179.898511193998,724.5771484375,8.158
5180.222722067003,595.205078125,8.959
5180.545337570002,595.205078125,9.486
5180.866956127997,489.7421875,8.585
5181.189098549003,1029.826171875,7.587
5181.511136517001,595.20556640625,8.765
5181.832877121997,595.20556640625,9.269
5182.154650657001,595.20556640625,9.68
5182.477463789997,465.82470703125,7.171
5182.800489791,747.078125,8.352
5183.124648705998,599.5205078125,9.191
5183.447484425997,595.2060546875,9.486
5183.772766426991,465.8251953125,7.327
5184.094544972992,724.57861328125,8.391
5184.418571973001,499.9326171875,9.153
5184.7403464819945,595.20654296875,9.37
5185.062061210992,485.5126953125,8.468
5185.384684557997,1029.82763671875,7.743
5185.706860423001,595.20703125,8.687
5186.0294033440005,626.84228515625,9.37
5186.353123373003,595.20703125,9.718
5186.675544747995,465.826171875,7.354
5186.998198963993,747.07958984375,8.454
5187.320756214991,595.20751953125,9.153
5187.642734908994,595.20751953125,9.486
5187.965755565994,465.82666015625,7.093
5188.288237287998,724.580078125,8.274
5188.611636743997,617.70751953125,9.075
5188.933777131999,595.2080078125,9.37
5189.254814207001,492.5576171875,8.43
5189.576747255996,1029.8291015625,7.743
5189.898434240997,595.20849609375,8.726
5190.2210998630035,499.58837890625,9.385
5190.5428985960025,595.20849609375,9.718
5190.863911145003,465.82763671875,7.327
5191.186104644003,747.0810546875,8.468
5191.508054610997,595.208984375,9.153
5191.8301596189995,595.208984375,9.525
5192.15114288099,465.828125,7.132
5192.473408215999,724.58154296875,8.158
5192.794967209993,595.20947265625,8.92
5193.117374337991,595.20947265625,9.486
5193.439416617999,489.74658203125,8.663
5193.761564111992,1029.83056640625,7.587
5194.086406799004,595.2099609375,8.765
5194.408441007996,595.2099609375,9.23
5194.730839133001,595.2099609375,9.68
5195.0559794589935,465.8291015625,7.665
5195.378043328004,747.08251953125,8.648
5195.699664451997,595.21044921875,9.191
5196.023338369996,595.21044921875,9.641
5196.3467966949975,465.82958984375,6.976
5196.6687484529975,724.5830078125,8.235
5196.9913079789985,595.2109375,9.114
5197.313213236994,595.2109375,9.37
5197.6384026379965,492.560546875,8.352
5197.96049733799,1029.83203125,7.769
5198.283017369002,595.21142578125,8.726
5198.6046966229915,595.21142578125,9.408
5198.926905114,595.21142578125,9.796
5199.252052393,465.83056640625,7.471
5199.575022131001,747.083984375,8.532
5199.896764995996,595.2119140625,9.153
5200.219893393994,595.2119140625,9.563
5200.54326909699,465.8310546875,7.171
5200.86487022099,724.58447265625,8.196
5201.186832000996,595.21240234375,8.997
5201.508946075002,615.59765625,9.408
5201.830560761999,492.56201171875,8.158
5202.154645895003,1029.83349609375,7.963
5202.478343841998,595.212890625,8.92
5202.800783679995,595.212890625,9.292
5203.123279423991,595.212890625,9.757
5203.446730091004,465.83203125,7.354
5203.769723163001,747.08544921875,8.507
5204.091569080003,595.21337890625,9.075
5204.413774949004,595.21337890625,9.525
5204.737554772,465.83251953125,6.937
5205.059375177996,724.5859375,8.158
5205.382039429998,615.59912109375,8.959
5205.703739985998,595.2138671875,9.37
5206.026023158993,489.7509765625,8.507
5206.3489220710035,1029.8349609375,7.548
5206.672269799004,595.21435546875,8.765
5206.9949343909975,595.21435546875,9.23
5207.316761121998,595.21435546875,9.563
5207.639091071993,465.83349609375,7.093
5207.961292628999,747.0869140625,8.352
5208.283260479991,595.21484375,9.075
5208.605529013992,595.21484375,9.486
5208.932970287002,465.833984375,7.366
5209.255566991997,724.58740234375,8.002
5209.580697215992,595.21533203125,8.959
5209.903062512996,595.2158203125,9.408
5210.226028669,489.75244140625,8.881
5210.550334337997,1029.83642578125,7.924
5210.871871752999,595.2158203125,8.842
5211.194325848002,595.2158203125,9.37
5211.517226522003,595.2158203125,9.718
5211.838430122996,465.8349609375,7.237
5212.161670903995,747.08837890625,8.391
5212.484209891991,595.21630859375,9.23
5212.8058657319925,595.21630859375,9.486
5213.127965976004,465.83544921875,7.171
5213.450318135001,724.5888671875,8.119
5213.7721889230015,595.216796875,8.92
5214.094508818991,595.216796875,9.525
5214.416215983001,489.75390625,8.701
5214.738030282999,1029.837890625,7.626
5215.061948771996,595.21728515625,8.803
5215.384139663991,595.21728515625,9.269
5215.706639590004,595.21728515625,9.68
5216.030858597995,465.83642578125,7.21
5216.353801998004,747.08984375,8.352
5216.676727280996,595.2177734375,9.23
5216.9991385879985,595.2177734375,9.486
5217.321099794004,465.8369140625,7.249
5217.643409237004,724.59033203125,8.08
5217.965545261002,595.21826171875,8.92
5218.288874714999,595.21826171875,9.447
5218.610689057998,489.75537109375,8.74
5218.93384012999,1029.83935546875,7.432
5219.256118267003,589.59375,8.532
5219.581171564991,595.21875,9.269
5219.902578873996,595.21875,9.447
5220.2240266320005,465.837890625,6.976
5220.546766575004,499.587890625,8.274
5220.868574694992,595.21923828125,9.036
5221.190272570995,595.21923828125,9.408
5221.512936664993,465.83837890625,7.665
5221.835450826999,1029.84033203125,7.743
5222.158534167,595.2197265625,8.842
5222.480157568993,595.2197265625,9.308
5222.801996431997,595.2197265625,9.68
5223.122862802993,984.8408203125,7.471
5223.444988686999,589.59521484375,8.416
5223.767180199997,617.7197265625,9.269
5224.088756388999,595.22021484375,9.486
5224.411405841995,465.83935546875,6.976
5224.734263555001,724.5927734375,8.119
5225.057358046004,595.220703125,8.959
5225.379341448002,595.220703125,9.408
5225.701397520999,492.5703125,8.235
5226.024940442003,1029.841796875,7.743
5226.3468153529975,595.22119140625,8.803
5226.668345444996,595.22119140625,9.385
5226.98995512299,595.22119140625,9.834
5227.310200644992,578.841796875,7.548
5227.6321744960005,544.59033203125,8.546
5227.953438488999,595.2216796875,9.191
5228.275401808991,595.2216796875,9.563
5228.5977279579965,465.8408203125,7.132
5228.920913341994,724.59423828125,8.196
5229.242350232991,595.22216796875,9.075
5229.565580769995,595.22216796875,9.486
5229.886972980996,492.57177734375,8.235
5230.20925505599,1029.84326171875,7.886
5230.531568651,626.85791015625,8.842
5230.853066333002,595.22265625,9.308
5231.175210603993,595.22265625,9.718
5231.496403793004,465.841796875,7.471
5231.818475766995,758.2880859375,8.532
5232.141756689991,595.22314453125,9.23
5232.463550379995,595.22314453125,9.563
5232.787182065993,465.84228515625,7.015
5233.11017516299,724.595703125,8.196
5233.4331476829975,595.2236328125,9.075
5233.75483204599,595.2236328125,9.37
5234.077690699996,492.5732421875,8.274
5234.402348696996,1029.8447265625,7.548
5234.7253476719925,595.22412109375,8.726
5235.047328329994,595.22412109375,9.191
5235.371000133993,595.22412109375,9.602
5235.692582242002,465.84326171875,7.354
5236.014591694999,747.0966796875,8.43
5236.336568603001,595.224609375,9.23
5236.658203347994,595.224609375,9.447
5236.980207610992,465.84375,7.249
5237.303219630994,724.59716796875,8.08
5237.627487446996,595.22509765625,8.92
5237.949932204996,595.22509765625,9.447
5238.272079988994,489.76220703125,8.701
5238.594807924004,1029.84619140625,7.548
5238.9177335290005,482.71923828125,8.726
5239.239811256994,595.2255859375,9.23
5239.56164878,595.2255859375,9.525
5239.882861951992,465.8447265625,7.054
5240.205382925997,747.09814453125,8.391
5240.527206108003,595.22607421875,8.997
5240.849011300001,595.22607421875,9.486
5241.170683367003,465.84521484375,7.471
5241.494096597991,724.5986328125,7.963
5241.81672690899,595.2265625,8.997
5242.137940966,595.2265625,9.331
5242.459754377996,480.00732421875,9.114
5242.782317609002,1029.84765625,7.51
5243.104445652993,589.60205078125,8.61
5243.427078615001,595.22705078125,9.191
5243.749364388001,595.22705078125,9.602
5244.073064304001,465.84619140625,7.054
5244.395719533,724.599609375,8.196
5244.718483627003,595.2275390625,9.114
5245.0404488689965,595.2275390625,9.37
5245.362098193,465.8466796875,7.782
5245.684195629001,724.60009765625,8.002
5246.006253988991,595.22802734375,8.803
5246.328599305998,595.22802734375,9.37
5246.650489207997,595.22802734375,9.385
5246.973545367,984.84912109375,7.548
5247.295513734003,589.603515625,8.571
5247.617108801991,595.228515625,9.191
5247.938689242001,595.228515625,9.486
5248.260325173993,465.84765625,6.898
5248.582540392003,724.60107421875,8.041
5248.903989044993,595.22900390625,8.959
5249.2260716460005,595.22900390625,9.37
5249.548726879002,492.57861328125,8.235
5249.871263798996,1029.85009765625,7.73
5250.193471295992,595.2294921875,8.765
5250.516247969994,595.2294921875,9.331
5250.840357848996,595.2294921875,9.718
5251.166049428997,465.8486328125,7.432
5251.48984239799,747.10205078125,8.493
5251.812261126004,595.22998046875,9.114
5252.13462765899,595.22998046875,9.525
5252.4587111,465.84912109375,6.937
5252.780579525992,724.6025390625,8.158
5253.103042921997,599.544921875,8.959
5253.427158103004,595.23046875,9.37
5253.749104479997,489.767578125,8.507
5254.071322931995,1029.8515625,7.626
5254.393945018004,595.23095703125,8.803
5254.716688576998,595.23095703125,9.308
5255.038318517996,595.23095703125,9.641
5255.360267864991,465.85009765625,6.82
5255.682934135999,747.103515625,8.235
5256.007045972001,595.2314453125,8.997
5256.331210642995,477.10205078125,9.525
5256.652697944999,465.8505859375,7.548
5256.976164275999,724.60400390625,7.924
5257.3007015019975,599.681640625,8.92
5257.622758391997,595.23193359375,9.331
5257.945196928995,595.23193359375,9.191
5258.266792676004,1029.85302734375,7.51
5258.588819480996,589.607421875,8.648
5258.910408055002,595.232421875,9.191
5259.2329060119955,595.232421875,9.602
5259.554326450001,465.8515625,6.976
5259.87613150799,724.60498046875,8.08
5260.198213249998,595.23291015625,8.997
5260.522388170997,595.23291015625,9.486
5260.844111715996,465.85205078125,7.976
5261.166556893004,1029.85400390625,7.963
5261.488442332993,595.2333984375,8.881
5261.809737725998,595.2333984375,9.254
5262.131591415993,595.2333984375,9.757
5262.454316599993,465.8525390625,7.354
5262.7761300909915,747.10595703125,8.507
5263.097549259997,595.23388671875,9.114
5263.419765072991,595.23388671875,9.563
5263.740145279997,465.85302734375,7.132
5264.061999983998,724.6064453125,8.274
5264.385964986999,595.234375,9.114
5264.710003557004,595.234375,9.408
5265.034477505993,492.583984375,8.313
5265.3562273989955,1029.85546875,7.782
5265.678231700003,595.23486328125,8.765
5266.000064088003,595.23486328125,9.37
5266.322701407,595.23486328125,9.718
5266.6444089860015,465.85400390625,7.471
5266.967482478998,747.107421875,8.532
5267.289075779001,595.2353515625,9.153
5267.612493987996,595.2353515625,9.563
5267.936731109992,465.8544921875,6.937
5268.259193338992,724.60791015625,8.196
5268.583765738003,595.23583984375,9.075
5268.905831527998,595.23583984375,9.37
5269.2279643609945,492.58544921875,8.313
5269.550946862,1029.85693359375,7.808
5269.873009318995,595.236328125,8.803
5270.196862605997,595.236328125,9.331
5270.519414074995,595.236328125,9.796
5270.842498811995,465.85546875,7.432
5271.165719842,747.10888671875,8.493
5271.489557601992,595.23681640625,9.191
5271.813783951002,595.23681640625,9.563
5272.138140226001,465.85595703125,7.054
5272.4611505209905,724.609375,8.119
5272.783353256993,595.2373046875,8.997
5273.105673341997,595.2373046875,9.408
5273.427446714995,492.5869140625,8.235
5273.749400218992,1029.8583984375,7.808
5274.0715272980015,595.23779296875,8.803
5274.394990594999,595.23779296875,9.346
5274.716925949993,656.123046875,9.796
5275.038986268992,465.85693359375,7.432
5275.361776028003,747.1103515625,8.532
5275.684291818994,595.23828125,9.153
5276.0084351989935,595.23828125,9.563
5276.333953870999,465.857421875,6.82
5276.656388981995,724.61083984375,8.158
5276.978756440003,595.23876953125,9.075
5277.300437180995,595.23876953125,9.408
5277.624749201001,492.58837890625,8.352
5277.946883875993,1029.85986328125,7.782
5278.2691205070005,595.2392578125,8.765
5278.591897735998,595.2392578125,9.37
5278.914060758994,595.2392578125,9.718
5279.235447651998,465.8583984375,7.354
5279.559450433997,747.11181640625,8.507
5279.880964782991,595.23974609375,9.075
5280.203662864995,626.875,9.486
5280.5241010710015,465.85888671875,7.21
5280.846595073992,724.6123046875,8.274
5281.168401686999,595.240234375,9.075
5281.490279695994,595.240234375,9.486
5281.813256338995,492.58984375,8.235
5282.135077956002,1029.861328125,7.743
5282.456604872001,595.24072265625,8.726
5282.779139602993,595.24072265625,9.408
5283.10093049299,595.24072265625,9.796
5283.424426065991,465.85986328125,7.354
5283.746554501995,747.11328125,8.507
5284.070576493003,595.2412109375,9.153
5284.394199649003,595.2412109375,9.602
5284.718879295993,465.8603515625,6.937
5285.0407352990005,724.61376953125,8.196
5285.362479137999,595.24169921875,9.036
5285.6854595059995,595.24169921875,9.37
5286.006742327998,492.59130859375,8.43
5286.329557951001,1029.86279296875,7.665
5286.651386297992,595.2421875,8.726
5286.973267508001,595.2421875,9.308
5287.295259314997,595.2421875,9.718
5287.616236324,465.861328125,7.21
5287.938537419002,747.11474609375,8.352
5288.261009946,595.24267578125,9.23
5288.582662115994,595.24267578125,9.486
5288.906103351997,465.86181640625,7.288
5289.228180399994,724.615234375,8.352
5289.55033434699,595.2431640625,9.114
5289.872035630993,595.2431640625,9.37
5290.193365154002,485.54931640625,8.43
5290.515525912997,1029.8642578125,7.587
5290.837880403997,595.24365234375,8.765
5291.159174336994,595.24365234375,9.23
5291.482003119992,595.24365234375,9.641
5291.804933981999,465.86279296875,7.093
5292.1277708889975,747.1162109375,8.313
5292.453299079993,595.244140625,9.153
5292.776215281003,595.244140625,9.447
5293.101132911994,465.86328125,7.288
5293.424186942997,724.61669921875,8.196
5293.7459780039935,595.24462890625,8.959
5294.068960634002,595.24462890625,9.486
5294.390425375997,489.78173828125,8.663
5294.712969232001,1029.86572265625,7.548
5295.035993619997,499.79541015625,8.765
5295.357721951994,595.2451171875,9.269
5295.680958985002,595.2451171875,9.718
5296.004274164996,465.8642578125,7.21
5296.332732413997,747.11767578125,8.352
5296.656310129998,595.24560546875,9.23
5296.978431461001,595.24560546875,9.447
5297.300574359993,465.86474609375,7.21
5297.623162652992,724.6181640625,8.158
5297.944832024004,595.24609375,8.959
5298.267246481992,595.24609375,9.525
5298.5891878949915,489.783203125,8.701
5298.912120770998,1029.8671875,7.626
5299.234747009992,595.24658203125,8.765
5299.5569269879925,595.24658203125,9.269
5299.878971789003,595.24658203125,9.718
5300.202012569003,465.86572265625,7.21
5300.524585680003,747.119140625,8.352
5300.846945593003,510.86572265625,9.153
5301.169994944998,595.2470703125,9.408
5301.494989914994,465.8662109375,7.327
5301.820277598003,724.61962890625,8.119
5302.141975909995,595.24755859375,8.881
5302.466545770003,621.2578125,9.37
5302.788153576999,489.78466796875,8.765
5303.1129272489925,1029.86865234375,7.587
5303.4351389219955,593.9375,8.687
5303.758595060994,595.248046875,9.269
5304.0812354200025,595.24853515625,9.602
5304.402759442994,465.8671875,7.354
5304.727390379994,747.12060546875,8.43
5305.050229461995,595.24853515625,9.269
5305.374383994,595.24853515625,9.447
5305.696071822997,465.86767578125,7.249
5306.018411679994,724.62109375,8.08
5306.340832403992,595.2490234375,8.92
5306.667037926993,510.86767578125,9.447
5306.989879111992,489.7861328125,8.779
5307.3136375210015,1029.8701171875,7.847
5307.638022800995,595.24951171875,8.803
5307.961832375004,599.56396484375,9.37
5308.285831813002,595.24951171875,9.718
5308.609098193003,465.86865234375,7.354
5308.933050712993,747.1220703125,8.493
5309.254806914003,595.25,9.153
5309.577580340003,716.88525390625,9.525
5309.900331971003,465.869140625,7.054
5310.223124276003,724.62255859375,8.196
5310.545213092992,599.56494140625,8.997
5310.867386133992,595.25048828125,9.408
5311.189839667,489.78759765625,8.507
5311.512049732992,1029.87158203125,7.626
5311.834380856992,595.2509765625,8.765
5312.156448576003,595.2509765625,9.308
5312.478827700994,595.2509765625,9.68
5312.80064372599,465.8701171875,7.21
5313.122884887998,747.12353515625,8.313
5313.445848449992,595.25146484375,9.23
5313.768684544993,595.25146484375,9.447
5314.091005258,465.87060546875,7.249
5314.4126922799915,724.6240234375,8.08
5314.734040723997,595.251953125,8.881
5315.055231303995,621.26220703125,9.408
5315.379373753996,489.7890625,8.803
5315.7026956219925,1029.873046875,7.471
5316.024331465,589.62744140625,8.571
5316.346304952996,595.25244140625,9.308
5316.6673948489915,595.25244140625,9.447
5316.992012253992,465.87158203125,7.093
5317.314492543999,747.125,8.43
5317.635961395994,595.2529296875,9.036
5317.958166949,516.49658203125,9.486
5318.279754907999,465.8720703125,7.548
5318.602789775003,1057.470703125,7.886
5318.924360959994,595.25341796875,8.765
5319.245370233999,493.9970703125,9.331
5319.566945961997,595.25341796875,9.525
5319.887543500998,984.87451171875,7.393
5320.211888880003,589.62890625,8.43
5320.534689455992,516.50341796875,9.269
5320.856499713991,595.25390625,9.486
5321.181242065999,465.873046875,6.976
5321.503902440003,724.62646484375,8.119
5321.825638322,595.25439453125,8.997
5322.147654376997,595.25439453125,9.408
5322.469245165004,492.60400390625,8.235
5322.791520265004,1029.87548828125,7.86
5323.113331154003,595.2548828125,8.803
5323.437281270002,595.2548828125,9.308
5323.7599345909985,595.2548828125,9.757
5324.080380393003,984.8759765625,7.743
5324.402673442004,589.63037109375,8.532
5324.725351686997,595.25537109375,9.308
5325.046797974996,595.25537109375,9.525
5325.36932197299,465.87451171875,6.976
5325.69180228599,724.6279296875,8.119
5326.0136650990025,595.255859375,8.997
5326.334944814997,595.255859375,9.331
5326.659216047992,492.60546875,8.235
5326.983152481,1029.876953125,7.743
5327.307508067999,595.25634765625,8.726
5327.629509503997,595.25634765625,9.408
5327.952944406003,595.25634765625,9.757
5328.277302356,984.87744140625,7.704
5328.599801984994,589.6318359375,8.571
5328.924663343991,595.2568359375,9.292
5329.246791019003,595.2568359375,9.486
5329.571840927994,465.8759765625,6.859
5329.896164371996,724.62939453125,8.08
5330.219821163002,595.25732421875,8.997
5330.5425449210015,595.25732421875,9.486
5330.866376977996,492.60693359375,8.196
5331.189229794996,1029.87841796875,7.963
5331.5122594809945,595.2578125,8.92
5331.833880720995,595.2578125,9.346
5332.155644493992,595.2578125,9.796
5332.4770351629995,465.876953125,7.393
5332.799844063993,752.5126953125,8.507
5333.121818528991,595.25830078125,9.191
5333.4431545359985,595.25830078125,9.563
5333.767578828993,465.87744140625,6.937
5334.089759730996,724.630859375,8.196
5334.413460825002,595.2587890625,9.075
5334.736604131991,595.2587890625,9.486
5335.058666304001,492.6083984375,8.274
5335.380895458991,1029.8798828125,8.002
5335.702869047993,595.25927734375,8.959
5336.02442562599,595.25927734375,9.331
5336.346218822,595.25927734375,9.834
5336.666922624994,1007.3798828125,7.471
5336.989042934991,555.96630859375,8.468
5337.312121237002,595.259765625,9.37
5337.635225873004,595.259765625,9.757
5337.960897785,465.87890625,7.093
5338.283791530994,724.63232421875,8.468
5338.606341580002,595.26025390625,9.23
5338.929995576997,595.26025390625,9.602
5339.251927133999,489.79736328125,8.701
5339.575110293998,1029.88134765625,7.743
5339.897905562,595.2607421875,8.881
5340.2214463339915,595.2607421875,9.269
5340.543882194004,595.2607421875,9.68
5340.868488095002,465.8798828125,7.21
5341.190928176002,747.13330078125,8.571
5341.5153335549985,696.51123046875,9.408
5341.837154788998,595.26123046875,9.602
5342.16375168199,465.88037109375,7.393
5342.485596244995,724.6337890625,8.002
5342.807374048993,595.26171875,9.23
5343.129288850003,595.26171875,9.873
5343.452077833004,489.798828125,9.718
5343.773157201998,1029.8828125,8.093
5344.097308349999,589.63720703125,8.92
5344.419539192997,595.26220703125,9.308
5344.742939456992,595.26220703125,9.641
5345.069257380004,465.88134765625,7.054
5345.3939040319965,724.634765625,8.196
5345.7186750379915,595.2626953125,9.153
5346.040234162996,595.2626953125,9.408
5346.362523559001,465.8818359375,7.743
5346.685229993993,724.63525390625,8.002
5347.007197227998,595.26318359375,8.881
5347.330604105999,595.26318359375,9.447
5347.6547102439945,595.26318359375,9.308
5347.977980633004,1029.88427734375,7.548
5348.3002860839915,589.638671875,8.648
5348.6230530890025,595.263671875,9.23
5348.947157941002,595.263671875,9.563
5349.271808190999,465.8828125,7.054
5349.594459186992,724.63623046875,8.274
5349.916592046997,595.26416015625,9.153
5350.238505440997,595.26416015625,9.447
5350.560183112,465.88330078125,7.743
5350.883238790004,724.63671875,8.08
5351.205598758999,595.2646484375,9.075
5351.527758686003,595.2646484375,9.37
5351.856611212992,489.8017578125,9.036
5352.179379865993,1029.8857421875,7.471
5352.504070583993,589.64013671875,8.571
5352.82556673199,595.26513671875,9.346
5353.147223366002,595.26513671875,9.525
5353.4708154099935,465.88427734375,7.51
5353.793176837004,747.1376953125,8.454
5354.114986849003,595.265625,9.308
5354.438075443002,595.265625,9.486
5354.760358334999,465.884765625,7.249
5355.083028123001,724.63818359375,8.119
5355.405115646994,595.26611328125,8.92
5355.727250721,595.26611328125,9.486
5356.048586047997,489.80322265625,8.765
5356.371241047003,1029.88720703125,7.51
5356.693127787003,589.6416015625,8.648
5357.015432589993,595.2666015625,9.292
5357.337279614992,595.2666015625,9.563
5357.659144461999,465.8857421875,6.976
5357.9818934399955,747.13916015625,8.274
5358.304761591004,595.26708984375,9.036
5358.626984464994,626.90234375,9.486
5358.948708530996,465.88623046875,7.587
5359.271606120004,724.6396484375,7.963
5359.594194637,510.88623046875,8.959
5359.916153749,595.267578125,9.331
5360.238820922998,599.58203125,9.153
5360.559984608,1029.888671875,7.51
5360.8814648800035,589.64306640625,8.648
5361.202661396004,595.26806640625,9.153
5361.524971462,595.26806640625,9.602
5361.847216561,465.88720703125,6.937
5362.169931408993,724.640625,8.08
5362.494312149996,595.2685546875,8.959
5362.816671394001,595.2685546875,9.447
5363.138407475999,465.8876953125,7.976
5363.460744958997,1029.8896484375,8.041
5363.782714069996,595.26904296875,8.881
5364.105520849,595.26904296875,9.408
5364.42791464999,595.26904296875,9.641
5364.749723749992,1029.89013671875,7.704
5365.073687501004,589.64453125,8.765
5365.395210157003,595.26953125,9.269
5365.719045674996,595.26953125,9.641
5366.043115922992,465.888671875,6.976
5366.364900600995,724.64208984375,8.08
5366.687715305001,595.27001953125,8.997
5367.012202429003,595.27001953125,9.37
5367.335091565998,465.88916015625,7.899
5367.656905903001,1029.89111328125,7.821
5367.979514160004,617.77001953125,8.842
5368.301463540993,595.2705078125,9.269
5368.623546269999,488.400390625,9.757
5368.944461523992,984.8916015625,7.665
5369.268619024995,589.64599609375,8.532
5369.593243009003,595.27099609375,9.308
5369.916527509995,595.27099609375,9.525
5370.239151246991,465.89013671875,7.249
5370.562053938003,724.6435546875,8.235
5370.8843014629965,595.271484375,9.075
5371.206450647995,595.271484375,9.486
5371.529128077993,465.890625,7.938
5371.851471474991,1029.892578125,8.002
5372.173239583004,595.27197265625,8.881
5372.495182675004,595.27197265625,9.331
5372.816981563999,595.27197265625,9.68
5373.137982275992,984.89306640625,7.51
5373.459648809003,589.6474609375,8.468
5373.781747546003,494.02197265625,9.23
5374.103778185992,595.2724609375,9.447
5374.428833591999,465.8916015625,7.054
5374.751002984995,724.64501953125,8.158
5375.074961156002,595.27294921875,8.997
5375.397341757998,595.27294921875,9.525
5375.720126628992,465.9130859375,8.119
5376.042816806992,1029.89404296875,8.08
5376.367437819004,595.2734375,8.881
5376.690558219998,595.2734375,9.408
5377.012948606003,595.2734375,9.602
5377.334392870995,984.89453125,7.548
5377.65659553399,589.64892578125,8.493
5377.980923725001,595.27392578125,9.308
5378.302424501002,595.27392578125,9.525
5378.623762579999,465.89306640625,6.976
5378.946033336004,724.646484375,8.119
5379.269186272999,595.2744140625,8.997
5379.594492898992,595.2744140625,9.525
5379.918512588003,465.8935546875,8.093
5380.24125596699,623.3935546875,8.158
5380.562437424,595.27490234375,8.842
5380.883897513995,626.91015625,9.37
5381.205361731991,595.27490234375,9.563
5381.526814908997,984.89599609375,7.432
5381.8519100580015,589.650390625,8.468
5382.175376947998,595.275390625,9.269
5382.497981560999,595.275390625,9.486
5382.819424681991,465.89453125,7.054
5383.141751998992,724.64794921875,8.119
5383.464501766997,595.27587890625,8.959
5383.787131556994,656.1611328125,9.408
5384.108794810993,492.62548828125,8.196
5384.431022215998,1029.89697265625,7.704
5384.752331019001,595.2763671875,8.687
5385.07455982799,595.2763671875,9.37
5385.397231312003,595.2763671875,9.718
5385.718839067995,465.8955078125,7.587
5386.041600983997,752.46337890625,8.61
5386.36456466699,595.27685546875,9.191
5386.688895414001,595.27685546875,9.563
5387.012108159994,465.89599609375,6.898
5387.334430117,724.6494140625,8.196
5387.658215075993,595.27734375,9.075
5387.981360423,595.27734375,9.408
5388.306006728992,492.626953125,8.274
5388.628393738996,1029.8984375,7.73
5388.950410841993,595.27783203125,8.726
5389.2729317109915,595.27783203125,9.408
5389.594805703993,595.27783203125,9.757
5389.920066395003,465.89697265625,7.432
5390.242825221998,747.150390625,8.532
5390.565565326004,595.2783203125,9.153
5390.88758347799,595.2783203125,9.641
5391.211102845002,465.8974609375,6.976
5391.532886970002,724.65087890625,8.158
5391.855814178998,615.6640625,8.997
5392.177440118001,595.27880859375,9.408
5392.499192589996,489.974609375,8.468
5392.821365459997,1029.89990234375,7.587
5393.143589020998,595.279296875,8.803
5393.465397042994,595.279296875,9.308
5393.787446575996,595.279296875,9.68
5394.110428211992,465.8984375,7.171
5394.433059368996,747.15185546875,8.352
5394.7624203390005,499.830078125,9.23
5395.086583204,595.27978515625,9.486
5395.408757857993,465.89892578125,7.171
5395.7311297319975,724.65234375,8.196
5396.053771345993,595.2802734375,8.92
5396.376407614996,595.2802734375,9.447
5396.698469744995,489.8173828125,8.663
5397.021815479995,1029.9013671875,7.471
5397.3436197099945,589.65576171875,8.648
5397.664952781997,595.28076171875,9.269
5397.986734320002,595.28076171875,9.525
5398.312126054996,465.89990234375,7.315
5398.636058976001,747.1533203125,8.391
5398.957969730996,499.83154296875,9.23
5399.281336706001,595.28125,9.447
5399.6083584559965,465.900390625,7.249
5399.930137360992,724.65380859375,8.352
5400.252578789994,612.15625,9.114
5400.576238476002,595.28173828125,9.37
5400.897698323999,471.525390625,8.43
5401.219727699994,1029.90283203125,7.769
5401.543475993996,595.2822265625,8.765
5401.868051711994,595.2822265625,9.408
5402.189977463,595.2822265625,9.796
5402.512994810997,465.9013671875,7.626
5402.8344929239975,533.4013671875,8.585
5403.155631407004,595.28271484375,9.191
5403.477100591001,595.28271484375,9.563
5403.805498988004,465.90185546875,6.898
5404.127898189996,724.6552734375,8.158
5404.4509371640015,595.283203125,9.036
5404.772680527996,595.283203125,9.331
5405.096614159003,492.6328125,8.352
5405.420127931997,1029.904296875,7.782
5405.745538613002,595.28369140625,8.765
5406.070048295995,595.28369140625,9.308
5406.391343957002,595.28369140625,9.757
5406.717506472996,465.90283203125,7.393
5407.039208003,747.15625,8.507
5407.360693907991,595.2841796875,9.114
5407.683774468998,595.2841796875,9.525
5408.006994233991,465.9033203125,6.976
5408.331576743993,724.65673828125,8.196
5408.656475263997,595.28466796875,9.075
5408.978296727,595.28466796875,9.37
5409.301119063995,492.63427734375,8.352
5409.624024634002,1029.90576171875,8.041
5409.946702704998,595.28515625,8.959
5410.268519684003,595.28515625,9.292
5410.590390839003,595.28515625,9.796
5410.911363747,465.904296875,7.393
5411.23461467,747.158203125,8.507
5411.559542076997,595.28564453125,9.114
5411.882278221994,595.28564453125,9.525
5412.207111317999,465.90478515625,6.898
5412.530280919993,724.658203125,8.196
5412.852368811,595.2861328125,9.036
5413.173802178004,595.2861328125,9.331
5413.495629001001,480.06689453125,8.391
5413.818504472001,1029.9072265625,7.626
5414.139967533003,595.28662109375,8.726
5414.461721996995,595.28662109375,9.215
5414.784229640994,595.28662109375,9.641
5415.105291304993,465.90576171875,7.393
5415.426989667991,747.1591796875,8.468
5415.748831552992,595.287109375,9.23
5416.070823490998,595.287109375,9.447
5416.393925076001,465.90673828125,7.171
5416.716300610991,1029.703125,7.237
5417.037907441991,595.08251953125,8.507
5417.36056881299,595.08251953125,9.346
5417.685867890003,595.08251953125,9.757
5418.009800508997,465.701171875,7.237
5418.331960191004,746.95458984375,8.43
5418.656006828998,595.08251953125,9.114
5418.981122436991,626.7177734375,9.563
5419.305109327004,465.70166015625,7.015
5419.6272507620015,724.455078125,8.158
5419.949317024002,595.0830078125,8.997
5420.270642071002,595.0830078125,9.408
5420.593795320994,489.6201171875,8.507
5420.915652066993,1029.7041015625,7.665
5421.2375483979995,595.08349609375,8.726
5421.559323826994,595.08349609375,9.346
5421.881950840994,595.08349609375,9.68
5422.2031774439965,465.70263671875,7.249
5422.525885069001,746.9560546875,8.391
5422.84965945399,595.083984375,9.23
5423.174069001994,595.083984375,9.486
5423.496390942004,465.703125,7.171
5423.819041629002,724.45654296875,8.196
5424.140512426995,595.08447265625,8.92
5424.462338215992,595.08447265625,9.486
5424.7835836250015,489.62158203125,8.701
5425.105871284992,1029.70556640625,7.548
5425.427619146998,589.4599609375,8.687
5425.748983597994,595.0849609375,9.269
5426.0706127629965,595.0849609375,9.563
5426.392217190994,465.7041015625,7.093
5426.715719966,746.95751953125,8.391
5427.038362000996,595.08544921875,9.075
5427.360441996992,595.08544921875,9.602
5427.685457118991,465.70458984375,7.444
5428.008284854004,724.4580078125,8.041
5428.330247592996,595.0859375,8.997
5428.651904237995,595.0859375,9.447
5428.973884894003,489.623046875,8.92
5429.297128289996,1029.70703125,7.548
5429.618980874991,589.46142578125,8.648
5429.942093157995,595.08642578125,9.385
5430.263847465001,595.08642578125,9.563
5430.586072189995,465.70556640625,7.093
5430.908365299998,746.958984375,8.352
5431.231673810995,595.0869140625,9.036
5431.553995367998,595.0869140625,9.563
5431.880232797004,465.7060546875,7.471
5432.202622897996,724.45947265625,8.119
5432.525281841998,595.08740234375,8.959
5432.848357184004,635.72265625,9.486
5433.173015791996,489.62451171875,8.803
5433.496661172991,1029.70849609375,7.548
5433.819857508002,589.462890625,8.687
5434.141828512991,595.087890625,9.269
5434.463530066991,595.087890625,9.563
5434.787053772001,465.70703125,7.171
5435.110045743,746.96044921875,8.43
5435.431913795997,595.08837890625,9.075
5435.755249330003,595.08837890625,9.525
5436.083966844992,465.70751953125,7.366
5436.409725325997,724.4609375,8.041
5436.732835695002,595.0888671875,8.92
5437.057473423003,499.45751953125,9.486
5437.379576166,489.6259765625,8.779
5437.703400352999,1029.7099609375,7.587
5438.026617026,621.099609375,8.726
5438.349735358992,595.08935546875,9.23
5438.673509556,476.9599609375,9.641
5438.998222990995,465.70849609375,7.198
5439.3214274359925,746.9619140625,8.352
5439.6437272979965,499.45849609375,9.191
5439.967006781997,595.08984375,9.447
5440.29519674,465.708984375,7.288
5440.618089967,724.46240234375,8.352
5440.940334876999,476.9609375,9.075
5441.2623978269985,595.09033203125,9.37
5441.584520905992,491.2548828125,8.507
5441.906735890996,1029.71142578125,7.704
5442.229101698991,595.0908203125,8.726
5442.552144621004,595.0908203125,9.254
5442.873455820998,595.0908203125,9.641
5443.194457631995,465.7099609375,7.354
5443.517316351004,746.96337890625,8.468
5443.840034100998,595.09130859375,9.153
5444.166489380994,595.09130859375,9.486
5444.491491256995,465.71044921875,7.054
5444.816154234999,724.4638671875,8.235
5445.139599948001,510.71630859375,9.075
5445.461570879997,595.091796875,9.331
5445.783114206002,495.11962890625,8.43
5446.106137337003,1029.712890625,7.704
5446.428138923002,595.09228515625,8.687
5446.750701104,595.0927734375,9.292
5447.072942311002,595.09228515625,9.68
5447.398628620998,465.71142578125,7.51
5447.721040328004,746.96484375,8.571
5448.042683587002,595.0927734375,9.114
5448.366215820002,499.46142578125,9.525
5448.687033378999,465.7119140625,7.21
5449.009841706997,724.46533203125,8.235
5449.333917605996,595.09326171875,9.036
5449.657427464001,595.09326171875,9.447
5449.979772313003,492.44287109375,8.196
5450.305512628998,1029.71435546875,7.963
5450.627936678997,595.09375,8.959
5450.950537534998,595.09375,9.331
5451.273282908995,595.09375,9.796
5451.595305594994,984.71484375,7.51
5451.920755364001,606.34375,8.43
5452.243414329991,499.64453125,9.269
5452.566202068992,595.09423828125,9.486
5452.890106299004,465.71337890625,6.976
5453.214458963004,724.466796875,8.119
5453.540588435004,595.0947265625,8.997
5453.863862044003,595.0947265625,9.525
5454.189087603998,465.7138671875,8.093
5454.512945235998,1029.7158203125,8.002
5454.836463842003,595.09521484375,8.881
5455.159480604998,595.09521484375,9.37
5455.481817594991,595.09521484375,9.641
5455.8035030030005,984.71630859375,7.665
5456.125443557001,589.470703125,8.532
5456.448376984001,595.095703125,9.269
5456.770322174998,595.095703125,9.447
5457.0935059449985,465.71484375,6.937
5457.418095115994,724.46826171875,8.119
5457.739622366993,595.09619140625,8.997
5458.062684784003,595.09619140625,9.37
5458.386322072998,492.44580078125,8.196
5458.708296315002,1029.71728515625,7.665
5459.030842291002,595.0966796875,8.687
5459.354037765996,488.23779296875,9.37
5459.677881778,595.0966796875,9.757
5459.999964531991,465.701171875,6.558
5460.321926513003,724.45458984375,7.963
5460.646679837999,595.08251953125,9.036
5460.968225349992,595.08251953125,9.408
5461.289690794991,465.701171875,7.782
5461.6121440549905,724.45458984375,8.002
5461.934314932994,595.08251953125,8.92
5462.255507372,595.08251953125,9.447
5462.578393317992,595.08251953125,9.308
5462.900171376998,1029.70361328125,7.548
5463.222923619003,589.4580078125,8.648
5463.544690380004,595.0830078125,9.191
5463.867253716002,595.0830078125,9.602
5464.190776994001,465.7021484375,7.093
5464.513600980004,724.45556640625,8.196
5464.835252721998,476.9599609375,9.075
5465.157587693,595.08349609375,9.408
5465.481208762998,465.70263671875,7.899
5465.803940514001,724.4560546875,8.274
5466.126645736003,595.083984375,9.036
5466.448629136998,696.333984375,9.447
5466.770051294996,489.62109375,8.997
5467.094473766992,1029.705078125,8.002
5467.417722751998,595.08447265625,8.842
5467.740537731996,615.4697265625,9.37
5468.062650250999,595.08447265625,9.718
5468.383742056001,465.70361328125,7.249
5468.7059738399985,746.95703125,8.352
5469.028682124001,595.0849609375,9.191
5469.350531203992,595.0849609375,9.408
5469.675407574003,465.7041015625,7.249
5470.000180225994,724.45751953125,8.002
5470.322796149994,595.08544921875,8.92
5470.646544919,516.3349609375,9.486
5470.968229538004,489.62255859375,8.74
5471.29005406599,1029.70654296875,7.587
5471.612219887,476.95458984375,8.726
5471.934088572991,595.0859375,9.269
5472.256105617998,482.57958984375,9.641
5472.579460667999,465.705078125,7.132
5472.901058524003,746.95849609375,8.391
5473.223351544992,595.08642578125,9.114
5473.545813050994,595.08642578125,9.525
5473.869979455994,465.70556640625,7.405
5474.193132125001,724.458984375,8.119
5474.514847548999,595.0869140625,8.92
5474.837047886991,611.96142578125,9.525
5475.158939347995,489.6240234375,8.818
5475.483844852002,1029.7080078125,7.471
5475.807909997995,589.46240234375,8.61
5476.131553208004,595.08740234375,9.269
5476.454523620996,595.08740234375,9.525
5476.776711888,465.70654296875,7.054
5477.100469978002,746.9599609375,8.391
5477.424301318999,595.087890625,9.036
5477.7492583669955,595.087890625,9.563
5478.07256914,465.70703125,7.471
5478.3955256899935,724.46044921875,8.235
5478.717279051998,595.08837890625,8.92
5479.039251590992,476.958984375,9.408
5479.360751949993,489.62548828125,8.765
5479.683219226994,1029.70947265625,7.432
5480.005051115993,589.4638671875,8.532
5480.3274415880005,595.0888671875,9.308
5480.649385351993,595.0888671875,9.447
5480.971376700996,465.7080078125,7.015
5481.294057164996,735.654296875,8.274
5481.615866392996,595.08935546875,9.075
5481.937482009991,595.08935546875,9.37
5482.259461930997,465.70849609375,7.704
5482.582120341991,724.4619140625,7.963
5482.90415235699,595.08984375,8.842
5483.226767564003,595.08984375,9.408
5483.549362513004,595.08984375,9.308
5483.871760555994,578.208984375,7.548
5484.193937053991,589.46533203125,8.61
5484.516321463001,595.09033203125,9.153
5484.839650005,599.40478515625,9.486
5485.160675763997,465.70947265625,6.898
5485.483003592002,724.462890625,8.041
5485.805680616002,595.0908203125,8.92
5486.12808486,476.95947265625,9.408
5486.45082095699,492.5341796875,8.119
5486.773578844994,1029.7119140625,7.704
5487.095937324004,595.09130859375,8.726
5487.417788453997,595.09130859375,9.331
5487.739496183,595.09130859375,9.718
5488.062562623993,465.71044921875,7.354
5488.384974700995,746.9638671875,8.532
5488.707345046991,595.091796875,9.114
5489.029873990003,595.091796875,9.563
5489.352700545001,465.7109375,7.171
5489.675556795002,724.46435546875,8.196
5489.99704278,595.09228515625,9.036
5490.319017936999,595.09228515625,9.37
5490.643460424995,492.44189453125,8.274
5490.966078964993,1029.71337890625,7.743
5491.288572220001,595.0927734375,8.687
5491.611430032004,595.0927734375,9.331
5491.935441009002,595.0927734375,9.757
5492.257841329003,465.7119140625,7.276
5492.580066759998,746.96533203125,8.43
5492.903815643003,595.09326171875,9.114
5493.22778853499,499.47314453125,9.563
5493.554255958996,465.71240234375,7.015
5493.8790836349945,724.4658203125,8.196
5494.203305589996,595.09375,9.075
5494.52656324899,595.09375,9.37
5494.848373710993,492.443359375,8.352
5495.173128131995,1029.71484375,7.665
5495.500252055994,595.09423828125,8.726
5495.822942903003,595.09423828125,9.408
5496.1445422800025,595.09423828125,9.796
5496.468800902003,465.71337890625,7.276
5496.790824230004,746.966796875,8.468
5497.1127602579945,595.0947265625,9.153
5497.43615384899,621.10498046875,9.563
5497.757841960003,465.7138671875,7.054
5498.081561736995,724.46728515625,8.119
5498.403207925992,595.09521484375,8.92
5498.726496450996,595.09521484375,9.447
5499.048211791,489.63232421875,8.585
5499.370185573993,1029.71630859375,7.587
5499.693896800993,595.095703125,8.765
5500.016949568992,595.095703125,9.23
5500.339434344991,595.095703125,9.68
5500.6607826249965,465.71484375,7.171
5500.984306033002,746.96826171875,8.313
5501.306198909995,595.09619140625,9.114
5501.627538354995,595.09619140625,9.447
5501.9510530219995,465.71533203125,7.405
5502.2729922019935,724.46875,8.313
5502.59499893499,595.0966796875,8.997
5502.917592857993,595.0966796875,9.486
5503.239438142002,489.6337890625,8.701
5503.563718948004,1029.7177734375,7.847
5503.886270817995,595.09716796875,8.765
5504.211013305001,533.2158203125,9.37
5504.53458943899,595.09716796875,9.718
5504.855643932999,465.71630859375,7.198
5505.177742054002,746.9697265625,8.352
5505.500078775003,595.09765625,9.191
5505.821210740993,595.09765625,9.408
5506.142337074998,465.716796875,7.21
5506.4649675969995,724.47021484375,8.041
5506.787022349003,595.09814453125,8.881
5507.108806785996,493.841796875,9.408
5507.43112398099,489.63525390625,8.803
5507.754005419003,1029.71923828125,7.471
5508.0764592880005,589.4736328125,8.571
5508.398967207002,595.0986328125,9.331
5508.722655427002,595.0986328125,9.525
5509.044772351001,465.7177734375,6.976
5509.367229001,746.97119140625,8.274
5509.69224194299,595.09912109375,8.997
5510.0153385189915,626.734375,9.447
5510.336278592993,465.71826171875,7.626
5510.660456362995,724.4716796875,8.041
5510.983372703995,595.099609375,9.075
5511.305538775996,595.099609375,9.331
5511.627201944997,489.63671875,9.075
5511.948994941995,1029.720703125,7.769
5512.270954249994,476.970703125,8.842
5512.592766158996,595.10009765625,9.308
5512.914710358993,510.71875,9.641
5513.23868024,465.71923828125,7.093
5513.5608851860015,746.97265625,8.391
5513.882452823993,595.1005859375,9.114
5514.2040172609995,595.1005859375,9.563
5514.529237237002,465.7197265625,7.444
5514.851598695997,724.47314453125,8.274
5515.174224645001,595.10107421875,8.959
5515.496326027991,595.10107421875,9.525
5515.817858009992,489.63818359375,8.663
5516.140244745999,1029.72216796875,7.51
5516.462213769002,589.4765625,8.648
5516.783689809992,595.1015625,9.269
5517.105536585004,595.1015625,9.563
5517.42729938899,465.720703125,7.015
5517.749866158003,746.97412109375,8.352
5518.073501002,595.10205078125,9.036
5518.395502083993,595.10205078125,9.563
5518.7169199089985,465.72119140625,7.51
5519.039140163994,724.474609375,7.886
5519.361033398993,595.1025390625,8.842
5519.6828889659955,595.1025390625,9.331
5520.0045999819995,595.1025390625,9.269
5520.328207394996,1029.7236328125,7.626
5520.650027469994,589.47802734375,8.61
5520.971913977992,493.8466796875,9.292
5521.293345810991,595.10302734375,9.525
5521.618494561,465.72216796875,6.976
5521.941797890991,724.4755859375,8.235
5522.26495644699,595.103515625,9.114
5522.586442070999,595.103515625,9.331
5522.9086623460025,465.72265625,7.743
5523.232022986995,1029.724609375,7.743
5523.555914144992,611.978515625,8.842
5523.879218428003,595.10400390625,9.215
5524.201534608001,617.603515625,9.757
5524.526216482991,465.72314453125,7.315
5524.848680056995,746.9765625,8.507
5525.172630892004,595.1044921875,9.114
5525.4982514250005,595.1044921875,9.563
5525.822841482004,465.7236328125,6.937
5526.145191545002,724.47705078125,8.158
5526.470754601003,499.48486328125,9.036
5526.7925535989925,595.10498046875,9.37
5527.1155687729915,488.2353515625,8.391
5527.440088071991,1029.72607421875,7.587
5527.764475075004,595.10546875,8.726
5528.086194321993,595.10546875,9.191
5528.408885480996,595.10546875,9.602
5528.7320156299975,465.724609375,7.054
5529.053976099996,746.97802734375,8.313
5529.376372298997,595.10595703125,9.075
5529.6988664200035,595.10595703125,9.447
5530.022151675992,465.72509765625,7.354
5530.344677574001,724.478515625,7.808
5530.667679904,595.1064453125,8.803
5530.9899914220005,595.1064453125,9.37
5531.311924491994,595.1064453125,9.269
5531.633785461992,984.7275390625,7.471
5531.9565612509905,589.48193359375,8.507
5532.278471181999,595.10693359375,9.23
5532.600896844,595.10693359375,9.563
5532.922043091996,465.72607421875,7.054
5533.2442835289985,724.4794921875,8.119
5533.568433544991,595.107421875,8.997
5533.890390542991,595.107421875,9.525
5534.2173546870035,465.7265625,7.938
5534.539911100001,1029.728515625,7.924
5534.863091439998,595.10791015625,8.881
5535.184453402995,595.10791015625,9.254
5535.507288737004,595.10791015625,9.757
5535.83050107499,984.72900390625,7.587
5536.153073387992,589.4833984375,8.507
5536.478422739994,595.1083984375,9.269
5536.801886604997,595.1083984375,9.447
5537.125655890995,465.7275390625,6.82
5537.4486773389945,724.48095703125,8.119
5537.771670589995,595.10888671875,8.997
5538.094133516002,595.10888671875,9.408
5538.417388186004,492.45849609375,8.235
5538.739367314003,1029.72998046875,7.886
5539.061360745996,499.47802734375,8.881
5539.382789067997,595.109375,9.292
5539.704601945996,615.49462890625,9.757
5540.028899723999,465.728515625,7.393
5540.351930858,746.98193359375,8.493
5540.673965055001,595.10986328125,9.153
5540.995745448992,595.10986328125,9.602
5541.31930674499,465.72900390625,7.171
5541.642854311998,724.482421875,8.196
5541.964446694998,595.1103515625,8.997
5542.286076742996,595.1103515625,9.408
5542.609411370999,492.4599609375,8.196
5542.931715234998,1029.7314453125,7.743
5543.253308382991,595.11083984375,8.726
5543.575693177991,595.11083984375,9.331
5543.897608286992,595.11083984375,9.718
5544.221473554993,465.72998046875,7.51
5544.545411112995,746.9833984375,8.532
5544.868709058996,595.111328125,9.191
5545.191102680998,595.111328125,9.563
5545.516164921995,465.73046875,6.976
5545.840003366,724.48388671875,8.158
5546.161868003997,595.11181640625,9.036
5546.483767810991,595.11181640625,9.408
5546.807455621994,492.46142578125,8.196
5547.129829844998,1029.73291015625,7.847
5547.453514680994,621.12255859375,8.881
5547.776819817998,595.1123046875,9.292
5548.101698394996,476.98876953125,9.834
5548.423838588991,984.7333984375,7.51
5548.747419159001,488.4130859375,8.468
5549.070245490002,599.5625,9.191
5549.392291437995,595.11279296875,9.447
5549.715585689002,465.73193359375,7.015
5550.0391676,724.4853515625,8.119
5550.3625742389995,595.11328125,8.959
5550.687603276994,599.427734375,9.447
5551.01071998199,492.46337890625,8.158
5551.332311153994,1029.734375,7.886
5551.654182910992,595.11376953125,8.881
5551.976374648002,595.11376953125,9.292
5552.298431914998,595.11376953125,9.796
5552.618991936994,984.73486328125,7.548
5552.941125651996,611.98876953125,8.493
5553.263951490997,696.3642578125,9.23
5553.586210362992,595.1142578125,9.486
5553.91002321399,465.7333984375,6.898
5554.232697332001,724.48681640625,8.158
5554.557188865991,595.11474609375,9.036
5554.881182618003,595.11474609375,9.408
5555.202767953,492.46435546875,8.274
5555.524710390004,1029.73583984375,7.886
5555.848810734999,626.75048828125,8.92
5556.17052576899,595.115234375,9.346
5556.493241930992,499.66552734375,9.873
5556.814933631991,465.734375,7.432
5557.138204053001,758.1806640625,8.468
5557.461315940003,595.11572265625,9.153
5557.785741539992,595.11572265625,9.486
5558.109329411003,465.73486328125,6.82
5558.43148947999,724.48828125,8.158
5558.754501196992,595.1162109375,9.036
5559.0765226660005,595.1162109375,9.37
5559.398105493994,492.4658203125,8.391
5559.720589570992,1029.7373046875,7.665
5560.043065103004,595.11669921875,8.726
5560.365115947003,621.126953125,9.37
5560.686673871998,595.11669921875,9.718
5561.007441045993,465.73583984375,7.276
5561.330441651997,746.9892578125,8.391
5561.652615950996,595.1171875,9.191
5561.9743876099965,595.1171875,9.486
5562.295649295993,465.736328125,7.171
5562.617906347994,724.48974609375,8.119
5562.939063739002,595.11767578125,8.92
5563.261264626999,595.11767578125,9.486
5563.583542413995,489.65478515625,8.701
5563.905347923996,1029.73876953125,7.587
5564.227866678004,499.49267578125,8.765
5564.550275923,595.1181640625,9.269
5564.872208346991,494.04345703125,9.602
5565.195738690993,465.7373046875,7.21
5565.517471682004,746.99072265625,8.352
5565.839662448998,595.11865234375,9.114
5566.161160964999,595.11865234375,9.486
5566.485817687004,465.73779296875,7.354
5566.808159081003,724.4912109375,8.119
5567.132087099002,595.119140625,8.959
5567.454323304992,595.119140625,9.525
5567.776116834997,489.65625,8.74
5568.098479314998,1029.740234375,7.548
5568.420715325992,589.49462890625,8.687
5568.742030530004,595.11962890625,9.269
5569.064556597994,595.11962890625,9.602
5569.38857213399,465.73876953125,7.132
5569.711396194994,746.9921875,8.391
5570.033570917993,595.1201171875,9.114
5570.355041453993,595.1201171875,9.525
5570.678011021999,465.7392578125,7.51
5571.000574110003,724.49267578125,8.468
5571.3227942079975,595.12060546875,9.23
5571.644447978004,595.12060546875,9.486
5571.965717954998,492.47021484375,8.43
5572.2883335539955,1029.74169921875,7.743
5572.611011361994,595.12109375,8.726
5572.933409413003,595.12109375,9.408
5573.254668666996,595.12109375,9.757
5573.578667005,465.740234375,7.393
5573.900599275003,746.99365234375,8.507
5574.222773026995,595.12158203125,9.114
5574.544488198997,510.740234375,9.525
5574.8686427950015,465.74072265625,7.054
5575.190430703995,724.494140625,8.196
5575.514009435996,626.75732421875,9.075
5575.835676570001,595.1220703125,9.37
5576.158192408999,471.36962890625,8.468
5576.480309577004,1029.7431640625,7.743
5576.8026638070005,595.12255859375,8.726
5577.1250064210035,516.3662109375,9.424
5577.447781723997,595.12255859375,9.757
5577.771644298991,465.74169921875,7.354
5578.093279458,746.9951171875,8.507
5578.415849373996,595.123046875,9.153
5578.738105643002,494.04833984375,9.602
5579.061717260993,465.7421875,7.054
5579.385238443996,724.49560546875,8.196
5579.7075586489955,626.7587890625,9.036
5580.030013194002,595.12353515625,9.408
5580.351614842002,495.1513671875,8.468
5580.673868641999,1029.74462890625,7.626
5580.996002947999,595.1240234375,8.765
5581.317301509,595.1240234375,9.23
5581.639711312004,595.1240234375,9.641
5581.965300793003,465.7431640625,6.976
5582.2898128550005,746.99658203125,8.313
5582.611573542003,595.12451171875,9.075
5582.933385557,595.12451171875,9.525
5583.255027581996,465.74365234375,7.432
5583.57929511799,1079.84228515625,7.847
5583.901061721001,595.125,8.765
5584.223557441001,595.125,9.408
5584.544998173995,595.125,9.463
5584.867129045,984.74609375,7.432
5585.190908140998,589.50048828125,8.43
5585.513888164991,595.12548828125,9.23
5585.8359959279915,595.12548828125,9.447
5586.157831231991,465.74462890625,6.976
5586.4800708719995,724.498046875,8.158
5586.802092389,595.1259765625,8.997
5587.123823014001,595.1259765625,9.408
5587.44576558299,492.4755859375,8.235
5587.767924478991,1029.7470703125,7.782
5588.090792201998,595.12646484375,8.803
5588.413123008999,595.12646484375,9.385
5588.735232139996,595.12646484375,9.757
5589.058800847997,465.74560546875,7.471
5589.38223220699,746.9990234375,8.546
5589.704132847997,595.126953125,9.114
5590.026615205992,595.126953125,9.563
5590.350875203003,465.74609375,6.937
5590.673340694993,724.49951171875,8.196
5590.995742407991,494.052734375,8.997
5591.31880491499,595.12744140625,9.331
5591.640943128004,505.0107421875,8.468
5591.963484170992,1029.74853515625,7.821
5592.285064887998,595.1279296875,8.726
5592.608648403999,716.76318359375,9.308
5592.929971028003,595.1279296875,9.641
5593.252057970996,465.7470703125,7.393
5593.574672709001,747.00048828125,8.507
5593.89654802499,595.12841796875,9.153
5594.218590099001,595.12841796875,9.486
5594.540652780997,465.74755859375,7.093
5594.863984280004,724.5009765625,8.196
5595.186344763992,595.12890625,8.997
5595.508154729003,595.12890625,9.447
5595.829797965998,489.666015625,8.585
5596.151717533998,1029.75,7.704
5596.4737504499935,595.12939453125,8.765
5596.796246582002,595.12939453125,9.331
5597.118493871996,595.12939453125,9.718
5597.439886663997,465.74853515625,7.21
5597.76223936399,747.001953125,8.313
5598.084973133999,595.1298828125,9.23
5598.4068418789975,595.1298828125,9.447
5598.7281924879935,465.7490234375,7.249
5599.050582850003,724.50244140625,8.08
5599.372424678993,595.13037109375,8.92
5599.6946434479905,595.13037109375,9.525
5600.016247216001,489.66748046875,8.779
5600.338041423995,1029.75146484375,7.587
5600.660474663993,711.14111328125,8.765
5600.982789497997,595.130859375,9.308
5601.305083209998,493.87451171875,9.68
5601.626673726001,465.75,7.315
5601.949178260998,747.00341796875,8.391
5602.271117461001,595.13134765625,9.269
5602.5939494310005,595.13134765625,9.447
5602.915079476996,465.75048828125,7.288
5603.2370018090005,724.50390625,8.002
5603.559033265992,595.1318359375,8.881
5603.880906890001,599.4462890625,9.408
5604.20375063199,489.6689453125,8.842
5604.525505466998,1029.7529296875,7.782
5604.848821737993,595.13232421875,8.842
5605.170740640999,595.13232421875,9.269
5605.492640215001,595.13232421875,9.602
5605.817026732999,465.75146484375,7.288
5606.138838942003,747.0048828125,8.352
5606.4629895789985,595.1328125,9.191
5606.787586213992,595.1328125,9.486
5607.109128425,465.751953125,7.21
5607.432106181004,724.50537109375,8.08
5607.757743014998,595.13330078125,8.92
5608.079996355998,595.13330078125,9.525
5608.401667176993,489.67041015625,8.701
5608.723689689999,1029.75439453125,7.886
5609.049574114993,595.1337890625,8.803
5609.376015906004,595.1337890625,9.447
5609.699781653995,595.1337890625,9.757
5610.021930920993,456.7685546875,7.548
5610.3440166329965,747.0068359375,8.585
5610.66544235,595.13427734375,9.153
5610.987833703999,595.13427734375,9.563
5611.311834656997,465.75341796875,6.976
5611.634004432999,724.5068359375,8.196
5611.957477395001,595.134765625,9.075
5612.279533820998,595.134765625,9.37
5612.604138825991,492.484375,8.352
5612.926634787,1029.755859375,7.821
5613.248241399997,595.13525390625,8.803
5613.5699677609955,595.13525390625,9.37
5613.891876815993,595.13525390625,9.757
5614.215511987,465.75439453125,7.354
5614.538356630001,747.0078125,8.507
5614.860096556004,595.1357421875,9.114
5615.182665442,595.1357421875,9.602
5615.5045853420015,465.7548828125,7.015
5615.826514264001,724.50830078125,8.158
5616.148104388994,595.13623046875,8.959
5616.4695446839905,595.13623046875,9.424
5616.791350239,489.67333984375,8.585
5617.113220949002,1029.75732421875,7.626
5617.435675617002,595.13671875,8.803
5617.757115522996,595.13671875,9.308
5618.079719346992,595.13671875,9.68
5618.402364387992,465.755859375,7.21
5618.724337752996,747.00927734375,8.352
5619.047070795001,595.13720703125,9.23
5619.368577164001,595.13720703125,9.486
5619.690263507,465.75634765625,7.249
5620.013040228994,724.509765625,8.08
5620.33514409099,595.1376953125,8.92
5620.660168482995,595.1376953125,9.486
5620.983827028991,489.6748046875,8.701
5621.30605281399,1029.7587890625,7.51
5621.629407825996,589.51318359375,8.687
5621.952200222004,595.13818359375,9.269
5622.275426555992,595.138671875,9.602
5622.597124508,465.75732421875,7.548
5622.919218602998,747.0107421875,8.585
5623.241510401,595.138671875,9.269
5623.5636639529985,595.138671875,9.563
5623.885931907993,465.7578125,7.132
5624.20850429,724.51123046875,8.235
5624.530669840999,595.13916015625,8.997
5624.852447597004,595.13916015625,9.408
5625.1740061460005,489.67626953125,8.585
5625.496086761996,1029.76025390625,7.665
5625.820204096002,595.1396484375,8.765
5626.142203298994,595.1396484375,9.292
5626.464132259003,595.1396484375,9.641
5626.790385482993,465.7587890625,7.054
5627.112555793996,747.01220703125,8.274
5627.434487279999,615.525390625,9.153
5627.756246309,595.14013671875,9.486
5628.081711306993,465.75927734375,7.366
5628.404152698,724.5126953125,8.352
5628.728779868994,510.75927734375,9.153
5629.051807520998,595.140625,9.447
5629.378281131998,503.73974609375,8.468
5629.700496973994,1029.76171875,7.86
5630.022719182991,595.14111328125,8.803
5630.3448855820025,595.14111328125,9.408
5630.668674251996,595.14111328125,9.834
5630.993503217003,465.76025390625,7.354
5631.317425618996,747.013671875,8.546
5631.640374893002,595.1416015625,9.153
5631.964645464992,595.1416015625,9.641
5632.289655746994,465.7607421875,6.976
5632.612210092004,724.51416015625,8.196
5632.934346530004,510.7607421875,9.036
5633.255877247997,595.14208984375,9.37
5633.577285624997,489.67919921875,8.546
5633.900758080999,1029.76318359375,8.119
5634.224988168004,595.142578125,8.997
5634.548149474998,595.142578125,9.292
5634.870886667995,595.142578125,9.796
5635.195923534993,465.76171875,7.21
5635.518391500998,747.01513671875,8.43
5635.8399836219905,595.14306640625,9.075
5636.16224872999,516.38671875,9.486
5636.483526215001,465.76220703125,7.054
5636.8060029759945,724.515625,8.119
5637.128409910991,595.1435546875,8.959
5637.450311545996,595.1435546875,9.447
5637.771691333997,489.6806640625,8.624
5638.097155825992,1029.7646484375,7.86
5638.421053600992,595.14404296875,8.765
5638.746681138,595.14404296875,9.408
5639.0693283650035,595.14404296875,9.796
5639.390740086994,465.76318359375,7.21
5639.715567334002,747.0166015625,8.391
5640.039741978995,595.14453125,9.114
5640.361362506999,595.14501953125,9.486
5640.683228419002,465.763671875,7.132
5641.005116539993,724.51708984375,8.235
5641.327949753002,595.14501953125,8.997
5641.649862096994,595.14501953125,9.408
5641.972000944996,489.68212890625,8.546
5642.293970154002,1029.76611328125,7.847
5642.615938496994,595.1455078125,8.765
5642.93796825,595.1455078125,9.408
5643.259644933001,595.1455078125,9.757
5643.581980809002,465.7646484375,7.171
5643.903979198003,747.01806640625,8.313
5644.226134842,595.14599609375,9.23
5644.547714237997,595.14599609375,9.447
5644.868963154993,465.76513671875,7.21
5645.191474010004,724.5185546875,8.158
5645.513352230992,595.146484375,8.959
5645.835122477991,595.146484375,9.525
5646.15857951199,489.68359375,8.701
5646.481136638002,1029.767578125,7.471
5646.804802125,589.52197265625,8.687
5647.126652181003,595.14697265625,9.269
5647.448327541992,595.1474609375,9.563
5647.772648892002,465.76611328125,7.093
5648.096843164996,747.01953125,8.391
5648.418712130995,595.1474609375,9.075
5648.741482698999,595.1474609375,9.525
5649.069807274995,465.7666015625,7.405
5649.392114496004,724.52001953125,8.002
5649.716376383003,595.14794921875,8.92
5650.039714618004,595.14794921875,9.408
5650.362468862004,489.68505859375,8.842
5650.685314339993,1029.76904296875,7.471
5651.0067900669965,589.5234375,8.571
5651.3289931509935,595.1484375,9.346
5651.6511279749975,595.1484375,9.525
5651.972474637994,465.767578125,6.976
5652.295210540004,510.767578125,8.313
5652.617350289991,595.14892578125,9.114
5652.939124455996,595.14892578125,9.486
5653.260786489991,465.76806640625,7.626
5653.58484227999,724.521484375,8.002
5653.907182513998,595.1494140625,8.959
5654.229394326991,595.1494140625,9.346
5654.55254592,485.45556640625,9.075
5654.874696095998,1029.7705078125,7.471
5655.196891393003,589.52490234375,8.648
5655.519534003994,595.14990234375,9.191
5655.841635119999,595.14990234375,9.602
5656.165246470002,465.76904296875,7.093
5656.487877813997,724.5224609375,8.235
5656.811476137998,595.150390625,9.153
5657.134053365997,595.150390625,9.408
5657.458405222991,465.76953125,7.704
5657.7791225669935,1029.771484375,7.963
5658.101966107002,595.15087890625,8.803
5658.424604134998,595.2861328125,9.37
5658.746438800998,595.15087890625,9.563
5659.06771382899,984.77197265625,7.665
5659.390337388992,589.5263671875,8.61
5659.714258630993,595.1513671875,9.23
5660.036499134003,621.16162109375,9.602
5660.359833568,465.7705078125,7.054
5660.682761777003,724.52392578125,8.119
5661.005825701999,595.15185546875,8.997
5661.3278594099975,595.15185546875,9.525
5661.6509852559975,465.77099609375,8.015
5661.973463716,724.5244140625,8.119
5662.295363433004,595.15234375,8.881
5662.619942805992,595.15234375,9.486
5662.945037780999,595.15234375,9.346
5663.26741729099,1029.7734375,7.587
5663.589233000996,589.52783203125,8.648
5663.910856542992,595.15283203125,9.191
5664.233367478999,595.15283203125,9.641
5664.5550932640035,465.77197265625,7.054
5664.877778444003,724.525390625,8.158
5665.200337507995,595.1533203125,9.075
5665.524434710998,595.1533203125,9.447
5665.848685773992,465.7724609375,7.899
5666.171549231993,1029.7744140625,8.041
5666.495822311001,595.15380859375,8.842
5666.817758242003,477.0302734375,9.408
5667.1403348049935,595.15380859375,9.486
5667.4615567879955,984.77490234375,7.51
5667.783381223999,589.529296875,8.468
5668.106635891003,595.154296875,9.269
5668.428862999004,595.154296875,9.525
5668.749700129993,465.7734375,7.132
5669.07144708799,724.52685546875,8.158
5669.3925897029985,595.15478515625,8.959
5669.715309977997,595.15478515625,9.447
5670.038947406996,474.2109375,8.119
5670.361909482992,1029.77587890625,7.51
5670.685713188999,595.1552734375,8.648
5671.007313961003,595.1552734375,9.269
5671.329056627001,595.1552734375,9.68
5671.6546218400035,465.7744140625,7.132
5671.976963694004,747.02783203125,8.313
5672.302191580995,516.3994140625,9.191
5672.626628268001,595.15576171875,9.447
5672.952425711002,465.77490234375,7.249
5673.278153870997,724.5283203125,8.119
5673.601580532995,595.15625,8.881
5673.92379418599,595.15625,9.447
5674.246816989995,489.693359375,8.701
5674.569522724996,1029.77734375,7.587
5674.894022480003,711.1669921875,8.726
5675.215744847999,595.15673828125,9.23
5675.540439233999,635.7919921875,9.563
5675.863851136994,465.77587890625,7.21
5676.187304737003,747.029296875,8.391
5676.510388306997,595.1572265625,9.153
5676.834973341,595.1572265625,9.486
5677.160855417998,465.7763671875,7.327
5677.485424707003,724.52978515625,8.274
5677.808004988998,595.15771484375,8.997
5678.133253117994,595.15771484375,9.408
5678.457143146996,489.69482421875,8.546
5678.7825615850015,1029.77880859375,7.393
5679.104627604,589.533203125,8.571
5679.427768833004,595.158203125,9.269
5679.752037591999,595.158203125,9.486
5680.075376617999,465.77734375,7.21
5680.3991926559975,747.03076171875,8.468
5680.724330853991,595.15869140625,9.114
5681.046280319992,595.15869140625,9.525
5681.370699163002,465.77783203125,7.483
5681.695503458002,724.53125,8.119
5682.020111616992,595.1591796875,8.959
5682.342762611996,499.70947265625,9.525
5682.665359107996,489.6962890625,8.779
5682.988999674999,1029.7802734375,7.587
5683.314249937001,589.53466796875,8.687
5683.636376779992,595.15966796875,9.23
5683.958552071999,595.15966796875,9.563
5684.279243497993,465.77880859375,7.471
5684.601035029991,747.0322265625,8.43
5684.923570173996,595.16015625,9.308
5685.245300294002,595.16015625,9.486
5685.567654597995,465.779296875,7.21
5685.890016707999,724.53271484375,8.119
5686.2123017279955,595.16064453125,8.959
5686.535801609993,595.16064453125,9.525
5686.858309611998,489.69775390625,8.701
5687.180095762,1029.78173828125,7.847
5687.501957529996,595.1611328125,8.803
5687.823872642999,626.79638671875,9.463
5688.146165177997,595.1611328125,9.796
5688.467655122004,465.7802734375,7.132
5688.7899122300005,747.03369140625,8.274
5689.112069812996,494.2626953125,9.191
5689.435811235002,595.16162109375,9.447
5689.757964431992,465.78076171875,7.249
5690.080081084001,724.5341796875,8.002
5690.402592215003,595.162109375,8.92
5690.72426324799,626.79736328125,9.486
5691.045448884994,489.69921875,8.842
5691.367037577991,1029.783203125,7.847
5691.689109040002,595.16259765625,8.842
5692.015507293996,595.16259765625,9.37
5692.337641125996,595.16259765625,9.718
5692.658664289003,465.78173828125,7.132
5692.981354139993,747.03515625,8.274
5693.303280217995,516.40673828125,9.191
5693.624972268997,595.1630859375,9.447
5693.949605393995,465.7822265625,7.327
5694.273314481994,724.53564453125,8.274
5694.595571322003,595.16357421875,8.997
5694.9188543749915,595.16357421875,9.447
5695.240617881995,489.70068359375,8.624
5695.56359842699,1029.78466796875,7.782
5695.888655852003,595.1640625,8.765
5696.211279709998,477.04052734375,9.408
5696.532857478,595.1640625,9.718
5696.854108512998,465.783203125,7.171
5697.176454821994,747.03662109375,8.352
5697.499132055003,595.16455078125,9.23
5697.821571356995,595.16455078125,9.486
5698.1429221689905,465.78369140625,7.171
5698.465166039998,724.537109375,8.08
5698.7867027449975,595.1650390625,8.92
5699.108395743999,595.1650390625,9.486
5699.430324656001,489.7021484375,8.74
5699.753923647004,1029.7861328125,7.471
5700.075933136002,589.54052734375,8.61
5700.3980557489995,595.16552734375,9.308
5700.720096630001,595.16552734375,9.563
5701.042380207,465.78466796875,6.976
5701.365007765999,747.0380859375,8.352
5701.6868253400025,595.166015625,9.036
5702.008867337994,595.166015625,9.563
5702.330393411001,465.78515625,7.548
5702.653194636994,724.53857421875,8.002
5702.974893548002,595.16650390625,8.997
5703.296483814003,595.16650390625,9.308
5703.618802266996,499.54638671875,9.114
5703.941229970995,1029.78759765625,7.548
5704.263397825998,589.5419921875,8.624
5704.586178918995,595.1669921875,9.308
5704.908046183002,595.1669921875,9.563
5705.231854739002,465.7861328125,6.976
5705.553772883999,724.53955078125,8.119
5705.875381192993,499.7177734375,9.114
5706.197702903999,595.16748046875,9.408
5706.519588470997,465.78662109375,7.821
5706.84252402799,724.5400390625,8.041
5707.165128052991,595.16796875,8.842
5707.4885066989955,595.16796875,9.447
5707.810179901004,595.16796875,9.346
5708.131543235999,1029.7890625,7.587
5708.453121746003,589.54345703125,8.687
5708.775044267997,595.16845703125,9.191
5709.096759260996,477.037109375,9.602
5709.417970459996,465.78759765625,6.976
5709.739728781002,724.541015625,8.08
5710.061039533,595.1689453125,8.959
5710.382659736992,595.1689453125,9.486
5710.705254920991,468.61962890625,8.093
5711.029120424995,1029.7900390625,7.886
5711.351726232999,595.16943359375,8.92
5711.675157510996,595.16943359375,9.331
5711.999510103997,595.16943359375,9.757
5712.321929055004,984.79052734375,7.548
5712.644501033996,589.544921875,8.507
5712.970110729002,595.169921875,9.308
5713.293887074004,595.169921875,9.486
5713.617991526,465.7890625,6.937
5713.941021120001,724.54248046875,8.119
5714.2634288339905,595.17041015625,8.959
5714.586361494992,621.1748046875,9.486
5714.908627119992,500.8349609375,8.158
5715.231228054996,1029.79150390625,7.86
5715.553587123999,499.56201171875,8.881
5715.875836138992,595.1708984375,9.292
5716.201412323004,477.04150390625,9.834
5716.526310656001,465.7900390625,7.393
5716.850006092995,779.736328125,8.468
5717.172890393995,595.17138671875,9.191
5717.494734302993,595.17138671875,9.525
5717.818128829997,465.79052734375,6.898
5718.139632371996,724.5439453125,8.196
5718.463587400998,595.171875,9.075
5718.787087945995,595.171875,9.37
5719.114103154992,492.521484375,8.235
5719.4369666830025,1029.79296875,7.743
5719.76145212799,595.17236328125,8.765
5720.085596919991,595.17236328125,9.37
5720.407663359001,595.17236328125,9.757
5720.733195241992,465.79150390625,7.393
5721.058215937999,747.044921875,8.532
5721.380417836001,595.1728515625,9.191
5721.7023433379945,595.1728515625,9.602
5722.02728162799,465.7919921875,6.976
5722.349365375994,724.54541015625,8.196
5722.671798864001,499.8994140625,9.036
5722.993565636993,595.17333984375,9.331
5723.314786948991,491.27294921875,8.507
5723.638425729994,1029.79443359375,8.002
5723.9603075449995,516.41748046875,8.959
5724.281825922997,595.173828125,9.331
5724.603684792994,621.18408203125,9.796
5724.925034233995,465.79296875,7.432
5725.247431650991,747.04638671875,8.532
5725.5705931289995,595.17431640625,9.191
5725.892001129992,595.17431640625,9.602
5726.217017527,465.79345703125,6.898
5726.540689902991,724.546875,8.196
5726.8626884839905,595.1748046875,9.075
5727.184513874992,595.1748046875,9.408
5727.506590092002,492.5244140625,8.391
5727.829042608995,1029.7958984375,7.665
5728.15142091499,595.17529296875,8.726
5728.473899896999,656.060546875,9.385
5728.795927915999,595.17529296875,9.718
5729.117114077992,465.79443359375,7.327
5729.438843461001,747.0478515625,8.468
5729.762648185992,595.17578125,9.23
5730.084136502002,595.17578125,9.563
5730.40847113599,465.794921875,7.171
5730.730227491993,724.54833984375,8.274
5731.055225636999,477.046875,9.114
5731.3774823959975,595.17626953125,9.37
5731.698524578998,492.52587890625,8.391
5732.0214430579945,1029.79736328125,7.665
5732.343512672,595.1767578125,8.726
5732.6653778280015,595.1767578125,9.308
5732.986874522001,595.1767578125,9.68
5733.3079672640015,465.7958984375,7.21
5733.630613440997,747.04931640625,8.313
5733.954959809998,595.17724609375,9.23
5734.277721638995,595.17724609375,9.447
5734.59881281,465.79638671875,7.21
5734.921413702003,724.5498046875,8.08
5735.24344749999,595.177734375,8.92
5735.56585056,595.177734375,9.486
5735.889058193003,489.71484375,8.701
5736.212477930996,1029.798828125,7.51
5736.537117554995,650.4384765625,8.726
5736.859925106997,595.17822265625,9.215
5737.182634351004,493.927734375,9.68
5737.506224844998,465.79736328125,7.054
5737.82908106799,747.05078125,8.352
5738.150743741993,595.1787109375,9.114
5738.4722532899905,595.1787109375,9.563
5738.796972206997,465.7978515625,7.405
5739.120325087992,724.55126953125,7.924
5739.442795374998,595.17919921875,8.997
5739.766247392996,595.17919921875,9.37
5740.090096034997,489.71630859375,8.92
5740.4123505669995,1029.80029296875,7.548
5740.7339738739975,589.5546875,8.61
5741.056404346993,595.1796875,9.292
5741.378988522003,595.1796875,9.563
5741.701234954002,465.798828125,7.054
5742.023601901994,747.05224609375,8.391
5742.34514462699,595.18017578125,9.036
5742.667578808992,510.8046875,9.563
5742.989256704997,465.79931640625,7.548
5743.311713510993,724.552734375,7.924
5743.633558771995,499.57177734375,8.959
5743.95498296,595.1806640625,9.331
5744.277244779994,635.81591796875,9.191
5744.5994721669995,1029.8017578125,7.51
5744.921781379002,589.55615234375,8.648
5745.244448780999,595.18115234375,9.153
5745.566523966991,595.18115234375,9.602
5745.8899040660035,465.80029296875,7.093
5746.212081206992,724.5537109375,8.196
5746.534447698999,595.181640625,9.153
5746.856102737991,595.181640625,9.408
5747.178209922,465.80078125,7.782
5747.500049031994,724.55419921875,8.002
5747.823134459992,595.18212890625,8.959
5748.144889243995,595.18212890625,9.408
5748.467250036003,595.18212890625,9.269
5748.790008729004,1029.80322265625,7.548
5749.112119525991,589.5576171875,8.648
5749.433973448002,595.1826171875,9.191
5749.75675082799,595.1826171875,9.602
5750.078488551997,465.8017578125,7.015
5750.4007062309975,724.55517578125,8.119
5750.722544628996,595.18310546875,9.075
5751.045374007997,595.18310546875,9.486
5751.369067485997,465.80224609375,7.938
5751.691696184003,623.65380859375,8.08
5752.014362260001,595.18359375,8.842
5752.339317478996,516.43310546875,9.447
5752.664762732995,595.18359375,9.385
5752.988697366993,1029.8046875,7.587
5753.311313134996,589.55908203125,8.687
5753.633275628003,595.18408203125,9.23
5753.956024935003,595.18408203125,9.602
5754.2814805539965,465.80322265625,7.054
5754.6056444419955,724.556640625,8.196
5754.931947578996,595.1845703125,9.153
5755.253998232991,595.1845703125,9.447
5755.575751754994,465.8037109375,7.743
5755.90134919899,724.55712890625,8.002
5756.224287053003,595.18505859375,8.92
5756.548820198994,595.18505859375,9.331
5756.871123851,595.18505859375,9.23
5757.1947948509915,1029.80615234375,7.743
5757.5182252660015,589.560546875,8.765
5757.842500190993,595.185546875,9.292
5758.164766654998,595.185546875,9.602
5758.493203179998,465.8046875,7.171
5758.8176595179975,747.05810546875,8.352
5759.139635344996,595.18603515625,9.114
5759.461957234002,595.18603515625,9.486
5759.785233620001,465.8056640625,7.354
5760.107521393002,1029.703125,7.276
5760.428870410004,595.08251953125,8.507
5760.751341836003,499.451171875,9.308
5761.073220759994,595.08251953125,9.68
5761.395564117003,465.701171875,7.171
5761.718727343992,746.95458984375,8.313
5762.0424523519905,595.08251953125,9.191
5762.366181071993,595.08251953125,9.408
5762.688745585998,465.70166015625,7.21
5763.012668007999,724.455078125,7.847
5763.335168966994,595.0830078125,8.959
5763.657319096004,595.0830078125,9.254
5763.9796074049955,489.6201171875,9.075
5764.302277231996,1029.7041015625,7.471
5764.6272500589985,589.45849609375,8.61
5764.952298471995,595.08349609375,9.23
5765.274360019001,595.08349609375,9.525
5765.599012608,465.70263671875,7.054
5765.921526232996,724.45654296875,8.235
5766.243583521995,595.083984375,9.114
5766.565265914993,595.083984375,9.408
5766.88761998,465.703125,7.704
5767.210260520995,724.45654296875,8.002
5767.532390737993,626.7197265625,8.959
5767.854519065004,595.08447265625,9.37
5768.176894313001,599.39892578125,9.23
5768.500256286992,1029.70556640625,7.587
5768.824811936996,589.4599609375,8.61
5769.146657371995,499.46484375,9.292
5769.468794913002,595.0849609375,9.486
5769.790602423993,465.7041015625,7.093
5770.1124601119955,510.7041015625,8.352
5770.434495663998,595.08544921875,9.075
5770.755968887999,595.08544921875,9.447
5771.07830624099,465.70458984375,7.665
5771.400857970992,724.4580078125,7.963
5771.725068225991,599.53564453125,8.92
5772.04810797199,595.0859375,9.37
5772.370966974995,482.57958984375,9.153
5772.695625630004,1029.70703125,7.587
5773.018557402,589.46142578125,8.648
5773.341395569994,476.95703125,9.308
5773.663747126993,595.08642578125,9.486
5773.985280508001,465.70556640625,7.171
5774.309919638996,746.958984375,8.43
5774.632440959991,595.0869140625,9.114
5774.9579355469905,595.0869140625,9.563
5775.28283235,465.7060546875,7.432
5775.605418088002,724.45947265625,8.041
5775.928160151001,595.08740234375,8.959
5776.250656860997,595.08740234375,9.408
5776.573466798,489.62451171875,8.842
5776.8970037690015,1029.70849609375,7.471
5777.220916787002,589.462890625,8.61
5777.543120586997,595.087890625,9.346
5777.865822099993,595.087890625,9.563
5778.187679869996,465.70703125,7.015
5778.510836023997,746.96044921875,8.391
5778.832656158003,595.08837890625,9.075
5779.155018680991,595.08837890625,9.602
5779.476678552004,465.70751953125,7.548
5779.799355580995,724.4609375,7.963
5780.121600881001,499.45751953125,8.959
5780.443366355001,595.0888671875,9.331
5780.765563043999,510.70751953125,9.153
5781.086850160995,984.7099609375,7.432
5781.408707989001,589.46435546875,8.43
5781.731123980004,595.08935546875,9.23
5782.052782373998,595.08935546875,9.447
5782.374288537991,465.70849609375,7.093
5782.696009173,724.4619140625,8.119
5783.018161824002,595.08984375,8.997
5783.340269993001,595.08984375,9.525
5783.662256173004,465.708984375,8.093
5783.9846066850005,1029.7109375,7.963
5784.306841352998,595.09033203125,8.92
5784.628404282994,595.09033203125,9.308
5784.952798519997,595.09033203125,9.718
5785.273995641997,984.71142578125,7.548
5785.595794451001,589.4658203125,8.468
5785.918178273001,595.0908203125,9.269
5786.239459524993,595.0908203125,9.447
5786.561001586,465.7099609375,7.093
5786.882879115001,724.46337890625,8.158
5787.205119249993,595.09130859375,8.997
5787.527442202991,595.09130859375,9.525
5787.849131434996,465.71044921875,8.093
5788.171658810999,1029.71240234375,8.08
5788.495630402002,595.091796875,8.881
5788.817952455996,621.10205078125,9.447
5789.139397804,595.091796875,9.563
5789.461581868993,984.712890625,7.548
5789.7838525589905,589.46728515625,8.507
5790.106139857991,595.09228515625,9.308
5790.428455829999,595.09228515625,9.563
5790.749751665004,465.71142578125,7.054
5791.071889453,724.46484375,8.119
5791.39436408499,595.0927734375,8.997
5791.717483347995,595.0927734375,9.525
5792.040130113004,465.7119140625,8.093
5792.362976245,1029.7138671875,8.08
5792.685288531997,595.09326171875,8.842
5793.007967903992,635.728515625,9.408
5793.329809739997,595.09326171875,9.563
5793.651652535002,555.71240234375,7.704
5793.973887472996,589.46875,8.687
5794.295658584,595.09375,9.23
5794.617323899001,595.09375,9.641
5794.938838135,465.712890625,7.015
5795.2618234669935,724.46630859375,8.119
5795.583784310991,595.09423828125,9.036
5795.905595068994,595.09423828125,9.486
5796.230322033996,465.71337890625,8.015
5796.554424237998,533.21337890625,8.119
5796.876612448003,595.0947265625,8.842
5797.198129463999,595.0947265625,9.408
5797.519487721991,595.0947265625,9.486
5797.841084963991,984.7158203125,7.587
5798.163457595001,589.47021484375,8.493
5798.487101666993,595.09521484375,9.269
5798.811172856993,595.09521484375,9.525
5799.134201191002,465.71435546875,7.093
5799.458919254001,724.4677734375,8.119
5799.781825501996,595.095703125,8.997
5800.103827075,595.095703125,9.486
5800.426120499993,465.71484375,8.015
5800.747931599995,1029.716796875,8.08
5801.069761484992,595.09619140625,8.842
5801.392028282993,595.09619140625,9.346
5801.7139593539905,595.09619140625,9.641
5802.035572460998,984.71728515625,7.587
5802.358465616999,589.4716796875,8.507
5802.681738657993,595.0966796875,9.269
5803.0041513769975,595.0966796875,9.447
5803.325794338991,465.7158203125,7.288
5803.648568510995,724.46923828125,8.274
5803.972244028992,716.732421875,9.114
5804.293999538,595.09716796875,9.408
5804.616813229994,465.71630859375,7.86
5804.939556582001,724.4697265625,8.08
5805.261064527993,595.09765625,8.881
5805.583803271002,595.09765625,9.447
5805.9076389519905,595.09765625,9.385
5806.229771846993,989.033203125,7.548
5806.552697476,589.47314453125,8.61
5806.875631616,595.09814453125,9.191
5807.197805951,493.841796875,9.563
5807.519185536003,465.71728515625,7.132
5807.841800973998,724.470703125,8.235
5808.164386331002,626.73388671875,9.114
5808.48602729899,595.0986328125,9.408
5808.807664649998,465.7177734375,7.899
5809.130262741994,724.47119140625,8.041
5809.453976235993,595.09912109375,8.881
5809.776491026991,595.09912109375,9.408
5810.099806903992,595.09912109375,9.269
5810.421324921001,1029.72021484375,7.548
5810.744008387992,589.474609375,8.687
5811.066316001001,595.099609375,9.191
5811.388441303003,595.099609375,9.602
5811.712389360997,465.71875,7.093
5812.03440585699,724.47216796875,8.196
5812.356986567,595.10009765625,9.153
5812.678636839992,595.10009765625,9.447
5813.000632629002,465.71923828125,7.821
5813.323120084999,724.47265625,8.119
5813.645352715001,595.1005859375,9.075
5813.967227122004,595.1005859375,9.37
5814.290833498992,489.6376953125,9.075
5814.612402996994,1029.7216796875,7.782
5814.934316347993,493.8447265625,8.803
5815.256610160999,595.10107421875,9.269
5815.578368720991,626.736328125,9.602
5815.902554029002,465.72021484375,7.249
5816.225717922003,746.9736328125,8.352
5816.547828814,516.34521484375,9.191
5816.870735061995,595.1015625,9.447
5817.198344210992,465.720703125,7.288
5817.520465052992,724.47412109375,8.313
5817.842907986997,626.7373046875,9.075
5818.16685872199,595.10205078125,9.408
5818.490601129,497.9541015625,8.43
5818.814274026998,1029.72314453125,7.782
5819.136483094,595.1025390625,8.726
5819.460982103992,595.1025390625,9.408
5819.782885398003,595.1025390625,9.757
5820.106232234,465.7216796875,7.393
5820.429289202992,746.97509765625,8.546
5820.750926309003,595.10302734375,9.114
5821.072603384004,493.8525390625,9.602
5821.394641592997,465.72216796875,7.054
5821.71790259899,724.4755859375,8.08
5822.039914148991,595.103515625,8.881
5822.365565582004,595.103515625,9.408
5822.687403011994,489.640625,8.624
5823.010294722,1029.724609375,7.782
5823.335192651997,595.10400390625,8.765
5823.657587316993,655.9892578125,9.385
5823.980354572996,595.10400390625,9.718
5824.3015221509995,465.72314453125,7.327
5824.623736039997,746.9765625,8.43
5824.9478265439975,595.1044921875,9.191
5825.2702300719975,595.1044921875,9.563
5825.596920162003,465.7236328125,7.093
5825.919041564994,724.47705078125,8.235
5826.241386976995,488.2236328125,9.036
5826.563892809994,595.10498046875,9.37
5826.886814337995,485.4111328125,8.468
5827.208591086004,1029.72607421875,7.665
5827.53163802599,595.10546875,8.765
5827.853341298003,595.10546875,9.308
5828.175506443993,595.10546875,9.68
5828.498878226994,465.724609375,7.21
5828.820689180997,746.97802734375,8.313
5829.142309567993,617.60546875,9.153
5829.464486135999,595.10595703125,9.408
5829.788099621001,465.72509765625,7.288
5830.111877367992,724.478515625,8.196
5830.433869382992,595.1064453125,8.959
5830.756052187993,595.1064453125,9.525
5831.077759710999,489.6435546875,8.663
5831.399984372998,1029.7275390625,7.587
5831.722288973004,595.10693359375,8.803
5832.043589886991,595.10693359375,9.269
5832.365873014001,595.10693359375,9.68
5832.689137904992,465.72607421875,7.21
5833.011575596,746.9794921875,8.352
5833.333944291997,494.03271484375,9.23
5833.655993679,595.107421875,9.486
5833.9789927340025,465.7265625,7.288
5834.302720135995,724.47998046875,8.313
5834.624570442,595.1083984375,8.997
5834.945869846997,595.10791015625,9.447
5835.267198403992,489.64501953125,8.624
5835.588898207003,1029.72900390625,7.665
5835.91152572399,595.1083984375,8.765
5836.23297325999,595.1083984375,9.23
5836.555460100004,595.1083984375,9.641
5836.876603590994,465.7275390625,7.432
5837.198904789999,746.98095703125,8.507
5837.5222590839985,595.10888671875,9.191
5837.847403876993,595.10888671875,9.563
5838.168826096997,465.72802734375,7.093
5838.492779708991,724.4814453125,8.196
5838.815836804992,595.109375,8.959
5839.140221376001,595.109375,9.408
5839.462280129999,489.646484375,8.546
5839.784981274992,1029.73046875,7.704
5840.107566608,595.10986328125,8.726
5840.429753588993,595.10986328125,9.269
5840.751970874,595.10986328125,9.602
5841.072941808001,465.72900390625,7.327
5841.3964121649915,746.982421875,8.391
5841.7213555039925,595.1103515625,9.153
5842.045581087004,595.1103515625,9.525
5842.367935622999,465.7294921875,7.093
5842.692139637002,724.48291015625,8.196
5843.016973370002,635.74609375,9.036
5843.343236724992,595.11083984375,9.37
5843.666995887994,492.46044921875,8.391
5843.990034030998,1029.73193359375,7.626
5844.31227556699,595.111328125,8.687
5844.636238320993,595.111328125,9.269
5844.958928769003,595.111328125,9.602
5845.281091293,465.73046875,7.432
5845.606603159002,746.98388671875,8.546
5845.931600220996,595.11181640625,9.153
5846.253684148993,595.11181640625,9.602
5846.575763658999,465.73095703125,7.015
5846.897921315991,724.484375,8.158
5847.219797586004,696.3623046875,8.997
5847.54536964299,595.1123046875,9.37
5847.868133816999,496.66845703125,8.43
5848.193905464999,1029.7333984375,7.704
5848.51803721,595.11279296875,8.687
5848.840066345991,595.11279296875,9.408
5849.161700715995,595.11279296875,9.757
5849.487584877992,465.73193359375,7.548
5849.810416474997,746.9853515625,8.571
5850.131807026002,595.11328125,9.114
5850.453592919002,595.11328125,9.563
5850.775436348995,465.732421875,7.015
5851.098491024997,724.48583984375,7.924
5851.420590048001,595.11376953125,8.842
5851.744435472996,599.5634765625,9.37
5852.067239416996,489.65087890625,8.779
5852.390658873002,1029.73486328125,7.847
5852.712392311994,595.1142578125,8.765
5853.036117537995,595.1142578125,9.292
5853.357739036001,595.1142578125,9.641
5853.679421687993,465.7333984375,7.132
5854.002792337997,746.98681640625,8.313
5854.325812544004,533.2333984375,9.153
5854.647638879003,595.11474609375,9.408
5854.973922502992,465.73388671875,7.288
5855.296675816004,724.4873046875,8.041
5855.619744116993,595.115234375,8.92
5855.941474510997,626.75048828125,9.447
5856.264497369004,489.65234375,8.803
5856.586979693995,1029.736328125,7.432
5856.908994384998,589.49072265625,8.532
5857.23064093299,505.115234375,9.308
5857.552406397997,595.11572265625,9.486
5857.874878128001,465.73486328125,6.898
5858.196844687001,724.48828125,8.08
5858.519715055998,716.75146484375,9.036
5858.843425198997,595.1162109375,9.37
5859.165116449993,465.7353515625,7.86
5859.489757028001,724.48876953125,8.041
5859.813759244993,595.11669921875,8.881
5860.139662909991,595.11669921875,9.408
5860.462000455998,595.11669921875,9.269
5860.787145465991,1029.73779296875,7.704
5861.108858666994,589.4921875,8.726
5861.430158570991,595.1171875,9.385
5861.753821539998,595.1171875,9.563
5862.07734914399,465.736328125,6.976
5862.402156668002,746.98974609375,8.352
5862.724231927001,595.11767578125,9.036
5863.045823007997,595.11767578125,9.563
5863.369476309992,465.73681640625,7.548
5863.692170950992,724.490234375,8.43
5864.014441256004,595.1181640625,9.075
5864.337288734998,595.1181640625,9.447
5864.663101411992,489.6552734375,8.507
5864.987118149002,1029.7392578125,7.665
5865.309004213996,595.11865234375,8.726
5865.631109454,595.11865234375,9.308
5865.953481774995,595.11865234375,9.68
5866.277205220002,465.73779296875,7.171
5866.601249091997,746.9912109375,8.313
5866.926596627993,595.119140625,9.23
5867.248821838002,595.119140625,9.447
5867.5718316529965,465.73828125,7.21
5867.893930072998,724.49169921875,8.235
5868.216386810003,595.2548828125,9.075
5868.540578685002,595.11962890625,9.408
5868.862034038,497.9716796875,8.507
5869.185836488992,1029.74072265625,7.704
5869.511994931992,595.1201171875,8.687
5869.835006598994,499.84619140625,9.37
5870.159946115004,595.1201171875,9.757
5870.4838581359945,465.7392578125,7.548
5870.806862120997,746.99267578125,8.61
5871.128638891998,595.12060546875,9.153
5871.452035276001,595.12060546875,9.563
5871.775632306002,465.73974609375,6.976
5872.098434682004,724.4931640625,8.119
5872.421636272993,595.12109375,8.959
5872.743601943992,595.12109375,9.424
5873.064966599995,489.658203125,8.546
5873.386946703002,1029.7421875,7.51
5873.708918484001,493.865234375,8.726
5874.030719026996,595.12158203125,9.269
5874.353324144002,505.296875,9.68
5874.678476749003,465.74072265625,7.21
5875.000727898994,746.994140625,8.313
5875.323338486996,493.86572265625,9.153
5875.645493792996,595.1220703125,9.447
5875.9686175499955,465.7412109375,7.327
5876.291245417,724.49462890625,8.274
5876.613556854994,595.12255859375,8.959
5876.936511324995,595.12255859375,9.486
5877.260598252993,489.65966796875,8.624
5877.583028446999,1029.74365234375,8.08
5877.9050446710025,502.86669921875,8.959
5878.227810843993,595.123046875,9.331
5878.553473029999,615.50830078125,9.834
5878.877542931004,465.7421875,7.393
5879.200646458994,746.99560546875,8.546
5879.523319954998,595.12353515625,9.153
5879.845706781998,595.12353515625,9.563
5880.17064583399,465.74267578125,6.937
5880.492592163995,724.49609375,8.196
5880.815346875999,595.1240234375,9.075
5881.136383730991,595.1240234375,9.37
5881.457550159001,492.4736328125,8.352
5881.779468581997,1029.7451171875,7.782
5882.100505818991,595.12451171875,8.726
5882.421791193992,595.12451171875,9.37
5882.7430041479965,595.12451171875,9.718
5883.063988198002,465.74365234375,7.288
5883.386153284999,746.9970703125,8.391
5883.70799378099,595.125,9.191
5884.029571259991,595.125,9.447
5884.350965179998,465.744140625,7.21
5884.673915509004,724.49755859375,8.196
5884.996250038996,595.12548828125,8.92
5885.318207849996,595.12548828125,9.486
5885.6402864010015,489.66259765625,8.663
5885.96290404399,1029.74658203125,7.704
5886.285947782992,595.1259765625,8.765
5886.608925534994,595.1259765625,9.191
5886.932292099998,595.1259765625,9.602
5887.254500957992,465.7451171875,7.249
5887.578980332997,746.99853515625,8.352
5887.902536535999,595.12646484375,9.153
5888.226354540995,595.12646484375,9.408
5888.549904854997,465.74560546875,7.171
5888.8725003159925,724.4990234375,8.158
5889.1938505470025,595.126953125,8.881
5889.517949999994,595.126953125,9.447
5889.839783991003,489.6640625,8.663
5890.163863155001,1029.748046875,7.743
5890.485784189004,595.12744140625,8.765
5890.808173815996,595.12744140625,9.254
5891.13059627499,595.12744140625,9.641
5891.452147278003,465.74658203125,7.249
5891.77442633899,747.0,8.352
5892.097099653998,595.1279296875,9.23
5892.418751074991,595.1279296875,9.486
5892.741103705994,465.7470703125,7.249
5893.063623477996,724.50048828125,8.08
5893.385959210995,595.12841796875,8.92
5893.708481221998,595.12841796875,9.486
5894.030859163991,489.66552734375,8.74
5894.353197582997,1029.74951171875,7.587
5894.6755444829905,488.24755859375,8.726
5894.997263326004,595.12890625,9.269
5895.31919561699,533.24755859375,9.641
5895.6410903689975,465.748046875,7.093
5895.963851458,747.00146484375,8.391
5896.285709664997,595.12939453125,9.075
5896.608234136002,595.12939453125,9.525
5896.935350011001,465.74853515625,7.405
5897.257058354997,724.501953125,8.313
5897.578739592995,595.1298828125,8.997
5897.90046959999,595.1298828125,9.486
5898.222989460002,489.6669921875,8.624
5898.545151675004,1029.7509765625,7.665
5898.867694222994,595.13037109375,8.803
5899.189652685003,595.13037109375,9.269
5899.512617967994,595.13037109375,9.641
5899.833937076997,465.74951171875,7.237
5900.157246788003,747.0029296875,8.352
5900.479169694998,595.130859375,9.191
5900.800731914991,595.130859375,9.447
5901.126351760002,465.75,7.249
5901.448879711999,724.50341796875,8.313
5901.770993886996,493.875,9.075
5902.092541609003,595.13134765625,9.408
5902.414285977997,491.23095703125,8.507
5902.736094861,1029.75244140625,7.665
5903.057932191994,595.1318359375,8.726
5903.382924553996,595.1318359375,9.292
5903.704668024991,595.1318359375,9.68
5904.027718487996,465.7509765625,7.354
5904.350743126997,747.00439453125,8.454
5904.672861521991,595.13232421875,9.114
5904.995297496993,595.1328125,9.447
5905.319671720994,465.75146484375,7.054
5905.64168611099,724.5048828125,8.196
5905.966434267,595.13330078125,8.997
5906.290995121002,595.1328125,9.37
5906.613431605001,485.43896484375,8.468
5906.938425208995,1029.75390625,7.704
5907.261918117001,595.13330078125,8.687
5907.586573531997,499.5244140625,9.331
5907.908901529998,595.13330078125,9.68
5908.230019979004,984.75439453125,7.743
5908.552477805992,488.43408203125,8.532
5908.876166717004,599.4482421875,9.269
5909.198945002994,595.1337890625,9.486
5909.52337042299,465.7529296875,7.015
5909.846809467999,724.50634765625,8.119
5910.1689519520005,595.13427734375,8.959
5910.492220622997,595.13427734375,9.408
5910.8147044299985,492.48388671875,8.196
5911.137809605003,1029.75537109375,7.924
5911.464752204993,595.134765625,8.92
5911.7879241649935,595.134765625,9.292
5912.110948854999,595.134765625,9.718
5912.432062466003,984.755859375,7.51
5912.754353174998,589.51025390625,8.468
5913.0769634809985,477.01171875,9.269
5913.399960456998,595.13525390625,9.486
5913.722001588001,465.75439453125,6.976
5914.044125346001,724.5078125,8.119
5914.368219384996,595.1357421875,8.997
5914.691422638993,696.3857421875,9.486
5915.013948489999,492.4853515625,8.158
5915.336162840991,1029.7568359375,7.924
5915.66137730499,595.13623046875,8.92
5915.982884140991,595.13623046875,9.269
5916.305658832003,595.13623046875,9.757
5916.627240645001,465.75537109375,7.393
5916.949912258991,747.0087890625,8.493
5917.274405317992,595.13671875,9.153
5917.598514968995,595.13671875,9.525
5917.920503739995,465.755859375,7.405
5918.242834442994,724.50927734375,8.274
5918.565664141002,595.13720703125,9.075
5918.888382249992,595.13720703125,9.525
5919.213468959992,465.75634765625,7.976
5919.535789196991,724.509765625,8.08
5919.857637383,595.1376953125,8.881
5920.17953398799,595.1376953125,9.447
5920.501166421993,595.1376953125,9.346
5920.822659490004,1029.7587890625,7.548
5921.144451289001,589.51318359375,8.648
5921.468636617996,595.13818359375,9.191
5921.791972888997,595.13818359375,9.602
5922.115771194003,465.75732421875,7.093
5922.438093443998,724.5107421875,8.196
5922.761377392002,595.138671875,9.114
5923.083221861991,595.138671875,9.37
5923.4057832550025,465.7578125,7.782
5923.728765174004,724.51123046875,8.002
5924.051697843999,595.13916015625,8.881
5924.3733476490015,595.13916015625,9.408
5924.696796752993,595.13916015625,9.308
5925.0186096349935,1029.76025390625,7.548
5925.341755303001,589.5146484375,8.648
5925.663487572994,595.1396484375,9.191
5925.985890747994,595.1396484375,9.602
5926.309643093002,465.7587890625,7.093
5926.632549037997,724.51220703125,8.235
5926.955189947999,595.14013671875,9.114
5927.278440288996,595.14013671875,9.37
5927.601469052999,465.75927734375,7.743
5927.923884033997,724.5126953125,8.235
5928.245698286992,595.140625,8.997
5928.5693443530035,599.455078125,9.447
5928.89318815399,489.677734375,8.803
5929.216273141996,1029.76171875,7.432
5929.541346076003,589.51611328125,8.546
5929.865234772995,595.14111328125,9.346
5930.18728109599,595.14111328125,9.486
5930.5083667750005,465.76025390625,7.21
5930.830738133998,747.013671875,8.507
5931.153062609999,595.1416015625,9.114
5931.476226094004,595.1416015625,9.602
5931.800883905002,465.7607421875,7.548
5932.1234448049945,724.51416015625,8.041
5932.446894345994,595.14208984375,8.997
5932.7699347509915,595.14208984375,9.37
5933.092630790998,489.67919921875,8.959
5933.415849633995,1029.76318359375,7.51
5933.739902650996,589.517578125,8.61
5934.0632512579905,595.142578125,9.308
5934.387354004997,595.142578125,9.447
5934.710327269,465.76171875,7.093
5935.0357552159985,747.01513671875,8.43
5935.358526647993,595.14306640625,9.036
5935.683801979991,595.14306640625,9.525
5936.0081063639955,465.76220703125,7.471
5936.331132651991,724.515625,8.274
5936.655032826995,595.1435546875,8.997
5936.977641625999,595.1435546875,9.486
5937.298940455992,489.6806640625,8.624
5937.621313757001,1029.7646484375,7.808
5937.943553835998,595.14404296875,8.765
5938.267577726991,499.5126953125,9.37
5938.592213607,595.14404296875,9.718
5938.916977172004,465.76318359375,7.393
5939.24034593199,747.0166015625,8.546
5939.563302836992,595.14453125,9.075
5939.88543907,499.87060546875,9.525
5940.209605042997,465.763671875,7.015
5940.531635510997,724.51708984375,8.196
5940.854287665992,516.388671875,9.036
5941.175827522995,595.14501953125,9.385
5941.4973908050015,471.392578125,8.468
5941.819248079992,1029.76611328125,7.704
5942.142721992001,595.1455078125,8.726
5942.465087670993,477.02197265625,9.37
5942.786517121,595.1455078125,9.718
5943.1083319939935,465.7646484375,7.276
5943.4309362399945,747.01806640625,8.468
5943.752639746992,595.14599609375,9.153
5944.0749842700025,599.46044921875,9.563
5944.397752745004,465.76513671875,7.093
5944.721055767004,724.5185546875,8.196
5945.042831850995,599.4609375,9.036
5945.364856232001,595.146484375,9.408
5945.686655165002,492.37353515625,8.507
5946.008497169998,1029.767578125,7.665
5946.331687033991,595.14697265625,8.765
5946.653957663002,595.14697265625,9.346
5946.975345026003,595.14697265625,9.718
5947.297780171997,465.76611328125,7.276
5947.619717378999,747.01953125,8.391
5947.941783645991,595.1474609375,9.23
5948.263793623002,595.1474609375,9.447
5948.584977872,465.7666015625,7.21
5948.907074859002,724.52001953125,8.196
5949.228935420993,595.14794921875,8.959
5949.5515584749955,595.14794921875,9.486
5949.873023948996,489.68505859375,8.663
5950.19639989399,1029.76904296875,7.587
5950.520112491999,595.1484375,8.765
5950.841593036996,595.1484375,9.269
5951.163596482002,595.1484375,9.68
5951.487988751003,465.767578125,7.054
5951.811724483996,747.02099609375,8.313
5952.135881958995,595.14892578125,9.114
5952.461345595992,595.14892578125,9.408
5952.785112208003,465.76806640625,7.288
5953.1089449339925,724.521484375,8.158
5953.431011705994,595.1494140625,8.92
5953.756592336998,595.1494140625,9.486
5954.078825225995,489.6865234375,8.663
5954.403209010998,1029.7705078125,7.769
5954.727211245001,595.14990234375,8.726
5955.053175120993,493.8935546875,9.408
5955.377366418004,595.14990234375,9.718
5955.699878290994,465.76904296875,7.548
5956.023033228004,747.0224609375,8.571
5956.344982326991,595.150390625,9.153
5956.666979268004,595.150390625,9.563
5956.990528137991,465.76953125,7.288
5957.312610520996,724.52294921875,8.274
5957.634944817997,595.15087890625,8.997
5957.957283465003,595.15087890625,9.525
5958.279121934,472.86572265625,8.132
5958.601200314995,1029.77197265625,7.963
5958.923889343001,595.1513671875,8.959
5959.246055501993,595.1513671875,9.292
5959.569137951999,595.1513671875,9.757
5959.890509937002,984.7724609375,7.51
5960.212598172002,589.52685546875,8.468
5960.534515392996,595.15185546875,9.308
5960.856049845999,595.15185546875,9.486
5961.178455692003,465.77099609375,6.976
5961.500819456996,724.5244140625,8.119
5961.824827121003,595.15234375,8.997
5962.147586035004,477.02294921875,9.525
5962.469264076994,471.39599609375,8.119
5962.791929097992,1029.7734375,7.886
5963.115250814997,595.15283203125,8.881
5963.438036833002,595.15283203125,9.346
5963.761871048002,595.15283203125,9.796
5964.082356530998,984.77392578125,7.743
5964.404659360996,589.5283203125,8.648
5964.726674178994,595.1533203125,9.269
5965.048293621992,595.1533203125,9.563
5965.369814245991,465.7724609375,6.937
5965.692294936001,724.52587890625,8.08
5966.0142911919975,595.15380859375,8.959
5966.336472447001,595.15380859375,9.563
5966.658474750991,472.86865234375,8.119
5966.98177550199,1029.77490234375,7.963
5967.304284928003,595.154296875,8.92
5967.626177625993,595.154296875,9.331
5967.948938451998,595.154296875,9.718
5968.270288122003,984.775390625,7.548
5968.5924532770005,589.52978515625,8.493
5968.914973067993,595.15478515625,9.308
5969.237020041997,595.15478515625,9.525
5969.558211016003,465.77392578125,7.054
5969.8808674829925,724.52734375,8.119
5970.202781778993,595.1552734375,8.959
5970.525397699996,516.40478515625,9.447
5970.848229757001,500.81982421875,8.119
5971.1715101829905,1029.7763671875,7.86
5971.496810010998,626.791015625,8.842
5971.819382632995,595.15576171875,9.308
5972.142213023995,499.5244140625,9.796
5972.46559553199,984.77685546875,7.626
5972.790469550004,589.53125,8.507
5973.114777274997,505.33154296875,9.23
5973.438443887993,595.15625,9.408
5973.764264212994,465.775390625,6.742
5974.086630295991,724.52880859375,8.119
5974.40837818,595.15673828125,8.997
5974.7298708860035,595.15673828125,9.331
5975.05226096799,485.462890625,8.43
5975.374153272991,1029.77783203125,7.548
5975.695943044004,595.1572265625,8.726
5976.017425411992,595.1572265625,9.23
5976.339743714998,595.1572265625,9.641
5976.660572137,465.7763671875,7.393
5976.982437269995,747.02978515625,8.43
5977.303837744999,595.15771484375,9.23
5977.625485044991,595.15771484375,9.447
5977.947166009995,465.77685546875,7.288
5978.269311183001,724.5302734375,8.119
5978.5911672899965,595.158203125,8.881
5978.914890856991,595.158203125,9.486
5979.238173735997,489.6953125,8.701
5979.560406015997,1029.779296875,7.886
5979.88236452399,595.15869140625,8.803
5980.204357720999,595.15869140625,9.408
5980.525463876998,595.15869140625,9.718
5980.850034642004,465.77783203125,7.471
5981.1751680509915,747.03125,8.571
5981.4970636439975,595.1591796875,9.153
5981.8198273949965,595.1591796875,9.602
5982.142425156999,465.7783203125,6.976
5982.466910093004,724.53173828125,8.196
5982.789280675992,510.7783203125,9.036
5983.115352294,595.15966796875,9.37
5983.437714557993,492.50927734375,8.391
5983.7614894169965,1029.78076171875,7.743
5984.083348811997,595.16015625,8.726
5984.405599357997,499.5400390625,9.331
5984.727324858992,595.16015625,9.68
5985.050830523003,465.779296875,7.054
5985.375074965996,747.03271484375,8.274
5985.699916742,595.16064453125,9.191
5986.022373564992,595.16064453125,9.408
5986.343709355002,465.77978515625,7.249
5986.670320859994,724.533203125,8.196
5986.994370444998,595.1611328125,8.997
5987.318212949991,595.1611328125,9.486
5987.641438887993,489.6982421875,8.585
5987.965291760993,1029.7822265625,7.665
5988.291453518992,595.16162109375,8.765
5988.613751516998,595.16162109375,9.331
5988.9378613259905,595.16162109375,9.68
5989.258736646996,465.78076171875,7.276
5989.582338435997,747.0341796875,8.43
5989.906961767003,595.162109375,9.153
5990.229765477998,595.162109375,9.525
5990.551444921992,465.78125,7.132
5990.874548163003,724.53466796875,8.196
5991.196238902994,595.16259765625,8.959
5991.519155736998,595.16259765625,9.486
5991.840931215003,489.69970703125,8.624
5992.163612838995,1029.78369140625,7.924
5992.485698919991,595.1630859375,8.881
5992.807275286003,595.1630859375,9.408
5993.129402103994,595.1630859375,9.757
5993.452656644004,465.7822265625,7.471
5993.774485720991,747.03564453125,8.532
5994.097370645992,595.16357421875,9.114
5994.41952431199,595.16357421875,9.563
5994.741194597998,465.78271484375,6.976
5995.062997656991,724.5361328125,8.196
5995.385678156992,595.1640625,9.075
5995.707814636,595.1640625,9.331
5996.029807493003,500.95068359375,8.391
5996.351833184002,1029.78515625,7.743
5996.673566733996,595.16455078125,8.687
5996.996219166991,494.265625,9.37
5997.318282424996,595.16455078125,9.718
5997.642454016997,465.78369140625,7.393
5997.964693376998,747.037109375,8.532
5998.286582611996,595.1650390625,9.191
5998.608248638004,595.1650390625,9.641
5998.930401464997,465.7841796875,7.054
5999.252165797996,724.53759765625,8.158
5999.575293157002,595.16552734375,8.92
5999.896184847996,595.16552734375,9.408
6000.217681426002,489.70263671875,8.624
6000.539424539995,1029.78662109375,7.51
6000.860559886991,593.99072265625,8.687
6001.181802117993,595.166015625,9.269
6001.503126527998,595.166015625,9.486
6001.825215732999,465.78515625,7.015
6002.149255890996,747.03857421875,8.391
6002.471146912998,595.16650390625,9.036
6002.793180947003,477.037109375,9.486
6003.114245856996,465.78564453125,7.548
6003.437226837996,724.5390625,7.924
6003.758669969,595.1669921875,8.842
6004.080893031991,595.1669921875,9.447
6004.402964185996,595.1669921875,9.385
6004.724118248996,1029.7880859375,7.665
6005.046555655994,589.54248046875,8.726
6005.368316013002,595.16748046875,9.23
6005.690916720996,595.16748046875,9.602
6006.013582230997,465.78662109375,6.781
6006.33594795299,724.5400390625,8.002
6006.658022015996,595.16796875,8.92
6006.979996651004,599.482421875,9.37
6007.305057927995,492.517578125,8.158
6007.6287160810025,1029.7890625,7.704
6007.950654489003,595.16845703125,8.726
6008.272594113994,595.16845703125,9.385
6008.594150714998,595.16845703125,9.757
6008.918805031004,465.78759765625,7.471
6009.241063641995,747.041015625,8.585
6009.563392078999,595.1689453125,9.23
6009.885003784992,595.1689453125,9.602
6010.209014555992,465.7880859375,7.249
6010.531647866999,724.54150390625,8.235
6010.85387105,595.16943359375,8.997
6011.176158556002,595.16943359375,9.525
6011.49993369999,472.88427734375,8.093
6011.823783118991,1029.79052734375,7.782
6012.149567681001,599.61962890625,8.803
6012.472953721997,595.169921875,9.269
6012.796622684997,533.28857421875,9.796
6013.117493047001,984.791015625,7.548
6013.439771589998,544.5390625,8.507
6013.762642185,595.17041015625,9.191
6014.084222204998,595.17041015625,9.525
6014.408212713999,465.78955078125,7.015
6014.7309850009915,724.54296875,8.158
6015.0546622809925,595.1708984375,8.997
6015.379836544991,595.1708984375,9.447
6015.703610883997,492.5205078125,8.158
6016.026844434993,1029.7919921875,7.847
6016.349084317,499.5400390625,8.803
6016.6713343739975,595.17138671875,9.254
6016.993939195992,595.17138671875,9.718
6017.314633418995,984.79248046875,7.548
6017.638150465995,499.54052734375,8.493
6017.960649586996,595.17236328125,9.191
6018.282822744004,595.171875,9.525
6018.608139281001,465.791015625,6.859
6018.930802278992,724.54443359375,8.158
6019.254794125998,595.17236328125,9.036
6019.576524192991,595.17236328125,9.292
6019.897986280004,482.765625,8.391
6020.221649250001,1029.79345703125,7.587
6020.54359154799,595.1728515625,8.765
6020.865189064003,595.1728515625,9.308
6021.186745874002,595.1728515625,9.68
6021.510185473991,465.7919921875,7.093
6021.833069532004,747.04541015625,8.313
6022.156156094003,599.623046875,9.153
6022.479521161993,595.17333984375,9.447
6022.803039866994,465.79248046875,7.327
6023.126702096997,724.5458984375,8.119
6023.449291167999,595.173828125,8.92
6023.7719284299965,595.173828125,9.447
6024.093814464999,489.7109375,8.74
6024.415937244994,1029.794921875,7.665
6024.738021173995,595.17431640625,8.803
6025.06182286299,595.17431640625,9.269
6025.383677663995,595.17431640625,9.718
6025.706822366992,465.79345703125,7.249
6026.029992672004,747.046875,8.352
6026.356076587996,595.1748046875,9.23
6026.678179683993,595.1748046875,9.486
6026.9988404859905,465.7939453125,7.288
6027.321246792999,724.54736328125,8.352
6027.644217919995,595.17529296875,9.153
6027.966092044997,595.17529296875,9.408
6028.287542506994,492.52490234375,8.43
6028.6096656019945,724.5478515625,8.352
6028.931590831999,595.17578125,9.075
6029.253754887992,595.17578125,9.486
6029.576688795001,595.17578125,9.308
6029.8991908140015,1029.796875,7.548
6030.221743522998,589.55126953125,8.687
6030.543793107994,595.17626953125,9.153
6030.865858949997,595.17626953125,9.563
6031.189689623992,465.79541015625,7.132
6031.511500544002,724.548828125,8.196
6031.834051810001,595.1767578125,9.153
6032.155648129003,595.1767578125,9.37
6032.477369027998,465.7958984375,7.743
6032.799518518994,1029.7978515625,7.743
6033.122508264001,595.17724609375,8.803
6033.444622297,595.17724609375,9.23
6033.767840176995,499.5458984375,9.757
6034.093008818003,465.79638671875,7.249
6034.416148807999,747.0498046875,8.468
6034.738488606992,595.177734375,9.075
6035.062582710991,595.177734375,9.563
6035.386547753995,465.796875,7.288
6035.708923585,724.55029296875,8.235
6036.032040980004,595.17822265625,9.036
6036.354704405996,510.802734375,9.563
6036.676495926004,465.818359375,8.119
6036.999072338993,1029.79931640625,8.08
6037.320516038992,595.1787109375,8.92
6037.641724881003,595.1787109375,9.37
6037.9632908549975,595.1787109375,9.718
6038.284432910004,984.7998046875,7.665
6038.606010564996,589.55419921875,8.493
6038.927862885001,595.17919921875,9.308
6039.249636897992,595.17919921875,9.486
6039.571622919,465.79833984375,7.249
6039.893134040991,724.5517578125,8.235
6040.215034426001,595.1796875,9.075
6040.536938970996,595.1796875,9.447
6040.859767228991,465.798828125,7.976
6041.1830815529975,1029.80078125,8.041
6041.5053973439935,595.18017578125,8.842
6041.827360383992,493.9296875,9.447
6042.149389700004,595.18017578125,9.525
6042.471421990995,984.80126953125,7.587
6042.793654255991,589.5556640625,8.61
6043.115981309995,595.1806640625,9.191
6043.439540855994,626.81591796875,9.602
6043.762028041994,465.7998046875,7.015
6044.083616218995,724.55322265625,8.08
6044.406040362999,595.18115234375,9.036
6044.728085866998,595.18115234375,9.525
6045.052561445991,465.80029296875,7.976
6045.375697454001,1034.89892578125,8.08
6045.6978467699955,595.181640625,8.842
6046.020286464001,595.181640625,9.486
6046.342153559992,595.181640625,9.463
6046.663336630998,984.802734375,7.548
6046.985245807999,589.55712890625,8.532
6047.307230603998,595.18212890625,9.269
6047.628899196003,595.18212890625,9.486
6047.950195293,465.80126953125,7.015
6048.272085363991,724.5546875,8.119
6048.593684224004,595.1826171875,8.959
6048.915362478001,499.73291015625,9.447
6049.236758193991,474.23876953125,8.132
6049.558618087001,1029.8037109375,7.963
6049.881329465992,595.18310546875,8.959
6050.203487769002,595.18310546875,9.331
6050.527641762004,595.18310546875,9.718
6050.848271430994,984.80419921875,7.587
6051.172498736996,589.55859375,8.493
6051.494760722999,595.18359375,9.308
6051.816043630999,595.18359375,9.525
6052.138015909004,465.802734375,7.015
6052.460763159004,724.55615234375,8.119
6052.782697417992,595.18408203125,8.997
6053.104908968002,499.56396484375,9.525
6053.42722282499,488.302734375,8.158
6053.7489418429905,1029.80517578125,8.002
6054.071837448995,595.1845703125,8.92
6054.393860094002,595.1845703125,9.346
6054.7160653699975,595.1845703125,9.718
6055.036974180999,984.8056640625,7.548
6055.358990968991,589.56005859375,8.507
6055.6811586419935,595.18505859375,9.308
6056.003206886002,595.18505859375,9.525
6056.3243096549995,465.80419921875,7.288
6056.646744536993,724.5576171875,8.274
6056.969437186999,595.185546875,9.153
6057.291734496001,595.185546875,9.486
6057.615302377992,465.8046875,7.899
6057.937927152991,1029.806640625,8.002
6058.259682392003,595.18603515625,8.842
6058.581808524992,599.6357421875,9.37
6058.903540721993,595.18603515625,9.602
6059.227096089991,1029.80712890625,7.86
6059.550744581997,589.5615234375,8.765
6059.873044319,595.1865234375,9.447
6060.194909864003,595.1865234375,9.602
6060.516896340996,465.8056640625,7.054
6060.839036167003,747.05908203125,8.352
6061.1609088469995,595.18701171875,9.075
6061.483236935994,493.9306640625,9.525
6061.806589797998,465.80615234375,7.548
6062.130732831996,724.5595703125,8.002
6062.452741547997,595.1875,9.036
6062.773953145996,595.1875,9.37
6063.096463798996,489.724609375,9.036
6063.418846351997,1029.80859375,7.471
6063.741082690001,589.56298828125,8.624
6064.062986951991,595.18798828125,9.269
6064.384881389997,595.18798828125,9.563
6064.7098939900025,465.80712890625,6.976
6065.032832401004,724.560546875,8.158
6065.355117732004,595.1884765625,9.114
6065.67718209399,595.1884765625,9.408
6065.998914634998,465.8076171875,7.782
6066.321291296001,724.56103515625,8.041
6066.645788355003,595.18896484375,8.92
6066.967510111004,595.18896484375,9.408
6067.289518085992,595.18896484375,9.308
6067.6113503410015,1029.81005859375,7.548
6067.932999197001,589.564453125,8.687
6068.254813242995,595.189453125,9.23
6068.5775258499925,595.189453125,9.641
6068.90102165399,465.80859375,7.054
6069.223841975996,724.56201171875,8.119
6069.54912866099,595.18994140625,9.036
6069.87104062899,595.18994140625,9.408
6070.1956764729985,465.80908203125,7.86
6070.518112876001,724.5625,8.041
6070.840294451991,595.1904296875,8.881
6071.162674020001,595.1904296875,9.486
6071.484757832994,595.1904296875,9.346
6071.806250743,1029.8115234375,7.587
6072.127836903994,589.56591796875,8.687
6072.450062192991,595.19091796875,9.191
6072.77261805399,595.19091796875,9.641
6073.095927285991,465.81005859375,7.171
6073.417748078995,724.5634765625,8.274
6073.739647113995,595.19140625,9.191
6074.061990709,595.19140625,9.447
6074.384206522998,465.810546875,7.782
6074.708846555004,724.56396484375,8.08
6075.034728999992,595.19189453125,9.036
6075.358354497002,595.19189453125,9.37
6075.684595931001,489.72900390625,8.997
6076.008749671004,1029.81298828125,7.51
6076.332701323001,589.5673828125,8.648
6076.655106965991,595.1923828125,9.346
6076.9766972819925,595.1923828125,9.563
6077.2987055659905,465.8115234375,7.093
6077.621753503001,747.06494140625,8.391
6077.943642422004,595.19287109375,9.075
6078.266257702999,595.19287109375,9.563
6078.589951902992,465.81201171875,7.471
6078.912304868994,724.5654296875,8.119
6079.234506822002,595.193359375,8.997
6079.556387802004,626.82861328125,9.486
6079.87814529,489.73046875,8.881
6080.200890780994,1029.814453125,7.665
6080.523721363992,493.9375,8.803
6080.845331741002,595.19384765625,9.269
6081.167230703999,510.818359375,9.641
6081.489313769998,465.81298828125,7.665
6081.810926513994,747.06640625,8.648
6082.132503767993,595.1943359375,9.191
6082.454499309999,516.44384765625,9.641
6082.778688883991,465.8134765625,7.015
6083.101382241992,724.56689453125,8.235
6083.423456634002,595.19482421875,9.114
6083.745292455991,595.19482421875,9.408
6084.066724870994,492.54443359375,8.43
6084.388257992992,1029.81591796875,7.587
6084.710154393004,595.1953125,8.765
6085.031700282998,595.1953125,9.191
6085.353666764,595.1953125,9.602
6085.67520298899,465.814453125,7.393
6085.997037976995,747.06787109375,8.43
6086.318979656993,595.19580078125,9.269
6086.640861300999,595.19580078125,9.486
6086.962659326993,465.81494140625,7.21
6087.285025788995,724.568359375,8.196
6087.606994475995,595.1962890625,8.959
6087.929591281994,595.1962890625,9.486
6088.250692735994,489.7333984375,8.624
6088.573193089993,1029.8173828125,7.924
6088.895172720004,595.19677734375,8.803
6089.217271970003,595.19677734375,9.408
6089.540101455001,595.19677734375,9.796
6089.861189146992,465.701171875,6.597
6090.183984165997,611.951171875,8.08
6090.508153507995,595.08251953125,8.959
6090.831011567992,595.08251953125,9.447
6091.1529979479965,465.701171875,7.626
6091.477266492002,724.45458984375,7.963
6091.799346793996,621.0927734375,8.997
6092.121121197997,595.08251953125,9.37
6092.443106392995,599.39697265625,9.23
6092.766214028001,1029.70361328125,7.548
6093.089100407,589.4580078125,8.61
6093.412256395997,595.0830078125,9.23
6093.734722918991,595.0830078125,9.563
6094.056763697998,465.7021484375,7.354
6094.382160761001,746.95556640625,8.507
6094.704612369998,595.08349609375,9.153
6095.026637755,595.08349609375,9.563
6095.351658867003,465.70263671875,7.405
6095.67748708,724.4560546875,8.119
6096.00146741599,595.083984375,8.92
6096.3264716949925,617.58349609375,9.447
6096.649849512003,489.62109375,8.663
6096.973140989998,1029.705078125,7.626
6097.297700483003,595.08447265625,8.803
6097.619698793002,595.08447265625,9.269
6097.942201183992,595.08447265625,9.68
6098.265882467997,465.70361328125,7.21
6098.587776932996,746.95703125,8.352
6098.910354909996,499.46484375,9.191
6099.2323642909905,595.0849609375,9.447
6099.555697143995,465.7041015625,7.327
6099.879823209994,724.45751953125,8.235
6100.20177034699,595.08544921875,8.997
6100.524074008994,595.08544921875,9.447
6100.847214597001,489.62255859375,8.585
6101.169073761994,1029.70654296875,7.626
6101.492252623997,595.0859375,8.765
6101.815125840993,595.0859375,9.269
6102.138258427993,595.0859375,9.641
6102.461657552994,465.705078125,7.171
6102.784748313003,746.95849609375,8.313
6103.108674368996,476.962890625,9.191
6103.4331962860015,595.08642578125,9.447
6103.755947672995,465.70556640625,7.249
6104.079125442993,724.458984375,8.041
6104.401310408997,595.0869140625,8.881
6104.723296839002,493.83056640625,9.408
6105.0450786209985,489.6240234375,8.803
6105.367022104998,1029.7080078125,7.626
6105.692176330995,493.84228515625,8.803
6106.015920648002,595.08740234375,9.269
6106.3387294429995,595.08740234375,9.68
6106.6630363089935,465.70654296875,7.171
6106.9872092809965,746.9599609375,8.313
6107.309384580003,493.83740234375,9.191
6107.631398815996,595.087890625,9.408
6107.955974778,465.70703125,7.327
6108.278801779001,724.46044921875,8.08
6108.600974004003,595.08837890625,8.92
6108.923094418991,499.462890625,9.486
6109.244876484998,489.62548828125,8.779
6109.567010019993,1029.70947265625,7.808
6109.889981247994,595.0888671875,8.803
6110.212253218997,595.0888671875,9.331
6110.534039795995,595.0888671875,9.718
6110.854296395992,465.7080078125,7.354
6111.175860820003,746.96142578125,8.43
6111.498870449999,595.08935546875,9.23
6111.8205449249945,595.08935546875,9.447
6112.1426559279935,465.70849609375,7.21
6112.464900056002,724.4619140625,8.08
6112.786742504002,595.08984375,8.881
6113.108683323997,595.08984375,9.447
6113.430028729999,489.626953125,8.726
6113.751907466998,1029.7109375,7.769
6114.073395212996,595.09033203125,8.803
6114.395159416992,595.09033203125,9.23
6114.719478754996,595.09033203125,9.602
6115.040738172,465.70947265625,7.21
6115.363505931993,746.962890625,8.313
6115.685482239001,595.0908203125,9.191
6116.007803229993,595.0908203125,9.408
6116.332230058004,465.7099609375,7.249
6116.655980700991,724.46337890625,8.352
6116.980871641994,617.5908203125,9.114
6117.303640008002,595.09130859375,9.331
6117.625304909001,479.7724609375,8.43
6117.947544326991,1029.71240234375,7.847
6118.269648603993,595.091796875,8.765
6118.59210835,595.091796875,9.408
6118.915622373999,595.091796875,9.757
6119.241766157997,465.7109375,7.354
6119.564581147992,746.96435546875,8.507
6119.886706224002,595.09228515625,9.114
6120.209083341004,595.09228515625,9.602
6120.532930207992,465.71142578125,7.132
6120.856526504998,724.46484375,8.196
6121.180151730994,595.0927734375,9.036
6121.503302187004,621.10302734375,9.525
6121.825194035991,497.94482421875,8.196
6122.147795191995,1029.7138671875,7.886
6122.470140528996,516.3427734375,8.92
6122.7916032420035,595.09326171875,9.346
6123.114083495995,510.7177734375,9.796
6123.436160822996,984.71435546875,7.587
6123.7584794379945,589.46875,8.507
6124.083199868997,595.09375,9.308
6124.406652189995,595.09375,9.486
6124.729675437993,465.712890625,6.937
6125.052127144998,724.46630859375,8.08
6125.373862505003,595.09423828125,8.997
6125.696488329995,599.40869140625,9.486
6126.018088003999,493.72509765625,8.196
6126.340566878993,1029.71533203125,8.041
6126.666774179001,595.0947265625,8.92
6126.989026355994,595.0947265625,9.37
6127.311102430991,595.0947265625,9.602
6127.634657888004,1029.7158203125,7.665
6127.956602532999,589.47021484375,8.687
6128.278002199004,595.09521484375,9.191
6128.600511664001,595.09521484375,9.602
6128.924641349004,465.71435546875,7.132
6129.247625648,724.4677734375,8.274
6129.569450958996,595.095703125,9.114
6129.890594548997,595.095703125,9.37
6130.212656028991,465.71484375,7.704
6130.536115031995,724.46826171875,8.002
6130.858343715998,499.46484375,8.997
6131.180386121996,595.09619140625,9.331
6131.502594101999,482.595703125,9.075
6131.826957201003,1029.71728515625,7.587
6132.148891570003,589.4716796875,8.61
6132.472877982,595.0966796875,9.346
6132.795244718,595.0966796875,9.525
6133.118829899002,465.7158203125,7.276
6133.440804427999,746.96923828125,8.391
6133.763947127998,599.546875,9.191
6134.085241695997,595.09716796875,9.447
6134.409985221995,465.71630859375,7.288
6134.7318685469945,724.4697265625,7.963
6135.053318510996,595.09765625,8.881
6135.374278696996,595.09765625,9.292
6135.698357781992,489.634765625,8.92
6136.021985361003,1029.71875,7.548
6136.34370301399,589.47314453125,8.571
6136.665770663996,595.09814453125,9.292
6136.986938279995,595.09814453125,9.486
6137.309048073992,465.71728515625,7.171
6137.631210191001,746.970703125,8.391
6137.9530452219915,595.0986328125,9.036
6138.274814107004,595.0986328125,9.525
6138.597278282003,465.7177734375,7.51
6138.919814649998,724.47119140625,7.924
6139.241677105994,499.6494140625,8.92
6139.562935378999,595.09912109375,9.292
6139.885040530993,635.734375,9.153
6140.2062677939975,984.72021484375,7.471
6140.528481046,589.474609375,8.532
6140.850173604995,595.099609375,9.191
6141.173766427004,599.54931640625,9.602
6141.494194907995,465.71875,7.171
6141.816295065,724.47216796875,8.196
6142.137979015999,595.10009765625,9.036
6142.459605875993,595.10009765625,9.525
6142.780932883994,465.71923828125,8.054
6143.102979887,724.47265625,8.274
6143.4254861060035,595.1005859375,9.114
6143.7490974859975,595.1005859375,9.37
6144.070953599992,489.6376953125,9.036
6144.396115885,1029.7216796875,7.548
6144.721139539004,589.47607421875,8.648
6145.044136654993,595.10107421875,9.308
6145.365782009001,595.10107421875,9.486
6145.688755954994,465.72021484375,7.093
6146.011621065001,746.9736328125,8.352
6146.3352478669985,595.1015625,9.036
6146.659652969,595.1015625,9.525
6146.989193139001,465.720703125,7.393
6147.312577499004,724.47412109375,8.041
6147.63535495699,595.10205078125,8.92
6147.957554951994,595.10205078125,9.37
6148.281170839997,489.63916015625,8.842
6148.605836845993,1029.72314453125,7.587
6148.927837120995,621.11279296875,8.726
6149.249414660997,595.1025390625,9.23
6149.571208016001,595.1025390625,9.525
6149.892651917995,465.7216796875,7.093
6150.215244822,746.97509765625,8.352
6150.538270317993,595.10302734375,9.036
6150.862447184001,595.10302734375,9.525
6151.188721629995,465.72216796875,7.393
6151.511942395999,724.4755859375,8.08
6151.833889802991,595.103515625,8.92
6152.158738883998,595.23876953125,9.447
6152.481738649993,489.640625,8.803
6152.806955551001,1029.724609375,7.51
6153.128832233997,589.47900390625,8.648
6153.450713237995,595.10400390625,9.269
6153.77228539699,595.10400390625,9.525
6154.096126214994,465.72314453125,7.21
6154.418824655004,746.9765625,8.391
6154.742211791992,595.1044921875,9.114
6155.064090585991,595.1044921875,9.486
6155.3888071149995,465.7236328125,7.366
6155.711755707001,724.47705078125,8.158
6156.034633575997,595.10498046875,8.92
6156.356224934003,595.10498046875,9.486
6156.677542328995,489.64208984375,8.779
6157.000851028992,1029.72607421875,7.587
6157.322631673,593.93017578125,8.687
6157.645274299997,595.10546875,9.23
6157.967998849999,595.10546875,9.563
6158.289033160996,465.724609375,7.093
6158.612941177998,746.97802734375,8.352
6158.935118283,595.10595703125,9.036
6159.257310107991,595.10595703125,9.525
6159.582549148996,465.72509765625,7.432
6159.904932339996,724.478515625,8.08
6160.226504556995,595.1064453125,8.92
6160.549029193993,595.24169921875,9.447
6160.871164247001,489.6435546875,8.842
6161.19295509599,1029.7275390625,7.626
6161.5150982449995,589.6171875,8.726
6161.836409298994,595.10693359375,9.269
6162.1603211850015,595.10693359375,9.563
6162.484365266995,465.72607421875,7.21
6162.80640325899,746.9794921875,8.352
6163.128172408993,595.107421875,9.114
6163.449816818,595.107421875,9.486
6163.774950826992,465.7265625,7.366
6164.097824208991,724.47998046875,8.119
6164.420741080001,595.10791015625,8.92
6164.7428911379975,494.033203125,9.486
6165.064242894994,489.64501953125,8.818
6165.388174074993,1029.72900390625,7.886
6165.710845719004,595.1083984375,8.765
6166.033274218993,499.49951171875,9.408
6166.355611419,595.1083984375,9.718
6166.6769116840005,465.7275390625,7.315
6166.999881994998,746.98095703125,8.43
6167.321455101992,595.10888671875,9.191
6167.643666759992,595.10888671875,9.408
6167.964392636,465.72802734375,7.21
6168.286890863994,724.4814453125,8.313
6168.608852880003,595.109375,9.114
6168.930281723995,595.109375,9.37
6169.252087925997,471.35693359375,8.43
6169.574249276993,1029.73046875,7.665
6169.897199647996,595.10986328125,8.726
6170.223387769991,595.10986328125,9.308
6170.547301760002,595.10986328125,9.68
6170.8680935869925,465.72900390625,7.315
6171.190518306001,746.982421875,8.468
6171.512516096991,595.1103515625,9.191
6171.834285431003,595.1103515625,9.525
6172.158791056994,465.7294921875,7.132
6172.480812048001,724.48291015625,8.235
6172.802758731996,499.49072265625,9.075
6173.124214965996,595.11083984375,9.408
6173.445780898997,488.2294921875,8.468
6173.767607898,1029.73193359375,7.704
6174.089313035001,595.111328125,8.726
6174.411629555994,696.361328125,9.346
6174.733441256991,595.111328125,9.718
6175.054959795001,465.73046875,7.21
6175.377020560991,746.98388671875,8.352
6175.702434760999,595.11181640625,9.23
6176.0241054959915,595.11181640625,9.447
6176.345587616001,465.73095703125,7.249
6176.667496151,724.484375,8.002
6176.989577140004,595.1123046875,8.92
6177.311812949993,595.1123046875,9.385
6177.634063577003,489.6494140625,8.881
6177.956627174994,1029.7333984375,7.548
6178.278123212993,589.48779296875,8.648
6178.599550512998,595.11279296875,9.308
6178.922042042992,595.11279296875,9.486
6179.243628515993,465.73193359375,7.093
6179.567811051995,746.9853515625,8.43
6179.891354780004,595.11328125,9.075
6180.215951858991,595.11328125,9.525
6180.5423846839985,465.732421875,7.405
6180.865045083003,724.48583984375,8.313
6181.188054133992,595.11376953125,9.036
6181.509917927993,595.11376953125,9.486
6181.83136132099,489.65087890625,8.585
6182.1535504700005,1029.73486328125,7.704
6182.475588764995,595.1142578125,8.765
6182.798306732002,595.1142578125,9.346
6183.1205502169905,595.1142578125,9.718
6183.442345813994,465.7333984375,7.354
6183.767269685995,746.98681640625,8.468
6184.091658944992,595.11474609375,9.153
6184.415562681999,615.5,9.563
6184.7388775979925,465.73388671875,7.054
6185.061198429001,724.4873046875,8.158
6185.383493305999,595.115234375,8.959
6185.705937660998,595.115234375,9.408
6186.028633320995,489.65234375,8.546
6186.351983596003,1029.736328125,7.743
6186.674745433993,595.11572265625,8.726
6186.998274818994,621.1259765625,9.385
6187.321289528991,595.11572265625,9.718
6187.642879291001,465.73486328125,7.327
6187.966074903001,746.98828125,8.43
6188.288249869991,595.1162109375,9.153
6188.610413028,595.1162109375,9.486
6188.932465685997,465.7353515625,7.093
6189.255556909004,724.48876953125,7.924
6189.577008263994,595.11669921875,8.842
6189.899715569001,595.11669921875,9.292
6190.225894713003,489.65380859375,8.881
6190.548480091995,1029.73779296875,7.743
6190.8741076949955,595.1171875,8.842
6191.198394609004,595.1171875,9.269
6191.522466922004,595.1171875,9.602
6191.8464399349905,465.736328125,7.21
6192.169197768002,746.98974609375,8.313
6192.491737705001,595.11767578125,9.23
6192.813380167994,595.11767578125,9.447
6193.135079144995,465.73681640625,7.21
6193.457306044991,724.490234375,8.158
6193.781189421003,595.1181640625,8.959
6194.104890294999,595.1181640625,9.447
6194.427510648995,489.6552734375,8.546
6194.749545188999,1029.7392578125,7.665
6195.072087010994,595.11865234375,8.765
6195.393984073991,595.11865234375,9.308
6195.716040500993,595.11865234375,9.68
6196.038986273998,465.73779296875,7.171
6196.36344294899,746.9912109375,8.313
6196.686256779998,510.74365234375,9.191
6197.009238136001,595.119140625,9.408
6197.333740093003,465.73828125,7.249
6197.6560162069945,724.49169921875,8.002
6197.977897650999,595.11962890625,8.881
6198.301388784996,626.7548828125,9.447
6198.623083853003,489.65673828125,8.803
6198.945777646004,1029.74072265625,7.886
6199.268853243993,595.1201171875,8.765
6199.591338036,595.1201171875,9.447
6199.913151956003,595.1201171875,9.796
6200.236945755998,465.7392578125,7.393
6200.560002215992,746.99267578125,8.546
6200.881872936996,595.12060546875,9.114
6201.203972465999,499.50048828125,9.563
6201.52664817599,465.73974609375,7.054
6201.848947870996,724.4931640625,8.158
6202.171102761,595.12109375,8.959
6202.492323792991,595.12109375,9.408
6202.814163535004,489.658203125,8.624
6203.135656864004,1029.7421875,7.743
6203.457334103994,595.12158203125,8.803
6203.778641953002,595.12158203125,9.269
6204.1002674789925,595.12158203125,9.641
6204.421274965003,465.74072265625,7.315
6204.742744803996,746.994140625,8.391
6205.06518207,595.1220703125,9.23
6205.386768393,595.1220703125,9.447
6205.707884777992,465.7412109375,7.249
6206.029436537996,724.49462890625,8.196
6206.351632131002,595.12255859375,8.92
6206.673901036993,595.12255859375,9.486
6206.995872747997,489.65966796875,8.624
6207.317606083001,1029.74365234375,7.665
6207.640265402995,595.123046875,8.803
6207.961732262993,595.123046875,9.269
6208.28381898599,595.123046875,9.68
6208.607466244997,465.7421875,7.21
6208.930251583995,746.99560546875,8.313
6209.253569134991,595.12353515625,9.23
6209.575763860994,595.12353515625,9.408
6209.898386568995,465.74267578125,7.249
6210.220990524991,724.49609375,8.158
6210.543551342998,595.1240234375,8.92
6210.865697041998,595.1240234375,9.447
6211.187290911999,489.6611328125,8.701
6211.509270523995,1029.7451171875,7.626
6211.831728552992,595.12451171875,8.803
6212.153319926001,595.12451171875,9.23
6212.476140208004,595.12451171875,9.68
6212.800198679004,465.74365234375,7.21
6213.122362423994,746.9970703125,8.313
6213.4465973490005,626.76025390625,9.23
6213.7683936559915,595.125,9.447
6214.090844323,465.744140625,7.288
6214.412807547997,724.49755859375,8.119
6214.734013848996,595.12548828125,8.881
6215.056008211002,612.0,9.486
6215.377376372999,489.66259765625,8.765
6215.699532660001,1029.74658203125,7.665
6216.021644496999,516.37548828125,8.765
6216.343736748997,595.1259765625,9.23
6216.665852298,533.24462890625,9.602
6216.989110127994,465.7451171875,7.354
6217.311244429002,746.99853515625,8.391
6217.637463614999,595.12646484375,9.23
6217.958783037,595.12646484375,9.447
6218.280411718995,465.74560546875,7.249
6218.602721577001,724.4990234375,8.196
6218.924577721991,595.126953125,8.92
6219.248018853992,595.126953125,9.447
6219.5705852959945,489.6640625,8.663
6219.89417616,1029.748046875,7.665
6220.216794731998,595.12744140625,8.803
6220.538306128001,595.12744140625,9.23
6220.860228962003,595.12744140625,9.68
6221.1820052949915,465.74658203125,7.315
6221.505148844997,747.0,8.391
6221.827993728002,595.1279296875,9.23
6222.149929010004,595.1279296875,9.447
6222.471420275004,465.7470703125,7.249
6222.794412746996,724.50048828125,8.235
6223.11667635999,595.12841796875,8.997
6223.440217586991,595.12841796875,9.447
6223.762474670992,489.66552734375,8.546
6224.084256025002,1029.74951171875,7.626
6224.406441394996,595.12890625,8.803
6224.727903696999,595.12890625,9.308
6225.049356142001,595.12890625,9.68
6225.37132108699,465.748046875,7.21
6225.695184244003,747.00146484375,8.352
6226.017494223997,595.12939453125,9.191
6226.341453799992,595.12939453125,9.447
6226.665210616993,465.74853515625,7.249
6226.987432497001,724.501953125,8.313
6227.310478375002,595.1298828125,9.114
6227.632371635002,595.1298828125,9.408
6227.954194780003,492.4794921875,8.43
6228.278151826002,1029.7509765625,7.821
6228.600609425994,595.13037109375,8.765
6228.923198709992,595.13037109375,9.408
6229.246573109995,595.13037109375,9.757
6229.567627842,984.75146484375,7.665
6229.889421095999,589.505859375,8.532
6230.211845316997,488.2607421875,9.308
6230.533674827995,595.130859375,9.525
6230.857309300991,465.75,7.054
6231.179280576995,724.50341796875,8.196
6231.501682428003,595.13134765625,9.036
6231.824394978001,595.13134765625,9.447
6232.146334763995,492.48095703125,8.235
6232.470841970993,1029.75244140625,7.847
6232.794064906993,477.00830078125,8.881
6233.11620252399,595.1318359375,9.308
6233.438526675003,505.13134765625,9.834
6233.759326576997,984.7529296875,7.51
6234.083334212992,499.5009765625,8.468
6234.405107910992,626.767578125,9.269
6234.726761379992,595.13232421875,9.486
6235.049344098996,465.75146484375,7.249
6235.371987684994,724.5048828125,8.196
6235.693926506996,595.1328125,9.036
6236.016241887992,595.1328125,9.563
6236.338578548995,465.751953125,8.015
6236.661381850994,1029.75390625,8.002
6236.986669242993,595.13330078125,8.842
6237.310374752997,595.13330078125,9.331
6237.634786816998,595.13330078125,9.602
6237.958891189002,984.75439453125,7.471
6238.280891260001,589.5087890625,8.468
6238.602657562995,499.68408203125,9.23
6238.923664572998,595.1337890625,9.447
6239.247905780998,465.7529296875,7.093
6239.572013640995,724.50634765625,8.158
6239.895407072996,595.13427734375,9.036
6240.221446073992,595.13427734375,9.563
6240.545562732994,465.75341796875,8.015
6240.868309996993,690.75341796875,8.119
6241.190142444,595.134765625,8.842
6241.512028716999,499.68505859375,9.408
6241.834008207996,595.134765625,9.486
6242.156217404001,1029.755859375,7.665
6242.478217568001,589.51025390625,8.726
6242.799646414991,595.13525390625,9.23
6243.121643698003,595.13525390625,9.602
6243.444963333997,465.75439453125,7.171
6243.768307992999,729.822265625,8.313
6244.091310176998,595.1357421875,9.114
6244.413752594992,595.1357421875,9.447
6244.735873081998,465.7548828125,7.665
6245.058657239992,724.50830078125,8.002
6245.381274832995,499.51611328125,8.997
6245.703341939996,595.13623046875,9.385
6246.025234289991,482.6298828125,9.153
6246.349771182999,1029.75732421875,7.51
6246.673724086999,589.51171875,8.61
6246.999154613004,716.77197265625,9.308
6247.322035413003,595.13671875,9.525
6247.644416834999,465.755859375,7.054
6247.968074591001,544.8603515625,8.352
6248.290912092998,595.13720703125,9.075
6248.613258120997,621.1474609375,9.525
6248.937736513995,465.75634765625,7.626
6249.260382231994,724.509765625,8.391
6249.58198426399,595.1376953125,8.959
6249.905171666003,595.1376953125,9.486
6250.227217360996,489.6748046875,8.701
6250.552661420996,1029.7587890625,7.393
6250.874343902004,589.51318359375,8.571
6251.196758154998,595.13818359375,9.346
6251.518731974997,595.13818359375,9.525
6251.841152562993,465.75732421875,7.132
6252.16764965099,747.0107421875,8.43
6252.489920633991,595.138671875,9.075
6252.8140845799935,595.138671875,9.563
6253.139054988002,465.7578125,7.432
6253.462412537992,724.51123046875,8.08
6253.784161386997,595.13916015625,8.92
6254.106800733993,626.7744140625,9.447
6254.428197058995,489.67626953125,8.842
6254.750875158003,1029.76025390625,7.587
6255.073484965993,650.39990234375,8.765
6255.395086033997,595.1396484375,9.269
6255.717962155002,621.14990234375,9.602
6256.041379928996,465.7587890625,7.21
6256.364221329,747.01220703125,8.352
6256.686523220997,626.775390625,9.191
6257.009492912999,595.14013671875,9.486
6257.333128037004,465.75927734375,7.327
6257.658152235992,724.5126953125,8.041
6257.9794952759985,595.140625,8.92
6258.30137270299,595.140625,9.331
6258.627241923998,489.677734375,8.842
6258.951359208004,1029.76171875,7.432
6259.2735703429935,589.51611328125,8.532
6259.596407292003,595.14111328125,9.269
6259.918546487999,595.14111328125,9.447
6260.243109356001,465.76025390625,7.054
6260.5683478639985,544.55419921875,8.313
6260.8930305760005,595.1416015625,9.075
6261.217856299991,488.271484375,9.525
6261.541644258992,465.7607421875,7.587
6261.863607223,724.51416015625,8.158
6262.187768442003,595.14208984375,8.959
6262.512883777003,716.77734375,9.486
6262.835184287993,489.67919921875,8.818
6263.16053367799,1029.76318359375,7.548
6263.482774378994,488.26123046875,8.765
6263.805175404996,595.142578125,9.308
6264.126910966996,499.69287109375,9.68
6264.448634304004,465.76171875,7.288
6264.771319979991,747.01513671875,8.43
6265.093845746,696.39306640625,9.191
6265.4156771510025,595.14306640625,9.525
6265.7409977060015,465.76220703125,7.327
6266.063634418999,724.515625,8.196
6266.385758504999,595.1435546875,8.92
6266.709362612994,595.1435546875,9.525
6267.03174686899,489.6806640625,8.663
6267.353351062993,1029.7646484375,7.626
6267.675824377002,595.14404296875,8.765
6267.997756775003,595.14404296875,9.269
6268.320560884997,595.14404296875,9.68
6268.64417705599,465.76318359375,7.171
6268.966780966002,747.0166015625,8.313
6269.289085953002,635.77978515625,9.153
6269.611018413998,595.14453125,9.486
6269.935405587996,465.763671875,7.327
6270.257839315003,724.51708984375,8.196
6270.579841729996,595.14501953125,8.959
6270.902213405003,595.14501953125,9.525
6271.224082599001,489.68212890625,8.701
6271.545895278003,1029.76611328125,7.626
6271.868671543998,595.1455078125,8.803
6272.189942826997,595.1455078125,9.269
6272.512471979993,612.02001953125,9.641
6272.834005479992,465.7646484375,7.276
6273.155975474991,747.01806640625,8.352
6273.480584638994,494.0712890625,9.23
6273.802692942991,595.14599609375,9.447
6274.124773566,465.76513671875,7.288
6274.447524806004,724.5185546875,8.119
6274.769585107002,595.146484375,8.92
6275.094867541993,595.146484375,9.486
6275.416152935999,489.68359375,8.701
6275.73831272799,1029.767578125,7.626
6276.060374916997,595.14697265625,8.803
6276.382721211994,595.14697265625,9.269
6276.7052557699935,595.14697265625,9.68
6277.0263318740035,465.76611328125,7.393
6277.348415182991,747.01953125,8.468
6277.672919859993,595.1474609375,9.23
6277.996837986997,595.1474609375,9.525
6278.318093264999,465.7666015625,7.132
6278.640242622991,724.52001953125,8.196
6278.962109090993,595.14794921875,8.959
6279.2835754800035,595.14794921875,9.447
6279.606423742996,489.68505859375,8.546
6279.928498633992,1029.76904296875,7.665
6280.251609881991,595.1484375,8.803
6280.575520935003,595.1484375,9.292
6280.896716977004,595.1484375,9.68
6281.2191823449975,465.767578125,7.171
6281.54119124799,747.02099609375,8.352
6281.863603204998,505.32421875,9.23
6282.187260904,595.14892578125,9.447
6282.51026235499,465.76806640625,7.249
6282.832574756001,724.521484375,8.002
6283.156252646004,595.1494140625,8.881
6283.481532738995,626.78466796875,9.447
6283.804054106993,489.6865234375,8.726
6284.126348874997,1029.7705078125,7.548
6284.449186350001,593.974609375,8.726
6284.772041200995,595.14990234375,9.269
6285.0948998609965,510.7685546875,9.641
6285.4180804200005,465.76904296875,7.171
6285.740397171001,747.0224609375,8.352
6286.062698752998,595.150390625,9.153
6286.386747055003,595.150390625,9.447
6286.7113416810025,465.76953125,7.366
6287.034302838991,724.52294921875,8.041
6287.356573219004,595.15087890625,8.92
6287.678499714995,599.6005859375,9.486
6288.001445638991,489.68798828125,8.842
6288.325983237999,1029.77197265625,7.743
6288.648549435995,595.1513671875,8.842
6288.970394295,595.1513671875,9.23
6289.294768270993,617.65087890625,9.641
6289.615511586002,465.7705078125,7.354
6289.937654280002,747.02392578125,8.391
6290.259930674991,595.15185546875,9.269
6290.581489923003,595.15185546875,9.486
6290.902657668994,465.77099609375,7.249
6291.224408891998,724.5244140625,8.119
6291.546677381004,595.15234375,8.92
6291.870186107,595.15234375,9.486
6292.191821517001,489.689453125,8.74
6292.516051133993,1029.7734375,7.548
6292.838874298002,482.65771484375,8.765
6293.160910266,595.15283203125,9.269
6293.484133028993,494.25390625,9.68
6293.808450518991,465.77197265625,7.21
6294.130618490992,747.025390625,8.352
6294.452761918001,494.07861328125,9.23
6294.77458017999,595.1533203125,9.447
6295.099441657992,465.7724609375,7.288
6295.421778787,724.52587890625,8.391
6295.744254320991,494.2548828125,9.114
6296.066606170003,595.15380859375,9.447
6296.389881444993,482.7470703125,8.468
6296.712676829993,1029.77490234375,7.782
6297.034801118003,595.154296875,8.726
6297.357474321994,595.154296875,9.408
6297.679243428996,595.154296875,9.757
6298.003939938004,465.7734375,7.393
6298.326280169,747.02685546875,8.546
6298.648152926995,595.15478515625,9.153
6298.97044058,595.15478515625,9.602
6299.294476807991,465.77392578125,7.015
6299.616592870996,724.52734375,8.235
6299.938130638999,595.1552734375,9.075
6300.259367980994,595.1552734375,9.37
6300.581205024995,479.84814453125,8.43
6300.903155767999,1029.7763671875,7.782
6301.225854985998,595.15576171875,8.726
6301.548647552001,595.15576171875,9.408
6301.870422416003,595.15576171875,9.757
6302.1929897569935,465.77490234375,7.587
6302.515292768003,747.0283203125,8.571
6302.838710826996,595.15625,9.191
6303.164111837992,595.15625,9.563
6303.487814580003,465.775390625,6.976
6303.812644336998,724.52880859375,8.158
6304.136195521001,595.15673828125,8.997
6304.460297347992,595.15673828125,9.486
6304.784042233994,492.50634765625,8.158
6305.109001114994,1029.77783203125,7.963
6305.432855829,595.1572265625,8.92
6305.756243868993,595.1572265625,9.37
6306.080688299,595.1572265625,9.68
6306.402275761997,984.7783203125,7.587
6306.724518030998,589.53271484375,8.532
6307.0473402579955,595.15771484375,9.308
6307.3697797829955,595.15771484375,9.525
6307.691370411994,465.77685546875,6.937
6308.013163512995,724.5302734375,8.119
6308.335540859,595.158203125,8.959
6308.658311114996,615.54345703125,9.447
6308.9805880399945,495.19775390625,8.158
6309.304360763999,1029.779296875,7.886
6309.626741148997,516.408203125,8.92
6309.949380199003,595.15869140625,9.292
6310.2713384239905,595.15869140625,9.834
6310.592853848997,984.77978515625,7.51
6310.914990543999,589.5341796875,8.507
6311.237878305998,494.08447265625,9.308
6311.559492165994,595.1591796875,9.525
6311.881315409002,465.7783203125,7.015
6312.203358404004,724.53173828125,8.119
6312.52626382999,595.15966796875,8.997
6312.848533584998,533.2783203125,9.486
6313.170733641004,477.0283203125,8.119
6313.492776858999,1029.78076171875,7.963
6313.816096858995,595.16015625,8.92
6314.138258480991,595.16015625,9.331
6314.460347043991,595.16015625,9.757
6314.7814462270035,984.78125,7.471
6315.105673138998,589.53564453125,8.416
6315.431071806001,493.91015625,9.23
6315.753980205991,595.16064453125,9.447
6316.0761311059905,465.77978515625,6.976
6316.401185568,724.533203125,8.119
6316.725503170004,595.1611328125,8.997
6317.048741980994,595.1611328125,9.525
6317.372434952995,465.7802734375,8.093
6317.696540578996,724.53369140625,8.158
6318.021044651003,595.16162109375,9.036
6318.343643565997,595.16162109375,9.408
6318.6661843030015,656.046875,9.23
6318.987735723,1029.78271484375,7.548
6319.309946463996,589.537109375,8.648
6319.631823944001,595.162109375,9.23
6319.953662669999,595.162109375,9.602
6320.278268312002,465.78125,7.054
6320.601967234004,724.53466796875,8.274
6320.924193972998,595.16259765625,9.153
6321.247577970993,595.16259765625,9.447
6321.56958527799,465.78173828125,7.704
6321.893099231995,724.53515625,8.002
6322.216945773995,499.71337890625,8.997
6322.5395740309905,595.1630859375,9.37
6322.862500314994,489.7001953125,9.075
6323.18653527899,1029.7841796875,7.548
6323.510030606994,589.53857421875,8.61
6323.8324192069995,595.16357421875,9.331
6324.154450577,595.16357421875,9.525
6324.475407445003,465.78271484375,7.21
6324.799626093998,747.0361328125,8.43
6325.122748670998,595.1640625,9.114
6325.444811209993,595.1640625,9.525
6325.7705424899905,465.783203125,7.405
6326.0927792110015,724.53662109375,8.158
6326.415358375991,595.16455078125,8.959
6326.73836072399,595.16455078125,9.486
6327.061243514996,489.70166015625,8.74
6327.383002073999,1029.78564453125,7.704
6327.705423823994,595.1650390625,8.803
6328.026846145993,595.1650390625,9.269
6328.3497615779925,595.1650390625,9.68
6328.671201019999,465.7841796875,7.354
6328.992945848993,747.03759765625,8.43
6329.315319179994,595.16552734375,9.23
6329.6381022860005,595.16552734375,9.447
6329.96035263699,465.78466796875,7.21
6330.28243690099,724.5380859375,8.158
6330.603791923,595.166015625,8.92
6330.926089507004,595.166015625,9.447
6331.248410290995,489.703125,8.701
6331.571225077001,1029.787109375,7.471
6331.893300315991,589.54150390625,8.61
6332.215467141999,595.16650390625,9.269
6332.538312905002,595.16650390625,9.486
6332.861442676993,465.78564453125,7.276
6333.183433625003,747.0390625,8.391
6333.505734054997,595.1669921875,9.153
6333.828868562996,595.1669921875,9.486
6334.152516913993,465.7861328125,7.327
6334.474906178992,724.53955078125,8.235
6334.797099211995,595.16748046875,8.959
6335.11937541599,595.16748046875,9.486
6335.440973164004,489.70458984375,8.663
