time_s,memory_mb,power_w
0.030329300003359094,424.7041015625,15.69
0.2618498250085395,579.39306640625,15.69
0.4943932229944039,589.44482421875,45.64
0.7277784000034444,595.06982421875,49.36
0.9585818109917454,489.60693359375,49.58
1.1936033320089336,724.44189453125,29.93
1.4290228000027128,595.06982421875,48.73
1.6619167930039112,595.06982421875,49.24
1.8928517820022535,1029.6904296875,36.79
2.1263284489978105,595.06982421875,49.44
2.357525336992694,595.06982421875,49.38
2.587119542993605,456.7041015625,50.05
2.8205316069943365,595.06982421875,49.05
3.0554053479863796,595.06982421875,49.08
3.289775473996997,465.720703125,48.96
3.5223263450025115,746.94189453125,49.34
3.7552455510012805,595.06982421875,49.55
3.9872032729908824,595.06982421875,49.3
4.221208975010086,1029.6904296875,27.86
4.454437570995651,595.06982421875,49.45
4.684328106988687,595.06982421875,50.29
4.9185532449919265,456.7041015625,48.16
5.151363221986685,595.06982421875,49.42
5.386337670992361,595.06982421875,49.4
5.616816536989063,456.7041015625,49.89
5.849753760994645,589.44482421875,50.99
6.0845198089955375,595.06982421875,48.54
6.3154333569982555,489.60693359375,49.32
6.548506210005144,724.44189453125,29.74
6.780684694997035,595.06982421875,49.58
7.012836781999795,599.51953125,49.12
7.246026476990664,1029.6904296875,37.0
7.477953678986523,595.06982421875,47.88
7.709170191985322,615.455078125,49.42
7.940790168999229,456.7041015625,50.06
8.174016668985132,471.3212890625,47.35
8.408276867994573,595.06982421875,50.1
8.641288051992888,495.109375,49.18
8.876501389982877,724.4423828125,38.51
9.109977257990977,595.0703125,49.15
9.346157639985904,595.0703125,49.49
9.579136437998386,1029.69091796875,29.94
9.813095127989072,595.0703125,49.07
10.04598110500956,595.0703125,50.07
10.279003903007833,456.70458984375,47.87
10.51217763198656,595.0703125,48.63
10.745113965007477,595.0703125,49.46
10.97660825800267,456.705078125,49.58
11.210603685001843,746.9423828125,50.07
11.444332801998826,595.0703125,49.47
11.676929631008534,489.607421875,49.54
11.908551665983396,724.4423828125,32.46
12.144655081996461,595.0703125,49.35
12.378398725995794,595.0703125,49.2
12.611119665001752,1029.69091796875,34.24
12.843292478995863,595.0703125,48.73
13.077210032002768,595.0703125,49.52
13.31247827000334,456.70458984375,51.11
13.544989332003752,589.4453125,50.77
13.778944877994945,595.0703125,49.26
14.010274272994138,489.607421875,49.48
14.245080222986871,724.4423828125,51.8
14.475528554001357,595.0703125,48.7
14.709925925009884,595.0703125,50.17
14.942557464994024,724.4423828125,26.76
15.175921863992698,595.0703125,49.17
15.408362104994012,595.0703125,49.19
15.64541391399689,456.70458984375,40.59
15.8786349259899,595.0703125,49.36
16.11233401100617,595.0703125,48.82
16.346537987003103,456.70458984375,48.66
16.580592151993187,746.9423828125,50.34
16.82022869598586,595.0703125,49.48
17.05183857900556,595.0703125,49.46
17.283501890982734,724.4423828125,52.86
17.51334852699074,595.0703125,49.09
17.747352404985577,595.0703125,50.17
17.978558597009396,1029.69091796875,35.1
18.211560303985607,595.0703125,50.36
18.444748000998516,599.384765625,48.91
18.679925582982833,456.70458984375,48.98
18.91250760498224,493.81396484375,49.15
19.143284265999682,595.0703125,49.48
19.373846789007075,595.0703125,49.47
19.608424423000542,724.4423828125,51.67
19.844023854995612,595.0703125,49.26
20.075965141004417,595.0703125,49.46
20.31093124000472,984.69091796875,41.41
20.546464671002468,595.0703125,51.87
20.77953796600923,595.0703125,48.24
21.011708614998497,456.70458984375,50.42
21.243878704990493,589.4453125,48.78
21.477153006999288,595.0703125,50.1
21.70878377300687,489.607421875,49.93
21.941668493003817,724.4423828125,51.04
22.175493572984124,595.0703125,48.78
22.411214182007825,595.0703125,49.23
22.643169366987422,1029.69091796875,33.46
22.875403223006288,595.0703125,48.79
23.109874418005347,595.0703125,49.93
23.341952664981363,456.70458984375,50.01
23.5732097029977,589.4453125,48.91
23.803343462001067,595.0703125,49.74
24.038877451996086,489.607421875,49.27
24.27470568800345,724.4423828125,50.08
24.50809201700031,595.0703125,48.93
24.73922773898812,595.0703125,49.23
24.972399721009424,1029.69091796875,32.52
25.204296028008685,595.0703125,48.64
25.43371103698155,626.70556640625,49.36
25.667671821982367,456.70458984375,49.21
25.90285981100169,746.9423828125,50.14
26.131761197990272,595.0703125,48.96
26.363267573993653,489.607421875,50.19
26.59390601600171,724.4423828125,51.77
26.829811567993602,595.0703125,48.55
27.06171534798341,595.0703125,49.34
27.29332627900294,1029.69091796875,34.41
27.524185143993236,595.0703125,49.0
27.756534590007504,595.0703125,48.7
27.988851837988477,456.70458984375,49.64
28.22042288898956,521.93896484375,49.33
28.45186040000408,595.0703125,49.57
28.684721024008468,595.0703125,49.51
28.91863627100247,724.4423828125,49.67
29.15122101700399,595.0703125,50.46
29.388300763006555,595.0703125,49.52
29.620519952994073,1029.69091796875,32.93
29.854001897008857,595.0703125,49.49
30.090025832003448,595.0703125,49.55
30.32153409399325,456.70458984375,32.96
30.55355758400401,589.4453125,50.26
30.783566953992704,595.0703125,49.22
31.01505503099179,595.0703125,49.05
31.24922408699058,724.4423828125,46.98
31.484086888987804,595.0703125,49.98
31.719686809985433,595.0703125,49.22
31.95654752900009,456.70458984375,20.35
32.192151011986425,595.0703125,50.77
32.42397209900082,595.0703125,48.9
32.657669298001565,456.70458984375,35.25
32.88706956998794,589.4453125,50.21
33.123066475993255,595.0703125,49.72
33.353235087008215,489.607421875,50.23
33.58454066500417,724.4423828125,46.72
33.817480979982065,595.0703125,50.32
34.049973254004726,595.0703125,49.5
34.28349940798944,984.69091796875,23.36
34.51609148699208,595.0703125,49.85
34.747727490990655,595.0703125,50.15
34.98084841898526,456.70458984375,39.21
35.21321860799799,589.4453125,49.76
35.448712088982575,595.0703125,48.63
35.680486869998276,489.607421875,49.54
35.913620578998234,724.4423828125,50.93
36.14770156299346,595.0703125,49.2
36.38113545498345,595.0703125,49.39
36.61399684700882,1029.69091796875,27.05
36.844809475995135,595.0703125,49.32
37.07602677398245,595.0703125,49.52
37.30775531899417,456.70458984375,40.9
37.543168829986826,746.9423828125,51.22
37.777204626007006,595.0703125,49.57
38.0100584049942,595.0703125,49.98
38.24315949800075,724.4423828125,40.04
38.47440948098665,595.0703125,49.91
38.708720875991276,595.0703125,48.45
38.9449639779923,555.68896484375,25.4
39.17605904999073,595.0703125,49.23
39.409503278991906,595.0703125,49.41
39.64303683699109,456.70458984375,41.58
39.875616553996224,746.9423828125,51.22
40.108917256002314,595.0703125,49.36
40.34352597099496,595.0703125,49.78
40.5797613899922,1034.00537109375,38.09
40.81189432399697,595.0703125,49.47
41.04853140699561,595.0703125,49.02
41.28375292100827,984.69091796875,25.4
41.51904448700952,595.0703125,50.36
41.75052718599909,595.0703125,49.23
41.982455550984014,456.70458984375,38.46
42.21241742800339,589.4453125,50.31
42.445264990994474,595.0703125,49.26
42.676834993995726,489.607421875,49.17
42.90870923100738,724.4423828125,40.39
43.13993428100366,595.0703125,48.33
43.37123853198136,595.0703125,49.52
43.606117886985885,456.70458984375,27.65
43.84367766100331,595.0703125,49.17
44.07692542299628,595.0703125,49.55
44.30983326100977,456.70458984375,48.07
44.54166782699758,589.4453125,50.74
44.776029926986666,595.0703125,48.84
45.01097493400448,489.607421875,49.71
45.24345296100364,724.4423828125,40.36
45.475591830996564,595.0703125,49.16
45.70765813498292,595.0703125,49.52
45.94610840300447,456.70458984375,28.64
46.177835271984804,595.0703125,48.58
46.40980065299664,595.0703125,49.58
46.64223363099154,456.70458984375,50.18
46.876954442996066,746.9423828125,50.37
47.10846389198559,595.0703125,48.97
47.33921519998694,595.0703125,48.94
47.570455963985296,724.4423828125,34.51
47.79984708700795,595.0703125,49.19
48.032449154008646,595.0703125,49.5
48.26902680200874,984.69091796875,28.23
48.50034138999763,595.0703125,47.86
48.73342942100135,595.0703125,49.15
48.96685898298165,456.70458984375,50.79
49.202309510990744,746.9423828125,52.86
49.43891104499926,595.0703125,49.09
49.669972662988584,595.0703125,49.28
49.9061263659969,724.4423828125,30.66
50.138525679009035,595.0703125,49.4
50.37253884598613,595.0703125,49.11
50.60429428098723,1029.69091796875,27.06
50.838100155000575,595.0703125,50.26
51.069582644995535,595.0703125,48.94
51.302491879003355,456.70458984375,45.36
51.536710802000016,589.4453125,52.03
51.769712648005225,595.0703125,49.24
52.00163633399643,489.607421875,49.15
52.232504977000644,724.4423828125,36.92
52.46509894198971,595.0703125,48.82
52.69970514200395,595.0703125,49.51
52.935439998982474,984.69091796875,30.92
53.16634035098832,595.0703125,49.89
53.39848473900929,595.0703125,48.83
53.629499142989516,456.70458984375,45.75
53.860124105995055,589.4453125,52.0
54.093811875995016,595.0703125,49.81
54.32632761698915,489.607421875,49.42
54.55887597499532,724.4423828125,37.1
54.79278270099894,595.0703125,48.92
55.028272411000216,595.0703125,49.15
55.26156298600836,1029.69091796875,29.64
55.49374159699073,595.0703125,48.06
55.723659543000394,635.70556640625,48.59
55.95697100099642,456.70458984375,50.48
56.18915149700479,589.4453125,51.41
56.42346757199266,595.0703125,50.16
56.655360876000486,489.60791015625,49.45
56.88987795700086,724.4423828125,39.49
57.12431492799078,595.0703125,50.16
57.35822018800536,595.0703125,49.34
57.59453194498201,1029.69091796875,29.13
57.82702442898881,595.0703125,48.87
58.06113935599569,617.56982421875,49.24
58.29384451100486,456.70458984375,50.47
58.52723503098241,589.4453125,50.7
58.759144188981736,595.0703125,49.67
58.989844930008985,595.0703125,49.82
59.22196459400584,724.4423828125,27.44
59.45784521300811,595.0703125,49.72
59.68909980598255,595.0703125,49.7
59.92213273199741,1029.69091796875,27.93
60.155463397008134,595.0703125,50.33
60.38844561699079,595.0703125,49.07
60.62098580299062,456.70458984375,50.84
60.85364171798574,589.4453125,53.3
61.08999314598623,595.0703125,49.23
61.321883586002514,489.607421875,49.32
61.553058558987686,724.4423828125,29.9
61.78513177699642,595.0703125,49.6
62.02186468499713,595.0703125,49.37
62.25488273400697,1029.69091796875,34.15
62.48918463100563,595.0703125,49.53
62.72241535098874,595.0703125,49.77
62.952921649994096,456.70458984375,46.09
63.183761588006746,589.4453125,49.51
63.41913682498853,595.0703125,49.32
63.65165256700129,502.357421875,49.56
63.887063912989106,724.4423828125,34.54
64.12001484300708,595.0703125,49.74
64.35213038598886,595.0703125,49.8
64.58407921498292,1029.69091796875,33.38
64.81631838000612,595.0703125,49.09
65.0486713880091,595.0703125,49.65
65.27880416900734,456.70458984375,50.46
65.50946342400857,589.4453125,50.07
65.745782863989,595.0703125,49.68
65.97754227899713,456.705078125,49.37
66.21114777500043,746.9423828125,43.74
66.44493765500374,595.0703125,49.32
66.67820448399289,595.0703125,49.18
66.91291516800993,1029.69091796875,27.41
67.14757172498503,595.0703125,49.45
67.38372619598522,595.0703125,49.61
67.61592038199888,456.70458984375,50.05
67.85257345999707,595.0703125,50.27
68.08551971099223,595.0703125,49.08
68.31902833498316,456.705078125,49.62
68.55282729398459,746.9423828125,50.85
68.78809029399417,595.0703125,48.42
69.02381090298877,595.0703125,49.63
69.25894476499525,724.4423828125,48.22
69.4887953120051,595.0703125,49.25
69.7219479479827,595.0703125,49.33
69.9560567989829,456.70458984375,20.87
70.18975343898637,595.0703125,50.78
70.42209499300225,595.0703125,49.72
70.65375795599539,489.72119140625,48.7
70.8873688300082,724.4423828125,51.26
71.12238786998205,595.0703125,49.48
71.35215279000113,595.0703125,49.61
71.58910255899536,1029.69091796875,46.1
71.82301522200578,595.0703125,48.92
72.05702238198137,595.0703125,49.28
72.29239140398568,456.70458984375,24.6
72.52855250998982,595.0703125,49.52
72.76256162600475,595.0703125,49.31
72.99525965598878,456.70458984375,40.97
73.23411054100143,746.9423828125,50.71
73.4670482710062,595.0703125,49.06
73.70095101700281,595.0703125,49.54
73.9340701290057,1029.69091796875,39.53
74.16372823799611,595.0703125,50.16
74.39445416000672,595.0703125,49.32
74.63187059498159,984.69091796875,21.85
74.86171901298803,595.0703125,49.55
75.09676058599143,595.0703125,49.58
75.33034670699271,456.70458984375,39.78
75.56395706298645,746.9423828125,51.51
75.80025119500351,595.0703125,49.94
76.03180105198408,595.0703125,49.38
76.26760844999808,724.4423828125,42.69
76.5012518419826,595.0703125,48.44
76.73482497199439,595.0703125,49.59
76.9719489759882,456.70458984375,26.67
77.20458956598304,595.0703125,50.24
77.44122062000679,595.0703125,50.06
77.67418772398378,456.70458984375,38.15
77.90992025198648,589.4453125,49.43
78.14391264799633,595.0703125,49.77
78.3760297659901,489.607421875,49.17
78.60659120799392,724.4423828125,44.43
78.83801031898474,626.70556640625,48.59
79.07270246898406,595.0703125,49.53
79.30844540300313,984.69091796875,23.02
79.5424880849896,595.0703125,48.94
79.77479056699667,595.0703125,50.12
80.0096834450087,456.70458984375,49.03
80.24224776600022,746.9423828125,52.12
80.47743775500567,595.0703125,50.1
80.70794960900093,489.607421875,48.99
80.93963377299951,724.4423828125,42.45
81.17075954400934,595.0703125,48.92
81.40149740900961,595.0703125,49.43
81.63909620299819,984.69091796875,27.4
81.87227562998305,595.0703125,49.6
82.10395923498436,595.0703125,48.83
82.3385218269832,456.70458984375,48.7
82.57375728298211,746.9423828125,51.69
82.80723354098154,595.0703125,48.75
83.03992260200903,595.0703125,49.26
83.27534879898303,724.4423828125,29.24
83.51221166100004,595.0703125,49.55
83.74709699599771,696.3203125,48.66
83.97806373599451,1029.69091796875,22.65
84.21209119199193,595.0703125,50.31
84.44371550099459,595.0703125,48.76
84.67861368699232,456.70458984375,40.01
84.90974804898724,595.0703125,51.34
85.14362143300241,595.0703125,49.87
85.37587048398564,492.419921875,49.56
85.61149929498788,724.4423828125,40.99
85.84290813899133,595.0703125,49.0
86.08009290599148,615.45556640625,49.81
86.31293876399286,1029.69091796875,25.11
86.54660059398157,595.0703125,48.62
86.78130014700582,595.0703125,49.8
87.01686463298392,456.70458984375,38.94
87.25092680199305,595.0703125,49.09
87.48259364400292,595.0703125,48.94
87.71608715399634,456.70458984375,49.91
87.9508427210094,746.9423828125,47.58
88.18365393698332,595.0703125,49.52
88.41402833999018,595.0703125,49.64
88.64843804598786,724.4423828125,24.69
88.87904649198754,595.0703125,49.64
89.11218862299575,595.0703125,48.38
89.34231445498881,1029.69091796875,31.35
89.57681837899145,595.0703125,50.43
89.80975195998326,595.0703125,48.92
90.04271703900304,456.70458984375,41.76
90.27696855098475,595.0703125,52.29
90.51152031699894,595.0703125,49.06
90.74904277399764,492.419921875,49.56
90.98179839499062,724.4423828125,39.92
91.21764693100704,595.0703125,49.44
91.44981608298258,595.0703125,48.8
91.68226949399104,1029.69091796875,28.68
91.91357364298892,595.0703125,50.03
92.14892301399959,595.0703125,49.93
92.3846980049857,456.70458984375,48.02
92.6170043979946,595.0703125,49.18
92.85062704599113,595.0703125,49.23
93.08429327700287,456.70458984375,49.34
93.32085581499268,746.9423828125,48.72
93.55663024800015,595.0703125,49.44
93.79228385299211,595.0703125,48.89
94.02904886499164,1029.69091796875,47.72
94.2602704599849,595.0703125,49.43
94.49282814699109,595.0703125,49.29
94.72684177500196,465.68896484375,28.39
94.96315616200445,595.0703125,49.63
95.19778231100645,595.0703125,49.36
95.43158229000983,456.70458984375,48.37
95.66654850300984,589.4453125,48.42
95.89770647100522,595.0703125,48.87
96.13144450000254,489.607421875,49.97
96.36193058200297,724.4423828125,53.61
96.59785678298795,595.0703125,48.77
96.82916617000592,595.0703125,49.53
97.06150853200234,1029.69091796875,32.65
97.29445971199311,595.0703125,49.17
97.52844945399556,595.0703125,49.41
97.76023593798163,456.70458984375,34.68
97.9926236269821,589.4453125,49.68
98.22440417399048,595.0703125,49.92
98.45610621699598,489.607421875,50.08
98.68878934098757,724.4423828125,53.38
98.92207576698274,595.0703125,48.32
99.15426363601,595.0703125,48.82
99.38744054900599,1029.69091796875,35.69
99.62338965799427,595.0703125,49.02
99.85489774800953,595.0703125,49.01
100.08758359600324,456.70458984375,33.81
100.3187261300045,589.4453125,48.44
100.55113260698272,595.07080078125,49.32
100.78304431799916,489.607421875,50.62
101.01535574000445,724.4423828125,51.5
101.24854990298627,595.0703125,49.42
101.48083785700146,595.0703125,48.28
101.71351797800162,1029.69091796875,39.63
101.94550428100047,595.0703125,48.53
102.18047098300303,595.0703125,49.07
102.41523136998876,456.70458984375,24.94
102.6486578299955,589.4453125,48.2
102.88036825400195,595.0703125,49.88
103.11185804600245,489.607421875,49.16
103.34361163299764,724.4423828125,53.99
103.57975867699133,595.0703125,49.2
103.81680662199506,595.0703125,49.4
104.04817796000862,1029.69091796875,32.0
104.28417162899859,595.0703125,48.14
104.51788926398149,595.0703125,49.49
104.75266613299027,456.70458984375,25.43
104.98581252398435,595.0703125,50.42
105.21813106900663,595.0703125,49.38
105.45084932498867,489.72119140625,48.25
105.68396365799708,724.4423828125,52.61
105.91533779000747,595.0703125,49.48
106.14721765299328,595.0703125,49.89
106.38156722398708,1029.69091796875,31.86
106.61556129599921,595.0703125,48.67
106.85145362399635,595.0703125,49.13
107.08986978800385,456.70458984375,34.87
107.32299068599241,589.4453125,51.06
107.5586794920091,595.0703125,50.07
107.79173292199266,456.70458984375,48.21
108.02401535800891,746.9423828125,53.41
108.25755335800932,595.0703125,49.18
108.49115819600411,595.0703125,49.68
108.72479383499012,1029.69091796875,30.11
108.95813522700337,595.0703125,49.89
109.19177324100747,595.0703125,49.14
109.42504402200575,456.70458984375,36.85
109.65893416799372,589.4453125,50.03
109.88923272199463,595.0703125,49.82
110.122491978982,489.607421875,49.61
110.35412334100693,724.4423828125,42.9
110.5839992770052,595.0703125,49.38
110.81826133598224,595.0703125,50.15
111.05148629998439,1029.69091796875,28.27
111.28286811400903,595.0703125,49.58
111.51469147400348,595.0703125,49.35
111.74891791300615,456.70458984375,38.64
111.98499029499362,589.4453125,50.07
112.2197720539989,595.0703125,48.9
112.45612988300854,489.607421875,49.34
112.68820760998642,724.4423828125,40.24
112.92297609799425,595.0703125,48.61
113.1568404029822,595.0703125,48.99
113.38925574999303,1029.69091796875,24.46
113.62034771699109,595.0703125,50.59
113.85625031098607,595.0703125,48.97
114.09496973300702,456.70458984375,40.0
114.32768589199986,589.4453125,50.53
114.56328494998161,595.0703125,49.49
114.79604315498727,492.419921875,49.52
115.02851018600632,724.4423828125,44.83
115.260430069,595.0703125,49.17
115.49176557798637,595.0703125,49.26
115.72474567298195,1029.69091796875,25.48
115.95824239499052,595.0703125,49.47
116.18983248100267,595.0703125,49.27
116.42315494499053,456.70458984375,45.92
116.65496049600188,589.4453125,51.68
116.89131301699672,595.0703125,48.77
117.12766099799774,492.419921875,49.16
117.36290253099287,724.4423828125,40.87
117.59491439699195,595.0703125,50.01
117.8254120030033,595.0703125,50.16
118.05727272899821,1029.69091796875,27.91
118.28993280499708,595.0703125,49.85
118.5220124879852,595.0703125,49.4
118.75727664999431,456.70458984375,49.85
118.99185844798922,589.4453125,49.47
119.22385026898701,595.0703125,49.41
119.45590222498868,489.607421875,49.27
119.68634353700327,724.4423828125,31.91
119.91949684300926,595.0703125,48.84
120.15175650999299,595.0703125,49.32
120.38366486900486,1029.69091796875,30.83
120.61466785700759,595.0703125,49.07
120.84946931098239,595.0703125,49.49
121.08203230498475,456.70458984375,50.26
121.31778431899147,746.9423828125,48.93
121.5517653299903,595.0703125,48.82
121.78435926500242,595.0703125,49.43
122.01863221899839,1029.69091796875,20.7
122.25193352199858,595.0703125,49.71
122.48847573599778,595.0703125,49.43
122.72591577799176,465.68896484375,39.21
122.95824158599135,595.0703125,49.92
123.1906956959865,595.0703125,49.67
123.42264707799768,456.70458984375,49.46
123.65899603700382,746.9423828125,49.3
123.8936876289954,595.0703125,48.89
124.12897246400826,595.0703125,49.22
124.36449658099446,724.4423828125,48.11
124.59831960799056,595.0703125,49.56
124.83377863100031,595.0703125,48.72
125.07062535898876,456.70458984375,25.46
125.30542206400423,595.0703125,50.8
125.53974446700886,595.0703125,49.14
125.77363817498554,456.70458984375,29.97
126.00885672998265,589.4453125,49.04
126.2410522819846,595.0703125,49.4
126.47371200899943,489.607421875,49.78
126.70535217100405,724.4423828125,52.85
126.94228236199706,595.0703125,49.47
127.1765761289862,595.0703125,49.68
127.41076862398768,1029.69091796875,28.48
127.6412442989822,595.0703125,49.33
127.87510511098662,595.0703125,49.36
128.10675994100166,456.70458984375,39.32
128.33802211500006,746.9423828125,50.96
128.56852467998397,595.0703125,49.19
128.80064487099298,489.607421875,49.21
129.03180381798302,724.4423828125,48.81
129.26451606600313,595.0703125,49.12
129.49655035199248,595.0703125,49.3
129.73595248599304,465.68896484375,22.9
129.9706818620034,595.0703125,49.46
130.2024960029812,595.0703125,49.11
130.4413405119849,456.70458984375,42.4
130.67679855800816,746.9423828125,51.64
130.91301928498433,595.0703125,49.42
131.14647794299526,595.0703125,49.75
131.3807013790065,724.4423828125,37.37
131.61366457198164,595.0703125,49.45
131.84567860298557,595.0703125,48.8
132.07995036998182,1029.69091796875,21.27
132.31232087800163,595.0703125,51.35
132.5448032039858,595.0703125,49.64
132.78348658699542,456.70458984375,44.93
133.01680360300816,589.4453125,51.79
133.25036283500958,595.0703125,48.92
133.4821360479982,595.0703125,49.17
133.71933946298668,1034.00537109375,33.43
133.95149213200784,499.43896484375,49.62
134.1886912159971,595.0703125,49.43
134.4227515689854,456.70458984375,32.24
134.6565384879941,595.0703125,49.79
134.8894011779921,595.0703125,48.8
135.1233511790051,456.70458984375,50.8
135.35852971399436,746.9423828125,51.53
135.5936697649886,595.0703125,49.13
135.82675574198947,595.0703125,49.4
136.06308654200984,1029.69091796875,26.38
136.2960950639972,595.0703125,49.21
136.53401820798172,595.0703125,49.43
136.7731418790063,456.70458984375,39.87
137.00629371698597,595.0703125,49.27
137.24164923399803,595.0703125,48.98
137.47312303099898,456.70458984375,49.1
137.70592949699494,752.2568359375,48.71
137.9363528600079,595.0703125,48.61
138.16724144600448,595.0703125,50.07
138.40458608299377,724.4423828125,23.47
138.64121937099844,595.0703125,49.46
138.87569591699867,595.0703125,49.34
139.11086404699017,456.70458984375,42.37
139.34501905200887,595.0703125,49.02
139.57857376500033,595.0703125,49.31
139.81205248899641,456.70458984375,49.22
140.04498679400422,746.9423828125,49.81
140.27801196300425,595.0703125,49.51
140.50890631900984,489.607421875,49.94
140.739988618996,724.4423828125,52.3
140.96907895201002,595.0703125,48.29
141.20618506800383,595.0703125,49.23
141.4413486639969,1029.69091796875,38.82
141.67369971700828,595.0703125,49.1
141.90522279098514,595.0703125,48.87
142.1392823229835,456.70458984375,48.97
142.3714739260031,746.9423828125,47.94
142.60485801499453,595.0703125,49.63
142.8367210800061,595.0703125,49.19
143.06968814099673,724.4423828125,53.12
143.30089210698497,595.0703125,49.58
143.53648132100352,595.0703125,49.31
143.76622572599445,1029.69091796875,36.99
144.0010317300039,595.0703125,49.33
144.23424889499438,595.0703125,49.47
144.46967831099755,456.70458984375,49.36
144.7033138999832,589.4453125,48.42
144.93490618799115,595.0703125,49.2
145.170074603986,595.0703125,49.1
145.4053571409895,724.4423828125,50.52
145.6400571950071,595.0703125,49.44
145.87246181699447,595.0703125,49.58
146.10995164499036,456.70458984375,26.69
146.34310874599032,595.0703125,50.74
146.57689805800328,595.0703125,49.13
146.81051402300363,456.70458984375,29.86
147.04371121298755,589.4453125,48.91
147.27888535498641,595.0703125,49.37
147.51084955298575,492.419921875,49.91
147.74499198698322,724.4423828125,51.39
147.97722214300302,595.0703125,49.48
148.21051760198316,595.07080078125,49.21
148.44222289399477,1029.69091796875,35.57
148.6763261469896,595.0703125,50.03
148.91260735699325,595.0703125,49.31
149.14681704898248,456.70458984375,23.37
149.38292120900587,595.0703125,50.08
149.6173608219833,595.0703125,50.26
149.85042615100974,456.70458984375,32.87
150.08533209899906,589.4453125,50.35
150.32122463799897,595.0703125,49.31
150.55722703799256,489.607421875,50.66
150.7905193530023,724.4423828125,47.3
151.0214348009904,595.0703125,49.96
151.25136749999365,510.68896484375,49.31
151.4867950299813,984.69091796875,23.12
151.71714433698799,595.0703125,49.55
151.9505792699929,595.0703125,49.46
152.18363321499783,456.70458984375,41.94
152.41580163000617,752.2568359375,51.73
152.6485192849941,595.0703125,50.49
152.88029246398946,489.607421875,49.9
153.11091569199925,724.4423828125,51.85
153.34621268699993,595.0703125,49.49
153.57930637098616,595.0703125,48.96
153.80956634998438,1029.69091796875,26.6
154.04280432898668,595.0703125,49.83
154.2783188119938,595.0703125,49.41
154.51619004798704,456.70458984375,41.02
154.74779239398777,589.4453125,49.9
154.98121147300117,595.0703125,49.1
155.21260310400976,595.0703125,49.21
155.44668065500446,724.4423828125,40.85
155.67812864898588,595.0703125,49.06
155.91227429598803,595.0703125,49.42
156.14691833598772,1029.69091796875,22.65
156.37960861300235,595.0703125,50.34
156.61370914100553,493.99560546875,49.86
156.84826280598645,456.70458984375,42.5
157.08085048399516,589.4453125,52.1
157.31260026598466,595.0703125,49.47
157.5450889779895,595.0703125,49.14
157.77622442899155,724.4423828125,40.45
158.0101048850047,595.0703125,48.28
158.24282128200866,595.0703125,49.41
158.47768406799878,510.69091796875,24.96
158.71008373098448,595.0703125,50.62
158.94236179898144,595.0703125,48.87
159.17485267599113,456.70458984375,41.91
159.41154281198396,544.43896484375,52.08
159.64310520800063,595.0703125,49.71
159.875190302002,595.0703125,48.89
160.11153541700332,600.68896484375,34.04
160.34420893198694,595.0703125,48.52
160.57995703699999,595.0703125,49.11
160.81393031298649,456.70458984375,33.4
161.04938976099947,595.0703125,49.68
161.28048966100323,595.0703125,48.91
161.5145607169834,456.70458984375,50.85
161.74751946600736,746.9423828125,51.99
161.98071693599923,595.0703125,49.6
162.21314635200542,595.0703125,49.92
162.44881944698864,724.4423828125,31.55
162.68419508400257,595.0703125,49.49
162.91633186099352,595.0703125,49.31
163.15473801799817,456.70458984375,35.69
163.38931773399236,595.0703125,50.05
163.62458469698322,595.0703125,48.78
163.85914024699014,456.70458984375,49.17
164.0955076419923,746.9423828125,48.98
164.3280536250095,595.0703125,48.84
164.56088414398255,489.607421875,50.42
164.79319741300424,724.4423828125,29.69
165.02887350998935,595.0703125,49.86
165.2630341030017,595.0703125,49.53
165.4955669560004,1029.69091796875,34.5
165.72676044498803,595.0703125,47.76
165.95810926298145,595.0703125,49.42
166.191057885997,456.70458984375,49.04
166.4223433570005,746.9423828125,48.35
166.65465536800912,595.0703125,50.24
166.88732685698778,595.0703125,49.83
167.12411002299632,724.4423828125,20.33
167.35821963098715,595.0703125,49.71
167.59271749199252,595.0703125,50.13
167.82539233300486,1029.69091796875,34.64
168.05675742399762,595.0703125,48.91
168.29205057799118,595.0703125,50.0
168.5239457009884,456.70458984375,49.33
168.75813255499816,505.06396484375,48.76
168.9903032059956,595.0703125,49.19
169.2225369240041,595.0703125,49.13
169.45692331698956,724.4423828125,50.28
169.69149737499538,595.0703125,49.01
169.92720741598168,595.0703125,49.02
170.16173712498858,456.70458984375,26.33
170.39588109598844,595.0703125,50.06
170.63124283400248,595.0703125,50.01
170.86484524898697,456.70458984375,49.9
171.10100011399481,589.4453125,48.87
171.3355807379994,595.0703125,49.56
171.56890699698124,489.607421875,49.45
171.8017285070091,724.4423828125,51.02
172.03438504898804,595.0703125,48.84
172.26578415400581,716.70556640625,48.92
172.50214770800085,456.70458984375,23.99
172.736299709999,595.0703125,49.9
172.96978849198786,595.0703125,49.02
173.20459072498488,456.70458984375,41.55
173.43773923499975,746.9423828125,50.08
173.67395947300247,595.0703125,48.77
173.9053520830057,489.607421875,50.52
174.13965354699758,724.4423828125,51.76
174.37366649400792,595.0703125,49.16
174.60628958200687,595.0703125,49.7
174.8422578299942,1029.69091796875,29.24
175.07591528000194,595.0703125,50.03
175.31030732998624,595.0703125,49.31
175.54275888600387,456.70458984375,37.77
175.77618494900526,589.4453125,50.48
176.0094120319991,595.0703125,49.21
176.24171196098905,489.607421875,49.55
176.47540838300483,724.4423828125,49.45
176.708965680009,595.0703125,50.28
176.9445099849836,595.0703125,48.92
177.17623636999633,1029.69091796875,32.54
177.4114535349945,595.0703125,48.55
177.6447556290077,595.0703125,49.49
177.87931453200872,456.70458984375,35.01
178.11045989999548,589.4453125,50.13
178.34221848199377,595.0703125,49.27
178.57358783399104,489.607421875,48.94
178.80982155099628,724.4423828125,48.01
179.0410105010087,595.0703125,49.78
179.2720744329854,595.0703125,49.67
179.50271407398395,1029.69091796875,23.33
179.7401067519968,595.0703125,50.42
179.97318178898422,595.0703125,49.64
180.20605505100684,456.70458984375,34.38
180.4377904459834,589.4453125,50.07
180.66794971300988,595.0703125,49.1
180.9007897299889,489.607421875,49.19
181.13505760100088,724.4423828125,46.34
181.36629348498536,595.0703125,50.09
181.59947894199286,595.0703125,49.63
181.83185765199596,1029.69091796875,21.35
182.0668585159874,595.0703125,50.68
182.3006778609997,595.0703125,49.65
182.53379864399903,456.70458984375,40.92
182.76914794999175,589.4453125,49.94
183.00455396799953,595.0703125,49.28
183.23608409700682,492.419921875,49.81
183.47070830198936,724.4423828125,44.93
183.7029344769835,595.0703125,49.36
183.93608969298657,595.0703125,49.29
184.16912924998906,1029.69091796875,23.78
184.4045456739841,595.0703125,49.58
184.63771387998713,595.0703125,49.28
184.87378374798573,456.70458984375,46.88
185.10510441998485,589.4453125,53.83
185.34121759000118,595.0703125,50.19
185.5726584600052,489.607421875,49.58
185.80475982799544,724.4423828125,44.01
186.0403158669942,595.0703125,49.11
186.27561118500307,595.0703125,49.0
186.50997934900806,1029.69091796875,22.77
186.74346666398924,595.0703125,49.64
186.977242775989,595.0703125,49.6
187.21307098999387,456.70458984375,49.82
187.44697987200925,589.4453125,49.93
187.68272818700643,595.0703125,49.49
187.9145690430014,489.607421875,49.6
188.14951040101005,724.4423828125,31.39
188.38312112700078,595.0703125,50.2
188.61925420199987,595.0703125,49.4
188.85181170800934,1029.69091796875,26.97
189.0861110780097,595.0703125,49.65
189.32389151898678,595.0703125,49.36
189.55771470500622,456.70458984375,50.15
189.7905144940014,589.4453125,51.02
190.02252758099348,595.0703125,49.45
190.2532397879986,489.607421875,49.17
190.48938732000533,724.4423828125,51.06
190.72222188999876,595.0703125,48.74
190.95371255799546,595.0703125,49.17
191.1852732769912,1029.69091796875,36.07
191.41828182400786,595.0703125,49.64
191.65261394999106,595.0703125,49.08
191.88891380798304,456.70458984375,48.74
192.12282122299075,595.0703125,50.02
192.3569194469892,595.0703125,49.29
192.58877685599145,492.419921875,48.92
192.82560122798895,724.4423828125,51.17
193.05833173400606,595.0703125,49.55
193.29370653198566,595.0703125,49.3
193.52625279399217,1029.69091796875,37.87
193.75980059200083,595.0703125,49.48
193.99160170799587,595.0703125,49.19
194.22447077999823,456.70458984375,49.38
194.45746696498827,589.4453125,47.77
194.69227848699666,595.0703125,49.32
194.92439088999527,456.705078125,49.56
195.1567443170061,724.4423828125,51.01
195.39187229398522,595.0703125,49.62
195.62602806798532,595.0703125,49.18
195.86029391299235,1029.69091796875,37.62
196.09262156899786,595.0703125,49.15
196.32584264600882,595.0703125,49.33
196.56004821698298,456.70458984375,31.16
196.79568401598954,589.4453125,48.86
197.02866273999098,595.0703125,49.13
197.2615447329881,489.607421875,50.68
197.49603777498123,724.4423828125,53.12
197.72975389298517,595.0703125,49.48
197.9630011600093,595.0703125,48.73
198.19482853700174,1029.69091796875,39.02
198.43121031898772,595.0703125,48.97
198.66513261100044,595.0703125,48.67
198.89821973000653,456.70458984375,30.04
199.12867729298887,595.0703125,47.84
199.36266872900887,595.0703125,49.1
199.59416903398233,492.419921875,49.88
199.8296265960089,724.4423828125,53.55
200.06111586699262,595.0703125,49.67
200.2940950100019,595.0703125,49.34
200.52606926500448,1029.69091796875,31.8
200.75944378500571,595.0703125,49.44
200.9914235569886,595.0703125,48.82
201.22739375999663,456.70458984375,29.3
201.458647174004,589.4453125,49.38
201.6906076699961,595.0703125,49.0
201.92264715698548,489.607421875,50.9
202.16027317699627,724.4423828125,51.96
202.39351366998744,595.0703125,48.95
202.6252404039842,595.0703125,49.13
202.85893745499197,1029.69091796875,26.76
203.0927131479839,595.0703125,49.74
203.32482415399863,595.0703125,49.85
203.5576485969941,456.70458984375,35.15
203.79036736299167,589.4453125,48.9
204.02527411698247,595.0703125,48.77
204.25801396000315,492.419921875,50.63
204.4918816080026,724.4423828125,49.68
204.72385591600323,595.0703125,49.46
204.95633636799175,595.0703125,48.95
205.18930843498674,1029.69091796875,23.39
205.42370359800407,595.0703125,49.74
205.65680997099844,595.0703125,49.78
205.89163787299185,456.70458984375,41.66
206.12413934699725,589.4453125,51.19
206.35817196100834,595.0703125,49.66
206.58918231300777,489.607421875,49.01
206.8249009779829,724.4423828125,46.48
207.05966343800537,595.0703125,49.38
207.29425897699548,595.0703125,49.22
207.5265477130015,1029.69091796875,29.77
207.76235793999513,595.0703125,49.15
207.99599517998286,595.0703125,49.62
208.23171831399668,456.70458984375,37.81
208.46632467900054,630.08056640625,50.21
208.69892169599188,595.0703125,49.89
208.93045907400665,456.705078125,50.27
209.1641123080044,746.9423828125,48.08
209.39952276000986,595.0703125,49.19
209.62917950900737,489.607421875,49.63
209.8600869840011,724.4423828125,38.12
210.09276152498205,595.0703125,49.16
210.3258412189898,595.0703125,49.37
210.56005975199514,465.68896484375,29.77
210.79443954999442,595.0703125,47.79
211.0270606619888,595.0703125,49.0
211.25981440400938,456.70458984375,49.75
211.49226398498286,746.9423828125,47.07
211.72555669600843,595.0703125,50.04
211.95888949598884,595.0703125,49.9
212.19306926699937,1029.69091796875,21.83
212.42808490400785,595.0703125,49.61
212.66023821700946,595.0703125,49.17
212.89686021400848,488.18896484375,32.01
213.12815684798989,595.0703125,48.66
213.3617614019895,595.0703125,49.04
213.5951002780057,456.70458984375,50.9
213.83102078500087,746.9423828125,49.77
214.0669336099818,595.0703125,49.53
214.29889946698677,595.0703125,49.22
214.5351793099835,724.4423828125,26.56
214.7690342470014,595.0703125,49.84
215.00091629399685,595.0703125,50.1
215.23732401698362,984.69091796875,35.9
215.4700445139897,499.62060546875,48.1
215.70509751699865,595.0703125,49.37
215.9380103579897,456.70458984375,46.34
216.1717045889818,589.4453125,49.74
216.40406484299456,595.0703125,49.08
216.63685134000843,489.607421875,49.57
216.86832935299026,724.4423828125,32.28
217.10025428200606,595.0703125,49.72
217.33282147700083,595.0703125,49.01
217.5690434910066,984.69091796875,36.75
217.80225958500523,595.0703125,50.01
218.03283328699763,595.0703125,48.94
218.2650375829835,456.70458984375,49.39
218.49798988600378,589.4453125,48.74
218.73126150399912,595.0703125,49.73
218.96407244700822,489.607421875,48.68
219.1950076489884,724.4423828125,31.44
219.4291637429851,595.0703125,49.73
219.6627045320056,595.0703125,49.14
219.89478520900593,1029.69091796875,35.74
220.12682817099267,595.0703125,50.43
220.3586749479873,595.0703125,49.14
220.59572738100542,456.70458984375,48.9
220.83040868499666,746.9423828125,48.27
221.063229685009,595.0703125,49.5
221.29556123298244,595.07080078125,49.73
221.53047629800858,724.4423828125,52.35
221.7624029039871,595.0703125,49.74
221.99391220600228,595.0703125,50.02
222.2255706200085,1029.69091796875,33.69
222.46107493998716,595.0703125,48.98
222.69334265298676,595.0703125,48.99
222.9269483939861,456.70458984375,50.06
223.1603969919961,589.4453125,48.62
223.39494734298205,595.0703125,49.09
223.63074562698603,489.607421875,49.3
223.8646776700043,724.4423828125,50.27
224.09989165700972,595.0703125,48.75
224.33193168599973,595.0703125,49.24
224.56846749898978,1029.69091796875,47.01
224.80110083398176,595.0703125,49.73
225.0326248019992,595.0703125,49.15
225.27069266399485,456.70458984375,26.96
225.50325874099508,595.0703125,49.57
225.73764552298235,595.0703125,48.61
225.9691969389969,456.70458984375,30.75
226.19979822798632,589.4453125,48.73
226.43451598999673,499.62060546875,49.3
226.66494490898913,456.705078125,49.89
226.8975429740094,724.4423828125,52.76
227.13200595299713,595.0703125,49.38
227.36410890999832,595.0703125,49.34
227.59884699599934,1029.69091796875,44.6
227.8335264849884,595.0703125,49.3
228.06888476599124,595.0703125,49.07
228.3038519329857,456.70458984375,21.06
228.5352172899875,595.0703125,50.17
228.76833344099578,595.0703125,48.99
229.00020710699027,456.705078125,43.92
229.23280538100516,724.4423828125,49.22
229.46529204800026,595.0703125,48.74
229.7022084289929,626.70556640625,49.0
229.94234458499704,1029.69091796875,34.77
230.17418884698418,595.0703125,49.03
230.40770875298767,595.0703125,50.06
230.63964010798372,456.70458984375,26.67
230.87356034698314,595.0703125,49.13
231.10544197499985,595.0703125,49.29
231.33762092000688,456.705078125,48.85
231.56987159099663,724.4423828125,51.29
231.80532436800422,595.0703125,48.81
232.03813593898667,595.0703125,49.48
232.27106191098574,1029.69091796875,32.32
232.50148000498302,595.0703125,49.01
232.73459559699404,595.0703125,49.7
232.96679716999643,456.70458984375,35.37
233.1968995789939,589.4453125,49.38
233.43317425300484,595.0703125,49.49
233.66393010198954,491.01318359375,50.53
233.89493102498818,724.4423828125,50.25
234.12964676198317,595.0703125,49.26
234.36255220000749,595.0703125,48.97
234.59578729100758,1029.69091796875,26.95
234.8308796850033,595.0703125,49.94
235.06471932600834,595.0703125,49.43
235.29947068198817,456.70458984375,41.42
235.5312740179943,589.4453125,50.36
235.76450414999272,595.0703125,49.01
235.99792432200047,468.50537109375,49.29
236.231359161,724.4423828125,41.98
236.4616991019866,595.0703125,48.93
236.6957686629903,595.0703125,48.8
236.92622977899737,1029.69091796875,27.56
237.16123514898936,595.0703125,50.01
237.39334250599495,595.0703125,49.31
237.62723969700164,456.70458984375,37.45
237.86168626399012,589.4453125,50.43
238.09471238800324,595.0703125,48.98
238.3266716109938,489.607421875,49.21
238.55933930698666,724.4423828125,46.35
238.79267958100536,595.0703125,49.29
239.02887491500587,595.0703125,49.87
239.2590445120004,1029.69091796875,21.15
239.49177415799932,595.0703125,49.75
239.72499171900563,595.0703125,49.72
239.9587476910092,456.70458984375,33.55
240.19224922798458,593.759765625,49.07
240.4281452909927,595.0703125,49.25
240.66361748299096,492.419921875,50.43
240.89672783698188,724.4423828125,49.34
241.1289884269936,595.0703125,50.04
241.35996301998966,595.0703125,49.8
241.59396190100233,1029.69091796875,20.93
241.82766060100403,595.0703125,49.51
242.0613657280046,595.0703125,49.12
242.2944266340055,456.70458984375,42.17
242.52447351900628,589.4453125,51.27
242.75742400498712,595.0703125,48.34
242.99071476000245,456.705078125,50.4
243.22282923999592,746.9423828125,49.54
243.45779340399895,595.0703125,49.63
243.69045767898206,595.0703125,49.26
243.92409994799527,1029.69091796875,26.53
244.15884934799396,595.0703125,49.6
244.3928321650019,595.0703125,49.21
244.6269466340018,456.70458984375,40.99
244.86167270800797,595.0703125,49.4
245.0937480769935,595.0703125,48.77
245.3266895529814,456.70458984375,50.93
245.56205565598793,746.9423828125,50.47
245.7975777160027,595.0703125,49.33
246.02987881400622,489.607421875,48.72
246.2629826029879,724.4423828125,33.01
246.4958976790076,595.0703125,49.4
246.72783671700745,595.0703125,49.57
246.96308304098784,456.70458984375,34.72
247.19497786898864,595.0703125,49.89
247.4263145919831,595.0703125,49.25
247.6594221520063,456.705078125,50.06
247.89080140800797,746.9423828125,45.52
248.12495226500323,595.0703125,49.01
248.3570835069986,595.0703125,49.62
248.59085952298483,1029.69091796875,21.31
248.82450786800473,595.0703125,49.46
249.0569377540087,595.0703125,49.39
249.2916609630047,456.70458984375,36.21
249.5259926400031,595.0703125,49.58
249.76306295199902,595.0703125,49.53
249.9958264720044,456.70458984375,48.79
250.23134015098913,746.9423828125,49.02
250.46524474499165,595.0703125,49.12
250.69887290598126,595.0703125,49.65
250.93850662000477,724.4423828125,21.61
251.1727551149961,595.0703125,48.93
251.4018962919945,595.0703125,49.58
251.63565247299266,984.69091796875,37.54
251.8702340440068,595.0703125,49.06
252.1028896580101,595.0703125,48.98
252.33460701798322,456.70458984375,50.6
252.56512302998453,589.4453125,49.45
252.79783647300792,595.0703125,48.98
253.02943230900564,595.0703125,49.48
253.26248211000348,724.4423828125,23.19
253.49541178299114,595.0703125,49.35
253.72855915300897,595.0703125,49.3
253.9629208619881,456.70458984375,42.17
254.19334063198767,595.0703125,49.68
254.4272178490064,595.0703125,49.25
254.65976884000702,456.70458984375,49.85
254.8911580829881,589.43896484375,47.64
255.12479259999236,595.0703125,49.17
255.3570327250054,595.0703125,49.31
255.59254752198467,724.4423828125,23.69
255.82852439099224,595.0703125,49.87
256.0598940089985,595.0703125,49.52
256.2963686400035,488.18896484375,42.42
256.53163829198456,595.0703125,48.42
256.7656261379889,595.0703125,49.03
257.00329729900113,456.70458984375,49.79
257.2371541909815,746.9423828125,48.36
257.4698069419828,595.0703125,50.22
257.70007054600865,489.607421875,49.66
257.9384668029961,724.4423828125,51.15
258.1712857079983,595.0703125,49.01
258.403880280006,595.0703125,49.9
258.63461650299723,1029.69091796875,35.91
258.8707709099981,595.0703125,50.1
259.10443951000343,595.0703125,49.23
259.33818311899086,456.70458984375,33.28
259.57156592598767,589.4453125,49.64
259.80788662598934,595.0703125,49.36
260.0395706020063,489.607421875,50.64
260.26962111800094,724.4423828125,48.86
260.5027161070029,595.0703125,49.87
260.73703842499526,595.0703125,49.3
260.9714145209873,1029.69091796875,37.27
261.2026444560033,595.0703125,48.66
261.4331858899968,595.0703125,49.03
261.66562436599634,456.70458984375,30.38
261.89623696898343,589.4453125,48.78
262.12904379100655,595.0703125,49.31
262.36265274498146,489.607421875,49.5
262.5941101539938,724.4423828125,51.86
262.8271019870008,595.0703125,49.26
263.0602166710014,595.0703125,49.53
263.2938667619892,1029.69091796875,29.08
263.5263356200012,595.0703125,48.58
263.7614700580016,595.0703125,49.56
263.99316576699493,456.70458984375,26.69
264.2254473780049,589.4453125,48.29
264.4579617730051,595.0703125,48.91
264.69002771298983,492.419921875,49.91
264.92505235999124,724.4423828125,51.39
265.15701863600407,595.0703125,48.65
265.38983928598464,595.0703125,49.26
265.6224969259929,1029.69091796875,28.23
265.855308986007,595.0703125,50.15
266.0870044849871,595.0703125,49.17
266.3193016719888,456.70458984375,37.53
266.54918037800235,589.4453125,50.99
266.7807637109945,595.0703125,49.01
267.0119705979887,489.607421875,49.1
267.2424662859994,724.4423828125,53.53
267.47627086698776,516.31982421875,49.15
267.7099810219952,595.0703125,48.91
267.94808149998426,984.69091796875,23.78
268.18347532599,595.0703125,49.73
268.4150871160091,595.0703125,49.53
268.6509407819831,456.70458984375,41.93
268.8840923169919,746.9423828125,51.1
269.11735224700533,595.0703125,49.22
269.34824926999863,595.0703125,50.22
269.58015523600625,724.4423828125,44.19
269.8120088200085,595.0703125,49.91
270.0451609129959,595.0703125,49.84
270.2775461380079,1029.69091796875,25.65
270.50951314598205,595.0703125,49.07
270.74228599498747,595.0703125,49.36
270.97491196598276,456.70458984375,41.12
271.2057897129853,521.93896484375,51.37
271.4436808899918,595.0703125,49.05
271.67725490100565,595.0703125,49.34
271.9101216880081,1029.69091796875,30.34
272.14433992499835,599.52001953125,48.9
272.37749746599,595.0703125,49.81
272.60898151498986,456.70458984375,32.64
272.84068654399016,595.0703125,49.1
273.07246560699423,595.0703125,49.08
273.3052645770076,456.705078125,49.48
273.53782252199017,724.4423828125,51.47
273.7706515940081,595.0703125,49.14
274.00149232399417,595.0703125,49.28
274.23407694898196,1029.69091796875,24.65
274.46933150698896,595.0703125,49.72
274.70302976699895,595.0703125,50.13
274.9360507669917,456.70458984375,41.81
275.1688212410081,589.4453125,51.17
275.4001837639953,595.0703125,49.38
275.6332038549881,489.607421875,49.81
275.86782689898973,724.4423828125,48.42
276.0984997279884,595.0703125,49.1
276.3305137399875,595.0703125,49.81
276.5638919129851,1029.69091796875,23.69
276.7994193449849,595.0703125,49.9
277.0328265730059,595.0703125,49.56
277.26457511400804,456.70458984375,42.12
277.4964597779908,589.4453125,51.94
277.72902023699135,595.0703125,49.47
277.96109375500237,595.0703125,49.76
278.19445858799736,724.4423828125,42.81
278.42614413099363,595.0703125,48.21
278.6586098840053,595.0703125,49.55
278.8928671629983,1029.69091796875,27.24
279.1260492889851,595.0703125,49.42
279.3591994259914,595.0703125,49.85
279.591268543998,456.70458984375,37.65
279.82563889800804,589.4453125,49.95
280.05833345398423,595.0703125,48.9
280.29091088398127,489.607421875,49.24
280.52360138998483,724.4423828125,42.58
280.75341508799465,595.0703125,48.15
280.9867093109933,595.0703125,49.54
281.22307512999396,456.70458984375,24.35
281.46120712399716,595.0703125,49.01
281.69317867199425,595.0703125,49.68
281.9268907610094,456.70458984375,38.96
282.15986894699745,589.4453125,49.97
282.3925616169872,595.0703125,48.97
282.6251629339822,489.607421875,49.29
282.85752364300424,724.4423828125,42.81
283.09177547498257,595.0703125,47.46
283.3260514709982,595.0703125,49.86
283.559446964995,1029.69091796875,24.84
283.7917109429836,595.0703125,49.07
284.0226014709915,595.0703125,49.62
284.2571594909823,456.70458984375,47.94
284.49231536200386,589.4453125,53.18
284.72461859098985,595.0703125,49.21
284.9582837469934,492.419921875,49.36
285.1928515449981,724.4423828125,46.56
285.426068522007,595.0703125,49.29
285.6581194099854,595.0703125,49.43
285.89102747500874,1029.69091796875,23.74
286.1247666630079,595.0703125,49.31
286.35829695299617,595.0703125,49.21
286.5924834109901,456.70458984375,49.58
286.8272658349888,589.4453125,52.81
287.0588331350009,595.0703125,50.0
287.2902271570056,492.419921875,49.0
287.5232717629988,724.4423828125,43.67
287.7574519359914,595.0703125,49.16
287.9892409160093,595.0703125,48.84
288.2215810919879,724.4423828125,33.58
288.45427264500177,595.0703125,49.19
288.68433065200225,595.0703125,49.06
288.91844573200797,456.70458984375,29.88
289.15229045200977,595.0703125,49.17
289.3881043769943,595.0703125,48.85
289.62130724600866,456.70458984375,50.24
289.85730827899533,746.9423828125,49.06
290.0938497519819,488.18896484375,49.55
290.32736928600934,595.0703125,50.14
290.5628287619911,724.4423828125,26.42
290.79822502998286,595.0703125,48.79
291.03073911299,595.0703125,48.48
291.26398186199367,1029.69091796875,32.64
291.4969178629981,595.0703125,49.82
291.7355381239904,595.0703125,49.39
291.97131657000864,456.70458984375,50.58
292.2050012809923,589.4453125,48.85
292.4375108940003,595.0703125,49.66
292.6689516409824,595.0703125,49.38
292.90405603699037,724.4423828125,51.42
293.1377781839983,595.0703125,48.75
293.3730756950099,595.0703125,49.8
293.60854201499023,456.70458984375,42.4
293.8398072469863,595.0703125,48.94
294.0719233689888,516.31396484375,48.42
294.3056182069995,456.70458984375,49.11
294.53829809700255,746.9423828125,49.62
294.7721298960096,595.0703125,49.48
295.0056748520001,595.0703125,49.36
295.24213991800207,1029.69091796875,46.45
295.4757876829826,595.0703125,50.46
295.70897797998623,595.0703125,48.97
295.9442463669984,456.70458984375,22.45
296.1776716129971,595.0703125,50.68
296.40990849299124,595.0703125,49.67
296.6420783229987,456.70458984375,40.52
296.878425354982,746.9423828125,51.37
297.11195103498176,595.0703125,49.6
297.3442727729853,595.0703125,49.56
297.5809601469955,1029.69091796875,43.53
297.8148031210003,595.0703125,48.41
298.0476424600056,595.0703125,50.07
298.2845314689912,456.70458984375,26.15
298.5176553459896,595.0703125,49.01
298.75120749598136,595.0703125,49.63
298.98311919000116,465.689453125,50.04
299.21667678799713,724.4423828125,51.82
299.44924423098564,595.0703125,49.3
299.68332864998956,595.0703125,50.12
299.91561700298917,724.4423828125,41.49
300.1478429159906,595.0703125,49.13
300.37986475098296,595.0703125,49.65
300.6161391469941,984.69091796875,22.54
300.8532126790087,595.0703125,50.78
301.0857062290015,595.0703125,49.1
301.31957378800143,456.70458984375,45.4
301.55154826899525,589.4453125,53.26
301.78317507499014,595.07080078125,49.06
302.0137521509896,489.607421875,49.85
302.24911698998767,724.4423828125,46.65
302.4795854600088,595.0703125,49.9
302.7130079829949,595.0703125,48.6
302.94789971000864,1029.69091796875,35.08
303.18158560898155,595.0703125,49.58
303.41315493400907,595.0703125,49.17
303.6484887629922,456.70458984375,33.75
303.8891256529896,476.93896484375,48.62
304.1210237269988,595.0703125,49.4
304.3530091730063,492.419921875,49.76
304.5853991470067,724.4423828125,48.26
304.8168232009921,595.0703125,49.4
305.04936158898636,595.0703125,49.28
305.28186198399635,1029.69091796875,20.92
305.51279574399814,595.0703125,50.37
305.7462174289976,595.0703125,48.63
305.98249978700187,456.70458984375,32.16
306.2197183120006,595.0703125,50.03
306.4564167909848,595.0703125,49.18
306.6873547419964,456.705078125,49.4
306.9213171459851,724.4423828125,46.2
307.15397706098156,595.0703125,49.42
307.390437516995,595.0703125,49.82
307.62154092398123,1029.69091796875,21.21
307.8547296850011,595.0703125,49.53
308.0878954670043,595.0703125,49.52
308.3186887750053,456.70458984375,49.21
308.55089883398614,589.4453125,51.17
308.78609381700517,595.0703125,49.86
309.017430567008,456.705078125,48.77
309.2499541489815,724.4423828125,45.49
309.4844460290042,595.0703125,49.73
309.7210180230031,595.0703125,49.42
309.95475937699666,1029.69091796875,22.66
310.18635789700784,595.0703125,48.89
310.4177256569965,595.0703125,48.94
310.6515504719864,456.70458984375,47.73
310.8828990260081,589.4453125,52.41
311.1137347279873,595.0703125,49.33
311.3463782990002,489.607421875,49.44
311.5772049219813,724.4423828125,32.13
311.81193014400196,595.0703125,48.96
312.0440922220005,595.0703125,49.08
312.27745530899847,1029.69091796875,25.48
312.5092727849842,595.0703125,49.53
312.74175383299007,595.0703125,49.23
312.9741045550036,456.70458984375,49.54
313.21047540399013,589.4453125,50.65
313.44447391698486,595.0703125,49.18
313.6760634969978,489.607421875,49.51
313.90801709500374,724.4423828125,34.35
314.14136858898564,595.0703125,49.42
314.37688652198995,595.0703125,49.16
314.60993210598826,1029.69091796875,25.26
314.84497364400886,595.0703125,48.84
315.079064140009,595.0703125,48.8
315.3145168409974,456.70458984375,41.43
315.54793216998223,595.0703125,48.63
315.7797877789999,595.0703125,48.91
316.0124550269975,456.705078125,49.38
316.2436582389928,724.4423828125,41.03
316.4777636110084,595.0703125,49.24
316.7115118090005,595.0703125,49.52
316.94186441099737,1029.69091796875,28.38
317.17425312800333,595.0703125,49.93
317.40596996000386,595.0703125,49.32
317.63960291899275,456.70458984375,49.04
317.8740649749816,595.0703125,49.64
318.105460183986,595.0703125,49.65
318.3366877009976,456.705078125,49.43
318.5720101459883,724.4423828125,37.34
318.8026733369916,595.0703125,49.21
319.03683192899916,595.0703125,49.39
319.27026681398274,1029.69091796875,31.06
319.5055441400036,595.0703125,49.39
319.7413556909887,595.0703125,49.12
319.97539548098575,456.70458984375,50.17
320.2116084159934,589.4453125,49.91
320.4426503620052,595.0703125,49.59
320.6755019929842,492.419921875,48.94
320.90804862300865,724.4423828125,50.26
321.1414846259868,595.0703125,49.09
321.37497105498915,595.0703125,49.34
321.609800901002,1029.69091796875,45.99
321.84636095300084,595.0703125,49.86
322.0818216149928,595.0703125,49.43
322.31432794599095,456.70458984375,50.17
322.54832848499063,595.0703125,50.24
322.7827019109973,595.0703125,49.21
323.020326080994,492.419921875,49.48
323.2523215849942,724.4423828125,52.33
323.48634314598166,595.0703125,49.14
323.7202692319988,595.0703125,49.12
323.9562245880079,724.4423828125,47.88
324.1926119189884,595.0703125,49.79
324.4254060710082,595.0703125,49.31
324.6613147720054,465.68896484375,23.5
324.89532480898197,595.0703125,49.91
325.13073700098903,595.0703125,49.1
325.3640838849824,456.70458984375,42.13
325.59817612599,746.9423828125,50.52
325.8321330129984,595.0703125,49.33
326.06490781798493,595.0703125,49.97
326.3005717220076,724.4423828125,44.05
326.53301219199784,595.0703125,48.89
326.76549463698757,595.0703125,49.81
326.9979212769831,1029.69091796875,28.61
327.2329801369924,595.0703125,49.86
327.4668959569826,595.0703125,48.77
327.7017352319963,456.70458984375,38.37
327.9349753969873,589.4453125,50.23
328.1668551719922,595.0703125,48.98
328.4013910520007,621.08056640625,49.59
328.6349550059822,724.4423828125,42.52
328.8686795969843,595.0703125,49.59
329.1007794449979,595.0703125,49.7
329.3388869939954,456.70458984375,25.67
329.5735559230088,595.0703125,50.24
329.80680684398976,595.0703125,49.44
330.0406359889894,456.70458984375,37.98
330.27418408798985,589.4453125,51.4
330.5069658079883,595.0703125,49.42
330.738699612004,489.607421875,48.95
330.97152183999424,724.4423828125,44.66
331.2063318520086,595.0703125,48.72
331.4404530779866,595.0703125,49.1
331.6761692239961,1029.69091796875,24.53
331.9081345559971,595.0703125,49.51
332.14312999899266,599.384765625,49.64
332.37425938699744,456.70458984375,48.27
332.6074402559898,589.4453125,51.48
332.83872022500145,595.0703125,49.98
333.07205847499426,489.607421875,49.0
333.30733084800886,724.4423828125,44.54
333.54040920798434,595.0703125,49.0
333.7734300190059,595.0703125,49.24
334.00717522899504,1029.69091796875,23.13
334.23787463599,595.0703125,48.36
334.46932100100094,595.0703125,48.72
334.7046010569902,456.70458984375,50.09
334.9391194859927,746.9423828125,49.05
335.1727567210037,595.0703125,49.34
335.40705500898184,595.0703125,49.06
335.6432087860012,724.4423828125,25.96
335.8743048949982,595.0703125,49.27
336.1074491860054,595.0703125,49.77
336.34166478100815,1029.69091796875,34.24
336.5739139090001,595.0703125,48.8
336.80674712499604,595.0703125,49.19
337.04060547900735,456.70458984375,51.02
337.27266065598815,746.9423828125,52.15
337.5056059669878,595.0703125,48.96
337.7383449659974,595.0703125,49.07
337.97192423199886,724.4423828125,28.85
338.2059798199916,595.0703125,49.16
338.43855657600216,595.0703125,49.39
338.6728399179992,984.69091796875,33.82
338.9065317689965,595.0703125,49.92
339.13782441298827,595.0703125,49.38
339.37131316398154,456.70458984375,50.31
339.60530596398166,589.4453125,51.25
339.84092740598135,595.0703125,48.97
340.07407455999055,489.607421875,49.12
340.30722499798867,724.4423828125,32.08
340.54307328598225,595.0703125,49.65
340.77372121898225,595.0703125,48.67
341.00716869399184,1029.69091796875,33.86
341.2390528279939,595.0703125,48.84
341.472107930982,595.0703125,49.51
341.7053212260071,456.70458984375,49.78
341.93640210898593,589.4453125,49.48
342.17166344699217,595.0703125,48.75
342.4022941989824,492.419921875,49.54
342.63676255199243,724.4423828125,35.35
342.8679269659915,595.0703125,48.88
343.10002020699903,595.0703125,49.57
343.3330218110059,1029.69091796875,33.01
343.5675764879852,595.0703125,47.99
343.80294957300066,595.0703125,49.58
344.03659665599116,456.70458984375,50.47
344.2678892989934,589.4453125,51.23
344.5063651780074,595.0703125,49.2
344.7391858219926,456.705078125,50.05
344.9739232760039,746.9423828125,49.09
345.20729748599115,595.0703125,49.9
345.4390904769825,595.0703125,49.67
345.6711591339845,1029.69091796875,27.39
345.90115355700254,595.0703125,50.15
346.13490980200004,595.0703125,49.0
346.3678097160009,456.70458984375,50.38
346.60002964999876,589.4453125,50.93
346.8321837229887,595.0703125,49.69
347.0641323220043,489.607421875,49.44
347.29805870199925,724.4423828125,51.34
347.5287176010024,595.0703125,49.09
347.76160214998526,595.0703125,49.67
347.9960768579913,1029.69091796875,27.06
348.23029859998496,595.0703125,49.23
348.4667715539981,595.0703125,49.13
348.7000071280054,456.70458984375,50.0
348.9326160119963,476.94091796875,49.7
349.1630240379891,595.0703125,49.05
349.39832979498897,488.18896484375,49.19
349.63210769198486,724.4423828125,51.52
349.8668341099983,595.0703125,48.66
350.0996586649853,595.0703125,49.57
350.33276705798926,1029.69091796875,36.21
350.5657950619934,595.0703125,49.6
350.79963937800494,595.0703125,49.05
351.0361997039872,456.70458984375,19.78
351.27125850098673,595.0703125,50.72
351.5031832829991,595.0703125,49.16
351.7341529779951,492.419921875,48.82
351.96770682098577,724.4423828125,51.21
352.20310497900937,595.0703125,49.66
352.4375981260091,595.0703125,49.46
352.67074996000156,1029.69091796875,38.98
352.9045634059876,595.0703125,50.52
353.1420462039823,595.0703125,48.9
353.3769303949957,456.70458984375,27.52
353.60975320398575,595.0703125,49.19
353.8420445859956,595.0703125,50.51
354.0754403779865,456.70458984375,39.21
354.30910457199207,746.9423828125,49.27
354.5415276759886,595.0703125,49.41
354.7768564109865,595.0703125,49.4
355.00938253098866,724.4423828125,47.58
355.24343993500224,595.0703125,50.73
355.4757691019913,595.0703125,48.82
355.71052778698504,465.68896484375,22.94
355.9442948579963,595.0703125,51.0
356.1761866750021,595.0703125,48.34
356.40889361599693,456.70458984375,41.04
356.64152631600155,488.54638671875,51.52
356.876908131002,595.0703125,49.91
357.10920335398987,489.607421875,50.09
357.3416675250046,724.4423828125,47.17
357.5767063469975,595.0703125,49.43
357.8134756399959,595.0703125,49.69
358.04653688898543,1029.69091796875,23.12
358.2802092540078,635.70556640625,49.53
358.51342261899845,595.0703125,49.4
358.74712955599534,456.70458984375,41.86
358.9804254740011,746.9423828125,51.07
359.21328557800734,595.0703125,48.78
359.44549643300707,595.0703125,49.26
359.67862675499055,724.4423828125,41.02
359.9143452080025,595.0703125,50.09
360.14565363599104,595.0703125,49.13
360.3799254540063,1029.69091796875,21.59
360.61292782600503,599.384765625,50.68
360.8474512149987,595.0703125,49.25
361.0802279280033,456.70458984375,45.16
361.31142747198464,589.4453125,50.92
361.54359760900843,595.0703125,49.18
361.77638717298396,595.0703125,49.11
362.0093622370041,724.4423828125,40.19
362.2431083559932,595.0703125,49.18
362.4766848279978,595.06982421875,49.79
362.7092990890087,1029.69091796875,23.77
362.9420785960101,595.0703125,49.63
363.17406630600453,595.0703125,49.32
363.4070421390061,456.70458984375,42.32
363.6393541239959,589.4453125,50.13
363.8690588430036,595.0703125,49.4
364.102213051985,595.0703125,48.85
364.3395766989852,1029.69091796875,32.51
364.5724618769891,595.0703125,49.21
364.80773390000104,595.0703125,49.06
365.0420146579854,456.70458984375,34.64
365.27718003300834,595.0703125,50.45
365.51179253999726,476.94091796875,49.04
365.74464691700996,456.70458984375,50.85
365.9769185339974,746.9423828125,51.26
366.2102487439988,595.0703125,49.83
366.443365796993,595.0703125,49.42
366.6769594500074,724.4423828125,32.45
366.91431904700585,595.0703125,49.03
367.1477415179834,595.0703125,49.95
367.3822922850086,456.70458984375,34.86
367.61417760598124,595.0703125,49.35
367.84888034898904,595.0703125,49.39
368.08192714100005,456.70458984375,49.14
368.31427677100874,746.9423828125,43.93
368.5460785620089,595.0703125,49.04
368.7792142620019,595.0703125,49.55
369.01542943000095,724.4423828125,26.73
369.25061422100407,595.0703125,49.56
369.4848953979963,595.0703125,49.19
369.7222846770019,456.70458984375,40.22
369.9564708689868,595.0703125,49.26
370.19004894798854,499.43896484375,49.11
370.4250139470096,456.70458984375,49.11
370.65972548900754,746.9423828125,50.53
370.89185658399947,595.0703125,49.18
371.12505681900075,595.0703125,49.2
371.35820816399064,1029.69091796875,30.24
371.59158230398316,595.0703125,48.52
371.8256358660001,595.0703125,50.38
372.059469565982,456.70458984375,41.67
372.2908758429985,595.0703125,49.88
372.5238259040052,595.0703125,48.92
372.75690307701007,456.70458984375,49.13
372.9906367629883,746.9423828125,49.95
373.2241821560019,595.0703125,49.56
373.4572576530045,595.0703125,49.38
373.6881455630064,1029.69091796875,41.78
373.9199861859961,595.0703125,48.57
374.1522156179999,595.0703125,49.42
374.38710951799294,456.70458984375,50.79
374.6219916839909,595.0703125,49.93
374.8532767840079,595.0703125,50.23
375.08607438000035,456.70458984375,48.29
375.31535229599103,746.9423828125,51.0
375.5500743839948,595.0703125,49.28
375.78199846801,595.0703125,49.24
376.0133170229965,1029.69091796875,43.7
376.24473796598613,595.0703125,48.88
376.47646984498715,595.0703125,49.37
376.7098592109978,456.70458984375,50.11
376.9436324980052,589.4453125,48.67
377.1787072879961,595.0703125,49.15
377.409743961005,489.607421875,49.52
377.6405131400097,724.4423828125,55.29
377.8742614930088,595.0703125,50.36
378.10688944300637,595.0703125,49.54
378.3387340469926,1029.69091796875,38.9
378.573387551005,595.0703125,48.99
378.8071685199975,595.0703125,49.69
379.04104685000493,456.70458984375,49.62
379.27391100500245,589.4453125,49.2
379.5058535269927,595.0703125,49.07
379.7380827500019,489.607421875,48.86
379.97227096700226,724.4423828125,50.54
380.2078327650088,595.0703125,49.56
380.43872130298405,595.0703125,49.66
380.6731562720088,994.85009765625,30.42
380.90689980599564,595.0703125,49.92
381.1415455570095,595.0703125,49.1
381.37584684899775,456.70458984375,30.72
381.6108288189862,589.4453125,49.56
381.84603959100787,595.0703125,49.28
382.07580674800556,489.607421875,50.76
382.30763445099,724.4423828125,49.32
382.540776156995,595.0703125,49.74
382.77613199100597,595.0703125,49.74
383.0115676540008,465.68896484375,20.94
383.24493893099134,595.0703125,50.67
383.474707485002,595.0703125,48.99
383.70885596299195,456.70458984375,36.68
383.9435383109958,589.4453125,50.81
384.17922351899324,595.0703125,49.88
384.41300511700683,489.607421875,49.63
384.6453492300061,724.4423828125,46.15
384.8796327819873,595.0703125,49.36
385.1127753960027,595.0703125,49.28
385.35020287899533,984.69091796875,22.46
385.58519958599936,595.0703125,50.05
385.81713484498323,595.0703125,48.59
386.05111486298847,456.70458984375,47.5
386.2877819080022,746.9423828125,50.31
386.5191480249923,595.0703125,49.97
386.7494237019855,489.607421875,49.23
386.9824475850037,724.4423828125,45.76
387.21422381399316,595.0703125,48.78
387.4535985580005,635.70556640625,49.04
387.68952884100145,984.69091796875,25.14
387.92130478998297,595.0703125,49.02
388.15486917999806,595.0703125,49.16
388.3887471600028,456.70458984375,50.31
388.6253846609907,746.9423828125,51.99
388.86175585599267,595.0703125,48.63
389.0958333039889,595.0703125,49.68
389.33100957400165,724.4423828125,28.32
389.5638380399905,595.0703125,48.97
389.7971868980094,595.0703125,49.12
390.02992994798115,1029.69091796875,26.98
390.26322747199447,595.0703125,49.03
390.4975341410027,595.0703125,49.42
390.7304473950062,456.70458984375,49.73
390.9647442860005,758.13525390625,50.9
391.197144692007,595.0703125,49.46
391.42975713699707,595.0703125,49.32
391.66284792899387,724.4423828125,25.52
391.89510955900187,599.384765625,49.02
392.1272674030042,595.0703125,49.15
392.36242320999736,456.70458984375,40.53
392.59554738600855,488.18896484375,50.01
392.8275529759994,595.0703125,49.07
393.0597453219816,456.70458984375,50.5
393.29401797798346,746.9423828125,49.31
393.5261096129834,595.0703125,48.99
393.75905576199875,595.0703125,49.17
393.99379705800675,724.4423828125,21.26
394.2262149229937,595.0703125,49.4
394.46111161698354,595.0703125,49.6
394.6960483290022,456.70458984375,43.17
394.9302499559999,595.0703125,48.7
395.16279709900846,595.0703125,49.56
395.39640458198846,456.70458984375,49.45
395.63043146400014,746.9423828125,49.37
395.86213408000185,595.0703125,49.51
396.0951852709986,595.0703125,48.99
396.3284301350068,724.4423828125,50.17
396.55975371800014,595.0703125,49.11
396.7926085850049,595.0703125,49.59
397.0285497629957,456.70458984375,41.0
397.26312930398853,595.0703125,48.78
397.4983506219869,595.0703125,49.4
397.73135026500677,456.70458984375,49.5
397.96745505399304,746.9423828125,50.27
398.1996156820096,595.0703125,49.33
398.4337901560066,595.0703125,50.16
398.66825014801,1029.69091796875,45.93
398.8992034039984,595.0703125,49.68
399.1371535100043,595.0703125,48.94
399.37421570398146,456.70458984375,26.38
399.6099520029966,595.0703125,49.21
399.84335981399636,595.0703125,49.03
400.07673465798143,456.70458984375,40.85
400.3097280910006,746.9423828125,50.29
400.5403273139964,595.0703125,48.73
400.7714251439902,595.0703125,49.76
401.00449128300534,1029.69091796875,39.95
401.2407018849917,595.0703125,49.51
401.47156930400524,595.0703125,49.78
401.70608929000446,456.70458984375,22.35
401.93950087198755,595.0703125,50.58
402.17459664298804,595.0703125,48.69
402.4080488040054,456.70458984375,43.32
402.6416729170014,746.9423828125,51.73
402.87554832498427,595.0703125,48.96
403.1071156380058,595.0703125,49.09
403.33962736598914,1029.69091796875,36.03
403.5737119530095,595.0703125,49.86
403.80945418798365,595.0703125,49.64
404.0413552800019,456.70458984375,33.62
404.27615107700694,589.4453125,50.03
404.5101922909962,595.0703125,49.7
404.7447970669891,456.70458984375,47.62
404.97885071398923,746.9423828125,51.57
405.21060464699985,595.0703125,49.03
405.44246962998295,615.45556640625,49.07
405.67654171498725,1029.69091796875,33.26
405.9104398920026,595.0703125,48.84
406.1449942420004,595.0703125,49.69
406.3806894730078,456.70458984375,35.43
406.6120594810054,589.4453125,48.7
406.8450937019952,595.0703125,48.66
407.0778641270008,489.607421875,48.74
407.313626757008,724.4423828125,44.61
407.547760861984,595.0703125,50.21
407.7793357190094,595.0703125,49.28
408.0116192699934,1029.69091796875,29.53
408.2463276920025,595.0703125,49.15
408.48034634799114,595.0703125,49.22
408.71370310298516,456.70458984375,38.45
408.9444014329929,589.4453125,49.98
409.1759143380041,595.0703125,49.09
409.4072730309854,489.607421875,48.94
409.64104961199337,724.4423828125,43.42
409.87620502800564,595.0703125,48.42
410.1108213980042,595.0703125,49.44
410.3436111699848,1029.69091796875,26.83
410.57509131898405,595.0703125,50.34
410.81085639298544,595.0703125,49.04
411.0452431199956,456.70458984375,37.07
411.27927232199,589.4453125,50.08
411.51242436800385,595.0703125,48.82
411.7427909440012,492.419921875,49.6
411.97625169498497,724.4423828125,42.78
412.211125086993,595.0703125,49.34
412.4429842729878,595.0703125,49.25
412.6751879240037,1029.69091796875,26.41
412.9072273049969,595.0703125,48.63
413.1435430889833,595.0703125,49.8
413.37952572398353,456.70458984375,49.82
413.6140325109882,589.4453125,52.7
413.84815523200086,595.0703125,49.54
414.0798840909847,456.705078125,49.23
414.31458615799784,724.4423828125,42.06
414.54715788099566,595.0703125,49.31
414.7792257569963,595.0703125,49.73
415.01073964100215,1029.69091796875,26.31
415.24474886799,595.0703125,49.86
415.47862602199893,595.0703125,48.71
415.7122545349994,456.70458984375,49.53
415.9446627559955,589.4453125,52.85
416.17826926900307,595.0703125,49.27
416.4084793969814,489.607421875,50.27
416.6412884449819,724.4423828125,30.54
416.87463905400364,595.0703125,49.11
417.1080740339821,595.0703125,48.7
417.3419604070077,984.69091796875,29.75
417.57538002100773,595.0703125,47.67
417.80886633400223,595.0703125,49.22
418.04346838698257,456.70458984375,50.35
418.2783901790099,746.9423828125,47.92
418.5146440129902,595.0703125,49.72
418.7484711589932,595.0703125,49.42
418.9846162479953,724.4423828125,20.98
419.21606978800264,655.95556640625,48.65
419.4486621840042,595.0703125,49.53
419.688927716983,456.70458984375,40.4
419.92300699598854,595.0703125,49.44
420.15688282300835,595.0703125,48.92
420.3918864709849,456.70458984375,49.59
420.62582327099517,589.4453125,48.6
420.8587867419992,595.0703125,49.06
421.0935789060022,595.0703125,49.16
421.32546938199084,724.4423828125,52.34
421.5587749420083,595.0703125,49.57
421.79094038900803,595.0703125,48.87
422.02546896698186,456.70458984375,23.82
422.257497382001,595.0703125,50.44
422.49240080598975,595.0703125,49.41
422.7247740349849,456.70458984375,50.02
422.9593280350091,589.4453125,49.37
423.19384292399627,595.0703125,49.55
423.425598464004,489.607421875,49.34
423.6569075679872,724.4423828125,51.98
423.8905170150101,595.0703125,48.94
424.12242334499024,595.0703125,49.52
424.3562683709897,984.69091796875,28.17
424.5920824749919,595.0703125,49.35
424.82329331099754,595.0703125,49.22
425.05911712298985,456.70458984375,37.82
425.29317593798623,746.9423828125,49.38
425.53024791000644,476.94677734375,49.04
425.7658831459994,489.607421875,50.83
425.99964038000326,724.4423828125,51.98
426.23454338498414,595.0703125,49.77
426.4698707549833,595.0703125,49.32
426.7015951439971,1029.69091796875,30.83
426.9337156130059,595.0703125,49.79
427.1667015719868,595.0703125,49.08
427.4007561269973,456.70458984375,36.85
427.63083285599714,589.4453125,49.74
427.86074733998976,595.0703125,49.51
428.09540624398505,489.607421875,49.18
428.3280324439984,724.4423828125,46.87
428.56018098900677,595.0703125,49.42
428.79496679699514,595.0703125,48.66
429.0297111889813,1029.69091796875,34.29
429.26786761000403,595.0703125,48.88
429.50274037299096,595.0703125,49.9
429.73859114400693,456.70458984375,33.93
429.97182008699747,589.4453125,49.61
430.20476993900957,595.0703125,49.42
430.438359828986,492.419921875,49.38
430.67378176600323,724.4423828125,46.86
430.9064180229907,595.0703125,49.93
431.1382383070013,595.0703125,49.33
431.3701661489904,1029.69091796875,20.54
431.60149816199555,595.0703125,49.96
431.83334896698943,595.0703125,50.31
432.06752022900037,456.70458984375,33.36
432.30322139698546,595.0703125,49.57
432.53586135600926,595.0703125,48.96
432.76882454700535,489.72119140625,50.13
432.9982480359904,724.4423828125,50.95
433.23429150300217,595.0703125,49.63
433.4712962170015,595.0703125,49.48
433.7023139380035,1029.69091796875,24.84
433.93647332600085,595.0703125,49.72
434.1656532039924,595.0703125,49.39
434.3982877850067,456.70458984375,42.12
434.62948437200976,589.4453125,52.24
434.86443899100414,595.0703125,48.68
435.0965760120016,456.705078125,50.17
435.3287876950053,746.9423828125,50.77
435.56207558498136,595.0703125,49.59
435.7941938180011,595.0703125,49.64
436.0278027759923,1029.69091796875,27.89
436.26231144799385,595.0703125,49.17
436.4972231829888,595.0703125,49.31
436.7301624880056,456.70458984375,38.57
436.9626780569961,589.4453125,49.95
437.1932283199858,595.0703125,49.14
437.4256115370081,492.419921875,49.75
437.6586861269898,724.4423828125,44.44
437.89177370799007,595.0703125,49.18
438.1248061140068,595.0703125,48.6
438.3584553010005,1029.69091796875,25.75
438.5926046319946,595.0703125,49.55
438.8277930839977,595.0703125,49.93
439.0604764849995,456.70458984375,42.38
439.2942433579883,589.4453125,50.29
439.52426497999113,595.07080078125,48.91
439.75921303400537,489.607421875,49.37
439.99362245900556,724.4423828125,39.22
440.22733953400166,595.0703125,48.85
440.46149054099806,595.0703125,49.74
440.6928285599861,1029.69091796875,26.71
440.9248351849965,595.0703125,50.19
441.16043522098335,595.0703125,49.76
441.3933630709944,456.70458984375,44.26
441.62611463898793,589.4453125,50.0
441.85865947199636,595.0703125,49.37
442.0886329729983,489.607421875,49.9
442.31925552300527,724.4423828125,30.78
442.5531676679966,595.0703125,49.48
442.78581426199526,595.0703125,49.29
443.02227741500246,456.70458984375,36.72
443.2553174330096,476.93896484375,49.98
443.48761767699034,595.0703125,48.41
443.722289990983,456.70458984375,49.27
443.9552315309993,589.4453125,51.08
444.1912919699971,595.0703125,49.53
444.4240072889952,489.607421875,49.0
444.65550399100175,724.4423828125,30.97
444.8873096779862,595.07080078125,49.03
445.12045969898463,655.95556640625,49.45
445.35473251200165,984.69091796875,36.95
445.5866329059936,595.0703125,49.3
445.8174267800059,595.0703125,49.45
446.0498755789886,456.70458984375,49.78
446.28484151200973,746.9423828125,48.4
446.5194309930084,595.0703125,50.08
446.7510900099878,489.607421875,48.29
446.98380016098963,724.4423828125,22.98
447.21621271100594,595.0703125,50.11
447.44669662299566,595.0703125,49.37
447.6815763009945,456.70458984375,39.91
447.91208353999536,595.0703125,48.72
448.14490215698606,595.0703125,49.51
448.378643397009,456.705078125,50.0
448.61027398798615,724.4423828125,50.56
448.8444201060047,595.0703125,49.15
449.08052936499007,595.0703125,49.78
449.3122367830074,1029.69091796875,44.28
449.54913317100727,595.0703125,49.37
449.7822190760053,599.52001953125,48.61
450.0179572610068,456.70458984375,45.44
450.2516991290031,595.0703125,49.64
450.48360622799373,595.0703125,48.78
450.7184085889894,456.70458984375,49.34
450.9548767009983,746.9423828125,49.44
451.1892361189821,595.0703125,49.59
451.4218669979891,595.0703125,49.33
451.65743392900913,1029.69091796875,45.2
451.893153395009,595.0703125,49.74
452.1244129810075,595.0703125,50.07
452.3606450939842,984.69091796875,26.47
452.591985557985,595.0703125,50.4
452.82273040298605,595.0703125,49.28
453.05571629299084,456.70458984375,28.47
453.29172854099306,589.4453125,48.74
453.52531277399976,595.0703125,49.77
453.7577043019992,489.607421875,49.92
453.9905710410094,724.4423828125,49.27
454.22358193498803,595.0703125,49.15
454.45877639300306,595.0703125,48.5
454.69445521198213,465.68896484375,20.48
454.92850725198514,595.0703125,50.8
455.16223710699705,595.0703125,49.29
455.39609281899175,456.70458984375,43.71
455.62969639900257,746.9423828125,52.81
455.8655588339898,595.0703125,49.42
456.09879238699796,489.607421875,49.61
456.3303056419827,724.4423828125,47.26
456.56347682498745,595.0703125,50.13
456.79466384398984,595.0703125,49.53
457.03247838499374,984.69091796875,21.5
457.26419348598574,595.0703125,49.35
457.4971380989882,595.0703125,49.29
457.72956978698494,456.70458984375,46.56
457.9658723009925,746.9423828125,51.19
458.20664943300653,595.0703125,49.95
458.44061305199284,595.0703125,49.39
458.675981420005,544.79345703125,30.94
458.9095213719993,595.0703125,49.38
459.141390965,595.0703125,48.86
459.37779824400786,465.68896484375,29.11
459.6117462189868,595.0703125,48.7
459.8461105960014,595.0703125,49.19
460.08313528398867,456.70458984375,50.55
460.3191535389924,746.9423828125,49.82
460.554550750996,595.0703125,49.36
460.7911727959872,595.0703125,47.98
461.0261404750054,1029.69091796875,21.0
461.2596164520073,595.0703125,49.04
461.49431593500776,595.0703125,49.61
461.73026288000983,456.70458984375,39.7
461.96549742799834,595.0703125,49.01
462.19661886198446,595.0703125,49.24
462.4316095910035,456.70458984375,49.65
462.665102954983,746.9423828125,48.78
462.9011522929941,595.0703125,49.4
463.1341135230032,595.0703125,49.6
463.36951765199774,724.4423828125,53.39
463.6052376809821,595.0703125,48.81
463.8377621129912,595.0703125,49.08
464.07449723998434,456.70458984375,43.62
464.30871103398385,595.0703125,48.86
464.5403323970095,595.0703125,49.14
464.773098834994,456.70458984375,49.6
465.007173082995,589.4453125,49.42
465.2381175280025,595.0703125,49.26
465.47096316798707,489.607421875,49.5
465.7019462349999,724.4423828125,50.31
465.93666925499565,595.0703125,49.46
466.17416881298414,595.0703125,49.33
466.40741884498857,1029.69091796875,32.49
466.6417297209846,595.0703125,48.58
466.8740449039906,595.0703125,49.16
467.10682824399555,456.70458984375,35.04
467.33928178600036,589.4453125,49.28
467.5740946930018,595.0703125,50.1
467.81052390800323,489.607421875,49.92
468.0449535170046,724.4423828125,53.54
468.27880866799387,595.0703125,50.11
468.51117106500897,595.0703125,50.1
468.74362118399586,1029.69091796875,30.26
468.97450039500836,595.0703125,49.1
469.2079984390002,595.0703125,49.46
469.4421900929883,456.70458984375,37.7
469.67651856999146,746.9423828125,51.28
469.9105295400077,595.0703125,49.03
470.143102025002,595.0703125,49.47
470.3861026960076,1029.69091796875,41.25
470.6186264999851,595.0703125,50.01
470.85463365298347,595.0703125,49.43
471.0900882089918,625.0966796875,19.76
471.3235291210003,595.0703125,50.61
471.5575843020051,595.0703125,49.14
471.7965739599895,456.70458984375,44.75
472.0304812139948,960.63525390625,51.89
472.2643105229945,595.0703125,48.79
472.4970855519932,595.0703125,49.44
472.7327704500058,724.4423828125,33.3
472.967448210984,595.0703125,49.38
473.2038640859828,595.0703125,49.5
473.43719527398935,456.70458984375,34.54
473.6707572939922,595.0703125,50.03
473.9075065990037,595.0703125,49.4
474.14323186600814,456.70458984375,46.91
474.3773372639844,589.4453125,52.23
474.6120398899948,595.0703125,48.94
474.84333459698246,489.607421875,48.99
475.076900946995,724.4423828125,37.33
475.31124283300596,595.0703125,48.91
475.5442267629842,595.0703125,49.53
475.7757072520035,1029.69091796875,31.59
476.00826108799083,595.0703125,50.76
476.24125207200996,595.0703125,49.92
476.4774502450018,456.70458984375,47.52
476.7113072820066,589.4453125,53.34
476.94510292698396,595.0703125,49.44
477.1783297699876,456.705078125,49.73
477.41034790998674,746.9423828125,42.74
477.64428135499475,595.0703125,49.59
477.87800806498853,595.0703125,49.07
478.11162302599405,1029.69091796875,24.75
478.34681923198514,595.0703125,49.44
478.5800661199901,595.0703125,49.02
478.8151329770044,456.70458984375,47.08
479.0463317199901,589.4453125,50.12
479.2857425310067,599.52001953125,49.31
479.516984226997,456.705078125,49.51
479.7507781960012,746.9423828125,49.47
479.98469033799483,595.06982421875,49.21
480.21950359499897,595.0703125,48.59
480.45877346399357,1029.69091796875,48.18
480.6913921840023,595.0703125,49.5
480.9242272079864,595.0703125,49.11
481.1576885149989,456.70458984375,49.51
481.3938074169855,476.93896484375,50.29
481.6287366829929,595.0703125,49.15
481.85965228200075,492.419921875,49.22
482.094713272003,724.4423828125,51.36
482.3257105869998,595.0703125,48.95
482.56178157700924,595.0703125,49.67
482.79536853099125,1029.69091796875,43.1
483.02709661299014,595.0703125,49.12
483.2599008370016,635.70556640625,48.51
483.4965155539976,456.70458984375,21.55
483.7328653569857,595.0703125,49.38
483.9650161989848,595.0703125,49.49
484.19958549400326,456.705078125,42.95
484.43076035100967,746.9423828125,51.45
484.6632391749881,595.0703125,49.67
484.8949046089838,595.0703125,49.91
485.1306351140083,1029.69091796875,43.35
485.36341545099276,595.0703125,48.92
485.59707245699246,595.0703125,50.1
485.8337646999862,465.68896484375,24.83
486.06621167698177,595.0703125,49.95
486.3036170869891,595.0703125,49.99
486.53829128600773,456.70458984375,35.99
486.772124576004,589.4453125,50.11
487.0042113029922,595.0703125,49.02
487.23589894600445,595.0703125,48.66
487.4704750859819,724.4423828125,44.18
487.7042115739896,595.0703125,48.16
487.9401326100051,595.0703125,49.38
488.17229867799324,456.70458984375,24.83
488.4083939039847,595.0703125,49.38
488.63979197799927,595.0703125,49.81
488.8741757700045,456.70458984375,40.78
489.1084318899957,589.4453125,51.48
489.34380088798935,595.0703125,49.9
489.58043250700575,489.607421875,49.48
489.813193776994,724.4423828125,46.65
490.04758539199247,595.0703125,49.47
490.2830347089912,595.0703125,49.2
490.51616789298714,1029.69091796875,24.98
490.7504942739906,595.0703125,50.61
490.9845366739901,595.0703125,49.37
491.2185420570022,456.70458984375,45.28
491.4532184920099,589.4453125,50.53
491.68649052400724,595.0703125,49.25
491.9173124629888,492.419921875,50.29
492.15211622198694,724.4423828125,46.9
492.3833991950087,595.0703125,50.06
492.6175867980055,595.0703125,49.09
492.8505555719894,1029.69091796875,22.47
493.086580675008,595.0703125,50.39
493.3209974330093,595.0703125,49.02
493.55438680099905,456.70458984375,48.77
493.786973114009,589.4453125,52.05
494.01861333398847,595.0703125,49.2
494.2507712999941,595.0703125,49.35
494.486310784996,724.4423828125,29.27
494.7204284759937,595.0703125,49.6
494.9539252620016,595.0703125,49.54
495.1864212680084,1029.69091796875,26.62
495.42223656299757,595.0703125,49.8
495.65648213599343,595.0703125,49.0
495.8916805769841,456.70458984375,50.26
496.12448731498444,589.4453125,51.21
496.3583234679827,595.0703125,48.65
496.5917492239969,595.0703125,49.45
496.825355175999,724.4423828125,26.61
497.06121000100393,595.0703125,48.95
497.29486107098637,595.0703125,49.7
497.53008374699857,456.70458984375,41.59
497.7629187720013,595.0703125,49.53
497.9982175070036,595.0703125,48.9
498.2333473629842,456.70458984375,50.15
498.4659544189926,589.4453125,48.73
498.7042668799986,595.0703125,49.5
498.93720673798816,489.607421875,49.58
499.16992163300165,724.4423828125,53.39
499.40167276299326,595.0703125,49.31
499.6315773850074,595.0703125,49.76
499.86704213698977,456.70458984375,42.12
500.1000296990096,595.0703125,49.72
500.3353208210028,595.0703125,48.67
500.5692003479926,456.70458984375,49.78
500.8025170789915,746.9423828125,50.03
501.0312415630033,595.0703125,50.12
501.2627613040095,489.607421875,49.2
501.49676542999805,724.4423828125,50.64
501.7311850519909,595.0703125,49.15
501.96649293700466,595.0703125,49.24
502.20574604399735,456.70458984375,26.61
502.43970512098167,595.0703125,49.76
502.6735232549836,595.0703125,48.82
502.91006491601,456.70458984375,41.29
503.1445304249937,746.9423828125,50.97
503.37898859998677,595.0703125,49.31
503.6115195279999,595.0703125,49.78
503.8443026589812,724.4423828125,45.93
504.0771946749883,595.0703125,50.34
504.3113048230007,595.0703125,49.12
504.5434591569938,1029.69091796875,28.02
504.775245138997,595.0703125,49.51
505.00730979500804,595.0703125,49.54
505.2407728479884,456.70458984375,38.99
505.47289959399495,746.9423828125,49.75
505.70605757200974,595.0703125,49.44
505.93929007300176,595.0703125,48.93
506.17317553499015,724.4423828125,43.11
506.40444146699156,595.0703125,48.4
506.63706046700827,595.0703125,49.47
506.8734558770084,456.70458984375,20.06
507.10497883099015,595.0703125,50.19
507.337145108002,595.0703125,49.16
507.5702787810005,456.70458984375,40.88
507.80223539000144,746.9423828125,49.96
508.0359576290066,595.0703125,49.23
508.26691695000045,595.0703125,49.12
508.50470537898946,724.4423828125,42.07
508.7421566749981,595.0703125,48.08
508.9754406499851,595.0703125,49.38
509.21060396000394,456.70458984375,27.43
509.4442592909909,595.0703125,49.23
509.6778926200059,595.0703125,48.73
509.91023399398546,456.70458984375,46.13
510.1423136660014,746.9423828125,50.21
510.376664912008,595.0703125,49.2
510.6093436969968,595.0703125,49.38
510.84599577999325,724.4423828125,37.51
511.08118758600904,595.0703125,50.68
511.3166976670036,595.0703125,49.12
511.5541692179977,456.70458984375,32.74
511.7884562780091,595.0703125,49.28
512.0237023519876,595.0703125,49.32
512.257090811996,456.70458984375,50.5
512.4919678359875,746.9423828125,49.58
512.7248493749939,595.0703125,48.35
512.9566364749917,489.607421875,50.16
513.187353160989,724.4423828125,37.48
513.4189136909845,595.0703125,49.3
513.6537337919872,595.0703125,49.09
513.8893105030002,984.69091796875,31.27
514.1211184859858,595.0703125,49.31
514.3527429910027,595.0703125,50.01
514.5876043000026,456.70458984375,50.8
514.8237191509979,746.9423828125,50.29
515.0589754919929,595.0703125,49.49
515.2935444389877,595.0703125,49.62
515.5288347929891,724.4423828125,23.07
515.7597907609888,595.0703125,48.94
515.9924668229942,595.0703125,49.68
516.2236014500086,1029.69091796875,30.02
516.4579628919892,595.0703125,49.34
516.6928022709908,595.0703125,48.94
516.9284257059917,456.70458984375,51.16
517.160488406982,589.4453125,50.69
517.3939402140095,595.0703125,49.79
517.6272137819906,595.0703125,48.59
517.860359259008,724.4423828125,25.21
518.0938202859834,595.0703125,48.87
518.3272524669883,595.0703125,49.28
518.5618787549902,984.69091796875,40.72
518.7974703419895,595.0703125,48.66
519.0275242179923,595.0703125,49.44
519.2607794879877,456.70458984375,49.48
519.4968607439951,589.4453125,50.35
519.7298269330058,595.0703125,49.59
519.9656176429999,489.607421875,49.75
520.1971487679984,724.4423828125,50.06
520.4303607349866,595.0703125,49.05
520.664976895001,595.0703125,48.74
520.9036006460083,984.69091796875,31.52
521.1359893039917,595.0703125,47.96
521.3680045109941,595.0703125,49.65
521.6005631659937,456.70458984375,51.03
521.8345126049826,589.4453125,48.01
522.0649654940062,595.0703125,49.67
522.2978017060086,489.607421875,48.67
522.533680906985,724.4423828125,51.11
522.7668610249821,595.0703125,50.3
522.9988412410021,595.0703125,49.63
523.2318652599934,1029.69091796875,33.4
523.4650879130058,595.0703125,48.86
523.6969642019831,595.0703125,49.28
523.9285434490012,456.70458984375,49.53
524.1632534780074,746.9423828125,50.14
524.397774232988,595.0703125,49.13
524.6291391319828,595.0703125,49.51
524.8619588599831,724.4423828125,49.04
525.0938104249944,595.0703125,49.73
525.3283264309866,516.31982421875,49.61
525.5635572790052,984.69091796875,28.83
525.7960781489965,595.0703125,50.3
526.0287812399911,595.0703125,49.82
526.2619260179927,456.70458984375,39.32
526.4976368969947,746.9423828125,51.01
526.7326893660065,595.0703125,49.25
526.966515164997,595.0703125,49.26
527.2019978919998,724.4423828125,44.55
527.436637122999,595.0703125,48.88
527.668100587005,595.0703125,50.44
527.902842067997,984.69091796875,21.61
528.1392664209998,595.0703125,49.81
528.3748184319993,595.0703125,49.67
528.6066557659942,456.70458984375,39.91
528.8394760729861,589.4453125,50.83
529.0721846300003,595.0703125,49.74
529.3042569859826,595.0703125,49.52
529.5376617400034,724.4423828125,43.53
529.773571836995,595.0703125,48.97
530.0069677209831,595.0703125,49.23
530.2419183829916,456.70458984375,28.22
530.4776084740006,595.0703125,48.99
530.7089856120001,595.0703125,49.51
530.9419862529903,456.70458984375,42.1
531.1744178819936,589.4453125,51.22
531.4099322480033,595.0703125,49.17
531.6412678289926,489.607421875,49.65
531.8744201000081,724.4423828125,40.21
532.1067802800098,595.0703125,49.31
532.3400394799828,595.0703125,49.17
532.5750086510088,456.70458984375,29.66
532.8074522230017,595.0703125,48.52
533.0405482699862,595.0703125,48.88
533.2740751100064,456.70458984375,50.41
533.5072470069863,746.9423828125,48.69
533.7421538069902,621.08056640625,49.91
533.9751920239942,595.0703125,49.0
534.2087994629983,724.4423828125,35.04
534.4431241909915,595.0703125,49.84
534.6770172179968,595.0703125,48.98
534.9140895750024,456.70458984375,33.7
535.1516010359919,595.0703125,49.26
535.3846120139933,595.0703125,49.77
535.6167199199845,456.70458984375,49.58
535.8502613570017,746.9423828125,47.33
536.0827435530082,595.0703125,49.7
536.315095072001,595.0703125,48.84
536.5491066929826,1029.69091796875,21.73
536.7828279059904,595.0703125,49.54
537.0142079069919,595.0703125,49.59
537.2529584550066,984.69091796875,33.56
537.4851311759849,595.0703125,49.43
537.7173605389835,595.0703125,49.45
537.9498551669822,456.70458984375,48.83
538.1870266319893,746.9423828125,48.0
538.4218707130058,595.0703125,49.18
538.6555378669873,595.0703125,49.28
538.8928640339873,1029.69091796875,21.59
539.1250028809882,595.0703125,49.55
539.3597708340094,595.0703125,49.1
539.5938010329846,456.70458984375,45.74
539.8278867570043,595.0703125,49.03
540.0674831759825,599.52001953125,49.78
540.3010422129882,456.70458984375,49.19
540.5334086790099,589.4453125,48.07
540.765631266986,595.0703125,49.31
540.9979264930007,595.0703125,49.17
541.2319101069879,724.4423828125,47.42
541.4634403399832,595.0703125,49.36
541.6953125959844,595.0703125,49.49
541.9320660489902,456.70458984375,23.01
542.1677856140013,595.0703125,49.89
542.4001800169935,595.0703125,49.06
542.634226071008,456.70458984375,41.3
542.8678221250011,746.9423828125,51.47
543.0994200370042,595.0703125,49.21
543.3313520780066,595.0703125,49.24
543.5666290469817,724.4423828125,48.5
543.801891768002,595.0703125,50.06
544.0376748910057,595.0703125,48.9
544.2750458969967,456.70458984375,22.36
544.507699556998,595.0703125,50.81
544.7435946379846,595.0703125,49.19
544.9764550350083,456.70458984375,45.4
545.2078707960027,746.9423828125,51.33
545.4410778929887,595.0703125,49.58
545.6731572340068,595.0703125,49.58
545.9080117919948,1029.69091796875,39.73
546.1415343709814,595.0703125,48.69
546.377148472995,595.0703125,49.42
546.6121596889861,510.689453125,23.28
546.8466516209883,595.0703125,50.57
547.079686765006,595.0703125,49.42
547.3122963540081,456.70458984375,46.2
547.546703147993,746.9423828125,50.54
547.7810236850055,595.0703125,49.16
548.013831349992,595.0703125,49.04
548.247326340992,1029.69091796875,35.05
548.4828936480044,595.0703125,49.39
548.7177299769828,595.0703125,49.73
548.9551759949827,456.70458984375,28.09
549.185911831999,595.0703125,49.38
549.418236181984,595.0703125,49.73
549.6518545860017,456.70458984375,47.96
549.8856274139835,746.9423828125,51.33
550.1226980939973,595.0703125,49.53
550.3565727529931,595.0703125,49.24
550.59202460901,724.4423828125,34.51
550.8278789719916,595.0703125,48.97
551.0612579529989,595.0703125,49.7
551.300659230008,456.70458984375,34.04
551.5347869999823,595.0703125,49.62
551.7645243599836,595.0703125,49.88
551.9960471910017,456.70458984375,47.96
552.230075014988,746.9423828125,52.99
552.4616966040048,595.0703125,49.26
552.6937362730096,595.0703125,50.02
552.9270750249852,724.4423828125,32.42
553.1592633209948,595.0703125,48.85
553.391488563997,595.0703125,50.07
553.625608161994,984.69091796875,30.83
553.8585694119975,595.0703125,48.8
554.0944947350072,595.0703125,49.46
554.3284414020018,456.70458984375,50.38
554.5603224579827,589.4453125,52.35
554.7933293149981,595.0703125,49.95
555.0252420789911,492.419921875,49.06
555.2587618649995,724.4423828125,41.7
555.4908023029857,595.0703125,49.1
555.7235964880092,595.0703125,48.85
555.9564497600077,1029.69091796875,25.7
556.1902017039829,595.0703125,49.38
556.4232520739897,595.0703125,49.22
556.6581738909881,456.70458984375,49.68
556.8920769050019,589.4453125,52.34
557.1280904400046,595.0703125,49.32
557.3605524509912,489.607421875,49.66
557.5932311860088,724.4423828125,32.83
557.8260873919935,595.0703125,50.12
558.0579862569866,595.0703125,49.51
558.2922794859915,1029.69091796875,23.62
558.5278037700045,595.0703125,49.71
558.761170807993,595.0703125,49.63
558.9941094990063,456.70458984375,47.13
559.226693175995,493.81982421875,49.74
559.4596950050036,595.0703125,48.78
559.6920765569957,492.419921875,48.93
559.9266018040071,724.4423828125,35.98
560.1601330440026,595.0703125,49.08
560.3921261279902,595.0703125,49.11
560.6244318299869,1029.69091796875,31.5
560.8592930930026,595.0703125,49.38
561.0912230389949,595.0703125,50.49
561.3249209240021,456.70458984375,42.33
561.5589532890008,595.0703125,49.36
561.7940932259953,595.0703125,48.89
562.0263302719977,456.705078125,49.25
562.259851943003,724.4423828125,49.24
562.4943072779861,595.0703125,49.13
562.728848728002,595.0703125,48.97
562.9615342379839,1029.69091796875,44.68
563.1932274150022,595.0703125,48.41
563.4267464329896,595.0703125,49.57
563.6606783620082,456.70458984375,50.95
563.893146101007,589.4453125,50.59
564.1266041449853,595.0703125,49.03
564.358635851997,456.705078125,49.56
564.5917256829853,724.4423828125,50.13
564.8255990149919,595.0703125,49.22
565.0591526739881,595.0703125,48.88
565.294476577983,1029.69091796875,47.4
565.5284256890009,595.0703125,49.9
565.7634100150026,595.0703125,48.87
565.9964527720003,456.70458984375,23.77
566.229927998007,589.4453125,49.1
566.4616789360007,595.0703125,48.75
566.6929453019984,492.419921875,49.47
566.9259524389927,724.4423828125,50.81
567.1596779119864,595.0703125,48.98
567.3917971329938,595.0703125,49.2
567.6253322839912,1029.69091796875,42.12
567.8609489009832,595.0703125,47.82
568.0954487249837,595.0703125,49.63
568.3287924359902,456.70458984375,26.83
568.5608376229939,482.56396484375,49.46
568.7941211290017,595.0703125,49.27
569.025242779986,492.419921875,49.38
569.2623175820045,724.4423828125,52.09
569.4947006700095,595.0703125,49.69
569.7275045639835,595.0703125,49.39
569.961476024997,1029.69091796875,40.15
570.1935470539902,595.0703125,49.52
570.4285589680076,595.0703125,49.87
570.6636715269997,456.70458984375,23.08
570.8967689709971,595.0703125,50.67
571.127898723993,595.0703125,48.93
571.3619463139912,456.705078125,45.58
571.5950637329952,746.9423828125,50.81
571.8281960290042,595.0703125,49.33
572.0602571399941,595.0703125,49.24
572.2943582999869,1029.69091796875,36.65
572.5280830049887,595.0703125,51.32
572.7640686029918,595.0703125,48.63
573.0019778200076,456.70458984375,21.56
573.2343579749868,595.0703125,50.55
573.4674005220004,595.0703125,49.44
573.7018288969994,456.70458984375,42.38
573.937251210009,746.9423828125,50.15
574.1739807770064,595.0703125,49.13
574.4071174729906,595.0703125,49.19
574.642701403005,1029.69091796875,34.57
574.8751740299922,595.0703125,48.68
575.1090796990029,595.0703125,49.04
575.3457459179917,456.70458984375,33.01
575.5791557699849,595.0703125,49.18
575.8129173530033,595.0703125,49.04
576.0459550810046,456.70458984375,45.6
576.2777987699956,589.4453125,51.0
576.5099406899826,595.0703125,49.27
576.7435234040022,595.0703125,49.48
576.9763622889877,724.4423828125,38.01
577.2106795430009,595.0703125,50.64
577.4437426250079,595.0703125,48.8
577.6796891799895,465.68896484375,31.85
577.9143006140075,595.0703125,49.1
578.1462453670101,595.0703125,49.65
578.3799518430023,456.70458984375,50.83
578.6133091730007,746.9423828125,48.36
578.8478445479996,595.0703125,49.76
579.0788952379953,489.607421875,48.88
579.3117925819824,724.4423828125,33.53
579.5451705160085,595.0703125,49.58
579.7778486209863,595.0703125,49.35
580.0125062910083,456.70458984375,34.95
580.246328498004,595.0703125,48.81
580.4818156249821,595.0703125,50.34
580.7139777989942,456.70458984375,51.11
580.9508677959966,746.9423828125,50.34
581.1846238609869,595.0703125,48.99
581.4187294899893,595.0703125,49.36
581.6553001639841,724.4423828125,22.98
581.8865838519996,595.0703125,49.83
582.1197123059828,595.0703125,49.25
582.3502937199955,1029.69091796875,33.43
582.586513991002,595.0703125,49.34
582.8203311690013,595.0703125,49.17
583.0531339439913,456.70458984375,50.64
583.2865544829983,589.4453125,49.55
583.5245924209885,595.0703125,49.1
583.7576007449825,489.607421875,49.05
583.9898440779943,724.4423828125,50.47
584.2230903570016,595.0703125,49.51
584.4551841549983,595.0703125,48.95
584.6897976149921,984.69091796875,40.33
584.9228626510012,595.0703125,48.67
585.1586494059884,595.0703125,49.29
585.3943497639848,456.70458984375,50.44
585.6267718939926,589.4453125,50.19
585.8622900320042,595.0703125,49.04
586.0943686740065,492.419921875,49.25
586.3270160490065,724.4423828125,51.58
586.5596047549916,595.0703125,49.24
586.7922188850062,595.0703125,49.87
587.0246900449856,1029.69091796875,38.57
587.258456237003,595.0703125,49.51
587.4902226109989,595.0703125,49.11
587.7236224059889,456.70458984375,50.73
587.9570298829931,595.0703125,50.14
588.1944384649978,493.99560546875,49.73
588.4299484310031,456.70458984375,49.02
588.6629565460025,746.9423828125,50.7
588.8969558739918,595.0703125,49.82
589.1283953120001,595.0703125,48.87
589.3642329119903,1029.69091796875,45.08
589.5965262519894,595.0703125,48.85
589.829153091996,595.0703125,48.72
590.061649256997,456.70458984375,22.97
590.2974215539871,595.0703125,49.93
590.5350991709856,595.0703125,50.5
590.7648982729879,456.70458984375,42.89
591.0024244700035,746.9423828125,50.07
591.2364459389937,595.0703125,48.57
591.4684641860076,595.0703125,49.8
591.7046087849885,724.4423828125,44.32
591.939579828002,595.0703125,48.97
592.1745791579888,595.0703125,48.89
592.4096416989923,456.70458984375,22.68
592.6433367200079,595.0703125,49.53
592.878928346996,595.0703125,49.1
593.1124172520067,456.70458984375,48.13
593.3429179939849,746.9423828125,51.07
593.5758694319811,595.0703125,50.01
593.8093165690079,595.0703125,49.16
594.0440241509932,724.4423828125,37.95
594.2793363929959,595.0703125,48.76
594.5130970699829,595.0703125,49.72
594.7496508979821,456.70458984375,26.16
594.985033962992,595.0703125,50.3
595.2188532410073,595.0703125,48.74
595.452428057004,456.70458984375,49.01
595.6883635369886,746.9423828125,51.36
595.9237128660025,595.0703125,49.15
596.1569358670095,595.0703125,49.66
596.3943951120018,1029.69091796875,30.7
596.6310072619817,595.0703125,48.65
596.862228818005,595.0703125,49.56
597.0984411679965,984.69091796875,28.69
597.3351352479949,595.0703125,47.98
597.566964675003,595.0703125,48.94
597.8000100569916,456.70458984375,50.28
598.0354323759966,746.9423828125,49.32
598.2721483869827,595.0703125,49.05
598.5056174559868,595.0703125,48.95
598.7415154979972,724.4423828125,22.89
598.9757444240095,595.0703125,49.15
599.2115855409938,626.70556640625,50.23
599.4438102990098,1029.69091796875,33.4
599.675700702006,595.0703125,49.97
599.9077495870006,595.0703125,50.0
600.1411943490093,456.70458984375,41.05
600.3749613819818,595.0703125,49.67
600.6109808159817,595.0703125,49.83
600.844074321998,456.705078125,49.42
601.0775428320048,724.4423828125,40.3
601.3107509549882,476.94091796875,48.86
601.5461862649827,595.0703125,49.42
601.7776649949956,1029.69091796875,30.0
602.0113904690079,595.0703125,48.94
602.2435444720031,595.0703125,49.26
602.4781795539893,456.70458984375,50.99
602.7102613369934,589.4453125,49.99
602.944771393988,595.0703125,48.9
603.1763138230017,456.70458984375,49.58
603.4080636260042,746.9423828125,49.09
603.6422602130042,595.0703125,49.76
603.8762999959872,595.0703125,49.83
604.113166177005,1029.69091796875,27.97
604.3468427580083,595.0703125,50.49
604.5819859720068,595.0703125,49.31
604.8155448629986,456.70458984375,49.35
605.04997697199,595.0703125,50.88
605.2860594780068,595.0703125,49.29
605.518418549007,456.705078125,49.51
605.751538735989,724.4423828125,52.22
605.9829136740009,595.0703125,49.52
606.2180985859886,595.0703125,49.34
606.4556922850024,1029.69091796875,46.82
606.6870804939826,595.0703125,50.3
606.917919990985,595.0703125,48.97
607.1527286409982,456.70458984375,21.74
607.3892400029872,595.0703125,49.92
607.621741001989,595.0703125,49.18
607.8559943049913,492.419921875,49.34
608.0904014779953,724.4423828125,51.06
608.3232836289972,595.0703125,49.43
608.5531599459937,595.0703125,49.74
608.7867080110009,1029.69091796875,33.73
609.0214619709877,595.0703125,49.82
609.2521084129985,595.0703125,49.06
609.4840778119978,456.70458984375,25.4
609.717592002009,589.4453125,49.41
609.9505926810089,595.0703125,49.77
610.1836435800069,492.419921875,50.62
610.4141024150013,724.4423828125,52.68
610.6489995599841,595.0703125,49.04
610.8825106059958,595.0703125,48.86
611.1157123729936,1029.69091796875,28.59
611.3505638389906,595.0703125,49.28
611.5813853149884,595.0703125,49.55
611.8129746119957,456.70458984375,31.65
612.04330381201,589.4453125,47.79
612.2770075640001,595.0703125,48.72
612.5091848959855,492.419921875,50.15
612.7431030059815,724.4423828125,51.22
612.9748484090087,595.0703125,49.08
613.2063509559957,595.0703125,49.09
613.4383079230029,1029.69091796875,30.19
613.6731725200079,595.0703125,49.39
613.9085214310035,595.0703125,49.43
614.1454308459943,456.70458984375,36.85
614.3767472530017,589.4453125,51.02
614.6123936389922,595.0703125,49.92
614.8447216289933,489.607421875,49.79
615.0814104710007,724.4423828125,47.68
615.3129629580071,595.0703125,48.58
615.5445818690059,595.0703125,49.33
615.7777964179986,1029.69091796875,24.46
616.0104641409998,595.0703125,49.77
616.2440640309942,595.0703125,49.27
616.4765963219979,456.70458984375,41.31
616.7091022800014,493.99560546875,51.68
616.9418508149975,595.0703125,49.84
617.173906963988,595.0703125,49.37
617.4096625189995,724.4423828125,39.12
617.6427705530077,595.0703125,49.61
617.876997452986,595.0703125,49.52
618.1121950070083,1029.69091796875,19.81
618.3448966050055,595.0703125,49.53
618.5796395989892,595.0703125,49.13
618.8159620969964,456.70458984375,43.04
619.048872326006,589.4453125,50.23
619.2826948160073,595.0703125,48.54
619.5153848199989,595.0703125,49.03
619.7482127700059,724.4423828125,35.72
619.9833853879827,595.0703125,49.29
620.2156787349959,595.0703125,49.88
620.4511428920086,456.70458984375,31.17
620.683844070998,595.0703125,49.77
620.9182937110018,595.0703125,49.08
621.148971793009,456.70458984375,46.26
621.3803923410014,589.4453125,52.34
621.6141486869892,516.31982421875,49.49
621.8503303049947,489.607421875,49.42
622.0835876700003,724.4423828125,34.3
622.3176981360011,595.0703125,49.4
622.5477473929932,595.0703125,49.33
622.7850909029949,984.69091796875,32.8
623.0179242309823,595.0703125,48.14
623.2542303839873,595.0703125,50.03
623.486619770003,456.70458984375,48.67
623.7193094939867,589.4453125,52.66
623.9576075229852,595.0703125,48.82
624.1918881349848,456.705078125,48.82
624.423914109997,724.4423828125,42.12
624.6592128009943,595.0703125,49.53
624.8944083999959,595.0703125,49.42
625.1282490500016,1029.69091796875,26.82
625.360568937991,595.0703125,49.42
625.5933034339978,595.0703125,49.55
625.826357405982,456.70458984375,49.9
626.0618997209822,589.4453125,50.77
626.2943507109885,595.0703125,49.02
626.5265056919889,489.607421875,49.29
626.7571109239943,724.4423828125,28.28
626.9885094710044,595.0703125,49.42
627.2220203070028,595.0703125,48.97
627.4554017189948,1029.69091796875,29.8
627.6898174840026,595.0703125,48.95
627.921913025988,595.0703125,49.32
628.1600253339857,456.70458984375,50.62
628.3915853640065,589.4453125,49.06
628.6283583699842,595.0703125,49.72
628.8605046909943,489.607421875,49.0
629.091416618001,724.4423828125,52.47
629.3222332049918,595.0703125,49.35
629.5590788509871,595.07080078125,49.23
629.7897265499923,1029.69091796875,39.25
630.0247566830076,595.0703125,48.07
630.2563301940099,595.0703125,49.21
630.4909702349978,456.70458984375,49.88
630.726979472005,589.4453125,48.74
630.9606269279902,595.0703125,49.69
631.1955421629827,489.607421875,49.61
631.4284960459918,724.4423828125,52.73
631.6626704919909,595.07080078125,49.85
631.897393021005,595.0703125,49.56
632.1325316950097,984.69091796875,30.1
632.3667021589936,595.0703125,49.35
632.5998634139833,595.0703125,48.89
632.8335235829873,456.70458984375,33.2
633.0681232119969,589.4453125,49.12
633.3003212180047,595.0703125,49.78
633.533932566992,489.607421875,48.72
633.7686022479902,724.4423828125,52.2
634.0008144319872,595.0703125,49.42
634.2335016889847,595.0703125,49.1
634.471147520002,1029.69091796875,30.03
634.7071826320025,595.0703125,49.6
634.9385177969816,595.0703125,49.84
635.1711542079865,456.70458984375,35.55
635.402173473005,589.4453125,50.72
635.63357464,595.0703125,50.37
635.867702967982,492.419921875,48.05
636.0995412129851,746.9423828125,54.31
636.3335129519983,595.0703125,49.16
636.5662678859953,595.0703125,49.14
636.800710437994,1029.69091796875,37.44
637.0364132359973,595.0703125,49.62
637.2702723190014,595.0703125,49.33
637.5064249069837,456.70458984375,31.67
637.7374768590089,589.4453125,49.2
637.9721531039977,595.0703125,49.13
638.2031253660098,494.82861328125,49.96
638.4415141869977,724.4423828125,48.6
638.6722466069914,595.0703125,49.41
638.9050289200095,595.0703125,50.02
639.1393995329854,1029.69091796875,30.57
639.3761055569921,595.0703125,49.07
639.6113119809888,595.0703125,49.09
639.8440669149859,456.70458984375,35.29
640.0753485809837,589.4453125,50.27
640.3079386859899,595.0703125,48.97
640.5423003589967,489.607421875,48.39
640.7735386519926,724.4423828125,46.41
641.0093418849865,595.0703125,48.97
641.2429632919957,595.0703125,49.55
641.477817498002,555.68896484375,24.93
641.7120147600072,476.93896484375,49.57
641.9435893479967,595.0703125,48.82
642.1804285619874,456.70458984375,39.73
642.412637114001,589.4453125,49.58
642.6478267069906,599.384765625,48.9
642.8802636459877,492.419921875,49.7
643.1149175419996,724.4423828125,44.08
643.3450607660052,595.0703125,49.09
643.5793195609876,595.0703125,49.44
643.8132621749828,1029.69091796875,25.43
644.0494204899878,595.0703125,49.21
644.2841881609929,595.0703125,49.47
644.5169215140049,456.70458984375,50.32
644.7517575600068,589.4453125,54.3
644.9902532419947,599.384765625,49.6
645.2212677579955,456.705078125,49.77
645.4578037839965,724.4423828125,43.67
645.6942843539873,595.0703125,49.4
645.9277136930032,595.0703125,49.78
646.1613650619984,1029.69091796875,26.67
646.3951010110031,595.0703125,49.79
646.6305435749819,595.0703125,49.3
646.8646093230054,456.70458984375,49.57
647.0990110859857,589.4453125,50.0
647.331586943008,595.0703125,49.34
647.5643436929968,489.607421875,48.33
647.7983162709861,724.4423828125,51.67
648.0301772140083,595.0703125,49.46
648.2635091219854,595.0703125,49.28
648.4962136989925,1029.69091796875,30.46
648.7290458100033,595.0703125,49.17
648.9627808519872,595.0703125,49.04
649.199015435006,456.70458984375,50.32
649.4327003289945,589.4453125,49.76
649.6644060819817,595.0703125,49.69
649.8970040089916,489.607421875,49.46
650.129523990996,724.4423828125,50.36
650.3638909029833,599.384765625,48.77
650.5976742059866,595.0703125,49.19
650.8298471379967,1029.69091796875,35.27
651.063026577991,595.0703125,49.76
651.296934760001,595.0703125,48.83
651.5304246529995,456.70458984375,50.22
651.7656635539897,589.4453125,49.18
651.9980089289893,595.0703125,49.31
652.2312600979931,489.607421875,49.32
652.4635505760089,724.4423828125,53.28
652.6998985850078,595.0703125,49.65
652.9334130619827,595.0703125,49.18
653.1660419300024,1029.69091796875,31.06
653.3988470110053,595.0703125,48.91
653.6320698939962,595.0703125,48.72
653.8638072150061,456.70458984375,30.24
654.0958377379866,589.4453125,48.12
654.3305905319867,595.0703125,49.27
654.5626764399931,492.419921875,49.54
654.7965910479834,724.4423828125,51.71
655.0289240599959,595.0703125,48.97
655.2604750409955,595.0703125,49.28
655.4945348519832,1029.69091796875,30.88
655.7314533379977,595.0703125,48.64
655.9646403219958,595.0703125,49.39
656.198157871986,456.70458984375,35.13
656.4296620780078,589.4453125,50.36
656.6663288289856,595.0703125,50.1
656.8989174210001,489.607421875,50.44
657.1345859699941,724.4423828125,50.47
657.3709344429953,595.0703125,49.39
657.6065325189847,595.0703125,49.51
657.8390632119845,1029.69091796875,31.37
658.0692959160078,595.0703125,48.83
658.3019626640016,595.0703125,49.14
658.5356263559952,456.70458984375,36.42
658.7699654349999,589.4453125,50.48
659.0068769159843,595.0703125,49.13
659.2398239460017,489.607421875,48.81
659.4713046819961,724.4423828125,44.85
659.7065747029847,626.70556640625,49.21
659.9403924710059,595.0703125,49.02
660.1713530829875,1029.69091796875,22.83
660.4043998490088,595.0703125,49.37
660.6374508749868,595.0703125,49.8
660.8710179039917,456.70458984375,39.77
661.1058860459889,589.4453125,50.68
661.340797212004,595.0703125,49.29
661.5767197109817,489.607421875,49.32
661.8100420789851,724.4423828125,40.81
662.0450527019857,595.0703125,49.09
662.2793457540101,595.0703125,49.19
662.5146806600096,984.69091796875,28.65
662.7475012720097,595.0703125,49.16
662.9825952179963,595.0703125,49.74
663.2163372049981,456.70458984375,44.1
663.4501600709918,589.4453125,50.45
663.6852553439967,595.0703125,49.05
663.9171390069823,489.607421875,49.42
664.1506441549864,724.4423828125,33.04
664.3873201950046,595.0703125,49.35
664.6192878099973,635.70556640625,49.45
664.8564497499901,984.69091796875,35.09
665.0886882869818,595.0703125,48.74
665.3210659530014,595.0703125,49.72
665.5543561230006,456.70458984375,49.55
665.7876922499854,746.9423828125,48.37
666.021594736987,499.43896484375,49.68
666.2534688320011,489.607421875,48.84
666.4875190379971,724.4423828125,33.7
666.7232120310073,595.0703125,49.17
666.9576703319908,595.0703125,49.1
667.1922222239955,1029.69091796875,34.91
667.4253653729975,595.0703125,49.14
667.6578617029882,595.0703125,48.84
667.8917789970001,456.70458984375,49.52
668.123952858994,746.9423828125,48.14
668.3559218709997,595.0703125,49.9
668.5869320019847,489.607421875,48.56
668.8208775130042,724.4423828125,27.49
669.0528151649924,595.0703125,50.31
669.2868431609822,595.0703125,49.64
669.519863036985,1029.69091796875,27.87
669.7517484459968,595.0703125,50.58
669.9842495949997,595.0703125,49.31
670.2178371580085,456.70458984375,50.35
670.450735994993,589.4453125,49.77
670.6841497179994,595.0703125,49.48
670.9158006630023,489.607421875,49.38
671.1495223949896,724.4423828125,51.12
671.3861014219874,595.0703125,48.77
671.616804032994,595.0703125,49.95
671.8507785289839,1029.69091796875,32.14
672.0843249539903,595.0703125,50.02
672.3161714609887,595.0703125,48.83
672.5498774779844,456.70458984375,47.89
672.7825344479934,595.0703125,50.39
673.0177828879969,595.0703125,48.83
673.2512900609872,492.419921875,49.24
673.4873654469848,724.4423828125,51.0
673.7191335890093,626.70556640625,49.88
673.9500488030026,595.0703125,49.5
674.1824589459866,1029.69091796875,41.55
674.4146036139864,595.0703125,49.48
674.6467332659813,595.0703125,49.1
674.879435632989,456.70458984375,50.59
675.115407092002,595.0703125,50.31
675.3521545819822,595.0703125,48.46
675.5847315109859,456.705078125,49.44
675.8171168589906,746.9423828125,51.57
676.0509861710016,595.0703125,48.71
676.285118861997,595.0703125,50.14
676.5182666909823,1029.69091796875,40.21
676.75019896499,595.0703125,50.38
676.98266121099,595.0703125,49.46
677.2158362790069,456.70458984375,29.58
677.4485910290095,589.4453125,48.44
677.6798148110101,595.0703125,49.06
677.9111289709981,492.419921875,48.99
678.1435111769824,724.4423828125,52.36
678.3792809279985,595.0703125,48.95
678.6124741550011,595.0703125,49.23
678.845672830008,1029.69091796875,40.22
679.0785964620009,595.0703125,49.33
679.311469037988,595.0703125,49.37
679.5442592689942,456.70458984375,30.1
679.7791121850023,589.4453125,48.11
680.0137115700054,595.0703125,49.41
680.2491622070083,489.607421875,49.54
680.4810880550067,724.4423828125,51.24
680.7145394929976,595.0703125,49.64
680.9495672979974,595.0703125,48.87
681.1810321100056,1029.69091796875,35.27
681.4129373549949,595.0703125,49.49
681.6472324320057,595.0703125,49.31
681.8787118409819,456.70458984375,31.45
682.1156825500075,589.4453125,49.65
682.3515780190064,595.0703125,49.8
682.5840173570032,489.607421875,49.78
682.8172964910045,724.4423828125,48.49
683.0501253459952,595.0703125,50.54
683.2821544230101,595.0703125,48.83
683.5198175589903,456.70458984375,22.57
683.7530115550035,595.0703125,50.85
683.9869936629839,595.0703125,48.79
684.2233427659958,456.70458984375,35.39
684.4616174520052,589.4453125,48.9
684.6950960590038,595.0703125,49.52
684.9283434149984,489.607421875,49.07
685.1610471800086,724.4423828125,47.4
685.3962787869968,595.0703125,50.25
685.6286739829811,595.0703125,50.45
685.8625289069896,1029.69091796875,19.35
686.0988847849949,595.0703125,49.36
686.3330171959824,595.0703125,49.68
686.5669887590047,456.70458984375,35.31
686.8000010919932,595.0703125,49.51
687.0358705089893,595.0703125,49.46
687.2724762159924,456.70458984375,47.74
687.5057543730072,746.9423828125,51.73
687.7403005379892,595.0703125,49.07
687.9733998949814,595.0703125,49.58
688.2099725659937,724.4423828125,32.46
688.4457191999827,595.0703125,49.25
688.6817891380051,595.0703125,48.97
688.9161315689853,456.70458984375,36.33
689.1489231959858,595.0703125,49.9
689.3817009949998,595.0703125,49.17
689.6133330820012,456.705078125,49.3
689.8462646759872,746.9423828125,45.26
690.0800839790027,595.0703125,49.38
690.312910667999,621.08056640625,50.4
690.5461142319837,724.4423828125,30.89
690.7806498499995,595.0703125,49.2
691.0141031050007,595.0703125,49.38
691.2507922750083,456.70458984375,36.84
691.4893922210031,595.0703125,49.78
691.723806591006,595.0703125,49.06
691.9582491769979,456.70458984375,49.66
692.1940796230047,746.9423828125,48.47
692.4292546570068,595.0703125,50.09
692.6609033669811,489.607421875,49.25
692.8956821099855,724.4423828125,52.92
693.1308248759888,595.0703125,49.47
693.364156672993,595.0703125,48.94
693.5963923469826,1029.69091796875,34.72
693.8299117429997,595.0703125,48.29
694.0649277440098,595.0703125,49.43
694.3000771460065,456.70458984375,49.72
694.5342464349815,589.4453125,48.26
694.7667277480068,595.0703125,48.96
695.0004721099976,489.607421875,49.48
695.2363990790036,724.4423828125,48.26
695.4708224580099,595.0703125,49.28
695.7063374209974,595.0703125,49.44
695.9422970059968,984.69091796875,26.79
696.1773246009834,595.0703125,49.75
696.4106172159954,595.0703125,48.78
696.6448636819841,456.70458984375,34.59
696.8828214179957,589.4453125,49.8
697.1172434699838,595.0703125,49.52
697.3490298420074,489.607421875,49.16
697.5826664349879,724.4423828125,47.64
697.8160169500043,595.0703125,50.03
698.051692760986,595.0703125,48.64
698.2866883679817,984.69091796875,24.14
698.5222536879883,595.0703125,49.82
698.7535913150059,595.0703125,49.84
698.9860029240081,456.70458984375,41.16
699.2203605810064,589.4453125,50.5
699.4545489370066,595.0703125,48.89
699.6908625589858,489.607421875,49.61
699.9234073600092,724.4423828125,46.79
700.1602082099998,595.0703125,49.44
700.3930960819998,595.0703125,49.13
700.6247717509978,1029.69091796875,24.43
700.8581625649822,595.0703125,50.12
701.0942669360084,595.0703125,49.21
701.3282574260083,456.70458984375,47.94
701.5625182799995,589.4453125,51.66
701.7960952270078,595.0703125,50.23
702.0280328099907,489.607421875,49.02
702.2626678840024,724.4423828125,42.78
702.4953543980082,595.0703125,49.22
702.7272176659899,595.0703125,49.4
702.9605009919906,1029.69091796875,24.03
703.1955572919978,595.0703125,49.74
703.4309257229907,595.0703125,49.48
703.6644386939879,456.70458984375,49.71
703.8964776879875,746.9423828125,52.24
704.128788653994,595.0703125,48.98
704.3617996590037,595.0703125,49.13
704.5968587539974,1029.69091796875,25.98
704.8316750719969,595.0703125,49.66
705.0667192199908,595.0703125,49.22
705.2984204519889,1029.69091796875,30.46
705.5339405830018,595.0703125,49.65
705.7696066169883,595.0703125,49.2
706.0048709810071,456.70458984375,50.19
706.2372878289898,746.9423828125,48.58
706.4698843839869,595.0703125,49.79
706.7027403370012,595.0703125,49.62
706.9381540259928,724.4423828125,20.39
707.1688669739815,595.0703125,49.82
707.404064428003,595.0703125,49.79
707.6374873009918,456.70458984375,44.18
707.8702256380056,595.0703125,50.42
708.1031561139971,595.0703125,49.6
708.3368307719938,456.70458984375,49.47
708.5712690979999,746.9423828125,48.12
708.8056984139839,595.0703125,49.03
709.0379177450086,595.0703125,49.61
709.2779739270045,1029.69091796875,47.93
709.5110792210035,595.0703125,49.42
709.7442946579831,595.0703125,49.23
709.9772229699884,456.70458984375,20.5
710.2131369469862,595.0703125,50.46
710.4481038480008,595.0703125,49.57
710.679635501001,456.705078125,49.5
710.9158074099978,746.9423828125,52.37
711.1501851119974,595.0703125,50.16
711.383199539996,595.0703125,48.63
711.6184956129873,724.4423828125,46.31
711.850133008993,595.0703125,49.7
712.087872973003,595.0703125,49.06
712.3231139399868,456.70458984375,23.67
712.5576724660059,595.0703125,49.11
712.788598854997,595.0703125,49.37
713.0203463929938,456.705078125,51.05
713.2532082829857,724.4423828125,52.66
713.48593453801,595.0703125,49.17
713.720848566998,595.0703125,49.59
713.9536897839862,1029.69091796875,30.31
714.1893496709818,595.0703125,49.37
714.4223418890033,595.0703125,49.46
714.6592736250022,456.70458984375,31.49
714.8927050189814,595.0703125,49.06
715.1263401449833,595.0703125,48.86
715.3578773849877,492.419921875,49.93
715.5921148409834,724.4423828125,50.17
715.827328149986,595.0703125,49.48
716.0613592189911,595.0703125,49.56
716.2967367289821,1029.69091796875,22.35
716.5290886919829,595.0703125,50.62
716.7641776799865,599.384765625,49.63
717.0000887939823,456.70458984375,37.33
717.2332853039843,595.0703125,50.89
717.4664740609878,595.0703125,49.89
717.6988297959906,456.705078125,49.7
717.9323920760071,724.4423828125,45.78
718.1686626739975,595.0703125,49.58
718.4025500059943,595.0703125,48.92
718.6376288659812,1029.69091796875,21.45
718.8691533239908,595.0703125,49.19
719.1028035369818,595.0703125,49.22
719.336614528991,456.70458984375,47.34
719.5726941059984,589.4453125,52.51
719.8037270059867,595.0703125,49.76
720.0355071609956,492.419921875,49.06
720.2685243129963,724.4423828125,42.07
720.5048411409953,595.0703125,49.46
720.7412208199967,595.0703125,49.27
720.9732606559992,1029.69091796875,24.43
721.2073018469964,595.0703125,49.39
721.4431727899937,595.0703125,49.37
721.6779915450024,456.70458984375,48.68
721.9139904399926,589.4453125,50.88
722.1469616339891,595.0703125,49.31
722.380187615985,489.607421875,49.19
722.6113026579842,724.4423828125,51.06
722.8443886750028,595.0703125,49.1
723.079579274985,595.0703125,49.47
723.3126782820036,1029.69091796875,29.83
723.5452135849919,595.0703125,48.8
723.7780953100009,595.0703125,49.65
724.0122275769827,456.70458984375,50.64
724.2464616750076,589.4453125,49.81
724.4825955069973,595.0703125,48.91
724.7129026039911,492.419921875,49.78
724.9467497709848,724.4423828125,50.05
725.1808909079991,595.0703125,49.16
725.4160131310055,595.0703125,48.86
725.6491544629971,1029.69091796875,33.69
725.8820579790045,595.0703125,50.5
726.1164200299827,476.94091796875,49.45
726.3521853699931,456.70458984375,22.83
726.586534498987,589.4453125,49.69
726.8206808049872,595.0703125,49.35
727.0505467719922,492.419921875,49.37
727.2839814460021,724.4423828125,50.99
727.5178303589928,595.0703125,49.0
727.7524624229991,488.18896484375,49.37
727.9864384509856,1029.69091796875,36.92
728.2188358129933,595.0703125,49.59
728.4509186729847,595.0703125,49.5
728.6836553330068,456.70458984375,30.41
728.915981106984,589.4453125,48.69
729.1499441440101,595.0703125,49.87
729.3815640129906,456.705078125,49.8
729.6138297209982,746.9423828125,51.04
729.8489311320009,595.0703125,49.06
730.0821851909859,595.0703125,49.59
730.3156346709875,1029.69091796875,38.83
730.5492524729925,595.0703125,49.42
730.784536733001,595.0703125,49.44
731.022176383005,456.70458984375,29.44
731.253786123998,476.93896484375,47.94
731.4897166430019,595.0703125,49.67
731.7213296669943,492.419921875,50.99
731.953637211991,729.82470703125,53.24
732.1846377809998,595.0703125,49.73
732.4181630410021,499.43896484375,48.94
732.6522427159944,1029.69091796875,38.8
732.8854978919844,595.0703125,49.27
733.1225035059906,595.0703125,49.51
733.357726932998,456.70458984375,28.45
733.5934784429846,595.0703125,48.38
733.8269951120019,595.0703125,49.95
734.0588087259966,492.419921875,50.46
734.2963897779991,724.4423828125,48.65
734.5291091880063,595.0703125,50.11
734.7652187839849,595.0703125,49.21
734.9991646389826,1029.69091796875,28.08
735.2308394050051,595.0703125,48.73
735.4644917789847,595.0703125,48.94
735.7053287090093,456.70458984375,33.45
735.9395517719968,595.0703125,48.92
736.1747355969856,595.0703125,49.45
736.4049593719828,456.705078125,49.93
736.6370901429909,746.9423828125,48.69
736.8729913969873,595.0703125,48.87
737.1065816810005,595.0703125,49.26
737.338628500991,1029.69091796875,20.82
737.5747829370084,595.0703125,50.54
737.8076560710033,595.0703125,49.93
738.0418965950084,456.70458984375,36.96
738.2770414479892,595.0703125,48.84
738.5114076889877,595.0703125,49.32
738.7447890719923,456.70458984375,50.78
738.9776829500042,746.9423828125,48.27
739.2104595609999,595.0703125,48.96
739.4439123240008,489.607421875,50.3
739.6789196550089,724.4423828125,36.84
739.9118720619881,595.0703125,49.45
740.1461313029868,595.0703125,49.06
740.3792372949829,1029.69091796875,24.86
740.6130491909862,595.0703125,49.3
740.8488961769908,499.62060546875,49.96
741.0818929339875,456.70458984375,43.15
741.3158147629874,595.0703125,48.99
741.5493412099895,595.0703125,49.09
741.7824587259965,456.705078125,49.79
742.0151500589855,746.9423828125,43.62
742.2491603789967,595.0703125,48.88
742.4816154330038,595.0703125,49.88
742.714662755985,1029.69091796875,23.55
742.9469279059849,595.0703125,49.53
743.1790535089967,595.0703125,49.37
743.4121801040019,456.70458984375,50.47
743.6467187179951,589.4453125,50.78
743.8794926049886,595.0703125,49.68
744.1119693100045,492.419921875,49.66
744.3448746420036,746.9423828125,42.07
744.5795107570011,595.0703125,49.06
744.8135312749946,595.0703125,49.38
745.0487547710072,1029.69091796875,27.44
745.2844636770023,516.31396484375,49.98
745.5223030089983,595.0703125,49.04
745.7605937370099,456.70458984375,50.07
745.9963047390047,589.4453125,50.9
746.2310096489964,595.0703125,48.9
746.4641338700021,492.419921875,49.03
746.6954145799973,724.4423828125,52.06
746.9278192069905,595.0703125,49.28
747.1620709749986,595.0703125,49.83
747.3991210800014,1029.69091796875,48.46
747.6319482569816,595.0703125,50.83
747.865802757995,499.62060546875,49.64
748.1012581329851,456.70458984375,22.17
748.3341958030069,595.0703125,50.87
748.56572843701,595.0703125,49.16
748.8008296379994,456.705078125,49.44
749.0323932129832,746.9423828125,51.64
749.2647536989825,595.0703125,49.22
749.4994674799964,595.0703125,49.4
749.7361716509913,1029.69091796875,42.2
749.9738662680029,595.0703125,48.13
750.2095692369912,595.0703125,49.01
750.4420343480015,1029.69091796875,27.59
750.6738538290083,595.0703125,49.99
750.905717171001,595.0703125,48.78
751.1401153299958,456.70458984375,41.11
751.374248854001,746.9423828125,51.71
751.6101128819864,595.0703125,49.67
751.8425108040101,595.0703125,49.12
752.0770464839879,724.4423828125,42.7
752.3115380939853,595.0703125,48.46
752.5428269759868,595.0703125,48.81
752.7776689890015,984.69091796875,22.11
753.0138367649924,595.0703125,49.71
753.2499541830039,595.0703125,49.11
753.4833132170024,456.70458984375,36.31
753.7200602020021,589.4453125,50.04
753.9521564010065,595.0703125,49.14
754.1850724889955,489.607421875,49.5
754.4168722039904,724.4423828125,48.5
754.6513427209866,595.0703125,50.61
754.8878884179867,595.0703125,49.26
755.1195541739871,1029.69091796875,22.77
755.3528648049978,595.0703125,50.01
755.5859250499925,476.94091796875,49.25
755.8173327349941,456.70458984375,46.6
756.0520010479959,589.4453125,51.34
756.2852632089925,595.0703125,49.4
756.5184592279838,489.607421875,49.49
756.7518196580058,724.4423828125,42.21
756.9877232169965,595.0703125,47.78
757.2216129190056,595.0703125,49.65
757.4572074909811,1029.69091796875,26.15
757.6928717679984,595.0703125,48.68
757.926894520002,595.0703125,49.76
758.1595409440051,456.70458984375,49.59
758.3949551119877,589.4453125,51.81
758.6318055340089,595.0703125,49.29
758.8639018039976,489.607421875,50.16
759.0985807329998,724.4423828125,38.51
759.3322523139941,595.0703125,49.29
759.5663099880039,595.0703125,49.18
759.8030427949852,1029.69091796875,24.85
760.0347679170081,595.0703125,49.15
760.2718048910028,595.0703125,49.31
760.512614162988,456.70458984375,49.24
760.7440460840007,589.44580078125,49.51
760.9809831820021,615.45556640625,49.63
761.2133171269961,492.419921875,49.49
761.448337520007,724.4423828125,52.63
761.6827476219914,595.0703125,49.15
761.9177529980079,595.0703125,50.56
762.1528666309896,724.4423828125,48.85
762.3857067299832,595.0703125,48.58
762.6180349479837,595.0703125,49.27
762.8523096249846,456.70458984375,28.94
763.0868346199859,595.0703125,49.47
763.3224355480052,595.0703125,49.18
763.5557079059945,456.70458984375,48.96
763.7917638630024,746.9423828125,49.7
764.0221867600048,595.0703125,49.31
764.2578080130043,595.0703125,49.1
764.4933458729938,1029.69091796875,44.14
764.7244843829831,595.0703125,48.7
764.9591397049953,595.0703125,49.5
765.1931859249889,1029.69091796875,28.89
765.4295852310024,595.0703125,48.02
765.6630956839945,595.0703125,49.49
765.8962253519858,456.70458984375,34.29
766.1332316650078,589.4453125,49.45
766.3667398830003,595.0703125,49.26
766.5988828069821,489.607421875,51.34
766.8311404839915,724.4423828125,49.9
767.0645294099813,595.0703125,49.56
767.2985119329824,595.0703125,49.02
767.5332197069947,984.69091796875,22.89
767.7679487839923,595.0703125,50.48
768.0026233819954,595.0703125,49.45
768.2364584669995,456.70458984375,32.16
768.4678897589911,589.4453125,48.81
768.7025092520053,595.0703125,48.86
768.9350125659839,492.419921875,50.58
769.1678601379972,724.4423828125,48.28
769.4020656709909,595.0703125,49.97
769.6346081669908,595.0703125,49.12
769.8682115819829,1029.69091796875,20.21
770.1017658970086,595.0703125,50.1
770.3365693560045,595.0703125,49.28
770.570766785997,456.70458984375,42.24
770.8106994569825,589.4453125,52.03
771.0421903259994,595.0703125,49.78
771.2747376420011,492.419921875,49.81
771.5116134870041,724.4423828125,48.45
771.7467513559968,595.0703125,49.8
771.9804269179876,595.0703125,50.24
772.2120968649979,1029.69091796875,22.64
772.4443308640039,595.0703125,49.97
772.6773479449912,595.0703125,49.45
772.9126159320003,456.70458984375,41.55
773.1463939539972,589.4453125,51.74
773.3783783339895,595.0703125,49.43
773.6095970940078,492.419921875,50.45
773.8452032610076,724.4423828125,46.52
774.077181005996,595.0703125,50.17
774.3105841799988,595.0703125,48.2
774.5434036749939,724.4423828125,32.23
774.7789047280094,595.0703125,49.1
775.0155811010045,595.0703125,49.45
775.2518514069961,456.70458984375,33.88
775.487420068006,595.0703125,49.51
775.7238257289864,595.0703125,49.44
775.956415439985,456.70458984375,50.12
776.1928456859896,746.9423828125,49.93
776.4268438539875,595.0703125,49.06
776.6599189749977,595.0703125,48.96
776.8921383069828,724.4423828125,26.55
777.1266624639975,595.0703125,48.89
777.3624521089951,595.0703125,50.27
777.5943389179884,1029.69091796875,27.75
777.8271477269882,595.0703125,49.82
778.0595355209953,595.0703125,49.36
778.2934258510068,456.70458984375,49.99
778.5268913960026,589.4453125,49.6
778.7603042080009,595.0703125,49.67
778.9939355599927,492.419921875,50.72
779.2273432039947,724.4423828125,39.01
779.4608634350006,595.0703125,49.41
779.6961243670085,595.0703125,50.26
779.9329428710043,488.18896484375,19.49
780.1662918470101,595.0703125,49.84
780.3978561210097,595.0703125,49.3
780.6321511220012,984.69091796875,37.81
780.8660564679885,595.0703125,50.56
781.1015927219996,595.0703125,49.36
781.3337039379985,456.70458984375,49.37
781.5689084370097,746.9423828125,48.99
781.8020729569835,595.0703125,49.08
782.0370429219911,595.0703125,49.25
782.2724716170051,724.4423828125,49.71
782.5072611079959,595.0703125,50.03
782.7404664869828,595.0703125,49.47
782.9784000369837,456.70458984375,27.82
783.2094140859845,595.0703125,48.78
783.4419007780089,696.3203125,48.72
783.6777861779847,456.70458984375,49.36
783.9153010190057,746.9423828125,49.88
784.1506217359856,595.0703125,49.57
784.384153491992,595.0703125,49.26
784.6187694919936,724.4423828125,45.67
784.8508129069814,476.94677734375,49.19
785.0849560379866,595.0703125,48.94
785.3197255069972,456.70458984375,23.73
785.5516426530085,595.0703125,50.26
785.7850101259828,595.0703125,49.56
786.0176901489904,456.70458984375,40.28
786.24961204399,589.4453125,50.26
786.4817950759898,595.0703125,49.3
786.7126976349973,595.0703125,49.37
786.9485388909816,724.4423828125,45.83
787.1825780979998,595.0703125,49.18
787.4179850099899,595.0703125,48.94
787.6574229580001,456.70458984375,24.21
787.8890670239925,595.0703125,49.21
788.1227551379998,595.0703125,49.16
788.3538081359875,456.70458984375,50.18
788.5882566839864,724.4423828125,51.94
788.8212167719903,595.0703125,50.04
789.0571060079965,595.0703125,49.9
789.2930583810084,1079.78759765625,36.43
789.5279500029865,595.0703125,49.65
789.7624972359918,595.0703125,49.28
789.9982246499858,456.70458984375,29.78
790.2305059490027,595.0703125,49.42
790.4625119330012,595.0703125,48.84
790.6939217509935,456.705078125,50.23
790.9258658550098,724.4423828125,49.55
791.1594031119894,595.0703125,49.91
791.3943225310068,595.0703125,49.5
791.6274242569925,1029.69091796875,21.75
791.8599363809917,595.0703125,49.92
792.0951527660072,595.0703125,49.49
792.3314915009832,456.70458984375,31.32
792.563341459987,595.0703125,49.15
792.7959866320016,595.0703125,49.5
793.0294193369919,456.705078125,49.72
793.2619640069897,746.9423828125,49.65
793.4964952470036,595.0703125,49.67
793.7306492039934,595.0703125,49.04
793.9643980109831,1029.69091796875,22.07
794.1999557100062,595.0703125,49.12
794.4344564290077,595.0703125,49.53
794.6678968860069,456.70458984375,43.45
794.9028664509824,595.0703125,53.28
795.1353090129851,595.0703125,50.34
795.3674325399916,456.70458984375,48.87
795.5984546679829,746.9423828125,45.58
795.830929638003,595.0703125,49.15
796.0641100049834,595.0703125,49.53
796.2993013859959,1029.69091796875,22.07
796.5373517950065,595.0703125,49.49
796.7678075789881,595.0703125,48.82
797.0051932380011,456.70458984375,45.88
797.2396891379904,595.0703125,49.35
797.4759092129825,595.0703125,49.14
797.7118126970017,456.705078125,49.45
797.9439571069961,746.9423828125,51.64
798.1778115830093,621.08056640625,49.82
798.4112227069854,595.0703125,48.24
798.6470814229979,1029.69091796875,49.07
798.8800515669864,595.0703125,49.24
799.1128051340056,595.0703125,48.72
799.3493195209885,456.70458984375,48.45
799.5839772429899,595.0703125,51.03
799.8205053889833,595.0703125,49.1
800.0516968129959,492.419921875,49.38
800.2876892049972,724.4423828125,50.67
800.5233158379851,595.0703125,48.51
800.7547936110059,595.0703125,49.25
800.9847120349878,1029.69091796875,36.56
801.2195169839833,595.0703125,49.25
801.4541322430014,595.0703125,48.54
801.6880762559886,456.70458984375,25.05
801.9219027259969,589.4453125,48.41
802.1533588489983,595.0703125,49.41
802.3872612369887,489.607421875,49.4
802.6215864449914,724.4423828125,54.4
802.8574818969937,595.0703125,49.33
803.0955918809923,595.0703125,49.2
803.3296616789885,724.4423828125,44.76
803.5632705930038,595.0703125,49.5
803.795559154998,595.0703125,49.97
804.0298403629859,984.69091796875,25.54
804.2647764039866,595.0703125,49.89
804.4982153940073,595.0703125,49.39
804.7337429919862,456.70458984375,35.59
804.9652920730005,589.4453125,50.63
805.1978097849933,595.0703125,49.38
805.429138935986,595.0703125,49.01
805.6650838360074,724.4423828125,42.79
805.8995769419998,595.0703125,49.64
806.1337571589975,595.0703125,49.11
806.368689149007,456.70458984375,27.9
806.6023297719948,595.0703125,48.16
806.8364642430097,595.0703125,49.68
807.0686277890054,456.70458984375,47.08
807.3032089649932,746.9423828125,51.97
807.54022299801,595.0703125,48.99
807.7715508219844,595.0703125,49.14
808.0079295070027,724.4423828125,35.76
808.2440067559946,595.0703125,49.37
808.4768768179929,595.0703125,50.07
808.7150224210054,456.70458984375,33.02
808.9492816290003,595.0703125,49.56
809.1812007300032,595.0703125,49.72
809.414558703982,456.70458984375,50.9
809.6471403210016,746.9423828125,51.24
809.8802537799929,595.0703125,48.44
810.1128758359991,489.607421875,49.68
810.3460399300093,724.4423828125,39.82
810.5796674919839,595.0703125,49.83
810.8162325139856,595.0703125,50.02
811.0481611829891,1029.69091796875,27.98
811.2852416349924,476.93896484375,48.75
811.5198610849911,595.0703125,48.9
811.7525175710034,456.70458984375,50.08
811.9846880319819,589.4453125,52.68
812.2174862969841,615.45556640625,49.82
812.4492246489972,489.607421875,49.22
812.6821097259817,724.4423828125,29.28
812.91585867299,595.0703125,49.05
813.1515557759849,533.18896484375,49.43
813.3853631789971,1029.69091796875,25.06
813.6207737219811,595.0703125,49.51
813.8532781649847,595.0703125,49.02
814.0872188950016,456.70458984375,43.73
814.3200354590081,595.0703125,48.73
814.5562127209851,595.0703125,49.59
814.7905740370043,456.70458984375,49.28
815.0279537589813,746.9423828125,45.67
815.2622107320058,595.0703125,49.66
815.4972018080007,595.0703125,49.15
815.7349981339939,724.4423828125,23.18
815.9675533509871,595.0703125,48.58
816.2010658140061,595.0703125,49.98
816.4350467729964,1029.69091796875,34.1
816.6680363339838,595.0703125,50.1
816.8994312759896,595.0703125,49.47
817.1322120100085,456.70458984375,49.16
817.3672354930022,746.9423828125,49.72
817.6016189479851,595.0703125,49.45
817.8348972329986,595.0703125,49.72
818.0715543059923,724.4423828125,48.76
818.3086828090018,595.0703125,49.41
818.5397271460097,595.0703125,49.67
818.7781104189926,456.70458984375,26.66
819.0130199900013,595.0703125,49.67
819.2456037719967,595.0703125,49.26
819.4812976619869,456.70458984375,31.0
819.7151200119988,589.4453125,47.88
819.9495506109961,595.0703125,49.11
820.1824521009985,489.607421875,49.7
820.4156195480027,724.4423828125,52.61
820.6507750999881,595.0703125,49.62
820.8834062349924,595.0703125,49.48
821.1162095280015,1029.69091796875,30.1
821.3498686579987,595.0703125,49.21
821.5870371799974,595.0703125,49.0
821.8204550780065,456.70458984375,36.15
822.0551526109921,589.4453125,49.66
822.2858311889868,595.0703125,49.36
822.5187161969952,489.607421875,50.68
822.7529823189834,724.4423828125,52.51
822.9871362049889,595.0703125,48.38
823.2228817779978,595.0703125,48.82
823.4553976040042,1029.69091796875,27.4
823.6924299350067,595.0703125,49.74
823.9243269669823,595.0703125,49.69
824.1584297289955,456.70458984375,39.87
824.3895872799912,589.4453125,50.9
824.6209976559912,595.0703125,48.88
824.8525901089888,489.607421875,50.17
825.0839328790025,724.4423828125,47.75
825.3158290029969,595.0703125,49.29
825.5487656229816,595.0703125,49.42
825.7820575969818,1029.69091796875,24.4
826.0159919029975,595.0703125,49.57
826.250867041992,595.0703125,49.75
826.4845725469931,456.70458984375,41.84
826.7171839860093,589.4453125,52.13
826.9493665990012,595.0703125,49.62
827.1812914969923,595.0703125,49.65
827.4160570550011,724.4423828125,41.04
827.651331267989,595.0703125,49.13
827.882957453985,595.0703125,49.03
828.1204923639889,984.69091796875,23.85
828.3563624639937,516.31982421875,50.13
828.5909741609939,595.0703125,49.32
828.8266430479998,456.70458984375,43.72
829.0584480979887,589.4453125,50.61
829.2912664769974,595.0703125,48.82
829.5223930180073,595.0703125,49.13
829.7588888269966,724.4423828125,32.77
829.9943072629976,595.0703125,49.13
830.2281216509873,595.0703125,49.69
830.4664690950012,984.69091796875,34.6
830.7003512289957,595.0703125,47.8
830.9338998009916,595.0703125,50.14
831.1691622099897,456.70458984375,50.0
831.403505995986,589.4453125,52.84
831.6376403970062,595.0703125,50.16
831.8696640509879,489.607421875,49.29
832.1032828830066,724.4423828125,33.42
832.3388820679975,595.0703125,49.52
832.573770196992,595.0703125,49.52
832.8080512649904,1029.69091796875,34.37
833.0410480889841,595.0703125,48.25
833.2774684699834,595.0703125,49.93
833.5106885769928,456.70458984375,49.86
833.7426882050058,589.4453125,48.97
833.9764136149897,595.0703125,48.79
834.2087035739969,489.607421875,50.12
834.440355461993,724.4423828125,31.09
834.6758187359956,595.0703125,49.85
834.9088451029966,595.0703125,49.66
835.1440728009911,624.3935546875,35.8
835.3789191659889,595.0703125,50.23
835.6119781489833,635.70556640625,49.82
835.8457875080057,456.70458984375,49.62
836.0789655009867,746.9423828125,48.0
836.3119921470061,595.0703125,48.92
836.544327363983,595.0703125,49.1
836.7787132640078,724.4423828125,51.65
837.0111346640042,595.0703125,49.35
837.2449980109814,595.0703125,49.26
837.4773533419939,1029.69091796875,38.5
837.7125503099815,595.0703125,50.75
837.9473266929854,595.0703125,49.05
838.1825918969989,456.70458984375,29.68
838.4167984439991,589.4453125,48.4
838.6519283640082,595.0703125,49.4
838.883863458992,489.607421875,49.31
839.1158996149898,724.4423828125,50.81
839.3475593949843,595.0703125,49.67
839.5840830009838,595.0703125,49.39
839.8160829090048,1029.69091796875,32.07
840.0503624400008,595.0703125,49.9
840.2839552910009,595.0703125,48.63
840.5180082570005,456.70458984375,23.92
840.7544792029948,595.0703125,49.89
840.9876520969847,595.0703125,49.25
841.2187124280026,492.419921875,48.58
841.4513181399961,724.4423828125,50.67
841.6841870149947,615.45556640625,49.4
841.9196978510008,595.0703125,49.27
842.1539722140005,1029.69091796875,34.45
842.3857264200051,595.0703125,48.83
842.6167421919818,595.0703125,48.84
842.8511910189991,456.70458984375,32.13
843.0885620109912,589.4453125,48.1
843.3202559439815,595.0703125,49.31
843.5524187209958,456.705078125,46.26
843.7841494599998,724.4423828125,50.31
844.0194357559958,595.0703125,48.93
844.2533107659838,595.0703125,49.22
844.4855664329953,1029.69091796875,31.29
844.7177871099848,595.0703125,48.61
844.9505357169837,595.0703125,49.46
845.182616710983,456.70458984375,35.48
845.4179766190064,589.4453125,49.66
845.6543201739842,595.0703125,49.48
845.8850032220071,492.419921875,50.65
846.1207573849824,724.4423828125,51.06
846.3535664759984,595.0703125,49.06
846.5870135669829,595.0703125,49.05
846.8214804129966,1029.69091796875,35.01
847.0538731789857,595.0703125,49.65
847.2862275319931,595.0703125,49.08
847.5187562789943,456.70458984375,33.57
847.7545746259857,595.0703125,48.8
847.9889879740076,595.0703125,48.62
848.2241657359991,492.419921875,50.02
848.4574484909826,724.4423828125,49.06
848.6917535839893,595.0703125,49.56
848.9237861080037,595.0703125,49.16
849.1587459649891,1029.69091796875,27.67
849.3906946089992,595.0703125,49.2
849.6235272359918,595.0703125,49.23
849.860454315989,456.70458984375,34.67
850.093379330996,595.0703125,49.59
850.3255239389837,595.0703125,49.35
850.5579355520022,456.705078125,49.46
850.7912421909859,566.93896484375,49.1
851.0263166019868,595.0703125,49.71
851.2598664999823,595.0703125,49.51
851.4945231860038,1029.69091796875,22.74
851.7303451859916,595.0703125,50.15
851.9629994310089,595.0703125,50.12
852.1966721809877,456.70458984375,36.88
852.4287009899854,595.0703125,50.55
852.6646503820084,615.45556640625,49.19
852.8971832410025,456.70458984375,49.7
853.1283210059919,746.9423828125,45.81
853.3621046659828,595.0703125,49.55
853.5953439770092,595.0703125,49.35
853.8295223839814,1029.69091796875,22.33
854.0643666659889,595.0703125,49.22
854.2987555069849,595.0703125,49.18
854.5344895059825,456.70458984375,46.54
854.7695514149964,595.0703125,49.91
855.003557871998,595.0703125,49.0
855.2378532639996,456.70458984375,50.3
855.4749169159913,746.9423828125,48.11
855.7108597430051,595.0703125,49.63
855.9424312959891,595.0703125,49.01
856.1790717749973,1029.69091796875,22.7
856.4129124259925,595.0703125,49.12
856.6459287320031,595.0703125,49.14
856.882426872995,456.70458984375,47.35
857.114907279989,595.0703125,49.55
857.3487123819941,595.0703125,48.97
857.5793613219867,456.705078125,49.63
857.8114971290051,724.4423828125,52.83
858.0450153889833,595.0703125,49.67
858.2787037850067,595.0703125,48.91
858.5180413539929,1029.69091796875,50.07
858.7530921580037,595.0703125,49.91
858.9887951469864,595.0703125,49.11
859.2268304419995,456.70458984375,22.86
859.4616275099979,595.0703125,50.3
859.6965188650065,595.0703125,49.42
859.9312073279871,456.70458984375,43.44
860.1643469749833,746.9423828125,50.48
860.3972143080027,516.31396484375,49.26
860.632034143986,595.0703125,49.05
860.8682478879928,724.4423828125,42.16
861.1009462029906,595.0703125,49.01
861.3348353249894,595.0703125,49.88
861.5706374899892,1029.69091796875,25.29
861.8010366740054,595.0703125,49.44
862.0406078649976,595.0703125,49.67
862.2718457829906,456.70458984375,42.05
862.5081787469971,746.9423828125,50.83
862.7395219169848,595.0703125,49.25
862.9701837080065,595.0703125,49.55
863.2025643810048,724.4423828125,37.3
863.4374437229999,595.0703125,48.81
863.6706356109935,595.0703125,49.72
863.9066777529952,456.70458984375,28.1
864.1408708280069,595.0703125,49.58
864.3742715439876,595.0703125,49.1
864.6064753769897,456.70458984375,41.6
864.8403670830012,589.4453125,50.51
865.0735587620002,595.0703125,49.65
865.3046421890031,489.607421875,48.94
865.5380336160015,724.4423828125,41.92
865.770222991996,595.0703125,49.02
866.0091169239895,595.0703125,49.58
866.2422592249932,984.69091796875,26.8
866.4751963999879,595.0703125,48.1
866.7073326949903,595.0703125,49.54
866.9389282740012,456.70458984375,49.81
867.1706161839829,555.68896484375,51.92
867.4060309350025,595.0703125,49.29
867.637922155991,489.607421875,49.58
867.8692130830023,724.4423828125,43.18
868.099524196994,595.0703125,49.05
868.3297873300035,595.0703125,49.76
868.5645310379914,456.70458984375,27.9
868.7986474259815,595.0703125,47.4
869.0326025479881,595.0703125,48.99
869.2656655779865,456.70458984375,49.94
869.4967441860063,746.9423828125,49.7
869.7282698529889,595.0703125,49.58
869.9600665769831,595.0703125,49.18
870.1956525809946,1029.69091796875,28.88
870.4297122569988,595.0703125,48.86
870.6631495000038,595.0703125,49.38
870.9001688029966,456.70458984375,32.97
871.1306418099848,595.0703125,49.56
871.3647538679943,595.0703125,49.17
871.5963347799843,456.70458984375,49.85
871.8293239869818,746.9423828125,48.75
872.0612726169929,595.0703125,49.69
872.2962354199844,595.0703125,49.07
872.5286279660068,1029.69091796875,21.97
872.7627205379831,595.0703125,49.99
872.9938267339894,595.0703125,49.59
873.2256524419936,456.70458984375,38.89
873.4548154920049,595.0703125,50.57
873.690601454,595.0703125,49.52
873.9216190899897,456.705078125,49.52
874.1549327829853,556.04345703125,49.46
874.3884749989957,595.0703125,49.2
874.6196122039983,595.0703125,49.28
874.8517721070093,1029.69091796875,21.7
875.0837778679852,595.0703125,49.91
875.3151002250088,595.0703125,49.09
875.549543961999,456.70458984375,46.71
875.782219996996,589.4453125,51.67
876.0148297520063,595.0703125,50.02
876.2454047990032,492.419921875,49.49
876.4816097430012,724.4423828125,43.41
876.7125795370084,615.45556640625,49.11
876.9492979600036,533.18896484375,49.23
877.1815397169848,1029.69091796875,24.27
877.4147729520046,595.0703125,49.53
877.6476949009812,595.0703125,49.26
877.8797257359838,456.70458984375,49.03
878.1124665149837,589.4453125,51.57
878.3426096579933,595.0703125,49.35
878.5754917970044,595.0703125,49.71
878.8091103509942,724.4423828125,28.91
879.0404642059875,595.0703125,48.94
879.2757933310058,595.0703125,49.28
879.510933743004,984.69091796875,29.67
879.7424144319957,595.0703125,47.79
879.9727208660042,595.0703125,49.55
880.2057004350063,456.70458984375,50.33
880.4386536729871,746.9423828125,48.41
880.6739297879976,595.0703125,49.41
880.9073231699876,595.0703125,49.39
881.1421559980081,1029.69091796875,20.41
881.3735407929926,595.0703125,49.01
881.6049856529862,595.0703125,49.36
881.8370717320067,456.70458984375,45.25
882.0686110179813,595.0703125,48.64
882.3007036630006,595.0703125,50.07
882.5325469719828,456.70458984375,49.5
882.7664782780048,746.9423828125,47.45
883.0014399639913,595.0703125,49.68
883.2374885309837,595.0703125,49.12
883.4713360969909,1029.69091796875,19.7
883.7042813029839,595.0703125,48.79
883.9355724409979,595.0703125,48.51
884.1683181079861,456.70458984375,45.97
884.4000572130026,595.0703125,49.87
884.6324126730033,595.0703125,49.08
884.863141371985,492.419921875,49.68
885.0941570519935,724.4423828125,36.74
885.3240612669906,595.0703125,49.3
885.5535821880039,595.0703125,49.54
885.7886744779826,1029.69091796875,23.24
886.0224026140058,595.0703125,49.07
886.2555155809969,595.0703125,49.05
886.4890969079861,456.70458984375,44.11
886.7241365379887,595.0703125,48.99
886.9603046749835,595.0703125,48.96
887.1909023509943,456.705078125,49.15
887.4258087220078,724.4423828125,39.35
887.6598216730054,595.0703125,49.5
887.8934700489917,595.0703125,49.27
888.1279583459836,1029.69091796875,27.49
888.3618608769902,595.0703125,50.02
888.5989438749966,595.0703125,49.27
888.8325443399954,456.70458984375,42.88
889.0641836400027,595.0703125,49.36
889.2954099639901,595.0703125,50.03
889.5305405269901,456.705078125,49.27
889.7615114389919,746.9423828125,49.91
889.995142425003,595.0703125,49.28
890.2268882339995,595.0703125,49.17
890.4619974259986,1029.69091796875,45.4
890.6967994529987,595.0703125,49.42
890.9293166669959,595.0703125,49.46
891.1638371610024,456.70458984375,19.89
891.3951276690059,595.0703125,49.86
891.6260911779827,595.0703125,48.44
891.8578248340054,456.705078125,48.75
892.0883831889951,746.9423828125,49.03
892.3210223479837,595.0703125,49.24
892.5518773910007,595.0703125,49.1
892.7851964620058,1029.69091796875,47.41
893.017924668995,595.0703125,49.54
893.2505490210024,595.0703125,48.73
893.4838509809924,456.70458984375,50.55
893.7167230630002,589.4453125,49.15
893.9470031670062,595.0703125,49.79
894.1779577349953,492.419921875,49.91
894.4084865470068,724.4423828125,51.31
894.6430568379874,595.0703125,49.16
894.874683217,595.0703125,49.06
895.1102271059935,1029.69091796875,46.58
895.3454157089873,595.0703125,49.84
895.5781976940052,595.0703125,49.47
895.8149486629991,456.70458984375,24.62
896.0466779900016,589.4453125,48.57
896.2788705079874,595.0703125,49.41
896.5123105460079,489.607421875,49.73
896.7457638529886,724.4423828125,52.42
896.9797851849871,595.0703125,49.99
897.2126113809936,595.0703125,48.55
897.4459889789869,724.4423828125,47.56
897.6784427069942,510.68896484375,49.55
897.9121495409927,595.0703125,48.88
898.1469645589823,456.70458984375,21.13
898.3810941469856,595.0703125,50.53
898.6120450139861,595.0703125,49.11
898.8423288190097,456.705078125,45.63
899.0762134009856,724.4423828125,53.11
899.3057527600031,595.0703125,49.3
899.5381319669832,595.0703125,49.79
899.7676999609976,1029.69091796875,32.34
899.9986101799877,595.0703125,49.17
900.2305767599901,595.0703125,49.95
900.4640769310063,456.70458984375,24.83
900.6957943839952,589.4453125,49.2
900.9297958120005,595.0703125,49.58
901.1619519430096,489.607421875,49.78
901.3949800519913,724.4423828125,51.12
901.627545108,595.0703125,49.06
901.861077685986,595.0703125,49.46
902.0946148039948,984.69091796875,24.16
902.3289978480025,595.0703125,50.08
902.5605555030052,595.0703125,49.35
902.7936283109884,456.70458984375,42.01
903.0280780539906,746.9423828125,51.97
903.2601029519865,595.0703125,50.0
903.4919410919829,489.607421875,48.6
903.7252139979973,724.4423828125,47.18
903.9584243239951,595.0703125,50.35
904.1900252809864,595.0703125,49.93
904.424360273988,456.70458984375,23.67
904.6551539970096,595.0703125,48.94
904.8868423259992,595.0703125,49.39
905.1192883710028,492.419921875,50.33
905.3515264969901,724.4423828125,53.03
905.5838944590068,595.0703125,49.68
905.814998279995,595.0703125,48.88
906.0457770559879,1029.69091796875,30.14
906.2773468630039,595.0703125,48.8
906.5110539759917,595.0703125,49.5
906.7419537189999,456.70458984375,28.86
906.9727882290026,589.4453125,48.75
907.2036564729933,595.0703125,49.65
907.4357209709997,489.607421875,50.15
907.667914257996,724.4423828125,50.42
907.9012018299836,595.0703125,49.43
908.1340790799877,595.0703125,48.74
908.3659312590025,1029.69091796875,28.78
908.5988406359975,595.0703125,49.15
908.8306650169834,595.0703125,48.73
909.0635538609931,456.70458984375,35.75
909.2973354959977,589.4453125,50.69
909.5296522639983,595.0703125,49.67
909.7620315399836,489.607421875,50.24
909.9944127720082,724.4423828125,50.82
910.2278776029998,595.0703125,49.52
910.4643055530032,595.0703125,49.72
910.6979541379842,1029.69091796875,27.08
910.9300186370092,595.0703125,49.91
911.1610713329865,595.0703125,48.91
911.3928670790046,456.70458984375,40.86
911.6251290210057,746.9423828125,52.79
911.8548894299893,595.0703125,48.96
912.0880391339888,595.0703125,49.27
912.3255858139892,1029.69091796875,41.1
912.5583390239917,595.0703125,49.61
912.7903269059898,595.0703125,49.07
913.0292982929968,456.70458984375,23.08
913.2615003100072,595.0703125,50.22
913.492906058993,595.0703125,48.99
913.7237723470025,456.70458984375,49.57
913.9525884219911,746.9423828125,53.16
914.1873604870052,595.0703125,49.06
914.4192920750065,595.0703125,49.22
914.6500845410046,1029.69091796875,32.15
914.8842444469919,595.0703125,49.09
915.1148453929927,595.0703125,49.23
915.3493394789984,456.70458984375,25.24
915.5840673269995,595.0703125,49.73
915.8202864449995,595.0703125,48.99
916.0515991509892,456.70458984375,44.49
916.2877906810027,746.9423828125,50.25
916.5189872409974,595.0703125,48.83
916.7504940390063,595.0703125,48.98
916.9838610829902,1029.69091796875,35.35
917.2164714570099,595.0703125,49.05
917.447879986983,595.0703125,49.29
917.6821498099889,456.70458984375,34.0
917.9134697809932,589.4453125,49.08
918.1463211099908,595.0703125,49.81
918.3776901100064,456.70458984375,48.16
918.6076253899955,746.9423828125,50.16
918.8373496079876,595.0703125,49.24
919.0686012030055,595.0703125,48.78
919.3002172340057,1029.69091796875,34.34
919.5305556429958,595.0703125,48.64
919.7653263039829,595.0703125,49.08
919.9967066879908,456.70458984375,35.18
920.2305186959857,589.4453125,49.49
920.4629441279976,595.0703125,49.37
920.6954621709883,489.607421875,49.45
920.9274959979812,724.4423828125,44.01
921.1605027960031,595.0703125,49.43
921.3929768379894,595.0703125,49.18
921.6266721400025,1029.69091796875,28.27
921.8597906159994,595.0703125,49.46
922.0934021770081,595.0703125,48.87
922.3249658260029,456.70458984375,39.42
922.5570648860012,589.4453125,49.89
922.7870409539901,595.0703125,49.18
923.0212681039993,595.0703125,49.79
923.2557344629895,1034.00537109375,38.25
923.4869336760021,595.0703125,49.59
923.7184601000044,595.0703125,49.47
923.9507357210096,456.70458984375,29.77
924.1810926379985,595.0703125,48.56
924.4138349439891,595.0703125,49.68
924.6454293940042,456.70458984375,45.95
924.8755524799926,746.9423828125,51.24
925.1090662619972,595.0703125,49.44
925.342902784003,595.0703125,49.81
925.5735568100063,1029.69091796875,30.61
925.8039950929815,595.0703125,50.06
926.0347692479845,595.0703125,49.03
926.2667320449837,456.70458984375,37.14
926.4992139099922,589.4453125,51.08
926.7295440080052,595.0703125,48.77
926.9588195589895,489.607421875,49.98
927.1891238850076,724.4423828125,49.72
927.4220190749911,595.0703125,49.86
927.6525519249844,621.08056640625,49.08
927.8840202399879,1029.69091796875,30.2
928.1191271209973,595.0703125,49.26
928.3521272839862,595.0703125,49.22
928.5845122080063,456.70458984375,37.99
928.8169495129841,589.4453125,50.74
929.0489537969988,595.0703125,49.32
929.2784935609961,595.0703125,49.32
929.5179228330089,1029.69091796875,41.15
929.7527175899886,595.0703125,48.27
929.9830300869944,595.0703125,50.17
930.2162124690076,984.69091796875,20.8
930.4501986629912,595.0703125,49.74
930.6845270839985,595.0703125,49.33
930.9169696969911,456.70458984375,39.9
931.1493079659995,589.4453125,50.53
931.380897666997,595.0703125,49.17
931.6141419280029,595.0703125,49.82
931.8484391289821,1029.69091796875,37.12
932.0795477579813,595.0703125,49.24
932.3103394419886,595.0703125,50.13
932.5433892630099,456.70458984375,32.7
932.7734889519925,593.759765625,49.46
933.0085984870093,595.0703125,50.06
933.2386493560043,456.705078125,49.69
933.470016678999,746.9423828125,54.37
933.7037647120014,595.0703125,49.24
933.9401082179975,595.0703125,49.09
934.1700178659812,1029.69091796875,29.37
934.4048101789958,595.0703125,50.12
934.6350057609961,595.0703125,48.9
934.869300936989,456.70458984375,38.75
935.0994282129977,589.4453125,50.94
935.3303405150073,595.0703125,49.63
935.561076604994,595.0703125,49.59
935.7941579949984,724.4423828125,42.26
936.0261350399815,595.0703125,49.34
936.2598069449887,595.0703125,49.2
936.4924817130086,1029.69091796875,20.15
936.7233137660078,595.0703125,50.61
936.9547654589987,595.0703125,49.28
937.1874244429928,456.70458984375,43.83
937.4233320649946,746.9423828125,52.68
937.6573879619827,595.0703125,49.45
937.8898382569896,595.0703125,49.05
938.1235039460007,1029.69091796875,33.65
938.3540200339921,595.0703125,48.82
938.5857509549824,595.0703125,49.57
938.81888738001,456.70458984375,35.02
939.0496152289852,589.4453125,50.25
939.280844125984,595.0703125,49.68
939.512881445,456.705078125,49.58
939.7457738409867,724.4423828125,49.06
939.9768441260094,595.0703125,49.61
940.2126017969858,595.0703125,49.37
940.4438042230031,1029.69091796875,24.18
940.6765797729895,595.0703125,49.77
940.9072103319922,595.0703125,48.76
941.1418482239824,456.70458984375,41.62
941.3715137729887,589.4453125,50.47
941.6017602699867,595.0703125,49.45
941.8345092109812,477.03857421875,49.84
942.0653154230095,724.4423828125,43.27
942.2971214950085,595.0703125,48.88
942.528240249987,595.0703125,48.6
942.7609846509877,1029.69091796875,23.65
942.9944781789964,595.0703125,49.81
943.2293108599843,595.0703125,49.76
943.4649907260027,456.70458984375,42.63
943.6966770190047,589.4453125,51.24
943.9310324690014,595.0703125,49.12
944.1621635860065,595.0703125,49.18
944.3968799799914,724.4423828125,35.97
944.6313306250086,595.0703125,49.1
944.8652689770097,595.0703125,48.91
945.1000866419927,984.6904296875,28.55
945.331115301,595.0703125,49.03
945.5642476750072,595.0703125,49.54
945.7971534809913,456.70458984375,44.27
946.0284551529912,589.4453125,51.9
946.2588524390012,595.0703125,49.07
946.4888292760006,595.0703125,49.29
946.7247941679962,724.4423828125,35.72
946.9589267509873,595.0703125,49.12
947.1911381169921,595.0703125,49.35
947.4257442299859,456.70458984375,33.29
947.6593386800087,595.0703125,49.88
947.888237851992,595.0703125,49.98
948.1216763439879,456.70458984375,47.34
948.3519535019877,589.4453125,52.04
948.5836102509929,621.08056640625,48.51
948.8149353199988,626.70556640625,48.47
949.0468116530101,724.4423828125,38.91
949.2786296679988,595.0703125,49.62
949.5139941969828,595.0703125,49.21
949.7481528320059,456.70458984375,30.99
949.9804767129826,595.0703125,47.94
950.2128897130024,621.08056640625,49.16
950.4482952390099,456.70458984375,50.6
950.6786925949855,746.9423828125,49.0
950.9116842380026,595.0703125,50.19
951.1458856849931,595.0703125,50.02
951.379855326988,724.4423828125,34.0
951.6129662599997,595.0703125,49.53
951.8452914679947,595.0703125,48.43
952.0800694630016,456.70458984375,32.14
952.3151977160014,595.0703125,48.38
952.5522018589836,595.0703125,49.65
952.785048788006,456.70458984375,50.93
953.0213083449926,746.9423828125,49.28
953.2521038010018,595.0703125,49.19
953.4837585939968,595.0703125,49.06
953.7171238919836,1029.69091796875,22.78
953.9487309840042,595.0703125,49.22
954.1799817410065,595.0703125,49.58
954.4180268810014,456.70458984375,31.93
954.6501422139991,595.0703125,48.46
954.8815288839978,595.0703125,49.3
955.1131970169954,456.70458984375,50.79
955.3472135929915,746.9423828125,48.92
955.5783542789868,595.0703125,49.58
955.8109689129924,595.0703125,49.37
956.0446263600024,1029.69091796875,22.38
956.2791997180029,595.0703125,49.64
956.5118779779878,595.0703125,49.12
956.7447640890023,456.70458984375,41.33
956.9773644059896,595.0703125,50.49
957.2119745000091,595.0703125,49.89
957.4445129359956,456.70458984375,49.67
957.6797825499962,746.9423828125,48.24
957.9166284310049,595.0703125,49.21
958.1502304229944,595.0703125,49.57
958.3852197600063,1029.69091796875,20.03
958.618532886001,595.0703125,48.9
958.8502587789844,595.0703125,48.97
959.083341496007,456.70458984375,46.84
959.3160130509932,589.4453125,49.33
959.5473038979981,595.0703125,49.42
959.7796601860027,489.607421875,49.78
960.0122768459842,724.4423828125,31.51
960.2435718129855,595.0703125,49.61
960.4747401560016,595.0703125,49.4
960.7061813029868,1029.69091796875,26.68
960.9363655000052,595.0703125,49.52
961.1670568219852,595.0703125,49.71
961.3990543310065,456.70458984375,49.45
961.6316285959911,589.4453125,52.38
961.865355536982,595.0703125,49.37
962.0972121740051,489.607421875,49.56
962.3288492279826,724.4423828125,32.19
962.5596749259857,595.0703125,49.59
962.7933100239898,595.0703125,49.54
963.0294319209934,456.70458984375,35.2
963.2594502430002,595.0703125,48.69
963.4916085989971,595.0703125,49.46
963.7254639090097,456.70458984375,50.54
963.9581207979936,499.43896484375,49.71
964.1890981229953,595.0703125,49.52
964.4192693299847,595.0703125,49.65
964.6536154210044,724.4423828125,23.24
964.8854714999907,595.0703125,48.73
965.1204000739963,595.0703125,49.1
965.3597923299822,456.70458984375,41.17
965.593240319984,595.0703125,48.86
965.8264547589933,595.0703125,49.42
966.0590135899838,456.70458984375,49.6
966.2923516489973,746.9423828125,49.01
966.5236041519966,595.0703125,47.89
966.7540138699987,595.0703125,49.38
966.9890231819882,724.4423828125,20.26
967.2260998209822,595.0703125,49.78
967.4619591819937,595.0703125,48.77
967.6963067390025,456.70458984375,43.24
967.9286914530094,595.0703125,49.15
968.1605270679865,595.0703125,49.32
968.3939103150042,456.705078125,49.38
968.6257859499892,724.4423828125,51.61
968.8599116889818,595.0703125,49.12
969.0908742070023,595.0703125,49.17
969.3245584039832,1029.69091796875,44.52
969.5560285350075,595.0703125,49.74
969.7876407949952,595.0703125,49.02
970.0245309559978,456.70458984375,49.89
970.2561119269812,589.4453125,50.26
970.4859758279927,595.07080078125,49.06
970.7189467269927,489.607421875,49.1
970.949076518009,724.4423828125,52.73
971.1867648350017,595.0703125,49.35
971.4198875009897,595.0703125,50.05
971.6531801630044,984.69091796875,29.55
971.8842383649899,595.0703125,49.94
972.1164048920036,595.0703125,48.5
972.3479772020073,456.70458984375,27.05
972.5789592759975,589.4453125,49.74
972.8110771939973,595.0703125,49.9
973.0435073749977,456.70458984375,49.21
973.275540083996,746.9423828125,49.36
973.5123092090071,595.0703125,49.22
973.743689313007,595.0703125,49.18
973.9776120909955,1029.69091796875,39.68
974.2104180229944,595.0703125,50.1
974.4435605939943,595.0703125,49.42
974.6762190889858,456.70458984375,28.31
974.9100445070071,589.4453125,48.13
975.141583921999,595.0703125,49.0
975.3722252360021,492.419921875,49.79
975.6049279409926,724.4423828125,49.95
975.8368129349838,595.0703125,49.06
976.0688650599914,595.0703125,49.88
976.3030261399981,984.69091796875,30.61
976.5346087859944,595.0703125,49.62
976.7664304329955,595.0703125,49.41
976.9976208459993,456.70458984375,37.78
977.2296585149888,746.9423828125,51.8
977.4619276399899,595.0703125,49.6
977.693903567997,595.0703125,49.9
977.9242698439921,1029.69091796875,36.97
978.1609093410079,493.99560546875,50.06
978.389304812008,595.0703125,49.58
978.6229295030062,456.70458984375,20.61
978.8575326130085,595.0703125,50.31
979.0909334610042,595.0703125,48.98
979.3227193439961,492.419921875,48.84
979.5570729970059,724.4423828125,53.61
979.7880867439962,595.0703125,50.21
980.020645601995,595.0703125,49.15
980.2521643759974,1029.69091796875,29.7
980.4865725059935,595.0703125,49.49
980.7185213649936,595.0703125,48.5
980.9512176720018,456.70458984375,38.4
981.1832847739861,746.9423828125,50.56
981.4144478430098,595.0703125,49.25
981.6452691059967,489.607421875,49.11
981.8791423869843,724.4423828125,45.49
982.1124851499917,595.0703125,50.14
982.3454914839822,595.0703125,49.32
982.5799549290095,456.70458984375,22.44
982.8122581659991,595.0703125,48.35
983.0444122210029,595.0703125,49.48
983.2752858650056,456.705078125,50.03
983.51254892,724.4423828125,50.94
983.7432082899904,595.0703125,48.87
983.976548607985,488.18896484375,49.52
984.2084876899899,1029.69091796875,29.73
984.4416244890017,595.0703125,48.61
984.6729152989865,595.0703125,48.56
984.9048140119994,456.70458984375,31.48
985.1358862159832,589.4453125,48.66
985.3673076299892,595.0703125,49.03
985.5994539319945,489.607421875,49.99
985.8302963569877,724.4423828125,46.49
986.0634371379856,595.0703125,50.03
986.2950637470058,595.0703125,49.56
986.5312736569904,456.70458984375,22.59
986.7630777340091,595.07080078125,50.17
986.9981428659812,595.0703125,49.6
987.2294523940072,456.70458984375,43.81
987.4606693800015,589.4453125,53.02
987.6914807260036,595.0703125,49.49
987.9252049649949,477.03857421875,49.5
988.1577529970091,724.4423828125,43.4
988.392415490991,595.0703125,48.92
988.6250325279834,595.0703125,49.38
988.8595693070092,456.70458984375,27.46
989.0912664560019,595.0703125,48.79
989.3217268459848,595.0703125,49.66
989.551696317998,456.70458984375,50.12
989.7836923209834,724.4423828125,51.68
990.019128593005,595.0703125,49.7
990.2515465799952,595.0703125,50.33
990.4856256149942,724.4423828125,39.0
990.7179866110091,595.0703125,48.51
990.9499928809819,595.0703125,49.35
991.1842964579992,456.70458984375,27.56
991.4166012310016,595.0703125,48.75
991.6494266049995,595.0703125,49.26
991.8818859389867,456.705078125,50.42
992.113181149005,724.4423828125,49.37
992.3451370619878,595.0703125,49.71
992.5799939259887,595.0703125,49.72
992.810022553982,1029.69091796875,25.42
993.0438275299966,595.0703125,50.35
993.2760894899839,595.0703125,49.09
993.5090338749869,456.70458984375,31.08
993.7424260859843,595.0703125,49.49
993.9763640410092,595.0703125,49.65
994.213863440993,465.71240234375,50.9
994.4462960250094,724.4423828125,49.77
994.6807160280005,595.0703125,49.42
994.91396918401,595.0703125,49.37
995.145382216986,1029.69091796875,23.15
995.3778410609812,595.0703125,49.69
995.609487854992,595.0703125,49.38
995.8433571549831,456.70458984375,42.54
996.076817461988,589.4453125,51.98
996.3112348110008,595.0703125,49.19
996.5438538730086,456.705078125,49.58
996.7736535590084,746.9423828125,49.48
997.0100596550037,595.0703125,49.91
997.2428709210071,595.0703125,49.4
997.4741726259817,1029.69091796875,22.64
997.7057892479934,595.0703125,50.72
997.9360908879898,595.0703125,49.32
998.1687887309818,456.70458984375,43.58
998.4050531169923,589.4453125,51.04
998.6380064419936,595.0703125,49.18
998.869916887983,489.607421875,49.42
999.1007394779881,724.4423828125,38.69
999.3316764690098,595.0703125,49.49
999.5645252410031,595.0703125,49.07
999.7973008179979,1029.69091796875,21.34
1000.0289591350011,595.0703125,50.53
1000.2616636139865,595.0703125,49.79
1000.495544578007,456.70458984375,43.15
1000.7299489360012,589.4453125,51.77
1000.9620969149983,595.0703125,49.21
1001.1946781220031,489.607421875,49.12
1001.4277437529818,724.4423828125,36.19
1001.6610085720022,595.0703125,50.37
1001.8921284789976,595.0703125,49.4
1002.1295471409976,984.69091796875,28.56
1002.3630122669856,595.0703125,48.49
1002.5949873169884,595.0703125,48.92
1002.8289258999866,456.70458984375,44.91
1003.0620728970098,589.4453125,50.22
1003.2924430510029,595.0703125,48.82
1003.5230098099855,595.0703125,49.34
1003.7571550559951,724.4423828125,31.22
1003.9907280869957,595.0703125,48.64
1004.223194405,595.0703125,49.01
1004.4587847479852,456.70458984375,36.29
1004.6947287000075,595.0703125,50.37
1004.9268409189826,595.0703125,49.37
1005.1586821530072,456.70458984375,49.64
1005.3915776479989,746.9423828125,49.18
1005.624905884004,595.0703125,48.6
1005.8564852100099,595.0703125,48.95
1006.0933593859954,724.4423828125,28.23
1006.3246543160058,595.0703125,49.83
1006.5575948600017,499.43896484375,48.99
1006.7928733589943,456.70458984375,40.54
1007.0242807350005,595.0703125,49.11
1007.2538317139843,595.0703125,48.93
1007.4859876550036,497.92236328125,49.45
1007.716984291008,724.4423828125,36.19
1007.9519558349857,595.0703125,49.19
1008.1819024680008,595.0703125,49.28
1008.4118721499981,1029.69091796875,26.39
1008.6435084670084,595.0703125,49.49
1008.8761741129856,595.0703125,49.88
1009.1086858979834,456.70458984375,47.05
1009.3391190499824,589.4453125,51.03
1009.5749991670018,595.0703125,49.54
1009.8044226850034,489.607421875,49.4
1010.0393985589908,724.4423828125,29.87
1010.2727230929886,595.0703125,49.04
1010.5054995089886,595.0703125,50.14
1010.7407518870023,456.70458984375,38.21
1010.9702480410051,595.0703125,49.92
1011.2022687679855,595.0703125,49.49
1011.4342695889936,456.70458984375,50.5
1011.6685112160048,746.9423828125,48.14
1011.9025425500004,595.0703125,49.69
1012.1346938110073,595.0703125,49.66
1012.3681298129959,1029.69091796875,21.45
1012.600541235006,595.0703125,49.24
1012.8328621409892,595.0703125,49.17
1013.0701355329948,456.70458984375,43.88
1013.3017191889812,589.4453125,49.57
1013.5350984800025,595.0703125,48.81
1013.7651996729837,489.607421875,48.99
1013.9964068819827,724.4423828125,32.36
1014.227960646007,595.0703125,48.97
1014.460615885997,595.0703125,49.23
1014.6942324289994,1029.69091796875,23.52
1014.924986922997,595.0703125,49.94
1015.1580681979831,595.0703125,49.52
1015.3916225119901,456.70458984375,49.95
1015.623188358004,589.4453125,50.9
1015.8588662830007,595.0703125,49.03
1016.0906881699921,489.607421875,49.46
1016.3221061619988,724.4423828125,28.43
1016.5530050889938,595.0703125,49.55
1016.7865749769844,595.0703125,49.46
1017.0224006169883,456.70458984375,40.63
1017.2578825659875,595.0703125,49.26
1017.4914285679988,595.0703125,49.18
1017.7258034539991,456.70458984375,49.82
1017.957555150002,589.4453125,49.51
1018.1899442919821,595.0703125,49.55
1018.4200267679989,595.0703125,49.24
1018.6577488229959,724.4423828125,52.54
1018.8874192329822,595.0703125,49.28
1019.1227659669821,595.0703125,49.4
1019.3545203169924,456.70458984375,46.97
1019.58854690101,595.0703125,49.51
1019.819227992004,595.0703125,49.52
1020.0503244319989,456.70458984375,49.49
1020.2853396970022,746.9423828125,49.38
1020.5175962100038,595.0703125,49.66
1020.7491449450026,595.0703125,49.22
1020.9835699769901,724.4423828125,53.03
1021.2166358169925,595.0703125,48.69
1021.4507121979841,595.0703125,48.6
1021.6907836629834,456.70458984375,28.57
1021.924454891996,595.0703125,50.21
1022.1565020889975,595.0703125,49.55
1022.387585399003,456.70458984375,49.47
1022.6218456740025,746.9423828125,49.36
1022.8530478540051,595.0703125,49.15
1023.0840604839905,489.607421875,49.16
1023.3164049269981,724.4423828125,53.22
1023.5516150509939,595.0703125,49.1
1023.7844336509879,595.0703125,48.69
1024.0196617940092,984.69140625,33.32
1024.2547748379875,595.0703125,48.54
1024.4857007940009,595.0703125,48.98
1024.720187636005,456.70458984375,35.44
1024.9554236709955,746.9423828125,49.48
1025.19149298899,595.0703125,49.66
1025.4239306020027,595.0703125,49.8
1025.6587098019954,1029.69091796875,41.94
1025.8933116729895,595.0703125,48.72
1026.1262658360065,595.0703125,49.54
1026.3625665399886,456.70458984375,20.4
1026.5940709259885,595.0703125,49.79
1026.8256321630033,595.0703125,49.69
1027.059156934003,456.70458984375,42.46
1027.292523512995,746.9423828125,50.42
1027.5250232149847,595.0703125,48.99
1027.7599620030087,488.18896484375,48.94
1027.9947032089985,1029.69091796875,35.31
1028.2280524669914,595.0703125,48.94
1028.461213711009,595.0703125,49.33
1028.6943947199907,456.70458984375,32.86
1028.9266449470015,589.4453125,49.84
1029.1589869459858,595.0703125,49.35
1029.3930808579898,456.70458984375,50.03
1029.6257287639892,746.9423828125,52.0
1029.8597846119956,595.0703125,49.2
1030.0926287740003,595.0703125,49.14
1030.3264909510035,1029.69091796875,29.61
1030.5567889589875,494.17138671875,49.14
1030.7929333570064,493.99560546875,49.04
1031.0285318020033,456.70458984375,38.57
1031.2618854600005,589.4453125,51.27
1031.4944411749893,595.0703125,49.55
1031.7274664370052,489.607421875,49.19
1031.960936939984,724.4423828125,41.26
1032.1928836340085,595.0703125,47.9
1032.4285086889868,595.0703125,49.49
1032.6617444540025,1029.69091796875,23.92
1032.8960714279965,595.0703125,49.44
1033.1316218909924,595.0703125,49.62
1033.3630996669817,456.70458984375,41.84
1033.5969188910094,589.4453125,51.53
1033.8288805320044,595.0703125,50.15
1034.0609733349993,489.607421875,49.92
1034.294470658002,724.4423828125,40.63
1034.5298334560066,595.0703125,49.65
1034.762645351002,595.0703125,49.4
1034.9941349999863,1029.69091796875,29.33
1035.227157538,595.0703125,48.78
1035.4607883289864,595.0703125,50.15
1035.692644647992,456.70458984375,41.59
1035.9247703469882,589.4453125,52.45
1036.1561087890004,595.0703125,49.12
1036.3874410149874,489.607421875,49.5
1036.618243281002,724.4423828125,34.38
1036.8519225409837,595.0703125,49.49
1037.0838070070022,595.0703125,49.47
1037.320097653981,984.69091796875,34.56
1037.552833839989,595.0703125,47.85
1037.7850531970034,595.0703125,49.77
1038.0173294050037,456.70458984375,50.16
1038.2510870280094,746.9423828125,46.9
1038.4813670869917,595.0703125,49.83
1038.7123068019864,489.607421875,48.62
1038.944787437009,724.4423828125,31.37
1039.1802637279907,595.0703125,49.28
1039.413830823003,595.0703125,48.77
1039.6498983950005,456.70458984375,37.47
1039.8798234470014,595.0703125,49.52
1040.1107219560072,595.0703125,48.9
1040.343853516999,456.705078125,48.71
1040.5774901740078,724.4423828125,41.65
1040.8117922139936,595.0703125,49.62
1041.0460881780018,595.0703125,49.29
1041.2784100630088,1029.69091796875,25.67
1041.5111014109862,595.0703125,50.97
1041.7424923740036,595.0703125,48.15
1041.9756817639864,456.70458984375,42.21
1042.2098201650078,595.0703125,49.78
1042.4437144690019,595.0703125,49.41
1042.6794577649853,492.419921875,49.32
1042.9130909309897,724.4423828125,34.63
1043.1440676609927,595.0703125,49.17
1043.3768288510037,595.0703125,49.2
1043.6104649959889,1029.69091796875,34.7
1043.8440156200086,595.0703125,49.14
1044.0770394919964,595.0703125,49.04
1044.3097882549919,456.70458984375,50.19
1044.5419871479971,589.4453125,49.97
1044.7782162980002,595.0703125,49.27
1045.010833407985,492.419921875,49.16
1045.2479976769828,724.4423828125,50.27
1045.4799373860005,595.0703125,49.3
1045.713806210988,595.0703125,49.15
1045.9449927390087,1029.69091796875,34.38
1046.1787152449833,595.0703125,48.26
1046.412063116004,595.0703125,49.57
1046.6449204139935,456.70458984375,50.25
1046.8774759229855,589.4453125,50.22
1047.113423606992,595.0703125,49.69
1047.3451532300096,456.705078125,48.65
1047.5785698260006,746.9423828125,50.53
1047.8101153440075,595.0703125,49.34
1048.0440858599904,595.0703125,49.33
1048.2779982670036,1029.69091796875,46.28
1048.5136708419886,595.0703125,49.84
1048.7494856870035,595.0703125,49.81
1048.9851793549897,456.70458984375,21.95
1049.2199403469858,595.0703125,50.07
1049.4539086279983,595.0703125,48.97
1049.6837421689997,492.419921875,49.2
1049.915589545999,724.4423828125,52.63
1050.148545531003,595.0703125,49.18
1050.3814376110095,595.0703125,50.26
1050.6136750569858,1029.69091796875,44.04
1050.845576770982,595.0703125,49.38
1051.0777854429907,595.0703125,49.27
1051.309840531001,456.70458984375,23.32
1051.5418402339856,589.4453125,49.79
1051.7710950610053,595.0703125,49.16
1052.0025506920065,489.607421875,49.13
1052.234670034988,724.4423828125,50.03
1052.4686223219906,595.0703125,48.93
1052.7014933089959,595.0703125,48.72
1052.9334589290083,1029.69091796875,33.25
1053.1691631430003,595.0703125,49.62
1053.3986897970026,595.0703125,49.44
1053.63163670199,456.70458984375,50.15
1053.8678706009814,589.4453125,48.81
1054.0999830299988,595.0703125,49.4
1054.332896899985,489.607421875,49.76
1054.564149429003,724.4423828125,53.63
1054.8010524880083,595.0703125,49.32
1055.0345744070073,595.0703125,49.55
1055.2669934429869,1029.69091796875,31.69
1055.4972808900056,595.0703125,48.78
1055.7292175260081,595.0703125,49.19
1055.9608806580072,456.70458984375,36.44
1056.1935957570095,589.4453125,50.83
1056.4275826159865,595.0703125,49.9
1056.6585288860078,489.607421875,48.96
1056.890544652997,724.4423828125,53.45
1057.1252283299982,595.0703125,50.03
1057.3590525260079,595.0703125,49.5
1057.592109642981,984.69091796875,28.7
1057.8241014539963,595.0703125,49.75
1058.0563236750022,595.0703125,49.82
1058.2946722619818,456.70458984375,39.1
1058.5302407029958,746.9423828125,50.87
1058.7657105260005,595.0703125,49.54
1059.000368709996,595.0703125,49.42
1059.2359925349883,724.4423828125,38.06
1059.467399974994,595.0703125,49.78
1059.7029910440033,595.0703125,48.74
1059.9375911199895,984.69091796875,20.25
1060.1698873740097,595.0703125,49.79
1060.401765410992,595.0703125,49.16
1060.634515430982,456.70458984375,46.56
1060.8647584579885,746.9423828125,53.09
1061.0970904020069,595.0703125,48.81
1061.329184881004,595.0703125,50.04
1061.5628929289815,1029.69091796875,32.47
1061.7964529809833,595.0703125,48.67
1062.0283989759919,595.0703125,49.8
1062.2631180629833,456.70458984375,30.03
1062.4966228700068,595.0703125,48.46
1062.7277608570002,595.0703125,49.01
1062.9601108199859,456.70458984375,46.63
1063.1946407739888,746.9423828125,49.83
1063.431565484003,595.0703125,48.97
1063.6657936479896,595.0703125,49.36
1063.9016059089918,1029.69091796875,31.9
1064.1323427209863,595.0703125,48.28
1064.363804847002,595.0703125,49.56
1064.602225581999,456.70458984375,35.89
1064.8376951249957,595.0703125,50.91
1065.0688130680064,595.0703125,48.83
1065.3000780289876,456.705078125,49.22
1065.53476903899,746.9423828125,50.04
1065.769506704004,595.0703125,49.0
1066.0034426479833,595.0703125,49.02
1066.2398630960088,1029.69091796875,28.54
1066.470883817994,595.0703125,49.58
1066.7016869809886,595.0703125,49.23
1066.9334926620068,456.70458984375,40.2
1067.1639501749887,589.4453125,50.6
1067.3956014349824,595.0703125,49.31
1067.6269101169892,479.75146484375,49.76
1067.8607472339936,724.4423828125,42.21
1068.0958786709816,595.0703125,49.83
1068.3264852270077,595.07080078125,49.0
1068.5617371420085,1029.69091796875,25.31
1068.7922635889845,595.0703125,48.92
1069.0237616839877,595.0703125,49.65
1069.2586113069847,456.70458984375,38.94
1069.493960511987,595.0703125,50.6
1069.7271619229869,595.0703125,49.4
1069.9610566599877,492.419921875,49.44
1070.1956074970076,724.4423828125,39.28
1070.4289131829864,595.0703125,49.31
1070.6609114189923,595.0703125,49.29
1070.8926878359925,1029.69091796875,29.88
1071.126739928004,595.0703125,49.99
1071.3602436879883,595.0703125,48.8
1071.5913541569898,456.70458984375,45.63
1071.824648948008,589.4453125,51.06
1072.0558717240056,595.0703125,49.11
1072.2899340830045,489.607421875,49.12
1072.5242347439926,724.4423828125,36.4
1072.7588319559873,595.0703125,48.93
1072.9907017519872,595.0703125,49.34
1073.221964826982,1029.69091796875,33.44
1073.4557537529909,595.0703125,49.22
1073.6862517049885,595.0703125,49.54
1073.9180473290035,456.70458984375,49.03
1074.1487208640028,589.4453125,51.07
1074.3811839720001,595.0703125,49.71
1074.6133090420044,456.70458984375,49.23
1074.8447911429976,746.9423828125,45.31
1075.078125184984,595.0703125,48.89
1075.3106150419917,595.0703125,48.83
1075.544472693,1029.69091796875,23.09
1075.7785150769923,595.0703125,49.72
1076.0121097009978,595.0703125,49.31
1076.2444422029948,456.70458984375,47.25
1076.4775946550071,589.4453125,49.48
1076.7082665140042,595.0703125,48.88
1076.9386435689812,489.607421875,49.69
1077.1748952780035,724.4423828125,36.37
1077.4074170530075,595.0703125,49.29
1077.6372452859941,595.0703125,49.54
1077.8701223490061,1029.69091796875,21.34
1078.1021325280017,595.0703125,49.18
1078.3343863179907,595.0703125,49.04
1078.5680242450035,456.70458984375,44.61
1078.8005499310093,589.4453125,49.8
1079.0323908819992,595.0703125,49.14
1079.265723318007,489.607421875,49.45
1079.4969944249897,724.4423828125,33.55
1079.7308786159847,595.0703125,49.26
1079.966188499995,595.0703125,49.15
1080.2023867089883,984.69091796875,33.82
1080.439702187985,595.0703125,48.61
1080.6758506690094,595.0703125,49.91
1080.90801422199,456.70458984375,49.45
1081.1386103729892,589.4453125,50.5
1081.3702612129855,595.0703125,49.22
1081.6021390410024,489.607421875,49.06
1081.8360863690032,724.4423828125,31.09
1082.0688000009977,595.0703125,50.01
1082.3012012979889,595.0703125,49.46
1082.5330562180025,1029.69091796875,34.83
1082.7656279999937,595.0703125,49.46
1082.9974090970063,595.0703125,49.47
1083.2294877219829,456.70458984375,50.48
1083.4601215169823,589.4453125,50.07
1083.6959061200032,595.0703125,49.21
1083.9268767650065,492.419921875,49.69
1084.1618635579944,724.4423828125,35.06
1084.3939057950047,595.0703125,49.03
1084.6280303130043,595.0703125,48.88
1084.8640028619848,488.2421875,31.93
1085.0974235789909,595.0703125,49.49
1085.3290749779844,595.0703125,49.11
1085.5621774919855,456.70458984375,48.93
1085.7973597740056,746.9423828125,50.1
1086.0295780139859,595.0703125,49.08
1086.2605408369855,489.607421875,49.84
1086.4933326919854,724.4423828125,52.37
1086.725334001996,595.0703125,49.65
1086.9577860739955,595.0703125,49.5
1087.1914468389878,1029.69091796875,35.54
1087.4230436910002,595.0703125,49.16
1087.656070566998,595.0703125,48.98
1087.8898607500014,456.70458984375,49.4
1088.120589809987,746.9423828125,48.18
1088.3535523600003,595.0703125,49.55
1088.5858308739844,595.0703125,49.97
1088.8211313989887,724.4423828125,53.19
1089.0543416109867,595.0703125,48.99
1089.2890099220094,595.0703125,49.44
1089.5210641020094,1029.69091796875,38.17
1089.7550615780056,595.0703125,48.78
1089.9874512109964,595.0703125,49.45
1090.2190094399848,456.70458984375,49.73
1090.4504875599814,589.4453125,49.13
1090.682335215999,595.0703125,49.31
1090.913759907009,626.70556640625,49.72
1091.1467602420016,724.4423828125,52.26
1091.379277058004,595.0703125,49.53
1091.612573874998,595.0703125,49.21
1091.845520081988,465.68896484375,42.27
1092.0791822439933,595.0703125,48.99
1092.3129993859911,595.0703125,50.13
1092.5446954839863,456.70458984375,50.88
1092.7765866520058,589.4453125,50.39
1093.0090950169833,595.0703125,49.73
1093.2417427180044,489.607421875,49.49
1093.4739543230098,724.4423828125,52.18
1093.706103279983,595.0703125,49.22
1093.9395357299945,595.0703125,49.34
1094.1776193350088,456.70458984375,41.29
1094.413357212994,595.0703125,49.3
1094.6464688069827,595.0703125,49.55
1094.8809935229947,456.70458984375,49.84
1095.1154351959995,746.9423828125,50.14
1095.3478906200035,595.0703125,48.97
1095.5803864839836,489.607421875,49.9
1095.8114657340047,724.4423828125,51.9
1096.0448350469815,595.0703125,49.42
1096.2763200110057,615.45556640625,48.74
1096.5125911360083,456.70458984375,27.34
1096.7493049220066,595.0703125,49.11
1096.9811490160064,595.0703125,49.31
1097.213809428009,456.70458984375,40.43
1097.4475375209877,746.9423828125,49.9
1097.6825641239993,476.94091796875,48.7
1097.9179159839987,595.0703125,49.2
1098.1519103159953,1029.69091796875,41.02
1098.389176903991,595.0703125,48.44
1098.6240760450019,595.0703125,49.03
1098.8571738800092,1029.69091796875,25.51
1099.0896159650001,595.0703125,50.01
1099.3220275290078,595.0703125,48.96
1099.553436924005,456.70458984375,41.97
1099.7880721300025,746.9423828125,52.55
1100.0247549760097,595.0703125,49.53
1100.2576916149992,595.0703125,48.96
1100.4939751019992,1029.69091796875,36.85
1100.7251589759835,595.0703125,48.89
1100.9560061399825,595.0703125,48.93
1101.1876291829976,456.70458984375,32.72
1101.420896805008,595.0703125,48.29
1101.652783292986,595.0703125,49.37
1101.889441065985,456.70458984375,43.75
1102.1252840569941,746.9423828125,49.94
1102.3608689800021,595.0703125,48.71
1102.59615818999,595.0703125,48.93
1102.831334255985,1029.69091796875,32.21
1103.0641987480049,595.0703125,49.31
1103.2951775639958,595.0703125,49.62
1103.5278724090022,456.70458984375,34.92
1103.7630342970078,595.0703125,50.09
1103.996603289008,595.0703125,49.55
1104.2266554369999,456.705078125,49.74
1104.459777785989,746.9423828125,46.62
1104.6950442279922,595.0703125,49.67
1104.927932046994,595.0703125,49.55
1105.1644108140026,1029.69091796875,29.72
1105.395794017997,595.0703125,49.47
1105.6284277499944,595.0703125,49.12
1105.862799161987,456.70458984375,37.85
1106.0970737019961,595.0703125,49.63
1106.3298469090078,595.0703125,48.99
1106.5617285089975,492.419921875,49.19
1106.7965478900005,724.4423828125,40.48
1107.028607796994,595.0703125,48.75
1107.2620548440027,595.0703125,49.69
1107.493260579009,1029.69091796875,22.23
1107.7238139160036,595.0703125,48.83
1107.9548278629954,595.0703125,49.39
1108.1884529390081,456.70458984375,41.3
1108.41826115601,589.4453125,52.4
1108.6496614429925,595.0703125,49.14
1108.8839386760083,489.607421875,49.69
1109.1160384340037,724.4423828125,39.53
1109.3505795300007,595.0703125,49.75
1109.5830692180025,595.0703125,49.38
1109.8137963649933,1029.69091796875,29.59
1110.0446501359984,595.0703125,48.61
1110.2787360700022,595.0703125,49.13
1110.5117703180003,456.70458984375,46.21
1110.744098250987,589.4453125,51.55
1110.9758870009973,595.0703125,49.9
1111.2103502239916,489.607421875,49.42
1111.4424519379972,724.4423828125,37.27
1111.6790992000024,595.0703125,49.5
1111.915667260997,595.0703125,48.94
1112.1501100889873,984.69091796875,32.17
1112.3838979360007,595.0703125,48.71
1112.6159534140024,595.0703125,49.76
1112.8495114109828,456.70458984375,49.42
1113.0842111890088,746.9423828125,49.08
1113.3144811480015,595.0703125,48.98
1113.5447992979898,489.607421875,50.59
1113.7783851609856,724.4423828125,29.32
1114.0115998119873,595.0703125,49.25
1114.2442727659945,595.0703125,48.93
1114.4787619700073,465.68896484375,36.79
1114.7136890850088,595.0703125,49.75
1114.949050130992,595.0703125,48.77
1115.1814256969956,456.70458984375,49.35
1115.4168614739901,746.9423828125,48.58
1115.6506616130064,595.0703125,49.07
1115.8836582170043,595.0703125,49.17
1116.1177608429862,724.4423828125,50.74
1116.3501243960054,595.0703125,50.01
1116.5872922629933,595.0703125,49.18
1116.8173972539953,1029.69091796875,37.16
1117.0553555960068,595.0703125,49.6
1117.2885448249872,595.0703125,49.72
1117.5216688899964,456.70458984375,49.13
1117.753670798993,589.4453125,48.34
1117.9843522690062,595.0703125,49.1
1118.2162871290057,595.0703125,49.45
1118.4528470189834,724.4423828125,49.94
1118.6882107179845,595.0703125,50.01
1118.9214035089826,595.0703125,49.06
1119.1587917979923,456.70458984375,23.82
1119.3904594419873,595.0703125,50.3
1119.6231538369902,595.0703125,48.82
1119.8558921639924,456.70458984375,31.14
1120.0880297769909,589.4453125,48.72
1120.320467640995,533.18896484375,49.23
1120.5537741349835,489.607421875,49.21
1120.78882130899,724.4423828125,45.98
1121.0259202419838,595.0703125,50.22
1121.2599516290065,595.0703125,49.23
1121.4974901489913,456.70458984375,21.11
1121.7325596029987,595.0703125,49.93
1121.9664639479888,595.0703125,49.27
1122.2002987290034,456.70458984375,43.44
1122.4326607449912,589.4453125,52.39
1122.664977153996,595.0703125,50.21
1122.897722603986,489.607421875,49.49
1123.1300947470008,724.4423828125,46.87
1123.3616213089845,595.0703125,49.97
1123.5920417089947,595.0703125,48.95
1123.829473649006,456.70458984375,21.8
1124.0619139589835,595.0703125,50.26
1124.2963532950089,595.0703125,49.23
1124.5306721529923,456.70458984375,47.59
1124.7626260109828,746.9423828125,51.97
1124.9936234469933,595.0703125,48.68
1125.22859428401,595.0703125,49.76
1125.4628023029945,724.4423828125,37.2
1125.6948635079898,595.0703125,48.99
1125.9272995569918,595.0703125,49.31
1126.1624468149967,456.70458984375,23.2
1126.397501672007,595.0703125,49.47
1126.6305233489838,595.0703125,48.93
1126.8631912739947,456.70458984375,49.79
1127.095783769997,746.9423828125,53.28
1127.3277299449837,595.0703125,48.88
1127.5606187109952,595.0703125,50.06
1127.7943355290045,1029.69091796875,28.65
1128.030145730998,595.0703125,50.33
1128.261605384003,595.0703125,49.91
1128.4981397810043,456.70458984375,34.7
1128.7323329930077,595.0703125,48.84
1128.9667450209963,595.0703125,49.45
1129.200191618991,456.70458984375,49.85
1129.433113490988,746.9423828125,49.47
1129.6658114480088,595.0703125,49.57
1129.8977219339868,595.0703125,49.42
1130.1305498679867,1029.69091796875,22.24
1130.3635475889896,595.0703125,50.49
1130.5961820599914,595.0703125,49.03
1130.8279956039914,456.70458984375,41.63
1131.0599303240015,589.4453125,51.31
1131.2955709490052,595.0703125,49.65
1131.5307577379863,456.705078125,49.54
1131.7657221489935,746.9423828125,47.07
1131.9961719519924,510.68896484375,48.99
1132.2272271479887,595.07080078125,49.21
1132.4626270259905,1029.69091796875,21.17
1132.6960394709895,595.0703125,48.98
1132.9278824889916,595.0703125,49.26
1133.1616376499878,456.70458984375,43.39
1133.3954634210095,589.4453125,51.74
1133.6297653079964,595.0703125,49.06
1133.862730342982,492.419921875,49.31
1134.0957750669913,724.4423828125,38.43
1134.3282546279952,595.0703125,50.58
1134.5629376439902,635.70556640625,49.37
1134.7979317389836,1029.69091796875,22.42
1135.0332563270058,595.0703125,48.88
1135.2647615869937,595.0703125,49.36
1135.500488746009,456.70458984375,41.84
1135.7322918839927,595.0703125,49.22
1135.964742808981,595.0703125,49.49
1136.1961795539828,456.705078125,49.53
1136.4288740890042,724.4423828125,41.51
1136.6630309129832,595.0703125,49.29
1136.8976432489872,595.0703125,49.22
1137.1283340079826,1029.69091796875,28.53
1137.3632658029965,595.0703125,50.49
1137.5934810749895,595.0703125,49.12
1137.8255714039842,456.70458984375,40.69
1138.0578577109845,595.0703125,48.58
1138.2910001449927,595.0703125,48.96
1138.5233188589918,489.72119140625,49.43
1138.7555399329867,724.4423828125,37.72
1138.9868259579816,595.0703125,49.12
1139.2236193309946,476.93896484375,49.89
1139.4550546789833,1029.69091796875,29.65
1139.68952062499,595.0703125,48.29
1139.9223468829878,595.0703125,49.08
1140.1561486989958,456.70458984375,50.33
1140.38820794801,589.4453125,50.52
1140.6242324259947,595.0703125,49.14
1140.8547738619964,456.705078125,49.01
1141.0896349760005,724.4423828125,51.25
1141.321060266986,595.0703125,49.39
1141.5533490180096,595.0703125,49.06
1141.7847768930078,1029.69091796875,33.69
1142.0183442480047,595.0703125,49.52
1142.2498542579997,595.0703125,49.03
1142.4814222359855,456.70458984375,50.58
1142.716310379008,589.4453125,49.66
1142.9490931259934,595.0703125,49.14
1143.180797226989,489.607421875,49.71
1143.4114096919948,724.4423828125,52.32
1143.6421953669924,595.0703125,49.73
1143.8786215779837,595.0703125,49.65
1144.1089766749938,1029.69091796875,30.36
1144.3439115429937,595.0703125,47.81
1144.577663561009,595.0703125,49.18
1144.8098858220037,456.70458984375,50.62
1145.0414637179929,589.4453125,49.39
1145.2730920409958,595.0703125,49.53
1145.5031554760062,595.0703125,49.07
1145.7399285240099,724.4423828125,53.28
1145.9759218519903,595.0703125,49.56
1146.20796685401,595.0703125,49.41
1146.441280540981,1029.69091796875,39.28
1146.673856415,595.0703125,49.54
1146.9072541229834,595.0703125,49.36
1147.141469264985,456.70458984375,50.1
1147.376099969988,589.4453125,49.02
1147.6108051259944,595.0703125,49.98
1147.8422353059868,489.607421875,49.45
1148.0742363760073,724.4423828125,51.57
1148.306523590989,595.0703125,49.13
1148.5400224309997,595.0703125,49.33
1148.775234153989,456.70458984375,28.41
1149.0103581550065,595.0703125,49.5
1149.241639918997,595.0703125,50.14
1149.47500326499,456.70458984375,49.27
1149.7099359669955,589.4453125,48.68
1149.9431422379857,595.0703125,49.73
1150.1761440089904,489.607421875,49.32
1150.4100679089897,724.4423828125,52.92
1150.6454453679908,482.56396484375,49.61
1150.8808497859864,595.0703125,49.7
1151.1143901819887,1029.69091796875,30.6
1151.344582057005,595.0703125,48.98
1151.5774083150027,595.0703125,49.02
1151.8107836029958,456.70458984375,37.51
1152.045223847992,589.4453125,49.19
1152.278103605,595.0703125,49.04
1152.5119714909815,489.607421875,50.29
1152.7448559979966,724.4423828125,52.11
1152.9789722439891,595.0703125,48.92
1153.2128415269835,595.0703125,48.98
1153.4459047599812,1029.69091796875,34.3
1153.6798033069936,595.0703125,49.74
1153.914289437991,595.0703125,49.3
1154.149437604996,456.70458984375,34.22
1154.383128091984,589.4453125,49.45
1154.6185586999927,595.0703125,49.14
1154.850896480988,489.607421875,49.3
1155.082154987991,724.4423828125,47.01
1155.3179262880003,595.0703125,50.45
1155.5516783759813,599.384765625,49.48
1155.7831658959913,1029.69091796875,31.53
1156.014238971984,595.0703125,48.77
1156.2468030409946,595.0703125,49.33
1156.4794471509813,456.70458984375,35.75
1156.7132903829915,589.4453125,48.81
1156.9468406960077,595.0703125,49.25
1157.1791356639878,489.607421875,48.97
1157.411149655003,724.4423828125,47.39
1157.6440437299898,595.0703125,49.96
1157.87792341999,595.0703125,49.06
1158.1164409900084,465.68896484375,23.43
1158.3471179899934,595.0703125,50.46
1158.5790056370024,595.0703125,48.88
1158.8122156779864,456.70458984375,38.71
1159.0471833019983,589.4453125,49.85
1159.2798465479864,595.0703125,49.26
1159.511106311984,489.607421875,49.11
1159.7416119889822,724.4423828125,44.46
1159.9774672389904,595.0703125,48.53
1160.2109320659947,595.0703125,49.27
1160.4429760889907,984.69140625,23.09
1160.6744169550075,595.0703125,49.34
1160.9064847950067,595.0703125,49.33
1161.1387279389892,456.70458984375,46.81
1161.3708392209955,589.4453125,52.12
1161.60131151299,595.0703125,49.34
1161.8331308549969,489.607421875,48.49
1162.0658274150046,724.4423828125,47.67
1162.2991622650006,595.0703125,51.03
1162.5334362849826,595.0703125,48.93
1162.7688877070032,984.69091796875,22.8
1163.0016084329982,595.0703125,49.37
1163.2344329449988,595.0703125,49.14
1163.4693205989897,456.70458984375,49.57
1163.7040913369856,746.9423828125,52.2
1163.9391308990016,595.0703125,50.01
1164.1727169019869,595.0703125,49.08
1164.4051544870017,724.4423828125,32.38
1164.6374952009937,595.0703125,49.5
1164.870722074993,595.0703125,48.81
1165.1024113000021,1029.69091796875,26.35
1165.3340732860088,595.0703125,48.73
1165.5656669659948,595.0703125,49.36
1165.7989305770025,456.70458984375,49.78
1166.036338351987,746.9423828125,51.42
1166.2704514549987,595.0703125,49.54
1166.5057993709925,595.0703125,48.68
1166.740914013004,1029.69091796875,26.02
1166.9741414449818,595.0703125,48.63
1167.209462889994,595.0703125,49.95
1167.4421748160094,456.70458984375,38.61
1167.6750352969975,595.0703125,48.74
1167.9063004390046,595.0703125,49.33
1168.1421447939938,456.70458984375,50.36
1168.3749487719906,746.9423828125,49.24
1168.6088413829857,595.0703125,49.12
1168.8411297150014,595.0703125,49.59
1169.0768943800067,1029.69091796875,20.25
1169.3095378599828,595.0703125,49.69
1169.543405746983,595.0703125,49.32
1169.7772739829961,456.70458984375,43.46
1170.0104957580043,595.0703125,50.14
1170.2433222249965,595.0703125,48.95
1170.4744780639885,456.70458984375,49.85
1170.7065148940019,746.9423828125,48.92
1170.9376182119886,595.0703125,48.71
1171.168499499996,595.0703125,49.34
1171.4054929709819,724.4423828125,25.97
1171.6412880870048,595.0703125,48.72
1171.874608409009,595.0703125,49.03
1172.1128262160055,456.70458984375,41.97
1172.3472546569828,595.0703125,48.47
1172.581171013997,595.0703125,49.28
1172.815921358997,456.70458984375,49.65
1173.0500289849879,746.9423828125,49.97
1173.2832122780092,595.0703125,49.15
1173.5140428580053,489.607421875,49.93
1173.7472880319983,724.4423828125,53.13
1173.9780980079959,595.0703125,48.46
1174.2092620159965,595.0703125,49.38
1174.4450906619895,456.70458984375,42.01
1174.6796808619983,595.0703125,49.75
1174.9128737229912,595.0703125,49.49
1175.1446434049867,456.70458984375,49.36
1175.3761647270003,746.9423828125,49.62
1175.6107149070012,595.0703125,49.25
1175.842341340991,595.0703125,49.2
1176.076240239985,1029.69091796875,43.5
1176.3084918349923,595.0703125,49.65
1176.5430912539887,595.0703125,48.96
1176.7761457570014,456.70458984375,26.74
1177.007743486989,595.0703125,49.33
1177.2365958489827,595.0703125,48.97
1177.4718867079937,456.705078125,49.11
1177.702659039991,746.9423828125,48.91
1177.9362022310088,595.0703125,49.52
1178.1675525089959,595.0703125,48.71
1178.4021680610022,1029.69091796875,42.32
1178.6312666879967,595.0703125,47.81
1178.8609629560087,595.0703125,49.46
1179.0937014230003,456.70458984375,49.88
1179.326353423996,589.4453125,48.79
1179.5605462199892,595.0703125,49.81
1179.7933554369956,456.705078125,48.72
1180.0258841670002,746.94189453125,50.29
1180.260721469007,595.0703125,48.94
1180.4944994699908,595.0703125,49.33
1180.7295639000076,1029.69091796875,39.09
1180.96114884899,595.0703125,50.07
1181.1939079189906,595.0703125,49.13
1181.427087021002,456.70458984375,30.4
1181.6609240399848,589.4453125,48.79
1181.8960604769818,595.0703125,49.33
1182.1279638370033,489.607421875,49.2
1182.3622501519858,724.4423828125,54.0
1182.595273785002,595.0703125,49.6
1182.8268050249899,595.0703125,49.08
1183.0603071489895,1029.69091796875,40.57
1183.2921296319983,595.0703125,48.17
1183.5295550859882,595.0703125,49.38
1183.762704853987,456.70458984375,28.19
1183.9946182720014,589.4453125,48.35
1184.2259684799938,595.0703125,49.19
1184.4569778559962,489.607421875,49.38
1184.6867831489944,724.4423828125,50.24
1184.9188291280007,595.0703125,49.35
1185.149001512007,595.0703125,49.21
1185.384962370008,984.69091796875,28.42
1185.6181680129957,595.0703125,48.8
1185.8509900110075,595.0703125,49.49
1186.0841066039866,456.70458984375,29.93
1186.3189304269908,589.4453125,48.7
1186.5525317270076,595.0703125,48.97
1186.7839703559875,489.607421875,49.33
1187.0156819279946,724.4423828125,50.51
1187.2466016270046,595.0703125,50.15
1187.4780303379812,595.0703125,49.4
1187.7145988249977,465.68896484375,26.07
1187.9483189969906,595.0703125,49.56
1188.1787636980007,595.0703125,48.69
1188.4109591390006,456.70458984375,37.07
1188.642529490986,589.4453125,50.88
1188.8756936469872,595.0703125,50.07
1189.107760437997,489.607421875,49.49
1189.3372345379903,724.4423828125,50.82
1189.5700387260003,595.0703125,49.37
1189.8016262589954,595.0703125,49.16
1190.03784790801,984.69091796875,27.82
1190.270615779009,595.0703125,49.83
1190.5031422729953,595.0703125,49.55
1190.7359334710054,456.70458984375,36.68
1190.966876986,578.18896484375,51.0
1191.1977120359952,595.0703125,48.73
1191.4291102259886,489.607421875,50.29
1191.6609265620064,724.4423828125,53.49
1191.894796476001,595.0703125,48.78
1192.1268330260064,595.0703125,49.25
1192.360893190984,1029.69091796875,36.35
1192.59430368201,595.0703125,49.58
1192.826865726005,595.0703125,48.99
1193.0592832659895,456.70458984375,33.29
1193.2926810460049,589.4453125,49.08
1193.529532394983,595.0703125,49.31
1193.761292577983,489.607421875,49.33
1193.9932478310075,724.4423828125,49.18
1194.224747291999,595.0703125,49.16
1194.4569730449875,595.0703125,49.65
1194.690059118002,1029.69091796875,35.25
1194.920841087005,595.0703125,49.96
1195.1537327179976,595.0703125,49.35
1195.3865307600063,456.70458984375,32.04
1195.6197665749933,589.4453125,48.76
1195.8501635729917,595.0703125,49.24
1196.0829561669962,482.56396484375,49.03
1196.3143084709882,724.4423828125,50.07
1196.547769945988,595.0703125,49.78
1196.7807013170095,595.0703125,49.17
1197.0147091010003,456.70458984375,20.38
1197.2457153349824,595.0703125,50.41
1197.4784887220012,595.0703125,48.86
1197.7095078770071,456.70458984375,37.02
1197.9425549769949,746.9423828125,50.04
1198.1761286899855,595.0703125,49.08
1198.4085431569838,595.0703125,49.47
1198.6432003350055,1029.69091796875,44.88
1198.8745165299915,595.0703125,49.45
1199.1066492529935,595.0703125,49.3
1199.3387749209942,456.70458984375,27.19
1199.5687830369861,527.56396484375,48.16
1199.8025922579982,595.07080078125,49.4
1200.0337833649828,492.419921875,49.81
1200.2688308229845,724.4423828125,54.68
1200.5023478229996,595.0703125,49.85
1200.7378417839936,595.0703125,49.08
1200.9732183399901,1029.69091796875,41.46
1201.2039604989986,595.0703125,49.08
1201.4356541229936,595.0703125,49.38
1201.6694260479999,456.70458984375,28.02
1201.9010229389824,516.31982421875,48.24
1202.1336201840022,595.0703125,49.24
1202.3635627180047,492.419921875,50.41
1202.5977263189852,724.4423828125,49.34
1202.8294120499922,595.0703125,49.7
1203.0615813710028,595.0703125,49.44
1203.292650952004,1029.69091796875,28.68
1203.525228990009,595.0703125,48.73
1203.758819114999,595.0703125,49.58
1203.9931386749959,456.70458984375,28.31
1204.2256018229818,589.4453125,48.28
1204.4568789059995,595.0703125,49.18
1204.6880017759977,492.419921875,50.23
1204.925778748002,724.4423828125,53.64
1205.1572677319928,595.0703125,49.44
1205.3893480039842,595.0703125,49.39
1205.6194467739842,1029.69091796875,28.98
1205.8560015030089,595.0703125,50.2
1206.0883083429944,595.0703125,49.33
1206.321534029994,456.70458984375,38.06
1206.5577452029975,589.4453125,50.92
1206.7922150639934,595.0703125,49.6
1207.0226694729936,492.419921875,50.39
1207.258096593985,724.4423828125,48.89
1207.4911572439887,595.0703125,49.43
1207.7230165340006,595.0703125,49.64
1207.9538556339976,1029.69091796875,25.44
1208.1881105199864,595.0703125,49.44
1208.4207977220067,595.0703125,49.7
1208.654537800001,456.70458984375,40.37
1208.8849211089837,589.4453125,50.71
1209.1159775590058,595.0703125,49.35
1209.3482553449867,489.607421875,49.91
1209.5801019929931,724.4423828125,44.37
1209.8129651979834,595.0703125,50.03
1210.0449152129877,595.0703125,49.82
1210.2782131170097,1029.69091796875,26.26
1210.5123281090055,595.0703125,49.97
1210.7474285769858,595.0703125,49.14
1210.9778201279987,456.70458984375,40.92
1211.2114680829982,589.4453125,50.66
1211.4439235469908,595.0703125,49.3
1211.6764170759998,595.0703125,49.77
1211.908010405983,724.4423828125,43.08
1212.1427469250048,595.0703125,49.5
1212.3751333859982,595.0703125,49.61
1212.6113045389939,984.69091796875,22.78
1212.8459751970076,595.0703125,51.42
1213.0796094629914,595.0703125,48.94
1213.3124034540087,456.70458984375,43.56
1213.5442263559962,589.4453125,51.67
1213.777960565989,595.0703125,49.02
1214.008808885992,595.0703125,49.5
1214.2442494879942,724.4423828125,35.65
1214.4802817940072,595.0703125,49.39
1214.7134629219945,595.0703125,49.34
1214.9537686090043,456.70458984375,32.64
1215.1859683110088,595.0703125,49.23
1215.4177726350026,595.0703125,49.11
1215.6507264949905,456.70458984375,50.53
1215.883798319992,752.2568359375,53.95
1216.1151703189826,595.0703125,49.45
1216.347198976,595.0703125,49.29
1216.5817726230016,724.4423828125,33.41
1216.8166933869943,595.0703125,49.54
1217.0498983309953,595.0703125,49.11
1217.2834738589881,456.70458984375,34.7
1217.5149159099965,595.0703125,49.19
1217.7465871839959,595.0703125,49.56
1217.9780159649963,456.705078125,49.36
1218.209581078001,746.9423828125,48.38
1218.4406758719997,595.0703125,49.79
1218.6751231039816,595.0703125,49.78
1218.9081311619957,724.4423828125,33.01
1219.144101657992,595.0703125,49.27
1219.3762905339827,595.0703125,49.46
1219.6128595799964,456.70458984375,34.24
1219.845052366989,595.0703125,49.51
1220.0781579960021,595.0703125,49.02
1220.3103000079864,456.705078125,49.55
1220.547733702988,724.4423828125,39.89
1220.782210757985,595.0703125,49.53
1221.0126944299845,595.0703125,49.23
1221.2465491890034,1029.69091796875,30.05
1221.4776947579812,595.0703125,50.17
1221.7135775320057,595.0703125,49.49
1221.9479913800023,456.70458984375,43.78
1222.1791402320086,593.759765625,48.87
1222.4100043360086,499.43896484375,49.37
1222.6431250500027,492.419921875,49.44
1222.8726691319898,724.4423828125,33.55
1223.104946498992,595.0703125,49.69
1223.3398818599817,595.0703125,49.54
1223.577831550996,984.69091796875,34.42
1223.8090389310091,595.0703125,49.46
1224.039878171985,595.0703125,49.15
1224.2721195699996,456.70458984375,49.33
1224.5068681020057,589.4453125,47.83
1224.739232072985,595.0703125,50.09
1224.9745671429846,489.607421875,48.74
1225.2059910339885,724.4423828125,31.12
1225.4370912059967,595.0703125,48.81
1225.6672799339867,595.0703125,49.24
1225.9039836360025,456.70458984375,37.16
1226.1345449739893,595.0703125,49.47
1226.3686868539953,595.0703125,49.06
1226.59977501299,456.70458984375,49.38
1226.829541752988,746.9423828125,42.85
1227.0635954230092,595.0703125,50.1
1227.2943920590042,595.0703125,49.77
1227.5323910599982,1029.69091796875,24.1
1227.7682375849981,595.0703125,48.59
1228.000813458988,595.0703125,49.18
1228.2342766799848,456.70458984375,41.73
1228.467178158986,595.0703125,49.34
1228.6990046229912,595.0703125,49.33
1228.9310843349958,456.705078125,49.3
1229.1628579279932,746.9423828125,49.31
1229.3961821630073,595.0703125,49.38
1229.6295020679827,595.0703125,48.81
1229.8616088790004,1029.69091796875,30.33
1230.0942286140053,595.0703125,47.59
1230.3257444179908,595.0703125,49.51
1230.5582950079988,456.70458984375,50.94
1230.7927982539986,595.0703125,49.56
1231.0240961500094,595.0703125,48.98
1231.2551689429965,456.705078125,49.35
1231.4905793729995,724.4423828125,50.06
1231.7208581279847,595.0703125,48.97
1231.9570629450027,595.0703125,49.35
1232.1869252290053,1029.69091796875,33.68
1232.4223835009907,595.0703125,48.74
1232.6543283470091,595.0703125,49.47
1232.8877755049907,456.70458984375,49.95
1233.1169747049862,589.4453125,49.8
1233.3504512670042,595.0703125,48.87
1233.5817412000033,489.607421875,50.5
1233.8166299069999,724.4423828125,51.19
1234.046489187982,595.0703125,49.22
1234.2800581509946,595.0703125,49.33
1234.5132391389925,1029.69091796875,34.99
1234.7469655269815,595.0703125,50.24
1234.9806558059936,595.0703125,48.67
1235.2129129889945,456.70458984375,49.35
1235.4447605449823,589.4453125,48.37
1235.6767266230017,595.0703125,49.21
1235.9085648199834,595.0703125,48.95
1236.1408599269926,724.4423828125,51.36
1236.3724836379988,595.0703125,49.24
1236.6059414820047,595.0703125,48.8
1236.8378162760055,1029.69091796875,37.15
1237.073315046,595.0703125,50.23
1237.3078001219837,595.0703125,49.07
1237.5432137559983,456.70458984375,48.96
1237.776919876982,589.4453125,48.09
1238.0088418009982,595.0703125,49.3
1238.2416076319932,595.0703125,48.82
1238.4734851350076,724.4423828125,50.74
1238.7080487839994,595.0703125,49.4
1238.941865116998,595.0703125,49.88
1239.1805714090005,456.70458984375,25.94
1239.4140544539841,595.0703125,50.21
1239.6467332610046,595.0703125,49.08
1239.8802123939968,456.70458984375,31.24
1240.1139331129962,589.4453125,48.05
1240.346560446982,595.0703125,49.12
1240.5783078329987,489.607421875,48.88
1240.8107107619871,724.4423828125,51.37
1241.04329786601,595.0703125,49.78
1241.276390280982,595.0703125,49.33
1241.5116460699937,465.68896484375,21.91
1241.7468818140042,595.0703125,49.6
1241.9806295619928,595.0703125,49.53
1242.2131913829944,456.70458984375,43.36
1242.4466080069833,746.9423828125,52.44
1242.6811597830092,595.0703125,49.46
1242.9131856320018,489.607421875,49.93
1243.1448621290037,724.4423828125,51.05
1243.3794879369962,595.0703125,49.05
1243.6118595770095,595.0703125,49.31
1243.8432977710036,1029.69091796875,26.28
1244.0753458289837,595.0703125,49.61
1244.3086326159828,595.0703125,49.1
1244.5420634190086,456.70458984375,41.88
1244.7777620790002,746.9423828125,51.73
1245.0154930189892,595.0703125,49.38
1245.248493660998,595.0703125,49.48
1245.4816127560043,724.4423828125,39.44
1245.7119928349857,595.0703125,48.72
1245.9465360899922,595.0703125,48.52
1246.17997331699,1029.69091796875,21.0
1246.4110755680013,595.0703125,50.34
1246.6443453829852,595.0703125,49.58
1246.8777976270067,456.70458984375,42.58
1247.109178690007,752.2568359375,52.3
1247.3419256630004,595.0703125,48.94
1247.5725043040002,595.0703125,49.05
1247.8074719230062,724.4423828125,38.9
1248.0419549029903,595.0703125,49.88
1248.2747328169935,595.0703125,49.48
1248.5097641320026,456.70458984375,27.7
1248.741314701998,595.0703125,50.0
1248.9781739370083,595.0703125,49.04
1249.2098949229985,456.70458984375,44.03
1249.442746382003,499.44482421875,50.33
1249.6758424979926,595.0703125,49.5
1249.9095490390027,595.0703125,49.37
1250.1444371769903,645.68896484375,32.4
1250.376031467982,595.0703125,48.41
1250.6097072779958,599.384765625,49.5
1250.8424571850046,456.70458984375,35.31
1251.0746769869875,595.0703125,49.44
1251.3091626219975,595.0703125,49.5
1251.5420346139872,456.70458984375,50.88
1251.7747363990056,746.9423828125,51.17
1252.0053029579867,595.0703125,48.79
1252.237073811004,595.0703125,49.4
1252.471497844992,724.4423828125,31.21
1252.7028324620042,595.0703125,49.32
1252.934600870998,626.70556640625,49.73
1253.1669933939993,456.70458984375,36.27
1253.4020951100101,595.0703125,50.51
1253.6364449709945,595.0703125,49.01
1253.8733208279882,492.419921875,48.99
1254.1040563349961,724.4423828125,46.2
1254.3365632600035,595.0703125,50.39
1254.5694473350013,595.0703125,49.12
1254.806301331002,1039.85009765625,26.71
1255.040616829996,595.0703125,49.57
1255.2735061419953,595.0703125,49.15
1255.5117544759996,456.70458984375,36.87
1255.745819518983,595.0703125,49.04
1255.9782718269853,595.0703125,49.59
1256.211210309004,456.70458984375,49.17
1256.446755735,746.9423828125,45.8
1256.6792103479966,595.0703125,48.64
1256.9141764289816,595.0703125,48.93
1257.1512053819897,1039.85009765625,22.19
1257.3836446990026,595.0703125,48.46
1257.6189047480002,595.0703125,50.02
1257.855347231991,1029.69091796875,34.05
1258.0882426909811,595.0703125,48.91
1258.3217037349823,595.0703125,49.96
1258.5562228949857,456.70458984375,49.96
1258.7893859210017,589.4453125,49.42
1259.0227064409992,595.0703125,49.15
1259.2542417160003,489.607421875,49.55
1259.4843614219863,724.4423828125,50.58
1259.7182849629899,595.0703125,49.21
1259.949037371989,595.0703125,49.5
1260.186111233983,984.69091796875,41.86
1260.4170800150023,595.0703125,49.94
1260.6487400989863,595.0703125,48.63
1260.8811136239965,456.70458984375,50.45
1261.1145054539957,589.4453125,50.47
1261.3482598369883,595.0703125,48.42
1261.581195804989,489.607421875,49.31
1261.8127002789988,724.4423828125,50.96
1262.0464093339979,595.0703125,49.44
1262.280273788987,595.0703125,49.2
1262.5119358979864,1029.69091796875,39.5
1262.7427695340011,595.0703125,49.85
1262.9757601879828,595.0703125,49.06
1263.2085093969945,456.70458984375,49.47
1263.4415073150012,589.4453125,48.15
1263.672870637005,595.0703125,50.08
1263.903702317999,492.419921875,49.74
1264.138872409996,724.4423828125,50.86
1264.3690780210018,595.0703125,49.99
1264.6011130200059,595.0703125,49.32
1264.834788551001,1029.69091796875,35.25
1265.0704213499848,595.0703125,48.81
1265.305323734996,595.0703125,49.23
1265.541361481999,456.70458984375,49.12
1265.7737991919857,589.4453125,48.12
1266.008415083983,595.0703125,49.5
1266.2375327569898,489.607421875,49.94
1266.4722627709853,724.4423828125,54.74
1266.7030932650086,595.0703125,49.28
1266.9397410159872,595.0703125,49.15
1267.1736089629994,1029.69091796875,44.82
1267.4072094830044,595.0703125,49.13
1267.6396503369906,516.31982421875,49.19
1267.8747089600074,456.70458984375,27.72
1268.107564328995,589.4453125,48.32
1268.3433077590016,595.0703125,49.32
1268.5774555649841,489.607421875,49.3
1268.809519967006,724.4423828125,52.36
1269.0453513989924,595.0703125,49.86
1269.2779300519906,595.0703125,49.21
1269.511029939982,1029.69091796875,32.19
1269.7432531639934,595.0703125,49.66
1269.976773434988,595.0703125,49.27
1270.2085093669884,456.70458984375,23.84
1270.4461992399883,595.0703125,49.39
1270.6817247610015,595.0703125,48.87
1270.9135545619938,492.419921875,49.77
1271.1470459869888,724.4423828125,51.12
1271.3797496589832,595.0703125,50.18
1271.6141347200028,595.0703125,49.41
1271.8461025299912,1029.69091796875,33.76
1272.0814107010083,595.0703125,48.88
1272.3131140169862,595.0703125,49.52
1272.5460916800075,456.70458984375,23.21
1272.780037012999,595.0703125,50.62
1273.0120667029987,595.0703125,49.37
1273.2445949999965,456.70458984375,40.32
1273.4803326329857,746.9423828125,50.88
1273.7160569260013,595.0703125,49.27
1273.9495194359915,595.0703125,49.5
1274.1848577790079,724.4423828125,42.69
1274.4163945909822,499.62060546875,49.67
1274.6525479959964,595.0703125,49.46
1274.8893262839993,456.70458984375,26.38
1275.1225469989877,499.62060546875,48.94
1275.353588277998,595.0703125,49.03
1275.586464041,456.70458984375,42.45
1275.818788885983,589.4453125,49.96
1276.0559997079836,595.0703125,49.08
1276.286088053981,489.607421875,48.67
1276.517675990006,724.4423828125,43.96
1276.7510683099972,595.0703125,47.86
1276.9830301129841,595.0703125,50.02
1277.2181038220006,984.69091796875,25.43
1277.451196028007,595.0703125,50.44
1277.684706800006,595.0703125,49.49
1277.9206195980078,456.70458984375,49.1
1278.153770681005,746.9423828125,52.72
1278.390191443992,595.0703125,48.79
1278.6216522659815,595.07080078125,49.43
1278.8544612599944,724.4423828125,37.53
1279.0858995229937,595.0703125,49.43
1279.3205405579938,595.0703125,48.74
1279.5564654390037,488.18896484375,28.66
1279.7909758680034,595.0703125,48.16
1280.0253506620065,595.0703125,49.12
1280.2596220200066,456.70458984375,50.69
1280.4967680980044,746.9423828125,50.22
1280.7298681259854,595.0703125,49.23
1280.9641049119818,595.0703125,49.32
1281.2009019170073,724.4423828125,26.97
1281.433108519006,595.0703125,49.26
1281.665307438001,595.0703125,49.18
1281.8967794349883,1029.69091796875,27.91
1282.1303864500078,595.0703125,48.76
1282.3639934649982,595.0703125,49.42
1282.5967039109964,456.70458984375,49.9
1282.8290664009983,589.4453125,53.16
1283.0627296399907,595.0703125,49.04
1283.29451711601,595.0703125,49.72
1283.527995551005,724.4423828125,29.39
1283.7628679040063,595.0703125,49.03
1283.9963166560046,595.0703125,49.7
1284.2381314320082,456.70458984375,38.21
1284.4682148889988,595.0703125,48.99
1284.700497199985,595.0703125,49.69
1284.9341204880038,456.70458984375,49.7
1285.1667167409905,589.4453125,49.54
1285.3994745409873,595.0703125,49.54
1285.6316785579838,595.0703125,49.49
1285.8645463589928,724.4423828125,25.5
1286.0979805839888,595.0703125,49.85
1286.3322868630057,595.0703125,48.86
1286.5685261049948,456.70458984375,41.28
1286.8032140040013,595.0703125,49.06
1287.0359613969922,595.0703125,48.92
1287.268488436006,456.70458984375,49.72
1287.498861459986,746.9423828125,50.43
1287.7323305369937,595.0703125,49.05
1287.9630686279852,595.0703125,49.33
1288.2028856260004,713.18896484375,53.75
1288.435994733998,595.0703125,48.92
1288.6706748099823,595.0703125,49.12
1288.906680777989,456.70458984375,46.72
1289.1391608139966,595.0703125,50.33
1289.371676957002,595.0703125,49.1
1289.604472890991,492.419921875,49.08
1289.841560440982,724.4423828125,52.35
1290.073279401986,595.0703125,49.41
1290.3037062750082,595.0703125,49.36
1290.5370404849818,1029.69091796875,34.78
1290.769486995996,595.0703125,49.97
1291.0066802869842,595.0703125,48.54
1291.240602571983,456.70458984375,25.93
1291.4736255639873,589.4453125,48.91
1291.7059851899976,595.0703125,49.53
1291.9367853020085,489.607421875,49.57
1292.1691564529901,724.4423828125,52.07
1292.4028323329985,595.0703125,49.25
1292.6379144929815,595.0703125,49.13
1292.8731065850006,1029.69091796875,30.98
1293.1058335139824,595.0703125,48.76
1293.3410941220063,595.0703125,49.29
1293.5711065490032,456.70458984375,32.32
1293.8062826480018,589.4453125,47.78
1294.0379538359994,488.18896484375,49.25
1294.271090461989,492.419921875,49.85
1294.5048383490066,724.4423828125,52.48
1294.7372692149947,595.0703125,49.31
1294.9698487760033,595.0703125,49.29
1295.2045495960047,1029.69091796875,30.05
1295.4390445899917,595.0703125,49.43
1295.673665788985,595.0703125,49.14
1295.909540313005,456.70458984375,38.68
1296.1413375679986,589.4453125,51.62
1296.3767306669906,595.0703125,49.28
1296.6084184079955,489.607421875,49.91
1296.8454608400061,724.4423828125,47.69
1297.077994724008,595.0703125,48.81
1297.3111578899843,595.0703125,49.06
1297.5442000879848,1029.69091796875,26.38
1297.7801109300053,595.0703125,49.74
1298.0128152999969,595.0703125,49.38
1298.2456787010015,456.70458984375,41.85
1298.478834532987,589.4453125,51.28
1298.712044143991,595.0703125,49.53
1298.9435592340014,489.607421875,49.29
1299.1749656489992,724.4423828125,41.4
1299.409022451,595.0703125,49.51
1299.6415157559968,595.0703125,49.99
1299.875326571986,1029.69091796875,23.09
1300.1074406319822,595.0703125,49.84
1300.3389692720084,595.0703125,49.06
1300.5695739639923,456.70458984375,41.92
1300.7986157889827,589.4453125,51.95
1301.0302079849935,595.0703125,49.63
1301.2615707489895,595.0703125,48.9
1301.4965131540084,1079.78759765625,37.49
1301.7264924040064,595.0703125,49.16
1301.9582076689985,595.0703125,48.95
1302.1932486470032,456.70458984375,32.96
1302.4255399059912,595.0703125,47.98
1302.6565031019854,595.0703125,48.34
1302.8889661050052,456.70458984375,43.51
1303.121706245991,746.9423828125,51.52
1303.3536674979841,595.0703125,49.33
1303.5862500729854,595.0703125,49.3
1303.8211603740056,724.4423828125,40.35
1304.0558374699904,595.0703125,50.63
1304.2899365460034,595.0703125,48.83
1304.526234068995,456.70458984375,30.21
1304.7574174089823,595.0703125,48.51
1304.98904145899,595.0703125,48.77
1305.2181537459837,456.705078125,50.13
1305.4498659370001,724.4423828125,48.85
1305.6818306109926,595.0703125,49.78
1305.9140238809923,595.0703125,49.2
1306.1492947819934,724.4423828125,36.41
1306.3897805099841,595.0703125,49.21
1306.6235204529949,595.0703125,48.69
1306.8606915019918,456.70458984375,33.06
1307.0938057909952,595.0703125,49.5
1307.3248018829909,595.0703125,48.99
1307.561364808993,456.705078125,50.59
1307.7919426109875,544.44189453125,46.4
1308.0262899780064,595.0703125,49.25
1308.2578146409942,595.0703125,49.47
1308.4929606629885,1029.69091796875,20.1
1308.7252705009887,595.0703125,50.06
1308.957869698992,595.0703125,48.94
1309.191939020995,456.70458984375,35.1
1309.423315616994,595.0703125,50.11
1309.6533846829843,595.0703125,49.44
1309.8882289129833,456.705078125,49.16
1310.1186298730026,745.76025390625,46.86
1310.3536233569903,595.0703125,49.09
1310.5892387939966,595.0703125,49.24
1310.8212929370056,1029.69091796875,21.72
1311.0526223189954,595.0703125,48.99
1311.287518511992,595.0703125,49.37
1311.5249488879927,456.70458984375,41.06
1311.7562541750085,595.0703125,50.3
1311.9913191089872,595.0703125,48.42
1312.223336583993,456.70458984375,49.83
1312.458637726988,746.9423828125,46.63
1312.6890631319839,595.0703125,49.87
1312.924987692997,595.0703125,49.31
1313.1597336539999,1029.69091796875,22.41
1313.3911511089827,595.0703125,50.07
1313.6219058230054,595.0703125,49.8
1313.8548154720047,456.70458984375,42.8
1314.0881494880014,595.0703125,49.54
1314.3200460649969,595.0703125,48.89
1314.5507002049999,456.70458984375,50.42
1314.786210877006,746.9423828125,45.74
1315.0168981229945,595.0703125,49.67
1315.2474452639872,595.0703125,49.16
1315.4804103689967,724.4423828125,28.15
1315.7142410379893,595.0703125,49.05
1315.9469020460092,595.0703125,48.94
1316.1791389680002,456.70458984375,39.85
1316.4105406379967,595.0703125,50.39
1316.6403329159948,595.0703125,49.52
1316.8736139200046,456.705078125,49.99
1317.1035840880068,746.9423828125,46.13
1317.3353887519916,595.0703125,49.64
1317.5677029200015,595.0703125,50.17
1317.801614816999,724.4423828125,29.93
1318.0337540979963,595.0703125,48.98
1318.265910910006,595.0703125,49.39
1318.5002186069905,984.69091796875,34.28
1318.73409914301,595.0703125,48.57
1318.9646811359853,595.0703125,48.9
1319.1975462260016,456.70458984375,50.18
1319.4289273610048,746.9423828125,48.49
1319.6591277319822,595.0703125,49.35
1319.8895246399916,595.0703125,49.62
1320.1195435590053,1029.69091796875,20.84
1320.3504116279946,595.0703125,50.55
1320.5816874410084,595.0703125,50.56
1320.8137599519978,456.70458984375,35.96
1321.048922596994,595.0703125,49.7
1321.2794589120022,595.0703125,49.0
1321.512123063003,456.705078125,49.69
1321.7456006759894,746.9423828125,50.04
1321.978321818984,595.0703125,49.42
1322.210747108009,595.0703125,49.24
1322.4430223039817,1029.69091796875,22.74
1322.6740948729857,595.0703125,50.24
1322.906994046003,595.0703125,49.26
1323.140870881005,456.70458984375,41.22
1323.373275216989,493.99560546875,49.28
1323.604154111992,595.0703125,48.58
1323.8352489619865,456.70458984375,50.86
1324.0696871950058,746.9423828125,49.84
1324.3001524099964,595.0703125,48.97
1324.5335161080002,595.0703125,48.85
1324.7669381960004,1029.69091796875,27.67
1325.0000014999823,595.0703125,49.46
1325.2313660130021,595.0703125,49.01
1325.4656173459953,456.70458984375,39.51
1325.6982400809939,595.0703125,50.3
1325.9319380479865,595.0703125,49.44
1326.1621904519852,456.705078125,49.37
1326.3953381259926,746.9423828125,50.18
1326.6282665629988,595.0703125,48.92
1326.860540291993,477.03857421875,49.79
1327.0915339390049,724.4423828125,37.47
1327.325123860006,595.0703125,50.07
1327.5557166079816,595.0703125,48.79
1327.7930765129859,456.70458984375,31.27
1328.0234261369915,595.0703125,48.72
1328.256780058,595.0703125,49.6
1328.4878971879953,456.70458984375,51.0
1328.7198382549977,746.9423828125,49.55
1328.9512855320063,595.0703125,49.06
1329.185052713001,595.0703125,48.92
1329.4204797139973,1029.69091796875,27.23
1329.6539587230072,595.0703125,48.89
1329.8882428130019,595.0703125,49.2
1330.1228650120029,984.69091796875,27.8
1330.3537917489884,595.0703125,48.99
1330.5847737329896,595.0703125,49.45
1330.817086644005,456.70458984375,50.37
1331.0518747899914,746.9423828125,50.55
1331.28303396501,595.0703125,49.49
1331.5172140579962,595.0703125,49.64
1331.7505190889933,1029.69091796875,24.46
1331.9849071750068,595.0703125,48.55
1332.218559394998,595.0703125,49.71
1332.4506918319967,456.70458984375,40.95
1332.6838698179927,595.0703125,50.15
1332.9158685049915,595.0703125,49.35
1333.1491935109952,456.70458984375,51.02
1333.383321292,746.9423828125,51.13
1333.6178643589956,595.0703125,48.7
1333.8501342469826,595.0703125,48.92
1334.0848047079926,724.4423828125,27.19
1334.3139473070041,595.0703125,49.37
1334.5479988890002,595.0703125,49.24
1334.7817082410038,456.70458984375,40.02
1335.0146099980047,595.0703125,51.05
1335.2464110300061,595.0703125,49.31
1335.4801719259995,456.70458984375,48.97
1335.7143136750092,746.9423828125,46.16
1335.9463417659863,595.0703125,48.6
1336.1781813520065,595.0703125,49.17
1336.4127091229893,724.4423828125,27.99
1336.6488200259919,595.0703125,49.58
1336.8809456180024,595.0703125,49.12
1337.115493505,456.70458984375,39.33
1337.3479899629892,595.0703125,49.46
1337.5794961180072,595.0703125,49.37
1337.8113572849834,456.705078125,49.52
1338.0430614439829,724.4423828125,40.69
1338.2767169470026,595.0703125,49.17
1338.5120648150041,595.0703125,50.32
1338.7455820289906,724.4423828125,20.2
1338.9791841009865,595.0703125,48.99
1339.2111743380083,595.0703125,49.3
1339.4461482669867,456.70458984375,39.41
1339.676312458003,595.0703125,49.23
1339.9095651069947,595.0703125,48.97
1340.1404680979904,456.705078125,49.34
1340.369531214994,746.9423828125,40.66
1340.6040891589946,595.0703125,49.69
1340.839081246988,595.0703125,49.32
1341.068776722008,1029.69091796875,28.44
1341.2994803809852,595.0703125,50.14
1341.5317560659896,595.0703125,49.2
1341.7649316079915,456.70458984375,43.49
1341.9972234260058,595.0703125,48.47
1342.2298911399848,595.0703125,49.34
1342.4602799459826,456.705078125,49.91
1342.6908791199967,724.4423828125,42.83
1342.9254582959984,595.0703125,49.06
1343.1589908059977,595.0703125,49.58
1343.3902287629899,1029.69091796875,27.56
1343.6204917829891,595.0703125,49.77
1343.8516226020001,595.0703125,49.63
1344.0824083260086,456.70458984375,46.42
1344.3135433349817,589.4453125,51.2
1344.5441312640032,595.0703125,49.82
1344.7784345609834,456.70458984375,49.72
1345.0094988189812,746.9423828125,49.19
1345.2402021989983,595.0703125,49.41
1345.4692936720094,489.607421875,49.47
1345.7004857430002,724.4423828125,35.87
1345.9303079840029,595.0703125,49.41
1346.1608815249929,595.0703125,49.29
1346.3955936119892,456.70458984375,33.12
1346.6274644869845,615.45556640625,50.82
1346.8639169920061,595.0703125,50.02
1347.096142947994,456.70458984375,50.8
1347.3299527339987,746.9423828125,48.95
1347.5633082609857,595.0703125,49.64
1347.7931352510059,489.607421875,48.92
1348.0249570960004,724.4423828125,35.82
1348.256724952982,595.0703125,49.28
1348.4875918350008,595.0703125,49.13
1348.724321546004,456.70458984375,32.12
1348.9573101880087,595.0703125,49.82
1349.1905010949995,595.0703125,49.59
1349.4225263929984,456.70458984375,50.87
1349.6575631799933,746.9423828125,49.24
1349.8899995039974,595.0703125,48.99
1350.1239661569998,595.0703125,49.39
1350.3608500819828,724.4423828125,26.33
1350.5924585569883,595.0703125,49.47
1350.8263666119892,595.0703125,49.69
1351.0586274899833,1029.69091796875,27.62
1351.2929666150012,595.0703125,49.42
1351.5255811089883,595.0703125,49.31
1351.7568996649934,456.70458984375,49.63
1351.9859760520048,589.4453125,51.18
1352.2160971509875,595.0703125,50.14
1352.4470275199856,595.0703125,49.7
1352.6775705409818,724.4423828125,34.28
1352.910323182994,595.0703125,49.49
1353.1417312779813,595.0703125,49.13
1353.3795045829902,456.70458984375,33.81
1353.61018812799,595.0703125,47.77
1353.8417461759818,595.0703125,49.41
1354.074350401992,456.70458984375,44.95
1354.3109570500092,589.4453125,51.17
1354.5456755629857,595.0703125,49.5
1354.777158390003,489.607421875,49.0
1355.0102443929936,724.4423828125,37.46
1355.2440316200082,595.0703125,48.93
1355.477921935002,595.0703125,48.67
1355.7116597119893,624.3935546875,31.62
1355.9454551799863,595.0703125,49.88
1356.177067356999,595.0703125,49.57
1356.4099645740062,456.70458984375,51.26
1356.6415536330023,589.4453125,52.98
1356.8708366859937,595.0703125,50.09
1357.1026542699838,489.607421875,49.41
1357.3334471879934,724.4423828125,41.22
1357.567094380007,595.0703125,49.36
1357.8003844640043,595.0703125,49.52
1358.037170887983,984.69091796875,28.98
1358.268183881999,595.0703125,47.96
1358.499711618002,595.0703125,49.42
1358.7328095639823,456.70458984375,50.74
1358.9663356480014,746.9423828125,51.24
1359.1986949349812,595.0703125,49.18
1359.430945266009,595.0703125,50.03
1359.660844612983,724.4423828125,30.89
1359.8932894580066,595.0703125,49.47
1360.1254236410023,595.0703125,49.42
1360.3616571179882,984.69091796875,29.37
1360.5920480900095,595.0703125,47.89
1360.8234480129904,595.0703125,48.85
1361.054214461008,456.70458984375,50.31
1361.2909487819998,746.9423828125,52.57
1361.524758079002,595.0703125,50.04
1361.7567416809907,595.0703125,49.87
1361.994808116986,1029.69091796875,26.76
1362.2277430499962,599.384765625,49.11
1362.4581694320077,595.0703125,50.05
1362.694675924984,465.68896484375,33.5
1362.9281662489811,595.0703125,49.08
1363.1610829529818,595.0703125,49.91
1363.3940671249875,456.70458984375,50.64
1363.624409067008,589.4453125,52.29
1363.8539923749922,595.0703125,48.99
1364.0856431739812,595.0703125,48.65
1364.3192407070019,724.4423828125,28.13
1364.5509747600008,493.99560546875,49.51
1364.7836138379935,595.0703125,49.18
1365.0195791180013,456.70458984375,40.21
1365.254574208986,595.0703125,48.99
1365.4890552549914,595.0703125,50.15
1365.7237409419904,456.70458984375,49.76
1365.9531800789991,589.4453125,48.95
1366.1847871619975,595.0703125,49.04
1366.416081415984,595.0703125,49.12
1366.6507176049927,724.4423828125,25.99
1366.882013955008,615.45556640625,49.04
1367.1158345830045,595.0703125,49.58
1367.3491651910008,456.70458984375,41.64
1367.5821217869816,595.0703125,48.82
1367.814302911982,595.0703125,49.27
1368.0458168239857,456.705078125,50.14
1368.2782977870083,724.4423828125,38.33
1368.5110670629947,595.0703125,49.18
1368.7442973050056,595.0703125,49.75
1368.979086590989,1029.69091796875,20.35
1369.2110204010096,595.0703125,49.26
1369.4421234939946,595.0703125,49.26
1369.6767904839944,456.70458984375,44.54
1369.9107520569814,595.0703125,48.84
1370.144249031,595.0703125,49.17
1370.3763990759908,492.419921875,50.42
1370.6110292589874,724.4423828125,49.87
1370.8442441360094,493.99560546875,49.5
1371.0785662389826,595.0703125,49.1
1371.3089879409818,1029.69091796875,32.55
1371.545505151007,595.0703125,50.42
1371.7770680929825,595.0703125,49.02
1372.0114102420048,456.70458984375,44.01
1372.2428233689861,595.0703125,49.35
1372.475028521003,595.0703125,48.92
1372.705520204996,456.705078125,48.86
1372.9398624239839,724.4423828125,49.72
1373.1716246980068,595.0703125,48.51
1373.4030547979928,493.99560546875,49.37
1373.6338365419942,1029.69091796875,34.07
1373.87076114901,595.0703125,48.69
1374.104673830996,595.0703125,49.42
1374.3362677129917,456.70458984375,49.69
1374.56909635599,589.4453125,49.0
1374.8034700739954,488.18896484375,49.72
1375.0344850249821,492.419921875,48.31
1375.2659404079895,724.4423828125,51.45
1375.4964056909957,595.0703125,49.24
1375.728525633982,595.0703125,49.96
1375.9607483859872,1029.69091796875,35.01
1376.1952672379848,595.0703125,50.35
1376.4291166419862,595.0703125,49.03
1376.661813490995,456.70458984375,49.39
1376.8936358309875,746.9423828125,48.85
1377.1277727799898,595.0703125,49.33
1377.3609175340098,595.0703125,49.47
1377.5929390669917,724.4423828125,51.84
1377.8275515789865,595.0703125,49.04
1378.059084627981,595.0703125,48.64
1378.2902333989914,1029.69091796875,37.62
1378.521661612991,716.70556640625,49.76
1378.7524955990084,595.0703125,48.96
1378.9867829910072,456.70458984375,49.09
1379.218287263997,746.9423828125,49.69
1379.4529379809974,595.0703125,49.84
1379.6835384109872,595.0703125,49.49
1379.9191697979986,724.4423828125,49.54
1380.1530026489927,595.0703125,49.5
1380.3836590239953,595.0703125,49.73
1380.6167264620017,984.69091796875,31.16
1380.852025184984,595.0703125,50.28
1381.087663557002,595.0703125,48.28
1381.3206494179904,456.70458984375,48.93
1381.5536461739975,589.4453125,48.94
1381.7851123120054,595.0703125,49.19
1382.018297645991,595.0703125,49.24
1382.2531296059897,724.4423828125,46.12
1382.489055173006,595.0703125,50.12
1382.723139320995,595.0703125,49.37
1382.9586348629964,456.70458984375,21.13
1383.1918312310008,595.0703125,50.06
1383.4254003539972,595.0703125,49.67
1383.6575555669842,456.70458984375,39.16
1383.8882961029885,589.4453125,51.02
1384.1255864799896,595.0703125,49.24
1384.3546442799852,489.607421875,50.03
1384.5871352299873,724.4423828125,50.56
1384.8184577710053,595.0703125,49.4
1385.05146151199,595.0703125,49.03
1385.2850301449944,465.68896484375,22.29
1385.519984191982,595.0703125,50.1
1385.7526341060002,595.0703125,49.74
1385.9859419440036,456.70458984375,43.47
1386.2186932009936,746.9423828125,51.26
1386.452052793,595.0703125,48.56
1386.683087159996,489.607421875,50.1
1386.9138258110033,724.4423828125,46.11
1387.146000579989,595.0703125,49.5
1387.3775623349939,595.0703125,49.39
1387.61194247799,984.69091796875,22.78
1387.8458674529975,595.0703125,50.36
1388.078394023003,595.0703125,49.2
1388.3120169249887,456.70458984375,42.95
1388.5471494910016,746.9423828125,52.07
1388.7814710359962,595.0703125,49.21
1389.0172395260015,595.0703125,49.13
1389.2511874089832,724.4423828125,39.31
1389.4828048280033,595.0703125,48.95
1389.7165928400063,595.0703125,49.06
1389.9502280339948,1029.69091796875,24.02
1390.1842762120068,595.0703125,49.88
1390.4186875759915,595.0703125,48.96
1390.652272064006,456.70458984375,42.09
1390.883589715988,589.4453125,50.79
1391.1144558299857,595.0703125,49.33
1391.3447645249835,595.0703125,49.53
1391.5787844159931,724.4423828125,38.41
1391.8134323389968,595.0703125,49.57
1392.049001915002,595.0703125,49.07
1392.2840644980024,456.70458984375,29.71
1392.518560720986,595.0703125,49.18
1392.748602125008,595.07080078125,49.22
1392.9794791360036,456.70458984375,42.47
1393.210479698988,779.63525390625,53.12
1393.4445202639909,595.0703125,49.03
1393.6780349079927,595.0703125,49.32
1393.9120048620098,724.4423828125,37.67
1394.1452112179832,595.0703125,49.92
1394.3792538779962,595.0703125,49.78
1394.6157194749976,456.70458984375,31.67
1394.8468425429892,595.0703125,48.37
1395.0809378649865,595.0703125,49.18
1395.3107462720072,456.705078125,49.92
1395.5426808499906,746.9423828125,47.93
1395.7748047740024,595.0703125,50.05
1396.005886075989,595.0703125,48.84
1396.23865423401,724.4423828125,37.22
1396.472991215007,595.0703125,50.0
1396.707388329989,595.0703125,49.07
1396.9457714059972,456.70458984375,32.68
1397.1766333300038,615.45556640625,49.72
1397.407947839005,516.31982421875,49.28
1397.6380791319825,456.70458984375,50.72
1397.8683503899956,746.9423828125,49.98
1398.099676911981,595.0703125,48.97
1398.331638379983,595.0703125,49.42
1398.5661793029867,724.4423828125,32.84
1398.7963085699885,595.0703125,49.69
1399.0305607609916,595.0703125,49.42
1399.2629900389875,1029.69091796875,24.85
1399.494022450992,595.0703125,50.19
1399.7231331919902,595.0703125,48.93
1399.9556810650101,456.70458984375,47.86
1400.1886155210086,746.9423828125,50.43
1400.4258576360007,599.384765625,48.98
1400.6596184079826,595.0703125,49.64
1400.8925412700046,1029.69091796875,30.94
1401.1221212189994,595.0703125,48.76
1401.35178868199,595.0703125,50.26
1401.582831081003,456.70458984375,34.19
1401.8209383460053,595.0703125,48.87
1402.053598806,595.0703125,49.34
1402.2861186020018,456.70458984375,50.63
1402.5217099690053,746.9423828125,51.04
1402.7565399739833,595.0703125,49.52
1402.992778579006,595.0703125,49.06
1403.2282608509995,1029.69091796875,29.49
1403.4605416429986,595.0703125,49.99
1403.69192341101,595.0703125,49.42
1403.9258166759973,456.70458984375,38.26
1404.156206388987,589.4453125,49.39
1404.3869833140052,599.384765625,49.4
1404.6157968019834,492.419921875,49.6
1404.8473248909868,724.4423828125,45.68
1405.0808289900015,595.0703125,49.28
1405.312160400994,595.0703125,49.45
1405.5471847099834,1029.69091796875,25.78
1405.780527260009,595.0703125,49.04
1406.0159845979942,595.0703125,49.34
1406.250457563001,456.70458984375,41.18
1406.4811892989965,589.4453125,49.75
1406.714859484986,595.0703125,49.17
1406.9460519079876,474.12646484375,49.35
1407.1811862199975,724.4423828125,44.18
1407.411213933985,595.0703125,49.49
1407.646714714996,595.0703125,49.56
1407.8801967430045,1029.69091796875,25.61
1408.1119358989818,595.0703125,49.28
1408.3423259609845,595.0703125,49.52
1408.5786354579905,456.70458984375,37.21
1408.8101549569983,595.0703125,49.55
1409.044310553989,595.0703125,49.06
1409.2755290979985,456.705078125,49.29
1409.509628750995,724.4423828125,44.01
1409.739030598983,595.0703125,48.68
1409.9701657499827,595.0703125,49.62
1410.2019608510018,1029.69091796875,24.86
1410.4356519200082,595.0703125,49.45
1410.6666767889983,595.0703125,49.27
1410.8976203599887,456.70458984375,39.49
1411.131693820993,493.81982421875,50.14
1411.3652604289819,595.0703125,49.36
1411.5965168979892,492.419921875,49.41
1411.829911970999,724.4423828125,43.42
1412.0618973250093,595.0703125,48.99
1412.2926023809996,595.0703125,49.32
1412.5251197319885,1029.69091796875,23.45
1412.7548930069897,595.0703125,48.84
1412.9892991329834,595.0703125,49.46
1413.2217754159938,456.70458984375,50.47
1413.453851986007,746.9423828125,53.46
1413.6875396329851,716.70556640625,48.99
1413.9195577430073,489.607421875,49.31
1414.1511212440091,724.4423828125,43.95
1414.3859042440017,595.0703125,48.47
1414.6190142859996,595.0703125,49.05
1414.8512444410007,1029.69091796875,24.68
1415.081348843989,595.0703125,49.73
1415.3126093639876,595.0703125,49.38
1415.5458255679987,456.70458984375,49.34
1415.7792726740008,746.9423828125,53.3
1416.013318057987,595.0703125,49.15
1416.2484701109934,595.0703125,49.55
1416.4837125400081,1029.69091796875,28.8
1416.7160652710008,595.0703125,49.0
1416.950319695985,595.0703125,49.46
1417.1819109949865,1029.69091796875,27.35
1417.412845276005,595.0703125,49.24
1417.6452089019876,595.0703125,49.11
1417.8766298519913,456.70458984375,50.69
1418.109923232987,746.9423828125,51.33
1418.3429062299838,595.0703125,49.42
1418.5754455119895,595.0703125,49.37
1418.8123824810027,724.4423828125,29.93
1419.0483009949967,595.0703125,49.24
1419.281986964983,595.0703125,50.06
1419.5178645509877,984.69091796875,34.85
1419.7520148399926,595.0703125,50.28
1419.983531684993,595.0703125,49.2
1420.2151735489897,456.70458984375,46.46
1420.447992832982,589.4453125,51.54
1420.6796103229863,595.0703125,49.78
1420.912259328994,489.607421875,49.43
1421.1429136779916,724.4423828125,34.07
1421.374261363002,595.0703125,49.31
1421.608838115004,595.0703125,49.22
1421.845340030006,456.70458984375,34.48
1422.0797539780033,595.0703125,49.45
1422.3129299519933,595.0703125,49.49
1422.5459054060047,456.70458984375,49.99
1422.7804463290086,589.4453125,47.81
1423.0128708590055,595.0703125,49.15
1423.2469604540092,489.607421875,49.45
1423.4784885440022,724.4423828125,29.53
1423.7107388139993,595.0703125,49.45
1423.9422425979865,595.0703125,49.39
1424.178656789998,456.70458984375,38.32
1424.4136658030038,595.0703125,49.42
1424.6467755659833,595.0703125,48.89
1424.8791601450066,456.70458984375,49.31
1425.1146510069957,746.9423828125,49.23
1425.3506691869989,595.0703125,49.54
1425.5794965039822,595.0703125,50.37
1425.8101150239818,724.4423828125,21.76
1426.0482850080007,595.0703125,49.69
1426.2837123129866,595.0703125,49.7
1426.5164153779915,1029.69091796875,35.83
1426.7483337520098,595.0703125,50.06
1426.979941883008,595.0703125,49.23
1427.213635884982,456.70458984375,49.16
1427.4451285639952,746.9423828125,47.83
1427.6787821269827,595.0703125,49.15
1427.9116160789854,595.0703125,49.38
1428.1480601629883,1029.69091796875,47.85
1428.386280434992,595.0703125,49.67
1428.617215065984,595.0703125,49.92
1428.853588539001,984.69091796875,31.85
1429.0873570639815,595.0703125,49.36
1429.320490573009,595.0703125,48.61
1429.5560815210047,456.70458984375,32.1
1429.786616088997,589.4453125,50.13
1430.0205145229993,595.0703125,49.3
1430.251329163002,595.0703125,49.65
1430.4906640189874,1034.03955078125,47.25
1430.723585603002,595.0703125,50.36
1430.9580419230042,595.0703125,49.38
1431.1952953230066,456.70458984375,23.04
1431.4260324210045,488.18896484375,51.0
1431.6594635809888,595.0703125,49.64
1431.8911997159885,456.70458984375,38.14
1432.1258980419952,589.4453125,48.88
1432.356915908982,595.0703125,48.46
1432.590553455986,595.0703125,49.32
1432.8233361220045,724.4423828125,41.98
1433.0560834470089,621.08056640625,48.11
1433.2900440189987,595.0703125,49.6
1433.525767084997,456.70458984375,24.6
1433.757326655992,595.0703125,49.13
1433.9885717929865,595.0703125,49.43
1434.2192179539998,456.70458984375,40.63
1434.4502455299953,499.43896484375,51.65
1434.6820308339957,595.0703125,48.85
1434.9154795949871,492.419921875,49.14
1435.149020618992,724.4423828125,52.6
1435.382390387007,595.0703125,48.77
1435.6164022930025,595.0703125,49.12
1435.8480907249905,1029.69091796875,32.72
1436.080792024004,595.0703125,49.3
1436.3142674650007,595.0703125,49.51
1436.5467576969822,456.70458984375,34.69
1436.778896687989,589.4453125,50.01
1437.0138176739856,516.31982421875,49.41
1437.2452328089857,489.607421875,49.46
1437.4760867540026,724.4423828125,47.49
1437.709327102988,595.0703125,48.83
1437.941746653989,621.08056640625,50.03
1438.175194994983,1029.69091796875,31.06
1438.4083267379901,595.0703125,49.96
1438.6400894830003,595.0703125,49.31
1438.8717026239901,456.70458984375,36.43
1439.1042653530021,589.4453125,49.6
1439.3354194849962,499.62060546875,48.8
1439.5683381349954,489.607421875,48.98
1439.8015577399929,724.4423828125,47.15
1440.0338095979823,595.0703125,50.77
1440.2659949639929,595.0703125,49.54
1440.5025479769974,984.69091796875,21.46
1440.736131534999,595.0703125,49.63
1440.9665514049993,595.0703125,50.04
1441.198496300989,456.70458984375,33.56
1441.4308576720068,589.4453125,50.29
1441.6630260669917,595.0703125,48.92
1441.8950004369835,489.607421875,49.69
1442.126394899009,724.4423828125,49.05
1442.3608235599822,595.0703125,49.87
1442.5950169900025,595.0703125,49.3
1442.8277863849944,1029.69091796875,24.6
1443.0592715730018,595.0703125,49.84
1443.292159073986,595.0703125,49.83
1443.52413169801,456.70458984375,35.12
1443.7544776730065,589.4453125,50.49
1443.9879900609958,595.0703125,49.58
1444.2207674889942,492.419921875,50.21
1444.4539069839811,724.4423828125,52.61
1444.6877579019929,595.0703125,49.54
1444.919018822984,599.384765625,49.15
1445.1518949389865,1029.69091796875,31.48
1445.383507452003,595.0703125,49.21
1445.6175701339962,595.0703125,50.3
1445.8508993239957,456.70458984375,35.13
1446.0831997219939,589.4453125,50.7
1446.3164417469816,595.0703125,49.31
1446.54942660901,489.607421875,49.42
1446.7859094989835,724.4423828125,49.67
1447.020746812981,595.0703125,49.2
1447.2540139810008,595.0703125,49.58
1447.4862555720028,1029.69091796875,30.45
1447.7180699309974,595.0703125,50.1
1447.949572440004,595.0703125,49.19
1448.183391648985,456.70458984375,37.24
1448.4142113709822,589.4453125,50.02
1448.6533657649998,533.18896484375,49.04
1448.8832071929937,489.607421875,49.18
1449.1161734769994,724.4423828125,44.93
1449.347050470009,595.0703125,49.25
1449.5799501930014,595.0703125,49.12
1449.8112954850076,1029.69091796875,22.9
1450.0480379129876,595.0703125,50.44
1450.2826784089848,595.0703125,48.66
1450.5159110749955,456.70458984375,34.21
1450.7468972330098,589.4453125,49.15
1450.9793224410096,595.0703125,49.8
1451.2115493640013,489.607421875,50.04
1451.4488418079854,724.4423828125,50.48
1451.6804627009842,595.0703125,49.63
1451.9123441799893,595.0703125,49.45
1452.1433982960007,1029.69091796875,26.29
1452.3759112969856,595.0703125,50.77
1452.6075398729881,595.0703125,48.93
1452.841526845994,456.70458984375,30.03
1453.073670305981,595.0703125,48.06
1453.3076004959876,595.0703125,49.21
1453.5383285139978,456.705078125,49.81
1453.771832311002,724.4423828125,51.62
1454.0040004269977,595.0703125,49.31
1454.2405070640089,595.0703125,49.56
1454.4714127629995,1029.69091796875,28.9
1454.7045134939835,595.0703125,49.28
1454.935309189983,595.0703125,48.83
1455.167851945007,456.70458984375,38.22
1455.4024249720096,589.4453125,50.17
1455.6372342789837,595.0703125,48.28
1455.8677321629948,456.705078125,50.36
1456.1016993699886,746.9423828125,53.84
1456.332833455992,595.0703125,48.91
1456.5656392399978,595.0703125,49.56
1456.7994300230057,1029.69091796875,32.84
1457.0341544009862,595.0703125,48.31
1457.2674861740088,595.0703125,49.08
1457.5005741939822,456.70458984375,35.04
1457.7327989529877,589.4453125,50.03
1457.9653016869852,595.0703125,49.09
1458.1962351829861,489.607421875,48.96
1458.4263953760092,724.4423828125,45.83
1458.6571025800076,595.0703125,49.01
1458.8934529079997,595.0703125,49.57
1459.1262082649919,1029.69091796875,30.65
1459.363007265987,595.0703125,48.96
1459.5979249689844,595.0703125,48.85
1459.8318400729913,456.70458984375,36.58
1460.062947619008,589.4453125,51.04
1460.2950284300023,595.0703125,49.62
1460.5287245060026,489.607421875,49.92
1460.758779094991,724.4423828125,42.68
1460.9959125049936,595.0703125,48.75
1461.2306238919846,595.0703125,49.54
1461.4649718840083,984.69091796875,27.27
1461.6972120779974,595.0703125,49.69
1461.9291931529879,595.0703125,48.35
1462.161105642008,456.70458984375,38.06
1462.3932786459918,589.4453125,50.82
1462.6242304419866,595.0703125,48.97
1462.8581282939995,489.607421875,48.98
1463.0923865379882,724.4423828125,45.59
1463.323025435995,595.0703125,49.86
1463.5523030890035,595.0703125,48.95
1463.7850444079959,1029.69091796875,21.18
1464.0211249309941,595.0703125,49.89
1464.2533346730052,595.0703125,49.71
1464.4850500650064,456.70458984375,44.76
1464.7165982509905,589.4453125,52.85
1464.9492081950011,595.0703125,48.98
1465.182162045996,492.42041015625,49.81
1465.4161753499939,724.4423828125,47.78
1465.647016723,595.0703125,49.27
1465.8788637690013,595.0703125,49.52
1466.1120101090055,1029.69091796875,21.85
1466.3428205419914,595.0703125,49.92
1466.5784076229902,595.0703125,49.14
1466.8123629559996,456.70458984375,49.51
1467.0479116929928,746.9423828125,52.71
1467.2829688040074,595.0703125,49.41
1467.5154773349932,489.607421875,49.17
1467.7490992370003,724.4423828125,36.79
1467.9801303749846,595.0703125,49.9
1468.2155487840064,516.31396484375,48.61
1468.4469141220034,1029.69091796875,23.15
1468.6821194390068,595.0703125,49.9
1468.9145046269987,595.0703125,49.01
1469.147151866986,456.70458984375,48.94
1469.3804015750065,589.4453125,51.81
1469.6155320910038,595.0703125,49.27
1469.8467292450077,489.607421875,49.3
1470.0806657909998,724.4423828125,29.44
1470.317199387995,595.0703125,49.64
1470.546631114994,595.0703125,49.6
1470.7793782310036,984.69091796875,32.92
1471.01294796,595.0703125,49.08
1471.2464472870051,595.0703125,48.88
1471.478386525996,456.70458984375,50.65
1471.715435007005,589.4453125,51.19
1471.9485448880005,595.0703125,49.4
1472.1801375649811,489.607421875,49.22
1472.4130935120047,724.4423828125,32.42
1472.6458271479933,595.0703125,49.96
1472.8780220129993,595.0703125,49.27
1473.1129450949957,984.69091796875,33.99
1473.3438136370096,595.0703125,50.03
1473.5780802619993,595.0703125,50.52
1473.8099845100078,456.70458984375,49.82
1474.0425429790048,589.4453125,51.68
1474.2748239609937,595.0703125,48.94
1474.50473236799,492.419921875,49.17
1474.7354911869916,724.4423828125,36.43
1474.9710446030076,595.0703125,50.0
1475.2038024049834,595.0703125,49.42
1475.4385009399848,646.8935546875,32.84
1475.6689496549952,595.0703125,48.89
1475.9006746849918,595.0703125,49.45
1476.1337834489823,456.70458984375,49.68
1476.3684159819968,746.9423828125,49.05
1476.5995191980037,595.0703125,49.3
1476.8327040209842,489.607421875,49.17
1477.0667676820012,724.4423828125,34.89
1477.2998170790088,595.0703125,49.14
1477.5335035859898,595.0703125,49.48
1477.7662732609897,1029.69091796875,32.27
1477.9982915619912,595.0703125,48.84
1478.2305193939828,595.0703125,49.23
1478.4629274900071,456.70458984375,49.68
1478.6965275309922,746.9423828125,48.84
1478.9296529179846,595.0703125,49.51
1479.1625163919816,595.0703125,49.08
1479.3972532720072,488.18994140625,20.66
1479.6286749029823,595.0703125,48.88
1479.8618171220005,595.0703125,49.77
1480.0951393959986,1029.69091796875,34.13
1480.32954878101,595.0703125,49.24
1480.5615989310027,626.70556640625,49.55
1480.795265533001,456.70458984375,50.0
1481.0277214020025,746.9423828125,48.48
1481.259611750982,595.0703125,48.92
1481.490231860982,595.0703125,49.34
1481.72933052,1029.69091796875,22.36
1481.96115556499,595.0703125,49.47
1482.193476846005,595.0703125,49.28
1482.4268929899845,456.70458984375,48.12
1482.6596740499954,595.0703125,49.97
1482.8940134510049,595.0703125,49.61
1483.1261863859836,456.70458984375,49.15
1483.3590557969874,746.9423828125,48.92
1483.5895132419828,595.0703125,49.44
1483.820958480006,595.0703125,49.47
1484.0569291400025,1029.69091796875,46.64
1484.290858213004,595.0703125,49.73
1484.5238968539925,595.0703125,48.89
1484.754791587009,456.70458984375,50.65
1484.9870170439826,589.4453125,49.61
1485.218108036992,595.0703125,49.43
1485.449652032985,489.607421875,48.99
1485.6839798410074,724.4423828125,53.31
1485.918056213006,595.0703125,48.79
1486.1497442949913,595.0703125,49.44
1486.3842010340013,1029.69091796875,47.58
1486.6198993049911,595.0703125,50.65
1486.8524003629864,595.0703125,49.19
1487.0860254779982,456.70458984375,50.49
1487.3166093390028,711.08056640625,50.14
1487.5539878990094,599.52001953125,48.67
1487.7865000620077,492.419921875,49.32
1488.0222414970049,724.4423828125,52.7
1488.2545229679963,595.0703125,49.02
1488.490990561986,595.0703125,49.89
1488.7276958329894,1029.69091796875,39.03
1488.9578153769835,595.0703125,48.3
1489.193511274003,595.0703125,49.51
1489.4289428839984,456.70458984375,20.99
1489.66103710499,595.0703125,50.56
1489.891346482007,595.0703125,49.0
1490.1232798539859,456.705078125,46.43
1490.355530803994,724.4423828125,51.93
1490.586441041989,595.0703125,49.01
1490.821701467008,595.0703125,49.26
1491.0553281879984,1029.69091796875,35.98
1491.285808191984,595.0703125,49.09
1491.51852073599,595.0703125,48.96
1491.7497694350022,456.70458984375,29.57
1491.983741670003,589.4453125,48.66
1492.216737987008,595.0703125,48.93
1492.450467237999,492.419921875,47.4
1492.6836816050054,724.4423828125,51.97
1492.915836309985,595.0703125,49.65
1493.1453170669847,595.0703125,49.25
1493.375349028007,1029.69091796875,33.82
1493.6091983389924,595.0703125,49.55
1493.840430974,595.0703125,49.16
1494.0756425779837,456.70458984375,33.7
1494.3047890659946,589.4453125,49.88
1494.5365293909854,595.0703125,49.29
1494.767108362983,489.607421875,49.75
1495.0000762539858,724.4423828125,53.25
1495.2336018990027,595.0703125,48.97
1495.467006981984,595.0703125,49.4
1495.7000526530028,1029.69091796875,32.04
1495.931461761007,595.0703125,49.15
1496.1634125020064,595.0703125,49.9
1496.3981501210073,456.70458984375,35.03
1496.629300531,746.9423828125,48.92
1496.8626687369833,595.0703125,49.34
1497.095255608001,595.0703125,48.33
1497.3312948920066,1029.69091796875,45.85
1497.5620881239884,595.0703125,48.28
1497.7957719510014,595.0703125,50.17
1498.0314722860057,456.70458984375,21.92
1498.2640931720089,595.0703125,49.26
1498.4979714420042,595.0703125,49.38
1498.7319958230073,456.70458984375,41.92
1498.9682030089898,746.9423828125,52.06
1499.2023876110034,595.0703125,49.5
1499.4359495609824,595.0703125,49.76
1499.6710676850053,724.4423828125,42.06
1499.9070354499854,595.0703125,47.65
1500.1417317209998,595.0703125,49.42
1500.3785748989903,456.70458984375,26.5
1500.6124788709858,595.0703125,49.14
1500.8437050599896,505.06982421875,49.94
1501.0754269949975,456.70458984375,40.24
1501.3089194519853,589.4453125,50.08
1501.5412097699882,595.0703125,49.33
1501.7731093159819,489.607421875,48.83
1502.0054828870052,724.4423828125,44.84
1502.2375442599878,595.0703125,48.41
1502.469509249,595.0703125,48.88
1502.7019623710075,668.6904296875,24.65
1502.9351067300013,595.0703125,49.67
1503.1676130729902,595.0703125,48.67
1503.4000057110097,456.70458984375,45.57
1503.6312008899986,746.9423828125,50.92
1503.864924877009,595.0703125,49.06
1504.0975711850042,489.607421875,49.73
1504.3304269519867,724.4423828125,47.33
1504.565609540994,595.0703125,50.21
1504.7986074390064,595.0703125,49.5
1505.032229664008,989.78759765625,22.4
1505.264763315994,595.0703125,50.6
1505.497087367985,595.0703125,49.36
1505.7299585709989,456.70458984375,48.02
1505.965895603993,746.9423828125,52.44
1506.1999945080024,595.0703125,49.48
1506.4346344159858,595.0703125,49.69
1506.6718503459997,724.4423828125,31.77
1506.9030404959922,595.0703125,49.86
1507.1365498550003,595.0703125,49.21
1507.3687375040026,1029.69091796875,23.9
1507.6017481829913,595.07080078125,49.8
1507.8334828999941,595.0703125,48.93
1508.0666649740015,456.70458984375,48.62
1508.2985385390057,746.9423828125,52.08
1508.5317864049866,595.0703125,49.55
1508.7629285029834,595.0703125,49.66
1509.0001651769853,1029.69091796875,28.78
1509.2310413820087,595.0703125,49.12
1509.4654594690073,595.0703125,48.45
1509.7000591479882,456.70458984375,33.12
1509.9317578249902,595.0703125,50.21
1510.1668272679963,595.07080078125,48.71
1510.3998666529951,456.70458984375,49.91
1510.6365952880005,746.9423828125,50.96
1510.8694326870027,595.0703125,49.34
1511.102120341995,595.0703125,49.17
1511.3371858040045,724.4423828125,26.44
1511.5689133970009,595.0703125,48.5
1511.8007215179969,615.45556640625,49.41
1512.034759659,456.70458984375,42.02
1512.2662376319931,595.0703125,49.2
1512.4974736690056,595.0703125,49.83
1512.7297832639888,456.70458984375,50.44
1512.9637820129865,746.9423828125,46.34
1513.1977503109956,595.0703125,49.01
1513.4299698779942,595.0703125,49.08
1513.6635564129974,724.4423828125,29.33
1513.8966858960048,595.0703125,49.22
1514.133303131006,595.0703125,49.66
1514.3686858199944,984.69091796875,37.16
1514.6031804549857,595.0703125,50.06
1514.835500176996,595.0703125,48.76
1515.0664905759913,456.70458984375,49.35
1515.2996480650036,746.9423828125,49.28
1515.5363396129978,595.0703125,49.51
1515.7661662870087,595.0703125,48.47
1515.9973303159932,724.4423828125,27.05
1516.2310480169836,595.0703125,48.48
1516.466262942995,595.0703125,50.14
1516.6973149440018,1029.69091796875,34.95
1516.9274876900017,595.0703125,48.4
1517.1588395269937,595.0703125,49.53
1517.3911051210016,456.70458984375,49.36
1517.6266845579958,746.9423828125,49.02
1517.8611821259838,595.0703125,49.25
1518.097063075984,595.0703125,48.53
1518.3323028660088,1029.69091796875,50.81
1518.5641961270012,595.0703125,49.98
1518.7953657429898,595.0703125,49.07
1519.03077148,984.69091796875,40.94
1519.2611297999974,595.0703125,49.68
1519.4934172540088,595.0703125,48.81
1519.725246957998,456.70458984375,49.14
1519.9608748659957,746.9423828125,48.63
1520.191754214,595.0703125,49.58
1520.4228444889886,595.0703125,49.15
1520.6569191580056,724.4423828125,51.48
1520.8924636029988,595.0703125,49.26
1521.1252990459907,595.0703125,49.41
1521.361851536989,456.70458984375,44.89
1521.5942336989974,595.0703125,48.63
1521.8269441229932,595.0703125,49.61
1522.0595275019878,456.70458984375,49.16
1522.295490029006,589.4453125,49.09
1522.5286993419868,595.0703125,49.34
1522.7618511040055,489.607421875,49.32
1522.9931861090008,724.4423828125,53.53
1523.2241765079962,595.0703125,49.14
1523.455120530998,595.0703125,49.21
1523.6923937319953,456.70458984375,29.06
1523.9285813629976,595.0703125,49.71
1524.1622656779946,595.0703125,49.28
1524.3964060689905,456.70458984375,38.87
1524.6318010510004,746.9423828125,50.5
1524.8631699990074,595.0703125,48.67
1525.0944250339817,489.607421875,50.03
1525.327072109998,724.4423828125,50.1
1525.5600401849952,595.0703125,49.37
1525.7900212119857,595.0703125,49.07
1526.027208437008,456.70458984375,23.02
1526.2568176199857,595.0703125,49.98
1526.493561759009,595.0703125,49.19
1526.7264972179837,456.70458984375,42.41
1526.9595910100034,746.9423828125,50.94
1527.1891958630004,595.0703125,49.22
1527.4207487079839,595.0703125,49.47
1527.6557161109813,1029.69091796875,39.1
1527.890155080997,595.0703125,49.67
1528.1203825839912,595.0703125,48.58
1528.3547629549867,456.70458984375,20.9
1528.591663683008,595.0703125,50.86
1528.8240026120038,595.0703125,49.6
1529.0578087339818,456.70458984375,43.08
1529.291791280004,746.9423828125,52.2
1529.5225857690093,599.384765625,49.35
1529.7529002969968,516.31982421875,48.88
1529.9869871879928,1029.69091796875,37.59
1530.220560732996,595.0703125,49.82
1530.4533176719851,595.0703125,49.57
1530.687503321009,456.70458984375,30.08
1530.918707439996,595.0703125,47.85
1531.1515910050075,595.0703125,49.19
1531.3844205119822,456.70458984375,46.27
1531.6159894909943,746.9423828125,49.72
1531.8491272139945,595.0703125,49.18
1532.081964123994,595.0703125,49.33
1532.3147497689934,1029.69091796875,33.86
1532.549992352986,595.0703125,48.68
1532.7828062849876,595.0703125,49.92
1533.0171745039988,456.70458984375,33.97
1533.2493655750004,589.4453125,48.63
1533.4867931290064,595.0703125,49.06
1533.7176050790004,456.705078125,51.58
1533.9495315149834,746.9423828125,49.81
1534.1816799119988,595.0703125,49.58
1534.4145039709983,595.0703125,49.08
1534.6475481750094,1029.69091796875,32.74
1534.8821747429902,595.0703125,49.12
1535.1155727719888,595.0703125,48.98
1535.349113070988,456.70458984375,35.06
1535.5809674990014,589.4453125,49.23
1535.814989993989,635.70556640625,49.43
1536.0468989689834,492.419921875,50.13
1536.2814085510036,724.4423828125,49.42
1536.5128387509903,595.0703125,50.06
1536.7456514259975,595.0703125,49.78
1536.9791472349898,1029.69091796875,30.15
1537.2106800350011,595.0703125,49.51
1537.4413477600028,595.0703125,48.79
1537.6756279759866,456.70458984375,32.75
1537.9102409949992,595.0703125,49.81
1538.1445874919882,595.0703125,49.14
1538.3762833059882,507.76611328125,50.46
1538.607773013995,724.4423828125,48.37
1538.8390612239891,595.0703125,49.54
1539.0740393119922,595.0703125,48.74
1539.3052836599818,1029.69091796875,23.72
1539.5372136579826,595.0703125,49.08
1539.7710476479842,595.0703125,49.25
1540.0043090629915,456.70458984375,34.35
1540.238109737984,595.0703125,48.76
1540.4721429189958,595.0703125,49.16
1540.7030307189852,492.419921875,50.21
1540.9356706019898,724.4423828125,48.61
1541.166845595988,595.0703125,49.82
1541.3991273230058,595.0703125,49.76
1541.630908135994,1029.69091796875,20.11
1541.8643320069823,595.0703125,49.81
1542.0973431750026,595.0703125,49.18
1542.328570691985,456.70458984375,46.01
1542.5642428110004,746.9423828125,50.24
1542.7978483430052,499.43896484375,49.62
1543.029855028988,489.607421875,49.64
1543.2623659109813,724.4423828125,44.46
1543.4955238899856,595.0703125,49.11
1543.7297300029895,595.0703125,49.29
1543.9654519890028,984.69091796875,27.27
1544.1988401699928,595.0703125,48.97
1544.43139058401,595.0703125,49.26
1544.6640399649914,456.70458984375,50.02
1544.8988060799893,746.9423828125,53.63
1545.1317775080097,595.0703125,49.19
1545.3642923709995,595.0703125,49.53
1545.6000003890076,1029.69091796875,28.29
1545.832231479988,595.0703125,48.94
1546.0668947160011,595.0703125,49.14
1546.3018419340078,984.69091796875,27.8
1546.534047741996,595.0703125,47.95
1546.7666729580087,595.0703125,49.15
1546.9998024399974,456.70458984375,50.65
1547.2321646269993,746.9423828125,48.98
1547.4658471260045,595.0703125,49.13
1547.6990181650035,595.0703125,49.59
1547.9332418789854,1029.69091796875,19.59
1548.166031225992,595.0703125,48.86
1548.3979618519952,595.0703125,49.42
1548.6289401679824,456.70458984375,43.84
1548.8626998449909,595.0703125,49.2
1549.0970366339898,595.0703125,49.76
1549.3315964319918,456.70458984375,49.11
1549.5686191759887,746.9423828125,47.28
1549.8001556079835,599.384765625,49.3
1550.0334274309862,516.31982421875,48.94
1550.2649471710029,1029.69091796875,23.1
1550.499764061009,595.0703125,49.04
1550.7328077059938,595.0703125,49.33
1550.9665307849937,456.70458984375,47.79
1551.2001508449903,589.4453125,50.4
1551.4330233049986,595.0703125,49.17
1551.664135300991,492.419921875,49.71
1551.8968260289985,724.4423828125,50.94
1552.1287780269922,595.0703125,49.27
1552.3612834619998,595.0703125,49.31
1552.595584980998,1029.69091796875,23.97
1552.8302651889971,595.0703125,49.84
1553.0666770850075,595.0703125,49.31
1553.2993808040046,456.70458984375,50.01
1553.5312996270077,589.4453125,49.74
1553.7643994259997,493.99560546875,49.19
1553.9980106859875,492.419921875,49.28
1554.2328022239963,724.4423828125,50.58
1554.4645181520027,595.0703125,49.08
1554.6966381929815,595.0703125,49.87
1554.9295021319995,1029.69091796875,43.59
1555.1615755879902,595.0703125,50.32
1555.393315333,595.0703125,49.19
1555.629475025984,456.70458984375,46.85
1555.861590875982,595.0703125,49.77
1556.091785133991,595.0703125,49.56
1556.3246724710043,493.76611328125,49.21
1556.5554010979831,724.4423828125,51.42
1556.7892241920053,595.0703125,49.76
1557.0198472869815,595.0703125,49.41
1557.2539522669977,1029.69091796875,27.14
1557.483650220005,595.0703125,48.83
1557.7187763759866,595.0703125,49.94
1557.9549548570067,984.69091796875,39.67
1558.1908725439862,595.0703125,49.56
1558.4271715740033,595.0703125,49.04
1558.660919027985,456.70458984375,50.0
1558.8926151909982,589.4453125,49.03
1559.1248323830077,599.384765625,49.34
1559.3569143599889,489.607421875,49.43
1559.5890617090045,724.4423828125,52.7
1559.8236100529903,595.0703125,48.87
1560.0558060229814,595.0703125,49.11
1560.2947662980005,456.70458984375,27.44
1560.5277786089864,595.0703125,50.01
1560.7596591149922,595.0703125,50.34
1560.9920204200025,456.70458984375,49.08
1561.2233093569812,589.4453125,47.61
1561.4570665429928,595.0703125,48.68
1561.688044398994,489.607421875,49.33
1561.9218758979987,724.4423828125,52.49
1562.1545191589976,595.0703125,49.16
1562.3871610930073,595.0703125,49.28
1562.6235658850055,456.70458984375,25.47
1562.8617979779956,595.0703125,49.35
1563.0957521210075,595.0703125,49.3
1563.3294125050015,456.70458984375,41.84
1563.5626233090006,746.9423828125,51.35
1563.7951220649993,595.0703125,49.84
1564.0255955859902,489.607421875,49.97
1564.2587141979893,724.4423828125,47.83
1564.4902990589908,595.0703125,49.45
1564.7210787009972,595.0703125,49.91
1564.9566481009824,456.70458984375,20.1
1565.186599195993,595.0703125,50.79
1565.4178249249817,595.0703125,49.67
1565.6511439860042,456.705078125,45.02
1565.8836875819834,746.9423828125,50.51
1566.1166713970015,595.0703125,48.75
1566.348901536985,595.0703125,49.26
1566.5826038960076,1029.69091796875,38.5
1566.8141802359896,595.0703125,48.83
1567.0477058929973,595.0703125,50.21
1567.2832367399824,578.6904296875,22.79
1567.5172349539935,595.0703125,50.23
1567.7506814090011,595.0703125,49.7
1567.9839394279988,456.70458984375,42.01
1568.2160624979879,746.9423828125,51.15
1568.447786417004,595.0703125,49.21
1568.6807620599866,595.0703125,49.17
1568.914728845004,1029.69091796875,38.21
1569.1484020100033,595.0703125,49.78
1569.3811945949856,595.0703125,49.21
1569.6157330439892,456.70458984375,30.73
1569.8526534170087,595.0703125,48.71
1570.085736827983,595.0703125,49.12
1570.3203333170095,456.70458984375,43.77
1570.5542531670071,589.4453125,51.95
1570.785042028001,595.0703125,49.01
1571.0156038299901,595.0703125,48.95
1571.251023557008,724.4423828125,40.95
1571.4860099790094,595.0703125,48.64
1571.7175776579825,595.0703125,49.6
1571.9565667090064,456.70458984375,26.91
1572.1908372409816,595.0703125,49.34
1572.4243272079912,595.0703125,49.41
1572.6556808890018,456.70458984375,49.84
1572.890248671989,746.9423828125,52.26
1573.1210190239944,595.0703125,49.72
1573.3529211819987,489.607421875,48.5
1573.5843588139978,724.4423828125,41.03
1573.817581212992,595.0703125,47.61
1574.0519480579824,493.81982421875,49.38
1574.2875752889959,984.69091796875,26.06
1574.5193976860028,595.0703125,48.74
1574.7516917320027,595.0703125,50.04
1574.988177471998,456.70458984375,49.28
1575.2203455209965,488.37060546875,53.73
1575.4523414779978,595.0703125,49.29
1575.6852004140092,595.0703125,49.65
1575.9191051079833,724.4423828125,35.62
1576.1522648579848,595.0703125,48.89
1576.3847058539977,595.0703125,49.45
1576.6169554099906,1029.69091796875,23.71
1576.853787570988,595.0703125,50.35
1577.086325509008,595.0703125,49.08
1577.321010138985,456.70458984375,47.26
1577.5604241139954,589.4453125,51.01
1577.7953084949986,595.0703125,49.77
1578.027215332986,489.607421875,49.66
1578.2591224490025,724.4423828125,32.82
1578.4927554540045,595.0703125,49.05
1578.7221561170008,595.0703125,50.67
1578.9550959309854,1029.69091796875,26.88
1579.1862619440071,595.0703125,49.58
1579.417966167006,595.0703125,49.07
1579.650161455007,456.70458984375,47.94
1579.885061760986,589.4453125,51.01
1580.1189788869815,595.0703125,49.28
1580.3505094099964,489.607421875,48.9
1580.5832479370001,724.4423828125,30.61
1580.8176183440082,595.0703125,49.16
1581.0497650220059,595.0703125,48.92
1581.2826815079898,456.70458984375,38.12
1581.5144062649924,595.0703125,48.69
1581.7500642960076,595.0703125,49.92
1581.982703924994,456.70458984375,49.13
1582.2130726120085,589.43896484375,49.12
1582.444660335983,595.0703125,48.73
1582.6760767360101,595.0703125,48.95
1582.91140950899,724.4423828125,28.38
1583.1467570189852,595.0703125,48.93
1583.379745163984,595.0703125,49.19
1583.6145724139933,456.70458984375,38.71
1583.8524698189867,595.0703125,50.82
1584.0872438490042,595.0703125,48.96
1584.32040813801,456.70458984375,49.43
1584.5549039129983,746.9423828125,48.86
1584.785146462993,595.0703125,48.35
1585.0155001319945,489.607421875,50.13
1585.249543185986,724.4423828125,29.32
1585.4815688949893,595.0703125,49.34
1585.714502073999,595.0703125,49.45
1585.949698862998,984.6904296875,36.73
1586.18221738399,595.0703125,50.89
1586.414127363998,595.0703125,49.31
1586.6463483549887,456.70458984375,49.31
1586.881481866003,746.9423828125,48.17
1587.1150468440028,499.62060546875,48.81
1587.348354730988,595.0703125,49.11
1587.5817648670054,1029.69091796875,24.05
1587.8155148589867,595.0703125,49.35
1588.0492160310096,595.0703125,50.17
1588.2829089619918,456.70458984375,41.75
1588.5130369690014,595.0703125,49.72
1588.7463095849962,595.0703125,49.4
1588.9765409599931,456.70458984375,49.63
1589.2074241789815,746.9423828125,49.78
1589.4412931129918,595.0703125,48.61
1589.6739822609816,595.0703125,49.85
1589.9059905800095,1029.69091796875,28.85
1590.1432768600062,595.0703125,49.69
1590.3778470169927,595.0703125,49.42
1590.6102363289974,456.70458984375,51.15
1590.8450908180093,595.0703125,50.1
1591.0758915519982,595.0703125,49.61
1591.307765353995,456.70458984375,49.6
1591.539866214007,746.9423828125,50.76
1591.7714658119949,595.0703125,49.15
1592.0038242540031,595.0703125,49.61
1592.2357376559812,1029.69091796875,46.14
1592.469782804983,595.0703125,49.19
1592.7000606950023,595.0703125,49.7
1592.934020774992,456.70458984375,50.55
1593.1661116479954,589.4453125,48.37
1593.4006317979947,595.0703125,49.37
1593.633206753002,489.607421875,49.74
1593.8694798210054,724.4423828125,51.22
1594.1051367349864,595.0703125,48.96
1594.3375064209977,595.0703125,49.5
1594.5732391150086,1029.69091796875,45.35
1594.8065978469967,595.0703125,48.82
1595.03912356199,595.0703125,49.13
1595.2724165020045,456.70458984375,24.27
1595.5077791670046,595.0703125,50.4
1595.7446069979924,595.0703125,48.93
1595.975778877997,499.43896484375,47.47
1596.21030475499,724.4423828125,50.79
1596.4417171039968,595.0703125,48.96
1596.676535762992,595.0703125,49.26
1596.9066549009876,1029.69091796875,36.1
1597.1407553649915,595.0703125,48.25
1597.373228138982,595.0703125,48.96
1597.6069575969887,456.70458984375,26.36
1597.8376893969835,589.4453125,48.16
1598.0713291069842,595.0703125,49.29
1598.3015808759956,489.607421875,49.57
1598.536201320996,724.4423828125,50.81
1598.7696747349983,595.0703125,49.47
1599.0025391890085,595.0703125,49.23
1599.236870203982,1029.69091796875,28.4
1599.4701142539852,493.81396484375,50.41
1599.7027025489951,595.0703125,50.09
1599.9357279200049,456.70458984375,33.61
1600.1671195259842,589.4453125,49.85
1600.3985031000047,595.0703125,48.92
1600.6299669930013,489.60791015625,51.46
1600.8647739180014,724.4423828125,49.67
1601.0990077820024,499.43896484375,48.87
1601.3310371240077,595.0703125,49.71
1601.5712470989965,1029.69091796875,41.12
1601.8039533580013,595.0703125,49.46
1602.0377059349848,595.0703125,49.3
1602.2698354309832,1029.69091796875,26.85
1602.5026651730004,595.0703125,49.3
1602.7325609519903,595.0703125,49.47
1602.9636930209817,456.70458984375,31.3
1603.1947224219912,589.4453125,48.39
1603.4295166360098,595.0703125,49.03
1603.66058577699,492.419921875,49.88
1603.8923061329988,724.4423828125,52.12
1604.1237755439943,595.0703125,49.45
1604.3562938559917,595.0703125,49.29
1604.5866441729886,1029.69091796875,30.39
1604.8187761139998,595.0703125,49.37
1605.0528515740007,595.0703125,49.25
1605.2861204879882,456.70458984375,36.13
1605.5167324369831,589.4453125,49.75
1605.7522073400032,595.0703125,49.27
1605.9824241879978,479.75146484375,50.36
1606.216404242994,724.4423828125,52.38
1606.4514558980009,595.0703125,48.81
1606.6846271709946,595.0703125,49.17
1606.91918657301,1029.69091796875,37.12
1607.1539343420009,595.0703125,49.49
1607.3865072010085,595.0703125,49.29
1607.6186950859847,456.70458984375,28.81
1607.8508976379817,595.0703125,47.96
1608.083819432999,595.0703125,48.73
1608.3146686379914,456.705078125,46.36
1608.5453625829832,746.9423828125,51.29
1608.777444375999,595.0703125,49.36
1609.0096488139825,595.0703125,49.18
1609.2410060569819,724.4423828125,46.96
1609.4745551109954,595.0703125,49.31
1609.7078669790062,595.0703125,49.33
1609.9435651699896,456.70458984375,22.41
1610.1785999929998,595.0703125,49.75
1610.412196121004,595.0703125,49.67
1610.6445074180083,456.70458984375,41.19
1610.8791243709857,746.9423828125,51.48
1611.1157898170059,595.0703125,48.86
1611.3493318170076,595.0703125,49.93
1611.5854739990027,1029.69091796875,37.45
1611.8206881789956,595.0703125,49.03
1612.0549267219903,595.0703125,49.77
1612.2876149619988,1029.69091796875,24.9
1612.5232345100085,595.0703125,49.26
1612.756295501982,595.0703125,49.04
1612.9885979990067,456.70458984375,41.22
1613.2210417889873,589.4453125,50.4
1613.4526426439988,595.0703125,49.46
1613.684564427007,595.0703125,49.47
1613.9194348400051,1057.28759765625,36.04
1614.1496173249907,595.0703125,49.21
1614.3806792719988,595.0703125,49.7
1614.613841954997,456.70458984375,32.44
1614.8466846169904,595.0703125,50.17
1615.0800822519814,595.0703125,49.34
1615.3127998260024,456.70458984375,45.62
1615.5466260160028,746.9423828125,52.38
1615.7800407620089,595.0703125,49.32
1616.0133997039811,595.0703125,50.06
1616.2505550280039,724.4423828125,35.95
1616.4836487059947,595.0703125,49.1
1616.7178373119968,595.0703125,49.36
1616.9535803420004,456.70458984375,32.17
1617.1849257120048,595.0703125,48.9
1617.4168384860095,595.0703125,49.58
1617.6482387520082,456.705078125,49.42
1617.8784633519826,746.9423828125,48.79
1618.1140627849963,595.0703125,49.19
1618.3474701980012,595.0703125,48.88
1618.5851916690008,1029.69091796875,30.73
1618.8168870910013,595.0703125,49.78
1619.047226583003,595.0703125,48.87
1619.2788613819866,456.70458984375,37.13
1619.5147836990072,595.0703125,49.6
1619.750945087988,595.0703125,49.81
1619.9831339509983,456.705078125,49.4
1620.2166208449926,724.4423828125,46.64
1620.450528543006,595.0703125,48.82
1620.682572271995,595.0703125,50.24
1620.9149203069974,1029.69091796875,21.6
1621.1486947439844,595.0703125,50.08
1621.3814484959876,595.0703125,49.14
1621.6154498530086,456.70458984375,34.33
1621.8484461010084,595.0703125,48.84
1622.0815070919925,595.0703125,49.42
1622.313361198001,456.705078125,49.56
1622.546072275989,724.4423828125,46.49
1622.7802054269996,595.0703125,49.36
1623.0150552359992,595.0703125,49.0
1623.247913403,1029.69091796875,23.66
1623.4805732170062,595.0703125,49.19
1623.7152328439988,595.0703125,49.6
1623.9483238679823,456.70458984375,41.74
1624.1803094180068,595.0703125,50.38
1624.4114500180003,595.0703125,48.75
1624.6436628889933,456.705078125,48.99
1624.8761922880076,724.4423828125,43.78
1625.1098247180053,595.0703125,49.33
1625.344777950988,595.0703125,49.23
1625.5764331239916,1029.69091796875,23.62
1625.8082454449905,595.0703125,48.47
1626.0392778280075,595.0703125,49.4
1626.2724742979917,456.70458984375,48.63
1626.5046032170067,589.4453125,51.22
1626.7384238739905,595.0703125,49.32
1626.9696099119901,489.607421875,49.77
1627.2052705149981,724.4423828125,39.03
1627.4395830069843,595.0703125,49.2
1627.6747975930048,595.0703125,49.28
1627.9077447929885,1029.69091796875,24.39
1628.1366998339945,595.0703125,49.14
1628.3695954899886,595.0703125,49.58
1628.6012209799956,456.70458984375,47.72
1628.8343138030032,589.4453125,51.28
1629.0685876019998,595.0703125,49.23
1629.3005450569908,489.607421875,49.23
1629.5375810090045,724.4423828125,35.71
1629.7731825950032,595.0703125,49.1
1630.0080010299862,476.94091796875,49.98
1630.2448307359882,724.4423828125,21.9
1630.4786666200089,595.0703125,49.41
1630.7135850699851,595.0703125,49.14
1630.9475946530001,456.70458984375,40.85
1631.1806021280063,595.0703125,48.87
1631.4150912539917,595.0703125,48.97
1631.6482396019856,456.705078125,49.42
1631.8825990289915,746.9423828125,49.16
1632.11323945201,595.0703125,49.37
1632.3463078299828,595.0703125,49.17
1632.5813118389924,1029.69091796875,25.98
1632.8138830740063,595.0703125,49.86
1633.0459089049837,595.0703125,50.03
1633.2802517789823,984.69091796875,39.99
1633.5161214219988,595.0703125,49.28
1633.7482337179827,595.0703125,48.97
1633.983164949983,456.70458984375,49.47
1634.2158831350098,746.9423828125,50.13
1634.4488871879876,595.0703125,49.41
1634.6815310590027,595.0703125,49.56
1634.9157850229822,1029.69091796875,46.51
1635.151406443998,595.0703125,49.91
1635.385588959005,595.0703125,49.24
1635.6182159979944,456.70458984375,22.03
1635.8479506279982,595.0703125,49.98
1636.0832822000084,595.0703125,49.6
1636.315506035986,456.70458984375,49.35
1636.5509643029945,746.9423828125,49.59
1636.784392792004,595.0703125,49.47
1637.0166806739871,595.0703125,48.83
1637.2497873959946,1029.69091796875,46.35
1637.48252318101,595.0703125,49.5
1637.7139275480004,595.0703125,49.35
1637.947773139982,456.70458984375,24.04
1638.1784632219933,589.4453125,49.24
1638.4117764699913,595.0703125,49.92
1638.640933846007,492.419921875,48.77
1638.8730098239903,724.4423828125,53.7
1639.1058685329917,595.0703125,48.53
1639.3396891209995,595.0703125,49.58
1639.5742170090089,1029.69091796875,41.9
1639.8096264560008,595.0703125,47.72
1640.0422129170038,595.0703125,49.39
1640.2775887699972,456.70458984375,26.25
1640.5131384620036,589.4453125,49.19
1640.7473980829818,595.0703125,49.4
1640.977735108987,492.419921875,50.45
1641.2120840589923,724.4423828125,51.15
1641.4447872279852,595.0703125,49.05
1641.6765650459856,595.0703125,49.24
1641.9114582129987,1029.69091796875,33.88
1642.1421079959837,595.0703125,49.83
1642.3756109380047,488.18896484375,49.28
1642.6143011929817,456.70458984375,25.4
1642.8467291799898,595.0703125,48.46
1643.0797907829983,595.0703125,49.5
1643.311480318982,456.705078125,50.26
1643.5457409179944,724.4423828125,52.85
1643.7809728239954,595.0703125,49.4
1644.0150625869865,595.0703125,49.75
1644.2471174729872,1029.69091796875,30.32
1644.4788973859977,595.0703125,49.69
1644.711285352998,595.0703125,49.47
1644.9430946699867,456.70458984375,32.45
1645.1746879630082,595.0703125,47.57
1645.4050180740014,595.0703125,48.95
1645.6340822089987,456.705078125,49.82
1645.8699505259865,724.4423828125,52.06
1646.1035932230006,595.0703125,49.39
1646.338237399992,595.0703125,49.5
1646.5719255649892,1029.69091796875,29.86
1646.8031731350056,595.0703125,49.5
1647.0351804569946,595.0703125,49.58
1647.2675126190006,456.70458984375,36.72
1647.4995070899895,589.4453125,50.09
1647.7316775659856,595.0703125,49.46
1647.9630833299889,492.419921875,50.76
1648.1951987689827,724.4423828125,51.55
1648.4289085860073,595.0703125,48.8
1648.6629285750096,595.0703125,48.98
1648.8971632629982,1029.69091796875,32.46
1649.1322768550017,595.0703125,48.28
1649.3661193029839,595.0703125,49.43
1649.5980373659986,456.70458984375,34.33
1649.836361574009,505.06396484375,49.74
1650.0696542180085,595.0703125,49.41
1650.3023163189937,456.705078125,50.22
1650.5349963000044,724.4423828125,46.35
1650.7692473299976,595.0703125,49.27
1651.0060673280095,595.0703125,49.64
1651.240082637989,724.4423828125,31.68
1651.4753667170007,595.0703125,48.9
1651.7069500919897,595.0703125,49.56
1651.9424985969963,456.70458984375,33.2
1652.1774785789894,595.0703125,48.63
1652.4116622110014,595.0703125,49.11
1652.6453113339958,456.70458984375,50.4
1652.8790733930073,746.9423828125,48.42
1653.11031774999,595.0703125,49.24
1653.3439131639898,595.0703125,49.77
1653.5786341679923,1029.69091796875,20.29
1653.8112799949886,595.0703125,49.43
1654.0456232889846,595.0703125,49.91
1654.284070978989,465.68896484375,35.1
1654.5177688520052,595.0703125,47.91
1654.7513127920101,595.0703125,49.13
1654.9842967290024,456.70458984375,49.84
1655.2177564379817,746.9423828125,46.68
1655.4486686910095,595.0703125,49.14
1655.6808713639912,599.52001953125,49.91
1655.9144972290087,1029.69091796875,21.2
1656.1473958889837,595.0703125,49.55
1656.3791271210066,595.0703125,49.61
1656.6128343539895,456.70458984375,45.71
1656.8468114599818,595.0703125,51.32
1657.0794977959886,595.0703125,49.19
1657.3146521069866,456.70458984375,50.02
1657.5495723729837,746.9423828125,48.46
1657.7830091039941,595.0703125,49.18
1658.0176692050009,595.0703125,49.23
1658.2533913399966,1029.69140625,22.19
1658.48793871401,595.0703125,49.11
1658.7205465470033,595.0703125,48.91
1658.9552714629972,456.70458984375,46.58
1659.188415690005,595.0703125,49.55
1659.421254772984,595.0703125,49.6
1659.6532639109937,465.7177734375,49.45
1659.8865616539842,724.4423828125,52.76
1660.1174117469927,595.0703125,49.96
1660.3519642899919,595.0703125,48.81
1660.5853142749984,1029.69091796875,46.34
1660.8150787269988,595.0703125,49.63
1661.0481746929872,595.0703125,49.76
1661.285611475003,465.68896484375,42.38
1661.5240912929876,595.0703125,50.29
1661.7547095759946,595.0703125,48.88
1661.988615512004,456.70458984375,50.8
1662.2208754569874,589.4453125,50.06
1662.4513240219967,595.0703125,49.01
1662.683418089,489.607421875,49.83
1662.9190591360093,724.4423828125,50.97
1663.1524549379828,595.0703125,48.99
1663.3855949749995,595.0703125,49.3
1663.6174235689978,1029.69091796875,45.94
1663.8518305589969,595.0703125,49.39
1664.0848605929932,595.0703125,48.38
1664.3184160559904,456.70458984375,23.27
1664.5533390470082,589.4453125,49.65
1664.7840181640058,595.0703125,49.31
1665.0185961289972,491.23486328125,49.02
1665.2489591369813,724.4423828125,53.99
1665.4857989699813,595.0703125,49.0
1665.7159780799993,595.0703125,49.55
1665.9487478089868,1029.69091796875,34.14
1666.1807047750044,595.0703125,49.44
1666.4151961349999,595.0703125,49.35
1666.6508777609852,456.70458984375,23.99
1666.8831569819886,589.4453125,49.59
1667.1177697299863,595.0703125,48.63
1667.3494025529944,492.419921875,49.04
1667.5805905470042,724.4423828125,51.22
1667.811140453996,595.0703125,49.45
1668.045731271006,476.94091796875,49.56
1668.2785630199942,1029.69091796875,37.21
1668.5094400719972,595.0703125,49.76
1668.7404576489935,595.0703125,49.52
1668.974263779004,456.70458984375,25.63
1669.2083233000012,595.0703125,50.17
1669.4411373089824,595.0703125,49.05
1669.6750262029818,456.70458984375,49.41
1669.9067236319825,746.9423828125,51.06
1670.139554613008,595.0703125,49.02
1670.3728121960012,595.0703125,49.82
1670.604636389995,1029.69091796875,39.1
1670.8348454629886,595.0703125,48.98
1671.0721324309998,595.0703125,48.94
1671.3110235549975,456.70458984375,28.63
1671.5422862109845,589.4453125,48.84
1671.775112164003,595.0703125,49.42
1672.005515819008,456.705078125,45.36
1672.237970905,746.9423828125,51.91
1672.4706184089882,595.0703125,48.74
1672.7067934759834,595.0703125,49.46
1672.9430172930006,1029.69091796875,44.3
1673.177401583991,595.0703125,48.52
1673.411389935005,595.0703125,48.9
1673.6459102109948,456.70458984375,23.94
1673.878332889988,595.0703125,49.93
1674.1103420979925,595.0703125,49.01
1674.3429543300008,456.705078125,46.74
1674.5741974999837,746.9423828125,50.43
1674.8058489719988,595.0703125,49.58
1675.0407352949842,595.0703125,48.64
1675.2725061980018,724.4423828125,44.46
1675.5069652209932,595.0703125,49.69
1675.7392926339817,595.0703125,49.22
1675.9734548240085,456.70458984375,20.4
1676.2089975319977,595.0703125,49.48
1676.4407072530012,621.08056640625,48.6
1676.6748415059992,456.70458984375,47.76
1676.9063503579819,729.82470703125,51.78
1677.1414364319935,595.0703125,48.78
1677.3728914359817,595.0703125,49.36
1677.6064321619924,1029.69091796875,31.88
1677.839281441993,595.0703125,48.68
1678.0746074969938,595.0703125,49.73
1678.3170846430003,456.70458984375,22.88
1678.550251011009,595.0703125,49.05
1678.7835532230092,595.0703125,49.27
1679.016729578987,456.70458984375,47.66
1679.2497744889988,746.9423828125,51.42
1679.4813109989918,595.0703125,49.18
1679.7135891029902,595.0703125,49.33
1679.9474520160002,1029.69091796875,30.34
1680.181094433996,595.0703125,48.58
1680.412882798002,595.0703125,49.04
1680.6464892469812,456.70458984375,35.41
1680.879462568002,595.0703125,49.73
1681.1136316729826,595.0703125,49.04
1681.3458851219912,456.70458984375,46.68
1681.580733101,746.9423828125,50.93
1681.8131612279976,595.0703125,49.29
1682.0470234419918,595.0703125,48.99
1682.2828323919966,1029.69091796875,33.66
1682.5147424229945,595.0703125,49.2
1682.7473427820078,595.0703125,49.82
1682.9810640529904,456.70458984375,34.48
1683.213777419005,595.0703125,48.88
1683.4460963110032,595.0703125,48.78
1683.6772400939954,456.705078125,49.2
1683.9062148999947,746.9423828125,49.48
1684.135954347992,595.0703125,49.55
1684.3707805360027,595.0703125,49.45
1684.6110495940084,1029.69091796875,33.31
1684.8423003759817,502.94921875,48.96
1685.0776427740057,595.0703125,48.8
1685.3108553079946,456.70458984375,34.21
1685.5441033219977,595.0703125,49.29
1685.774913116009,595.0703125,49.7
1686.0070095580013,465.71044921875,48.91
1686.238537127996,724.4423828125,49.39
1686.4726463069965,595.0703125,48.7
1686.7078040399938,595.0703125,49.23
1686.9382764909824,1029.69091796875,21.32
1687.1702579720004,595.0703125,50.47
1687.4012577380054,595.0703125,49.17
1687.6320409209875,456.70458984375,35.0
1687.8673020910064,595.0703125,48.93
1688.0991446539992,595.0703125,49.04
1688.3309596279869,492.419921875,49.03
1688.5679274839931,724.4423828125,44.19
1688.7996376240044,595.0703125,48.98
1689.031123149005,595.0703125,49.6
1689.2625613900018,1029.69091796875,24.08
1689.4966517220018,595.0703125,49.64
1689.729113392008,595.0703125,49.44
1689.9614355849917,456.70458984375,42.3
1690.1970309040044,589.4453125,50.03
1690.4290311209916,595.0703125,49.12
1690.6601948280004,456.705078125,49.87
1690.8903658549825,724.4423828125,49.02
1691.1281319670088,595.0703125,48.77
1691.3637028409867,595.0703125,48.52
1691.5962907169887,1029.69091796875,22.25
1691.8307808389945,595.0703125,48.9
1692.0643621640047,595.0703125,49.34
1692.2979759649897,456.70458984375,45.83
1692.5294295900094,589.4453125,51.15
1692.7610308639996,595.0703125,48.83
1692.9907097769901,492.419921875,48.96
1693.2227495249826,724.4423828125,42.9
1693.4545287590008,595.0703125,48.94
1693.6888022979838,595.0703125,49.3
1693.9208673289977,1029.69091796875,21.16
1694.152843171003,595.0703125,49.25
1694.3820454750094,595.0703125,48.62
1694.6168774089892,456.70458984375,47.54
1694.8513154289976,589.4453125,51.7
1695.0858885250054,595.0703125,49.3
1695.3182989299821,489.607421875,49.62
1695.5517571909877,724.4423828125,34.82
1695.7837121500052,595.0703125,49.35
1696.0185806819936,595.0703125,49.28
1696.2495324850024,1029.69091796875,24.26
1696.482979989989,595.0703125,49.11
1696.7162771229923,626.70556640625,49.65
1696.949208696984,456.70458984375,46.6
1697.181364315009,589.4453125,52.21
1697.4142746569996,595.0703125,48.64
1697.6461770939932,489.607421875,49.27
1697.877186586993,724.4423828125,34.1
1698.1073671129998,595.0703125,49.45
1698.3399310329987,595.0703125,49.03
1698.5757356719987,984.69091796875,34.09
1698.8086405659851,595.0703125,47.97
1699.0414856050047,595.0703125,49.61
1699.2747211359965,456.70458984375,47.82
1699.506684057007,589.4453125,51.1
1699.7406675379898,595.0703125,49.4
1699.9734165429836,489.607421875,49.41
1700.2062515239813,724.4423828125,35.35
1700.44061453201,595.0703125,49.1
1700.6746170799888,595.0703125,48.93
1700.9102642220096,1029.69091796875,33.04
1701.1454995000095,595.0703125,48.75
1701.3782580030093,595.0703125,49.72
1701.6118817919923,456.70458984375,50.97
1701.842704665003,589.4453125,49.63
1702.074570503988,595.0703125,50.64
1702.3076859049906,492.419921875,48.98
1702.5407348159933,724.4423828125,32.98
1702.7731457100017,595.0703125,48.86
1703.0054910219915,595.0703125,49.5
1703.238394518994,1029.69091796875,34.63
1703.4706938040035,595.0703125,47.87
1703.7045867689885,595.0703125,49.51
1703.9404340809851,456.70458984375,49.5
1704.1720736289863,589.4453125,48.8
1704.406081485009,595.0703125,49.62
1704.6378322920064,489.607421875,49.66
1704.8716568099917,724.4423828125,53.72
1705.1050867849845,595.0703125,49.68
1705.3394777299836,595.0703125,49.48
1705.5722673829878,1029.69091796875,30.99
1705.8048665740062,595.0703125,49.84
1706.0361045239842,595.0703125,49.67
1706.2680849760072,456.70458984375,50.92
1706.5017158190021,589.4453125,49.69
1706.7353816530085,595.0703125,48.89
1706.9679765839828,489.607421875,49.24
1707.1998769250058,724.4423828125,50.39
1707.4331978749833,595.0703125,49.44
1707.664848038985,595.0703125,50.06
1707.8979951489891,1029.69091796875,38.97
1708.131033023994,595.0703125,48.32
1708.3660543029837,595.0703125,49.98
1708.5993307619938,456.70458984375,50.21
1708.8319139590021,589.4453125,49.96
1709.0630284269864,595.0703125,49.54
1709.2961842670047,489.607421875,48.94
1709.530907526001,724.4423828125,50.94
1709.7638729739992,595.0703125,48.76
1709.993991269992,595.0703125,49.17
1710.2292099949846,1395.78759765625,32.19
1710.4609948860016,595.0703125,48.66
1710.6945434539812,595.0703125,49.4
1710.9276725439995,456.70458984375,32.16
1711.1590288080042,589.4453125,49.2
1711.3907020199986,595.0703125,48.6
1711.6258527879836,489.607421875,49.43
1711.858385976986,724.4423828125,51.05
1712.0890870440053,595.0703125,49.48
1712.3202974059968,595.0703125,49.62
1712.5589718959818,465.68896484375,27.1
1712.7950495510013,595.0703125,49.2
1713.0280634000083,595.0703125,49.22
1713.262610514008,456.70458984375,40.38
1713.4979777259869,746.9423828125,51.65
1713.7319083350012,595.0703125,49.38
1713.9647407330049,595.0703125,50.38
1714.1985110520036,724.4423828125,45.24
1714.4350524650072,595.0703125,48.58
1714.6688787289895,595.0703125,49.51
1714.9035370339989,984.69091796875,21.95
1715.1367335929826,595.0703125,50.05
1715.3685218360042,595.0703125,49.77
1715.6014221909863,456.70458984375,42.48
1715.8340627290017,746.9423828125,52.29
1716.0705089459952,595.0703125,49.37
1716.3018927979865,595.0703125,49.98
1716.5405958539923,724.4423828125,38.81
1716.7735918929975,595.0703125,50.15
1717.0089220179943,635.70556640625,49.76
1717.2405368409818,1029.69091796875,21.1
1717.4741788590036,595.0703125,49.47
1717.7078562179813,595.0703125,49.03
1717.9419154080097,456.70458984375,41.81
1718.172748129,589.4453125,50.72
1718.4043468879827,595.0703125,49.71
1718.6368096759834,489.607421875,49.43
1718.8693161149858,724.4423828125,40.47
1719.101832891989,595.0703125,47.97
1719.3346978359914,595.0703125,49.37
1719.5667859849927,488.18896484375,25.32
1719.7989052149933,595.0703125,49.84
1720.0318885429879,595.0703125,48.62
1720.2661494399945,456.70458984375,38.24
1720.499713303987,589.4453125,49.31
1720.732476974983,595.0703125,50.52
1720.9645268509921,492.419921875,50.36
1721.1960091819928,724.4423828125,48.37
1721.4291181580047,595.0703125,49.98
1721.6622721820022,494.17138671875,49.51
1721.9023435330018,1029.69140625,36.64
1722.1353375469917,595.0703125,48.67
1722.367855302,595.0703125,49.8
1722.6020814169897,1029.69091796875,21.16
1722.8366583540046,595.0703125,50.58
1723.067810396984,595.0703125,49.35
1723.3012220730016,456.70458984375,34.48
1723.5330916139937,589.4453125,50.15
1723.767314097,595.0703125,49.66
1723.9981502399896,492.419921875,50.14
1724.2345024480019,724.4423828125,47.24
1724.4690592709812,595.0703125,49.4
1724.6996031900053,595.0703125,49.33
1724.9357631199819,1029.69091796875,19.88
1725.1711257220013,595.0703125,49.77
1725.4046152730007,595.0703125,49.77
1725.6362592199876,456.70458984375,42.11
1725.870697239996,589.4453125,52.06
1726.1087665399828,595.0703125,49.78
1726.3400852280029,456.705078125,49.2
1726.575430228986,724.4423828125,46.98
1726.8082379020052,595.0703125,49.72
1727.0391374620085,595.0703125,49.56
1727.2718758510018,1029.69091796875,20.49
1727.5045867910085,595.0703125,50.11
1727.740108494996,595.0703125,49.13
1727.9726745109947,456.70458984375,42.5
1728.2041450380057,589.4453125,52.47
1728.4346934279893,595.0703125,49.45
1728.66533324201,489.607421875,49.51
1728.9016978119907,724.4423828125,41.46
1729.135123176995,595.0703125,49.0
1729.3701154009905,493.99560546875,49.56
1729.606913556985,1029.69091796875,26.29
1729.8381677109865,595.0703125,49.3
1730.0716870139877,595.0703125,49.16
1730.3036123600032,456.70458984375,38.89
1730.5389152459975,595.0703125,50.51
1730.7714957889984,595.0703125,49.46
1731.0041227079928,456.705078125,49.29
1731.2364500699914,724.4423828125,43.52
1731.471290454996,595.0703125,48.98
1731.7047362840094,595.0703125,49.14
1731.938534330984,1029.69091796875,21.81
1732.1698389110097,595.0703125,49.98
1732.4019000319822,595.0703125,49.65
1732.6418397990055,456.70458984375,35.08
1732.876311970991,595.0703125,49.41
1733.10881044899,595.0703125,49.52
1733.3416874760005,456.70458984375,49.19
1733.5785420649918,746.9423828125,45.03
1733.8132761489833,595.0703125,48.96
1734.0455146709864,595.0703125,49.45
1734.2834882859897,1029.69091796875,21.43
1734.5152597670094,696.3203125,49.81
1734.748408482992,595.0703125,50.13
1734.9861356919864,456.70458984375,41.79
1735.2165895829967,595.0703125,49.67
1735.4525837060064,499.43896484375,48.56
1735.6855000549986,456.70458984375,48.97
1735.9198240900005,589.4453125,48.27
1736.150746698986,595.0703125,48.92
1736.3835039449914,595.0703125,49.65
1736.6167842450086,724.4423828125,48.68
1736.8481931010028,595.0703125,48.92
1737.080286698998,488.18896484375,49.4
1737.3125272459874,456.70458984375,49.57
1737.5452858890058,595.0703125,50.5
1737.7762676540005,595.0703125,48.52
1738.008508829982,456.70458984375,49.12
1738.2448170369898,746.9423828125,49.59
1738.4777094289893,595.0703125,48.9
1738.7091094150092,595.0703125,49.56
1738.9439460290014,724.4423828125,50.13
1739.1781158509839,595.0703125,49.51
1739.412327159982,595.0703125,49.27
1739.6475945650018,456.70458984375,27.17
1739.882915819995,595.0703125,49.14
1740.1159197519883,595.0703125,49.84
1740.3476706290094,456.70458984375,48.98
1740.5794952609867,746.9423828125,50.58
1740.8147316559916,595.0703125,49.48
1741.0452483370027,595.0703125,48.74
1741.275769836997,724.4423828125,50.15
1741.50781258801,595.0703125,48.63
1741.7409050810093,595.0703125,49.02
1741.9755154729937,984.69091796875,31.28
1742.2082933229976,595.0703125,48.35
1742.440061731002,595.0703125,49.21
1742.673155130993,456.70458984375,49.19
1742.9069424229965,746.9423828125,49.22
1743.1388283069828,595.0703125,49.22
1743.3694897719834,595.0703125,49.65
1743.6047595529817,724.4423828125,47.39
1743.8370004489843,595.0703125,49.75
1744.073407065007,595.0703125,49.35
1744.30560598601,1029.69091796875,33.71
1744.5401438800036,595.0703125,50.08
1744.7737085819826,595.0703125,49.38
1745.0078545880096,456.70458984375,32.53
1745.2399974239815,589.4453125,49.33
1745.4721312510082,595.0703125,49.53
1745.7016944339848,489.607421875,49.04
1745.9336341669841,724.4423828125,48.03
1746.1651143330091,595.0703125,49.36
1746.3953901949862,595.0703125,49.44
1746.632523667009,456.70458984375,24.57
1746.8675140060077,595.0703125,49.54
1747.103980127984,595.0703125,49.32
1747.3355477369914,456.70458984375,31.96
1747.5713642489864,589.4453125,48.64
1747.803695451992,595.0703125,49.55
1748.036123108992,489.607421875,50.52
1748.2668136289867,724.4423828125,50.93
1748.5025111979921,595.0703125,49.75
1748.7383973439864,595.0703125,49.72
1748.9716490090068,1029.69091796875,28.88
1749.208194403007,595.0703125,50.46
1749.439578324993,595.0703125,49.33
1749.6718666439992,456.70458984375,36.36
1749.9044571749982,589.4453125,49.65
1750.138341338985,595.0703125,49.51
1750.3688846300065,456.705078125,48.24
1750.6005892709945,724.4423828125,50.5
1750.8355125600065,595.0703125,49.18
1751.0701171550027,595.0703125,49.25
1751.3027224229882,1029.69091796875,31.84
1751.5360819950001,595.0703125,48.65
1751.767275175982,595.0703125,49.17
1752.0002761739888,456.70458984375,35.54
1752.2351467319822,589.4453125,48.7
1752.4696895850066,595.0703125,50.12
1752.7039323239878,489.607421875,49.51
1752.9366960650077,724.4423828125,48.69
1753.173074254999,595.0703125,49.34
1753.405657870986,595.0703125,48.67
1753.6386163349962,1029.69091796875,31.95
1753.869454153988,595.0703125,48.79
1754.1050044939911,595.0703125,49.07
1754.335510837991,456.70458984375,35.18
1754.5687235299847,589.4453125,49.24
1754.800644406001,595.0703125,49.46
1755.0349187829997,489.607421875,49.44
1755.2679990530014,724.4423828125,47.34
1755.5029851309955,595.0703125,50.75
1755.7379943970009,595.0703125,50.3
1755.9668196880084,1029.69091796875,22.76
1756.2014101049863,510.68896484375,50.24
1756.4342706489842,595.0703125,48.99
1756.6698828699882,456.70458984375,32.67
1756.9034986970073,595.0703125,48.1
1757.1365521469852,595.0703125,49.03
1757.3684519999952,456.705078125,50.91
1757.6018569699954,724.4423828125,49.69
1757.8346514430013,595.0703125,49.35
1758.0682595169928,595.0703125,49.1
1758.3010103369888,1029.69091796875,24.63
1758.5367863400024,595.07080078125,50.11
1758.7682556799846,595.0703125,48.77
1759.003089150996,456.70458984375,32.44
1759.2356882029853,595.0703125,48.14
1759.468145472987,595.0703125,49.21
1759.7010529509862,456.70458984375,48.29
1759.9348714629887,746.9423828125,51.7
1760.1674850420095,595.0703125,49.49
1760.4014655189821,595.0703125,49.11
1760.640934333991,1034.78759765625,33.58
1760.8772113909945,595.0703125,49.26
1761.1111290100089,595.0703125,49.21
1761.3503073480097,456.70458984375,33.47
1761.5856448060076,595.0703125,50.11
1761.8166653350054,595.0703125,48.88
1762.0498933229828,456.70458984375,50.99
1762.284597024991,589.4453125,51.84
1762.5169887130032,595.0703125,49.12
1762.7503477970022,489.607421875,48.98
1762.9823137210042,724.4423828125,37.6
1763.2169334719947,595.0703125,49.11
1763.4523873580038,595.0703125,49.15
1763.6851184130064,1029.69091796875,29.81
1763.9183447950054,595.0703125,50.34
1764.1519960330043,595.0703125,49.14
1764.384608702996,456.70458984375,49.91
1764.6157965059974,589.4453125,52.66
1764.8520994049904,595.0703125,49.33
1765.0837147170096,489.607421875,49.2
1765.3186173319991,724.4423828125,39.49
1765.5497377360007,595.0703125,49.19
1765.7838664209994,595.0703125,50.03
1766.0156347590091,1029.69091796875,26.01
1766.2486036990013,595.0703125,49.4
1766.4804409029894,595.0703125,49.17
1766.7135005689925,456.70458984375,49.29
1766.9483642819978,589.4453125,51.69
1767.1825313099835,595.0703125,49.77
1767.413645078981,489.607421875,49.76
1767.6457994399825,724.4423828125,32.8
1767.877153398993,595.0703125,50.48
1768.1126746849914,595.0703125,49.09
1768.3428970469977,1029.69091796875,23.12
1768.5801828469848,595.0703125,48.83
1768.8123463570082,595.0703125,49.19
1769.0469525590015,456.70458984375,46.2
1769.281621689006,589.4453125,49.86
1769.5128792650066,595.0703125,49.26
1769.7454882340098,489.607421875,49.33
1769.9757302909857,724.4423828125,32.53
1770.2065056010033,599.384765625,49.38
1770.4380454820057,595.0703125,49.91
1770.6720643040026,984.69091796875,34.37
1770.9034335589968,595.0703125,48.55
1771.1351550319814,595.0703125,50.41
1771.3679919689894,456.70458984375,47.71
1771.603197842982,589.4453125,51.09
1771.835550488002,595.0703125,49.42
1772.0678222549905,489.607421875,49.62
1772.3002659060003,724.4423828125,33.2
1772.5342978579865,595.0703125,49.16
1772.7682538899826,595.0703125,49.43
1772.9990771820012,1029.69091796875,34.48
1773.2321696739818,595.0703125,47.86
1773.4666009889916,595.0703125,49.36
1773.6998480439943,456.70458984375,49.63
1773.9372915499844,589.4453125,50.19
1774.1699150470085,595.0703125,47.96
1774.4020021489996,492.419921875,50.17
1774.6352953699825,724.4423828125,35.57
1774.8680008630035,595.0703125,48.9
1775.0991463410028,595.0703125,49.35
1775.3327510620002,1029.69091796875,33.51
1775.5658121960005,595.0703125,48.69
1775.8025285649928,599.52001953125,49.23
1776.0371687109873,456.70458984375,49.47
1776.2702114050044,746.9423828125,48.33
1776.504149068991,595.0703125,49.58
1776.7348638249969,595.0703125,50.1
1776.96680062401,724.4423828125,52.51
1777.2004072319833,595.0703125,49.9
1777.4334988159826,595.0703125,48.25
1777.6659572740027,1029.69091796875,34.98
1777.901647858991,499.62060546875,50.16
1778.1347149290086,595.0703125,49.26
1778.366768715001,456.70458984375,49.3
1778.5996947719832,589.4453125,48.13
1778.8320673920098,595.0703125,48.99
1779.0631815799861,595.0703125,49.26
1779.297597459983,724.4423828125,51.76
1779.5318441090058,595.0703125,49.5
1779.7635414169927,595.0703125,49.65
1779.9993553439854,984.69091796875,29.5
1780.2302607019956,595.0703125,49.03
1780.46278062099,595.0703125,49.45
1780.6967718539818,456.70458984375,49.55
1780.930403256003,589.4453125,48.93
1781.1644374429889,595.0703125,48.69
1781.395395042986,492.419921875,49.53
1781.6296294700005,724.4423828125,51.06
1781.8631855109998,595.0703125,48.9
1782.0965246889973,595.0703125,49.27
1782.329069192987,1029.69091796875,40.06
1782.5608614879893,595.0703125,47.95
1782.7952656330017,595.0703125,49.58
1783.0280705819896,456.70458984375,22.78
1783.2607484159817,595.0703125,49.97
1783.498541976005,595.0703125,49.1
1783.7319492509996,456.70458984375,39.57
1783.966675653006,746.9423828125,50.2
1784.1988634679874,595.0703125,49.99
1784.431588656007,595.0703125,50.1
1784.6662266360072,1029.69091796875,44.2
1784.8975875799952,595.0703125,49.02
1785.129539326008,595.0703125,49.17
1785.3648822320101,456.70458984375,24.71
1785.598085635982,595.0703125,50.32
1785.8304092260078,595.0703125,48.81
1786.0664639729948,456.70458984375,38.37
1786.2993243070086,746.9423828125,52.44
1786.532426158985,595.0703125,48.94
1786.7635768750042,595.0703125,48.65
1786.9974419710052,724.4423828125,46.55
1787.2322621019848,595.0703125,49.32
1787.465136824001,595.0703125,49.38
1787.7028962309996,456.70458984375,22.57
1787.9389951879857,595.0703125,50.29
1788.1718867419986,595.0703125,49.23
1788.408569517982,456.70458984375,45.29
1788.6427742609812,746.9423828125,49.93
1788.8748147079896,595.0703125,50.12
1789.1058603799902,489.607421875,49.56
1789.3399000139907,724.4423828125,43.45
1789.5704630709952,595.0703125,49.57
1789.808491511998,595.0703125,49.63
1790.0420369369967,984.69140625,21.67
1790.2739807209873,595.0703125,50.09
1790.506688378984,595.0703125,49.47
1790.7396062639891,456.70458984375,44.26
1790.971479854983,589.4453125,52.81
1791.2051892720046,595.0703125,49.22
1791.4361322750046,595.0703125,49.31
1791.6704354269896,724.4423828125,38.33
1791.9014827749925,595.0703125,49.14
1792.1357290059968,595.0703125,49.85
1792.3661727700091,1029.69091796875,22.26
1792.6013191379898,595.0703125,50.16
1792.8339098779834,595.0703125,49.45
1793.0652566429926,456.70458984375,42.13
1793.2972090179974,589.4453125,51.15
1793.5292350070085,595.0703125,49.21
1793.7596291829832,595.0703125,49.01
1793.9950082679861,724.4423828125,38.61
1794.2275542389834,595.0703125,49.42
1794.4587931660062,595.0703125,49.26
1794.6952115859895,456.70458984375,29.54
1794.9265314619988,595.0703125,48.69
1795.1613040289958,595.0703125,48.98
1795.3948157900013,456.70458984375,41.69
1795.6319066580036,589.4453125,50.61
1795.8651840259845,595.0703125,49.16
1796.099420337996,489.607421875,49.53
1796.3298722739855,724.4423828125,39.31
1796.5612013000064,595.0703125,48.39
1796.7909321759944,595.0703125,49.41
1797.029882686009,984.69091796875,28.95
1797.2626028450031,595.0703125,48.49
1797.4947465200094,595.0703125,49.27
1797.727992597007,456.70458984375,50.29
1797.9606367679953,746.9423828125,50.33
1798.193201735994,595.0703125,50.08
1798.423889881,489.607421875,49.22
1798.6556857370015,724.4423828125,37.49
1798.8882460260065,595.0703125,50.14
1799.1196392370039,595.0703125,49.15
1799.3558560890087,984.69091796875,31.27
1799.5950528660032,595.0703125,48.82
1799.827152679005,595.0703125,49.2
1800.058993165003,456.70458984375,49.58
1800.2930439749907,746.9423828125,51.83
1800.5268746390066,595.0703125,48.96
1800.7582510869834,595.0703125,49.61
1800.9914489029907,724.4423828125,29.67
1801.2249708609888,626.70556640625,49.3
1801.4563251000072,595.0703125,48.71
1801.6870387379895,1029.69091796875,27.55
1801.9189617079974,595.0703125,48.68
1802.152032131009,595.0703125,49.18
1802.3863507880014,456.70458984375,50.21
1802.6200288450054,746.9423828125,50.98
1802.8532913359813,595.0703125,49.3
1803.0891574370035,595.0703125,49.13
1803.3244323160034,724.4423828125,26.44
1803.5626736389822,595.0703125,49.32
1803.7944438630075,595.0703125,50.08
1804.0296197739954,984.69091796875,34.83
1804.2630719589943,595.0703125,49.27
1804.4973104359815,621.08056640625,48.83
1804.7315620449954,456.70458984375,45.87
1804.9622489330068,589.4453125,49.17
1805.1921567909885,595.0703125,49.57
1805.4243816939997,489.607421875,49.35
1805.6555625819892,724.4423828125,33.57
1805.891083169001,595.0703125,49.55
1806.1224374070007,595.0703125,48.72
1806.3528808219999,1029.69091796875,28.58
1806.584614449006,595.0703125,50.38
1806.8188631930097,595.0703125,49.39
1807.0511361479876,456.70458984375,42.15
1807.2828018860018,595.0703125,50.22
1807.5137529209896,595.0703125,49.31
1807.746457434987,456.70458984375,49.71
1807.9757155439875,746.9423828125,44.38
1808.2115691429935,595.0703125,49.26
1808.4439399469993,595.0703125,49.55
1808.6793291590002,1029.69091796875,22.92
1808.908949543984,595.0703125,49.04
1809.1430085249885,595.0703125,49.13
1809.3740669779945,456.70458984375,48.47
1809.6085371249937,589.4453125,50.54
1809.8400040199922,595.0703125,49.86
1810.0703067719878,492.419921875,48.94
1810.2996976519935,746.9423828125,44.81
1810.5334255069902,595.0703125,49.01
1810.7650289459853,595.0703125,49.49
1810.998001867003,1029.69091796875,21.92
1811.2336673089885,595.0703125,49.84
1811.4658445079986,595.0703125,49.48
1811.7007285449945,456.70458984375,37.06
1811.9324864069931,595.0703125,50.85
1812.1688492310059,595.0703125,48.54
1812.4038876220002,456.70458984375,50.42
1812.636958811985,746.9423828125,48.64
1812.8721192879893,595.0703125,49.06
1813.1025891739991,595.0703125,49.6
1813.3339952359966,724.4423828125,29.81
1813.5655703179946,595.0703125,49.31
1813.7996492749953,595.0703125,49.53
1814.0338806280051,456.70458984375,34.84
1814.2672621319944,595.0703125,48.69
1814.5015763889824,595.0703125,49.71
1814.7352827329887,456.70458984375,48.85
1814.9685770719952,746.9423828125,48.0
1815.1990081949916,595.0703125,49.37
1815.4305276820087,595.0703125,49.29
1815.661733224988,1029.69091796875,21.82
1815.8952196319879,595.0703125,50.05
1816.1259066599887,595.0703125,49.36
1816.361368718004,456.70458984375,38.65
1816.5961181680032,595.0703125,49.58
1816.8264986549912,595.0703125,49.73
1817.0569668640092,456.705078125,49.67
1817.2896875129954,724.4423828125,42.7
1817.5209265099838,595.0703125,49.08
1817.7517528749886,595.0703125,49.1
1817.9861710789846,1029.69091796875,27.63
1818.2182366619818,595.0703125,48.99
1818.4536959769903,595.0703125,48.96
1818.6876233599905,456.70458984375,50.33
1818.9232485519897,589.4453125,51.02
1819.1585968869913,595.0703125,49.27
1819.389159452985,497.64111328125,49.87
1819.6239516299975,724.4423828125,35.88
1819.8549320650054,595.0703125,48.78
1820.0897336009948,595.0703125,49.22
1820.3222209649975,1029.69091796875,31.86
1820.5533259299991,595.0703125,49.37
1820.7861818549864,595.0703125,49.15
1821.0196077660075,456.70458984375,49.02
1821.2508678529994,589.4453125,49.05
1821.4861576590047,595.0703125,49.7
1821.716960204998,489.607421875,50.26
1821.9538547199918,724.4423828125,30.54
1822.1874985409959,595.0703125,49.13
1822.4180479770002,595.0703125,49.01
1822.651588920009,1029.69091796875,25.45
1822.8851031829836,595.0703125,49.42
1823.1183187279967,595.0703125,49.24
1823.3525675270066,456.70458984375,50.27
1823.587460766983,589.4453125,51.14
1823.8195559629821,595.0703125,49.34
1824.054056057008,489.607421875,49.08
1824.2855406879971,724.4423828125,51.07
1824.5187276669894,595.0703125,49.38
1824.7517848789867,595.0703125,50.0
1824.9839730359963,1029.69091796875,35.1
1825.2169638269988,595.0703125,49.64
1825.4498936449818,595.0703125,48.73
1825.6827210040065,456.70458984375,50.79
1825.9178974560054,589.4453125,49.64
1826.151442309987,595.0703125,49.86
1826.3834713649994,489.607421875,49.36
1826.6145666230004,724.4423828125,51.1
1826.8479252760008,615.45556640625,49.36
1827.080320028006,595.0703125,49.02
1827.3169978210062,984.69091796875,31.58
1827.5497925629898,595.0703125,49.43
1827.7820642520091,595.0703125,49.51
1828.0127738379815,456.70458984375,49.03
1828.2424613430048,589.4453125,47.36
1828.4744174130028,595.0703125,48.71
1828.7085581659921,489.607421875,50.06
1828.9394186110003,724.4423828125,51.37
1829.1729500549845,595.0703125,49.22
1829.4033613420033,595.0703125,49.2
1829.6425288209866,984.69091796875,31.11
1829.8746128430066,595.0703125,49.35
1830.1078087619971,595.0703125,49.3
1830.3397454860096,456.70458984375,49.56
1830.5735917109996,746.9423828125,50.29
1830.807113376999,595.0703125,50.05
1831.038071463001,488.18896484375,49.49
1831.2691155950015,724.4423828125,51.74
1831.501556025003,595.0703125,48.44
1831.7343071149953,595.0703125,50.05
1831.9687770369928,984.69091796875,31.01
1832.2017933909956,595.0703125,49.18
1832.4342945140088,595.0703125,49.37
1832.6674386099912,456.70458984375,48.52
1832.9023839519941,746.9423828125,49.06
1833.139947630989,595.0703125,48.92
1833.3723972099833,595.0703125,49.09
1833.6075383209973,724.4423828125,47.57
1833.839809800993,595.0703125,49.74
1834.074579209002,595.0703125,49.17
1834.3054509689973,1029.69091796875,30.57
1834.5381706299959,595.0703125,48.32
1834.7718522360083,595.0703125,49.49
1835.0049844589958,456.70458984375,34.69
1835.2373323469947,578.18896484375,49.37
1835.4694599509821,595.0703125,48.93
1835.700092847983,595.0703125,48.67
1835.9344772129843,1029.69091796875,42.25
1836.1659337669844,595.0703125,47.64
1836.3984298610012,595.0703125,49.14
1836.6348751469923,456.70458984375,26.06
1836.869443967007,595.0703125,48.57
1837.1051765769953,595.0703125,49.08
1837.3368166779983,456.70458984375,42.15
1837.5699767679907,746.9423828125,50.95
1837.8015864169865,595.0703125,49.76
1838.0345471760083,595.0703125,49.03
1838.2678829899814,1029.69091796875,34.96
1838.5022591830057,595.0703125,48.96
1838.7342250999936,595.0703125,49.47
1838.9662890069885,456.70458984375,32.93
1839.1980647429882,589.4453125,50.42
1839.430386928987,595.0703125,49.39
1839.662776232988,489.607421875,49.59
1839.896633494005,724.4423828125,47.33
1840.127741742006,595.0703125,48.86
1840.3585095760063,595.0703125,48.76
1840.5906962669978,1029.69091796875,30.96
1840.8255242029845,595.0703125,48.39
1841.0549742429866,595.0703125,49.51
1841.289088874997,456.70458984375,26.47
1841.522171717981,595.0703125,48.92
1841.7544136549986,595.0703125,49.92
1841.986655730987,456.70458984375,41.32
1842.218664043001,746.9423828125,51.34
1842.450174166006,595.0703125,50.27
1842.6842417939915,489.607421875,49.09
1842.915823716001,724.4423828125,45.38
1843.149879050994,595.0703125,49.15
1843.3806741230073,595.0703125,49.76
1843.6138363780046,1029.69091796875,30.86
1843.8473506410082,595.0703125,49.55
1844.079318864009,595.0703125,49.44
1844.3121265269874,456.70458984375,34.62
1844.5468911149947,589.4453125,50.11
1844.7806456380058,595.0703125,49.4
1845.0124370179838,489.607421875,49.55
1845.2435197730083,724.4423828125,46.35
1845.4757279760088,595.0703125,50.46
1845.7063242059958,595.0703125,49.01
1845.9426337170007,984.69091796875,21.01
1846.1759549349954,595.0703125,50.0
1846.4054753060045,595.0703125,49.1
1846.6358441979974,456.70458984375,33.4
1846.8701737360097,589.4453125,50.33
1847.1035295960028,595.0703125,50.06
1847.3350887490087,489.607421875,50.53
1847.5662785730092,724.4423828125,48.22
1847.7973617469834,595.0703125,49.42
1848.0304364890035,595.0703125,48.89
1848.2647235629847,984.69091796875,22.41
1848.4970220719988,595.0703125,50.03
1848.728204352985,595.0703125,49.74
1848.9602235610073,456.70458984375,38.81
1849.1963329729915,589.4453125,49.94
1849.4273875810031,595.0703125,49.38
1849.6595387920097,489.60791015625,50.62
1849.8908046050055,724.4423828125,51.12
1850.126838097989,595.0703125,49.45
1850.359268330998,595.0703125,49.49
1850.59270814099,1029.69091796875,23.4
1850.8237467559811,595.0703125,49.99
1851.0559904380061,595.0703125,49.6
1851.2862158729986,456.70458984375,41.45
1851.5196361269918,746.9423828125,51.58
1851.752252699982,595.0703125,49.13
1851.9841413719987,595.0703125,50.04
1852.2146127930027,724.4423828125,46.03
1852.4475602110033,621.08056640625,49.37
1852.6818986889848,595.0703125,48.54
1852.9166500080028,984.69091796875,23.42
1853.149249818991,595.0703125,50.21
1853.3810461579997,595.0703125,49.32
1853.6130837340024,456.70458984375,42.72
1853.8479395379836,746.9423828125,50.94
1854.0787249020068,595.0703125,49.12
1854.3109466540045,516.31982421875,49.34
1854.5441782629932,1029.69091796875,35.77
1854.7765517139924,595.0703125,50.68
1855.0108028179966,595.0703125,49.7
1855.2466055499972,456.70458984375,23.97
1855.477806898998,595.0703125,50.37
1855.7088046550052,595.0703125,49.22
1855.9408899339905,456.70458984375,44.29
1856.1733113660011,746.9423828125,49.55
1856.404240956006,595.0703125,48.97
1856.6373606069828,595.0703125,49.43
1856.8688391619944,1029.69091796875,32.39
1857.0996682480036,595.0703125,48.76
1857.3312822279986,595.0703125,49.32
1857.5634814899822,456.70458984375,35.42
1857.799643912993,589.4453125,50.61
1858.030818231986,595.0703125,49.11
1858.2604826189927,492.419921875,50.8
1858.4931677779823,724.4423828125,51.07
1858.7241575029911,595.0703125,49.02
1858.9543246889953,595.0703125,48.77
1859.1867886550026,1029.69091796875,27.0
1859.4190472839982,595.0703125,50.05
1859.6536807079974,595.0703125,49.03
1859.8877319229941,456.70458984375,40.86
1860.1211045439995,746.9423828125,51.58
1860.353895095992,595.0703125,49.31
1860.5861406640033,595.0703125,49.23
1860.8220195949834,724.4423828125,38.86
1861.0543208970048,595.0703125,48.34
1861.2882127309858,595.0703125,49.75
1861.521337201004,1029.69091796875,21.08
1861.7520071849867,595.0703125,50.33
1861.9827643329918,595.0703125,49.71
1862.2136920369812,456.70458984375,43.38
1862.4487947349844,746.9423828125,51.11
1862.684582101996,595.0703125,49.92
1862.9164807609923,595.0703125,48.86
1863.1510976319842,1029.69091796875,35.03
1863.3828962059924,595.0703125,49.51
1863.6137322069844,595.0703125,49.5
1863.8453372469812,456.70458984375,32.35
1864.075576579984,595.0703125,48.28
1864.309502076998,595.0703125,48.82
1864.5415724100021,456.70458984375,44.98
1864.7761876749864,746.9423828125,51.01
1865.010104580986,595.0703125,49.55
1865.243024691008,595.0703125,49.26
1865.4814312329981,1029.69091796875,35.29
1865.7157611899893,595.0703125,50.03
1865.9509984049946,595.0703125,49.42
1866.1849212489906,456.70458984375,32.37
1866.4171252599917,595.0703125,49.35
1866.649392969004,595.0703125,49.65
1866.8799143969954,456.705078125,49.51
1867.1107955859916,724.4423828125,46.09
1867.3412468229944,595.0703125,50.26
1867.5721227040049,599.384765625,49.14
1867.8052599549992,1029.69091796875,29.54
1868.038625732006,595.0703125,49.26
1868.2725200099812,595.0703125,48.84
1868.5055001839937,456.70458984375,38.07
1868.7355181160092,589.4453125,51.0
1868.966321151005,595.0703125,49.34
1869.199786732992,489.607421875,49.2
1869.4298570469837,724.4423828125,41.66
1869.6662322809862,595.0703125,48.97
1869.8972986929875,595.0703125,50.01
1870.1290971979906,1029.69091796875,20.45
1870.3591075160075,595.0703125,50.21
1870.596218613995,595.0703125,49.39
1870.827348093997,456.70458984375,41.12
1871.0628530870017,589.4453125,51.34
1871.295692738,595.0703125,49.34
1871.5253650170052,489.607421875,50.13
1871.757593265007,724.4423828125,36.53
1871.9895062409923,595.0703125,49.42
1872.2219711159996,595.0703125,49.22
1872.4564562639862,456.70458984375,31.81
1872.6872631399892,595.0703125,48.87
1872.917994026997,595.0703125,49.83
1873.1510017899855,456.70458984375,50.65
1873.385722097999,746.9423828125,49.87
1873.6190102100081,595.0703125,49.42
1873.8525889379962,595.0703125,49.02
1874.0872585400066,1029.69091796875,28.82
1874.3189473210077,595.0703125,49.32
1874.5506154989998,595.0703125,49.3
1874.783221177,456.70458984375,38.12
1875.0180276710016,595.0703125,51.35
1875.250681540987,595.0703125,49.53
1875.4862816589884,493.701171875,49.33
1875.7196971639933,724.4423828125,41.66
1875.9538620130043,595.0703125,50.42
1876.1849442090024,595.0703125,49.64
1876.418624279002,1029.69091796875,19.49
1876.6508030770055,595.0703125,48.9
1876.8832668339892,595.0703125,49.0
1877.1184240790026,456.70458984375,42.86
1877.3490035469877,595.0703125,51.67
1877.5826926270092,595.0703125,49.34
1877.8138795179839,492.419921875,49.56
1878.0478151419957,724.4423828125,36.12
1878.2798268760089,595.0703125,49.26
1878.511428703001,595.0703125,49.45
1878.7425263350015,1029.69091796875,31.0
1878.9758310699835,595.0703125,49.61
1879.206942669989,595.0703125,49.58
1879.4385711069917,456.70458984375,44.8
1879.6705636350089,589.4453125,50.7
1879.9020521769999,595.0703125,49.7
1880.1362651469826,489.607421875,49.27
1880.3685431219928,724.4423828125,35.94
1880.6063425210014,595.0703125,49.59
1880.8390289369854,595.0703125,49.14
1881.0707908429904,1029.69091796875,32.63
1881.301804244984,493.81982421875,48.66
1881.5354516980005,595.0703125,49.03
1881.7669968819828,456.70458984375,50.54
1881.9986359360046,589.4453125,51.1
1882.2302031840081,595.0703125,49.96
1882.460699971998,492.419921875,49.19
1882.6926353129966,724.4423828125,36.64
1882.9251307930099,595.0703125,49.86
1883.158102182002,595.0703125,49.88
1883.3901661729906,1029.69091796875,31.31
1883.6221900039818,595.0703125,48.2
1883.855984141992,595.0703125,49.28
1884.088547160005,456.70458984375,50.7
1884.3231720080075,746.9423828125,48.59
1884.5551662959915,595.0703125,49.34
1884.7875290749944,595.0703125,49.25
1885.020991878002,724.4423828125,20.44
1885.2520175859972,595.0703125,49.19
1885.4848978299997,595.0703125,48.75
1885.719838368008,984.69091796875,34.69
1885.952051892993,595.0703125,48.83
1886.185406509001,595.0703125,48.95
1886.4177106900024,456.70458984375,49.26
1886.6512164470041,746.9423828125,48.91
1886.8836998440092,595.0703125,49.36
1887.1166131240025,595.0703125,49.66
1887.3497807009844,1029.69091796875,23.49
1887.5857558209973,595.0703125,49.68
1887.8207740249927,595.0703125,49.87
1888.054851444991,456.70458984375,45.56
1888.2907979989832,595.0703125,49.01
1888.5223057619878,595.0703125,49.81
1888.7556489940034,456.70458984375,49.27
1888.9927503299841,746.9423828125,50.27
1889.224953308003,595.0703125,49.14
1889.4590588049905,595.0703125,48.98
1889.693871320982,724.4423828125,48.33
1889.928462574986,595.0703125,49.96
1890.1614653239958,595.0703125,48.93
1890.3974106209935,456.70458984375,26.16
1890.6330775239912,595.0703125,49.77
1890.8661573090067,595.0703125,49.57
1891.1003230109927,456.70458984375,34.78
1891.3309501949989,589.4453125,48.99
1891.5669177719974,595.0703125,48.84
1891.797263838991,489.607421875,48.87
1892.029411850992,724.4423828125,51.56
1892.25974946699,595.0703125,49.78
1892.49060503699,595.0703125,49.36
1892.724188667984,456.70458984375,24.82
1892.954561414983,595.0703125,49.67
1893.1853483300074,595.0703125,49.31
1893.4177757129946,456.705078125,49.63
1893.6512035949854,724.4423828125,51.21
1893.8845838439884,595.0703125,50.08
1894.118765399995,595.0703125,49.74
1894.351312423998,724.4423828125,48.41
1894.585727814003,595.0703125,48.9
1894.8183044519974,595.0703125,49.17
1895.0527630739962,456.70458984375,20.83
1895.2836984049936,595.0703125,50.26
1895.5154874250002,595.0703125,49.23
1895.746189411002,456.705078125,48.92
1895.9780915059964,724.4423828125,51.36
1896.2097690569935,595.0703125,48.94
1896.4457555609988,595.0703125,49.23
1896.6755055889953,1029.69091796875,42.34
1896.907780574984,595.0703125,50.13
1897.1399359210045,595.0703125,49.66
1897.373790541984,456.70458984375,22.23
1897.6053967830085,595.0703125,49.3
1897.8392684469873,595.0703125,49.28
1898.0705151369912,456.705078125,49.3
1898.3046943180088,746.9423828125,50.42
1898.536087607994,595.0703125,49.29
1898.7708653429872,595.0703125,49.59
1899.0025517629983,1029.69091796875,44.91
1899.2389075969986,595.0703125,48.76
1899.4712848330091,595.0703125,49.5
1899.7053386459884,456.70458984375,23.25
1899.9364427170076,595.0703125,51.1
1900.1719651159947,655.95556640625,49.32
1900.402559893002,456.70458984375,50.03
1900.6348855849938,746.9423828125,50.49
1900.8647222179861,595.0703125,49.77
1901.0951854820014,489.607421875,50.02
1901.3256313540041,724.4423828125,51.86
1901.5567168470006,595.0703125,49.33
1901.7914237609948,595.0703125,48.91
1902.0218192760076,1029.69091796875,29.66
1902.2535246940097,595.0703125,50.25
1902.485587008996,595.07080078125,48.58
1902.7192325209908,456.70458984375,50.07
1902.9505369009858,589.4453125,51.38
1903.1861036499904,595.0703125,49.27
1903.4151929649815,456.705078125,49.47
1903.647311223991,724.4423828125,39.58
1903.881619894004,595.0703125,49.43
1904.11669054901,595.0703125,49.49
1904.3500363659987,1029.69091796875,27.88
1904.5853378509928,595.0703125,49.14
1904.8187767689815,595.0703125,49.41
1905.0515106219973,456.70458984375,49.38
1905.2822276939987,595.0703125,49.27
1905.516665853007,595.0703125,49.46
1905.7473592479946,492.419921875,49.6
1905.9779582159827,724.4423828125,52.01
1906.2097684679902,595.0703125,50.1
1906.4446143689856,595.0703125,49.12
1906.6802869289822,1029.69091796875,22.49
1906.9125372609997,595.0703125,48.6
1907.1471267690067,595.0703125,48.62
1907.381712714996,456.70458984375,45.71
1907.6157555629907,595.0703125,49.1
1907.8476521410048,595.0703125,49.21
1908.0830165549996,456.705078125,49.51
1908.3150153129827,746.9423828125,50.68
1908.5498925029824,595.0703125,48.71
1908.7817578609975,595.0703125,49.45
1909.0153570679831,1029.69091796875,45.38
1909.2468127280008,595.0703125,49.25
1909.4815432479954,595.0703125,49.72
1909.714485303004,456.70458984375,26.78
1909.94555047201,595.0703125,49.55
1910.1763084720005,595.0703125,49.01
1910.4085256280086,456.70458984375,49.48
1910.6398096150078,746.9423828125,49.94
1910.8747681019886,595.0703125,49.63
1911.1065548170009,595.0703125,49.45
1911.3411607379967,1029.69091796875,44.04
1911.5765379339864,595.0703125,48.38
1911.808346439997,595.0703125,49.14
1912.0411800989823,456.70458984375,22.85
1912.2726713779848,595.0703125,50.25
1912.5037690239842,595.0703125,49.62
1912.7358702409838,456.70458984375,49.2
1912.9676552799938,746.9423828125,49.95
1913.2004393509997,595.0703125,48.83
1913.433350954001,595.0703125,49.49
1913.6679672820028,1029.69091796875,45.83
1913.901834755001,595.0703125,49.59
1914.1348472109821,595.0703125,49.36
1914.367078684998,456.70458984375,23.24
1914.5975847619993,589.4453125,49.53
1914.8284600279876,595.0703125,49.77
1915.0621279600018,492.419921875,51.5
1915.2917038699961,746.9423828125,52.13
1915.525401833991,595.0703125,49.58
1915.7568169150036,595.0703125,49.31
1915.9926995630085,1029.69091796875,47.03
1916.225940895005,595.0703125,49.66
1916.4585414190078,595.0703125,49.12
1916.6936774470087,456.70458984375,21.32
1916.9283607539837,482.56396484375,50.7
1917.1640280759893,595.0703125,49.07
1917.3958905710024,492.419921875,49.39
1917.6291362330085,724.4423828125,50.72
1917.860303930007,595.0703125,49.26
1918.095612539997,595.0703125,49.37
1918.3299029110058,724.4423828125,46.78
1918.5635466079984,595.0703125,48.57
1918.7955156120006,595.0703125,49.02
1919.0312972679967,456.70458984375,25.13
1919.2666177509818,595.0703125,50.53
1919.4995751009847,595.0703125,49.47
1919.7337743969983,456.70458984375,42.02
1919.9664037659822,746.9423828125,52.16
1920.2007819300052,595.0703125,49.57
1920.434469556989,595.0703125,49.54
1920.6675482249993,1029.69091796875,36.56
1920.8994153289823,595.0703125,50.17
1921.1339523849892,595.0703125,48.27
1921.369587928988,456.70458984375,22.88
1921.603687349998,595.0703125,50.32
1921.836210487003,595.0703125,49.48
1922.068851589982,456.70458984375,42.61
1922.3031906409888,746.9423828125,51.06
1922.5366195009847,595.0703125,49.1
1922.7700098069909,595.0703125,49.02
1923.0039261000056,1029.69091796875,36.39
1923.235387068009,595.0703125,50.04
1923.4659208029916,595.0703125,49.38
1923.6993974350044,456.70458984375,29.94
1923.9298500120058,595.0703125,48.24
1924.162701691006,595.0703125,49.46
1924.393472122989,456.70458984375,41.23
1924.627200258983,589.4453125,49.58
1924.8577508259914,595.0703125,49.0
1925.0927255869901,595.0703125,49.24
1925.3261821040069,724.4423828125,42.79
1925.561991695984,595.0703125,48.16
1925.7947606109956,595.0703125,49.37
1926.0325771369971,456.70458984375,26.0
1926.268772890995,595.0703125,49.0
1926.500741964992,595.0703125,49.32
1926.7339559189859,456.70458984375,47.39
1926.9659485300072,746.9423828125,51.17
1927.2004112039867,595.0703125,48.73
1927.43159496499,489.607421875,49.48
1927.6671168050088,724.4423828125,47.76
1927.9005099060014,595.0703125,49.21
1928.132780421991,595.0703125,49.49
1928.363575787982,1029.69091796875,22.35
1928.598819862993,595.0703125,49.88
1928.8342145189818,595.0703125,49.71
1929.067424770008,456.70458984375,42.93
1929.30051929201,589.4453125,50.64
1929.5314759250032,595.0703125,49.16
1929.7644955060096,595.0703125,49.54
1929.9944488469919,724.4423828125,35.55
1930.2247145239962,595.0703125,49.25
1930.4565377669933,595.0703125,49.98
1930.687355831993,1029.69091796875,20.93
1930.9195057989855,595.0703125,50.0
1931.153446117998,595.0703125,49.58
1931.385898225999,456.70458984375,44.41
1931.6187415930035,746.9423828125,51.51
1931.8519825759868,595.0703125,49.3
1932.0836035539978,595.0703125,49.27
1932.318985986989,724.4423828125,34.73
1932.5520974109822,595.07080078125,49.05
1932.7856186729914,595.0703125,49.39
1933.019152716006,456.70458984375,31.83
1933.2515863149893,595.0703125,48.74
1933.4815458719968,595.0703125,49.52
1933.7140282909968,456.70458984375,43.81
1933.9445538540022,589.44482421875,50.75
1934.1764747370034,595.0703125,49.42
1934.4081477480067,595.0703125,49.69
1934.6436405330023,724.4423828125,35.12
1934.876077833993,595.0703125,49.69
1935.109462833003,595.0703125,49.51
1935.347946149006,456.70458984375,29.09
1935.5810256539844,595.0703125,48.81
1935.8161889909825,595.0703125,49.61
1936.0515179249924,456.70458984375,44.08
1936.2837897680001,589.4453125,53.07
1936.518085935997,595.0703125,49.18
1936.7496670339897,492.419921875,48.92
1936.9856925809872,724.4423828125,44.93
1937.216148579988,595.0703125,49.1
1937.4479082659818,595.0703125,49.46
1937.6776652779954,1029.69091796875,24.78
1937.9084041409951,595.0703125,49.5
1938.1402884270065,599.384765625,49.53
1938.3727391370048,456.70458984375,49.72
1938.607496059005,746.9423828125,54.61
1938.8390370660054,595.0703125,49.23
1939.0698250989954,595.0703125,49.06
1939.301332233008,724.4423828125,36.92
1939.5362325409951,595.0703125,48.64
1939.770615943009,595.0703125,48.92
1940.0040742759884,984.69091796875,27.51
1940.2351526450075,595.0703125,48.21
1940.4667931789882,595.0703125,48.94
1940.6997052719817,456.70458984375,50.12
1940.9346229709918,746.9423828125,49.99
1941.165734654991,595.0703125,49.26
1941.3970967259957,595.0703125,49.49
1941.627845785988,1029.69091796875,21.85
1941.8617956030066,595.0703125,50.56
1942.0934121109894,595.0703125,50.25
1942.3261061550002,456.70458984375,36.77
1942.5593638989958,595.0703125,50.79
1942.7917806659825,595.0703125,49.08
1943.0230870719824,456.705078125,49.71
1943.256244593009,724.4423828125,45.99
1943.4864121410064,595.0703125,49.25
1943.717663650983,595.0703125,48.75
1943.9485197099857,1029.69091796875,22.75
1944.181851558009,595.0703125,50.76
1944.415243609983,595.0703125,49.05
1944.6487926690024,456.70458984375,45.52
1944.8798722960055,589.4453125,50.95
1945.1125030609837,595.0703125,48.96
1945.3422953439876,492.419921875,49.45
1945.5763933679846,724.4423828125,44.72
1945.8078461650002,595.0703125,48.7
1946.038901694992,595.0703125,49.2
1946.2731134929927,1029.69091796875,22.46
1946.5061848099867,595.0703125,49.98
1946.7402122750063,595.0703125,49.99
1946.9721281100065,456.70458984375,47.2
1947.205163945997,589.4453125,50.83
1947.4354057869932,595.0703125,49.27
1947.6685861279839,595.0703125,49.45
1947.9005607709987,724.4423828125,33.84
1948.1332546549966,595.0703125,50.06
1948.3655771159974,595.0703125,49.13
1948.6001609489904,1029.69091796875,22.16
1948.8334531080036,595.0703125,49.98
1949.066459189984,595.0703125,49.28
1949.2995553000073,456.70458984375,45.25
1949.5320637520053,589.4453125,50.73
1949.7648932019947,595.0703125,48.96
1949.9955611540063,595.0703125,49.27
1950.228203495004,724.4423828125,34.66
1950.4634309299872,595.0703125,50.03
1950.6945869449992,595.0703125,49.41
1950.9321242230071,456.70458984375,33.84
1951.1640566109854,595.0703125,48.61
1951.3958388369938,595.0703125,50.04
1951.6264691439865,456.70458984375,46.85
1951.8585329070047,589.4453125,51.94
1952.0897825809952,635.70556640625,48.94
1952.3209803609934,489.607421875,49.75
1952.5531937970081,724.4423828125,36.03
1952.7872359289904,595.0703125,49.19
1953.018777616002,595.0703125,49.18
1953.2533099050052,456.70458984375,33.9
1953.4851213950024,595.0703125,49.0
1953.7191621289821,595.0703125,48.88
1953.9493305659853,456.70458984375,46.8
1954.1827162439877,589.4453125,53.43
1954.4153957410017,595.0703125,49.68
1954.6498463839816,456.705078125,50.61
1954.8801799989888,746.9423828125,50.1
1955.1138380650082,595.0703125,49.25
1955.3454765540082,595.0703125,49.1
1955.5796539009898,1029.69091796875,26.48
1955.81423396201,595.0703125,49.14
1956.0466618860082,595.0703125,49.74
1956.2810291360074,456.70458984375,40.38
1956.5127698050055,589.4453125,50.71
1956.7436473559937,595.0703125,49.16
1956.9749939019966,492.419921875,49.28
1957.2066227530013,724.4423828125,44.24
1957.4391502020007,595.0703125,49.04
1957.6701042320055,595.0703125,49.59
1957.9038640579965,1029.69091796875,25.82
1958.1355811209942,595.0703125,49.55
1958.3704506109934,595.0703125,49.11
1958.6028531809861,456.70458984375,40.63
1958.8357380859961,589.4453125,50.53
1959.0674522850022,595.0703125,49.36
1959.3010131290066,489.607421875,48.59
1959.5328150510031,724.4423828125,34.59
1959.7669683719869,595.0703125,49.21
1959.9981330480077,595.0703125,49.66
1960.2338740369887,984.69091796875,29.5
1960.4659609869996,595.0703125,47.42
1960.6994572269905,595.0703125,49.65
1960.9366422879975,456.70458984375,46.96
1961.1687582930026,589.4453125,52.1
1961.4015640660073,595.0703125,49.26
1961.6315620859968,489.607421875,49.69
1961.8641074149928,724.4423828125,37.76
1962.0980280899967,595.0703125,49.54
1962.3328680359991,595.0703125,49.3
1962.5652239519986,1029.69091796875,28.65
1962.7987273150065,595.0703125,49.92
1963.0320300199965,595.0703125,49.06
1963.264231373003,456.70458984375,46.76
1963.497189474001,589.4453125,52.01
1963.7298048549856,595.0703125,49.66
1963.9604385150014,489.607421875,49.36
1964.1967012310051,724.4423828125,39.75
1964.4286905409826,595.0703125,49.08
1964.6600949169951,595.0703125,48.69
1964.8901445500087,1029.69091796875,29.04
1965.1275678449892,595.0703125,50.04
1965.3589440049836,595.0703125,50.03
1965.5932064210065,456.70458984375,49.71
1965.8231344579835,589.4453125,52.9
1966.0551515650004,595.0703125,48.83
1966.285352478997,492.29736328125,49.52
1966.5228384229995,724.4423828125,38.69
1966.7552046049968,595.0703125,48.93
1966.9877537050052,595.0703125,49.56
1967.2200258789817,1029.69091796875,27.16
1967.4521719859913,595.0703125,48.94
1967.6844554739946,626.70556640625,49.19
1967.9168006329855,456.70458984375,50.36
1968.149616114999,746.9423828125,49.39
1968.384999019996,595.0703125,49.34
1968.6181947260047,595.0703125,49.48
1968.8522305710067,724.4423828125,26.28
1969.0844118789828,595.0703125,49.27
1969.3186824669829,595.0703125,49.08
1969.5502486689948,1029.69091796875,31.71
1969.7817937780055,499.43896484375,49.21
1970.0154360590095,595.0703125,49.54
1970.2470091760042,456.70458984375,50.98
1970.4772215429984,589.4453125,50.7
1970.7100733429834,595.0703125,48.98
1970.941954187001,595.0703125,48.8
1971.1778715300024,724.4423828125,26.35
1971.4112204709963,595.0703125,49.11
1971.6436321199872,595.0703125,49.29
1971.8841952009825,456.70458984375,39.35
1972.1167338259984,595.0703125,49.64
1972.3502199380018,595.0703125,48.51
1972.5820387619897,456.70458984375,50.38
1972.811671642994,589.4453125,49.56
1973.042023416987,595.0703125,49.14
1973.2765422259981,595.0703125,49.38
1973.5094820979866,724.4423828125,20.84
1973.7450372349995,595.0703125,49.26
1973.9788527269848,595.0703125,48.85
1974.214291226992,456.70458984375,42.96
1974.4456865929824,595.0703125,49.2
1974.6769258599961,595.0703125,49.45
1974.9067526260042,456.705078125,49.63
1975.1384418210073,745.76025390625,50.79
1975.3698538089811,595.0703125,48.78
1975.6040315759892,595.0703125,48.95
1975.8384804030065,1029.69091796875,23.85
1976.0705979439954,595.0703125,49.37
1976.3031890199927,595.0703125,49.31
1976.5361779209925,456.70458984375,49.43
1976.767798810004,589.4453125,50.34
1977.0014525449951,595.0703125,49.49
1977.2338502269995,491.169921875,49.12
1977.4678227249824,724.4423828125,51.08
1977.7001166199916,595.0703125,49.05
1977.9305146299885,595.0703125,49.7
1978.1602269919822,1029.69091796875,33.55
1978.3888093669957,595.0703125,49.39
1978.6195756579982,595.0703125,49.26
1978.8505298969976,456.70458984375,50.21
1979.0861266609863,589.4453125,50.61
1979.320263289992,595.0703125,49.34
1979.5511608859815,489.607421875,49.35
1979.78192997101,724.4423828125,22.67
1980.0161244299961,595.0703125,49.76
1980.2476137350022,595.0703125,49.36
1980.4820281989814,456.70458984375,42.79
1980.7131949689938,595.0703125,48.92
1980.9447316970036,595.0703125,49.92
1981.174467667006,456.70458984375,49.79
1981.4087269399897,746.9423828125,50.26
1981.6396842520044,595.0703125,48.77
1981.877293537982,595.0703125,48.84
1982.1141369270044,1029.69091796875,48.07
1982.3445643410087,595.0703125,49.21
1982.5753314009926,595.0703125,49.85
1982.8087936969823,456.70458984375,49.75
1983.042645996,595.0703125,49.71
1983.2766196109878,595.0703125,49.53
1983.505864236009,492.419921875,49.36
1983.7391596779926,724.4423828125,53.01
1983.9680042429827,595.0703125,49.61
1984.1998453459819,595.0703125,49.65
1984.4321500659862,1029.69091796875,29.0
1984.6669744380051,595.0703125,49.69
1984.9006718249875,595.0703125,49.39
1985.1357511929818,456.70458984375,50.03
1985.367055973009,589.4453125,50.07
1985.6000709259824,595.0703125,49.02
1985.8314613330003,489.607421875,48.95
1986.0643161360058,724.4423828125,52.01
1986.2944726290007,476.94091796875,48.89
1986.531965208007,499.43896484375,49.47
1986.7665974420088,984.69091796875,32.93
1987.0018101400055,595.0703125,49.82
1987.2406102480018,595.0703125,48.5
1987.4732196920086,456.70458984375,23.19
1987.7059725239815,711.08056640625,50.67
1987.939141549985,595.0703125,49.03
1988.1716486749938,492.419921875,49.39
1988.405004809989,724.4423828125,50.64
1988.6369664619851,595.0703125,49.31
1988.867451705999,595.0703125,49.28
1989.10034485301,1029.69091796875,35.64
1989.3359334449924,595.0703125,49.31
1989.569262340985,595.0703125,49.1
1989.8029871069884,456.70458984375,32.47
1990.0352618650068,589.4453125,48.21
1990.269152227993,595.0703125,49.46
1990.4999330459978,456.705078125,49.43
1990.7320007899834,724.4423828125,52.45
1990.9681338770024,595.0703125,49.14
1991.2033533499925,595.0703125,49.59
1991.4350034329982,1029.69091796875,37.16
1991.6683886229875,595.0703125,50.18
1991.8990663540026,595.0703125,49.8
1992.1337730399973,456.70458984375,32.0
1992.3654762739898,589.4453125,48.62
1992.5992833839846,595.0703125,49.76
1992.8304514820047,489.607421875,49.83
1993.0604591399897,724.4423828125,50.81
1993.2919920959976,595.0703125,48.69
1993.5258202289988,595.0703125,49.51
1993.7568780450092,1029.69091796875,38.79
1993.9894699589931,595.0703125,49.33
1994.2216675409873,595.0703125,49.13
1994.4530055659998,456.70458984375,29.98
1994.686361281987,589.4453125,48.84
1994.9194748520094,595.0703125,49.29
1995.1511426059878,489.607421875,49.12
1995.3834717709979,724.4423828125,50.16
1995.6175217249838,595.0703125,49.27
1995.8491607029864,595.0703125,49.65
1996.0847361650085,984.69091796875,27.93
1996.3195865179878,595.0703125,48.82
1996.5510256059933,595.0703125,49.84
1996.7831085750076,456.70458984375,30.42
1997.0177944489988,589.4453125,48.72
1997.252708429005,595.0703125,49.63
1997.4829742260044,489.607421875,49.62
1997.7133599439985,724.4423828125,49.81
1997.9450817559846,595.0703125,48.74
1998.1742423599935,595.0703125,49.1
1998.410594963003,456.70458984375,22.56
1998.640841624001,595.0703125,50.67
1998.8760078059859,595.0703125,49.37
1999.1074343920045,456.70458984375,39.69
1999.3420584549895,746.9423828125,49.57
1999.5732567239902,595.0703125,49.03
1999.8041853999894,595.0703125,48.92
2000.0381727049826,724.4423828125,45.68
2000.2696563529898,595.0703125,49.17
2000.5021316299972,595.0703125,49.55
2000.7361633550026,456.70458984375,24.57
2000.973788075993,595.0703125,49.48
2001.206401501986,595.0703125,49.57
2001.4391898839967,456.705078125,50.22
2001.6724376929924,724.4423828125,52.24
2001.9088902419899,595.0703125,49.64
2002.1387550009822,595.0703125,49.63
2002.3722355960053,1029.69091796875,37.13
2002.6043552329938,595.0703125,48.35
2002.8358735920046,595.0703125,49.4
2003.0695376649965,456.70458984375,29.49
2003.3008365079877,589.4453125,49.02
2003.5322914499848,595.0703125,49.57
2003.7650069860101,489.607421875,50.81
2003.9976876009896,724.4423828125,49.57
2004.230976966006,595.0703125,49.12
2004.464214298001,595.0703125,49.34
2004.6980580060044,1029.69091796875,20.42
2004.92975530299,595.0703125,50.69
2005.162421251007,595.0703125,49.61
2005.3937205830007,456.70458984375,35.95
2005.6256591170095,589.4453125,50.11
2005.857296628994,595.0703125,49.7
2006.0896123840066,489.607421875,49.67
2006.320278241008,724.4423828125,49.57
2006.554144299007,595.0703125,49.64
2006.7863471189921,595.0703125,49.64
2007.0185775260034,1029.69091796875,23.18
2007.2506069259834,595.0703125,50.36
2007.4841848819924,595.0703125,49.05
2007.715813452989,456.70458984375,42.08
2007.9466484700097,589.4453125,49.78
2008.1792898330023,595.0703125,49.78
2008.4129403560073,494.82861328125,51.0
2008.6470387809968,724.4423828125,48.74
2008.8803495879984,595.0703125,48.99
2009.1116589070007,595.0703125,48.71
2009.3421969519986,1029.69091796875,25.28
2009.5744819070096,595.0703125,49.22
2009.8089057999896,595.0703125,48.97
2010.0408620039816,456.70458984375,39.79
2010.2735651780094,589.4453125,50.48
2010.5038841959904,595.0703125,49.44
2010.7333257079881,595.0703125,49.4
2010.9662602010067,724.4423828125,44.64
2011.1952529030095,621.08056640625,49.32
2011.4268978179898,595.0703125,49.62
2011.6585349180095,1029.69091796875,29.23
2011.894152592984,595.0703125,50.19
2012.1272877029842,595.0703125,49.04
2012.3579289329937,456.70458984375,38.0
2012.5871179199894,589.4453125,49.4
2012.8176595539844,595.0703125,49.23
2013.0471773619938,595.0703125,48.94
2013.2797917930002,724.4423828125,45.83
2013.5140957929834,595.0703125,49.18
2013.7456016780052,595.0703125,49.16
2013.9811293949897,456.70458984375,21.62
2014.2101970649965,595.0703125,49.83
2014.4436699349899,595.0703125,49.31
2014.6760360049957,456.70458984375,32.86
2014.9055545110023,589.4453125,48.86
2015.136507379997,595.0703125,49.75
2015.3683808479982,595.0703125,48.97
2015.6010435399949,724.4423828125,49.13
2015.8346818680002,595.0703125,50.21
2016.0669220109994,595.0703125,49.27
2016.3023463609861,456.70458984375,21.11
2016.5334361220011,595.07080078125,50.92
2016.7655609549838,595.0703125,49.25
2016.995648051001,456.70458984375,41.79
2017.2313676269841,746.9423828125,49.85
2017.4595214029832,595.0703125,49.0
2017.691561515996,595.0703125,49.2
2017.92212780501,724.4423828125,49.04
2018.152922129986,595.0703125,49.4
2018.3847474769864,595.0703125,49.34
2018.619442736992,456.70458984375,26.26
2018.8541583909828,595.0703125,50.02
2019.0849671039905,595.0703125,49.5
2019.31813133799,456.70458984375,49.27
2019.5528958819923,746.9423828125,50.99
2019.7872699349828,595.0703125,49.41
2020.0212178759975,595.0703125,49.83
2020.2548907059827,724.4423828125,43.96
2020.4855546350009,595.0703125,49.97
2020.7143982489943,595.0703125,50.16
2020.95260039001,456.70458984375,20.12
2021.183882918005,595.0703125,50.84
2021.4147377269983,493.99560546875,49.08
2021.6468333659868,456.70458984375,44.27
2021.878247755987,746.9423828125,52.02
2022.1120764759835,595.0703125,49.46
2022.3469360760064,595.0703125,49.65
2022.5783145669848,1029.69091796875,33.58
2022.8084245029895,595.0703125,48.71
2023.0407916200056,595.0703125,49.54
2023.2719306899817,456.70458984375,29.23
2023.504692419985,595.0703125,48.23
2023.7384592590097,595.0703125,48.4
2023.9701774659916,492.419921875,49.25
2024.2035174949851,724.4423828125,51.11
2024.435287875007,595.0703125,48.82
2024.6665295439889,595.0703125,49.17
2024.899788834009,1029.69091796875,27.59
2025.1322376680037,595.0703125,49.72
2025.3631102179934,595.0703125,49.23
2025.5959082659974,456.70458984375,40.03
2025.8287059649883,746.9423828125,51.44
2026.059915157006,595.0703125,49.55
2026.289540591999,489.607421875,49.81
2026.519619447994,724.4423828125,48.14
2026.7508525959856,595.0703125,48.58
2026.9842176979873,595.0703125,49.12
2027.21896701699,456.70458984375,22.13
2027.4506409440073,595.0703125,49.57
2027.683738827007,595.0703125,49.83
2027.917730768997,456.70458984375,42.43
2028.1523964859953,746.9423828125,51.51
2028.3867428810045,595.0703125,49.62
2028.6233123739948,595.0703125,49.31
2028.85809221401,724.4423828125,42.94
2029.0902788579988,595.0703125,49.23
2029.3247297369817,595.0703125,49.23
2029.5569959319837,1029.69091796875,28.54
2029.7880217869824,595.0703125,49.6
2030.0212307199836,595.0703125,49.25
2030.2538525550044,456.70458984375,37.64
2030.4865477939893,746.9423828125,51.85
2030.7200006189814,595.0703125,49.34
2030.9518313430017,595.0703125,49.75
2031.185826008994,1029.69091796875,39.88
2031.4176563149958,595.0703125,49.59
2031.6485862749978,595.0703125,48.76
2031.8819217639975,456.70458984375,29.11
2032.1124843510042,595.0703125,49.79
2032.3457356790022,595.0703125,49.99
2032.576674231008,456.70458984375,39.6
2032.8130375479814,746.9423828125,51.6
2033.0472335009836,595.0703125,49.69
2033.2806297540083,595.0703125,49.45
2033.5157891199924,623.18896484375,41.83
2033.7452025820094,595.0703125,49.31
2033.974199082004,595.0703125,49.53
2034.205802187993,456.70458984375,26.95
2034.4384527280054,595.0703125,49.06
2034.6738610139873,595.0703125,49.01
2034.903750035999,492.419921875,50.54
2035.1372080989822,745.76025390625,52.73
2035.3666328759864,595.0703125,49.04
2035.602114985988,595.0703125,49.19
2035.835553284007,724.4423828125,43.92
2036.0691297999874,595.0703125,48.21
2036.301985328988,595.0703125,48.67
2036.5351473979827,456.70458984375,23.78
2036.7677876710077,595.0703125,49.99
2036.9996949429915,595.0703125,49.72
2037.23152832099,456.705078125,49.03
2037.467633080989,746.9423828125,50.48
2037.698737787985,595.0703125,49.56
2037.9306636379915,595.0703125,49.84
2038.165504450997,1029.69091796875,41.42
2038.3990422750067,595.0703125,48.52
2038.6337319469894,595.0703125,48.75
2038.8670660390053,1029.69091796875,24.49
2039.098047684005,595.0703125,49.74
2039.3299879209953,595.0703125,48.74
2039.5622822629812,456.70458984375,41.53
2039.7964320500032,746.9423828125,51.68
2040.033642002003,595.0703125,49.47
2040.265769488993,595.0703125,49.51
2040.5022345680045,522.29345703125,40.47
2040.7331523059984,595.0703125,50.79
2040.965847754007,595.0703125,49.38
2041.1984619759896,456.70458984375,27.35
2041.4325929059996,595.0703125,49.57
2041.663610727992,595.0703125,50.14
2041.895118149987,456.70458984375,42.08
2042.128486186004,746.9423828125,51.87
2042.3608148900094,595.0703125,49.61
2042.59070628701,595.0703125,49.17
2042.8264066549891,724.4423828125,40.87
2043.060330220993,595.0703125,48.8
2043.2916830809845,595.0703125,49.19
2043.525860455993,465.68896484375,24.84
2043.75851539601,595.0703125,50.77
2043.9897342959885,595.0703125,49.87
2044.2213203609863,456.70458984375,40.28
2044.4533498579985,589.4453125,51.01
2044.686747995991,595.0703125,48.75
2044.918946513004,489.607421875,49.13
2045.151292747003,724.4423828125,46.97
2045.382004657993,595.0703125,50.89
2045.6174472369894,595.0703125,50.0
2045.850610353984,1029.69091796875,21.54
2046.0827906409977,595.0703125,51.16
2046.312870474998,595.0703125,48.92
2046.5446134759986,456.70458984375,44.39
2046.7770953449944,746.9423828125,51.26
2047.0085920109996,595.0703125,49.25
2047.2379634279932,489.607421875,49.08
2047.4682625669811,724.4423828125,47.51
2047.7011708969949,626.70556640625,48.91
2047.9344535149867,595.0703125,49.11
2048.1671989719907,1029.69091796875,23.14
2048.397329789994,595.0703125,50.16
2048.6302666160045,595.0703125,49.33
2048.8619823089975,456.70458984375,42.16
2049.097618911008,746.9423828125,50.2
2049.3277004899865,595.0703125,48.98
2049.5596507159935,595.0703125,49.01
2049.793190425,1029.69091796875,36.54
2050.024448716984,595.0703125,50.22
2050.2566349410044,595.0703125,48.79
2050.491212934983,984.69091796875,23.38
2050.722744383005,595.0703125,49.3
2050.9534439319978,595.0703125,49.73
2051.185517918988,456.70458984375,42.21
2051.419103933993,746.9423828125,52.26
2051.6537387800054,595.0703125,49.85
2051.8863849199843,595.0703125,49.39
2052.124552488007,544.43896484375,38.91
2052.3552412810095,595.0703125,50.47
2052.5863123239833,595.0703125,49.18
2052.818533120997,456.70458984375,30.83
2053.0533605240053,595.0703125,48.15
2053.2844092870073,595.0703125,49.6
2053.5170442519884,456.70458984375,41.7
2053.7479695329966,589.4453125,52.56
2053.981175533001,595.0703125,49.55
2054.2126163950015,595.0703125,49.57
2054.4490243420005,724.4423828125,39.42
2054.682113843999,595.0703125,49.42
2054.915872929996,595.0703125,49.55
2055.1505280300044,456.70458984375,30.19
2055.3810677090078,595.0703125,49.16
2055.608801100985,595.0703125,49.0
2055.8437007909815,456.705078125,50.12
2056.0728285259975,746.9423828125,51.15
2056.303120541008,599.384765625,48.53
2056.5335433029977,595.0703125,49.68
2056.7667319120083,724.4423828125,40.35
2057.0016502509825,595.0703125,48.6
2057.2369365909835,595.0703125,49.43
2057.4702209550014,456.70458984375,27.53
2057.7020212269854,595.0703125,49.32
2057.9335715319903,595.0703125,49.06
2058.1686035750026,456.705078125,50.84
2058.40006888099,746.9423828125,51.41
2058.6337440159987,595.0703125,49.33
2058.864460746001,595.0703125,49.15
2059.0965700740053,1029.69091796875,30.87
2059.325642003998,595.0703125,49.99
2059.5568668409833,595.0703125,48.65
2059.790191086009,456.70458984375,26.38
2060.020738725987,595.0703125,49.1
2060.2521553520055,595.0703125,49.61
2060.482876202994,456.705078125,50.28
2060.7150221979828,746.9423828125,53.91
2060.9489898349857,595.0703125,49.56
2061.181469678995,595.0703125,49.44
2061.4130418440036,1029.69091796875,27.09
2061.6465366449847,595.0703125,49.38
2061.877299610991,595.0703125,49.33
2062.110029842006,456.70458984375,37.92
2062.3415944649896,589.4453125,51.35
2062.575438898988,595.0703125,50.22
2062.8077060710057,456.705078125,50.23
2063.041967536992,724.4423828125,51.6
2063.272133766004,595.0703125,49.2
2063.504508565995,595.0703125,49.27
2063.7350923850026,1029.69091796875,28.53
2063.967672103987,595.0703125,49.97
2064.1982632569852,595.0703125,49.12
2064.430179677991,456.70458984375,38.28
2064.660929304984,589.4453125,49.93
2064.8948228379886,595.0703125,49.7
2065.127475404006,489.607421875,49.69
2065.3604259190033,724.4423828125,50.51
2065.5940507669875,595.0703125,48.66
2065.826852586004,595.0703125,49.68
2066.0596590850037,1029.69091796875,30.05
2066.291031989007,595.0703125,49.88
2066.522214431985,595.0703125,48.99
2066.7541414689913,456.70458984375,37.35
2066.985077575984,589.4453125,49.46
2067.2157256509818,595.0703125,49.09
2067.4461975120066,595.0703125,48.89
2067.6815109509917,724.4423828125,41.05
2067.9178674239956,595.0703125,48.68
2068.149175373983,595.0703125,50.22
2068.3845462939935,984.69091796875,20.33
2068.6159866669914,595.0703125,49.62
2068.847189224005,595.06982421875,49.31
2069.0798452809977,456.70458984375,42.7
2069.3149793639896,746.9423828125,52.49
2069.5488875650044,595.0703125,49.67
2069.7812562889885,595.0703125,49.51
2070.0153420999995,690.68896484375,37.63
2070.2465656099957,595.0703125,49.69
2070.478138403996,595.0703125,48.68
2070.7108128999826,456.70458984375,32.5
2070.942580206989,595.0703125,48.43
2071.1766978660016,595.0703125,49.74
2071.4072036709986,456.70458984375,47.65
2071.6434749359905,746.9423828125,50.33
2071.876477623009,595.0703125,48.97
2072.11007851499,595.0703125,48.92
2072.3499289480096,1029.69091796875,32.92
2072.58150935499,595.0703125,48.64
2072.8129050279967,595.0703125,49.04
2073.0462606319925,456.70458984375,35.19
2073.2813310879865,595.0703125,49.42
2073.513268671988,595.0703125,49.41
2073.7455977950012,492.419921875,49.03
2073.976591801009,724.4423828125,50.14
2074.2091835330066,595.0703125,50.21
2074.4438174710085,595.0703125,49.78
2074.677557769988,724.4423828125,33.94
2074.908920057991,595.0703125,49.2
2075.140398913005,595.0703125,48.66
2075.373695360002,456.70458984375,33.74
2075.6075108789955,595.0703125,49.68
2075.8409208910016,595.0703125,49.27
2076.0731637660065,492.419921875,49.05
2076.306618675997,724.4423828125,45.77
2076.5371308249887,595.0703125,49.99
2076.767396220006,595.0703125,48.78
2076.998289921001,1029.69091796875,21.5
2077.226753647992,595.0703125,49.82
2077.458061657002,595.0703125,49.77
2077.6909370099893,456.70458984375,33.59
2077.9214184980083,589.4453125,49.12
2078.1524197569815,595.0703125,49.68
2078.3826393350028,489.607421875,49.88
2078.6127788719896,724.4423828125,45.74
2078.8425536899886,595.0703125,49.15
2079.073605235986,626.70556640625,48.9
2079.309602286987,984.69091796875,22.33
2079.5422111199878,595.0703125,49.46
2079.774253527983,595.0703125,49.17
2080.006563851988,456.70458984375,48.06
2080.2386392949848,746.9423828125,51.35
2080.469186086004,595.0703125,49.21
2080.7015974030073,489.607421875,48.24
2080.9317334489897,724.4423828125,44.43
2081.163053470984,595.0703125,48.92
2081.3939828609873,595.0703125,48.88
2081.6302561420016,984.69091796875,21.85
2081.861938508984,595.0703125,51.08
2082.0935911920096,595.0703125,49.96
2082.324316012993,456.70458984375,42.75
2082.559520137991,746.9423828125,51.07
2082.7936297559936,595.0703125,49.18
2083.025522907992,595.0703125,49.4
2083.257679089991,724.4423828125,44.93
2083.491186939995,595.0703125,49.67
2083.7225066829997,595.0703125,48.69
2083.955159517005,1029.69091796875,24.85
2084.1858121200057,696.3203125,49.41
2084.4162954239873,595.0703125,49.16
2084.649003433995,456.70458984375,39.31
2084.8813503560086,746.9423828125,50.36
2085.115319309989,595.0703125,49.38
2085.348229166004,595.0703125,49.39
2085.5835174520034,1029.69091796875,38.88
2085.816845527006,595.0703125,49.09
2086.048556669004,595.0703125,49.92
2086.2829778550076,984.69091796875,21.5
2086.514540931006,595.0703125,49.72
2086.7465707660012,595.0703125,48.73
2086.980652934988,456.70458984375,38.63
2087.2123329970054,589.4453125,50.53
2087.443483579991,716.70556640625,50.85
2087.6742199950095,489.607421875,49.14
2087.905441049981,724.4423828125,49.35
2088.1368309149984,595.0703125,49.89
2088.3694090869976,595.06982421875,49.61
2088.600218976004,1029.69091796875,30.99
2088.834141903004,595.0703125,48.54
2089.0650888250093,595.0703125,49.57
2089.298305290984,456.70458984375,30.57
2089.5283640199923,589.4453125,48.71
2089.7647072130057,595.0703125,48.86
2089.993826764985,456.705078125,48.87
2090.2267540110042,724.4423828125,51.05
2090.457429314003,595.0703125,49.34
2090.687812811986,595.0703125,49.41
2090.919654700003,1029.69091796875,30.55
2091.153493396996,595.0703125,49.1
2091.387245068996,595.0703125,49.65
2091.619944837992,456.70458984375,35.9
2091.8516439670057,589.4453125,50.01
2092.0841786969977,595.0703125,49.65
2092.3156648050062,489.607421875,50.62
2092.547936646006,724.4423828125,53.78
2092.7827620129974,595.0703125,48.62
2093.0163403360057,595.0703125,49.52
2093.2481979379954,1029.69091796875,35.17
2093.4791321480006,595.0703125,49.47
2093.7101280289935,595.0703125,49.53
2093.942203123006,456.70458984375,34.59
2094.1726521340024,589.4453125,49.24
2094.402967884991,595.0703125,49.66
2094.636784581002,595.0703125,49.65
2094.8692533790017,724.4423828125,48.53
2095.100637936004,595.0703125,50.05
2095.3322690379864,595.0703125,49.41
2095.56278810199,1029.69091796875,30.28
2095.7935133419815,595.0703125,48.57
2096.0261688299943,595.0703125,49.4
2096.2583420529845,456.70458984375,33.98
2096.4910704570066,746.9423828125,48.72
2096.723655473994,595.0703125,48.76
2096.954898178985,595.0703125,49.06
2097.188259988994,724.4423828125,46.95
2097.4190061120025,595.0703125,50.24
2097.6510983869957,595.0703125,49.13
2097.884575715987,456.70458984375,22.77
2098.116643266985,595.0703125,50.79
2098.3480255189934,595.0703125,49.14
2098.581743946008,456.70458984375,50.18
2098.8115439770045,589.4453125,49.54
2099.0426968649845,595.0703125,49.44
2099.273677660007,595.0703125,49.4
2099.508012100996,724.4423828125,47.15
2099.7378853980044,595.0703125,49.62
2099.9711819739896,595.0703125,49.31
2100.2071376079984,456.70458984375,20.51
2100.438307746983,595.0703125,50.85
2100.6701787599886,595.0703125,49.14
2100.9014375999977,456.705078125,48.94
2101.1362254609994,746.9423828125,50.61
2101.369481946982,595.0703125,50.12
2101.600539289997,595.0703125,49.5
2101.8325659830007,724.4423828125,50.18
2102.0649120669987,595.0703125,49.42
2102.2969783599838,595.0703125,49.6
2102.529736797005,456.70458984375,23.76
2102.760041372996,595.0703125,49.64
2102.992353512993,595.0703125,49.13
2103.2227937940042,456.705078125,49.24
2103.4570672629925,724.4423828125,50.56
2103.686840613984,595.0703125,49.15
2103.917933366989,595.0703125,48.94
2104.148304294009,1029.69091796875,35.33
2104.378757216007,595.0703125,49.71
2104.613471952005,595.0703125,48.97
2104.845532937994,456.70458984375,49.97
2105.077862678998,589.4453125,51.42
2105.307947180001,599.384765625,49.01
2105.5412231519877,489.60791015625,48.96
2105.773668482987,724.4423828125,50.54
2106.006453598995,595.0703125,49.07
2106.238283195009,595.0703125,49.55
2106.4701842399954,1029.69091796875,35.94
2106.7000087859924,595.0703125,48.85
2106.931003620004,595.0703125,48.59
2107.163789365004,456.70458984375,49.68
2107.3937145539967,589.4453125,48.72
2107.626972925995,595.0703125,49.73
2107.8584904639865,489.607421875,50.24
2108.089581820008,724.4423828125,50.48
2108.320189304999,595.0703125,48.58
2108.552134002006,595.0703125,48.78
2108.785554059985,984.69091796875,40.35
2109.0199628139962,595.0703125,49.05
2109.2510285390017,595.0703125,49.49
2109.483286270988,456.70458984375,49.54
2109.7178261909867,746.9423828125,50.37
2109.951790046005,595.0703125,49.03
2110.1821822749916,595.0703125,49.48
2110.4141447809816,724.4423828125,52.4
2110.648863498005,595.0703125,50.21
2110.8812861999904,595.0703125,49.64
2111.114738036995,1029.69091796875,37.69
2111.3469257869874,595.0703125,49.1
2111.5764604849974,595.0703125,48.98
2111.808895619004,456.70458984375,49.09
2112.0405085620005,746.9423828125,48.87
2112.274891125009,595.0703125,49.49
2112.5067957319843,595.0703125,49.33
2112.741524087003,724.4423828125,50.29
2112.9724821840064,595.0703125,49.46
2113.205668198003,595.0703125,49.72
2113.440285154007,456.70458984375,44.62
2113.6712336119963,595.0703125,48.84
2113.902581222006,595.0703125,49.11
2114.1371866539994,456.70458984375,49.16
2114.3703981610015,746.9423828125,49.58
2114.6035116089915,595.0703125,49.24
2114.8358962459897,595.0703125,49.24
2115.0702613489993,1029.69091796875,46.67
2115.301138426992,595.0703125,49.81
2115.533135924983,595.0703125,49.57
2115.7658861200034,456.70458984375,49.41
2116.000924927008,595.0703125,50.5
2116.2320340239967,595.0703125,49.37
2116.4622478740057,456.70458984375,49.74
2116.693320024002,746.9423828125,49.0
2116.926877741993,595.0703125,49.39
2117.1584448689828,595.0703125,48.97
2117.3926918669895,1029.69091796875,44.44
2117.623178103997,595.0703125,48.6
2117.8521021659835,595.0703125,49.11
2118.084618456982,456.70458984375,50.1
2118.3190291670035,589.4453125,48.91
2118.5526076289825,595.0703125,49.64
2118.7850308890047,489.607421875,49.7
2119.015191868006,724.4423828125,52.68
2119.246762136987,595.0703125,49.47
2119.477998137998,595.0703125,49.54
2119.7091362199862,1029.69091796875,32.97
2119.942368469987,595.0703125,49.85
2120.1728137799946,595.0703125,49.05
2120.4079188680043,456.70458984375,50.33
2120.640803789982,589.4453125,50.4
2120.872969051008,595.0703125,49.29
2121.1048597589834,489.607421875,49.34
2121.3375869760057,724.4423828125,49.59
2121.570431389002,502.94970703125,48.65
2121.8061302810092,595.0703125,49.15
2122.037141109002,1029.69091796875,36.2
2122.2697796249995,595.0703125,48.95
2122.502675652009,595.0703125,49.94
2122.734472281998,456.70458984375,49.15
2122.968211033003,595.0703125,50.32
2123.2030040629907,595.0703125,49.29
2123.434161351004,492.419921875,49.3
2123.6665082729887,724.4423828125,52.15
2123.8972978380043,595.0703125,49.52
2124.131549585989,595.0703125,49.37
2124.3621810269833,1029.69091796875,35.65
2124.597105500987,595.0703125,48.55
2124.828679680999,595.0703125,49.51
2125.0612494020024,456.70458984375,49.85
2125.293350616994,589.4453125,50.08
2125.529939586995,595.0703125,49.59
2125.7590292459936,456.705078125,49.5
2125.991970181989,724.4423828125,50.14
2126.2223210640077,595.0703125,48.93
2126.452630249987,595.0703125,49.48
2126.6846274689888,1029.69091796875,34.37
2126.918439764995,595.0703125,48.48
2127.150713071984,595.0703125,49.49
2127.3824496369925,456.70458984375,49.84
2127.6135327520024,589.4453125,48.57
2127.8434515160043,595.0703125,49.34
2128.0753957240086,595.0703125,49.5
2128.306785728986,724.4423828125,20.4
2128.5370916319953,595.0703125,49.9
2128.7688568329904,595.0703125,48.28
2129.0015806969895,578.18896484375,35.33
2129.231877170998,595.0703125,48.67
2129.4641509680077,595.0703125,49.4
2129.6969930760097,456.70458984375,49.12
2129.9282252359844,746.9423828125,48.61
2130.1596350059845,595.0703125,50.05
2130.389886082994,595.0703125,49.22
2130.6261625759944,1057.28759765625,21.27
2130.8554010700027,595.0703125,49.1
2131.0879425739986,595.0703125,49.56
2131.3216172799875,456.70458984375,40.84
2131.5566208859964,595.0703125,49.91
2131.78697079001,595.0703125,48.98
2132.020844618004,456.70458984375,50.44
2132.251389662997,589.4453125,49.62
2132.482124820992,595.0703125,49.17
2132.7125616789854,595.0703125,48.67
2132.9467384149903,724.4423828125,26.6
2133.180108395987,595.0703125,49.22
2133.413215068984,595.0703125,49.11
2133.6466562899877,456.70458984375,40.35
2133.8779847630067,595.0703125,49.1
2134.1093476690003,595.0703125,49.73
2134.340155532991,456.70458984375,49.76
2134.5720294789935,746.9423828125,48.48
2134.8031300540024,595.0703125,49.07
2135.0378182499844,595.0703125,49.38
2135.2687597239856,724.4423828125,30.32
2135.5039555369876,595.0703125,49.48
2135.735561146983,595.0703125,48.77
2135.968470303982,456.70458984375,36.37
2136.1978647579963,595.0703125,49.92
2136.427542842983,595.0703125,49.95
2136.659194409993,456.705078125,49.34
2136.890508145996,724.4423828125,43.52
2137.123123614001,595.0703125,49.94
2137.3528145499877,635.70556640625,49.29
2137.5882365849975,1029.69091796875,25.57
2137.8202838109864,595.0703125,48.6
2138.0543373450055,595.0703125,49.32
2138.2879635790014,456.70458984375,38.03
2138.5197041950014,595.0703125,50.96
2138.7514663229813,595.0703125,48.82
2138.9831725060067,456.705078125,49.29
2139.2141797019867,724.4423828125,45.18
2139.451331046992,595.0703125,49.61
2139.685163247981,595.0703125,49.85
2139.916858117009,1029.69091796875,24.06
2140.1459862689953,595.0703125,50.6
2140.3774046830076,595.0703125,49.69
2140.6100834099925,456.70458984375,40.85
2140.842530608992,595.0703125,49.5
2141.076842401002,595.0703125,48.67
2141.3105087069853,456.70458984375,50.83
2141.541434448998,746.9423828125,49.81
2141.7743164190033,595.0703125,48.7
2142.004518311005,595.0703125,49.35
2142.2399211179873,724.4423828125,28.68
2142.4717887610022,595.0703125,49.35
2142.7067498120014,595.0703125,49.03
2142.9461229050066,456.70458984375,37.26
2143.1781108870055,595.0703125,49.44
2143.4067336320004,595.0703125,49.82
2143.6371706140053,456.70458984375,49.65
2143.867500038992,746.9423828125,47.59
2144.099452680006,595.0703125,49.01
2144.3308076770045,595.0703125,49.42
2144.5612789519946,1029.69091796875,21.21
2144.7898046849878,595.0703125,49.73
2145.02136459999,621.08056640625,49.14
2145.2569984479924,456.70458984375,43.91
2145.489935803984,589.4453125,52.18
2145.7218654669996,595.0703125,49.0
2145.9530077920062,489.607421875,49.5
2146.1870930840087,724.4423828125,37.22
2146.4183170550095,626.70556640625,50.03
2146.649696637003,595.0703125,49.42
2146.882676387002,1029.69091796875,24.02
2147.115902472986,595.0703125,49.59
2147.3465091729886,595.0703125,49.04
2147.5790255159955,456.70458984375,40.38
2147.8105527450098,589.4453125,50.91
2148.0440579229908,595.0703125,48.99
2148.2744075309893,489.607421875,49.95
2148.5055115830037,724.4423828125,42.67
2148.738650015992,595.0703125,49.22
2148.9694414499972,595.0703125,49.34
2149.203856120992,984.69091796875,26.01
2149.436822880991,595.0703125,49.49
2149.6695162749966,595.0703125,49.33
2149.9017148340063,456.70458984375,41.45
2150.13551083699,589.4453125,50.77
2150.3668821069878,595.0703125,49.04
2150.5976093559875,489.607421875,49.1
2150.828887384996,724.4423828125,38.12
2151.05952998501,595.0703125,49.42
2151.2889120609907,595.07080078125,49.2
2151.5261135309993,984.69091796875,28.93
2151.7572733869893,595.0703125,48.42
2151.9929723969835,595.0703125,49.43
2152.2249354459927,456.70458984375,45.01
2152.455731839,589.4453125,52.84
2152.68745176401,595.0703125,49.03
2152.9205420060025,456.705078125,50.2
2153.151927034982,724.4423828125,49.06
2153.387164034997,595.0703125,49.44
2153.620944183989,595.0703125,49.06
2153.8526904399914,1029.69091796875,22.57
2154.083661790006,595.0703125,50.05
2154.3159351499926,595.0703125,49.19
2154.5482458749902,456.70458984375,41.84
2154.7837386399915,589.4453125,51.17
2155.0150016539847,595.0703125,49.03
2155.2477136270027,492.419921875,49.74
2155.4798070009856,724.4423828125,44.98
2155.7130595580093,595.0703125,49.29
2155.9428752179956,595.0703125,49.01
2156.1775022810034,1029.69091796875,25.96
2156.4072928679816,595.0703125,49.4
2156.6419584149844,595.0703125,49.56
2156.874945847987,456.70458984375,41.37
2157.10840772299,589.4453125,51.49
2157.3396091350005,595.0703125,49.52
2157.574340542982,489.607421875,49.38
2157.805173673987,724.4423828125,42.52
2158.0403573839867,595.0703125,49.05
2158.270668370009,595.0703125,49.95
2158.504349411989,1029.69091796875,22.24
2158.7351699709834,595.0703125,50.6
2158.969171242992,595.0703125,49.19
2159.201236819994,456.70458984375,42.96
2159.437624062004,589.4453125,50.42
2159.6694472850068,595.0703125,49.16
2159.901304311992,489.607421875,49.26
2160.133630892,724.4423828125,38.93
2160.3682900129934,595.0703125,49.48
2160.6034137980023,595.0703125,49.28
2160.8368610059842,1029.69091796875,29.37
2161.0707101599837,510.68896484375,48.9
2161.3016104800045,595.0703125,49.52
2161.53371719399,456.70458984375,43.22
2161.7664889529988,589.4453125,50.13
2161.99622743699,595.0703125,48.93
2162.229289531999,489.607421875,49.73
2162.4594643939927,724.4423828125,38.58
2162.695427898987,595.0703125,49.43
2162.9270244819927,499.62060546875,48.99
2163.163090446993,984.69091796875,30.23
2163.394634508004,595.0703125,47.4
2163.627232008992,595.0703125,49.19
2163.8590201000043,456.70458984375,50.69
2164.0936471640016,746.9423828125,53.0
2164.3250999400043,595.0703125,49.16
2164.5585134139983,489.607421875,49.71
2164.7888637209835,724.4423828125,42.46
2165.0241469579923,595.0703125,49.5
2165.2564359619864,595.0703125,49.26
2165.488818416983,1029.69091796875,27.3
2165.72008373501,595.0703125,49.67
2165.950295404007,595.0703125,49.4
2166.182088664995,456.70458984375,50.42
2166.414754750993,746.9423828125,51.57
2166.647882147983,595.0703125,49.25
2166.8798070619814,595.0703125,49.59
2167.116175935982,1029.69091796875,29.8
2167.3473487120064,595.0703125,49.01
2167.5815011929953,716.70556640625,50.17
2167.8148328120005,984.69091796875,26.33
2168.0453054840036,595.0703125,48.89
2168.2759489209857,595.0703125,49.62
2168.5080116349855,456.70458984375,50.04
2168.740095999994,746.9423828125,52.62
2168.9717587239866,595.0703125,49.0
2169.2021844619885,595.0703125,48.8
2169.437063936988,1029.69091796875,27.64
2169.668850702001,595.0703125,49.77
2169.902781641984,595.0703125,49.24
2170.136316571996,456.70458984375,39.13
2170.3689299270045,595.0703125,51.3
2170.602852415992,595.0703125,49.88
2170.8345884750015,456.70458984375,50.19
2171.0693217689986,746.9423828125,52.67
2171.302730633004,595.0703125,49.58
2171.5366094700003,595.0703125,49.3
2171.7712953409937,1029.69091796875,29.47
2172.0049659060023,595.0703125,48.86
2172.235249513993,595.0703125,48.58
2172.470313233993,456.70458984375,38.15
2172.70246855999,595.0703125,48.86
2172.9368770849833,595.0703125,49.7
2173.1692647769814,456.70458984375,49.61
2173.404553461005,746.9423828125,47.15
2173.6374800610065,595.0703125,49.52
2173.870503602986,595.0703125,49.58
2174.1025967680034,724.4423828125,31.4
2174.3369038809906,595.0703125,49.71
2174.5688271889812,595.0703125,49.35
2174.8037732240045,456.70458984375,35.06
2175.037431008008,595.0703125,49.56
2175.2714400319965,595.0703125,49.79
2175.5041439729976,456.70458984375,49.44
2175.737369151,746.9423828125,46.9
2175.972795634996,595.0703125,49.15
2176.2041243709973,595.0703125,49.63
2176.435885432991,724.4423828125,27.2
2176.6674901880033,599.384765625,48.88
2176.9040571349906,595.0703125,48.92
2177.138861179992,1029.69091796875,33.35
2177.369559793995,595.0703125,47.5
2177.600506697985,595.0703125,49.57
2177.8344472759927,456.70458984375,51.24
2178.0660604820005,746.9423828125,49.48
2178.299438335991,595.0703125,49.46
2178.530126333004,595.0703125,49.24
2178.7656167240057,724.4423828125,23.16
2178.994262586988,595.0703125,50.01
2179.2291438079847,595.0703125,49.44
2179.46424691999,465.68896484375,38.54
2179.6963150110096,595.0703125,48.39
2179.926118868985,595.06982421875,48.55
2180.1571497939876,456.70458984375,50.01
2180.389202450984,746.9423828125,49.7
2180.623594492994,595.0703125,49.8
2180.855430147989,595.0703125,49.2
2181.089975563984,724.4423828125,25.46
2181.3218579439854,595.0703125,49.33
2181.5578574890096,595.0703125,49.32
2181.7906182809966,456.70458984375,41.48
2182.023389270995,595.0703125,48.42
2182.2570950379886,595.0703125,49.66
2182.4871506780037,456.70458984375,50.06
2182.7179731229844,488.37060546875,46.87
2182.950643819,595.0703125,48.9
2183.1813517209957,595.0703125,48.9
2183.417412028997,724.4423828125,26.15
2183.653748634999,595.0703125,48.75
2183.886711622996,595.0703125,49.44
2184.1231859590043,456.70458984375,41.91
2184.35495498401,595.0703125,49.57
2184.5880995629996,595.0703125,49.41
2184.8196091220016,456.705078125,48.74
2185.053357142984,746.9423828125,50.57
2185.2843347789894,595.0703125,49.72
2185.5189750419813,595.0703125,50.06
2185.75171257701,724.4423828125,22.1
2185.9859093389823,595.0703125,48.89
2186.2186424740066,595.0703125,48.91
2186.4522954389977,456.70458984375,42.09
2186.682977360004,595.0703125,49.47
2186.91465970999,595.0703125,49.12
2187.1451089149923,456.705078125,48.86
2187.3810810809955,724.4423828125,49.69
2187.613412549981,595.0703125,49.09
2187.8498819969827,595.0703125,49.19
2188.0797245469876,1029.69091796875,33.12
2188.3107214589836,595.0703125,49.0
2188.541946337995,595.0703125,49.27
2188.7767238430097,456.70458984375,47.57
2189.0069980219996,589.4453125,50.19
2189.237322975998,595.0703125,49.35
2189.4685796340054,489.607421875,49.09
2189.700287615997,724.4423828125,51.38
2189.9349921350076,595.0703125,49.41
2190.1685891560046,595.0703125,49.03
2190.40278626699,984.69091796875,38.03
2190.636618029006,595.0703125,49.23
2190.867727807985,595.0703125,49.16
2191.1015641799895,456.70458984375,49.71
2191.332325652009,746.9423828125,48.58
2191.5648594560043,595.0703125,49.64
2191.7964548509917,489.607421875,49.55
2192.0268970019824,724.4423828125,51.7
2192.2588074579835,595.0703125,49.32
2192.4905919879966,595.0703125,49.28
2192.7270325199934,984.69091796875,42.26
2192.9610725549865,595.0703125,48.48
2193.192219908,595.0703125,48.97
2193.426651341986,456.70458984375,49.19
2193.6610328370007,746.9423828125,49.23
2193.8940500929893,595.0703125,49.34
2194.1242070760054,595.0703125,50.32
2194.3570539150096,724.4423828125,51.1
2194.586759572994,595.07080078125,48.83
2194.8220817119873,595.0703125,49.42
2195.054026670987,1029.69091796875,38.48
2195.287307233986,595.0703125,50.57
2195.521423327009,595.0703125,49.49
2195.753432470985,456.70458984375,49.63
2195.9847831369843,589.4453125,48.28
2196.2176663650025,595.0703125,49.25
2196.448703086993,595.0703125,49.21
2196.68267160299,724.4423828125,49.9
2196.9161346649926,595.0703125,48.57
2197.148133192997,595.0703125,49.4
2197.3808659089846,1012.28759765625,33.45
2197.6136331279995,595.0703125,49.91
2197.843258606008,595.0703125,49.45
2198.0756428070017,456.70458984375,50.31
2198.306210324983,589.4453125,48.38
2198.5369779439934,595.0703125,48.9
2198.7689644589846,595.0703125,48.94
2199.0011911639886,724.4423828125,52.56
2199.2351445230015,595.0703125,49.73
2199.468417822005,595.0703125,49.4
2199.7024987149925,456.70458984375,46.06
2199.9392569619813,476.94677734375,49.64
2200.1706553999975,595.0703125,49.53
2200.4027454229945,456.70458984375,49.42
2200.632170591998,589.4453125,48.58
2200.8625621770043,476.94677734375,48.33
2201.0943151369866,489.607421875,49.36
2201.325657980982,724.4423828125,53.76
2201.557577378,595.0703125,49.2
2201.7879209799867,595.0703125,48.98
2202.024278189987,465.68896484375,42.76
2202.258565955999,595.0703125,48.15
2202.4907143669843,595.0703125,49.31
2202.726048170007,456.70458984375,49.36
2202.9594375480083,746.9423828125,50.8
2203.1964276740036,595.0703125,49.56
2203.4253552829905,595.0703125,48.84
2203.656890612998,724.4423828125,50.18
2203.8877041180094,595.0703125,49.03
2204.1235677489894,595.0703125,49.09
2204.3568862369866,668.6904296875,29.22
2204.5918863299885,595.0703125,49.88
2204.8245221739926,595.0703125,49.6
2205.057515460998,456.70458984375,49.38
2205.2892283099936,746.9423828125,50.79
2205.521335422003,595.0703125,49.32
2205.7562368049985,595.0703125,49.54
2205.9912743819878,1029.69091796875,44.93
2206.2261624250095,595.0703125,49.1
2206.4576193699904,595.0703125,49.31
2206.6944845230028,984.69091796875,26.02
2206.9254177169933,595.0703125,49.71
2207.156604021002,595.0703125,49.14
2207.3889163300046,456.70458984375,37.11
2207.6235102649953,746.9423828125,49.91
2207.8537472659955,595.0703125,49.47
2208.0861391259823,595.0703125,48.88
2208.3197375219897,724.4423828125,47.28
2208.553655866999,595.0703125,49.98
2208.7841278190026,595.0703125,49.46
2209.0197173630004,984.69091796875,26.85
2209.254166444007,595.0703125,49.12
2209.4861960299895,595.0703125,49.74
2209.719420348003,456.70458984375,26.58
2209.951029969001,493.99560546875,50.37
2210.1832212409936,595.0703125,49.35
2210.4146942500083,492.419921875,48.99
2210.6488607469946,724.4423828125,50.43
2210.8802861229924,595.0703125,49.32
2211.1095148719905,595.0703125,49.28
2211.3412266729865,1029.69091796875,34.35
2211.5754478570016,595.0703125,49.68
2211.81049619001,595.0703125,49.81
2212.04408788,456.70458984375,33.49
2212.280813347985,589.4453125,49.02
2212.510488951986,595.0703125,49.59
2212.741808724997,492.419921875,49.84
2212.974237254006,724.4423828125,51.71
2213.205932712008,599.384765625,48.94
2213.4382320999866,595.0703125,49.46
2213.6726223040023,1029.69091796875,36.75
2213.9039781159954,595.0703125,49.88
2214.136601854989,595.0703125,49.46
2214.367769511009,456.70458984375,31.72
2214.596996164997,589.4453125,48.74
2214.825691943988,595.0703125,49.7
2215.0556495729834,489.607421875,49.72
2215.2870334619947,724.4423828125,51.69
2215.5197702059813,595.0703125,48.85
2215.7560699830065,595.0703125,49.56
2215.986353009008,1029.69091796875,38.99
2216.218357033009,595.0703125,49.42
2216.4501997189946,595.0703125,49.17
2216.6835924279876,456.70458984375,49.2
2216.913783680997,589.4453125,48.24
2217.1440585359815,595.0703125,49.76
2217.37452399201,595.0703125,48.94
2217.608004771988,724.4423828125,48.01
2217.841008176998,626.70556640625,49.2
2218.0735035449907,595.0703125,49.78
2218.3051953009854,456.70458984375,45.86
2218.535078896006,595.0703125,48.92
2218.769956603006,595.0703125,49.16
2219.0036155520065,456.70458984375,49.11
2219.2347568770056,746.9423828125,49.26
2219.4661427919928,595.0703125,49.25
2219.6986059619812,595.0703125,49.13
2219.9329386150057,600.68896484375,48.2
2220.164241416991,595.0703125,49.61
2220.393847667001,595.0703125,49.25
2220.6284831579833,456.70458984375,50.29
2220.862232972984,595.0703125,50.62
2221.094832056988,595.0703125,49.51
2221.324505914992,456.705078125,49.42
2221.5560552619863,746.9423828125,50.9
2221.7891262040066,595.0703125,49.27
2222.0235625040077,595.0703125,49.48
2222.25704111901,724.4423828125,48.1
2222.4899144060037,595.0703125,49.59
2222.7214423810074,615.45556640625,49.38
2222.954947605991,456.70458984375,49.58
2223.1862486620084,595.0703125,50.01
2223.4187232870026,595.0703125,49.53
2223.650775921007,456.705078125,49.35
2223.8851854710083,746.9423828125,51.48
2224.1179118090076,595.0703125,49.75
2224.3516709829855,595.0703125,49.67
2224.5850027179986,724.4423828125,48.79
2224.8182294800063,595.0703125,48.88
2225.0508380630054,595.0703125,49.11
2225.282673695998,456.70458984375,24.57
2225.5143053169886,595.0703125,49.86
2225.746705139987,595.0703125,49.36
2225.9749368829944,456.705078125,49.18
2226.206125352008,724.4423828125,51.23
2226.4366664479894,595.0703125,49.95
2226.6681817809877,595.0703125,49.14
2226.8992514479905,1029.69091796875,35.64
2227.12932585401,476.94091796875,50.08
2227.362881434994,595.0703125,49.62
2227.5927766250097,456.70458984375,50.45
2227.8229272989847,589.4453125,51.28
2228.0549257359817,595.0703125,49.33
2228.285771275987,489.607421875,49.18
2228.5180682209902,724.4423828125,52.26
2228.7474467130087,595.0703125,49.48
2228.9778511259938,595.0703125,48.86
2229.2150365790003,456.70458984375,40.51
2229.448021055985,595.0703125,48.89
2229.6811431940005,595.0703125,49.49
2229.9110021349916,456.70458984375,49.17
2230.1485865300056,746.9423828125,49.55
2230.379320740991,595.0703125,50.17
2230.6092655890097,489.607421875,49.46
2230.8398890990065,724.4423828125,27.12
2231.0704172739934,595.0703125,49.01
2231.300959487009,595.0703125,48.92
2231.5355729089933,456.70458984375,40.3
2231.765845179005,595.0703125,48.94
2231.9959570209903,595.0703125,49.39
2232.2259006820095,456.705078125,49.17
2232.4572905079986,724.4423828125,37.51
2232.688038897002,595.0703125,49.13
2232.9203525339835,595.0703125,49.4
2233.153827586997,1029.69091796875,31.21
2233.3861908819817,595.0703125,49.49
2233.619977503986,595.0703125,49.1
2233.8518266860046,456.70458984375,45.57
2234.083279440005,589.4453125,49.69
2234.3123397279996,595.0703125,49.18
2234.5446629340004,489.607421875,49.06
2234.775390091003,724.4423828125,30.4
2235.0093247100012,595.0703125,49.14
2235.2395073020016,595.0703125,48.58
2235.480058969988,465.68896484375,37.59
2235.711364774994,595.0703125,49.62
2235.9436757570074,595.0703125,49.12
2236.1743890859943,456.70458984375,50.35
2236.407825515984,746.9423828125,48.44
2236.640308450995,595.0703125,49.31
2236.8715794750024,489.607421875,49.5
2237.1029442269937,724.4423828125,29.27
2237.3361484989873,595.0703125,49.27
2237.567678080988,595.0703125,49.22
2237.8036519699963,456.70458984375,38.03
2238.0360959339887,595.0703125,48.91
2238.269547798991,595.0703125,49.85
2238.501020806987,456.70458984375,49.46
2238.735605244001,746.9423828125,50.19
2238.9661908299895,595.0703125,49.55
2239.197307430004,595.0703125,49.37
2239.431182612985,1029.69091796875,22.65
2239.665017705993,595.0703125,48.68
2239.893725078,595.0703125,48.96
2240.129039511987,456.70458984375,38.72
2240.358554406994,595.0703125,49.31
2240.5884544159926,595.0703125,48.9
2240.8189624059887,456.705078125,49.62
2241.0497722569853,724.4423828125,41.62
2241.2841337549908,595.0703125,50.04
2241.5162956939894,595.0703125,50.06
2241.750451016007,1029.69091796875,26.54
2241.9810572050046,595.0703125,49.65
2242.216246060998,595.0703125,48.4
2242.455988670001,456.70458984375,38.96
2242.688439407997,615.45556640625,49.17
2242.919508166,595.0703125,49.17
2243.1515198719862,456.70458984375,50.47
2243.3842820400023,589.4453125,48.66
2243.6153903990053,595.0703125,49.12
2243.847511269996,595.0703125,49.34
2244.081931435998,724.4423828125,19.75
2244.312160614005,488.18896484375,48.99
2244.5435537220037,482.56396484375,48.84
2244.7762927020085,456.70458984375,45.19
2245.0065825030033,595.0703125,49.74
2245.239118869009,595.0703125,49.22
2245.4710247629846,456.70458984375,49.74
2245.7013839879946,589.4453125,46.65
2245.9330936940096,595.0703125,49.16
2246.164903903991,595.0703125,49.46
2246.39863828299,724.4423828125,27.72
2246.63194277999,595.0703125,49.25
2246.862787482998,595.0703125,49.3
2247.0979119440017,456.70458984375,40.43
2247.3287366020086,533.18896484375,49.33
2247.559449580993,595.0703125,49.04
2247.7916902319994,456.70458984375,49.32
2248.0246626959997,746.9423828125,40.73
2248.256506500009,595.0703125,49.87
2248.4897152420017,595.0703125,50.11
2248.7233152439876,724.4423828125,22.32
2248.9554238929995,595.0703125,48.87
2249.1871614659904,595.0703125,48.73
2249.4201319039857,456.70458984375,38.44
2249.650996092998,595.0703125,48.89
2249.8818028009846,595.0703125,49.89
2250.111834393989,456.705078125,49.37
2250.3428868089977,724.4423828125,40.62
2250.5746279440064,595.0703125,49.3
2250.8098010859976,595.0703125,49.48
2251.0411698189855,1029.69091796875,27.01
2251.2745372439967,595.0703125,50.02
2251.5049353720096,595.0703125,49.8
2251.7374604929937,456.70458984375,39.92
2251.9679641530092,595.0703125,48.67
2252.200120852998,595.0703125,49.32
2252.429227027984,456.705078125,49.51
2252.659660915,724.4423828125,47.5
2252.8908164179884,595.0703125,48.97
2253.1215145209862,595.0703125,49.05
2253.3539632330067,1029.69091796875,24.4
2253.585909148009,595.0703125,50.35
2253.819104130991,595.0703125,48.96
2254.050742247986,456.70458984375,48.44
2254.2860803589865,589.4453125,50.05
2254.5165082390013,595.0703125,48.95
2254.7503346719895,500.17236328125,49.77
2254.97976324099,724.4423828125,45.9
2255.2174363369995,595.0703125,49.69
2255.450134946994,595.0703125,49.78
2255.6822053210053,1029.69091796875,22.04
2255.911509500991,595.0703125,50.61
2256.150097537,595.0703125,49.1
2256.383900782006,456.70458984375,44.25
2256.614801008982,589.4453125,51.04
2256.8455575009866,595.0703125,48.81
2257.0785579719814,489.607421875,49.22
2257.3090190969815,724.4423828125,34.03
2257.5430915159814,595.0703125,48.46
2257.7747302619973,595.0703125,49.95
2258.007328926993,1029.69091796875,26.0
2258.2404813760077,595.0703125,50.12
2258.473237258004,595.0703125,49.1
2258.706831322983,456.70458984375,41.18
2258.9383169729845,493.81982421875,50.13
2259.169199111988,499.62060546875,48.92
2259.404487424006,496.62646484375,49.21
2259.637043275987,724.4423828125,40.56
2259.8691772070015,595.0703125,49.21
2260.099733318988,595.0703125,49.6
2260.3303982460056,1029.69091796875,27.16
2260.5615027640015,595.0703125,49.0
2260.7947391640046,595.0703125,48.29
2261.0269657769823,456.70458984375,39.21
2261.2579019739933,589.4453125,52.06
2261.4900111799943,595.0703125,49.31
2261.7214957829856,489.607421875,49.43
2261.952737821004,724.4423828125,39.93
2262.1852750249964,595.0703125,47.83
2262.419781656994,595.0703125,49.62
2262.6536179370014,1029.69091796875,26.53
2262.8846876730095,595.0703125,48.44
2263.1168266329914,595.0703125,49.5
2263.349483825994,456.70458984375,47.56
2263.583136559988,589.4453125,50.72
2263.817847831,595.0703125,49.76
2264.050995320984,492.419921875,49.51
2264.2837292719923,724.4423828125,45.93
2264.5155880219827,595.0703125,49.32
2264.7493312020088,595.0703125,49.2
2264.9813134349824,1029.69091796875,21.5
2265.2140173529915,595.0703125,50.54
2265.4449800899893,595.0703125,49.77
2265.6775685579923,456.70458984375,46.98
2265.907654278999,589.4453125,52.04
2266.139359096007,595.0703125,49.25
2266.368398710998,489.607421875,49.57
2266.5987034589925,724.4423828125,35.87
2266.832144777989,595.0703125,48.89
2267.063859860995,595.0703125,49.49
2267.294918701984,1029.69091796875,25.1
2267.5279178459896,595.0703125,50.33
2267.7609836900083,595.0703125,49.26
2267.9931037930073,456.70458984375,46.76
2268.224906529009,589.4453125,49.79
2268.4559572679864,595.0703125,49.39
2268.6882108399877,595.0703125,48.92
2268.923073599988,724.4423828125,32.16
2269.158784950996,595.0703125,48.31
2269.389994931,595.0703125,49.59
2269.6259090570093,488.18896484375,29.27
2269.8583584449952,595.0703125,48.59
2270.0885408059985,595.0703125,50.01
2270.322329151997,456.70458984375,50.18
2270.555398884986,746.9423828125,53.37
2270.7882598580036,595.0703125,49.6
2271.0197334719996,595.0703125,49.38
2271.256548108009,724.4423828125,29.02
2271.4876702739857,595.0703125,49.27
2271.719180974993,595.0703125,49.4
2271.9536700540048,456.70458984375,38.2
2272.185866541986,595.0703125,50.29
2272.4170668619918,595.0703125,49.61
2272.650331805984,456.70458984375,50.01
2272.883322126989,746.9423828125,49.98
2273.113917118986,595.0703125,48.97
2273.343482417986,595.0703125,49.37
2273.5814349339926,1029.69091796875,28.68
2273.8117949040025,595.0703125,49.13
2274.0463040279865,595.0703125,49.59
2274.279490329005,1029.69091796875,28.87
2274.5127948040026,595.0703125,48.07
2274.743197239004,595.0703125,48.85
2274.9767214389867,456.70458984375,44.81
2275.209766726999,589.4453125,51.72
2275.441945754981,595.0703125,48.89
2275.6715373839834,492.419921875,49.92
2275.904637847998,724.4423828125,44.81
2276.1354293779877,595.0703125,49.1
2276.3715166710026,595.0703125,48.94
2276.6013548449846,1029.69091796875,21.55
2276.8353088590084,595.0703125,50.43
2277.0664136330015,595.0703125,48.92
2277.3001873120083,456.70458984375,46.36
2277.533208503999,589.4453125,52.5
2277.7687314669893,595.0703125,49.19
2277.9997346199816,489.607421875,49.14
2278.230649492005,724.4423828125,37.15
2278.4612358940067,595.0703125,49.62
2278.695419270982,595.0703125,49.49
2278.926914396987,1029.69091796875,20.82
2279.1593839009875,595.0703125,49.58
2279.389733813994,493.81396484375,49.44
2279.625539569999,456.70458984375,43.07
2279.8586331199913,589.4453125,51.73
2280.091838906985,595.0703125,49.49
2280.323269638,489.607421875,49.17
2280.556308569998,724.4423828125,41.77
2280.78672252901,595.0703125,49.53
2281.0191007480025,595.0703125,49.72
2281.2503574309812,1029.69091796875,25.23
2281.4811385539942,595.0703125,51.21
2281.712401174009,595.0703125,49.7
2281.948527717992,456.70458984375,35.46
2282.1823091499973,595.0703125,49.83
2282.415583731985,595.0703125,48.94
2282.645606500999,479.75146484375,48.79
2282.8824261660047,724.4423828125,47.05
2283.1162940629874,595.0703125,49.52
2283.3504150699882,595.0703125,49.5
2283.581823521992,1029.69091796875,22.17
2283.8124482659914,595.0703125,49.7
2284.043512881006,599.384765625,49.52
2284.274692457984,456.70458984375,43.65
2284.5040317449893,589.4453125,51.07
2284.7354081390076,595.0703125,49.51
2284.9680310169933,456.705078125,50.25
2285.199892189994,746.9423828125,48.42
2285.4343381759827,595.0703125,49.87
2285.6665674899996,595.0703125,49.65
2285.8976575979905,1029.69091796875,23.19
2286.1274119610025,595.0703125,50.18
2286.3581654269947,595.0703125,49.51
2286.5885453019873,456.70458984375,42.05
2286.822989612003,589.4453125,50.97
2287.0542278570065,595.0703125,49.12
2287.2873042249994,489.607421875,49.78
2287.520533757983,724.4423828125,45.04
2287.7555771799816,595.0703125,49.07
2287.9865755839855,595.0703125,48.83
2288.2199915979872,1029.69091796875,26.55
2288.453069153009,595.0703125,49.57
2288.6881943609915,595.0703125,49.02
2288.9200579079916,456.70458984375,40.12
2289.151969227998,589.4453125,50.74
2289.3824700019904,621.08056640625,49.9
2289.61300660501,492.419921875,49.12
2289.844656781992,724.4423828125,43.8
2290.080094606994,595.0703125,48.34
2290.3097288399877,595.0703125,49.55
2290.540748964995,1029.69091796875,20.68
2290.7737490650034,595.0703125,50.19
2291.005156189989,595.0703125,48.46
2291.2380478929845,456.70458984375,36.51
2291.4696052490035,589.4453125,49.8
2291.7009588739893,595.0703125,49.42
2291.931151011988,489.607421875,49.25
2292.167016344989,724.4423828125,47.24
2292.397125160991,595.0703125,49.47
2292.6294912970043,595.0703125,49.37
2292.860657673009,1029.69091796875,22.75
2293.0910719109816,595.0703125,50.08
2293.3205170809815,595.0703125,49.47
2293.5515183479874,456.70458984375,42.92
2293.7839352599985,589.4453125,50.67
2294.01871781901,595.0703125,49.18
2294.2514053719933,489.607421875,49.02
2294.4823165420094,724.4423828125,42.62
2294.714184559998,595.0703125,48.51
2294.943886052002,595.0703125,49.24
2295.1814342470025,984.69091796875,23.51
2295.4121929509856,595.0703125,49.75
2295.645227831992,595.0703125,48.99
2295.875863263005,456.70458984375,47.55
2296.1090277729963,746.9423828125,51.47
2296.3425579099858,595.0703125,49.17
2296.5753544879844,595.0703125,49.49
2296.805572957004,724.4423828125,43.64
2297.040795595007,595.0703125,49.55
2297.2738839059894,595.0703125,49.04
2297.5055152259883,1029.69091796875,22.91
2297.735815691005,595.0703125,49.9
2297.9676084870007,595.0703125,49.32
2298.1985085519846,456.70458984375,42.77
2298.4320137559844,746.9423828125,50.65
2298.666294144001,595.0703125,48.59
2298.8995801109995,595.0703125,48.99
2299.132972656982,1029.69091796875,34.63
2299.3617808599956,595.0703125,49.64
2299.594163548987,595.0703125,49.43
2299.8280316549935,984.69091796875,22.24
2300.0602951229957,595.0703125,49.93
2300.291394868982,595.0703125,49.28
2300.5243119949882,456.70458984375,45.27
2300.756401902996,746.9423828125,50.21
2300.9892414339993,595.0703125,49.21
2301.2226322350034,595.0703125,48.84
2301.45727887901,1029.69091796875,34.96
2301.6885944399983,595.0703125,48.78
2301.919062108005,595.0703125,49.02
2302.1499852209818,456.70458984375,31.71
2302.378854745999,589.4453125,49.7
2302.6110914629826,595.0703125,49.61
2302.8417365330097,456.70458984375,45.77
2303.0744253429875,746.9423828125,51.25
2303.306420823006,595.0703125,49.46
2303.538271239988,595.0703125,49.45
2303.7701970869966,1029.69091796875,34.62
2304.0027298679925,595.0703125,49.79
2304.233426691004,595.0703125,49.2
2304.463924740994,456.70458984375,34.39
2304.6936339859967,589.4453125,48.74
2304.9226337669825,595.0703125,49.01
2305.1572459799936,595.0703125,49.47
2305.3882142810035,724.4423828125,47.95
2305.622551870998,595.0703125,49.81
2305.8523452770023,476.93896484375,49.37
2306.082899550005,1029.69091796875,34.16
2306.316244952992,595.0703125,49.59
2306.547117360984,595.0703125,49.54
2306.778280314,456.70458984375,33.66
2307.0090761040046,589.4453125,50.62
2307.240475475992,595.0703125,49.45
2307.4711304630036,595.0703125,49.13
2307.706301277998,724.4423828125,48.69
2307.93782385299,595.0703125,49.65
2308.171032293001,595.0703125,49.85
2308.4035536209994,465.68896484375,25.12
2308.636702415999,595.0703125,50.18
2308.868307124998,595.0703125,48.91
2309.1026026000036,456.70458984375,30.11
2309.335648446984,589.4453125,48.11
2309.5699392420065,595.0703125,49.57
2309.7994045960077,489.607421875,49.14
2310.0337626499822,724.4423828125,52.62
2310.264324955002,595.0703125,49.05
2310.4996298690094,595.0703125,49.08
2310.7331537900027,984.69091796875,27.95
2310.96358933,595.0703125,49.37
2311.1941899789963,595.0703125,49.11
2311.427796384989,456.70458984375,36.67
2311.659656229982,589.4453125,49.98
2311.892925364984,595.0703125,50.14
2312.123294555,489.607421875,48.83
2312.354155367997,724.4423828125,51.73
2312.585168368998,595.0703125,49.07
2312.8156062150083,595.0703125,49.15
2313.051624013984,456.70458984375,26.1
2313.282795628009,595.0703125,50.0
2313.517386677995,595.0703125,49.22
2313.7477366609965,456.70458984375,49.66
2313.9787808819965,746.9423828125,51.82
2314.2098070140055,595.0703125,49.04
2314.4451657760073,595.0703125,48.85
2314.6764209920075,724.4423828125,51.26
2314.910834431008,595.0703125,48.36
2315.142390321009,595.0703125,49.38
2315.373563191999,1029.69091796875,35.99
2315.6067115679907,595.0703125,49.7
2315.8412648329977,595.0703125,49.13
2316.072051962983,456.70458984375,49.01
2316.3028034720046,589.4453125,48.57
2316.533076208987,595.0703125,49.69
2316.76733788001,595.0703125,49.17
2316.9988165230025,724.4423828125,51.28
2317.2317316239933,595.0703125,49.25
2317.465093718987,595.0703125,48.9
2317.699826409982,984.69091796875,31.6
2317.933416123007,595.0703125,49.66
2318.1659127959865,595.0703125,49.01
2318.3961460719875,456.70458984375,49.45
2318.6272493799916,589.4453125,48.8
2318.858327264985,595.0703125,49.05
2319.093214168999,595.0703125,49.08
2319.3266498779994,724.4423828125,47.7
2319.563826928992,595.0703125,49.77
2319.7972448979854,595.0703125,49.52
2320.032401115983,456.70458984375,20.82
2320.262108894007,516.31982421875,50.31
2320.492704584991,595.0703125,49.48
2320.725734717009,456.70458984375,34.38
2320.9573364229873,746.9423828125,49.04
2321.1898444099934,595.0703125,49.16
2321.421207045001,595.0703125,49.54
2321.6574906659953,724.4423828125,46.24
2321.8904160340026,595.0703125,49.48
2322.1234570609813,595.0703125,49.53
2322.3571969360055,456.70458984375,20.68
2322.590982208989,595.0703125,50.54
2322.8226330849866,595.0703125,49.57
2323.057553374005,456.705078125,44.79
2323.2899391359824,758.13525390625,50.56
2323.5204165120085,595.0703125,50.22
2323.754282384005,595.0703125,48.35
2323.9882991159975,724.4423828125,44.71
2324.220443291997,595.0703125,49.55
2324.4564790400036,595.0703125,49.21
2324.6891451519914,456.70458984375,22.92
2324.9213478559977,595.0703125,50.57
2325.150549762009,595.0703125,49.83
2325.3834688439965,456.705078125,48.16
2325.615065243008,724.4423828125,53.29
2325.8491010419966,595.0703125,48.97
2326.082070061995,595.0703125,49.55
2326.3145645690092,1029.69091796875,31.56
2326.5483134539973,595.0703125,49.27
2326.779510210996,595.0703125,49.75
2327.0136297520075,456.70458984375,23.68
2327.2447357839847,595.0703125,50.06
2327.4765159389935,595.0703125,49.51
2327.7094951559848,456.705078125,46.33
2327.9409110799897,746.9423828125,50.63
2328.1745662360045,595.0703125,49.01
2328.4062131310056,595.0703125,49.6
2328.6389398649917,1029.69091796875,33.09
2328.869561956002,595.0703125,48.3
2329.1031295989815,595.0703125,49.01
2329.3334457080055,456.70458984375,32.07
2329.5670769779827,493.99560546875,48.99
2329.801200849004,488.18896484375,50.06
2330.033530735993,456.70458984375,39.56
2330.263560908992,589.4453125,49.23
2330.4947819719964,595.0703125,49.38
2330.725289171998,595.0703125,49.77
2330.9589938459976,724.4423828125,45.53
2331.189621594007,595.0703125,49.34
2331.4224753029994,595.0703125,49.3
2331.6544851709914,456.70458984375,21.92
2331.8863230159914,595.0703125,50.35
2332.121038804995,595.0703125,49.07
2332.352131007996,456.705078125,44.23
2332.586319622991,746.9423828125,53.03
2332.8184422180057,595.0703125,50.07
2333.0501646129997,595.0703125,48.44
2333.2828089329996,724.4423828125,48.02
2333.51762389901,595.0703125,50.0
2333.7505167199997,595.0703125,49.43
2333.986089201004,456.70458984375,21.59
2334.2191645909916,595.0703125,50.23
2334.4545530370087,595.0703125,49.41
2334.687242607004,456.70458984375,43.35
2334.9190654770064,746.9423828125,51.47
2335.152424537984,595.0703125,49.35
2335.384350915003,595.0703125,49.55
2335.617069098982,1029.69091796875,38.19
2335.849556522997,595.0703125,48.14
2336.0851873609936,595.0703125,48.71
2336.319393615995,456.70458984375,22.83
2336.551392489986,595.0703125,50.08
2336.7819098570035,615.45556640625,49.28
2337.0136884459935,456.70458984375,47.47
2337.244966680999,724.4423828125,53.43
2337.480597590009,595.0703125,49.54
2337.715244343999,595.0703125,48.9
2337.944832941983,1029.69091796875,29.9
2338.177973534999,595.0703125,49.81
2338.4110669849906,595.0703125,49.8
2338.6400633160083,456.70458984375,32.46
2338.8745763899933,595.0703125,48.31
2339.1059088929906,595.0703125,48.87
2339.338407631003,492.419921875,49.77
2339.571325355995,724.4423828125,51.85
2339.8036833610095,595.0703125,49.66
2340.0357164570014,595.0703125,49.63
2340.2694128599833,1029.69091796875,28.54
2340.5023885550036,595.0703125,49.73
2340.7357279209828,595.0703125,49.15
2340.967728260992,456.70458984375,38.33
2341.2043459779816,589.4453125,51.02
2341.4356242140057,595.0703125,49.19
2341.6665417109907,492.419921875,51.34
2341.8969591330097,724.4423828125,50.71
2342.1307013529877,595.0703125,48.73
2342.3641531659814,595.0703125,49.66
2342.595911709999,1029.69091796875,31.58
2342.827150203986,595.0703125,48.49
2343.059190005006,595.0703125,49.1
2343.290453922993,456.70458984375,35.07
2343.522799564991,589.4453125,49.29
2343.7553135289927,595.0703125,49.93
2343.9859438329877,489.607421875,49.23
2344.2178688819986,724.4423828125,45.58
2344.44785537399,595.0703125,49.65
2344.678558663989,595.0703125,49.67
2344.9089320150088,1029.69091796875,29.66
2345.144190521998,595.0703125,48.33
2345.3758249559905,595.0703125,49.97
2345.608505495009,456.70458984375,35.37
2345.839931027993,589.4453125,49.86
2346.070672590984,595.0703125,48.9
2346.3028087049897,595.0703125,49.06
2346.5357140679844,724.4423828125,46.13
2346.771580067987,595.0703125,49.75
2347.006052493991,595.0703125,49.23
2347.2404619219888,456.70458984375,22.43
2347.4739809930034,595.0703125,50.38
2347.7054508769943,595.0703125,49.45
2347.938266910991,456.70458984375,34.6
2348.170983977994,589.4453125,48.79
2348.4046574719832,595.0703125,49.21
2348.6361808549846,489.607421875,49.21
2348.8689904639905,724.4423828125,46.65
2349.101312290004,595.0703125,50.58
2349.335930269008,595.0703125,49.08
2349.570108865999,510.68896484375,21.1
2349.8043642200064,595.0703125,50.18
2350.035631909006,595.0703125,49.27
2350.2684548579855,456.70458984375,44.7
2350.501860924007,746.9423828125,52.61
2350.736495663994,595.0703125,49.56
2350.968896692997,489.607421875,50.32
2351.2004416569835,724.4423828125,49.11
2351.432353437005,626.70556640625,49.88
2351.664542980987,595.0703125,49.06
2351.900528550992,984.69091796875,20.96
2352.1330555749882,595.0703125,50.38
2352.3649613480084,595.0703125,49.19
2352.595558475994,456.70458984375,44.63
2352.827210858988,746.9423828125,50.88
2353.0600305249973,595.0703125,49.76
2353.291496008984,595.0703125,49.62
2353.525536945992,1029.69091796875,34.14
2353.755836333992,595.0703125,49.28
2353.988192452991,595.0703125,49.63
2354.2225685660087,456.70458984375,21.29
2354.4568077870063,595.0703125,49.73
2354.6905645339866,595.0703125,49.23
2354.922332994989,456.70458984375,46.63
2355.1533379360044,746.9423828125,50.76
2355.385585659009,595.0703125,49.52
2355.6181946090073,595.0703125,49.74
2355.8512618670065,1029.69091796875,30.93
2356.0825791450043,595.0703125,48.93
2356.317897786008,595.0703125,49.67
2356.5501930720056,456.70458984375,32.88
2356.782617707009,595.0703125,48.79
2357.0121888440044,595.0703125,49.15
2357.245745491993,456.70458984375,46.72
2357.479871077987,746.9423828125,50.68
2357.71042141199,595.0703125,49.43
2357.941706701007,595.0703125,49.46
2358.1762498779863,1029.69091796875,33.87
2358.4100811469834,595.0703125,48.65
2358.642556976003,595.0703125,49.41
2358.8749221749895,456.70458984375,33.8
2359.1088114139857,595.0703125,49.78
2359.3404023349867,595.0703125,49.63
2359.5726663309906,456.70458984375,49.37
2359.806737300998,746.9423828125,52.06
2360.037240140984,595.0703125,48.82
2360.2701764449885,595.0703125,49.11
2360.5042910659977,724.4423828125,42.85
2360.737793793989,595.0703125,49.52
2360.9709906110074,595.0703125,49.75
2361.210217446991,456.70458984375,26.63
2361.4428314249963,595.0703125,49.69
2361.6760348769894,595.0703125,49.36
2361.9060402269824,456.70458984375,50.01
2362.138189471996,746.9423828125,53.09
2362.3707727199944,595.0703125,49.25
2362.60381930499,595.0703125,48.92
2362.836919460009,724.4423828125,35.68
2363.068833614001,595.0703125,49.58
2363.299219676992,595.0703125,49.21
2363.5364362270047,456.70458984375,27.07
2363.7698926489975,595.0703125,49.0
2364.003141708992,595.0703125,49.76
2364.2356603519875,456.70458984375,50.26
2364.4656409779855,746.9423828125,52.87
2364.697209409991,595.0703125,48.66
2364.92949694299,595.0703125,49.47
2365.1629581849847,1029.69091796875,27.7
2365.393538690987,510.68896484375,49.31
2365.6254754039983,595.0703125,49.95
2365.8597460539895,456.70458984375,31.96
2366.0914280499856,595.0703125,48.92
2366.323691836995,595.0703125,48.38
2366.5539260619844,456.705078125,50.09
2366.785593601002,724.4423828125,50.77
2367.016874000983,595.0703125,49.19
2367.2453171070083,595.0703125,49.12
2367.4779054539977,1029.69091796875,24.03
2367.711439192004,595.0703125,49.81
2367.9466993749957,595.0703125,49.26
2368.1784500970098,456.70458984375,41.99
2368.409896583995,589.4453125,51.17
2368.643797486002,595.0703125,49.8
2368.8752059079998,492.419921875,50.19
2369.107850198983,724.4423828125,47.45
2369.3396016189945,595.0703125,49.55
2369.571038397,595.0703125,49.71
2369.8031370749814,1029.69091796875,26.48
2370.0367197739834,595.0703125,49.87
2370.268325712008,595.0703125,49.45
2370.4996186829812,456.70458984375,40.37
2370.7287718119915,589.4453125,51.81
2370.9591016510094,595.0703125,48.42
2371.1898995079973,595.0703125,49.92
2371.421828816994,724.4423828125,44.61
2371.6551618280064,595.0703125,50.34
2371.8898347030045,595.0703125,49.83
2372.1206510670017,1029.69091796875,30.57
2372.354228248005,595.0703125,48.66
2372.5870292659965,595.0703125,49.25
2372.819575008005,456.70458984375,36.99
2373.0499228670087,589.4453125,49.37
2373.278804515983,595.0703125,49.39
2373.510311346996,599.384765625,49.31
2373.743544342986,724.4423828125,43.79
2373.9785813780036,595.0703125,48.06
2374.210894054995,595.0703125,48.81
2374.445075445983,456.70458984375,22.82
2374.675077303982,595.0703125,50.11
2374.9070413949958,595.0703125,50.06
2375.1372024249868,456.70458984375,33.92
2375.3731668329856,589.4453125,49.42
2375.6066414149827,595.0703125,49.02
2375.838667806005,489.607421875,50.55
2376.0692074529943,724.4423828125,47.79
2376.304261110985,595.0703125,49.72
2376.5377623029926,595.0703125,49.25
2376.770730104996,984.69091796875,22.46
2377.0024430420017,595.0703125,49.91
2377.2338782839943,595.0703125,49.17
2377.4651611289883,456.70458984375,40.62
2377.696130239987,589.4453125,51.03
2377.929047685,595.0703125,48.8
2378.160913508007,489.607421875,49.45
2378.3933116729895,724.4423828125,52.17
2378.6261106650054,595.0703125,49.6
2378.858694052993,595.0703125,49.52
2379.0890333910065,1029.69091796875,28.12
2379.3188961219857,595.0703125,49.31
2379.549830172007,595.0703125,48.72
2379.7808872140013,456.70458984375,39.25
2380.013018928992,746.9423828125,49.66
2380.2453048559837,595.0703125,49.84
2380.4765315469995,595.0703125,50.12
2380.707973843004,724.4423828125,47.06
2380.9421682249813,595.0703125,50.16
2381.173154446995,595.0703125,48.41
2381.4040991829825,1029.69091796875,30.75
2381.6368043760012,595.0703125,49.03
2381.870261426986,595.0703125,48.85
2382.1041495490063,456.70458984375,34.69
2382.334530442982,589.4453125,49.84
2382.5668245420093,595.0703125,49.54
2382.7962940580037,489.607421875,49.13
2383.028148635989,724.4423828125,47.52
2383.2615202690067,595.0703125,49.35
2383.4923327229917,595.0703125,49.59
2383.7252563849906,984.69091796875,29.44
2383.95711312801,595.0703125,49.28
2384.187814461009,595.0703125,49.51
2384.419519714982,456.70458984375,49.41
2384.653493044985,589.4453125,49.02
2384.886121621006,595.0703125,49.35
2385.1197689239925,489.607421875,48.93
2385.3499796109973,724.4423828125,52.72
2385.5848250679846,595.0703125,49.91
2385.817829328007,595.0703125,49.99
2386.05222178399,1029.69091796875,30.98
2386.283762489009,595.0703125,49.76
2386.5176990109903,595.0703125,49.15
2386.749098842003,456.70458984375,30.06
2386.9799684970058,589.4453125,48.54
2387.2108408059867,595.0703125,49.76
2387.4425225229934,489.607421875,49.68
2387.673433244985,724.4423828125,51.25
2387.906123352004,595.0703125,49.11
2388.1370474839932,595.0703125,49.19
2388.373330306,465.68896484375,27.71
2388.606579015992,595.0703125,49.93
2388.8389736189856,595.0703125,49.05
2389.0710181689938,456.70458984375,48.93
2389.305981240992,746.9423828125,49.73
2389.5371130849817,595.0703125,49.04
2389.7694879219925,489.607421875,49.43
2390.0004698139965,724.4423828125,51.57
2390.2365953499975,595.0703125,48.86
2390.469529208989,595.0703125,49.57
2390.701555111009,1029.69091796875,31.54
2390.9329962889897,595.0703125,49.28
2391.1641219879966,595.0703125,49.2
2391.3939028629975,456.70458984375,49.11
2391.6301011739997,746.9423828125,49.84
2391.861189296993,595.0703125,49.32
2392.0950545099913,595.0703125,49.64
2392.3279029509868,724.4423828125,45.9
2392.5603689329873,595.0703125,49.2
2392.7939530980075,595.0703125,49.87
2393.0256342570065,1029.69091796875,35.04
2393.2576477969997,595.0703125,49.44
2393.4938454100047,595.0703125,48.95
2393.7250450020074,456.70458984375,33.25
2393.9568687790015,589.4453125,49.04
2394.1875898779836,595.0703125,49.25
2394.4179795029922,595.0703125,49.45
2394.6502164010017,724.4423828125,50.51
2394.8842069119855,595.0703125,49.98
2395.1177288469917,595.0703125,49.76
2395.3551561819913,456.70458984375,25.97
2395.5875681059842,595.0703125,50.86
2395.819465357985,595.0703125,48.88
2396.051679416996,456.70458984375,49.74
2396.2883025119954,589.4453125,48.49
2396.522357068985,595.0703125,49.71
2396.7543413449894,489.607421875,48.7
2396.985130471003,724.4423828125,50.18
2397.2170972159947,595.0703125,49.24
2397.4474167889857,595.0703125,49.23
2397.685776945,456.70458984375,23.18
2397.920672617998,595.0703125,50.26
2398.153476011008,595.0703125,49.22
2398.389051464008,456.70458984375,42.43
2398.621527084004,746.9423828125,52.76
2398.8537991819903,595.0703125,50.3
2399.08601186701,489.607421875,50.82
2399.319423429988,724.4423828125,50.12
2399.5534790139936,595.0703125,48.88
2399.787516927987,595.0703125,49.23
2400.0204030640016,713.6904296875,25.92
2400.2517356849858,595.0703125,49.72
2400.4812262009946,595.0703125,48.7
2400.7131908299925,456.70458984375,41.29
2400.9453253870015,746.9423828125,52.2
2401.1781451019924,595.0703125,49.41
2401.4080029219913,595.0703125,49.46
2401.6404225770093,1029.69091796875,39.87
2401.8731614839926,595.0703125,49.71
2402.1044330619916,595.0703125,48.47
2402.3372805049876,533.54052734375,24.07
2402.570860250009,595.0703125,50.42
2402.8034496229957,595.0703125,49.49
2403.0344607580046,456.70458984375,42.62
2403.266798836994,746.9423828125,50.4
2403.4958964170073,595.0703125,49.03
2403.7281720559986,595.0703125,49.46
2403.9604568450013,1029.69091796875,37.19
2404.19272529101,595.0703125,50.31
2404.4256859479938,595.0703125,49.09
2404.6607039670052,456.70458984375,27.48
2404.893282584002,595.0703125,48.49
2405.1251471290016,595.0703125,49.42
2405.3563248389983,456.705078125,45.5
2405.5888525409973,545.14501953125,50.75
2405.8226903550094,595.0703125,49.7
2406.0555197779904,595.0703125,49.14
2406.2876384799893,1029.69091796875,34.82
2406.519459094008,595.0703125,49.13
2406.750927768997,595.0703125,49.09
2406.9833472839964,456.70458984375,33.66
2407.2121999959927,589.4453125,49.26
2407.450161749992,595.0703125,49.2
2407.680967616994,489.607421875,50.94
2407.9174616939854,724.4423828125,49.86
2408.1482392739854,599.384765625,48.83
2408.37940979001,595.07080078125,49.49
2408.6100530620024,1029.69091796875,29.79
2408.8426172919862,595.0703125,49.9
2409.0781251879816,595.0703125,49.25
2409.308832367009,456.70458984375,36.8
2409.5395652480074,589.4453125,50.92
2409.771323909983,595.0703125,49.45
2410.002736850991,595.0703125,49.47
2410.2378606809943,724.4423828125,44.17
2410.47030541001,595.0703125,49.26
2410.705133176991,595.0703125,49.01
2410.936903781985,1029.69091796875,27.02
2411.171851538995,595.0703125,49.06
2411.405308429996,595.0703125,49.57
2411.638429796003,456.70458984375,38.08
2411.8699998130032,746.9423828125,50.11
2412.1032495510008,595.0703125,49.7
2412.334273605986,595.0703125,49.33
2412.5684517649934,724.4423828125,41.4
2412.799914223986,595.0703125,49.04
2413.0298087809933,595.0703125,49.18
2413.2621964479913,456.70458984375,28.16
2413.494113583991,595.0703125,48.4
2413.7274265989836,595.0703125,49.88
2413.959640218003,456.70458984375,42.49
2414.192071745987,746.9423828125,50.03
2414.4246739709924,595.0703125,49.06
2414.6567136110098,595.0703125,49.17
2414.892343104002,488.18896484375,41.04
2415.122519755998,595.0703125,49.18
2415.354596272984,595.0703125,50.01
2415.5873522220063,456.70458984375,28.4
2415.8207778229844,595.0703125,48.15
2416.0527722749976,595.0703125,49.22
2416.2840753530036,456.705078125,49.46
2416.514503020997,746.9423828125,52.8
2416.7506539599854,595.0703125,49.62
2416.9815121389984,626.70556640625,49.55
2417.2136327269836,724.4423828125,45.61
2417.445265671995,595.0703125,48.87
2417.677003521996,595.0703125,49.29
2417.9119454119937,456.70458984375,22.24
2418.143453128985,595.0703125,50.02
2418.3738738819957,595.0703125,49.03
2418.603835138987,456.705078125,48.67
2418.8338412349985,746.9423828125,50.98
2419.0666188350006,595.0703125,49.92
2419.2971567139903,595.0703125,50.18
2419.533169434988,1029.69091796875,42.86
2419.763809355005,595.0703125,49.26
2419.9961732749944,595.0703125,49.17
2420.229145945981,1029.69091796875,28.37
2420.4599361679866,595.0703125,49.54
2420.6912435760023,595.0703125,49.63
2420.923226782994,456.70458984375,38.6
2421.157095467992,746.9423828125,51.31
2421.3907275949896,595.0703125,49.26
2421.6257224250003,595.0703125,49.03
2421.8582575309847,724.4423828125,44.13
2422.0888112649845,595.0703125,48.27
2422.3202851779934,595.0703125,49.36
2422.554819324985,456.70458984375,22.93
2422.787818465993,595.0703125,50.6
2423.0196991440025,595.0703125,49.49
2423.2508103639993,456.70458984375,37.26
2423.481982975005,746.9423828125,49.9
2423.713188272988,595.0703125,49.1
2423.945632932009,595.0703125,49.35
2424.1809566520096,724.4423828125,44.8
2424.412153918005,476.94091796875,48.9
2424.6429416949977,595.0703125,49.24
2424.8751989660086,456.70458984375,22.85
2425.10859474499,595.0703125,49.38
2425.3412043729913,595.0703125,50.08
2425.5720117059827,456.705078125,45.78
2425.8037765839836,746.9423828125,52.5
2426.0362014079874,595.0703125,49.3
2426.2668791830074,595.0703125,49.33
2426.5018603240023,780.68896484375,44.28
2426.7341998000047,595.0703125,48.49
2426.9677803829836,595.0703125,49.79
2427.203701538994,456.70458984375,22.61
2427.4351814590045,595.0703125,49.67
2427.6685055790003,595.0703125,49.21
2427.8987082130043,456.705078125,47.4
2428.1310812129814,724.4423828125,51.64
2428.361135290994,510.68896484375,49.74
2428.5925330760074,595.0703125,49.37
2428.825992900005,1029.69091796875,36.81
2429.058056148002,595.0703125,48.81
2429.289310264983,595.0703125,48.74
2429.5230659439985,456.70458984375,23.3
2429.7563036689826,595.0703125,49.38
2429.9899472499965,595.0703125,49.41
2430.2217816220073,492.419921875,49.58
2430.4551709750085,724.4423828125,51.45
2430.686164090992,595.0703125,49.61
2430.9180930299917,595.0703125,48.91
2431.1501161179913,1029.69091796875,30.59
2431.381076057005,595.0703125,48.55
2431.617850343988,595.0703125,49.16
2431.8495191889815,456.70458984375,24.6
2432.082954359008,595.0703125,49.76
2432.3149285560066,595.0703125,49.35
2432.547734791995,492.419921875,49.01
2432.77914647499,724.4423828125,51.49
2433.015790714009,599.384765625,49.15
2433.2498410599947,595.0703125,49.43
2433.481575348007,1029.69091796875,34.98
2433.712269534997,595.0703125,49.37
2433.944123672991,595.0703125,49.27
2434.175876119989,456.70458984375,33.77
2434.4089819809888,589.4453125,49.39
2434.639223935985,595.0703125,49.59
2434.868268366001,492.419921875,49.78
2435.1030005179928,724.4423828125,53.4
2435.333461290982,595.0703125,48.49
2435.5656798690034,595.0703125,49.57
2435.798478490993,1029.69091796875,30.35
2436.029733028001,595.0703125,48.74
2436.2589721799886,595.0703125,49.11
2436.4926043069863,456.70458984375,37.82
2436.725243408,746.9423828125,50.26
2436.960064120998,595.0703125,49.0
2437.189847208996,595.0703125,49.55
2437.4231332640047,724.4423828125,48.44
2437.6535065239877,595.0703125,49.64
2437.888473487983,595.0703125,49.47
2438.120694299985,1029.69091796875,33.69
2438.3569966589857,595.0703125,49.61
2438.590224396001,595.0703125,49.44
2438.822913993994,456.70458984375,33.96
2439.05504610599,746.9423828125,48.97
2439.2878164419963,595.0703125,49.04
2439.5209123849927,595.0703125,48.87
2439.7547294560063,1029.69091796875,41.89
2439.986365683988,595.0703125,48.15
2440.217254524003,595.0703125,48.82
2440.451256957982,456.70458984375,25.7
2440.683491109987,595.0703125,49.83
2440.9182976449956,595.0703125,49.72
2441.1512418199854,456.70458984375,37.69
2441.3837205620075,746.9423828125,49.08
2441.6170198879845,595.0703125,49.24
2441.8482098199893,595.0703125,49.11
2442.08377624501,724.4423828125,46.27
2442.3167877479864,595.0703125,49.76
2442.548799730983,595.0703125,49.27
2442.787479678984,456.70458984375,21.65
2443.0188211700006,595.07080078125,50.25
2443.2496579069993,595.0703125,49.31
2443.4817497199983,456.70458984375,45.0
2443.7156326530094,746.9423828125,50.65
2443.947218733985,595.0703125,49.38
2444.1779484720028,489.607421875,49.18
2444.4086523680016,724.4423828125,47.23
2444.6420084059937,595.0703125,49.36
2444.8753562720085,595.0703125,49.16
2445.1085200329835,465.68896484375,21.46
2445.34243069301,595.0703125,49.67
2445.5746662429883,595.0703125,49.11
2445.8080479830096,456.70458984375,41.41
2446.0401929469954,746.9423828125,51.79
2446.271601905988,493.99560546875,49.23
2446.5057644199987,595.0703125,49.33
2446.73963254501,724.4423828125,42.03
2446.970515519002,595.0703125,50.11
2447.201354071003,493.99560546875,48.98
2447.435445973999,984.69091796875,26.58
2447.6671768389933,595.0703125,50.1
2447.898448905995,595.0703125,48.92
2448.130593451002,456.70458984375,41.01
2448.3622133359895,746.9423828125,51.1
2448.5938658369996,595.0703125,49.38
2448.82545946099,595.0703125,49.49
2449.060701954004,1029.69091796875,40.92
2449.2926517069864,595.0703125,48.92
2449.5267227260047,595.0703125,49.8
2449.7609711459954,456.70458984375,19.3
2449.9925873299944,595.0703125,49.54
2450.2236630689877,595.0703125,48.45
2450.455992137984,456.70458984375,40.69
2450.6888725459867,746.9423828125,52.68
2450.920453248982,595.0703125,49.49
2451.1512305499928,595.0703125,49.62
2451.3857776180084,1029.69091796875,41.08
2451.615975502995,595.0703125,47.71
2451.8485887630086,595.0703125,49.22
2452.082063253998,456.70458984375,26.8
2452.3176690700056,595.0703125,48.66
2452.5484806640015,595.0703125,49.81
2452.778776188992,456.70458984375,43.42
2453.009782573994,746.9423828125,50.93
2453.242729193007,595.0703125,49.19
2453.4723890089954,595.0703125,49.21
2453.7050668029988,1029.69091796875,37.53
2453.9346984020085,595.0703125,49.5
2454.164840412006,595.0703125,48.76
2454.3987965399865,456.70458984375,32.01
2454.6296115559817,589.4453125,49.89
2454.8624786940054,595.0703125,48.99
2455.0922181310016,489.607421875,49.7
2455.3247138450097,724.4423828125,48.76
2455.5546349420038,595.0703125,49.46
2455.78953318001,595.0703125,49.96
2456.0200883809885,1029.69091796875,32.64
2456.2549739069946,595.0703125,48.96
2456.4875231210026,595.0703125,49.15
2456.7214353870077,456.70458984375,34.01
2456.956705118995,589.4453125,49.0
2457.1903648340085,595.0703125,49.69
2457.420703451993,489.607421875,50.7
2457.653236042999,724.4423828125,51.25
2457.888422313001,595.0703125,49.26
2458.122552001005,595.0703125,49.08
2458.3572082330065,1029.69091796875,27.63
2458.5885263269884,595.0703125,48.79
2458.822732422006,595.0703125,50.14
2459.0556161830027,456.70458984375,26.42
2459.2888784919924,589.4453125,48.97
2459.521518291993,595.0703125,48.73
2459.753843519982,492.419921875,49.69
2459.9873854799953,724.4423828125,52.52
2460.218992234004,595.0703125,49.52
2460.449907125003,595.0703125,48.72
2460.6838745679997,1029.69091796875,30.48
2460.9155392219836,595.0703125,49.35
2461.148746355,595.0703125,49.18
2461.377927747002,456.70458984375,35.73
2461.609694232,589.4453125,50.62
2461.841886827984,595.0703125,49.51
2462.0740392649896,456.705078125,47.06
2462.306119832996,724.4423828125,51.78
2462.536277628009,595.0703125,49.51
2462.768740027008,595.0703125,49.38
2462.9994700439856,1029.69091796875,29.9
2463.231876778009,595.0703125,50.22
2463.4622181899904,595.0703125,49.24
2463.6972862679977,456.70458984375,38.04
2463.932114594005,746.9423828125,50.52
2464.1672174709965,595.0703125,49.19
2464.4001435569953,595.0703125,49.43
2464.631549373007,724.4423828125,44.28
2464.861362281983,595.0703125,49.52
2465.095564746007,595.0703125,50.21
2465.3264766329958,1029.69091796875,29.72
2465.5577065149846,595.0703125,49.17
2465.7882006019936,595.0703125,49.33
2466.022122647002,456.70458984375,38.4
2466.255642745993,746.9423828125,49.69
2466.4900014479936,595.0703125,49.07
2466.723749094992,595.0703125,49.41
2466.958578886988,724.4423828125,43.09
2467.193500242982,595.0703125,48.07
2467.4250750089996,595.0703125,49.93
2467.662193830998,984.69091796875,20.46
2467.8929658230045,476.94677734375,49.89
2468.1252658370067,595.0703125,49.67
2468.3569306999852,456.70458984375,37.46
2468.5891392199846,589.4453125,50.11
2468.8210573329998,595.0703125,49.78
2469.0532595670084,595.0703125,49.3
2469.2876786839915,724.4423828125,41.26
2469.5233549019904,595.0703125,48.61
2469.755808499991,595.0703125,49.48
2469.9901199190062,456.70458984375,27.65
2470.2226397279883,595.0703125,48.7
2470.4565723889973,595.0703125,49.88
2470.691698384995,456.70458984375,49.79
2470.9239082319837,746.9423828125,50.53
2471.158928135992,595.0703125,48.95
2471.390658650984,595.0703125,48.89
2471.626630793995,1029.69091796875,31.67
2471.859785545006,595.0703125,48.21
2472.091903269,595.0703125,49.31
2472.3256453979993,456.70458984375,35.64
2472.5552248930035,589.4453125,50.88
2472.786432005989,595.0703125,48.78
2473.0177761499945,489.607421875,49.47
2473.248896657984,724.4423828125,43.76
2473.4774446439988,626.70556640625,48.65
2473.7101067229814,595.0703125,49.95
2473.9419570190075,1029.69091796875,20.45
2474.173433235992,595.0703125,49.85
2474.4040996959957,595.0703125,49.14
2474.6389658059925,456.70458984375,41.41
2474.8702264890017,589.4453125,50.56
2475.1022847759887,595.0703125,49.47
2475.3312050940003,489.607421875,49.36
2475.567083647009,724.4423828125,36.99
2475.8003108949924,595.0703125,49.56
2476.033740546991,595.0703125,49.42
2476.268272738991,456.70458984375,30.2
2476.500938938989,595.0703125,48.49
2476.7325732109894,595.0703125,48.72
2476.9636653630005,456.70458984375,45.81
2477.1941525349976,589.4453125,51.28
2477.426587975002,595.0703125,48.9
2477.658014672983,595.0703125,49.08
2477.8945345229877,724.4423828125,37.4
2478.127844325005,595.0703125,50.32
2478.362435674004,595.0703125,49.24
2478.597007815988,456.70458984375,31.94
2478.8275598030013,595.0703125,48.6
2479.058033076988,595.0703125,49.33
2479.2901697979833,456.705078125,51.27
2479.521307068004,746.9423828125,51.11
2479.7556964319956,595.0703125,48.9
2479.986854724004,595.0703125,49.64
2480.2203342450084,724.4423828125,39.16
2480.4536836479965,595.0703125,49.01
2480.6866244699922,595.0703125,49.39
2480.921160013997,456.70458984375,29.08
2481.1565180280013,595.0703125,48.14
2481.3899189049844,595.0703125,49.5
2481.6219367540034,456.70458984375,50.5
2481.8548230989836,746.9423828125,52.19
2482.087173609005,595.0703125,49.14
2482.3203218650015,595.0703125,49.19
2482.553988703992,1029.69091796875,26.99
2482.7843398219848,595.0703125,49.57
2483.016792023991,595.0703125,49.64
2483.2527074539976,456.70458984375,28.57
2483.4873067649896,595.0703125,48.66
2483.7219298919954,595.0703125,49.22
2483.953703918989,456.70458984375,50.14
2484.1897577079944,746.9423828125,52.65
2484.4218389040034,595.0703125,49.26
2484.656766895001,595.0703125,49.07
2484.891089279001,1029.69091796875,28.37
2485.1227549809846,595.0703125,49.34
2485.355116525985,595.0703125,48.88
2485.5901996379835,456.70458984375,39.69
2485.8208990639832,595.0703125,49.52
2486.055524914991,595.0703125,49.95
2486.291061097989,456.70458984375,50.45
2486.5234040649957,746.9423828125,48.06
2486.757098561997,595.0703125,49.35
2486.9887004960037,595.0703125,49.39
2487.2215004449827,1029.69091796875,19.75
2487.455825134006,595.0703125,48.86
2487.6891912299907,595.0703125,49.27
2487.922828035982,456.70458984375,44.99
2488.155204387993,589.4453125,49.35
2488.387149180984,595.0703125,48.74
2488.6189198560023,492.419921875,49.27
2488.852445961995,724.4423828125,36.41
2489.0856253670063,595.0703125,49.76
2489.31725160699,595.0703125,48.83
2489.5524673509935,1029.69091796875,21.79
2489.7859785099863,595.0703125,49.31
2490.0196268410073,595.0703125,49.29
2490.2558656430047,456.70458984375,45.96
2490.4859349459875,589.4453125,49.62
2490.7211564870086,595.0703125,49.31
2490.9516930379905,492.419921875,49.35
2491.1866514110006,724.4423828125,36.45
2491.421274258988,595.0703125,49.95
2491.652551284991,595.0703125,48.81
2491.8871743420023,1029.69091796875,23.86
2492.1193904749816,595.0703125,49.32
2492.351268917002,599.384765625,49.51
2492.583880499995,456.70458984375,43.93
2492.817470092996,595.0703125,49.96
2493.0511914789968,595.0703125,49.34
2493.2800839300035,492.419921875,49.69
2493.5160882689815,724.4423828125,50.55
2493.7461899089976,595.0703125,49.65
2493.9775445999985,595.0703125,50.26
2494.2097209919884,1029.69091796875,34.72
2494.4481930900074,595.0703125,49.9
2494.6832868180063,595.0703125,48.8
2494.9149833199917,456.70458984375,50.39
2495.144685877982,589.4453125,50.0
2495.3757003649953,595.0703125,49.84
2495.606148983992,489.607421875,49.95
2495.8387579130067,724.4423828125,51.56
2496.070012727985,595.0703125,48.97
2496.304962021997,599.384765625,49.21
2496.5390677530086,984.69091796875,39.34
2496.771530011989,595.0703125,49.64
2497.003503719985,595.0703125,48.93
2497.2376760820043,456.70458984375,49.7
2497.475524971989,746.9423828125,49.69
2497.705622560985,595.0703125,49.52
2497.9407766329823,489.607421875,49.26
2498.1741555799963,724.4423828125,52.47
2498.4060032920097,595.0703125,48.99
2498.6380755479913,595.0703125,49.18
2498.871815441991,1029.69091796875,35.4
2499.1018718240084,595.0703125,49.35
2499.3319129110023,595.0703125,48.97
2499.5635960719956,456.70458984375,49.87
2499.797590403992,746.9423828125,49.48
2500.0329007160035,595.0703125,49.41
2500.2665247409896,595.0703125,49.33
2500.5013245709997,1029.69091796875,49.24
2500.734932252002,595.0703125,50.03
2500.9652592059865,595.0703125,48.9
2501.2021315519814,984.69091796875,30.62
2501.4346665880003,595.0703125,48.83
2501.6684310669953,595.0703125,49.05
2501.9027682569867,456.70458984375,49.09
2502.1364223150013,746.9423828125,50.01
2502.373639056983,595.0703125,48.98
2502.6061103259854,595.0703125,49.29
2502.842220477003,533.18896484375,46.59
2503.072666232998,595.0703125,48.87
2503.307701084006,595.0703125,48.71
2503.541406475997,456.70458984375,22.83
2503.7754457170086,595.0703125,50.7
2504.012737260986,595.0703125,49.23
2504.24571586799,456.70458984375,34.37
2504.477644038998,589.4453125,48.82
2504.711280635005,595.0703125,49.17
2504.942395485996,489.607421875,49.8
2505.173473739007,724.4423828125,48.17
2505.4065189060057,595.0703125,50.67
2505.638707940001,595.0703125,49.55
2505.874164153007,456.70458984375,19.76
2506.1067719639977,595.0703125,50.6
2506.339679611003,595.0703125,48.55
2506.571728679992,456.70458984375,43.07
2506.8052346009936,746.9423828125,50.54
2507.03502991001,595.0703125,49.71
2507.267220549984,489.607421875,49.31
2507.5003312999906,724.4423828125,46.55
2507.7347580289934,595.0703125,49.75
2507.967232021998,595.0703125,48.74
2508.200777542981,456.70458984375,22.57
2508.433808253001,595.0703125,49.15
2508.6647674939886,595.0703125,49.48
2508.896943815984,456.705078125,48.21
2509.1287237799843,724.4423828125,52.06
2509.3609068070073,595.0703125,49.28
2509.5940596029977,595.0703125,49.43
2509.8253621909826,1029.69091796875,33.21
2510.058096347988,595.0703125,50.11
2510.2891925509903,595.0703125,48.35
2510.522616895003,456.70458984375,26.79
2510.7569311069965,595.0703125,49.01
2510.990083902987,595.0703125,49.62
2511.2230572020053,492.419921875,49.7
2511.4558977299894,746.9423828125,51.46
2511.687114131986,595.0703125,48.95
2511.9194565399957,595.0703125,49.24
2512.1530174269865,1029.69091796875,34.22
2512.3895729669894,595.0703125,48.77
2512.6198849040084,595.0703125,49.2
2512.8534483749827,456.70458984375,28.99
2513.0880926649843,595.0703125,49.84
2513.320580555999,595.0703125,48.58
2513.555692303984,456.70458984375,45.8
2513.7898079529987,746.9423828125,49.8
2514.0215738789993,595.0703125,49.12
2514.255252242001,595.0703125,49.49
2514.489360837004,1029.69091796875,35.97
2514.720403958985,595.0703125,49.09
2514.951285044983,595.0703125,48.92
2515.183407517994,456.70458984375,33.41
2515.421247258986,494.17138671875,50.1
2515.653519615007,595.0703125,50.4
2515.884812773991,456.70458984375,48.74
2516.117772523983,746.9423828125,53.83
2516.3508183899976,595.0703125,48.51
2516.581855016004,595.0703125,49.85
2516.8151370910055,1029.69091796875,33.41
2517.0475630309957,595.0703125,49.26
2517.27914834299,595.0703125,50.05
2517.5121854089957,456.70458984375,34.73
2517.743496098992,589.4453125,49.78
2517.9756372899865,595.0703125,48.71
2518.2080861389986,489.607421875,48.83
2518.4389657590073,724.4423828125,42.51
2518.674023728003,493.99560546875,48.51
2518.9040375059994,595.0703125,49.06
2519.136714252003,1029.69091796875,25.35
2519.366753662005,595.0703125,49.24
2519.5968866620096,595.0703125,49.26
2519.82776705001,456.70458984375,41.09
2520.059085632005,589.4453125,52.12
2520.291197699,595.0703125,49.57
2520.5224090720003,595.0703125,49.37
2520.7562809000083,724.4423828125,39.99
2520.9907134259993,595.0703125,50.32
2521.2253158800013,595.0703125,49.41
2521.461724888999,456.70458984375,30.29
2521.6959508199943,595.0703125,48.1
2521.9279165659973,595.0703125,49.54
2522.160146946,456.70458984375,42.47
2522.3918179559987,589.4453125,52.74
2522.6229750610073,595.0703125,49.12
2522.8540425579995,595.0703125,49.19
2523.08825347299,724.4423828125,37.57
2523.322826104006,595.0703125,49.66
2523.556621452997,595.0703125,48.99
2523.790725997009,456.70458984375,31.66
2524.0220018359832,595.0703125,50.29
2524.254168868996,595.0703125,49.41
2524.485431157984,456.705078125,49.65
2524.7196390689933,724.4423828125,46.26
2524.9502159899857,595.0703125,50.22
2525.1850685509853,595.0703125,48.56
2525.420222483983,1029.69091796875,31.33
2525.651151063008,595.0703125,49.1
2525.880837906996,595.0703125,49.12
2526.1142255140003,456.70458984375,35.95
2526.3443882660067,589.4453125,49.36
2526.5759932739893,595.0703125,49.03
2526.806135004008,489.607421875,49.0
2527.036496668996,724.4423828125,41.33
2527.2684322429996,595.0703125,48.18
2527.4974761829944,595.0703125,49.45
2527.731180667004,984.69091796875,25.45
2527.961055666994,615.45556640625,49.82
2528.193091972993,595.0703125,48.88
2528.4253089429985,456.70458984375,41.95
2528.6569018650043,589.4453125,52.07
2528.8869211550045,595.0703125,49.14
2529.1173579659953,595.0703125,49.39
2529.3544455780066,1029.69091796875,34.93
2529.5867313430062,595.0703125,48.75
2529.818711266009,595.0703125,49.07
2530.051260339009,456.70458984375,34.18
2530.2837033910037,493.99560546875,49.7
2530.517553918995,595.0703125,49.88
2530.7484718780033,456.705078125,50.98
2530.978699020983,746.9423828125,51.01
2531.213647759985,626.70556640625,48.98
2531.4472938579856,595.0703125,49.52
2531.6847445129824,1029.69091796875,31.88
2531.915288324002,595.0703125,49.07
2532.1467041939904,595.0703125,49.19
2532.3777144170017,456.70458984375,35.51
2532.6093217970047,595.0703125,49.49
2532.8420783040056,595.0703125,49.39
2533.075250586,492.419921875,49.1
2533.309007803997,724.4423828125,46.83
2533.543039713986,595.0703125,49.32
2533.7725251939846,599.384765625,49.32
2534.0046587009856,1029.69091796875,20.6
2534.237350045005,635.70556640625,50.19
2534.472905859002,595.0703125,49.38
2534.706616771,456.70458984375,39.38
2534.937609811983,589.4453125,50.19
2535.1675587699865,595.0703125,49.02
2535.3986192090088,489.607421875,49.01
2535.628193388984,724.4423828125,42.58
2535.8597293199855,595.0703125,48.27
2536.0891853960056,595.0703125,49.28
2536.3217803559965,456.70458984375,27.69
2536.5556220139842,595.0703125,48.43
2536.7860406659893,696.3203125,49.95
2537.020358093985,456.70458984375,41.47
2537.2521494409884,589.4453125,50.55
2537.4864567419863,595.0703125,49.31
2537.7156116539845,489.607421875,49.33
2537.9492844319902,724.4423828125,41.06
2538.18253675499,595.0703125,48.56
2538.416166787996,595.0703125,49.03
2538.653250139003,456.70458984375,28.06
2538.886427030986,595.0703125,48.76
2539.122055273998,595.0703125,49.63
2539.35325407199,456.70458984375,50.23
2539.5855521289923,746.9423828125,50.38
2539.8202938539907,595.0703125,49.09
2540.0526806119888,595.0703125,49.71
2540.284095365001,724.4423828125,35.57
2540.517451894004,595.0703125,50.62
2540.750839432003,595.0703125,49.09
2540.9865280189842,456.70458984375,32.51
2541.2208637459844,595.0703125,49.38
2541.4557237850095,595.0703125,49.21
2541.689687248989,456.70458984375,50.16
2541.92294571799,746.9423828125,49.84
2542.1564061719982,635.70556640625,49.27
2542.3878515859833,595.0703125,49.57
2542.6239148110035,724.4423828125,27.43
2542.8541566199856,595.0703125,49.3
2543.088984811009,595.0703125,49.58
2543.3212762330077,1029.69091796875,28.52
2543.5535313370056,595.0703125,48.41
2543.7836268949904,595.0703125,49.19
2544.0182922820095,456.70458984375,49.71
2544.251542368991,746.9423828125,50.07
2544.48550150299,595.0703125,49.49
2544.7216668379842,595.0703125,49.49
2544.9568257349893,1029.69091796875,22.94
2545.190746245993,595.0703125,49.47
2545.421451044007,599.384765625,49.47
2545.6542485489917,456.70458984375,43.02
2545.88423731699,595.0703125,49.68
2546.118630315992,595.0703125,48.74
2546.349887502991,456.70458984375,50.09
2546.585814672988,746.9423828125,49.32
2546.8182339780033,595.0703125,50.06
2547.0531647680036,595.0703125,49.17
2547.287891196989,1029.69091796875,21.0
2547.5192794800096,595.0703125,49.58
2547.750543511007,595.0703125,49.03
2547.9831342810066,456.70458984375,45.64
2548.2124675030063,711.08056640625,49.63
2548.4448009709886,595.0703125,49.04
2548.676897740981,492.419921875,49.22
2548.909657529992,724.4423828125,35.67
2549.1407862060005,595.0703125,48.98
2549.375188004982,595.0703125,49.16
2549.606716882001,1029.69091796875,25.88
2549.8392197889916,595.0703125,49.55
2550.0721173089987,635.70556640625,49.73
2550.3049756469845,456.70458984375,50.04
2550.538746973005,589.4453125,50.59
2550.7726568669896,595.0703125,49.12
2551.004196289985,489.607421875,49.52
2551.235017586994,724.4423828125,28.58
2551.463602999982,595.0703125,49.43
2551.6964089559915,595.0703125,49.52
2551.929140319,1029.69091796875,33.45
2552.1634316959826,595.0703125,48.88
2552.3947319069994,595.0703125,49.8
2552.6282802939822,456.70458984375,50.07
2552.8588523909857,589.4453125,49.33
2553.0908474699827,595.0703125,49.34
2553.3213910009945,488.18896484375,48.87
2553.5535428769945,724.4423828125,25.02
2553.7870572499814,595.0703125,49.82
2554.020176382008,595.0703125,49.74
2554.253187816008,456.70458984375,40.85
2554.4836881849915,595.0703125,48.31
2554.7186966399895,595.0703125,49.59
2554.949717268988,456.70458984375,48.88
2555.1838767819863,746.9423828125,48.19
2555.415883873997,595.0703125,49.46
2555.6461326679855,595.0703125,49.03
2555.8807238109875,724.4423828125,21.07
2556.111209022987,626.70556640625,48.86
2556.3429766930058,499.43896484375,49.08
2556.575963471987,456.70458984375,43.41
2556.808065271005,595.0703125,48.67
2557.042242664,595.0703125,49.64
2557.2733653339965,456.705078125,49.15
2557.5061812069907,724.4423828125,37.67
2557.738741874986,595.0703125,48.94
2557.973728818004,595.0703125,49.57
2558.2087508929835,724.4423828125,20.34
2558.444423206005,595.0703125,48.87
2558.6790027550014,595.0703125,49.24
2558.913696776988,456.70458984375,42.77
2559.144802823983,595.0703125,48.98
2559.3762443960004,595.0703125,49.01
2559.6104298220016,456.705078125,49.02
2559.840893591987,746.9423828125,48.69
2560.0750418609823,595.0703125,49.21
2560.307651487994,595.0703125,49.43
2560.5429540519835,1029.69091796875,28.15
2560.7732006809965,595.0703125,49.2
2561.0059533469903,595.0703125,49.44
2561.2406119579973,984.69091796875,39.43
2561.4729019840015,595.0703125,49.85
2561.704064813006,595.0703125,49.11
2561.937160128,456.70458984375,49.11
2562.168668400991,589.4453125,49.42
2562.4016843049903,595.0703125,49.63
2562.633307120006,595.0703125,49.39
2562.8674942920043,724.4423828125,22.24
2563.099706721987,595.0703125,48.88
2563.3321985240036,595.0703125,49.29
2563.5661292309815,510.68896484375,40.46
2563.7970571790065,595.0703125,49.86
2564.028824220004,595.0703125,49.58
2564.2621096479998,456.70458984375,50.25
2564.494041099999,589.4453125,50.15
2564.7263599,595.0703125,49.5
2564.9571069539816,489.607421875,49.11
2565.187001713988,724.4423828125,31.78
2565.4215861519915,595.0703125,49.53
2565.6513667879917,595.0703125,49.6
2565.883688731992,1029.69091796875,33.61
2566.116847744008,595.07080078125,47.69
2566.350057462987,595.0703125,49.27
2566.5819046839897,456.70458984375,51.0
2566.812680442992,589.4453125,50.15
2567.0454176729836,595.0703125,49.98
2567.2758792789828,456.705078125,48.77
2567.5076043439913,724.4423828125,43.39
2567.7444390539895,595.0703125,49.29
2567.976592816005,595.0703125,49.59
2568.209241206001,1029.69091796875,24.61
2568.441880865983,595.0703125,49.78
2568.676021591993,595.0703125,49.28
2568.9117572520045,456.70458984375,49.83
2569.146454137983,589.4453125,51.24
2569.380793985998,595.0703125,48.9
2569.6118917909916,489.607421875,49.07
2569.8443543289904,724.4423828125,29.81
2570.075026092003,595.0703125,49.87
2570.3082417469996,595.0703125,48.79
2570.5399246269953,1029.69091796875,28.29
2570.770064954995,595.0703125,49.52
2571.0011440420058,595.0703125,49.42
2571.23425193,456.70458984375,49.54
2571.470801819989,589.4453125,50.53
2571.7033881199895,595.0703125,50.03
2571.9353681119974,489.607421875,49.12
2572.1654457910045,724.4423828125,31.07
2572.398565201991,595.0703125,49.49
2572.6341984730097,595.0703125,49.94
2572.8674646939908,1029.69091796875,33.03
2573.0988643610035,595.0703125,48.62
2573.3304237590055,595.0703125,48.96
2573.5634147289966,456.70458984375,50.26
2573.79435412999,589.4453125,49.39
2574.0245454429823,595.0703125,49.37
2574.259619969991,595.0703125,48.92
2574.4937595079828,724.4423828125,22.27
2574.7246250860044,595.0703125,49.57
2574.9567694889847,595.0703125,49.24
2575.191557379003,456.70458984375,42.0
2575.423838046001,595.0703125,49.37
2575.660961627,595.0703125,49.83
2575.8921106969938,456.70458984375,49.68
2576.12516899599,746.9423828125,48.68
2576.3570528139826,595.0703125,48.93
2576.5894334260083,595.0703125,49.63
2576.822272347985,724.4423828125,24.28
2577.0571437710023,595.0703125,49.3
2577.288133948983,595.0703125,49.24
2577.5221670460014,456.70458984375,41.91
2577.7555955130083,595.0703125,49.79
2577.9875396059942,595.0703125,48.99
2578.2180725210055,456.705078125,48.97
2578.452485146001,724.4423828125,49.76
2578.6855115259823,595.0703125,49.34
2578.919309322984,595.0703125,48.56
2579.1516636739834,724.4423828125,22.31
2579.3833322360006,595.0703125,49.11
2579.614200327982,595.0703125,49.76
2579.8508016929845,456.70458984375,41.27
2580.0808952949883,626.70556640625,49.1
2580.316082409001,488.18896484375,49.57
2580.5471933450026,456.70458984375,49.66
2580.7786829689867,746.9423828125,49.72
2581.010552121006,595.0703125,49.32
2581.241602572991,595.0703125,49.31
2581.4749345860037,1029.69091796875,26.79
2581.7105497680022,595.07080078125,50.03
2581.940726273984,595.0703125,48.53
2582.1743586119846,984.69091796875,38.01
2582.406730702991,595.0703125,50.3
2582.6395916960028,595.0703125,49.13
2582.8734904149896,456.70458984375,49.58
2583.104461106006,578.18896484375,48.56
2583.3371446279925,595.0703125,49.47
2583.5689229829877,595.0703125,49.29
2583.8020067049947,724.4423828125,21.55
2584.038313611003,595.0703125,49.45
2584.2736404809984,595.0703125,49.31
2584.5067773530027,984.69091796875,44.16
2584.73774043101,595.0703125,49.45
2584.968898510997,595.0703125,48.7
2585.1983191059844,456.70458984375,50.97
2585.434210517007,589.4453125,50.18
2585.667141421989,595.0703125,49.0
2585.899547735986,489.607421875,49.03
2586.134383748984,724.4423828125,52.58
2586.3634741959977,595.0703125,49.29
2586.598979375005,595.0703125,49.59
2586.834800454002,984.69091796875,41.8
2587.0683260719816,595.0703125,49.05
2587.3002499110007,595.0703125,49.35
2587.533956283005,456.70458984375,49.9
2587.765907708992,746.9423828125,50.35
2587.9961127119896,595.0703125,49.89
2588.227333860006,489.607421875,48.94
2588.459659155982,724.4423828125,52.36
2588.696480455983,595.0703125,49.66
2588.9270216129953,595.0703125,49.87
2589.159509154997,488.18896484375,29.88
2589.393128711992,595.0703125,49.8
2589.626113884995,595.0703125,48.88
2589.85792003799,456.70458984375,48.97
2590.090413864993,746.9423828125,49.44
2590.3233497990004,595.0703125,49.19
2590.5537968770077,595.0703125,49.19
2590.786488220998,1029.69091796875,46.78
2591.0201320129854,595.0703125,49.0
2591.2521299549844,595.0703125,49.85
2591.4879042390094,456.70458984375,28.26
2591.721857086988,595.0703125,49.38
2591.957064246002,595.0703125,48.7
2592.1879439309996,456.70458984375,48.86
2592.423709625,746.9423828125,49.33
2592.656481287995,595.0703125,49.29
2592.889724740002,595.0703125,49.71
2593.123888322996,600.68896484375,46.79
2593.354639992991,595.0703125,50.23
2593.586611823004,595.0703125,49.08
2593.822630506009,456.70458984375,21.88
2594.0550231410016,595.0703125,49.79
2594.287829178007,595.0703125,49.18
2594.517807894008,456.70458984375,38.59
2594.753751426004,746.9423828125,49.46
2594.9874096190033,595.0703125,49.37
2595.2226028250006,595.0703125,49.18
2595.4576609549986,1029.69091796875,43.35
2595.689333857008,595.0703125,48.81
2595.9234696369967,595.0703125,49.58
2596.161465231009,456.70458984375,26.08
2596.393402349,595.0703125,48.79
2596.6276423359814,595.0703125,49.34
2596.859704264003,456.70458984375,44.77
2597.0937398899987,746.9423828125,51.88
2597.3252186269965,595.0703125,49.58
2597.558190541982,595.0703125,49.73
2597.791612386005,724.4423828125,43.72
2598.026742243994,595.0703125,48.07
2598.2608973019815,595.0703125,49.01
2598.4952118110086,456.70458984375,26.18
2598.731170498999,595.0703125,49.01
2598.9671698349994,595.0703125,49.58
2599.198948757985,456.70458984375,50.07
2599.431070891005,746.9423828125,53.47
2599.6630450259836,595.0703125,49.49
2599.8947342009924,595.0703125,50.23
2600.128554850002,724.4423828125,38.65
2600.360075353994,595.0703125,48.18
2600.5920408279926,595.0703125,49.33
2600.8272927729995,456.70458984375,27.3
2601.059805678,595.0703125,48.89
2601.293026653002,595.0703125,48.92
2601.524348523002,456.70458984375,50.4
2601.754652358999,746.9423828125,50.71
2601.9900164709834,595.0703125,48.76
2602.2224811849883,595.0703125,49.28
2602.4546228039835,1029.69091796875,26.74
2602.6879989709996,595.0703125,49.53
2602.9195439199975,595.0703125,48.49
2603.154126835987,456.70458984375,32.38
2603.3854159500042,595.0703125,48.64
2603.6168969919963,595.0703125,49.28
2603.8492911639914,497.64111328125,50.04
2604.083559157996,724.4423828125,47.67
2604.314497588988,595.0703125,49.61
2604.5461806879903,595.0703125,49.47
2604.7776919019816,1029.69091796875,20.39
2605.011835505982,595.0703125,50.13
2605.245428605005,595.0703125,49.84
2605.47557326901,456.70458984375,44.87
2605.711936556996,589.4453125,53.16
2605.94262935,595.0703125,48.51
2606.1750119279895,492.419921875,49.67
2606.4089340579812,724.4423828125,47.56
2606.640574482997,595.0703125,49.95
2606.8715022979886,595.0703125,49.81
2607.1050558660063,1029.69091796875,20.57
2607.3373356350057,595.0703125,49.88
2607.572057051002,595.0703125,49.81
2607.805177940987,456.70458984375,47.12
2608.0388037969824,746.9423828125,50.58
2608.2713909449812,595.0703125,49.26
2608.5044300489826,595.0703125,49.19
2608.7379885060072,724.4423828125,30.91
2608.969931631,595.0703125,50.04
2609.2029749249923,595.0703125,49.57
2609.437652199995,1029.69091796875,23.41
2609.6686993769836,595.0703125,48.47
2609.8982724439993,595.0703125,49.77
2610.1302153590077,456.70458984375,50.34
2610.3641730399977,746.9423828125,51.28
2610.595619928994,595.0703125,49.36
2610.830054917984,595.0703125,49.24
2611.063335747982,1029.69091796875,25.84
2611.2965347929858,595.0703125,49.94
2611.5287805479893,595.0703125,49.21
2611.7612807420082,456.70458984375,39.63
2611.994043754996,595.0703125,49.94
2612.226863971009,595.0703125,49.77
2612.4584772259986,456.70458984375,50.27
2612.691104045982,746.9423828125,49.39
2612.923888710997,595.0703125,49.36
2613.1573974399944,595.0703125,49.13
2613.388739285001,1029.69091796875,22.1
2613.623315776,595.0703125,50.49
2613.8568828240095,595.0703125,49.44
2614.0907291049953,456.70458984375,43.49
2614.3250883840083,589.4453125,50.38
2614.5580690990028,595.0703125,49.41
2614.7919650379918,491.169921875,49.74
2615.026743445982,724.4423828125,37.38
2615.2606975649833,595.0703125,48.83
2615.4963937120046,595.0703125,48.97
2615.7280738769914,1029.69091796875,25.44
2615.9596879009914,595.0703125,50.13
2616.1945809909957,595.0703125,49.61
2616.425563074008,456.70458984375,50.68
2616.6597598980006,589.4453125,50.49
2616.890771803999,595.0703125,49.14
2617.1228782219987,489.607421875,49.35
2617.3544409809983,724.4423828125,30.0
2617.588731394004,595.0703125,49.08
2617.821321686002,595.0703125,49.71
2618.054193235992,1029.69091796875,29.62
2618.286366982007,595.0703125,49.48
2618.518531929003,595.0703125,49.26
2618.7533151560056,456.70458984375,50.3
2618.9884017120057,589.4453125,53.14
2619.2214931979834,595.0703125,49.87
2619.454761108005,489.607421875,49.6
2619.6879510720028,724.4423828125,31.67
2619.921511275985,595.0703125,49.26
2620.1586377409985,595.0703125,49.58
2620.3899739290064,1029.69091796875,35.51
2620.625307031005,595.0703125,49.5
2620.8562773099984,595.0703125,49.56
2621.0881417219935,456.70458984375,49.01
2621.3182292529964,589.4453125,48.99
2621.5534415970033,595.0703125,49.45
2621.783925836993,479.85107421875,48.94
2622.0210312099953,724.4423828125,35.61
2622.2519293410005,595.0703125,48.92
2622.4854971579916,595.0703125,49.73
2622.716454306006,1029.69091796875,30.07
2622.952703891002,615.45556640625,50.19
2623.18679469201,595.0703125,49.51
2623.420172674989,456.70458984375,42.99
2623.651350319007,595.0703125,48.54
2623.8841386160057,595.0703125,49.88
2624.1145994589897,456.70458984375,49.47
2624.3498424639984,746.9423828125,46.36
2624.583883676998,595.0703125,49.23
2624.817226597981,595.0703125,49.57
2625.051066941989,1029.69091796875,20.93
2625.2810228199814,595.0703125,48.97
2625.5115153020015,595.0703125,49.68
2625.7430918900063,456.70458984375,46.85
2625.9755593969894,595.0703125,49.48
2626.208353561,595.0703125,49.42
2626.439190300007,492.419921875,49.18
2626.6714831989957,724.4423828125,35.86
2626.9035484799824,595.0703125,48.77
2627.137222318008,595.0703125,49.56
2627.3712416010094,724.4423828125,21.72
2627.604736779991,595.0703125,49.29
2627.838926480006,595.0703125,48.86
2628.0746254900005,456.70458984375,43.25
2628.3076834520034,595.0703125,49.47
2628.540128538996,595.0703125,49.66
2628.7744405340054,456.705078125,49.39
2629.0047706309997,746.9423828125,49.74
2629.2399489609816,595.0703125,48.79
2629.472957961989,595.0703125,49.42
2629.70887991201,1029.69091796875,46.41
2629.9424504519848,595.0703125,49.59
2630.1732915919856,595.0703125,49.84
2630.4080561709998,488.18896484375,40.48
2630.64158152201,595.0703125,49.12
2630.8737319409847,595.0703125,49.3
2631.104527891992,456.70458984375,49.45
2631.337654998002,746.9423828125,48.86
2631.5685186269984,595.0703125,48.9
2631.799983814999,493.81396484375,49.31
2632.0328409769863,1029.69091796875,48.46
2632.26582169201,595.0703125,49.96
2632.496882628009,595.0703125,49.74
2632.7275117239915,456.70458984375,50.29
2632.9629641879874,499.62060546875,49.68
2633.194194562995,595.0703125,49.11
2633.427295408008,456.705078125,48.75
2633.6589704049984,746.9423828125,49.35
2633.8915052409866,595.0703125,49.22
2634.1249805850093,595.0703125,49.25
2634.358394815994,1029.69091796875,46.29
2634.5901594909956,626.70556640625,48.66
2634.8234365509998,595.0703125,48.76
2635.0555397559947,456.70458984375,50.78
2635.290192096989,589.4453125,49.58
2635.5235313859885,595.0703125,48.99
2635.7564339469827,489.607421875,49.83
2635.987999639008,724.4423828125,51.97
2636.223968873004,595.0703125,49.21
2636.4593406679924,595.0703125,49.23
2636.69051649599,1029.69091796875,40.64
2636.9243312769977,595.0703125,50.5
2637.156198412995,595.0703125,49.06
2637.3923095680075,456.70458984375,29.31
2637.625345459004,589.4453125,47.96
2637.860599009,595.0703125,49.03
2638.092390225007,489.607421875,48.87
2638.3239328689815,724.4423828125,47.73
2638.557193515997,595.0703125,49.19
2638.7908253780042,595.0703125,48.38
2639.0226728869893,1029.69091796875,29.62
2639.2563560849812,595.0703125,48.41
2639.489960987994,595.0703125,49.45
2639.7220965999877,456.70458984375,33.56
2639.9535365749907,589.4453125,49.46
2640.1881388379843,595.0703125,49.37
2640.4194614760054,595.07080078125,49.42
2640.653822221997,724.4423828125,47.59
2640.8906335549837,595.0703125,50.62
2641.1241971109994,595.0703125,49.4
2641.3601670429925,456.70458984375,20.23
2641.5943471739884,595.0703125,51.33
2641.8235370809853,595.0703125,49.47
2642.0551930110087,456.70458984375,37.88
2642.2897690829996,589.4453125,49.68
2642.5218655839853,595.0703125,49.32
2642.7548955380043,489.607421875,50.76
2642.9870416269987,724.4423828125,47.18
2643.2187283569947,595.0703125,49.91
2643.450280778983,595.0703125,49.34
2643.6914631059917,456.70458984375,19.87
2643.9250391639944,595.0703125,50.68
2644.1572957449825,595.0703125,48.83
2644.390644672996,456.70458984375,46.99
2644.6240809049923,746.9423828125,51.97
2644.8577856839984,595.0703125,49.32
2645.088321399002,595.0703125,48.77
2645.3218008639815,724.4423828125,41.62
2645.5536874149984,595.0703125,47.2
2645.785367929988,595.0703125,49.03
2646.02068196499,456.70458984375,25.16
2646.2570715149923,595.0703125,49.1
2646.4931088449957,595.0703125,49.38
2646.7260809,456.70458984375,49.22
2646.9610191079846,746.9423828125,51.88
2647.1945317490026,595.0703125,48.52
2647.428204819007,595.0703125,49.42
2647.6623996869894,724.4423828125,33.84
2647.8935868990084,595.0703125,50.2
2648.1256631450087,595.0703125,48.48
2648.359058937989,1029.69091796875,23.16
2648.592140366003,595.0703125,50.54
2648.8265930250054,595.0703125,49.05
2649.0602012109885,456.70458984375,45.28
2649.2919871190097,589.4453125,49.4
2649.525766211009,595.0703125,49.17
2649.7563209930086,595.0703125,49.47
2649.9911709899898,724.4423828125,35.94
2650.222993636009,595.0703125,48.8
2650.4562117469904,595.0703125,48.97
2650.6939747630095,488.2421875,31.37
2650.9247360019945,595.0703125,49.08
2651.156884953991,595.0703125,50.07
2651.390318671998,456.70458984375,41.47
2651.625517395005,589.4453125,51.65
2651.8586957659863,595.0703125,50.03
2652.0947541199857,489.607421875,48.8
2652.326762687997,724.4423828125,40.1
2652.560808090988,595.0703125,49.56
2652.794471453002,595.0703125,49.37
2653.027134939999,1029.69091796875,29.24
2653.259846479981,595.0703125,48.56
2653.4933294359944,516.31982421875,49.18
2653.725815032987,456.70458984375,50.52
2653.9618102480017,589.4453125,52.58
2654.1923436590005,595.0703125,49.89
2654.423696398997,492.419921875,48.72
2654.6590145549853,724.4423828125,40.59
2654.890427639999,595.0703125,49.06
2655.122924272,595.0703125,49.46
2655.3554056079884,1029.69091796875,27.45
2655.589694135997,595.0703125,48.92
2655.8241973620025,595.0703125,49.44
2656.058788100985,456.70458984375,49.93
2656.289613945002,589.4453125,51.8
2656.5244823799876,595.0703125,49.01
2656.7555506500066,489.607421875,49.83
2656.992135759996,724.4423828125,34.58
2657.2251010689943,595.0703125,48.77
2657.4597867759876,595.0703125,48.89
2657.6917859599926,1029.69091796875,24.07
2657.9241633449856,595.0703125,50.15
2658.156652898004,595.0703125,49.26
2658.389785848005,456.70458984375,50.39
2658.624066603981,589.4453125,49.93
2658.858303148998,595.0703125,49.67
2659.088628884987,489.607421875,49.33
2659.3214263079863,724.4423828125,29.97
2659.552808424982,595.0703125,49.01
2659.787106361997,595.0703125,48.84
2660.0191469629935,1029.69091796875,32.98
2660.249453142984,595.0703125,49.36
2660.4789478839957,595.0703125,48.91
2660.7120558999886,456.70458984375,48.51
2660.9471093330067,589.4453125,52.88
2661.181365153985,595.0703125,49.63
2661.413100609003,489.607421875,49.39
2661.6454833019816,724.4423828125,29.99
2661.8786525010073,595.0703125,49.63
2662.110259095003,595.0703125,49.53
2662.34288072199,984.69091796875,37.64
2662.5752985459985,595.0703125,48.12
2662.807695905998,595.0703125,49.66
2663.039642357995,456.70458984375,49.46
2663.2708918419958,589.4453125,54.05
2663.507960535004,595.0703125,48.95
2663.7397779159946,492.419921875,49.18
2663.97388350399,724.4423828125,38.71
2664.205052809004,595.0703125,49.01
2664.43746609299,595.0703125,49.19
2664.6684272649873,1029.69091796875,30.07
2664.9050102659967,595.0703125,50.13
2665.1379643479886,595.0703125,49.5
2665.372455959994,456.70458984375,49.9
2665.604281931999,589.4453125,50.28
2665.8372082159913,595.0703125,48.49
2666.067149256007,492.419921875,49.92
2666.3008237009926,724.4423828125,32.53
2666.533092269994,595.0703125,49.55
2666.7664705099887,595.0703125,48.98
2667.0000441019947,1029.69091796875,32.64
2667.2320891020063,595.0703125,48.17
2667.4645844530023,595.0703125,49.25
2667.6971747200005,456.70458984375,49.68
2667.933656100009,746.9423828125,48.31
2668.168170410994,595.0703125,49.18
2668.4035762040003,595.0703125,49.38
2668.639525726001,1029.69091796875,50.5
2668.872421209002,595.0703125,50.09
2669.1052466389956,595.0703125,49.64
2669.338615590008,1029.69091796875,37.13
2669.5707293160085,595.0703125,50.08
2669.8064131540013,595.0703125,49.02
2670.041902339988,456.70458984375,49.28
2670.2740120149974,589.4453125,48.73
2670.507258669997,595.0703125,49.84
2670.7376963660063,595.0703125,49.45
2670.973792698991,724.4423828125,50.22
2671.2072051620053,595.0703125,49.48
2671.4414227099915,595.0703125,49.34
2671.6775209289917,456.70458984375,26.37
2671.910126072995,595.0703125,50.19
2672.145775548008,595.0703125,49.35
2672.3819013549946,456.70458984375,28.27
2672.6127346440044,589.4453125,48.56
2672.843291981,595.0703125,49.13
2673.075524021988,489.607421875,49.07
2673.3093081910047,724.4423828125,47.74
2673.5427977619984,595.0703125,49.7
2673.776417240995,595.0703125,49.12
2674.008592987986,456.70458984375,20.96
2674.239652988006,595.0703125,49.76
2674.4722692369833,595.0703125,49.21
2674.7040715320036,456.70458984375,41.86
2674.937052922003,746.9423828125,50.54
2675.1686209620093,595.0703125,49.52
2675.4020830139925,489.607421875,49.69
2675.634869611007,724.4423828125,50.69
2675.867287016008,595.0703125,49.51
2676.0976857389905,595.0703125,49.4
2676.3316176969965,456.70458984375,20.47
2676.562973344,595.0703125,50.69
2676.7961536479997,595.0703125,49.07
2677.02867071901,456.705078125,44.55
2677.262159172009,724.4423828125,50.74
2677.495405199006,595.0703125,49.09
2677.728858101007,595.0703125,49.23
2677.9605916700093,1029.69091796875,36.54
2678.1926418390067,595.0703125,48.25
2678.423642053007,595.0703125,49.16
2678.6568942960002,456.70458984375,23.58
2678.888997895003,595.0703125,49.94
2679.1230448849965,595.0703125,48.97
2679.3539750459895,456.705078125,47.28
2679.589244364004,724.4423828125,50.49
2679.8224737679993,595.0703125,49.78
2680.059001313988,595.0703125,49.39
2680.289748904004,1029.69091796875,32.45
2680.522841555008,595.0703125,48.27
2680.7534048289817,595.0703125,49.46
2680.987493864988,456.70458984375,30.19
2681.2204268529895,589.4453125,49.1
2681.453221692005,595.0703125,48.66
2681.6855005979887,492.419921875,50.5
2681.9210101770004,724.4423828125,54.8
2682.153594019008,595.0703125,48.72
2682.385211647983,595.0703125,49.53
2682.6158641820075,1029.69091796875,29.43
2682.849758074997,595.0703125,49.98
2683.0816839929903,595.0703125,49.08
2683.315341046982,456.70458984375,37.8
2683.5455836000037,589.4453125,50.84
2683.776798582985,595.0703125,49.19
2684.0084482000093,489.607421875,49.64
2684.2413584199967,724.4423828125,46.81
2684.4759623399877,595.0703125,48.74
2684.7094581270067,595.0703125,49.14
2684.943420536001,984.69091796875,20.04
2685.1762490399997,595.0703125,50.79
2685.407894814998,595.0703125,49.25
2685.6391609229904,456.70458984375,45.41
2685.874992828991,746.9423828125,51.67
2686.1080144489824,595.0703125,48.93
2686.3441276149824,595.0703125,49.3
2686.5791647739825,724.4423828125,36.84
2686.814196555002,595.0703125,48.9
2687.0437521990098,595.0703125,49.39
2687.2785730529868,1390.69091796875,22.35
2687.5102075839823,595.0703125,50.83
2687.741270726983,595.0703125,49.24
2687.9735299370077,456.70458984375,44.21
2688.2067640199966,746.9423828125,51.45
2688.4386064049904,595.0703125,48.4
2688.6705115789955,595.0703125,49.2
2688.9020968709956,724.4423828125,41.89
2689.1381389359885,595.0703125,49.34
2689.369909731002,595.0703125,49.66
2689.605695751001,456.70458984375,28.0
2689.840782288986,595.0703125,49.39
2690.074559683999,595.0703125,49.47
2690.306075272005,456.70458984375,39.99
2690.5392372070055,589.4453125,50.62
2690.7726434539945,595.0703125,49.42
2691.0041577149823,489.607421875,49.02
2691.236760623986,724.4423828125,43.74
2691.4696926350007,595.0703125,48.74
2691.7064343899838,595.0703125,49.49
2691.940829409985,1029.69091796875,25.62
2692.172534273006,595.0703125,50.26
2692.4056285299885,595.0703125,49.43
2692.638497820997,456.70458984375,46.81
2692.868543835997,589.4453125,51.61
2693.0990027640073,595.0703125,49.11
2693.328070971009,492.419921875,49.79
2693.564651108987,724.4423828125,47.97
2693.795308461995,595.0703125,50.24
2694.0285495299904,595.0703125,49.6
2694.260768439999,1029.69091796875,20.37
2694.4946101609967,595.0703125,51.01
2694.7293892480084,595.0703125,48.92
2694.959933803999,456.70458984375,44.4
2695.1914495319943,589.4453125,51.52
2695.4216858689906,595.0703125,50.11
2695.6523229680024,595.0703125,49.58
2695.8875295670005,724.4423828125,38.01
2696.1229969609994,595.0703125,49.11
2696.3560682389943,595.0703125,49.36
2696.5883511959983,1029.69091796875,22.36
2696.820406184008,595.0703125,49.83
2697.0522764360067,595.0703125,49.23
2697.2840020429867,456.70458984375,42.86
2697.5140683119826,589.4453125,50.45
2697.7483948149893,595.0703125,48.82
2697.9789492189884,595.0703125,49.59
2698.2151635869814,724.4423828125,35.39
2698.4500829209865,595.0703125,49.51
2698.6821836559975,595.0703125,48.7
2698.9150909419986,984.69091796875,27.05
2699.1491326240066,595.0703125,50.23
2699.3792520439893,595.0703125,49.02
2699.6124780249957,456.70458984375,40.91
2699.843445203005,589.4453125,50.71
2700.073877869989,595.0703125,49.26
2700.305501366005,477.03857421875,48.69
2700.5382542989973,724.4423828125,39.06
2700.771451295004,595.0703125,49.9
2701.0058716679923,595.0703125,49.31
2701.2404799189826,456.70458984375,29.14
2701.4742307029956,595.0703125,48.35
2701.7059403859894,595.0703125,49.64
2701.939031849004,456.70458984375,46.37
2702.169938821986,589.4453125,53.43
2702.4042378070008,595.0703125,49.48
2702.636803837988,489.607421875,49.53
2702.869608314999,724.4423828125,42.73
2703.100462695991,502.94970703125,47.71
2703.3390226140036,595.0703125,49.41
2703.5729994809953,1029.69091796875,25.89
2703.8041578200064,595.0703125,49.62
2704.03439785901,595.0703125,49.27
2704.2667294970015,456.70458984375,48.66
2704.5012667870033,746.9423828125,51.52
2704.733159180003,595.0703125,49.37
2704.962626541994,489.607421875,49.88
2705.197700158984,724.4423828125,41.68
2705.430285187991,595.0703125,48.53
2705.663518921996,595.0703125,49.03
2705.8953481070057,1029.69091796875,21.94
2706.1294620069966,595.0703125,50.46
2706.3640125670063,595.0703125,49.22
2706.5984190409945,456.70458984375,46.28
2706.830032130005,746.9423828125,51.09
2707.062783736008,595.0703125,49.09
2707.2957620529924,595.0703125,49.41
2707.532691408007,724.4423828125,32.16
2707.764724184992,595.0703125,49.36
2708.0002642860054,595.0703125,49.29
2708.2351704890025,1029.69091796875,23.91
2708.4674912309856,595.0703125,49.76
2708.700324133999,595.0703125,49.09
2708.931752139004,456.70458984375,44.57
2709.169128699985,589.4453125,51.59
2709.402901903988,595.0703125,49.51
2709.636396432994,489.607421875,49.67
2709.8674382040044,724.4423828125,35.05
2710.099713198986,595.0703125,48.22
2710.3306114409934,595.0703125,49.15
2710.5692308649886,456.70458984375,32.92
2710.8055833840044,595.0703125,47.96
2711.0402954919846,595.0703125,49.81
2711.2727615780022,456.70458984375,47.59
2711.5074267509917,589.4453125,51.4
2711.741185916995,595.0703125,49.31
2711.9725982070086,489.607421875,50.1
2712.203858446999,724.4423828125,33.05
2712.4380044749996,595.0703125,49.47
2712.6728832990048,595.0703125,49.27
2712.9081617670017,1029.69091796875,34.36
2713.1401687729813,595.0703125,47.56
2713.3775584649993,595.0703125,49.15
2713.6099674190045,456.70458984375,49.82
2713.845933843986,589.4453125,50.6
2714.0773640130064,595.0703125,48.94
2714.3094483349996,500.73486328125,50.04
2714.5425159820006,724.4423828125,49.83
2714.7744546110043,595.0703125,48.93
2715.0060846720007,595.0703125,49.04
2715.2377621569904,1029.69091796875,31.88
2715.471933886991,595.0703125,48.03
2715.7059048179945,595.0703125,49.43
2715.9426201730093,456.70458984375,50.56
2716.1744346900086,589.4453125,49.11
2716.407107162988,595.0703125,49.76
2716.6382255519857,626.70556640625,49.79
2716.868902530987,724.4423828125,52.46
2717.104683730984,595.0703125,49.18
2717.3409379099903,595.0703125,48.86
2717.5724402279884,1029.69091796875,33.23
2717.8046690560004,595.0703125,48.02
2718.038549190009,595.0703125,49.54
2718.2712548389973,456.70458984375,49.35
2718.502712526999,589.4453125,49.19
2718.7358613309916,595.0703125,49.06
2718.967807712994,595.0703125,49.07
2719.2026944289973,724.4423828125,51.27
2719.4385037760076,595.0703125,49.43
2719.6717670540093,595.0703125,49.21
2719.9101412580058,456.70458984375,27.56
2720.1401044380036,595.0703125,48.31
2720.3738460729946,595.0703125,49.74
2720.6065849669976,456.70458984375,48.81
2720.8381041169923,589.4453125,48.92
2721.0711911800026,595.0703125,49.19
2721.3030474639963,595.0703125,49.83
2721.534518981003,724.4423828125,51.33
2721.7685575890064,595.0703125,49.49
2722.0008219679876,595.0703125,49.28
2722.2381821860035,456.70458984375,26.09
2722.4727828940086,595.0703125,49.85
2722.7068614639866,595.0703125,48.93
2722.939636622992,456.70458984375,37.38
2723.169605133997,589.4453125,50.23
2723.4014367119817,595.0703125,50.1
2723.6329876600066,489.607421875,48.95
2723.8644036010082,724.4423828125,50.7
2724.0966364979977,595.0703125,49.3
2724.3274711350095,595.0703125,49.2
2724.5614107199945,984.69091796875,27.6
2724.7945953710005,595.0703125,49.55
2725.029024905991,595.0703125,48.84
2725.262231767003,456.70458984375,38.9
2725.496663466998,746.9423828125,49.87
2725.7276882870065,595.0703125,49.69
2725.956929938984,595.0703125,50.93
2726.1909207199933,724.4423828125,48.77
2726.425409832009,595.0703125,49.13
2726.66054101201,595.0703125,49.68
2726.8928137199837,1029.69091796875,30.03
2727.1238976260065,621.08056640625,49.01
2727.356018913997,595.0703125,49.49
2727.590353951993,456.70458984375,35.54
2727.8223431659862,589.4453125,49.98
2728.056290223991,595.0703125,49.72
2728.2875949750014,595.0703125,49.53
2728.5219651439984,724.4423828125,46.01
2728.7535552039917,595.0703125,49.56
2728.9896340169944,595.0703125,48.6
2729.222488519008,1029.69091796875,27.32
2729.458272104006,595.0703125,48.75
2729.696021846001,595.0703125,49.01
2729.928345888009,456.70458984375,35.34
2730.161439183983,589.4453125,50.25
2730.3928273970087,595.0703125,49.09
2730.6248432919965,489.607421875,49.13
2730.8568117620016,724.4423828125,48.11
2731.0899339730095,595.0703125,49.48
2731.325169917982,595.0703125,49.39
2731.558649515995,1029.69091796875,23.71
2731.791659627983,595.0703125,50.44
2732.0219029719883,595.0703125,49.25
2732.2527098110004,456.70458984375,32.53
2732.4857684639865,589.4453125,48.26
2732.7149647879996,595.0703125,49.02
2732.946075095999,489.607421875,50.02
2733.1767560069857,724.4423828125,50.39
2733.4093677339843,595.0703125,48.95
2733.641889991006,595.0703125,49.14
2733.873503309005,1029.69091796875,27.65
2734.1042069889954,595.0703125,49.71
2734.3341344319924,595.0703125,49.12
2734.567324111995,456.70458984375,38.53
2734.7985208850005,746.9423828125,49.78
2735.0296077250096,595.0703125,49.62
2735.260710069997,489.607421875,49.0
2735.492974046996,724.4423828125,50.68
2735.725438405003,595.0703125,49.45
2735.95720530799,595.0703125,49.11
2736.1938945500006,456.70458984375,22.17
2736.4308242629922,595.0703125,50.33
2736.6635854539927,595.0703125,49.41
2736.895442314999,456.70458984375,42.71
2737.1267064870044,746.9423828125,52.97
2737.3584921089932,595.0703125,49.63
2737.5894625200017,595.0703125,49.57
2737.8249932729814,1029.69091796875,38.07
2738.0551245189854,595.0703125,48.82
2738.28921817799,595.0703125,49.9
2738.525003718998,456.70458984375,19.9
2738.7602963070094,595.0703125,50.53
2738.9921259300027,595.0703125,49.84
2739.2243624590046,456.70458984375,44.04
2739.458159912989,746.9423828125,52.22
2739.690891631006,595.0703125,49.29
2739.927134016005,595.0703125,49.04
2740.16109155101,522.29345703125,38.49
2740.3915390470065,595.0703125,49.22
2740.621851953998,595.0703125,49.22
2740.8526522979955,456.70458984375,27.39
2741.0824148409883,595.0703125,49.15
2741.3156006780046,595.0703125,49.58
2741.548174969008,456.70458984375,41.57
2741.7822399229917,746.9423828125,51.1
2742.0157761639857,595.0703125,49.41
2742.2477321329934,595.0703125,49.26
2742.4844716629887,1029.69091796875,38.94
2742.7184762719844,595.0703125,49.49
2742.95406960501,595.0703125,49.19
2743.188573453983,456.70458984375,28.63
2743.4199886959977,595.0703125,48.63
2743.6507950460073,595.0703125,49.83
2743.88105955199,456.705078125,50.55
2744.110455907008,746.9423828125,51.36
2744.3410600610077,595.0703125,48.9
2744.5735789659957,595.0703125,49.43
2744.806643485994,1029.69091796875,35.0
2745.0426907299843,595.0703125,49.2
2745.2750036669895,595.0703125,49.51
2745.5093352129916,456.70458984375,33.15
2745.741205483995,589.4453125,48.56
2745.9744304339984,595.0703125,49.55
2746.2077370309853,489.607421875,49.24
2746.4428227430035,724.4423828125,46.77
2746.6751109559846,595.0703125,49.08
2746.9102293550095,595.0703125,50.07
2747.1420719680027,1029.69091796875,25.77
2747.374625933997,595.0703125,49.67
2747.608075569995,595.0703125,49.56
2747.8416664979886,456.70458984375,34.99
2748.073396872991,589.4453125,49.97
2748.3048607269884,595.0703125,49.28
2748.536683365004,489.607421875,49.3
2748.7734819120087,724.4423828125,48.88
2749.008160787984,595.0703125,49.92
2749.239282898983,595.0703125,49.35
2749.4700816359837,1029.69091796875,21.12
2749.7051705610065,595.0703125,50.99
2749.9395136309904,595.0703125,49.83
2750.1726542800025,456.70458984375,37.01
2750.4062280959915,595.0703125,50.51
2750.638408889994,595.0703125,49.17
2750.8701582629874,456.705078125,49.97
2751.101541098993,724.4423828125,49.0
2751.338305491983,595.0703125,49.69
2751.571529534005,595.0703125,49.17
2751.8049517209874,1029.69091796875,25.58
2752.03625067501,493.99560546875,48.98
2752.2689078699914,595.0703125,49.14
2752.50228801099,456.70458984375,41.18
2752.733844197006,589.4453125,50.49
2752.9662357080088,595.0703125,49.54
2753.201302423986,489.72119140625,49.5
2753.4324769869854,746.9423828125,49.74
2753.665236081986,595.0703125,49.48
2753.89803394099,595.0703125,49.11
2754.127692837006,1029.69091796875,22.61
2754.3606509160018,595.0703125,49.95
2754.5926867850067,595.0703125,49.57
2754.8256339689833,456.70458984375,42.53
2755.0606358000077,589.4453125,51.35
2755.2928765889956,595.0703125,48.92
2755.5235283059883,489.607421875,49.34
2755.753853295988,724.4423828125,36.04
2755.9854012409924,595.0703125,50.01
2756.21710884801,595.0703125,49.74
2756.44843448099,1029.69091796875,21.13
2756.683220985986,595.0703125,49.76
2756.918585232983,595.0703125,48.86
2757.149445082003,456.70458984375,45.62
2757.3855380729947,746.9423828125,50.47
2757.617877969984,595.0703125,48.74
2757.851267541002,595.0703125,49.37
2758.085756512999,724.4423828125,32.3
2758.3204735229956,595.0703125,48.46
2758.5540854739957,595.0703125,49.24
2758.7883980920014,456.70458984375,34.68
2759.0200976659835,595.0703125,49.4
2759.254672615003,595.0703125,49.15
2759.4884857849975,456.70458984375,46.89
2759.722779754986,589.4453125,50.87
2759.9578104309912,595.0703125,49.29
2760.1894266819872,489.607421875,49.24
2760.4206922510057,724.4423828125,35.45
2760.6508437510056,595.0703125,48.93
2760.8845814889937,595.0703125,48.95
2761.1227283589833,456.70458984375,33.58
2761.3572901079897,595.0703125,48.9
2761.591838725988,595.0703125,49.91
2761.82276332099,456.70458984375,49.72
2762.0560813710035,724.4423828125,36.53
2762.2881875729945,595.0703125,49.98
2762.5256934920035,595.0703125,49.05
2762.760579242982,1029.69091796875,22.04
2762.992334832001,595.0703125,49.15
2763.225127032987,595.0703125,49.76
2763.4580568959936,456.70458984375,47.11
2763.6889010999876,589.4453125,49.03
2763.9242098219984,595.0703125,49.22
2764.155133158987,492.419921875,49.69
2764.387756968994,724.4423828125,50.61
2764.621026548004,595.0703125,49.65
2764.853638066008,595.0703125,49.71
2765.08450930001,1029.69091796875,33.9
2765.3168773429934,595.0703125,48.89
2765.547783638991,595.0703125,49.24
2765.7798572230095,456.70458984375,50.52
2766.011533540004,589.4453125,49.83
2766.243492232985,595.0703125,49.09
2766.4738553579955,595.0703125,49.42
2766.708895322983,724.4423828125,20.48
2766.941274680983,595.0703125,48.89
2767.1758410389884,595.0703125,49.02
2767.4084512990084,456.70458984375,43.65
2767.6409118149895,595.0703125,50.14
2767.872542733996,615.45556640625,50.32
2768.1063014949905,456.70458984375,49.01
2768.3385760890087,746.9423828125,49.28
2768.5720002320013,595.0703125,48.99
2768.8024058910087,595.0703125,49.31
2769.0365528409893,724.4423828125,21.55
2769.2715242200065,595.0703125,49.1
2769.504425725987,595.0703125,49.1
2769.7407907559827,456.70458984375,42.65
2769.973401575,595.0703125,49.19
2770.2045035710034,595.0703125,48.85
2770.435932363005,456.705078125,48.75
2770.665326343995,746.9423828125,51.15
2770.899282481987,595.0703125,49.23
2771.1310623759928,595.0703125,49.59
2771.366357058985,724.4423828125,53.81
2771.5980643169896,595.0703125,49.81
2771.8322209049948,595.0703125,49.39
2772.0676699419855,456.70458984375,41.97
2772.2989218909934,595.0703125,49.2
2772.530634455994,595.0703125,49.2
2772.7627533689956,456.705078125,48.88
2772.994086964987,746.9423828125,48.99
2773.2270951219834,595.0703125,49.46
2773.458627840999,595.0703125,49.39
2773.6926304250082,1029.69091796875,29.59
2773.9254475609923,595.0703125,50.35
2774.1605558320007,595.0703125,49.38
2774.392591701995,984.69091796875,42.17
2774.6250369219924,595.0703125,49.15
2774.857785540982,595.0703125,49.24
2775.0913437829877,456.70458984375,49.23
2775.3252712159883,746.9423828125,50.22
2775.5587408260035,595.0703125,48.78
2775.792776307004,595.0703125,49.37
2776.026407953992,583.25146484375,47.46
2776.2565484879888,595.0703125,49.84
2776.4880140179885,595.0703125,49.12
2776.720747410989,456.70458984375,49.67
2776.9510581539944,595.0703125,50.14
2777.1838507739885,595.0703125,49.3
2777.4159294579877,456.70458984375,49.8
2777.65185014499,746.9423828125,50.65
2777.8866302940005,595.0703125,49.23
2778.118349912984,595.0703125,49.06
2778.3533651540056,600.68896484375,48.26
2778.588247553009,595.0703125,49.88
2778.8215602950077,595.0703125,49.75
2779.054563213984,456.70458984375,19.56
2779.2872016209876,595.0703125,51.24
2779.519624631008,595.0703125,49.53
2779.748944227991,456.705078125,49.58
2779.9821325110097,746.9423828125,50.65
2780.211182792991,595.0703125,49.38
2780.4457331569865,595.0703125,50.09
2780.679128593998,724.4423828125,47.08
2780.9145809829934,621.07470703125,49.55
2781.1503503909917,595.0703125,49.22
2781.387382563,456.70458984375,22.52
2781.6226232580084,595.0703125,49.75
2781.8563136429875,595.0703125,49.74
2782.0899183999863,456.70458984375,42.17
2782.3214716530056,746.9423828125,50.24
2782.553399195982,595.0703125,49.47
2782.7848367879924,595.0703125,48.9
2783.018889519997,1029.69091796875,37.24
2783.250553822989,595.0703125,48.5
2783.486208688002,595.0703125,49.93
2783.7209270249878,456.70458984375,22.78
2783.951526917983,626.70556640625,50.37
2784.182768252009,635.70556640625,49.14
2784.4147606089828,456.70458984375,45.32
2784.6451550229976,746.9423828125,51.04
2784.8773136769887,595.0703125,48.89
2785.1092910879815,595.0703125,48.93
2785.3430667509965,1029.69091796875,33.07
2785.574172519002,595.0703125,49.23
2785.8061520949996,595.0703125,49.3
2786.03821345701,456.70458984375,30.49
2786.268193980999,589.4453125,48.47
2786.5003008799977,595.0703125,49.06
2786.729181723,492.419921875,48.6
2786.9641209740075,724.4423828125,52.23
2787.1965675920073,595.0703125,49.46
2787.429866155988,595.0703125,49.33
2787.6619401240023,1029.69091796875,29.41
2787.892453420005,595.0703125,49.29
2788.123446888989,595.0703125,49.27
2788.356135663984,456.70458984375,37.32
2788.5905006789835,746.9423828125,50.02
2788.8248604550026,595.0703125,49.26
2789.054518310004,595.0703125,50.16
2789.2859077900066,724.4423828125,46.76
2789.5147795589874,595.0703125,49.64
2789.7497215489857,510.68896484375,48.87
2789.984486136993,984.69091796875,26.21
2790.2167323849862,595.0703125,49.9
2790.4486178919906,595.0703125,49.58
2790.6825183089823,456.70458984375,40.89
2790.9146007050003,746.9423828125,52.03
2791.146023779991,595.0703125,49.48
2791.376971082005,595.0703125,49.33
2791.6113594939816,1029.69091796875,37.6
2791.843864930008,595.0703125,50.93
2792.0755393709987,595.0703125,49.13
2792.309138554003,456.70458984375,21.81
2792.5407122809847,595.0703125,49.68
2792.7721813120006,595.0703125,48.92
2793.0072612430085,456.705078125,44.85
2793.2384119289927,746.9423828125,49.67
2793.472257379006,595.0703125,48.94
2793.705046379997,595.0703125,49.06
2793.9391726699832,1029.69091796875,33.51
2794.169982589985,595.0703125,48.6
2794.4013615940057,595.0703125,49.0
2794.632802339009,456.70458984375,33.78
2794.8657843859983,589.4453125,48.91
2795.0948529730085,595.0703125,49.81
2795.324995261006,492.419921875,48.43
2795.558160927001,724.4423828125,52.96
2795.7903221059823,595.0703125,48.95
2796.0205297670036,595.0703125,48.93
2796.2509358529933,1029.69091796875,32.51
2796.4844708500023,595.0703125,48.0
2796.717276612995,595.0703125,49.34
2796.9510288919846,456.70458984375,34.6
2797.1825028829917,589.4453125,49.64
2797.419940374006,595.0703125,49.35
2797.651656091999,489.607421875,49.99
2797.8838375959895,724.4423828125,48.49
2798.1166407039855,595.0703125,50.33
2798.3485983599967,595.0703125,49.26
2798.579957807,1029.69091796875,32.54
2798.814133406995,595.0703125,48.69
2799.0476241229917,595.0703125,49.4
2799.279846414982,456.70458984375,34.3
2799.510856576002,589.4453125,50.12
2799.7424736749963,595.0703125,49.87
2799.973712923005,595.0703125,49.46
2800.2105755340017,724.4423828125,46.14
2800.4437480439956,595.0703125,49.22
2800.67587520901,595.0703125,48.91
2800.9091215429944,456.70458984375,21.44
2801.140985328995,595.0703125,49.09
2801.3724646979827,595.0703125,49.72
2801.605160387,456.70458984375,41.43
2801.837960912002,746.9423828125,52.5
2802.0727431009873,595.0703125,48.8
2802.30631581301,595.0703125,49.46
2802.5411889370007,1029.69140625,39.97
2802.771610249998,595.0703125,48.25
2803.003885412996,595.0703125,49.31
2803.2378083189833,456.70458984375,27.63
2803.46823619699,589.4453125,48.5
2803.699564145005,595.0703125,48.93
2803.930871558987,495.10986328125,50.91
2804.163891531003,724.4423828125,51.04
2804.3984577640076,595.0703125,49.04
2804.632194328995,595.0703125,49.15
2804.8644203919976,1029.69091796875,31.56
2805.0958145519835,595.0703125,49.15
2805.327129438985,595.0703125,49.56
2805.5605607889884,456.70458984375,35.67
2805.7930082549865,589.4453125,49.81
2806.025059290987,595.0703125,49.33
2806.2576189959946,489.607421875,49.55
2806.4894407359825,724.4423828125,46.45
2806.721079556999,595.0703125,50.0
2806.954656949005,595.0703125,48.86
2807.1850048549823,1029.69091796875,22.75
2807.4175291499996,595.0703125,50.24
2807.6510640769848,595.0703125,48.35
2807.882795020996,456.70458984375,35.16
2808.1142741799995,589.4453125,50.6
2808.345180414006,595.0703125,49.39
2808.575989706005,595.0703125,49.1
2808.8095822529867,724.4423828125,45.12
2809.044748579996,595.0703125,49.09
2809.277352495992,595.0703125,49.48
2809.5102681919816,456.70458984375,25.71
2809.7406584940036,595.0703125,47.79
2809.975399824005,595.0703125,49.26
2810.2075858669996,456.70458984375,42.42
2810.4404759309837,471.31591796875,52.73
2810.6702915619826,595.0703125,49.06
2810.9006711079855,595.0703125,49.46
2811.134661691991,724.4423828125,44.07
2811.3691080739954,595.0703125,48.48
2811.6025901999965,595.0703125,49.06
2811.837453337008,456.70458984375,26.18
2812.0669083670073,595.0703125,49.33
2812.302955207997,595.0703125,49.28
2812.5335880759812,456.70458984375,49.97
2812.764902613999,746.9423828125,53.06
2812.9961671439814,595.0703125,48.21
2813.2306552930095,595.0703125,49.38
2813.4616872449988,724.4423828125,41.83
2813.6955820049916,595.0703125,48.5
2813.926406312996,595.0703125,49.59
2814.164835578995,465.68896484375,23.96
2814.3986099289905,595.0703125,49.79
2814.6309800090094,595.0703125,48.79
2814.8641416929895,456.70458984375,46.75
2815.097047261981,746.9423828125,50.45
2815.326650989009,595.0703125,49.37
2815.557299011998,595.0703125,49.39
2815.7901775520004,1029.69091796875,30.09
2816.0222683979955,595.0703125,49.4
2816.2552287239814,595.0703125,49.06
2816.4931876659975,456.70458984375,23.73
2816.7278523779823,595.0703125,49.9
2816.960018166981,595.0703125,49.31
2817.195827471005,456.70458984375,49.67
2817.428428801999,746.9423828125,50.88
2817.659394682996,595.0703125,49.09
2817.892033868993,595.0703125,49.02
2818.1263549519936,1029.69091796875,29.66
2818.358860039996,595.0703125,49.24
2818.593688744004,595.0703125,49.27
2818.825296553987,456.70458984375,35.25
2819.057062279986,595.0703125,48.93
2819.2905522279907,595.0703125,49.23
2819.52476540301,456.70458984375,48.3
2819.759717799985,746.9423828125,50.76
2819.994741925999,595.0703125,48.86
2820.2300519899873,595.0703125,49.28
2820.4637025079865,724.4423828125,32.83
2820.7001362110022,595.0703125,48.87
2820.9327063929813,595.0703125,49.56
2821.1659620160062,456.70458984375,34.51
2821.3962599149963,595.07080078125,48.69
2821.627781399002,621.08056640625,49.66
2821.8606688090076,456.70458984375,50.87
2822.0952167430078,746.9423828125,48.94
2822.326417436998,595.0703125,49.52
2822.557542908995,489.607421875,49.19
2822.79141364299,724.4423828125,36.18
2823.024469513999,595.0703125,49.87
2823.2559469270054,595.0703125,49.01
2823.4891918649955,456.70458984375,32.68
2823.722981789004,595.0703125,50.27
2823.9570376079937,595.0703125,49.57
2824.190213191003,456.70458984375,51.02
2824.4252799910028,746.9423828125,48.81
2824.657830476004,595.0703125,49.45
2824.889567078004,595.0703125,49.18
2825.1244492119877,724.4423828125,30.64
2825.358140447992,595.0703125,49.91
2825.589570298005,595.0703125,48.76
2825.8214727769955,1029.69091796875,28.06
2826.0530271570024,595.0703125,48.13
2826.284528107004,595.0703125,49.04
2826.5181867970095,456.70458984375,50.19
2826.7525788409985,746.9423828125,48.4
2826.99028872099,595.0703125,49.47
2827.226976445003,595.0703125,49.47
2827.4616968919872,1029.69091796875,21.12
2827.69429927101,595.0703125,49.46
2827.928632297,595.0703125,49.49
2828.164132823993,456.70458984375,39.16
2828.4000150449865,595.0703125,49.33
2828.6314860319835,595.07080078125,49.01
2828.863839419995,456.70458984375,49.28
2829.096833201009,746.9423828125,48.34
2829.3310298229917,595.0703125,49.38
2829.562764468981,595.0703125,49.56
2829.797218603984,724.4423828125,21.28
2830.0279238290095,516.31982421875,49.08
2830.2655439609953,595.0703125,48.78
2830.4974757040036,456.70458984375,44.85
2830.729415968992,595.0703125,49.59
2830.963097497006,595.0703125,49.05
2831.195594202989,456.70458984375,50.02
2831.428004443005,589.4453125,47.9
2831.6591443729994,595.0703125,49.63
2831.8899923579884,595.0703125,49.99
2832.126579926,724.4423828125,53.61
2832.3603632859886,595.0703125,48.57
2832.592242296989,595.0703125,49.25
2832.8257352490036,456.70458984375,43.65
2833.0564827290073,595.0703125,49.81
2833.288873901998,595.0703125,48.84
2833.5208204519877,456.705078125,49.17
2833.75191240001,724.4423828125,51.1
2833.987260388996,595.0703125,49.18
2834.2175758189987,595.0703125,49.36
2834.4512616769935,1029.69091796875,27.02
2834.6830701470026,595.0703125,49.96
2834.9163471430074,595.0703125,49.62
2835.1484386179945,456.70458984375,50.24
2835.3808860149875,589.4453125,50.3
2835.6154790679866,595.0703125,49.44
2835.84677845001,492.419921875,49.15
2836.079822028987,724.4423828125,50.67
2836.3114729329827,595.0703125,49.44
2836.5431190870004,595.0703125,49.26
2836.7778874470096,1029.69091796875,37.87
2837.01074202999,595.0703125,49.64
2837.24685717799,621.08056640625,49.19
2837.4785922429874,456.70458984375,50.92
2837.7120809339976,595.0703125,49.85
2837.946254089009,595.0703125,49.41
2838.1767245009833,456.705078125,49.4
2838.4106275719823,724.4423828125,51.22
2838.641210081987,595.0703125,49.79
2838.8725442469877,595.0703125,49.53
2839.10361600999,1029.69091796875,34.47
2839.334494306997,595.0703125,48.4
2839.5688581340073,595.0703125,49.6
2839.8018624609977,456.70458984375,49.62
2840.0335236320097,595.0703125,50.2
2840.2676553700003,595.0703125,49.3
2840.498660432,456.70458984375,49.47
2840.732787210989,746.9423828125,47.65
2840.9699622319895,595.0703125,49.29
2841.2031976,595.0703125,49.17
2841.438116681995,724.4423828125,52.21
2841.6729819139873,595.0703125,48.99
2841.9043635019916,595.0703125,49.73
2842.1396841130045,456.70458984375,45.87
2842.36925431501,595.0703125,49.06
2842.5985765729856,595.0703125,49.11
2842.832505694998,456.705078125,48.99
2843.0634405649907,746.9423828125,50.32
2843.294465113984,595.0703125,49.21
2843.526769052987,595.0703125,49.77
2843.758477227995,724.4423828125,24.05
2843.9910166079935,595.0703125,49.13
2844.2241124300053,595.0703125,49.39
2844.457997202,456.70458984375,41.53
2844.6889568670013,595.0703125,48.94
2844.9200465790054,595.0703125,49.32
2845.149083736993,456.705078125,49.22
2845.3851650109864,724.4423828125,49.42
2845.6165776790003,595.0703125,49.43
2845.848664824007,595.0703125,49.25
2846.081722650997,1029.69091796875,23.71
2846.318496072985,488.18896484375,48.78
2846.548979615007,595.0703125,48.37
2846.7857827199914,456.70458984375,39.74
2847.0189090629865,595.0703125,49.25
2847.250999212003,595.0703125,49.26
2847.4839898500068,456.70458984375,49.45
2847.7185885600047,746.9423828125,47.72
2847.954133088002,595.0703125,49.08
2848.1840094829968,595.0703125,48.63
2848.4191382339923,724.4423828125,51.8
2848.6533986229915,595.0703125,49.37
2848.8855546340055,595.0703125,49.21
2849.1198758569953,456.70458984375,41.84
2849.351877862995,595.0703125,49.42
2849.5856919529906,595.0703125,49.09
2849.8182691889815,456.70458984375,48.99
2850.0489353020093,589.4453125,48.75
2850.2811911180033,595.0703125,49.31
2850.5124443339882,595.0703125,48.69
2850.7464020219923,724.4423828125,51.97
2850.9768414240098,595.0703125,49.3
2851.2108499580063,595.0703125,49.09
2851.4428221409908,456.70458984375,48.01
2851.676899751008,595.0703125,49.28
2851.909739177994,595.0703125,49.12
2852.1411514270003,456.70458984375,49.38
2852.3735319839907,746.9423828125,49.93
2852.6074255559943,595.0703125,48.8
2852.841447918996,595.0703125,49.48
2853.0775786809972,1029.69091796875,46.47
2853.311217142007,595.0703125,49.55
2853.547039808007,595.0703125,49.77
2853.7816926710075,456.70458984375,21.3
2854.013170603983,595.0703125,49.75
2854.244864003005,595.0703125,49.37
2854.475843186985,456.705078125,49.32
2854.71126872499,724.4423828125,50.69
2854.944052584993,595.0703125,49.09
2855.180173970002,533.18896484375,48.61
2855.417319395987,724.4423828125,46.7
2855.649560225982,595.0703125,49.23
2855.8822002089873,595.0703125,49.78
2856.117419988994,456.70458984375,19.47
2856.349018610985,595.0703125,50.12
2856.5799239699845,595.0703125,48.81
2856.8111504679837,456.70458984375,42.98
2857.043172759004,746.9423828125,50.22
2857.276984430995,595.0703125,49.45
2857.509699775983,595.0703125,48.93
2857.7430566989933,1029.69091796875,36.56
2857.9749978320033,595.0703125,49.78
2858.2107800589874,595.0703125,48.95
2858.445403447986,456.70458984375,19.52
2858.6772366040095,595.0703125,49.63
2858.9107858049974,595.0703125,49.49
2859.1419811529922,456.70458984375,42.66
2859.374711304001,746.9423828125,51.31
2859.6072007059993,595.0703125,48.91
2859.8404044630006,595.0703125,49.03
2860.074286746996,1029.69091796875,36.42
2860.308256892982,595.0703125,49.55
2860.541121073009,595.0703125,49.34
2860.7716960049875,456.70458984375,30.6
2861.0020861309895,589.4453125,47.71
2861.232741382002,595.0703125,49.16
2861.465453862009,456.70458984375,45.2
2861.6972703950014,499.43896484375,50.5
2861.933862173988,595.0703125,49.69
2862.166083727003,595.0703125,49.62
2862.398045604001,1029.69091796875,32.81
2862.6294863100047,595.0703125,48.43
2862.859511505987,595.0703125,49.33
2863.0927988659823,456.70458984375,34.49
2863.3266257639916,589.4453125,50.05
2863.5600359780074,595.0703125,49.41
2863.790628160001,489.607421875,49.11
2864.022315901995,724.4423828125,48.06
2864.2552287630097,595.0703125,50.08
2864.4871174439904,595.0703125,48.85
2864.717058827984,1029.69091796875,35.28
2864.948818019009,595.0703125,49.37
2865.179702705005,595.0703125,49.44
2865.4113518240047,456.70458984375,33.07
2865.6442007079895,589.4453125,48.37
2865.8771102860046,595.0703125,49.15
2866.107996996987,489.607421875,50.12
2866.3386275930097,724.4423828125,50.82
2866.5682836679916,595.0703125,49.75
2866.8000983149977,595.0703125,49.33
2867.0335519709915,984.69091796875,27.36
2867.2698749940027,595.0703125,48.9
2867.4997454870027,595.0703125,50.33
2867.732388892997,456.70458984375,30.24
2867.9656316229957,589.4453125,48.97
2868.198075695982,595.0703125,49.62
2868.428095165,489.607421875,49.11
2868.658199633006,724.4423828125,50.71
2868.8906815609953,595.0703125,49.61
2869.1254122300015,595.0703125,49.0
2869.359404796007,984.69091796875,27.83
2869.5937350530003,595.0703125,49.46
2869.825608159008,595.0703125,49.62
2870.0595287859906,456.70458984375,37.52
2870.291055190988,589.4453125,50.82
2870.524089229002,595.0703125,50.01
2870.7553914370073,489.607421875,50.27
2870.9840274529997,724.4423828125,49.32
2871.215623909986,595.0703125,49.57
2871.4476000340073,595.0703125,48.97
2871.6804747610004,984.69091796875,25.72
2871.9138140139985,595.0703125,49.62
2872.1482381410024,595.0703125,49.38
2872.3814002019935,456.70458984375,40.83
2872.6166278040037,746.9423828125,50.4
2872.8502735290094,595.0703125,49.08
2873.081568961992,595.0703125,50.22
2873.3151876580087,724.4423828125,45.73
2873.545734721003,599.384765625,49.97
2873.7784479699912,626.70556640625,49.61
2874.011908540997,984.69091796875,21.72
2874.2473122880037,595.0703125,50.14
2874.479992151988,595.0703125,49.2
2874.714646201988,456.70458984375,42.58
2874.951469371008,746.9423828125,52.34
2875.1839753960085,595.0703125,49.31
2875.4165321259934,595.0703125,49.42
2875.649363339995,724.4423828125,39.68
2875.88490544699,595.0703125,48.43
2876.1149085719953,595.0703125,49.91
2876.3498477920075,984.69091796875,21.54
2876.5839695679897,595.0703125,49.62
2876.8181597199873,595.0703125,49.19
2877.05508709501,456.70458984375,40.6
2877.2853555539914,589.4453125,50.19
2877.517222792987,595.0703125,49.75
2877.748727266997,489.607421875,49.5
2877.981614635006,724.4423828125,45.12
2878.2150179340097,595.0703125,48.8
2878.4511798979947,595.0703125,49.16
2878.687201756984,984.69091796875,25.83
2878.918082460994,595.0703125,50.25
2879.151444971998,595.0703125,49.3
2879.3842581670033,456.70458984375,40.63
2879.6171464429935,589.4453125,48.72
2879.8512212139904,595.0703125,49.27
2880.0812259459926,489.607421875,49.17
2880.312016412994,724.4423828125,40.03
2880.5437707160017,595.0703125,48.58
2880.7777687289927,595.0703125,49.37
2881.0101395369857,579.3935546875,28.87
2881.244132731983,595.0703125,48.57
2881.4750693810056,595.0703125,49.61
2881.709878902009,456.70458984375,50.2
2881.942970631004,746.9423828125,51.94
2882.174344776984,595.0703125,50.51
2882.405117085,489.607421875,49.08
2882.636831857002,724.4423828125,44.82
2882.86693828,595.0703125,48.63
2883.1040473169996,595.0703125,49.19
2883.337521576992,984.69091796875,24.77
2883.5679114240047,595.0703125,50.52
2883.799011855008,595.0703125,48.96
2884.0306758499937,456.70458984375,48.03
2884.26282525601,746.9423828125,50.36
2884.4934586460004,595.0703125,49.78
2884.726203323982,595.0703125,49.85
2884.960225572984,1029.69091796875,33.38
2885.1952736789826,595.0703125,49.73
2885.432508853002,595.0703125,50.07
2885.664446632989,1029.69091796875,21.23
2885.8994426360005,595.0703125,50.24
2886.131925891008,595.0703125,48.85
2886.3629790380073,456.70458984375,43.54
2886.593527219986,589.4453125,52.55
2886.8248261449917,595.0703125,49.61
2887.054957711982,489.607421875,49.57
2887.2854597969854,724.4423828125,38.74
2887.5142102850077,595.0703125,48.73
2887.7481415290094,595.0703125,49.41
2887.979769555008,1029.69091796875,22.9
2888.212464015989,595.0703125,50.07
2888.4454127759964,595.0703125,49.37
2888.678343237989,456.70458984375,31.66
2888.9100851780095,589.4453125,50.15
2889.144124190003,626.70556640625,49.4
2889.3757675109955,492.419921875,50.86
2889.6084835540096,724.4423828125,48.41
2889.840512060997,595.0703125,49.44
2890.0719073000073,595.0703125,49.25
2890.30469982099,1029.69091796875,20.54
2890.534340320999,595.0703125,50.47
2890.7652055200015,595.0703125,49.19
2890.9974659059953,456.70458984375,40.92
2891.2300078299886,960.63525390625,50.7
2891.4630257349927,595.0703125,50.02
2891.6934204699937,489.607421875,48.86
2891.924942613987,724.4423828125,46.71
2892.1563141070073,595.0703125,50.13
2892.388485303003,595.0703125,49.23
2892.624208232999,456.70458984375,21.32
2892.8588281999982,595.0703125,49.53
2893.093659512,595.0703125,49.81
2893.3252221650037,456.70458984375,46.92
2893.5584885019925,746.9423828125,50.36
2893.790818521986,595.0703125,49.68
2894.0219118289824,595.0703125,49.51
2894.254842010996,724.4423828125,40.71
2894.4856428150088,595.0703125,48.92
2894.7215339969844,493.99560546875,49.19
2894.954029683984,984.69091796875,21.14
2895.184286759002,595.0703125,50.46
2895.414909602987,595.0703125,49.45
2895.6475792700076,456.70458984375,43.57
2895.882983505988,746.9423828125,50.76
2896.1167669610004,595.0703125,48.69
2896.351310939004,595.0703125,49.35
2896.5857773899916,724.4423828125,39.65
2896.81818102501,595.0703125,50.1
2897.0502494119864,595.0703125,49.41
2897.287137186009,984.69091796875,21.07
2897.522224404005,595.0703125,50.53
2897.7546722489933,595.0703125,49.31
2897.9909263360023,456.70458984375,42.08
2898.221765344002,589.4453125,51.52
2898.451016467996,595.0703125,49.29
2898.6822042029817,595.0703125,49.22
2898.9161177070055,1029.69091796875,35.33
2899.148524902994,595.0703125,49.3
2899.379188046005,595.0703125,49.91
2899.610908194998,456.70458984375,33.46
2899.8438249669853,595.0703125,48.93
2900.0773947029957,595.0703125,49.67
2900.308461120003,456.70458984375,50.19
2900.5410255329916,746.9423828125,53.91
2900.7707372029836,595.0703125,49.26
2901.0063038239896,482.56396484375,49.98
2901.2419460160017,1029.69091796875,33.48
2901.47392283901,595.0703125,48.87
2901.7069739190047,595.0703125,49.49
2901.9395025029953,456.70458984375,34.06
2902.170284867985,589.4453125,49.21
2902.401543213986,595.0703125,49.4
2902.6326995900017,471.31396484375,49.55
2902.8677684389986,724.4423828125,46.69
2903.1027876989974,595.0703125,49.86
2903.333341188001,595.0703125,49.57
2903.5665173580055,1029.69091796875,32.36
2903.7990397249814,595.0703125,48.69
2904.029468474997,595.0703125,49.55
2904.2628589929955,456.70458984375,34.68
2904.4932024639857,589.4453125,48.8
2904.7275986530003,595.0703125,49.17
2904.958855114004,492.41943359375,48.77
2905.192520604003,724.4423828125,48.41
2905.425018526992,595.0703125,50.15
2905.655230343982,595.0703125,49.48
2905.885608596989,1029.69091796875,20.06
2906.1168230120093,595.0703125,49.88
2906.3499076169974,595.0703125,49.7
2906.5828598689986,456.70458984375,31.93
2906.8189483580063,595.0703125,49.93
2907.051910527982,595.0703125,49.22
2907.2809737740026,492.419921875,50.53
2907.515590597992,724.4423828125,50.12
2907.7468710849935,595.0703125,48.76
2907.9802072650054,595.0703125,49.44
2908.2120800209814,1029.69091796875,26.92
2908.443658248987,595.0703125,50.19
2908.675818830001,595.0703125,49.2
2908.907231249992,456.70458984375,39.83
2909.141043690004,589.4453125,50.08
2909.374334332999,595.0703125,49.3
2909.604998522991,456.705078125,49.66
2909.8365179440007,724.4423828125,52.24
2910.072425958002,595.0703125,49.09
2910.305171543994,595.0703125,49.3
2910.538279895991,1029.69091796875,30.31
2910.7707535829977,696.3203125,49.67
2911.000612901,595.0703125,48.81
2911.23281196499,456.70458984375,37.41
2911.4661340370076,589.4453125,48.93
2911.6991304999974,595.0703125,49.77
2911.9307349890005,489.607421875,49.19
2912.162663828989,724.4423828125,48.46
2912.399344029982,635.70556640625,49.22
2912.631061664986,595.0703125,48.93
2912.863989401987,1029.69091796875,30.44
2913.0954757159925,595.0703125,48.98
2913.327769975993,595.0703125,49.52
2913.559358122002,456.70458984375,37.53
2913.794292801991,589.4453125,49.38
2914.0260121829924,595.0703125,48.8
2914.2592586849933,489.607421875,49.28
2914.4907447200094,724.4423828125,43.51
2914.724801122007,595.0703125,48.06
2914.9597874169995,595.0703125,49.71
2915.1912302889978,1029.69091796875,22.7
2915.423502058984,595.0703125,49.45
2915.6574397980003,595.0703125,49.06
2915.888963128993,456.70458984375,38.95
2916.123606075009,589.4453125,50.33
2916.3559547429904,595.0703125,49.65
2916.587249197997,489.607421875,49.64
2916.8173897750094,724.4423828125,41.93
2917.0499968619843,595.0703125,47.28
2917.281558466988,595.0703125,49.76
2917.51725115499,580.0966796875,26.25
2917.750265329989,595.0703125,49.4
2917.9817023529904,595.0703125,49.0
2918.213310213003,456.70458984375,44.72
2918.4474016969907,589.4453125,50.9
2918.6788639340084,595.0703125,50.14
2918.9123019649996,489.607421875,49.25
2919.144057194004,724.4423828125,47.77
2919.378872533998,595.0703125,49.9
2919.6107659130066,595.0703125,49.55
2919.843526883982,1029.69091796875,23.5
2920.0745517619944,595.0703125,50.06
2920.3051285959955,595.0703125,48.87
2920.536243153998,456.70458984375,48.16
2920.7690785079903,510.69482421875,50.38
2920.9980374939914,595.0703125,49.11
2921.2328804910067,489.607421875,48.92
2921.4636910909903,724.4423828125,45.09
2921.6944936579966,595.0703125,48.52
2921.924197173008,595.0703125,48.93
2922.155270732008,1029.69091796875,27.48
2922.389502740989,595.0703125,49.05
2922.620659623004,595.0703125,49.51
2922.8559003779956,456.70458984375,39.43
2923.0885393329954,589.4453125,49.87
2923.3244835489895,595.0703125,48.96
2923.5563527619815,489.607421875,49.68
2923.785269701999,724.4423828125,47.45
2924.0185336139984,595.0703125,48.93
2924.250674796989,499.79638671875,49.51
2924.4812459739915,1029.69091796875,29.28
2924.7117422790034,595.0703125,48.13
2924.9455613050086,595.0703125,48.82
2925.177949312987,456.70458984375,34.64
2925.411040503008,589.4453125,49.96
2925.644000876986,595.0703125,49.39
2925.875982327998,489.607421875,48.99
2926.109315804002,724.4423828125,46.16
2926.343437739997,595.0703125,49.77
2926.5787552529946,595.0703125,48.89
2926.8100247219845,1029.69091796875,21.78
2927.0430556380015,595.0703125,50.53
2927.275240891002,595.0703125,49.26
2927.5077725669835,456.70458984375,36.11
2927.7397021949873,589.4453125,50.0
2927.971996334003,595.0703125,49.19
2928.2038853119884,489.607421875,49.41
2928.434852988983,724.4423828125,46.76
2928.6660415799997,595.0703125,50.42
2928.9061302219925,595.0703125,49.23
2929.1389607579913,1029.69091796875,21.98
2929.369266180991,595.0703125,50.51
2929.600991935993,595.0703125,49.12
2929.8355466909998,456.70458984375,45.11
2930.0696322389995,746.9423828125,52.06
2930.301035596989,595.0703125,49.71
2930.5308790779964,489.607421875,49.7
2930.763347684988,724.4423828125,47.02
2930.9944611249957,595.0703125,49.56
2931.232099248009,595.0703125,48.83
2931.4668273539864,984.69091796875,24.88
2931.6976210509893,595.0703125,50.76
2931.929579663003,595.0703125,48.97
2932.162206674984,456.70458984375,48.38
2932.396086535009,746.9423828125,50.08
2932.6296175280004,595.0703125,48.95
2932.8626135209925,595.0703125,48.71
2933.096170215984,724.4423828125,35.59
2933.3273270289937,595.0703125,50.17
2933.561131388007,595.0703125,50.81
2933.793866936001,1029.69091796875,20.8
2934.0259880739904,595.0703125,50.02
2934.258029310993,595.0703125,49.65
2934.490992756997,456.70458984375,44.42
2934.7247851729917,488.19482421875,51.78
2934.957003741991,595.0703125,49.17
2935.1881096389843,595.0703125,49.1
2935.4230681569898,724.4423828125,36.54
2935.653851518,626.70556640625,50.03
2935.8877750289976,595.0703125,49.54
2936.120519657008,456.70458984375,30.76
2936.3542652780015,595.0703125,48.01
2936.5883962939843,595.0703125,50.14
2936.820070154994,456.70458984375,40.97
2937.0521528089885,589.4453125,52.98
2937.281615085987,595.0703125,49.7
2937.5122915859974,489.607421875,49.57
2937.7444213139825,724.4423828125,45.95
2937.977749830985,595.0703125,49.49
2938.212593737,595.0703125,49.12
2938.444642586983,1029.69091796875,21.41
2938.6749685439863,595.0703125,49.7
2938.9061865389813,595.0703125,48.97
2939.1373335039825,456.70458984375,43.46
2939.367014110001,589.4453125,51.83
2939.601099168998,595.0703125,50.0
2939.832441275008,489.607421875,49.17
2940.0647963169904,724.4423828125,42.82
2940.297479692992,595.0703125,48.5
2940.528484387003,595.0703125,49.43
2940.7625028149923,456.70458984375,27.54
2940.994963600009,595.0703125,48.94
2941.2289767900074,595.0703125,48.6
2941.4602429769875,456.705078125,50.29
2941.6933249479916,724.4423828125,50.3
2941.9239070900076,595.0703125,50.08
2942.15647704,595.0703125,49.87
2942.3876457959996,1029.69091796875,28.73
2942.6197843239934,595.0703125,48.4
2942.8528056009964,595.0703125,48.71
2943.0850741780014,456.70458984375,33.95
2943.317589301005,589.4453125,50.15
2943.5488559069927,595.0703125,49.79
2943.779628650984,489.607421875,49.1
2944.012429991999,724.4423828125,45.56
2944.2451839789865,595.0703125,49.67
2944.4796320129826,595.0703125,48.83
2944.710579015984,1029.69091796875,21.86
2944.9449239620008,595.0703125,50.55
2945.177141831984,595.0703125,49.45
2945.4087342569837,456.70458984375,37.76
2945.6393082269933,589.4453125,50.49
2945.8682563180046,595.0703125,49.55
2946.0989717209886,489.607421875,50.02
2946.3293842840067,724.4423828125,49.83
2946.5635980640072,595.0703125,49.47
2946.796143568994,595.0703125,49.26
2947.028588009998,1029.69091796875,22.0
2947.259165891999,595.0703125,50.32
2947.493893228995,595.0703125,49.72
2947.725724866992,456.70458984375,42.79
2947.958573840995,589.4453125,50.54
2948.1909008059883,595.0703125,49.79
2948.4230760720093,489.607421875,49.85
2948.656073811988,724.4423828125,49.56
2948.8877247649943,595.0703125,49.42
2949.116830002982,595.0703125,48.91
2949.3498623849882,1029.69091796875,26.85
2949.5840002449986,595.0703125,49.35
2949.818723600998,595.0703125,48.99
2950.0525081249943,456.70458984375,39.78
2950.28459811199,589.4453125,49.96
2950.5150666199916,595.0703125,49.33
2950.7463003989833,595.0703125,48.99
2950.9800312129955,724.4423828125,40.36
2951.211843573983,595.0703125,49.44
2951.445097707998,595.0703125,48.97
2951.678257064981,1029.69091796875,24.94
2951.9090203109954,595.0703125,49.62
2952.142656137992,595.0703125,48.97
2952.3739523580007,456.70458984375,41.64
2952.607728778996,746.9423828125,50.3
2952.8399665550096,595.0703125,49.42
2953.072648953006,595.0703125,49.61
2953.304778680991,724.4423828125,42.58
2953.540453791007,595.0703125,49.16
2953.7735924739973,595.0703125,49.23
2954.0079694779997,456.70458984375,27.55
2954.241685974004,595.0703125,48.38
2954.4752948420064,595.0703125,49.36
2954.707991837,456.70458984375,39.87
2954.9386883819825,589.4453125,50.66
2955.170556338009,595.0703125,49.62
2955.4018164489826,595.0703125,49.19
2955.637472001981,724.4423828125,36.96
2955.8731536770065,595.0703125,49.73
2956.1076093239826,595.0703125,48.99
2956.34310870801,456.70458984375,30.36
2956.575686759985,595.0703125,49.28
2956.8075292930007,595.0703125,48.7
2957.038723540987,456.70458984375,51.17
2957.2684430500085,746.9423828125,48.74
2957.504349689989,595.0703125,48.47
2957.734214053984,595.0703125,49.17
2957.9694574619934,724.4423828125,35.75
2958.1994486610056,595.0703125,49.16
2958.431134396,599.52001953125,48.57
2958.6648118500016,456.70458984375,33.75
2958.9008315659885,595.0703125,49.71
2959.1335097730043,595.0703125,49.15
2959.3647792419943,492.419921875,49.04
2959.597905842995,724.4423828125,46.69
2959.832319095003,595.0703125,49.78
2960.0634470619843,595.0703125,49.65
2960.29845789299,1029.69091796875,28.71
2960.5321896149835,595.0703125,48.71
2960.7635573539883,595.0703125,49.04
2960.9977079959936,984.69091796875,29.22
2961.233550031,595.0703125,47.99
2961.4674103340076,595.0703125,49.1
2961.700495656987,456.70458984375,50.4
2961.9376277659903,746.9423828125,51.75
2962.171093735,595.0703125,49.17
2962.4041151519923,595.0703125,49.08
2962.635936242994,1029.69091796875,25.75
2962.866839174996,595.0703125,49.99
2963.0993174210016,595.0703125,50.15
2963.3342375250068,456.70458984375,32.69
2963.564150778984,595.0703125,48.4
2963.7959682380024,621.08056640625,49.74
2964.029155602999,456.70458984375,49.89
2964.2627580449916,746.9423828125,52.38
2964.4954055910057,595.0703125,48.91
2964.730703057983,595.0703125,49.62
2964.9688806500053,1029.69091796875,26.23
2965.198719731008,595.0703125,48.98
2965.4319650639954,595.0703125,49.18
2965.6647769509873,456.70458984375,40.79
2965.900920638989,595.0703125,50.5
2966.1322316649894,595.0703125,50.11
2966.363130615995,456.70458984375,49.66
2966.594742875983,746.9423828125,45.36
2966.8285199269885,595.0703125,49.91
2967.0593329010007,595.0703125,49.55
2967.2958727389923,1029.69091796875,20.45
2967.5302179639984,595.0703125,49.27
2967.7616688169946,595.0703125,48.76
2967.993413219985,456.70458984375,45.81
2968.225613419985,589.4453125,49.39
2968.456036179996,595.0703125,49.05
2968.6901295499993,489.607421875,49.15
2968.921115176985,724.4423828125,32.55
2969.1529993359873,595.0703125,49.1
2969.3839098809985,595.0703125,49.78
2969.614116337005,1029.69091796875,24.98
2969.84672204699,595.0703125,49.25
2970.0790047319897,595.0703125,49.13
2970.3119007099885,456.70458984375,49.25
2970.5425521369907,589.4453125,52.12
2970.7751579159813,595.0703125,48.99
2971.0064487580094,595.0703125,49.17
2971.240089892992,724.4423828125,28.5
2971.474304581003,595.0703125,48.75
2971.708390407992,595.0703125,48.92
2971.9433997730084,456.70458984375,38.82
2972.1740669840074,595.0703125,49.59
2972.405928374006,595.0703125,49.45
2972.639830862987,456.70458984375,50.24
2972.871308534988,746.9423828125,50.38
2973.1027129419963,595.0703125,49.24
2973.335212698992,595.0703125,49.54
2973.5703500859963,724.4423828125,27.21
2973.803621540981,595.0703125,49.06
2974.0385866249853,595.0703125,49.24
2974.2777240029827,456.70458984375,39.74
2974.5103172799863,595.0703125,49.02
2974.7451629319985,595.0703125,49.22
2974.9755848539935,456.70458984375,49.42
2975.209586798999,746.9423828125,47.63
2975.440510963992,595.0703125,49.17
2975.6727798199863,489.607421875,49.84
2975.903699654009,724.4423828125,31.02
2976.137718362006,595.0703125,49.31
2976.367003235995,595.0703125,49.3
2976.605473611009,984.69091796875,35.51
2976.8362027730036,595.0703125,49.78
2977.0684800109884,595.0703125,49.5
2977.3006895,456.70458984375,49.15
2977.538840970985,746.9423828125,48.91
2977.7712060699996,595.0703125,49.25
2978.0026128519967,595.0703125,49.87
2978.2364582789887,724.4423828125,21.29
2978.4665577340056,595.0703125,49.88
2978.6985544810013,595.0703125,49.29
2978.9300443760003,1029.69091796875,33.51
2979.1607421079825,595.0703125,47.84
2979.389656115003,595.0703125,49.77
2979.6241533889843,456.70458984375,50.41
2979.858192071988,746.9423828125,47.61
2980.0931822290004,595.0703125,49.12
2980.3279053059814,595.0703125,49.06
2980.560728996992,1029.69091796875,20.48
2980.7940742759965,595.0703125,49.55
2981.0273459409946,595.0703125,49.13
2981.2602593099873,456.70458984375,39.64
2981.4919516799855,595.0703125,49.52
2981.7256119530066,595.0703125,48.55
2981.9576573800005,456.70458984375,49.76
2982.1919609089964,746.9423828125,48.75
2982.42447109599,595.0703125,49.72
2982.657196541986,595.0703125,49.08
2982.892334595992,1057.28759765625,21.65
2983.1245164489956,595.0703125,48.9
2983.3565388490097,595.0703125,49.22
2983.588594144996,456.70458984375,46.44
2983.8198202580097,595.0703125,49.67
2984.0505627029925,595.0703125,50.4
2984.2792904399976,456.70458984375,48.21
2984.5114398849837,746.9423828125,42.53
2984.7451265889977,595.0703125,48.74
2984.977435905981,595.0703125,49.12
2985.2117641239893,1029.69091796875,20.48
2985.4457540879957,595.0703125,48.41
2985.677076514985,595.0703125,48.79
2985.9119667639898,456.70458984375,45.73
2986.144409064,595.0703125,48.85
2986.377719938988,595.0703125,49.92
2986.607894696004,456.705078125,49.38
2986.8397350129962,746.9423828125,50.0
2987.0706217559928,595.0703125,49.13
2987.2996943799953,595.0703125,49.39
2987.5377281509864,1029.69091796875,22.46
2987.7712039960024,595.0703125,48.56
2988.0042555420077,595.0703125,49.2
2988.2411703479884,456.70458984375,41.75
2988.471972789004,595.0703125,49.52
2988.703350602009,595.0703125,49.37
2988.9330998020014,456.705078125,48.79
2989.1684666640067,724.4423828125,49.95
2989.399145342002,595.0703125,48.9
2989.634848710004,595.0703125,48.8
2989.8653493569873,1029.69091796875,33.44
2990.097784043988,595.0703125,49.03
2990.3300124829984,595.0703125,49.35
2990.5656054279825,456.70458984375,47.62
2990.7977009550086,595.0703125,48.97
2991.029416949983,595.0703125,49.28
2991.2602859530016,456.705078125,48.69
2991.4926262809895,746.9423828125,49.71
2991.7264324169955,595.0703125,49.08
2991.95976326699,595.0703125,48.84
2992.1931140229863,1029.69091796875,30.97
2992.428997727984,595.0703125,50.22
2992.6651014389936,595.0703125,49.38
2992.8976111380034,456.70458984375,50.39
2993.1296001529845,595.0703125,49.81
2993.3629113769857,516.31982421875,49.76
2993.5966612889897,456.70458984375,49.4
2993.8308984299947,746.9423828125,50.11
2994.063730317983,595.0703125,49.89
2994.296675421996,595.0703125,49.55
2994.5324996199924,1029.69091796875,45.79
2994.766530791996,595.0703125,49.74
2994.9978182269842,595.0703125,48.72
2995.234645518998,456.70458984375,21.04
2995.4676189800084,595.0703125,50.56
2995.701220474002,595.0703125,49.35
2995.9315459530044,492.419921875,47.48
2996.1643453630095,724.4423828125,53.49
2996.3958061510057,595.0703125,49.33
2996.629002831003,595.0703125,49.62
2996.862582325004,521.94189453125,46.39
2997.095587424992,595.0703125,50.52
2997.3292598800035,595.06982421875,49.67
2997.563529009989,456.70458984375,22.58
2997.798243252997,595.0703125,50.51
2998.0293667649967,595.0703125,48.79
2998.260804363992,456.705078125,46.13
2998.492905199004,746.9423828125,50.99
2998.725489211007,595.0703125,49.53
2998.957328621007,595.0703125,49.35
2999.1897194460034,1029.69091796875,39.01
2999.4205071500037,595.0703125,48.21
2999.652745297004,595.0703125,49.94
2999.888870659983,456.70458984375,24.6
3000.1210532810073,595.0703125,50.05
3000.3540140299883,595.0703125,49.11
3000.58323863399,456.70458984375,40.52
3000.8131023079914,746.9423828125,53.44
3001.0444399609987,595.0703125,49.46
3001.2768617259862,595.0703125,49.27
3001.5079070839856,1029.69091796875,37.62
3001.7388767309894,595.0703125,50.52
3001.9725877399906,595.0703125,48.77
3002.2030185429903,456.70458984375,25.1
3002.435640410986,595.0703125,50.67
3002.6659238440043,595.0703125,48.87
3002.8985367720015,456.70458984375,48.55
3003.1292788680003,746.9423828125,50.7
3003.362350668991,595.0703125,49.44
3003.5949093980016,595.0703125,49.4
3003.8279700929997,1029.69091796875,39.34
3004.0590931169863,595.0703125,49.34
3004.29193240701,595.0703125,49.41
3004.5231462979864,456.70458984375,28.41
3004.7588299000054,589.4453125,48.73
3004.992477211985,595.0703125,49.5
3005.223684117984,489.607421875,49.48
3005.4537089899823,724.4423828125,51.33
3005.685035397997,595.0703125,49.58
3005.9186946529953,595.0703125,48.86
3006.1511674049834,1029.69091796875,38.47
3006.3839308449824,595.0703125,49.25
3006.61599962099,595.0703125,49.05
3006.848512951983,456.70458984375,29.19
3007.08026848,589.4453125,48.64
3007.3142354660085,595.0703125,49.69
3007.547107652994,489.607421875,49.76
3007.7782727220037,724.4423828125,51.66
3008.0110940629966,595.0703125,49.21
3008.2448873480025,595.0703125,50.21
3008.476443332009,1029.69091796875,39.23
3008.708953869005,595.0703125,49.61
3008.941048976005,595.0703125,48.93
3009.1760195450042,456.70458984375,22.02
3009.407875648001,589.4453125,50.21
3009.636805232003,595.0703125,48.89
3009.869674835005,489.607421875,49.21
3010.100810150994,724.4423828125,53.38
3010.3339318200015,595.0703125,49.41
3010.567874430999,595.0703125,49.26
3010.804816265998,984.69091796875,27.85
3011.036751920008,595.0703125,49.7
3011.2686986089975,595.0703125,50.29
3011.498882935004,456.70458984375,33.85
3011.7310034649854,589.4453125,49.53
3011.964804991003,595.0703125,48.76
3012.1978770009882,489.607421875,48.7
3012.430873579986,724.4423828125,50.3
3012.664485410991,595.0703125,49.55
3012.8984629439947,595.0703125,49.17
3013.1342170179996,456.70458984375,22.51
3013.3712801719957,595.0703125,50.15
3013.6025099869876,595.0703125,49.96
3013.8339927750058,456.70458984375,43.28
3014.0667408499867,746.9423828125,52.7
3014.3012325009913,595.0703125,49.54
3014.5312748340075,595.0703125,49.8
3014.764119083993,724.4423828125,46.82
3014.9964431389817,595.0703125,49.79
3015.228514499002,595.0703125,49.68
3015.4632723940013,456.70458984375,20.65
3015.696753408003,595.0703125,50.76
3015.9306745769863,595.0703125,49.23
3016.1624375070096,456.70458984375,45.07
3016.393027484999,746.9423828125,50.12
3016.627071786992,595.0703125,48.92
3016.8590654119907,595.0703125,49.04
3017.0912191179814,1029.69091796875,32.47
3017.324756565009,595.0703125,49.5
3017.559629772004,635.70556640625,49.49
3017.7946589399944,456.70458984375,22.47
3018.0293349089916,595.0703125,50.09
3018.2647040750016,595.0703125,49.12
3018.495711577998,456.70458984375,45.77
3018.728406153008,746.9423828125,52.19
3018.959705112007,595.0703125,49.29
3019.1945938240096,595.0703125,49.48
3019.429836364987,1029.69091796875,37.43
3019.6609841829923,595.0703125,49.33
3019.890266896982,595.0703125,49.41
3020.122106305993,456.70458984375,29.6
3020.3535720520013,595.0703125,48.13
3020.586759163998,595.0703125,49.83
3020.818144171004,456.70458984375,41.98
3021.050758495985,746.9423828125,51.11
3021.284474393993,595.0703125,49.41
3021.5173961010005,595.0703125,49.45
3021.7514028970036,724.4423828125,44.02
3021.9847572149883,595.0703125,48.9
3022.217868687003,595.0703125,49.3
3022.4551042149833,456.70458984375,26.93
3022.6848196100036,595.0703125,48.35
3022.9200915539986,595.0703125,49.55
3023.1489743429993,456.705078125,50.37
3023.3801527530013,746.9423828125,53.02
3023.6112493060064,595.0703125,49.32
3023.843787639984,595.0703125,48.57
3024.078731529007,1029.69091796875,37.59
3024.310424686002,595.0703125,48.56
3024.541468926007,595.0703125,48.91
3024.7716127419844,456.70458984375,30.0
3025.0042520709976,589.4453125,48.87
3025.2355743579974,595.0703125,49.41
3025.4694956660096,489.607421875,49.88
3025.7005700090085,724.4423828125,47.81
3025.9380286170053,595.0703125,50.33
3026.1694488259964,595.0703125,49.32
3026.401477651001,1029.69091796875,25.19
3026.6324079759943,595.0703125,49.74
3026.86638641599,595.0703125,48.64
3027.0968403379957,456.70458984375,33.62
3027.330078925006,589.4453125,49.05
3027.5616462239996,595.0703125,49.5
3027.795142672985,489.607421875,49.97
3028.025430437003,724.4423828125,49.41
3028.2558657100017,595.0703125,49.71
3028.4874882559816,476.94677734375,49.08
3028.7229521999834,984.69091796875,22.15
3028.9545088830055,595.0703125,50.6
3029.184534872009,595.0703125,49.94
3029.4182778699906,456.70458984375,39.86
3029.651434180996,589.4453125,50.28
3029.8829626469815,595.0703125,49.41
3030.1155653769965,495.10986328125,49.79
3030.3468413579976,724.4423828125,48.37
3030.5797849959927,595.0703125,49.26
3030.812300141988,595.0703125,49.31
3031.044396226993,1029.69091796875,27.41
3031.279696109006,595.0703125,49.52
3031.509848446003,595.0703125,49.19
3031.742977727001,456.70458984375,34.87
3031.9754836549982,589.4453125,49.29
3032.2099980750063,595.0703125,49.13
3032.438641999004,456.705078125,48.69
3032.667952230986,746.9423828125,50.98
3032.8991352510056,595.0703125,48.27
3033.1298040809925,595.0703125,48.84
3033.3610763599863,1029.69091796875,37.49
3033.5927783880034,595.0703125,49.56
3033.8277619479923,595.0703125,49.26
3034.060689101985,456.70458984375,30.44
3034.294931480981,589.4453125,50.02
3034.5260848870093,595.0703125,49.2
3034.7594744059897,489.607421875,50.34
3034.9911853029917,724.4423828125,48.77
3035.2251889570034,595.0703125,49.97
3035.4554099499946,595.0703125,49.49
3035.6852580480045,1029.69091796875,32.8
3035.915998468001,595.0703125,48.86
3036.1489558650064,595.0703125,49.14
3036.3810821219813,456.70458984375,32.64
3036.6117298599856,589.4453125,48.58
3036.8430721919867,595.0703125,49.3
3037.073733619007,595.0703125,49.35
3037.309244428994,623.18896484375,45.7
3037.539244437008,595.0703125,48.31
3037.7696253019967,595.0703125,49.11
3038.002691444999,456.70458984375,23.92
3038.2373631529917,595.0703125,49.71
3038.467312314984,595.0703125,49.78
3038.698455173988,456.70458984375,49.31
3038.929238268989,746.9423828125,51.16
3039.159854017984,595.0703125,48.91
3039.391410630982,595.0703125,48.85
3039.6233552949852,1029.69091796875,42.83
3039.8549946020066,595.0703125,49.23
3040.084717400983,595.0703125,49.46
3040.3194163480075,456.70458984375,27.77
3040.553572400997,589.4453125,48.02
3040.7849529380037,595.0703125,48.44
3041.015410560998,489.607421875,49.46
3041.2470005590003,724.4423828125,51.87
3041.4776311150054,595.0703125,49.2
3041.708587911009,595.0703125,49.19
3041.9400475809816,1029.69091796875,44.44
3042.169856986002,595.0703125,48.49
3042.405353406997,595.0703125,49.04
3042.63835410701,456.70458984375,50.43
3042.8689806819893,589.4453125,49.44
3043.0990112809814,516.31982421875,49.0
3043.3305655189906,595.0703125,49.03
3043.5650466239895,724.4423828125,48.53
3043.7953165780054,595.0703125,49.29
3044.0270578569907,595.0703125,49.47
3044.2610937090067,456.70458984375,49.05
3044.4924355529947,595.0703125,50.37
3044.7245579689916,595.0703125,50.0
3044.9581261480052,456.70458984375,48.42
3045.1912348250044,746.9423828125,48.87
3045.4208017330093,595.0703125,49.35
3045.6517331750074,595.0703125,48.98
3045.884939074982,1029.69091796875,43.89
3046.1157369769935,595.0703125,47.72
3046.347035098006,595.0703125,49.02
3046.5773281700094,456.70458984375,51.08
3046.813989374001,589.4453125,49.88
3047.0458609119814,595.0703125,49.83
3047.2783473529853,491.169921875,49.7
3047.5117335889954,724.4423828125,51.97
3047.7483165680023,595.0703125,49.47
3047.981794927997,595.0703125,48.98
3048.2143645519973,1029.69091796875,47.3
3048.448577806994,595.0703125,50.24
3048.681314148009,595.0703125,49.29
3048.91654286001,456.70458984375,23.36
3049.148179093987,595.0703125,50.12
3049.38448060301,595.0703125,49.44
3049.61692842099,492.419921875,49.35
3049.8499012519896,724.4423828125,49.77
3050.081174997991,599.384765625,49.08
3050.3148007979908,595.0703125,50.61
3050.5467979149835,1029.69091796875,42.58
3050.7798769790097,533.18896484375,49.74
3051.0137597339926,595.0703125,49.69
3051.2519656689838,456.70458984375,19.99
3051.4843616620055,595.0703125,50.68
3051.716667067987,595.0703125,49.05
3051.951263344992,456.705078125,46.12
3052.1828967159963,746.9423828125,50.45
3052.4175300799834,595.0703125,48.99
3052.650196717994,595.0703125,48.82
3052.884083313984,1029.69091796875,36.9
3053.1167899020074,595.0703125,49.7
3053.3485246159835,595.0703125,49.68
3053.581533138,456.70458984375,26.25
3053.8142306460068,595.0703125,49.27
3054.045184507995,595.0703125,48.98
3054.2764600699884,492.419921875,48.72
3054.507600135985,724.4423828125,52.37
3054.7401446169824,595.0703125,49.69
3054.971195910999,595.0703125,49.46
3055.2018890469917,1029.69091796875,32.09
3055.4356937859848,595.0703125,48.99
3055.667480114993,595.0703125,49.52
3055.900181464007,456.70458984375,34.71
3056.131606701005,589.4453125,49.7
3056.3635545079887,595.0703125,49.97
3056.594764696987,489.607421875,51.06
3056.8297475579893,724.4423828125,52.04
3057.0614652299846,595.0703125,48.97
3057.2928203440097,595.0703125,49.41
3057.525595727988,1029.69091796875,30.4
3057.757930328982,595.0703125,48.93
3057.992120256007,595.0703125,48.84
3058.2250686429907,456.70458984375,37.21
3058.456046111998,746.9423828125,49.5
3058.6881863379967,595.0703125,49.28
3058.9195675039955,595.0703125,49.38
3059.1550477909914,724.4423828125,43.82
3059.38679556601,595.0703125,50.4
3059.6202846119995,595.0703125,48.79
3059.8540087520087,1029.69091796875,27.23
3060.084722492,595.0703125,49.18
3060.3160964639974,595.0703125,49.26
3060.549946601008,456.70458984375,40.77
3060.7865114909946,746.9423828125,50.68
3061.0193307359878,595.0703125,49.08
3061.252606759983,595.0703125,49.69
3061.4862028060015,724.4423828125,41.4
3061.7200072660053,595.0703125,47.77
3061.9544185269915,595.0703125,49.41
3062.1885504139937,456.70458984375,26.31
3062.419019421999,595.0703125,50.08
3062.6527696129924,595.0703125,48.76
3062.8851331989863,456.70458984375,36.06
3063.1160072299826,589.4453125,50.6
3063.3467044869903,595.0703125,49.29
3063.5784266289847,595.0703125,48.88
3063.8109373059997,724.4423828125,42.81
3064.044459806988,595.0703125,47.83
3064.278559147002,595.0703125,49.15
3064.510786327999,456.70458984375,25.52
3064.7442975849845,595.0703125,49.17
3064.976747148001,595.0703125,49.24
3065.207782307989,456.705078125,50.19
3065.437813116994,746.9423828125,52.31
3065.6668184119917,595.0703125,49.74
3065.900735111005,595.0703125,49.06
3066.134148726007,1029.69091796875,39.83
3066.365364222991,595.0703125,50.11
3066.5984734589874,595.0703125,49.16
3066.833466866985,456.70458984375,28.2
3067.0676339549827,595.0703125,48.69
3067.3027376460086,595.0703125,49.04
3067.5329132409825,492.419921875,50.8
3067.7671642809873,724.4423828125,50.81
3067.9986506309942,615.45556640625,48.88
3068.2331759469816,595.0703125,49.28
3068.4651302490092,1029.69091796875,30.48
3068.696425995993,595.0703125,49.56
3068.9274673019827,595.0703125,48.79
3069.163430768007,456.70458984375,28.36
3069.3945499509864,589.4453125,48.65
3069.6307420849917,595.0703125,49.57
3069.8617228369985,492.419921875,50.08
3070.095445929008,724.4423828125,48.13
3070.328039929009,595.0703125,49.43
3070.560008200002,595.0703125,49.56
3070.7938720269885,984.69091796875,19.9
3071.02557230799,595.0703125,50.51
3071.257135207008,595.0703125,49.72
3071.4886731709994,456.70458984375,41.39
3071.7200161319925,589.4453125,52.93
3071.956942393008,595.0703125,48.84
3072.1876962929964,489.607421875,49.48
3072.419873325998,724.4423828125,45.53
3072.6509905529965,595.0703125,48.8
3072.8855933949817,595.0703125,48.98
3073.118210582994,984.69091796875,25.57
3073.3528618270066,595.0703125,50.12
3073.5850240539876,595.0703125,49.41
3073.8177386040043,456.70458984375,49.78
3074.0505062360025,746.9423828125,54.2
3074.28176377801,595.0703125,49.92
3074.5122427739843,595.0703125,50.07
3074.747895574983,724.4423828125,38.63
3074.980769857997,595.0703125,47.57
3075.2125888729934,595.0703125,49.56
3075.444751308998,456.70458984375,27.47
3075.6767082659935,595.0703125,48.86
3075.9088683270093,595.0703125,49.17
3076.1401167899894,456.705078125,50.5
3076.370165478991,724.4423828125,49.17
3076.6000738519942,595.0703125,49.15
3076.8334929849952,595.0703125,48.99
3077.0651017710043,1029.69091796875,25.93
3077.2952555039956,595.0703125,49.9
3077.527540445997,595.0703125,48.76
3077.7611165879935,456.70458984375,30.65
3077.9942081540066,593.759765625,49.15
3078.2299261890003,595.0703125,48.93
3078.461708955001,492.419921875,50.0
3078.6960711169813,724.4423828125,48.85
3078.9278187519812,595.0703125,49.65
3079.1587373430084,595.0703125,49.28
3079.390633465984,1029.69091796875,20.52
3079.621159675007,595.0703125,50.76
3079.850171744998,595.0703125,49.0
3080.0856756400026,456.70458984375,45.96
3080.3170314529852,746.9423828125,50.92
3080.554261462996,476.94091796875,48.43
3080.7860834120074,489.607421875,49.35
3081.018741109001,724.4423828125,45.59
3081.2525823070027,595.0703125,49.57
3081.4858141889854,595.0703125,49.22
3081.718439618009,984.69091796875,22.44
3081.949842645001,595.0703125,49.85
3082.1806832209986,595.0703125,49.56
3082.413753623987,456.70458984375,49.04
3082.6476317689812,746.9423828125,51.09
3082.8817586969817,595.0703125,48.97
3083.115055672999,595.0703125,49.43
3083.349389267998,724.4423828125,33.04
3083.5790589859826,595.0703125,49.58
3083.809515142988,595.0703125,50.07
3084.0401643469813,1029.69091796875,21.35
3084.2720892450016,595.0703125,50.37
3084.5023332170094,595.0703125,49.24
3084.736568471999,456.70458984375,45.92
3084.9712491899845,746.9423828125,50.79
3085.205201928009,595.0703125,50.01
3085.4393447109906,595.0703125,49.09
3085.6748224839976,522.29345703125,33.04
3085.9067348800017,595.0703125,48.8
3086.1401079159987,595.0703125,49.09
3086.376869694999,456.70458984375,33.54
3086.608992878988,595.0703125,48.31
3086.8428612459975,595.0703125,49.52
3087.075191445998,456.70458984375,44.07
3087.3074697529955,589.4453125,52.38
3087.53701542801,595.0703125,49.02
3087.7711661729845,489.607421875,49.78
3088.0027743300016,724.4423828125,35.78
3088.2364291849954,595.0703125,49.46
3088.469139823981,595.0703125,48.95
3088.7063854789885,456.70458984375,33.29
3088.936008750985,595.0703125,48.76
3089.1666824010026,595.0703125,49.18
3089.398149822984,456.70458984375,50.67
3089.6325582209975,746.9423828125,48.97
3089.8630915549875,595.0703125,49.33
3090.095416447002,595.0703125,49.35
3090.328166547988,724.4423828125,35.3
3090.562812065007,595.0703125,49.74
3090.795675800997,595.0703125,48.86
3091.0295841179905,456.70458984375,33.16
3091.260421271989,595.07080078125,49.28
3091.492545363988,595.0703125,49.53
3091.72465485899,456.70458984375,50.01
3091.9560801659827,724.4423828125,47.15
3092.1913134159986,595.0703125,49.41
3092.4221819299855,595.0703125,49.32
3092.6542845799995,1029.69091796875,22.62
3092.886483195005,599.52001953125,49.83
3093.1187496290077,595.0703125,49.61
3093.3517885330075,456.70458984375,35.19
3093.5863678379974,595.0703125,50.93
3093.81968206499,595.0703125,49.73
3094.050709123985,492.419921875,49.36
3094.284332479001,724.4423828125,43.76
3094.5140391440073,595.0703125,49.56
3094.746763960982,595.0703125,49.28
3094.9796119820094,1029.69091796875,23.86
3095.2137039189984,595.0703125,48.68
3095.4433316600043,595.0703125,49.62
3095.6765564180096,456.70458984375,41.53
3095.9078029250086,589.4453125,50.61
3096.136909633002,595.0703125,50.0
3096.368445781991,489.607421875,49.89
3096.599746138003,724.4423828125,42.56
3096.832563497999,595.0703125,48.96
3097.06453009299,595.0703125,49.04
3097.299415591988,984.69091796875,28.61
3097.531840710988,595.0703125,48.83
3097.764134174009,595.0703125,48.92
3097.996638913988,456.70458984375,50.72
3098.2276156150037,746.9423828125,48.47
3098.4607743009983,595.0703125,49.7
3098.692812485009,482.56396484375,49.83
3098.9248807019903,724.4423828125,35.35
3099.157619767997,716.70556640625,48.88
3099.387507815991,595.0703125,49.04
3099.6265837239916,465.68896484375,28.31
3099.8613126339915,595.0703125,49.28
3100.0938854709966,595.0703125,49.61
3100.3282025129884,456.70458984375,50.66
3100.562566001987,746.9423828125,48.72
3100.795990512008,595.0703125,48.82
3101.0262838630006,595.0703125,49.0
3101.2638380179997,724.4423828125,26.56
3101.4952665370074,595.0703125,48.94
3101.7269790410064,595.0703125,49.85
3101.9600066310086,1029.69091796875,27.9
3102.194504357991,595.0703125,49.33
3102.428230663005,595.0703125,49.1
3102.659286915994,456.70458984375,50.6
3102.8904101490043,544.43896484375,52.3
3103.122714647994,595.0703125,49.19
3103.3524516239995,595.0703125,49.11
3103.5904344790033,724.4423828125,27.56
3103.823936236993,595.0703125,49.2
3104.057202202006,595.0703125,49.31
3104.2943314279837,456.70458984375,39.67
3104.526351034001,595.0703125,50.13
3104.761476935004,595.0703125,48.84
3104.993651664001,456.70458984375,49.2
3105.2299855809833,589.4453125,50.6
3105.4616765030078,595.0703125,49.19
3105.6942028939957,489.607421875,49.42
3105.925516521005,724.4423828125,30.07
3106.1558396960027,595.0703125,49.13
3106.386535416008,595.0703125,49.12
3106.624180646002,456.70458984375,37.28
3106.85854951301,595.0703125,49.42
3107.0929524620005,595.0703125,49.97
3107.324254564999,456.70458984375,49.51
3107.558325547987,746.9423828125,48.1
3107.7889878829883,595.0703125,49.26
3108.021027045994,489.607421875,49.25
3108.2520096829976,724.4423828125,27.9
3108.485668031004,595.0703125,48.78
3108.7174919350073,595.0703125,49.35
3108.9519796049863,456.70458984375,39.44
3109.185509229981,595.0703125,49.51
3109.4202899640077,595.0703125,49.39
3109.650127725996,456.70458984375,49.25
3109.881696630997,746.9423828125,49.49
3110.114053302008,595.0703125,49.38
3110.3440649039985,595.0703125,49.67
3110.5766936859873,1029.69091796875,24.06
3110.8137154929864,595.0703125,49.29
3111.0475216220075,595.0703125,49.63
3111.2835528200085,456.70458984375,41.31
3111.5188985060086,595.0703125,48.92
3111.750446468999,595.0703125,49.49
3111.9859552389826,456.70458984375,48.84
3112.216283529997,746.9423828125,50.12
3112.4505838729965,595.0703125,49.41
3112.682721101999,595.0703125,49.5
3112.915167528001,1029.69091796875,42.85
3113.148039227992,595.0703125,48.07
3113.383076626982,595.0703125,50.17
3113.616367526003,456.70458984375,50.56
3113.8466864579823,595.0703125,49.5
3114.0781567549857,595.0703125,49.44
3114.3136042729893,456.705078125,49.99
3114.544759855984,746.9423828125,49.74
3114.778925680992,595.0703125,48.71
3115.013062241982,595.0703125,49.46
3115.2467362319876,1029.69091796875,45.72
3115.4807851389924,595.0703125,49.72
3115.7135101690073,595.0703125,49.16
3115.946445078007,456.70458984375,51.04
3116.1807242590003,595.0703125,50.67
3116.4157262469816,595.0703125,48.56
3116.647483948007,456.70458984375,49.62
3116.8817983999907,746.9423828125,49.76
3117.1138240199944,595.0703125,49.83
3117.347007151984,595.0703125,49.52
3117.57852410301,724.4423828125,52.52
3117.8125957800075,595.0703125,49.33
3118.0452624209865,595.0703125,49.01
3118.28131338401,456.70458984375,24.63
3118.51283997501,595.0703125,49.94
3118.746102726989,595.0703125,49.59
3118.977690850006,456.705078125,50.04
3119.2115659870033,746.9423828125,52.04
3119.443341079983,595.0703125,49.28
3119.675715286983,595.0703125,49.97
3119.9072182709933,724.4423828125,48.94
3120.140975722985,595.0703125,49.6
3120.371960329998,595.0703125,49.34
3120.6085367229825,456.70458984375,25.89
3120.838679859997,595.0703125,50.06
3121.073289817985,595.0703125,48.99
3121.3039997319866,456.70458984375,49.59
3121.537252915994,746.9423828125,51.67
3121.7671667569957,595.0703125,49.55
3121.9981995550042,595.0703125,49.54
3122.230113355996,1029.69091796875,43.61
3122.463059509988,595.0703125,50.73
3122.695440351992,595.0703125,48.62
3122.931281158002,984.69091796875,30.13
3123.1637344970077,595.0703125,49.09
3123.395546607004,595.0703125,49.1
3123.6268309809966,456.70458984375,48.94
3123.860937788995,746.9423828125,49.64
3124.0924298760074,595.0703125,48.96
3124.325042737997,599.384765625,48.95
3124.557864011993,1029.69091796875,41.24
3124.7922352459864,595.0703125,47.97
3125.0225428630074,595.0703125,49.7
3125.256272586994,456.70458984375,23.85
3125.486852453003,595.0703125,50.39
3125.7227522059984,595.0703125,48.48
3125.954447258002,456.70458984375,49.89
3126.189629231987,746.9423828125,49.95
3126.4202831309813,595.0703125,49.41
3126.6515409649874,595.0703125,49.59
3126.8844546409964,1029.69091796875,40.46
3127.117357351992,595.0703125,47.78
3127.3526929809886,595.0703125,49.19
3127.5864312959893,456.70458984375,27.84
3127.818633410003,589.4453125,48.27
3128.0522580899997,595.0703125,49.22
3128.2828862879833,489.607421875,49.96
3128.51318545299,724.4423828125,47.19
3128.7435349059815,595.0703125,49.14
3128.974835414003,595.0703125,48.23
3129.2066943880054,1029.69091796875,30.06
3129.4400243299897,595.0703125,49.71
3129.669765589002,595.0703125,48.92
3129.9035811499925,456.70458984375,38.0
3130.1366500179865,746.9423828125,50.0
3130.37469661099,635.70556640625,49.18
3130.607349492988,595.0703125,49.54
3130.8411397720047,1029.69091796875,40.07
3131.0713231370028,595.0703125,49.19
3131.304410652985,595.0703125,49.11
3131.5360455710033,456.70458984375,23.77
3131.7724388350034,595.0703125,50.03
3132.0104176809837,595.0703125,49.6
3132.241890840989,456.70458984375,40.1
3132.47368360401,746.9423828125,50.51
3132.706751632999,595.0703125,49.16
3132.9393267100095,595.0703125,49.41
3133.1737449489883,724.4423828125,39.71
3133.404067372001,595.0703125,49.47
3133.633784045989,595.0703125,49.49
3133.866804511985,456.70458984375,28.6
3134.10150680301,595.0703125,48.69
3134.3330136279983,595.0703125,49.01
3134.563913514983,456.70458984375,48.19
3134.799835059006,746.9423828125,53.27
3135.031758778001,595.0703125,49.04
3135.2665751930035,595.0703125,49.82
3135.4995106599818,724.4423828125,39.13
3135.7304387640033,595.0703125,49.76
3135.9615111640014,595.07080078125,49.42
3136.193910934002,456.70458984375,29.46
3136.4248265360075,589.4453125,49.04
3136.660025760997,595.0703125,49.17
3136.8901377469883,492.419921875,50.53
3137.1248750299856,724.4423828125,48.26
3137.3560271209863,595.0703125,49.53
3137.590066878998,595.0703125,50.22
3137.8201860589907,1029.69091796875,29.59
3138.0548888389894,595.0703125,48.27
3138.287211921008,595.0703125,49.38
3138.5215278390097,456.70458984375,34.59
3138.752649828006,589.4453125,50.03
3138.9851848149847,595.0703125,49.2
3139.2173480259953,489.607421875,49.05
3139.4492029490066,724.4423828125,45.76
3139.6819036039815,595.0703125,49.44
3139.916333575995,595.0703125,48.67
3140.1500714719878,758.18896484375,22.18
3140.381627395982,595.0703125,50.41
3140.613877841999,595.0703125,49.11
3140.845665925008,456.70458984375,38.82
3141.0781281350064,589.4453125,50.44
3141.3096286740038,595.0703125,49.41
3141.5402584069816,489.607421875,49.09
3141.7723958459974,724.4423828125,46.24
3142.0028560709907,595.0703125,49.51
3142.234613003995,595.0703125,49.22
3142.467918151,984.69091796875,25.26
3142.702614574984,595.0703125,49.79
3142.9348758459964,595.0703125,49.57
3143.167970626004,456.70458984375,48.81
3143.400638942985,746.9423828125,50.65
3143.6350984589953,595.0703125,50.1
3143.8653914089955,489.607421875,50.25
3144.0971000109857,724.4423828125,45.31
3144.330797258008,595.0703125,49.88
3144.564487102005,595.0703125,49.2
3144.797683363984,1029.69091796875,22.86
3145.028877361008,595.0703125,50.33
3145.2600594850082,595.0703125,48.81
3145.4931696999993,456.70458984375,46.43
3145.724949402007,746.9423828125,51.11
3145.9566982329998,595.0703125,49.32
3146.186514642992,595.0703125,48.57
3146.421238863986,724.4423828125,38.36
3146.6528056149837,615.45556640625,49.03
3146.885033291008,595.0703125,48.68
3147.1169012050086,1029.69091796875,22.87
3147.3541917460097,595.0703125,49.98
3147.585946653009,595.0703125,49.71
3147.8195121760073,456.70458984375,41.58
3148.049287728005,589.4453125,51.59
3148.2818132149987,595.0703125,49.0
3148.513835831982,595.0703125,49.69
3148.748530790006,724.4423828125,37.09
3148.9818718369934,595.0703125,49.73
3149.214728730003,595.0703125,49.73
3149.448100718,456.70458984375,29.17
3149.679821263009,595.0703125,48.08
3149.912855976989,599.52001953125,49.83
3150.144726544997,456.70458984375,44.07
3150.3780908499903,746.9423828125,51.62
3150.609868386993,595.0703125,49.88
3150.8412327319966,595.0703125,49.12
3151.0764114229823,724.4423828125,35.04
3151.3068065530097,595.0703125,48.67
3151.537748417002,595.0703125,49.39
3151.7712135750044,456.70458984375,34.81
3152.0062351189845,595.0703125,48.71
3152.2365329579916,595.0703125,49.45
3152.4695522369875,456.70458984375,50.6
3152.7034977769945,746.9423828125,52.76
3152.9355002789816,595.0703125,49.91
3153.167106140987,595.0703125,49.72
3153.4042620940018,1029.69091796875,34.2
3153.634083741985,595.0703125,49.27
3153.86568960399,595.0703125,49.35
3154.0980418109975,456.70458984375,34.65
3154.3303472230036,589.4453125,49.84
3154.563002059993,595.0703125,49.69
3154.7961444029934,492.419921875,49.26
3155.029828519997,724.4423828125,46.02
3155.2620129630086,595.0703125,49.56
3155.4970906619856,595.0703125,49.79
3155.729147012986,1029.69091796875,21.9
3155.9617986369994,595.0703125,50.0
3156.1937403059856,595.0703125,49.13
3156.4288951809867,456.70458984375,35.83
3156.6625887260016,589.4453125,50.9
3156.8988710099948,595.0703125,49.31
3157.1296827549813,492.419921875,48.67
3157.3662213640055,724.4423828125,44.4
3157.597338463005,595.0703125,48.98
3157.829887,595.0703125,49.58
3158.0608377330063,1029.69091796875,24.63
3158.29469101,595.0703125,49.61
3158.526507448987,595.0703125,49.85
3158.7602595229982,456.70458984375,39.81
3158.993722307001,595.0703125,51.17
3159.2267934799893,595.0703125,49.1
3159.4575598969823,495.01611328125,49.09
3159.691550135991,724.4423828125,46.77
3159.9243142780033,595.0703125,48.95
3160.1593653660093,595.0703125,49.48
3160.3902211120003,1029.69091796875,22.33
3160.621216893982,595.0703125,50.5
3160.851948249998,595.0703125,48.71
3161.0881653699907,456.70458984375,43.85
3161.3178833010024,589.4453125,50.44
3161.551777924993,595.0703125,49.38
3161.7809534530097,492.419921875,49.55
3162.0134326349944,724.4423828125,44.6
3162.2447864330024,595.0703125,49.35
3162.4760897349915,595.0703125,49.2
3162.710638160992,989.00537109375,25.06
3162.942522208992,595.0703125,48.58
3163.1744142189855,595.0703125,49.03
3163.4069429899973,456.70458984375,50.05
3163.640816520987,746.9423828125,50.7
3163.8730004059908,595.0703125,49.13
3164.1093221509946,595.0703125,49.51
3164.347694213997,1029.69091796875,26.57
3164.580688768998,595.0703125,49.54
3164.8137292799947,595.0703125,49.47
3165.0472642820096,984.69091796875,29.21
3165.280395659007,595.0703125,48.75
3165.511952072993,595.0703125,49.4
3165.745416113001,456.70458984375,50.59
3165.980757399986,746.9423828125,49.35
3166.2154050039826,595.0703125,49.37
3166.450443659007,595.0703125,49.44
3166.685716289998,1029.69091796875,20.03
3166.9177720820007,595.0703125,49.39
3167.1492529950046,595.0703125,49.85
3167.3811361349944,456.70458984375,45.67
3167.6124579449825,595.0703125,48.92
3167.8468944829947,595.0703125,49.19
3168.0787065920013,456.70458984375,48.94
3168.314049484994,746.9423828125,48.48
3168.5448894469882,599.384765625,49.28
3168.7807465950027,599.384765625,49.35
3169.01467076299,1029.69091796875,23.58
3169.2460710069863,595.0703125,49.23
3169.478102283989,595.0703125,48.94
3169.7104616150027,456.70458984375,47.24
3169.942427937989,589.4453125,49.58
3170.175406288996,595.0703125,49.03
3170.405359870987,492.419921875,49.62
3170.636178529996,724.4423828125,51.69
3170.868829805986,595.0703125,49.75
3171.1021580020024,595.0703125,48.86
3171.335793507984,1029.69091796875,23.09
3171.569463655993,595.0703125,49.85
3171.802485588996,595.0703125,49.4
3172.0349444460007,456.70458984375,47.8
3172.266750199982,589.4453125,49.65
3172.5001140859968,476.94091796875,49.24
3172.7314092160086,492.419921875,49.37
3172.9621715119865,724.4423828125,32.41
3173.194228212,595.0703125,49.33
3173.429301509983,595.0703125,48.88
3173.660948859004,1029.69091796875,34.25
3173.8934825189936,595.0703125,48.07
3174.125451775006,595.0703125,49.26
3174.3600291170005,456.70458984375,50.28
3174.594544577005,589.4453125,50.78
3174.8265208179946,595.0703125,49.35
3175.057769831008,489.607421875,48.93
3175.291087388003,724.4423828125,50.76
3175.523688407993,595.0703125,48.98
3175.755430196994,595.0703125,49.44
3175.989743740007,984.69091796875,40.51
3176.2224693629832,595.0703125,49.01
3176.453819322982,595.0703125,49.01
3176.6861770029936,456.70458984375,50.11
3176.917481773009,589.4453125,49.31
3177.1512431239826,595.0703125,49.33
3177.382513040997,489.607421875,49.51
3177.616888538003,724.4423828125,29.46
3177.8486911609943,599.52001953125,48.93
3178.0806605049875,493.81982421875,49.07
3178.314949811989,984.69091796875,39.97
3178.5478946779913,595.0703125,49.58
3178.780742597999,595.0703125,49.16
3179.0128805470013,456.70458984375,49.38
3179.245598556008,746.9423828125,49.35
3179.4778763339855,595.0703125,50.33
3179.708118345996,489.607421875,48.93
3179.9373591330077,724.4423828125,27.57
3180.1700158189924,595.0703125,48.95
3180.403769975994,595.0703125,48.99
3180.6402803469973,984.69091796875,36.47
3180.874230977992,595.0703125,49.08
3181.1045284459833,595.0703125,49.15
3181.3376727880095,456.70458984375,48.79
3181.5693936939933,746.9423828125,49.38
3181.8003067039826,595.0703125,49.49
3182.030969949992,595.0703125,49.47
3182.2640123190067,1029.69091796875,27.63
3182.495516146999,595.0703125,49.92
3182.7283553369925,595.0703125,50.24
3182.963090114994,456.70458984375,39.8
3183.196890858002,595.0703125,48.78
3183.4309267689823,595.0703125,49.33
3183.664839682984,456.70458984375,49.97
3183.8973064610036,746.9423828125,49.53
3184.1319767019886,595.0703125,49.63
3184.3654359040083,595.0703125,49.57
3184.603234492999,1029.69091796875,47.05
3184.833684013982,595.0703125,50.03
3185.064621609985,595.0703125,49.76
3185.298297750007,456.70458984375,50.11
3185.5324588929943,595.0703125,50.94
3185.7656221629877,595.0703125,49.07
3185.9970542599913,456.70458984375,49.85
3186.2339748299855,746.9423828125,49.37
3186.4648209300067,516.31982421875,49.04
3186.698207214009,516.31982421875,48.63
3186.931201319996,1029.69091796875,42.36
3187.165617605002,595.0703125,47.39
3187.3993431959825,595.0703125,49.23
3187.632761957997,456.70458984375,26.7
3187.8644239839923,589.4453125,48.57
3188.0974634189915,595.0703125,48.84
3188.329366969003,489.607421875,48.93
3188.5627779089846,724.4423828125,52.93
3188.795436340006,595.0703125,48.95
3189.026629637985,595.0703125,50.15
3189.2574739909905,1029.69091796875,40.85
3189.4900919130014,595.0703125,50.03
3189.7198244769825,595.0703125,49.28
3189.954352305009,456.70458984375,28.69
3190.1902719989885,589.4453125,48.33
3190.4229101070086,595.0703125,49.73
3190.652396257996,489.607421875,49.26
3190.8851173410076,724.4423828125,51.43
3191.1147440900095,595.0703125,49.32
3191.348729432997,476.94091796875,49.39
3191.582529128995,984.69091796875,29.05
3191.815776981006,595.0703125,48.63
3192.047228284995,595.0703125,49.72
3192.2807501379866,456.70458984375,28.15
3192.513822890003,589.4453125,48.55
3192.7489126879955,595.0703125,48.74
3192.9811742620077,489.607421875,48.88
3193.21294880801,724.4423828125,47.04
3193.4450959759997,595.0703125,49.61
3193.6792344889836,595.0703125,49.48
3193.914076618006,456.70458984375,20.2
3194.1465957099863,595.0703125,50.26
3194.3779669720097,595.0703125,48.71
3194.6116645550064,456.70458984375,46.0
3194.8448314569832,746.9423828125,51.49
3195.079111055995,595.0703125,48.53
3195.314273911994,595.0703125,49.93
3195.550748662994,1029.69091796875,40.17
3195.783077078988,595.0703125,49.88
3196.0146230229875,595.0703125,49.55
3196.2458958039933,456.70458984375,29.85
3196.4775091479823,589.4453125,48.89
3196.7148596830084,595.0703125,50.43
3196.9475325729873,492.419921875,50.79
3197.18046039599,724.4423828125,48.83
3197.4128860349883,595.0703125,49.57
3197.647273545008,595.0703125,49.97
3197.8841258070024,1029.69091796875,30.9
3198.1158501349855,595.0703125,49.89
3198.350871275994,595.0703125,48.9
3198.583084935992,456.70458984375,29.39
3198.8147561819933,595.0703125,48.29
3199.0471628230007,595.0703125,49.03
3199.2808020859957,456.705078125,50.53
3199.513182325987,724.4423828125,50.63
3199.7499006949947,595.0703125,48.54
3199.982061343995,595.0703125,49.72
3200.2176612890034,1029.69091796875,28.19
3200.4486653769854,595.0703125,49.64
3200.681268630986,595.0703125,50.57
3200.917095641984,465.68896484375,26.56
3201.148793497996,595.0703125,49.37
3201.378407187003,595.0703125,48.8
3201.6121589689865,456.70458984375,45.83
3201.846693081985,746.9423828125,50.7
3202.0823970960046,595.0703125,49.05
3202.317493251001,595.0703125,49.29
3202.5526230009855,724.4423828125,34.03
3202.787438867992,595.0703125,48.51
3203.0223640429904,595.0703125,48.8
3203.256958502985,456.70458984375,34.17
3203.4939098739997,595.0703125,50.49
3203.7256205820013,595.0703125,49.86
3203.9602904040075,456.70458984375,48.19
3204.191556968988,589.4453125,52.96
3204.422275532008,595.0703125,49.75
3204.653917093994,595.0703125,49.88
3204.8895634159853,724.4423828125,30.38
3205.122671577992,595.0703125,49.47
3205.3554476989957,595.0703125,49.93
3205.5964107459877,456.70458984375,35.22
3205.8294559780043,595.0703125,48.83
3206.062782125984,595.0703125,49.62
3206.2943461599934,456.70458984375,49.44
3206.528388984996,746.9423828125,45.74
3206.7607598659815,595.0703125,50.22
3206.991282653995,489.607421875,49.74
3207.221205265989,724.4423828125,32.1
3207.4542750139954,595.0703125,48.83
3207.6846702650073,595.0703125,49.12
3207.917790859996,984.69091796875,34.43
3208.1518292149995,595.0703125,49.02
3208.3853466679866,595.0703125,49.65
3208.6193021179934,456.70458984375,51.85
3208.85052677599,589.4453125,50.81
3209.082078726002,595.0703125,48.5
3209.31523131,489.607421875,49.26
3209.546668645984,724.4423828125,32.63
3209.7801766699995,595.0703125,48.65
3210.0127784569922,595.0703125,50.13
3210.246668742009,1029.69091796875,21.56
3210.480414168007,595.0703125,49.39
3210.7143157669925,595.0703125,49.37
3210.9475488119933,456.70458984375,44.2
3211.1792003620067,589.4453125,51.0
3211.4121539579937,595.0703125,48.86
3211.6455895529944,489.607421875,49.17
3211.878781179985,724.4423828125,37.48
3212.1114137689874,595.0703125,48.99
3212.342008078005,595.0703125,49.5
3212.5752759059833,1029.69091796875,29.03
3212.8053658650024,595.0703125,50.0
3213.039459257998,595.0703125,50.31
3213.280692255008,456.70458984375,42.1
3213.5117902850034,589.4453125,49.36
3213.7451080509927,595.0703125,49.24
3213.976570252009,492.419921875,48.98
3214.2077925349877,724.4423828125,32.6
3214.437595641997,595.0703125,49.23
3214.671117007005,595.0703125,50.05
3214.9050366260053,984.69091796875,34.32
3215.1365079059906,595.0703125,48.94
3215.3691368630098,595.0703125,49.69
3215.602294894983,456.70458984375,50.09
3215.8331914919836,589.4453125,50.29
3216.0701979709847,595.0703125,49.03
3216.301161829004,492.419921875,48.91
3216.5351734340074,724.4423828125,37.35
3216.765669121989,595.0703125,49.09
3216.9986752409895,595.0703125,49.83
3217.2303005989816,1029.69091796875,30.89
3217.46485685301,595.0703125,48.97
3217.6994143649936,595.0703125,49.31
3217.9325129589997,456.70458984375,50.27
3218.164257541008,746.9423828125,48.57
3218.3962692109926,595.0703125,49.35
3218.6271435969975,489.607421875,49.59
3218.8622310209903,724.4423828125,30.72
3219.0936085690046,595.0703125,49.17
3219.3253951990046,595.0703125,48.97
3219.5556624940073,1029.69091796875,30.71
3219.792469356995,595.0703125,48.46
3220.024845826003,595.0703125,49.38
3220.2576605700015,456.70458984375,50.44
3220.4898581659945,589.4453125,50.5
3220.721939679992,595.0703125,48.94
3220.9522868779895,489.607421875,49.08
3221.1870065699914,724.4423828125,20.8
3221.4191336219956,595.0703125,49.83
3221.653454359999,595.0703125,49.27
3221.8855199499812,1029.69091796875,33.69
3222.118818508985,595.0703125,49.02
3222.35063929201,595.0703125,49.2
3222.5847497280047,456.70458984375,50.43
3222.817140094994,589.4453125,50.56
3223.051425071986,595.0703125,49.0
3223.283597384987,489.607421875,49.52
3223.5159042879823,724.4423828125,52.28
3223.749263471982,595.0703125,49.36
3223.9820638989913,595.0703125,48.88
3224.218835838983,984.69091796875,37.99
3224.450398964982,595.0703125,50.2
3224.6848756659892,595.0703125,49.21
3224.9183296310075,456.70458984375,50.68
3225.152761979989,589.4453125,49.78
3225.390089605993,595.0703125,48.71
3225.6209593130043,489.607421875,49.03
3225.8557894289843,724.4423828125,52.02
3226.086808883003,595.0703125,48.78
3226.3164104179887,595.0703125,49.18
3226.5505769389856,984.69091796875,30.73
3226.785707875999,595.0703125,48.68
3227.017074108997,595.0703125,48.74
3227.250333974982,456.70458984375,49.39
3227.483979173994,746.9423828125,49.77
3227.715777746984,595.0703125,49.65
3227.945326199988,489.607421875,49.25
3228.177061981987,724.4423828125,51.49
3228.409327886009,595.0703125,48.92
3228.640050499991,595.0703125,49.11
3228.8760738440033,984.69091796875,42.1
3229.108649509988,595.0703125,49.44
3229.3392149029823,595.0703125,49.39
3229.571779183985,456.70458984375,49.18
3229.8056138019892,746.9423828125,48.61
3230.039456731989,595.0703125,48.65
3230.272969785001,595.0703125,49.49
3230.509039295983,724.4423828125,48.1
3230.738768018986,595.0703125,49.37
3230.973334331007,595.0703125,49.1
3231.2051555329817,1029.69091796875,36.4
3231.442631299986,595.0703125,50.01
3231.674978363997,595.0703125,49.26
3231.906280619005,456.70458984375,32.97
3232.138017449004,589.4453125,49.13
3232.3711387430085,595.0703125,49.03
3232.603046203003,533.18896484375,49.38
3232.8352654509945,724.4423828125,52.29
3233.0680833389924,595.0703125,49.7
3233.3011079669814,595.0703125,49.44
3233.5375155269867,456.70458984375,26.11
3233.7680627609952,595.0703125,49.68
3234.0030984999903,595.0703125,49.49
3234.2373014790064,456.70458984375,29.48
3234.469451021985,589.4453125,48.28
3234.7060107739817,595.0703125,49.59
3234.9401335020084,489.607421875,49.37
3235.172545801004,724.4423828125,48.57
3235.4048860199982,595.0703125,49.47
3235.637446809007,595.0703125,49.48
3235.8746795149927,984.69091796875,24.8
3236.1082140799845,595.0703125,49.09
3236.3387881339877,599.384765625,49.22
3236.571347735997,456.70458984375,36.21
3236.8055880120082,589.4453125,49.28
3237.0364121809835,595.0703125,49.59
3237.269393085997,489.607421875,50.0
3237.504073663993,724.4423828125,53.41
3237.735859804001,595.0703125,48.81
3237.9676509739948,595.0703125,49.09
3238.2014140709944,1029.69091796875,29.5
3238.4324129899906,626.70556640625,49.0
3238.667014852981,595.0703125,49.53
3238.9008142699895,456.70458984375,37.27
3239.1331591680064,505.06396484375,50.02
3239.3651440870017,595.0703125,48.87
3239.595709479996,595.0703125,49.86
3239.826971706003,724.4423828125,49.15
3240.0616044439957,595.0703125,49.44
3240.2943600660074,595.0703125,49.04
3240.527934954007,1029.69091796875,27.59
3240.7603544179874,595.0703125,49.66
3240.9910421120003,595.0703125,49.26
3241.222736391006,456.70458984375,39.74
3241.4554410270066,746.9423828125,50.32
3241.6877571229998,595.0703125,49.29
3241.921693451004,595.0703125,49.29
3242.15564863701,724.4423828125,45.1
3242.390713845991,595.0703125,48.88
3242.6202026050014,595.0703125,49.93
3242.855911911989,984.69091796875,25.97
3243.0886154309846,595.0703125,49.12
3243.322603093984,595.0703125,49.55
3243.5553927299916,456.70458984375,34.98
3243.7882044359867,589.4453125,48.95
3244.0205884199822,595.0703125,49.01
3244.253728462005,489.607421875,49.71
3244.486329868989,724.4423828125,48.44
3244.7199458940013,595.0703125,49.98
3244.9533467309957,595.0703125,49.38
3245.188576771994,456.70458984375,22.29
3245.422711735009,595.0703125,51.0
3245.653763732,595.0703125,49.12
3245.887226032006,456.70458984375,37.63
3246.1210096110008,589.4453125,49.56
3246.3538726530096,595.0703125,49.65
3246.584951750003,489.607421875,49.98
3246.8219646170037,724.4423828125,48.67
3247.0529990140058,595.0703125,49.17
3247.2842992359947,595.0703125,49.22
3247.515306602989,1029.69091796875,26.31
3247.7501389539975,595.0703125,49.33
3247.9851123199915,595.0703125,49.28
3248.2194153259916,456.70458984375,40.67
3248.4511964909907,589.4453125,51.76
3248.6842779330036,595.0703125,49.78
3248.916093181004,492.419921875,49.92
3249.1512846679834,724.4423828125,49.65
3249.383582256007,595.0703125,49.06
3249.6150066590053,595.0703125,49.46
3249.8477724780096,1029.69091796875,26.58
3250.082852913998,595.0703125,49.73
3250.31965150201,595.0703125,49.15
3250.552203669009,456.70458984375,41.47
3250.785647949,589.4453125,50.9
3251.0179384829826,595.0703125,49.24
3251.250723229983,489.607421875,49.82
3251.482272513007,724.4423828125,40.3
3251.7141659859917,595.0703125,50.15
3251.9471234559896,595.0703125,49.86
3252.1801898819976,1029.69091796875,22.69
3252.414773730008,595.0703125,49.78
3252.6477590680006,595.0703125,49.45
3252.88029286699,456.70458984375,42.13
3253.1137590770086,589.4453125,51.44
3253.3460858599865,595.0703125,48.98
3253.578135363001,595.0703125,49.15
3253.810792645003,724.4423828125,39.7
3254.0461593699874,595.0703125,50.8
3254.2817866109835,595.0703125,49.27
3254.5182423359947,465.68896484375,29.93
3254.75330091099,716.70556640625,48.86
3254.983916455996,595.0703125,49.44
3255.216003185982,456.70458984375,41.46
3255.4499504090054,589.4453125,52.24
3255.682525835,595.0703125,49.24
3255.913434304006,489.607421875,49.44
3256.1437386949838,724.4423828125,40.97
3256.3759799889813,595.0703125,48.87
3256.6112610159907,595.0703125,49.94
3256.843842517992,984.69091796875,27.66
3257.076317228988,595.0703125,49.51
3257.3077776019927,595.0703125,48.97
3257.541047692008,456.70458984375,49.85
3257.772598512005,505.06396484375,52.32
3258.006617254985,595.0703125,49.9
3258.237851265003,489.607421875,49.81
3258.4678506499913,724.4423828125,38.98
3258.6999773299904,595.0703125,50.05
3258.9337854250043,595.0703125,49.19
3259.168422913004,456.70458984375,30.62
3259.403246603004,595.0703125,49.38
3259.637520065997,595.0703125,49.27
3259.867750353995,456.70458984375,50.33
3260.0991398360056,746.9423828125,46.72
3260.333313980984,595.0703125,49.02
3260.565150321985,595.0703125,49.3
3260.798944168986,1029.69091796875,21.76
3261.0306800740073,595.0703125,50.09
3261.2648999670055,595.0703125,48.86
3261.5016803260078,456.70458984375,34.74
3261.733451153006,595.0703125,49.03
3261.9671703369822,595.0703125,49.48
3262.1988498790015,456.705078125,48.97
3262.431664379983,724.4423828125,43.78
3262.6652585440024,595.0703125,49.23
3262.900204878999,595.0703125,49.09
3263.130105714983,1029.69091796875,25.05
3263.3656096819905,595.0703125,49.89
3263.596665660996,595.0703125,50.33
3263.830587042001,456.70458984375,40.26
3264.059990590991,595.0703125,50.96
3264.2979409690015,595.0703125,49.54
3264.53108003299,456.70458984375,49.17
3264.7643306359823,746.9423828125,47.47
3264.997594929009,595.0703125,49.42
3265.231621565006,595.0703125,49.19
3265.4676193959895,1029.69091796875,21.93
3265.699523204996,595.0703125,49.76
3265.934688431007,595.0703125,49.44
3266.1664313910005,456.70458984375,42.6
3266.3966975779913,595.0703125,48.86
3266.628162770008,595.0703125,50.89
3266.8610543780087,456.70458984375,48.96
3267.0923561359814,589.4453125,49.42
3267.3286063119886,595.0703125,49.4
3267.559178762982,489.607421875,49.23
3267.792806382,724.4423828125,28.64
3268.02579646901,595.0703125,49.45
3268.2588911119965,595.0703125,49.17
3268.494280885003,456.70458984375,39.07
3268.723387668986,595.0703125,48.73
3268.9540815079818,595.0703125,49.43
3269.186484350008,456.705078125,49.45
3269.416621466982,746.9423828125,39.81
3269.649494985002,595.0703125,50.08
3269.881150709989,595.0703125,49.54
3270.1161372060014,724.4423828125,21.95
3270.349522817007,595.0703125,49.23
3270.5826020250097,595.0703125,49.18
3270.814787652984,456.70458984375,40.43
3271.0459705370013,595.0703125,49.01
3271.279993401986,595.0703125,49.78
3271.5121003859967,456.70458984375,49.4
3271.742664525984,746.9423828125,49.64
3271.9769940729893,595.0703125,49.35
3272.2087255789957,595.0703125,49.22
3272.4393124179915,1029.69091796875,25.99
3272.6727434280037,595.0703125,49.84
3272.904963070003,595.0703125,50.08
3273.1365514659847,456.70458984375,40.99
3273.3694312000007,595.0703125,48.93
3273.601063457987,595.0703125,49.19
3273.8318888829963,456.705078125,49.26
3274.0629086130066,724.4423828125,38.83
3274.293219779007,499.43896484375,49.15
3274.525114160002,595.0703125,49.5
3274.75542784101,1029.69091796875,28.44
3274.992228385003,595.0703125,49.4
3275.224026660988,595.0703125,49.64
3275.457278101996,456.70458984375,50.38
3275.6898080600076,589.4453125,50.01
3275.9233378279896,595.0703125,50.13
3276.1527260819857,456.705078125,49.75
3276.3851424029854,724.4423828125,40.03
3276.621137649985,595.0703125,49.15
3276.8520253759925,595.0703125,49.29
3277.0828826490033,1029.69091796875,26.31
3277.3146718459902,595.0703125,50.02
3277.5454178579967,595.0703125,49.34
3277.780929089,456.70458984375,50.26
3278.013562345004,589.4453125,49.95
3278.245424108987,595.0703125,49.29
3278.476284106,489.607421875,49.55
3278.7059269399906,724.4423828125,30.9
3278.937278147001,595.0703125,49.73
3279.170813432982,595.0703125,48.81
3279.4026360849966,1029.69091796875,24.05
3279.632964641991,595.0703125,49.26
3279.863954897999,595.0703125,49.18
3280.095891044999,456.70458984375,50.12
3280.3306412599923,589.4453125,51.41
3280.564563130989,595.0703125,49.37
3280.7948256859963,489.607421875,49.38
3281.0260281259834,724.4423828125,33.08
3281.2575670729857,595.0703125,48.91
3281.490125248005,595.0703125,48.9
3281.7225258550025,1029.69091796875,22.49
3281.9548749869864,595.0703125,49.21
3282.1881399779813,595.0703125,49.93
3282.421916922991,456.70458984375,34.4
3282.657925370004,595.0703125,49.5
3282.8901223139837,595.0703125,49.01
3283.121917796001,456.70458984375,51.1
3283.35239393299,746.9423828125,47.57
3283.5844467889983,595.0703125,49.49
3283.815570515988,595.0703125,49.45
3284.049106499995,1029.69091796875,21.02
3284.28355485099,595.0703125,49.35
3284.51587779299,595.0703125,49.19
3284.7482216169883,456.70458984375,41.09
3284.979424126999,595.0703125,49.42
3285.2127306059992,595.0703125,49.11
3285.4470938869927,456.70458984375,50.67
3285.681618576986,746.9423828125,49.63
3285.9172723589872,595.0703125,49.59
3286.1511868259986,595.0703125,48.59
3286.3859733589925,724.4423828125,23.36
3286.6217712979997,595.0703125,49.52
3286.854403086996,595.0703125,49.51
3287.088603634009,456.70458984375,40.98
3287.3188616489933,595.0703125,49.13
3287.549306984991,595.0703125,49.38
3287.781015651999,456.70458984375,49.5
3288.014207308006,746.9423828125,46.96
3288.244510163,595.0703125,48.95
3288.473929216998,489.607421875,49.28
3288.7056197249913,724.4423828125,31.28
3288.937962011987,595.0703125,49.37
3289.1701648230082,595.0703125,49.51
3289.406029670994,456.70458984375,34.3
3289.640919783007,595.0703125,49.5
3289.875501745002,595.0703125,49.46
3290.107693939004,456.70458984375,49.36
3290.3432240269904,746.9423828125,47.25
3290.5771329769923,595.0703125,49.12
3290.8083544149995,595.0703125,50.06
3291.038943419,724.4423828125,25.99
3291.2705902739835,595.0703125,48.61
3291.501778047008,595.0703125,49.48
3291.737569350982,984.69091796875,35.1
3291.968791836989,595.0703125,48.73
3292.20189926101,595.0703125,48.75
3292.43343248,456.70458984375,50.01
3292.669583338982,746.9423828125,49.4
3292.9035135899903,595.0703125,49.5
3293.13620223201,595.0703125,49.53
3293.369943347003,724.4423828125,22.35
3293.6039951959974,595.0703125,48.67
3293.833714020002,595.0703125,49.99
3294.0687613489863,984.69091796875,34.83
3294.300167592999,595.0703125,47.9
3294.5327694900043,595.0703125,49.1
3294.766465905006,456.70458984375,50.41
3294.9963959349843,589.4453125,50.1
3295.227400648,595.0703125,49.42
3295.4590880830074,489.607421875,49.7
3295.6903820879816,724.4423828125,28.75
3295.92383216499,595.0703125,49.02
3296.1556181479828,595.0703125,49.11
3296.394529084995,456.70458984375,36.81
3296.6271670209826,595.0703125,50.21
3296.861981072987,595.0703125,49.52
3297.0953356740065,456.70458984375,50.68
3297.327391322993,589.4453125,49.94
3297.557838615001,595.0703125,49.03
3297.789867304993,489.607421875,48.91
3298.0199889159994,724.4423828125,31.13
3298.2523902219837,595.0703125,49.25
3298.48215374499,595.0703125,49.21
3298.7160191120056,456.70458984375,37.18
3298.9500984089973,595.0703125,49.73
3299.183805790002,595.0703125,49.16
3299.4152010690013,456.70458984375,48.99
3299.6482144129986,746.9423828125,49.63
3299.88163718101,595.0703125,49.35
3300.1135650170036,489.607421875,49.23
3300.3479408709973,724.4423828125,36.59
3300.5799266069953,595.0703125,49.3
3300.8111518860096,595.0703125,49.33
3301.043220666994,1029.69091796875,30.25
3301.2742428409983,595.0703125,48.79
3301.508360553009,595.0703125,49.11
3301.741479082004,456.70458984375,50.69
3301.9748499559937,746.9423828125,48.84
3302.206889750989,595.0703125,49.21
3302.4384507689974,595.0703125,49.79
3302.672659765987,724.4423828125,21.11
3302.9036132140027,595.0703125,49.16
3303.1374310170067,595.0703125,49.43
3303.3688980249863,1029.69091796875,32.59
3303.599685455003,595.0703125,48.17
3303.8321919449954,595.0703125,49.59
3304.0659121070057,456.70458984375,51.18
3304.3005403749994,746.9423828125,48.45
3304.534531879006,595.0703125,49.69
3304.7669661740074,595.0703125,48.77
3305.0008734010044,1440.78759765625,21.43
3305.2326962160005,595.0703125,49.05
3305.4650018590037,595.0703125,49.68
3305.69900770401,456.70458984375,43.06
3305.9318970300083,595.0703125,48.38
3306.163746945007,595.0703125,49.81
3306.397362504009,456.70458984375,50.24
3306.631723433995,746.9423828125,48.33
3306.8667939050065,595.0703125,49.19
3307.099704602995,595.0703125,49.19
3307.3363460649853,1029.69091796875,50.49
3307.567981909,595.0703125,49.47
3307.802326845005,595.0703125,49.89
3308.03957978799,456.70458984375,48.25
3308.271117081982,595.0703125,49.63
3308.505578796001,595.0703125,49.29
3308.7366796380084,456.70458984375,49.66
3308.973359305004,746.9423828125,50.01
3309.2044251549814,595.0703125,49.06
3309.436296440981,595.0703125,49.67
3309.669089662988,724.4423828125,50.62
3309.904638212989,595.0703125,49.15
3310.1372759619844,595.0703125,49.14
3310.3708295009856,456.70458984375,25.06
3310.6024008090026,595.0703125,49.41
3310.8339359379897,595.0703125,49.43
3311.066727273981,456.705078125,49.74
3311.298909014993,746.9423828125,51.05
3311.533782316983,595.0703125,49.16
3311.765900150989,595.0703125,48.93
3312.000938354002,1029.69091796875,47.68
3312.2336300229945,595.0703125,49.51
3312.4660353329964,595.0703125,48.99
3312.7004144929815,456.70458984375,27.06
3312.9315010859864,599.52001953125,49.64
3313.1661316129903,595.0703125,49.1
3313.3996662930003,456.70458984375,49.23
3313.6307786589896,746.9423828125,51.12
3313.863905243983,595.0703125,49.26
3314.097236539994,595.0703125,49.6
3314.330694603006,1029.69091796875,40.62
3314.565632370999,595.0703125,49.93
3314.796857254987,595.0703125,50.1
3315.0314477609936,456.70458984375,20.08
3315.2662578549935,595.0703125,49.71
3315.498524944007,595.0703125,49.36
3315.731997324998,456.70458984375,40.37
3315.965574539994,746.9423828125,51.28
3316.198641058989,595.0703125,49.21
3316.4312230040086,595.0703125,49.41
3316.6649621170072,1029.69091796875,41.15
3316.8975217109837,595.0703125,49.09
3317.1301034459902,595.0703125,49.03
3317.362241185998,456.70458984375,27.43
3317.597390231007,595.0703125,49.54
3317.828505949001,595.0703125,49.79
3318.0611159710097,456.70458984375,40.28
3318.294662733999,746.9423828125,51.2
3318.527229173982,595.0703125,48.92
3318.758014461986,595.0703125,49.65
3318.993741043989,724.4423828125,45.76
3319.2236771739845,476.94091796875,48.95
3319.4556697789812,595.0703125,48.73
3319.6892138179974,456.70458984375,25.54
3319.9214665899926,593.759765625,48.79
3320.1509482490073,493.81982421875,48.96
3320.3819151310017,492.419921875,50.08
3320.614397058991,724.4423828125,52.9
3320.8485472009925,595.0703125,49.67
3321.0823371599836,595.0703125,48.51
3321.3174133579887,1079.78759765625,43.88
3321.5491925909882,595.0703125,48.33
3321.7820232480008,595.0703125,49.12
3322.0156402739813,456.70458984375,25.19
3322.2470176969946,595.0703125,49.76
3322.4779129890085,595.0703125,49.26
3322.708775384992,468.52099609375,49.0
3322.9401257779973,724.4423828125,51.7
3323.1784747059864,595.0703125,49.3
3323.4100512519944,595.0703125,49.37
3323.6418450119963,1029.69091796875,35.23
3323.8725964269834,595.0703125,50.12
3324.1071226070053,595.0703125,49.52
3324.3408131079923,465.68896484375,21.81
3324.5748934069998,595.0703125,49.69
3324.807527944009,595.0703125,49.44
3325.039791610994,456.70458984375,42.93
3325.272219481005,746.9423828125,50.47
3325.504285211995,595.0703125,49.24
3325.7347260320093,595.0703125,48.9
3325.96854197199,1029.69091796875,38.57
3326.2023161469842,595.0703125,49.7
3326.4362230940023,595.0703125,49.45
3326.671827727987,456.70458984375,31.22
3326.906703615008,595.0703125,48.21
3327.1410495979944,595.0703125,49.44
3327.3740735829924,456.70458984375,42.78
3327.607701575005,746.9423828125,52.06
3327.8408224319865,595.0703125,49.26
3328.07356627399,595.0703125,49.27
3328.307152149995,724.4423828125,40.58
3328.5410144669877,595.0703125,48.67
3328.7765750300023,595.0703125,50.02
3329.0134064669837,456.70458984375,27.8
3329.2433522359934,595.0703125,48.99
3329.473271673982,595.0703125,49.06
3329.705790200009,456.70458984375,49.87
3329.9390908349887,746.9423828125,53.92
3330.1701974039897,595.0703125,49.37
3330.4012314759893,489.607421875,48.46
3330.6357520679885,724.4423828125,44.09
3330.866102859989,595.0703125,48.59
3331.096884655999,595.0703125,49.25
3331.331445060001,456.70458984375,25.23
3331.5629855669977,476.93896484375,49.19
3331.793801307009,499.62060546875,49.38
3332.023868044984,456.705078125,49.9
3332.2558145530056,746.9423828125,53.42
3332.4887175679905,595.0703125,49.58
3332.7214514229854,595.0703125,49.62
3332.95715425699,1029.69091796875,38.98
3333.1889363529917,595.0703125,48.35
3333.420042363985,595.0703125,48.9
3333.6536945209955,984.69091796875,24.04
3333.8866803709825,595.0703125,50.65
3334.1203957370017,595.0703125,49.2
3334.350789902004,456.70458984375,44.9
3334.583922422986,746.9423828125,51.87
3334.8167155050032,595.0703125,49.7
3335.050898543006,595.0703125,49.19
3335.2855681119836,1029.69091796875,39.3
3335.51610147499,488.18896484375,50.0
3335.7478318169888,595.0703125,49.67
3335.9827978019894,984.69091796875,22.05
3336.2153234519938,595.0703125,49.75
3336.4491725690023,595.0703125,48.52
3336.682143332,456.70458984375,40.37
3336.913491140993,589.4453125,50.01
3337.144331535994,595.0703125,49.32
3337.3761235499987,595.0703125,49.53
3337.608476616995,724.4423828125,43.36
3337.8446666809905,595.0703125,48.48
3338.076875590981,595.0703125,49.45
3338.3127572950034,456.70458984375,25.22
3338.5428827010037,595.0703125,49.74
3338.7746850519907,595.0703125,49.73
3339.005446942989,456.70458984375,41.67
3339.238278996985,488.37060546875,52.01
3339.4691886770015,595.0703125,49.04
3339.702210427,595.0703125,49.26
3339.933871693007,724.4423828125,46.57
3340.167466579005,595.0703125,49.93
3340.398302435002,595.0703125,49.6
3340.637478030985,456.70458984375,23.08
3340.8677358609857,595.0703125,50.01
3341.099898465007,595.0703125,49.88
3341.331629435008,456.70458984375,34.65
3341.5636181989976,589.4453125,49.86
3341.797065155988,595.0703125,49.65
3342.0289673829975,456.70458984375,46.84
3342.263788023003,746.9423828125,51.77
3342.497579588002,595.0703125,49.03
3342.7303216840082,595.0703125,49.53
3342.9641056369874,724.4423828125,42.99
3343.197277758998,595.0703125,48.54
3343.4329354049987,595.0703125,48.93
3343.6660205030057,456.70458984375,25.59
3343.8972048079886,595.0703125,47.98
3344.1305927470094,595.0703125,49.14
3344.3629423920065,456.705078125,49.89
3344.594398597983,746.9423828125,53.45
3344.825219575985,595.0703125,50.22
3345.0553153689834,595.0703125,49.12
3345.2913251660066,724.4423828125,44.05
3345.523911789991,595.0703125,49.46
3345.755945254001,595.0703125,49.22
3345.991833662003,456.70458984375,22.83
3346.2215520209866,595.0703125,49.95
3346.4527637739957,615.45556640625,48.28
3346.6826955050055,456.70458984375,48.31
3346.913159093994,724.4423828125,52.64
3347.1483608699928,595.0703125,49.05
3347.382197136001,595.0703125,49.04
3347.615038129996,1029.69091796875,31.53
3347.847674413002,595.0703125,50.34
3348.08415383799,595.0703125,48.89
3348.3225523550063,456.70458984375,22.57
3348.5571509629954,595.0703125,49.55
3348.7910243149963,595.0703125,49.32
3349.02601216099,456.70458984375,45.48
3349.260361286986,746.9423828125,50.07
3349.4957831409993,595.0703125,48.76
3349.7282223250077,595.0703125,49.25
3349.9633856180008,1029.69091796875,32.48
3350.1945130710083,595.0703125,48.46
3350.429429815995,595.0703125,49.45
3350.6679926049837,456.70458984375,29.84
3350.8990132659965,595.0703125,47.93
3351.1347034589853,595.0703125,50.01
3351.3672425900004,456.70458984375,43.47
3351.6007084739977,589.4453125,50.34
3351.832425405999,595.0703125,48.97
3352.0653083070065,595.0703125,48.94
3352.3005819529935,724.4423828125,33.95
3352.5333450019825,595.0703125,49.97
3352.76840255101,595.0703125,49.67
3353.0016098750057,456.70458984375,34.39
3353.234894655994,595.0703125,48.8
3353.466548589,595.0703125,49.19
3353.700030048989,456.70458984375,49.27
3353.932099061989,746.9423828125,46.48
3354.165015837003,595.0703125,49.65
3354.396596503997,595.0703125,49.09
3354.6301680619945,724.4423828125,31.12
3354.863874906994,595.0703125,49.38
3355.0958056300005,595.0703125,49.35
3355.3312473889964,456.70458984375,35.51
3355.5663402799983,595.0703125,49.3
3355.8029691010015,595.0703125,49.15
3356.034271231998,456.70458984375,49.4
3356.2686213359993,746.9423828125,47.69
3356.4991123740037,595.0703125,49.65
3356.735700685007,595.0703125,49.8
3356.9690633410064,724.4423828125,21.88
3357.1996291109826,595.0703125,49.83
3357.4308897549927,595.0703125,48.99
3357.6686324409966,456.70458984375,35.29
3357.901624088001,595.0703125,49.65
3358.1369208520046,595.0703125,49.45
3358.3718185999896,456.70458984375,50.31
3358.6044062709843,746.9423828125,49.17
3358.8368373539997,595.0703125,49.69
3359.068467959005,595.0703125,49.71
3359.3029057869862,1029.69091796875,28.0
3359.5336206030042,595.0703125,49.79
3359.7676226070034,595.0703125,49.86
3360.0014715839934,456.70458984375,46.99
3360.234211165982,595.0703125,50.04
3360.4661650070047,595.0703125,49.35
3360.6971804299974,456.705078125,49.36
3360.9304605310026,724.4423828125,50.86
3361.162773299002,595.0703125,49.23
3361.392996626004,595.0703125,49.17
3361.6271800829854,1029.69091796875,34.6
3361.863244078995,595.0703125,48.6
3362.096557006007,595.0703125,49.04
3362.327891823981,456.70458984375,49.4
3362.561066950002,589.4453125,47.76
3362.793361138989,599.52001953125,49.45
3363.0258901419875,489.607421875,49.81
3363.258202420984,724.4423828125,51.31
3363.4912965279946,595.0703125,49.22
3363.725082505989,595.0703125,49.15
3363.955975632998,1029.69091796875,36.19
3364.186152723996,595.0703125,49.43
3364.4181354109896,595.0703125,49.92
3364.651687272999,456.70458984375,49.34
3364.8846562209947,746.9423828125,49.4
3365.1181339089817,595.0703125,49.42
3365.351645750983,595.0703125,49.01
3365.5849094389996,724.4423828125,49.3
3365.818622360006,595.0703125,50.81
3366.049335988995,615.45556640625,49.7
3366.2826277540007,984.69140625,34.63
3366.515110940003,595.0703125,49.84
3366.746074189985,595.0703125,49.24
3366.976879453985,456.70458984375,48.77
3367.212739645998,746.9423828125,48.43
3367.4452305139857,595.0703125,48.79
3367.6776501419954,595.0703125,49.15
3367.910801941005,1029.69091796875,46.43
3368.1423987419985,595.0703125,49.72
3368.3731627280067,595.0703125,49.53
3368.6073412270052,456.70458984375,22.07
3368.8390145059966,595.0703125,50.94
3369.0727239359985,595.0703125,49.52
3369.302903428994,456.70458984375,48.96
3369.535520396981,746.9423828125,48.93
3369.7702216379985,606.31982421875,49.65
3370.004134693998,595.0703125,49.34
3370.238193024008,724.4423828125,49.03
3370.469502029009,595.0703125,50.69
3370.700488147995,595.0703125,49.42
3370.933333085006,456.70458984375,22.74
3371.1648889179924,595.0703125,49.79
3371.3961488929926,595.0703125,49.23
3371.6256017340056,465.689453125,49.28
3371.8616979619837,746.9423828125,50.16
3372.0956564859953,595.0703125,49.21
3372.3265087140026,595.0703125,48.95
3372.560841180006,724.4423828125,49.74
3372.797164958989,595.0703125,49.13
3373.0283559990057,595.0703125,49.94
3373.2640281360073,456.70458984375,23.9
3373.4946283689933,595.0703125,49.49
3373.7250829770055,595.0703125,49.73
3373.9550928899844,456.705078125,50.03
3374.1882960549847,724.4423828125,50.54
3374.4193189110083,595.0703125,49.91
3374.6563067639945,595.0703125,50.12
3374.890625191998,645.68896484375,48.12
3375.1225354810013,595.0703125,49.45
3375.3527238449897,595.0703125,49.77
3375.58892714401,984.69091796875,30.95
3375.8260101229826,595.0703125,48.4
3376.056419611996,595.0703125,48.9
3376.2905780980072,456.70458984375,49.02
3376.5233268610027,746.9423828125,48.78
3376.756194496993,595.0703125,49.44
3376.987990242982,595.0703125,49.09
3377.2248826180003,724.4423828125,48.34
3377.4596504209912,595.0703125,50.0
3377.6908336379856,595.0703125,49.32
3377.9251855909824,984.69091796875,27.1
3378.1593393280054,595.0703125,49.21
3378.388959584001,595.0703125,49.31
3378.621121798991,456.70458984375,31.35
3378.8508116189914,589.4453125,50.14
3379.0833020299906,595.0703125,49.45
3379.315019550995,595.0703125,49.37
3379.549257239996,724.4423828125,49.05
3379.7821318600036,595.0703125,49.38
3380.0136529110023,595.0703125,48.95
3380.249583819008,456.70458984375,25.44
3380.484342680982,595.0703125,50.03
3380.7154737949895,595.0703125,49.49
3380.946014939982,456.70458984375,33.49
3381.178687082982,589.4453125,48.48
3381.410691730998,595.0703125,48.63
3381.641488852998,489.607421875,49.18
3381.8774479779822,724.4423828125,53.01
3382.1063402539876,595.0703125,49.06
3382.3384459659865,595.0703125,49.22
3382.5721503979876,984.69091796875,29.94
3382.8040550999867,595.0703125,49.3
3383.0362946320092,595.0703125,49.03
3383.267271182005,456.70458984375,49.11
3383.5021132279944,746.9423828125,49.97
3383.7355382859823,595.0703125,49.32
3383.9667708830093,595.0703125,48.74
3384.1991307559947,724.4423828125,51.19
3384.431291783985,595.0703125,48.89
3384.661182823009,595.0703125,49.06
3384.8986616760085,456.70458984375,27.8
3385.133235034009,595.0703125,49.89
3385.367353988986,595.0703125,49.04
3385.5991413529846,456.70458984375,49.72
3385.8330625109957,746.9423828125,49.94
3386.069320705981,595.0703125,49.15
3386.3024264389824,595.0703125,48.83
3386.538477688009,1034.78759765625,44.88
3386.7689899170073,595.20556640625,48.64
3387.000075771997,595.0703125,50.01
3387.2329614280025,510.689453125,24.67
3387.4671586779878,595.0703125,50.54
3387.6991771550092,595.0703125,49.44
3387.9327832479903,456.70458984375,41.44
3388.167302196991,746.9423828125,51.44
3388.400861214992,595.0703125,49.43
3388.6362351209973,595.0703125,49.64
3388.8717362809984,724.4423828125,42.17
3389.1080900229863,595.0703125,47.49
3389.3414191860065,595.0703125,49.68
3389.575673148007,456.70458984375,26.35
3389.8112421959813,595.0703125,49.58
3390.0403558069956,595.0703125,49.25
3390.273640200001,456.70458984375,39.58
3390.504762163997,589.4453125,48.24
3390.73462659301,595.0703125,48.93
3390.966054821998,595.0703125,49.17
3391.1987905929855,724.4423828125,47.64
3391.4316397910006,595.0703125,50.08
3391.6639118699823,595.0703125,48.86
3391.8997859259835,456.70458984375,23.61
3392.134041563986,595.0703125,50.46
3392.3671190809982,595.0703125,48.98
3392.601203252998,456.70458984375,44.1
3392.833228365984,746.9423828125,51.25
3393.0689232719888,595.0703125,49.85
3393.301012570999,489.607421875,48.69
3393.536571003002,724.4423828125,46.97
3393.7667940789834,595.0703125,49.65
3393.9987650630064,595.0703125,49.39
3394.2327892399917,1029.69091796875,34.01
3394.4637595039967,595.0703125,50.55
3394.697494249005,595.0703125,48.77
3394.9310163889895,456.70458984375,22.67
3395.163850220997,595.0703125,49.93
3395.3981798239984,595.0703125,49.19
3395.628996501997,456.70458984375,36.29
3395.8606932089897,589.4453125,50.71
3396.093231392995,595.0703125,49.96
3396.3237643659813,456.705078125,47.2
3396.5533897900023,746.9423828125,51.32
3396.7883848639904,595.0703125,49.01
3397.0210690209933,595.0703125,49.36
3397.2528470960096,1029.69091796875,33.67
3397.4842543709965,595.0703125,48.7
3397.716753651999,595.0703125,49.12
3397.949507163983,456.70458984375,33.98
3398.1846317969903,589.4453125,49.6
3398.417308131,595.0703125,48.9
3398.650026860996,489.607421875,50.13
3398.882291536982,724.4423828125,50.74
3399.1168472240097,716.70556640625,49.3
3399.347943066008,595.0703125,49.45
3399.5814934239897,1029.69091796875,39.61
3399.8146363139967,595.0703125,49.38
3400.0459120039886,595.0703125,49.0
3400.2777124989952,456.70458984375,30.07
3400.509466058982,589.4453125,48.16
3400.741811543994,595.0703125,49.48
3400.9733972699905,456.705078125,48.68
3401.2034299529914,746.9423828125,53.1
3401.4380449370074,595.0703125,49.96
3401.671342949994,595.0703125,48.84
3401.9049544910085,724.4423828125,47.4
3402.1349494580063,595.0703125,48.73
3402.3685301980004,595.0703125,50.56
3402.600575774006,1029.69091796875,30.24
3402.833784596005,595.0703125,49.92
3403.0684426040098,595.0703125,49.32
3403.3016337559966,456.70458984375,35.92
3403.5326600339904,589.4453125,50.12
3403.7652479469834,595.0703125,49.5
3403.997458703001,489.607421875,49.63
3404.2297490119818,724.4423828125,47.28
3404.462341114995,595.0703125,49.53
3404.6930669260037,595.0703125,49.3
3404.926474871987,984.69091796875,25.62
3405.160333309992,595.0703125,50.08
3405.390782331,595.0703125,49.06
3405.6246207240038,456.70458984375,31.98
3405.8576516550092,589.4453125,48.52
3406.088107171003,595.0703125,49.02
3406.319693316007,489.607421875,49.24
3406.552779911988,724.4423828125,50.02
3406.786674109986,595.0703125,49.27
3407.0211417939863,595.0703125,48.82
3407.253263638995,1029.69091796875,28.7
3407.488240762992,595.0703125,49.45
3407.7193060840073,595.0703125,48.75
3407.94915046799,456.70458984375,30.51
3408.183595662995,595.0703125,48.9
3408.414551677997,595.0703125,50.16
3408.6454080269905,456.705078125,45.1
3408.878488966002,724.4423828125,50.01
3409.1128754210076,595.0703125,49.76
3409.3480773019837,595.0703125,49.24
3409.5785882039927,1029.69091796875,34.9
3409.809400411992,595.0703125,49.14
3410.03883523299,595.0703125,49.27
3410.2725713049877,456.70458984375,33.27
3410.5027279600035,589.4453125,48.92
3410.7360912759905,595.0703125,49.53
3410.9685560539947,489.607421875,49.7
3411.2013992450084,724.4423828125,53.78
3411.432588538999,595.0703125,49.24
3411.663953418989,476.94091796875,49.22
3411.8983543329814,600.68896484375,45.42
3412.1273126110027,595.0703125,49.6
3412.359225972992,493.99560546875,49.17
3412.592022019002,456.70458984375,20.7
3412.827778178995,595.0703125,50.01
3413.060402269999,595.0703125,48.62
3413.2915657910053,492.419921875,49.55
3413.5233929670067,724.4423828125,51.82
3413.757115629007,595.0703125,49.9
3413.988179971988,595.0703125,48.89
3414.223737007007,1029.69091796875,45.93
3414.454440328991,595.0703125,49.5
3414.6882784419868,595.0703125,49.46
3414.9251746590016,456.70458984375,20.83
3415.155800943001,595.0703125,49.93
3415.3866230690037,595.0703125,49.14
3415.6178263309994,456.705078125,49.58
3415.848990061,746.9423828125,51.64
3416.0831003549974,595.0703125,49.5
3416.3153618880024,595.0703125,49.53
3416.5488790009986,1029.69091796875,39.89
3416.782409801992,595.0703125,48.99
3417.0129202149983,595.0703125,49.91
3417.2481068699853,456.70458984375,24.99
3417.480786626984,595.0703125,49.44
3417.7155762900074,595.0703125,49.47
3417.945999118994,456.70458984375,49.05
3418.1798456140095,746.9423828125,51.12
3418.4100442449853,595.0703125,49.46
3418.6442539969867,595.0703125,49.75
3418.877838507993,1029.69091796875,45.4
3419.1125105539977,595.0703125,49.35
3419.343469013984,595.0703125,49.12
3419.5759134679975,456.70458984375,22.42
3419.8064703969867,595.0703125,50.46
3420.038159841002,595.0703125,50.2
3420.2705491879897,456.70458984375,34.93
3420.5082334509934,746.9423828125,50.54
3420.7408479040023,595.0703125,49.35
3420.9757596539857,595.0703125,49.47
3421.2081496290048,724.4423828125,44.63
3421.438661089982,595.0703125,48.71
3421.6705215809925,595.0703125,49.34
3421.905957017996,456.70458984375,23.47
3422.1368322949857,595.0703125,49.63
3422.3697999469878,595.0703125,49.04
3422.6019342250074,492.419921875,48.23
3422.83446144301,724.4423828125,52.34
3423.066274509998,595.0703125,49.34
3423.304132543999,617.56982421875,49.2
3423.537710698991,1029.69091796875,44.28
3423.7692931430065,595.0703125,49.31
3424.0002049469913,595.0703125,49.7
3424.235344248009,456.70458984375,26.18
3424.4697332879878,595.0703125,49.25
3424.7030022460094,595.0703125,49.36
3424.9336449429975,492.419921875,50.28
3425.167301951995,724.4423828125,51.47
3425.3995463729952,595.0703125,49.28
3425.6303509679856,595.0703125,49.58
3425.8616485189996,1029.69091796875,26.09
3426.0946301399963,595.0703125,50.08
3426.3290772899927,595.0703125,50.17
3426.562066732993,456.70458984375,31.76
3426.794270015991,589.4453125,49.96
3427.0248448950006,595.0703125,49.43
3427.256909468997,489.607421875,50.63
3427.4885588930047,724.4423828125,48.91
3427.7210008319817,595.0703125,49.37
3427.955600868998,595.0703125,49.42
3428.1890676940093,1029.69091796875,24.16
3428.421014161984,595.0703125,49.4
3428.651738855988,595.0703125,49.07
3428.8865908900043,456.70458984375,39.01
3429.1179511600058,589.4453125,50.17
3429.352524588001,595.0703125,48.57
3429.5840228690067,489.607421875,49.92
3429.817572319007,724.4423828125,48.69
3430.050301524985,595.0703125,50.12
3430.2853189480084,595.0703125,49.44
3430.517989346001,1029.69091796875,23.59
3430.7500099180033,595.0703125,50.42
3430.980488553003,595.0703125,48.66
3431.213859762007,456.70458984375,41.95
3431.4458526060043,746.9423828125,50.43
3431.679197483987,595.0703125,49.8
3431.9081627459964,489.607421875,49.32
3432.1413186969876,724.4423828125,49.28
3432.3729701459815,595.0703125,49.5
3432.6062550279894,595.0703125,49.31
3432.837309872004,1029.69091796875,28.09
3433.0704327870044,595.0703125,49.63
3433.303618142003,595.06982421875,49.13
3433.5365862830076,456.70458984375,39.1
3433.7690547620005,623.18896484375,51.06
3434.0019460059993,595.0703125,48.54
3434.2339317739825,595.0703125,49.29
3434.468728307984,724.4423828125,44.46
3434.701977321005,595.0703125,49.59
3434.935341506003,595.0703125,49.43
3435.166639233008,1029.69091796875,27.14
3435.400288587989,595.0703125,48.23
3435.6307812999876,595.0703125,48.96
3435.863242897991,456.70458984375,35.93
3436.0927464159904,589.4453125,50.04
3436.3230078759952,595.0703125,49.23
3436.554126942996,595.0703125,49.0
3436.7871643310064,724.4423828125,44.8
3437.02126536399,595.0703125,48.65
3437.2550845789956,595.0703125,49.61
3437.4870257029834,456.70458984375,24.05
3437.7174881719984,595.0703125,49.45
3437.9508233020024,595.0703125,50.24
3438.1822570840013,456.70458984375,41.38
3438.4178698089963,746.9423828125,50.52
3438.6501936749846,595.0703125,49.32
3438.881203158002,595.0703125,49.72
3439.1169976149977,1029.69091796875,43.12
3439.3486278670025,595.0703125,49.8
3439.581211271987,595.0703125,49.39
3439.8141903399955,456.70458984375,27.68
3440.050309498998,595.0703125,48.76
3440.2816484329815,595.0703125,49.25
3440.516046720004,456.705078125,49.62
3440.747565431986,746.9423828125,51.94
3440.982015332993,595.0703125,49.27
3441.212892601994,655.95556640625,49.29
3441.4455413800024,724.4423828125,43.45
3441.6782591640076,595.0703125,48.17
3441.9112418639997,595.0703125,50.1
3442.14735620399,456.70458984375,26.56
3442.378861854988,595.0703125,49.63
3442.6101312249957,595.0703125,49.79
3442.8414533269824,456.705078125,50.3
3443.0720283139963,724.4423828125,53.11
3443.3042662740045,493.99560546875,48.58
3443.537076809007,595.0703125,49.32
3443.7699885479815,1029.69091796875,28.77
3444.002409776993,595.0703125,49.0
3444.2367160799913,595.0703125,50.08
3444.4708552469965,456.70458984375,26.23
3444.703224441997,595.0703125,48.4
3444.934741407982,595.0703125,48.93
3445.166482430999,456.705078125,50.37
3445.397183485009,724.44287109375,52.02
3445.633948486997,595.0703125,49.49
3445.866411272,595.0703125,49.01
3446.1004145240004,1029.69091796875,30.94
3446.3339967599895,595.0703125,48.76
3446.567909075995,595.0703125,49.76
3446.8019508119905,456.70458984375,34.56
3447.0338077060005,595.0703125,49.88
3447.267621751991,595.0703125,50.13
3447.4980458770005,456.70458984375,47.85
3447.729196233995,746.9423828125,50.69
3447.959609045007,595.0703125,48.86
3448.1896863270085,595.0703125,49.43
3448.424519249995,1029.69091796875,34.33
3448.6576824249933,595.0703125,49.7
3448.8892493289895,595.0703125,49.3
3449.1214327400085,456.70458984375,32.51
3449.356109771994,482.56396484375,49.75
3449.5894263229857,595.0703125,49.44
3449.8200644489843,456.705078125,50.68
3450.0520206599904,729.7568359375,51.25
3450.282885007997,595.0703125,49.34
3450.513102047,595.0703125,49.47
3450.7518719049986,1029.69091796875,36.04
3450.984680555004,595.0703125,48.79
3451.2152032989834,595.0703125,48.9
3451.4473529059906,456.70458984375,32.27
3451.681915114983,595.0703125,48.29
3451.914744787995,595.0703125,49.68
3452.144963223982,492.419921875,50.22
3452.3772590139997,724.4423828125,49.83
3452.608158143994,595.0703125,49.7
3452.840584680991,595.0703125,49.7
3453.074321200984,1029.69091796875,28.94
3453.306040363008,595.0703125,48.92
3453.5375786309887,595.0703125,49.18
3453.769974645984,456.70458984375,32.28
3454.004492154985,589.4453125,49.79
3454.236621299002,595.0703125,49.13
3454.4690480449935,492.419921875,49.95
3454.7027939239924,724.4423828125,48.55
3454.935107244004,595.0703125,49.41
3455.167159559991,595.0703125,49.67
3455.3988073419896,1029.69091796875,19.63
3455.632493365003,595.0703125,50.26
3455.866767330008,595.0703125,50.14
3456.0971413079824,456.70458984375,33.7
3456.330240576004,595.0703125,49.81
3456.5598200850072,595.0703125,48.83
3456.790856107982,456.705078125,49.56
3457.0227254339843,724.4423828125,51.88
3457.2521009299962,595.0703125,49.96
3457.4831538549915,595.0703125,49.02
3457.715000133001,1029.69091796875,28.35
3457.948579994001,595.0703125,49.35
3458.181046690006,595.0703125,49.42
3458.414910464984,456.70458984375,37.19
3458.648389681999,589.4453125,48.97
3458.88315094501,516.31396484375,48.13
3459.1133517810085,456.705078125,51.56
3459.3439295610006,746.9423828125,52.26
3459.5763366119936,595.0703125,49.26
3459.8096813099983,595.0703125,49.51
3460.0412873959867,1029.69091796875,31.61
3460.2756148609915,595.0703125,49.86
3460.5064900349826,595.0703125,49.12
3460.740367289982,456.70458984375,33.96
3460.974311664002,589.4453125,49.32
3461.2095841109985,595.0703125,49.45
3461.440703458007,489.607421875,49.55
3461.671503341,724.4423828125,43.19
3461.906101030996,595.0703125,49.21
3462.1372734580073,595.0703125,48.82
3462.3680019610038,1029.69091796875,28.16
3462.6014820160053,595.0703125,49.15
3462.8326001059904,595.0703125,49.13
3463.066516611987,456.70458984375,35.8
3463.3004442240053,589.4453125,49.57
3463.532124204008,595.0703125,49.3
3463.764720181003,489.607421875,49.33
3463.9965548639884,724.4423828125,47.31
3464.229728656006,595.0703125,50.8
3464.463787643006,595.0703125,49.25
3464.6967938799935,984.69091796875,21.06
3464.93085670899,595.0703125,50.16
3465.161780563998,595.0703125,50.09
3465.3929992280027,456.70458984375,34.16
3465.6257662510034,589.4453125,50.22
3465.8567445139925,595.0703125,49.43
3466.0884199540014,489.607421875,49.49
3466.3218240889837,724.4423828125,46.08
3466.557269468991,595.0703125,49.41
3466.7901292440074,595.0703125,49.63
3467.023785024998,1029.69091796875,19.7
3467.254935731995,595.0703125,50.36
3467.486838791985,626.70556640625,49.3
3467.7204217260005,456.70458984375,43.31
3467.9510504229984,589.4453125,51.23
3468.1838457330014,595.0703125,49.93
3468.4155134199827,489.607421875,49.06
3468.64839966601,724.4423828125,46.51
3468.8833494370047,595.0703125,49.85
3469.1159256479878,595.0703125,49.17
3469.3482625049946,1029.69091796875,20.27
3469.5807328340015,595.0703125,50.63
3469.8121464310098,595.07080078125,49.8
3470.047797428997,456.70458984375,43.52
3470.2806745260023,746.9423828125,51.08
3470.511645664985,595.0703125,49.31
3470.742359430995,595.0703125,49.32
3470.9758017699933,724.4423828125,39.81
3471.205986960995,595.0703125,48.81
3471.440431483992,595.0703125,49.06
3471.672150925995,1029.69091796875,21.08
3471.9044646649854,595.0703125,49.87
3472.135030921985,595.0703125,49.32
3472.370589656988,456.70458984375,43.98
3472.6033487879904,746.9423828125,49.85
3472.837990130007,595.0703125,48.91
3473.070873582008,595.0703125,48.94
3473.307523691008,1029.69091796875,34.33
3473.537727810006,595.0703125,49.12
3473.770015985996,595.0703125,49.1
3474.002617061982,456.70458984375,28.74
3474.235397284996,595.0703125,48.91
3474.466308428993,595.0703125,49.13
3474.698962514987,456.70458984375,45.41
3474.931829064997,746.9423828125,51.27
3475.163660605991,516.31396484375,49.28
3475.3972073610057,595.0703125,49.47
3475.631389482005,1029.69091796875,32.55
3475.8609528570087,595.0703125,48.18
3476.0945802819915,595.0703125,49.43
3476.327934967994,456.70458984375,34.94
3476.5638265069865,595.0703125,49.33
3476.7963020739844,595.0703125,49.24
3477.026779279986,456.70458984375,50.96
3477.258497464005,746.9423828125,50.4
3477.49170079999,595.0703125,48.97
3477.72413006,595.0703125,49.1
3477.9582989109913,1029.69091796875,29.3
3478.1912640100054,595.0703125,50.42
3478.4235294179816,595.0703125,49.17
3478.654347600008,456.70458984375,37.85
3478.885941602988,589.4453125,50.28
3479.1176485419855,595.0703125,48.87
3479.3510442260012,489.607421875,49.1
3479.582186412008,724.4423828125,42.15
3479.8155137889844,595.0703125,49.03
3480.0438796980015,595.0703125,49.04
3480.2746924319945,1029.69091796875,26.77
3480.505187657982,595.0703125,49.62
3480.735530695005,595.0703125,49.85
3480.970728968008,456.70458984375,38.75
3481.201414237992,589.4453125,49.33
3481.434465105005,595.0703125,49.58
3481.6675429309835,489.607421875,48.95
3481.899982807983,724.4423828125,46.31
3482.1334785780055,595.0703125,50.26
3482.366701049992,595.0703125,49.34
3482.600230833981,1029.69091796875,21.82
3482.832037229993,595.0703125,50.25
3483.0642723960045,595.0703125,48.82
3483.296244111989,456.70458984375,38.89
3483.5305572600046,589.4453125,49.91
3483.7641068789817,595.0703125,48.87
3483.9936068349925,489.607421875,48.91
3484.2246260959946,724.4423828125,42.56
3484.4558412680053,595.0703125,48.19
3484.6889392099984,595.0703125,49.44
3484.9220340779866,984.69091796875,27.45
3485.1552741510095,595.0703125,48.56
3485.388312934985,595.0703125,49.55
3485.621821626002,456.70458984375,50.15
3485.855905896984,746.9423828125,54.03
3486.08736370501,595.0703125,49.8
3486.3174567020033,489.607421875,48.47
3486.5491549809813,724.4423828125,39.86
3486.781267851009,595.0703125,48.6
3487.0146073109936,595.0703125,49.08
3487.2497501290054,456.70458984375,28.34
3487.4841855019913,595.0703125,48.06
3487.718050185009,595.0703125,49.39
3487.951288790995,456.70458984375,50.35
3488.1870541239914,746.9423828125,54.49
3488.419981646992,595.0703125,49.17
3488.654682774999,595.0703125,49.27
3488.88838206901,724.4423828125,30.5
3489.1192244160047,595.0703125,49.33
3489.352695949987,595.0703125,49.11
3489.5861574269948,1029.69091796875,26.87
3489.8166931619926,595.0703125,48.59
3490.0479562460096,595.0703125,49.44
3490.2798884309886,456.70458984375,49.62
3490.5141383009905,746.9423828125,50.5
3490.748134638008,595.0703125,49.09
3490.9809543929878,595.0703125,49.22
3491.21704233301,724.4423828125,30.61
3491.4486104229873,595.0703125,48.71
3491.682314256992,595.0703125,49.0
3491.918885513005,456.70458984375,34.44
3492.1508074300073,595.0703125,49.45
3492.3805056730052,595.07080078125,49.15
3492.6119147999852,456.70458984375,49.3
3492.8424402679957,589.4453125,50.85
3493.0725185979973,595.0703125,49.62
3493.3080754480034,595.0703125,48.87
3493.539750119002,724.4423828125,36.61
3493.770715880004,595.0703125,50.24
3494.0026201279834,595.0703125,49.75
3494.241286406992,456.70458984375,30.14
3494.4734038169845,595.0703125,48.58
3494.705486583989,595.0703125,49.64
3494.9370976979844,456.70458984375,44.0
3495.1686627159943,589.4453125,53.39
3495.402233287983,595.0703125,49.42
3495.633929820993,492.419921875,49.79
3495.8676887610054,724.4423828125,44.24
3496.09904864899,595.0703125,48.37
3496.330022510985,595.0703125,49.41
3496.5594607960084,1029.69091796875,23.84
3496.790763411991,476.94677734375,49.65
3497.021545205993,595.0703125,49.51
3497.2542636879953,456.70458984375,47.38
3497.48685442601,746.9423828125,51.17
3497.7210964029946,595.0703125,49.66
3497.9507563009975,595.0703125,49.36
3498.183510753006,724.4423828125,36.83
3498.4181367289857,595.0703125,49.33
3498.652673306002,595.0703125,48.87
3498.887215394003,1029.69091796875,23.95
3499.1196857529867,595.0703125,49.27
3499.351935615996,595.0703125,49.42
3499.584006330988,456.70458984375,49.59
3499.8182574179955,746.9423828125,52.44
3500.0515387289925,595.0703125,49.05
3500.283565443009,595.0703125,49.2
3500.518150380987,1029.69091796875,28.14
3500.7496636759897,595.0703125,50.44
3500.98136149699,595.0703125,49.69
3501.218645674002,984.69091796875,29.83
3501.4506551359955,595.0703125,47.52
3501.682024482987,595.0703125,49.21
3501.9159427669947,456.70458984375,50.33
3502.148837285,746.9423828125,53.29
3502.3824499330076,595.0703125,49.47
3502.6151889099856,595.0703125,49.35
3502.850565942994,724.4423828125,28.09
3503.082433553005,595.0703125,49.51
3503.3119827100018,595.0703125,49.07
3503.545557853009,456.70458984375,38.85
3503.7791492689867,595.0703125,50.83
3504.008352142002,595.0703125,49.29
3504.241054871003,456.70458984375,50.84
3504.476962922985,746.9423828125,49.49
3504.7125800779904,595.0703125,49.51
3504.945686571009,595.0703125,49.56
3505.181477286009,724.4423828125,28.01
3505.414139155997,595.0703125,49.14
3505.648557028995,595.0703125,49.47
3505.8877931209863,456.70458984375,39.12
3506.121217262,595.0703125,48.64
3506.3543150940095,595.0703125,48.94
3506.5877025669906,456.70458984375,49.34
3506.821338962007,746.9423828125,48.03
3507.0507811889984,595.0703125,48.87
3507.281582639989,489.607421875,49.67
3507.5108117749915,724.4423828125,28.75
3507.7468500149844,595.0703125,48.98
3507.9787192319927,595.0703125,49.26
3508.2160624969983,984.69091796875,37.01
3508.4468154060014,595.0703125,49.75
3508.6777883220057,595.0703125,48.99
3508.908045482007,456.70458984375,48.93
3509.143576379982,746.9423828125,48.24
3509.3766452279815,595.0703125,49.4
3509.6116370740056,595.0703125,49.83
3509.8457623730064,724.4423828125,21.08
3510.0771858489898,595.0703125,49.4
3510.3105780709884,595.0703125,49.36
3510.542794129986,1029.69091796875,31.3
3510.777316349995,595.0703125,48.56
3511.0105592469918,595.0703125,49.28
