vid_id,vid,frame,inference_time_ms,latency_time_ms
482f2643-7eea-426d-8643-faae675739a0,2025-11-28_053936_de4b6d58-5325-4793-8df3-52c5fc65878c,0005,1289.812,1537.425
482f2643-7eea-426d-8643-faae675739a0,2025-11-28_053936_de4b6d58-5325-4793-8df3-52c5fc65878c,0010,1290.039,1506.774
482f2643-7eea-426d-8643-faae675739a0,2025-11-28_053936_de4b6d58-5325-4793-8df3-52c5fc65878c,0015,1290.89,1497.723
482f2643-7eea-426d-8643-faae675739a0,2025-11-28_053936_de4b6d58-5325-4793-8df3-52c5fc65878c,0020,1285.988,1494.087
482f2643-7eea-426d-8643-faae675739a0,2025-11-28_053936_de4b6d58-5325-4793-8df3-52c5fc65878c,0025,1285.551,1493.692
482f2643-7eea-426d-8643-faae675739a0,2025-11-28_053936_de4b6d58-5325-4793-8df3-52c5fc65878c,0030,1285.989,1494.43
482f2643-7eea-426d-8643-faae675739a0,2025-11-28_053936_de4b6d58-5325-4793-8df3-52c5fc65878c,0035,1285.944,1494.736
482f2643-7eea-426d-8643-faae675739a0,2025-11-28_053936_de4b6d58-5325-4793-8df3-52c5fc65878c,0040,1286.118,1495.84
482f2643-7eea-426d-8643-faae675739a0,2025-11-28_053936_de4b6d58-5325-4793-8df3-52c5fc65878c,0045,1285.91,1492.166
482f2643-7eea-426d-8643-faae675739a0,2025-11-28_053936_de4b6d58-5325-4793-8df3-52c5fc65878c,0050,1286.442,1493.272
482f2643-7eea-426d-8643-faae675739a0,2025-11-28_053936_de4b6d58-5325-4793-8df3-52c5fc65878c,0055,1286.037,1521.486
482f2643-7eea-426d-8643-faae675739a0,2025-11-28_053936_de4b6d58-5325-4793-8df3-52c5fc65878c,0060,1289.983,1520.109
482f2643-7eea-426d-8643-faae675739a0,2025-11-28_053936_de4b6d58-5325-4793-8df3-52c5fc65878c,0065,1290.688,1517.78
482f2643-7eea-426d-8643-faae675739a0,2025-11-28_053936_de4b6d58-5325-4793-8df3-52c5fc65878c,0070,1289.786,1518.348
482f2643-7eea-426d-8643-faae675739a0,2025-11-28_053936_de4b6d58-5325-4793-8df3-52c5fc65878c,0075,1290.36,1518.634
482f2643-7eea-426d-8643-faae675739a0,2025-11-28_053936_de4b6d58-5325-4793-8df3-52c5fc65878c,0080,1290.669,1518.79
482f2643-7eea-426d-8643-faae675739a0,2025-11-28_053936_de4b6d58-5325-4793-8df3-52c5fc65878c,0085,1289.923,1521.821
482f2643-7eea-426d-8643-faae675739a0,2025-11-28_053936_de4b6d58-5325-4793-8df3-52c5fc65878c,0090,1290.576,1518.57
482f2643-7eea-426d-8643-faae675739a0,2025-11-28_053936_de4b6d58-5325-4793-8df3-52c5fc65878c,0095,1289.79,1519.592
482f2643-7eea-426d-8643-faae675739a0,2025-11-28_053936_de4b6d58-5325-4793-8df3-52c5fc65878c,0100,1290.244,1524.309
482f2643-7eea-426d-8643-faae675739a0,2025-11-28_053936_de4b6d58-5325-4793-8df3-52c5fc65878c,0105,1290.412,1522.105
482f2643-7eea-426d-8643-faae675739a0,2025-11-28_053936_de4b6d58-5325-4793-8df3-52c5fc65878c,0110,1285.863,1510.014
482f2643-7eea-426d-8643-faae675739a0,2025-11-28_053936_de4b6d58-5325-4793-8df3-52c5fc65878c,0115,1285.498,1513.433
482f2643-7eea-426d-8643-faae675739a0,2025-11-28_053936_de4b6d58-5325-4793-8df3-52c5fc65878c,0120,1285.392,1517.92
482f2643-7eea-426d-8643-faae675739a0,2025-11-28_053936_de4b6d58-5325-4793-8df3-52c5fc65878c,0125,1285.656,1519.092
482f2643-7eea-426d-8643-faae675739a0,2025-11-28_053936_de4b6d58-5325-4793-8df3-52c5fc65878c,0130,1285.27,1512.268
482f2643-7eea-426d-8643-faae675739a0,2025-11-28_053936_de4b6d58-5325-4793-8df3-52c5fc65878c,0135,1286.334,1515.724
482f2643-7eea-426d-8643-faae675739a0,2025-11-28_053936_de4b6d58-5325-4793-8df3-52c5fc65878c,0140,1285.131,1511.617
482f2643-7eea-426d-8643-faae675739a0,2025-11-28_053936_de4b6d58-5325-4793-8df3-52c5fc65878c,0145,1286.223,1515.013
482f2643-7eea-426d-8643-faae675739a0,2025-11-28_053936_de4b6d58-5325-4793-8df3-52c5fc65878c,0150,1285.078,1514.441
482f2643-7eea-426d-8643-faae675739a0,2025-11-28_053936_de4b6d58-5325-4793-8df3-52c5fc65878c,0155,1285.383,1510.417
482f2643-7eea-426d-8643-faae675739a0,2025-11-28_053936_de4b6d58-5325-4793-8df3-52c5fc65878c,0160,1287.46,1513.708
482f2643-7eea-426d-8643-faae675739a0,2025-11-28_053936_de4b6d58-5325-4793-8df3-52c5fc65878c,0165,1285.333,1508.665
482f2643-7eea-426d-8643-faae675739a0,2025-11-28_053936_de4b6d58-5325-4793-8df3-52c5fc65878c,0170,1285.849,1513.259
482f2643-7eea-426d-8643-faae675739a0,2025-11-28_053936_de4b6d58-5325-4793-8df3-52c5fc65878c,0175,1289.524,1535.596
482f2643-7eea-426d-8643-faae675739a0,2025-11-28_053936_de4b6d58-5325-4793-8df3-52c5fc65878c,0180,1290.791,1520.763
482f2643-7eea-426d-8643-faae675739a0,2025-11-28_053936_de4b6d58-5325-4793-8df3-52c5fc65878c,0185,1289.815,1519.556
482f2643-7eea-426d-8643-faae675739a0,2025-11-28_053936_de4b6d58-5325-4793-8df3-52c5fc65878c,0190,1287.289,1518.155
482f2643-7eea-426d-8643-faae675739a0,2025-11-28_053936_de4b6d58-5325-4793-8df3-52c5fc65878c,0195,1289.334,1530.589
482f2643-7eea-426d-8643-faae675739a0,2025-11-28_053936_de4b6d58-5325-4793-8df3-52c5fc65878c,0200,1290.898,1510.136
482f2643-7eea-426d-8643-faae675739a0,2025-11-28_053936_de4b6d58-5325-4793-8df3-52c5fc65878c,0205,1289.081,1508.464
482f2643-7eea-426d-8643-faae675739a0,2025-11-28_053936_de4b6d58-5325-4793-8df3-52c5fc65878c,0210,1289.931,1508.966
482f2643-7eea-426d-8643-faae675739a0,2025-11-28_053936_de4b6d58-5325-4793-8df3-52c5fc65878c,0215,1290.569,1508.289
482f2643-7eea-426d-8643-faae675739a0,2025-11-28_053936_de4b6d58-5325-4793-8df3-52c5fc65878c,0220,1289.601,1518.681
482f2643-7eea-426d-8643-faae675739a0,2025-11-28_053936_de4b6d58-5325-4793-8df3-52c5fc65878c,0225,1290.219,1522.381
482f2643-7eea-426d-8643-faae675739a0,2025-11-28_053936_de4b6d58-5325-4793-8df3-52c5fc65878c,0230,1285.872,1524.441
482f2643-7eea-426d-8643-faae675739a0,2025-11-28_053936_de4b6d58-5325-4793-8df3-52c5fc65878c,0235,1285.382,1519.294
482f2643-7eea-426d-8643-faae675739a0,2025-11-28_053936_de4b6d58-5325-4793-8df3-52c5fc65878c,0240,1286.198,1517.432
482f2643-7eea-426d-8643-faae675739a0,2025-11-28_053936_de4b6d58-5325-4793-8df3-52c5fc65878c,0245,1285.828,1515.525
482f2643-7eea-426d-8643-faae675739a0,2025-11-28_053936_de4b6d58-5325-4793-8df3-52c5fc65878c,0250,1285.248,1509.906
482f2643-7eea-426d-8643-faae675739a0,2025-11-28_053936_de4b6d58-5325-4793-8df3-52c5fc65878c,0255,1285.608,1520.131
482f2643-7eea-426d-8643-faae675739a0,2025-11-28_053936_de4b6d58-5325-4793-8df3-52c5fc65878c,0260,1285.598,1514.474
482f2643-7eea-426d-8643-faae675739a0,2025-11-28_053936_de4b6d58-5325-4793-8df3-52c5fc65878c,0265,1285.546,1513.959
482f2643-7eea-426d-8643-faae675739a0,2025-11-28_053936_de4b6d58-5325-4793-8df3-52c5fc65878c,0270,1285.39,1515.653
482f2643-7eea-426d-8643-faae675739a0,2025-11-28_053936_de4b6d58-5325-4793-8df3-52c5fc65878c,0275,1285.149,1518.025
482f2643-7eea-426d-8643-faae675739a0,2025-11-28_053936_de4b6d58-5325-4793-8df3-52c5fc65878c,0280,1285.174,1514.335
482f2643-7eea-426d-8643-faae675739a0,2025-11-28_053936_de4b6d58-5325-4793-8df3-52c5fc65878c,0285,1285.604,1517.626
482f2643-7eea-426d-8643-faae675739a0,2025-11-28_053936_de4b6d58-5325-4793-8df3-52c5fc65878c,0290,1285.851,1515.465
482f2643-7eea-426d-8643-faae675739a0,2025-11-28_053936_de4b6d58-5325-4793-8df3-52c5fc65878c,0295,1285.996,1514.684
482f2643-7eea-426d-8643-faae675739a0,2025-11-28_053936_de4b6d58-5325-4793-8df3-52c5fc65878c,0300,1285.174,1512.25
482f2643-7eea-426d-8643-faae675739a0,2025-11-28_053936_de4b6d58-5325-4793-8df3-52c5fc65878c,0305,1285.15,1512.501
482f2643-7eea-426d-8643-faae675739a0,2025-11-28_053936_de4b6d58-5325-4793-8df3-52c5fc65878c,0310,1285.81,1513.364
482f2643-7eea-426d-8643-faae675739a0,2025-11-28_053936_de4b6d58-5325-4793-8df3-52c5fc65878c,0315,1285.022,1517.733
482f2643-7eea-426d-8643-faae675739a0,2025-11-28_053936_de4b6d58-5325-4793-8df3-52c5fc65878c,0320,1285.556,1519.302
482f2643-7eea-426d-8643-faae675739a0,2025-11-28_053936_de4b6d58-5325-4793-8df3-52c5fc65878c,0325,1288.062,1515.582
482f2643-7eea-426d-8643-faae675739a0,2025-11-28_053936_de4b6d58-5325-4793-8df3-52c5fc65878c,0330,1289.293,1517.292
482f2643-7eea-426d-8643-faae675739a0,2025-11-28_053936_de4b6d58-5325-4793-8df3-52c5fc65878c,0335,1287.886,1513.584
482f2643-7eea-426d-8643-faae675739a0,2025-11-28_053936_de4b6d58-5325-4793-8df3-52c5fc65878c,0340,1285.127,1517.954
482f2643-7eea-426d-8643-faae675739a0,2025-11-28_053936_de4b6d58-5325-4793-8df3-52c5fc65878c,0345,1290.297,1520.472
482f2643-7eea-426d-8643-faae675739a0,2025-11-28_053936_de4b6d58-5325-4793-8df3-52c5fc65878c,0350,1290.315,1523.396
482f2643-7eea-426d-8643-faae675739a0,2025-11-28_053936_de4b6d58-5325-4793-8df3-52c5fc65878c,0355,1289.347,1516.949
482f2643-7eea-426d-8643-faae675739a0,2025-11-28_053936_de4b6d58-5325-4793-8df3-52c5fc65878c,0360,1290.026,1520.61
482f2643-7eea-426d-8643-faae675739a0,2025-11-28_053936_de4b6d58-5325-4793-8df3-52c5fc65878c,0365,1289.894,1523.352
482f2643-7eea-426d-8643-faae675739a0,2025-11-28_053936_de4b6d58-5325-4793-8df3-52c5fc65878c,0370,1290.637,1520.136
482f2643-7eea-426d-8643-faae675739a0,2025-11-28_053936_de4b6d58-5325-4793-8df3-52c5fc65878c,0375,1289.288,1517.968
482f2643-7eea-426d-8643-faae675739a0,2025-11-28_053936_de4b6d58-5325-4793-8df3-52c5fc65878c,0380,1289.706,1521.862
482f2643-7eea-426d-8643-faae675739a0,2025-11-28_053936_de4b6d58-5325-4793-8df3-52c5fc65878c,0385,1284.811,1517.216
482f2643-7eea-426d-8643-faae675739a0,2025-11-28_053936_de4b6d58-5325-4793-8df3-52c5fc65878c,0390,1285.6,1514.201
482f2643-7eea-426d-8643-faae675739a0,2025-11-28_053936_de4b6d58-5325-4793-8df3-52c5fc65878c,0395,1285.58,1514.212
482f2643-7eea-426d-8643-faae675739a0,2025-11-28_053936_de4b6d58-5325-4793-8df3-52c5fc65878c,0400,1289.253,1519.016
482f2643-7eea-426d-8643-faae675739a0,2025-11-28_053936_de4b6d58-5325-4793-8df3-52c5fc65878c,0405,1285.437,1516.02
482f2643-7eea-426d-8643-faae675739a0,2025-11-28_053936_de4b6d58-5325-4793-8df3-52c5fc65878c,0410,1285.618,1517.562
482f2643-7eea-426d-8643-faae675739a0,2025-11-28_053936_de4b6d58-5325-4793-8df3-52c5fc65878c,0415,1285.751,1503.572
482f2643-7eea-426d-8643-faae675739a0,2025-11-28_053936_de4b6d58-5325-4793-8df3-52c5fc65878c,0420,1285.167,1504.458
482f2643-7eea-426d-8643-faae675739a0,2025-11-28_053936_de4b6d58-5325-4793-8df3-52c5fc65878c,0425,1289.648,1509.692
482f2643-7eea-426d-8643-faae675739a0,2025-11-28_053936_de4b6d58-5325-4793-8df3-52c5fc65878c,0430,1285.305,1501.49
482f2643-7eea-426d-8643-faae675739a0,2025-11-28_053936_de4b6d58-5325-4793-8df3-52c5fc65878c,0435,1285.623,1507.394
482f2643-7eea-426d-8643-faae675739a0,2025-11-28_053936_de4b6d58-5325-4793-8df3-52c5fc65878c,0440,1285.652,1507.357
482f2643-7eea-426d-8643-faae675739a0,2025-11-28_053936_de4b6d58-5325-4793-8df3-52c5fc65878c,0445,1286.107,1499.96
482f2643-7eea-426d-8643-faae675739a0,2025-11-28_053936_de4b6d58-5325-4793-8df3-52c5fc65878c,0450,1285.059,1505.12
482f2643-7eea-426d-8643-faae675739a0,2025-11-28_053936_de4b6d58-5325-4793-8df3-52c5fc65878c,0455,1285.335,1504.005
482f2643-7eea-426d-8643-faae675739a0,2025-11-28_053936_de4b6d58-5325-4793-8df3-52c5fc65878c,0460,1285.183,1505.351
482f2643-7eea-426d-8643-faae675739a0,2025-11-28_053936_de4b6d58-5325-4793-8df3-52c5fc65878c,0465,1285.331,1506.957
482f2643-7eea-426d-8643-faae675739a0,2025-11-28_053936_de4b6d58-5325-4793-8df3-52c5fc65878c,0470,1285.754,1488.935
482f2643-7eea-426d-8643-faae675739a0,2025-11-28_053936_de4b6d58-5325-4793-8df3-52c5fc65878c,0475,1284.722,1497.591
482f2643-7eea-426d-8643-faae675739a0,2025-11-28_053936_de4b6d58-5325-4793-8df3-52c5fc65878c,0480,1284.487,1507.373
482f2643-7eea-426d-8643-faae675739a0,2025-11-28_053936_de4b6d58-5325-4793-8df3-52c5fc65878c,0485,1285.299,1502.092
482f2643-7eea-426d-8643-faae675739a0,2025-11-28_053936_de4b6d58-5325-4793-8df3-52c5fc65878c,0490,1289.257,1509.904
482f2643-7eea-426d-8643-faae675739a0,2025-11-28_053936_de4b6d58-5325-4793-8df3-52c5fc65878c,0495,1285.25,1490.195
482f2643-7eea-426d-8643-faae675739a0,2025-11-28_053936_de4b6d58-5325-4793-8df3-52c5fc65878c,0500,1285.958,1503.198
482f2643-7eea-426d-8643-faae675739a0,2025-11-28_053936_de4b6d58-5325-4793-8df3-52c5fc65878c,0505,1285.328,1505.171
482f2643-7eea-426d-8643-faae675739a0,2025-11-28_053936_de4b6d58-5325-4793-8df3-52c5fc65878c,0510,1285.458,1490.0
482f2643-7eea-426d-8643-faae675739a0,2025-11-28_053936_de4b6d58-5325-4793-8df3-52c5fc65878c,0515,1285.609,1503.007
482f2643-7eea-426d-8643-faae675739a0,2025-11-28_053936_de4b6d58-5325-4793-8df3-52c5fc65878c,0520,1285.361,1499.458
482f2643-7eea-426d-8643-faae675739a0,2025-11-28_053936_de4b6d58-5325-4793-8df3-52c5fc65878c,0525,1285.289,1507.996
482f2643-7eea-426d-8643-faae675739a0,2025-11-28_053936_de4b6d58-5325-4793-8df3-52c5fc65878c,0530,1285.748,1502.758
482f2643-7eea-426d-8643-faae675739a0,2025-11-28_053936_de4b6d58-5325-4793-8df3-52c5fc65878c,0535,1288.073,1492.451
482f2643-7eea-426d-8643-faae675739a0,2025-11-28_053936_de4b6d58-5325-4793-8df3-52c5fc65878c,0540,1285.256,1504.899
482f2643-7eea-426d-8643-faae675739a0,2025-11-28_053936_de4b6d58-5325-4793-8df3-52c5fc65878c,0545,1285.962,1507.473
482f2643-7eea-426d-8643-faae675739a0,2025-11-28_053936_de4b6d58-5325-4793-8df3-52c5fc65878c,0550,1285.644,1501.907
482f2643-7eea-426d-8643-faae675739a0,2025-11-28_053936_de4b6d58-5325-4793-8df3-52c5fc65878c,0555,1290.024,1520.105
482f2643-7eea-426d-8643-faae675739a0,2025-11-28_053936_de4b6d58-5325-4793-8df3-52c5fc65878c,0560,1290.524,1508.832
482f2643-7eea-426d-8643-faae675739a0,2025-11-28_053936_de4b6d58-5325-4793-8df3-52c5fc65878c,0565,1285.86,1506.193
482f2643-7eea-426d-8643-faae675739a0,2025-11-28_053936_de4b6d58-5325-4793-8df3-52c5fc65878c,0570,1285.038,1506.059
482f2643-7eea-426d-8643-faae675739a0,2025-11-28_053936_de4b6d58-5325-4793-8df3-52c5fc65878c,0575,1285.588,1498.154
482f2643-7eea-426d-8643-faae675739a0,2025-11-28_053936_de4b6d58-5325-4793-8df3-52c5fc65878c,0580,1285.539,1505.43
482f2643-7eea-426d-8643-faae675739a0,2025-11-28_053936_de4b6d58-5325-4793-8df3-52c5fc65878c,0585,1285.58,1505.256
482f2643-7eea-426d-8643-faae675739a0,2025-11-28_053936_de4b6d58-5325-4793-8df3-52c5fc65878c,0590,1286.089,1491.476
482f2643-7eea-426d-8643-faae675739a0,2025-11-28_053936_de4b6d58-5325-4793-8df3-52c5fc65878c,0595,1286.282,1508.209
482f2643-7eea-426d-8643-faae675739a0,2025-11-28_053936_de4b6d58-5325-4793-8df3-52c5fc65878c,0600,1290.54,1512.432
482f2643-7eea-426d-8643-faae675739a0,2025-11-28_053936_de4b6d58-5325-4793-8df3-52c5fc65878c,0605,1285.933,1506.916
482f2643-7eea-426d-8643-faae675739a0,2025-11-28_053936_de4b6d58-5325-4793-8df3-52c5fc65878c,0610,1285.942,1507.611
482f2643-7eea-426d-8643-faae675739a0,2025-11-28_053936_de4b6d58-5325-4793-8df3-52c5fc65878c,0615,1285.596,1505.719
482f2643-7eea-426d-8643-faae675739a0,2025-11-28_053936_de4b6d58-5325-4793-8df3-52c5fc65878c,0620,1286.463,1505.342
482f2643-7eea-426d-8643-faae675739a0,2025-11-28_053936_de4b6d58-5325-4793-8df3-52c5fc65878c,0625,1285.789,1507.847
482f2643-7eea-426d-8643-faae675739a0,2025-11-28_053936_de4b6d58-5325-4793-8df3-52c5fc65878c,0630,1290.206,1497.659
482f2643-7eea-426d-8643-faae675739a0,2025-11-28_053936_de4b6d58-5325-4793-8df3-52c5fc65878c,0635,1290.369,1497.228
482f2643-7eea-426d-8643-faae675739a0,2025-11-28_053936_de4b6d58-5325-4793-8df3-52c5fc65878c,0640,1289.962,1495.682
482f2643-7eea-426d-8643-faae675739a0,2025-11-28_053936_de4b6d58-5325-4793-8df3-52c5fc65878c,0645,1290.942,1497.721
482f2643-7eea-426d-8643-faae675739a0,2025-11-28_053936_de4b6d58-5325-4793-8df3-52c5fc65878c,0650,1290.893,1495.657
482f2643-7eea-426d-8643-faae675739a0,2025-11-28_053936_de4b6d58-5325-4793-8df3-52c5fc65878c,0655,1290.255,1495.653
482f2643-7eea-426d-8643-faae675739a0,2025-11-28_053936_de4b6d58-5325-4793-8df3-52c5fc65878c,0660,1290.094,1510.916
482f2643-7eea-426d-8643-faae675739a0,2025-11-28_053936_de4b6d58-5325-4793-8df3-52c5fc65878c,0665,1290.721,1515.279
482f2643-7eea-426d-8643-faae675739a0,2025-11-28_053936_de4b6d58-5325-4793-8df3-52c5fc65878c,0670,1290.982,1513.095
482f2643-7eea-426d-8643-faae675739a0,2025-11-28_053936_de4b6d58-5325-4793-8df3-52c5fc65878c,0675,1289.932,1505.7
482f2643-7eea-426d-8643-faae675739a0,2025-11-28_053936_de4b6d58-5325-4793-8df3-52c5fc65878c,0680,1290.903,1509.821
482f2643-7eea-426d-8643-faae675739a0,2025-11-28_053936_de4b6d58-5325-4793-8df3-52c5fc65878c,0685,1290.298,1510.568
482f2643-7eea-426d-8643-faae675739a0,2025-11-28_053936_de4b6d58-5325-4793-8df3-52c5fc65878c,0690,1290.131,1511.253
482f2643-7eea-426d-8643-faae675739a0,2025-11-28_053936_de4b6d58-5325-4793-8df3-52c5fc65878c,0695,1285.053,1510.347
482f2643-7eea-426d-8643-faae675739a0,2025-11-28_053936_de4b6d58-5325-4793-8df3-52c5fc65878c,0700,1285.375,1506.805
482f2643-7eea-426d-8643-faae675739a0,2025-11-28_053936_de4b6d58-5325-4793-8df3-52c5fc65878c,0705,1285.589,1504.471
482f2643-7eea-426d-8643-faae675739a0,2025-11-28_053936_de4b6d58-5325-4793-8df3-52c5fc65878c,0710,1285.881,1509.137
482f2643-7eea-426d-8643-faae675739a0,2025-11-28_053936_de4b6d58-5325-4793-8df3-52c5fc65878c,0715,1289.711,1506.875
482f2643-7eea-426d-8643-faae675739a0,2025-11-28_053936_de4b6d58-5325-4793-8df3-52c5fc65878c,0720,1285.752,1505.843
482f2643-7eea-426d-8643-faae675739a0,2025-11-28_053936_de4b6d58-5325-4793-8df3-52c5fc65878c,0725,1290.407,1512.387
482f2643-7eea-426d-8643-faae675739a0,2025-11-28_053936_de4b6d58-5325-4793-8df3-52c5fc65878c,0730,1285.687,1498.489
482f2643-7eea-426d-8643-faae675739a0,2025-11-28_053936_de4b6d58-5325-4793-8df3-52c5fc65878c,0735,1285.61,1504.766
482f2643-7eea-426d-8643-faae675739a0,2025-11-28_053936_de4b6d58-5325-4793-8df3-52c5fc65878c,0740,1285.431,1505.91
482f2643-7eea-426d-8643-faae675739a0,2025-11-28_053936_de4b6d58-5325-4793-8df3-52c5fc65878c,0745,1285.684,1505.982
482f2643-7eea-426d-8643-faae675739a0,2025-11-28_053936_de4b6d58-5325-4793-8df3-52c5fc65878c,0750,1284.968,1498.052
482f2643-7eea-426d-8643-faae675739a0,2025-11-28_053936_de4b6d58-5325-4793-8df3-52c5fc65878c,0755,1285.322,1505.015
482f2643-7eea-426d-8643-faae675739a0,2025-11-28_053936_de4b6d58-5325-4793-8df3-52c5fc65878c,0760,1285.421,1504.012
482f2643-7eea-426d-8643-faae675739a0,2025-11-28_053936_de4b6d58-5325-4793-8df3-52c5fc65878c,0765,1285.534,1506.02
482f2643-7eea-426d-8643-faae675739a0,2025-11-28_053936_de4b6d58-5325-4793-8df3-52c5fc65878c,0770,1285.687,1490.772
482f2643-7eea-426d-8643-faae675739a0,2025-11-28_053936_de4b6d58-5325-4793-8df3-52c5fc65878c,0775,1289.484,1511.461
482f2643-7eea-426d-8643-faae675739a0,2025-11-28_053936_de4b6d58-5325-4793-8df3-52c5fc65878c,0780,1289.196,1512.998
482f2643-7eea-426d-8643-faae675739a0,2025-11-28_053936_de4b6d58-5325-4793-8df3-52c5fc65878c,0785,1290.342,1512.085
482f2643-7eea-426d-8643-faae675739a0,2025-11-28_053936_de4b6d58-5325-4793-8df3-52c5fc65878c,0790,1290.221,1510.827
482f2643-7eea-426d-8643-faae675739a0,2025-11-28_053936_de4b6d58-5325-4793-8df3-52c5fc65878c,0795,1290.028,1508.754
482f2643-7eea-426d-8643-faae675739a0,2025-11-28_053936_de4b6d58-5325-4793-8df3-52c5fc65878c,0800,1289.902,1509.927
482f2643-7eea-426d-8643-faae675739a0,2025-11-28_053936_de4b6d58-5325-4793-8df3-52c5fc65878c,0805,1290.707,1512.789
482f2643-7eea-426d-8643-faae675739a0,2025-11-28_053936_de4b6d58-5325-4793-8df3-52c5fc65878c,0810,1289.234,1508.12
482f2643-7eea-426d-8643-faae675739a0,2025-11-28_053936_de4b6d58-5325-4793-8df3-52c5fc65878c,0815,1290.627,1511.719
76623365-f1ed-409e-a111-e40020eb6217,2025-11-28_075346_42aaa445-db18-438f-836a-752ced15cd22,0005,1291.019,1526.119
76623365-f1ed-409e-a111-e40020eb6217,2025-11-28_075346_42aaa445-db18-438f-836a-752ced15cd22,0010,1286.209,1507.01
76623365-f1ed-409e-a111-e40020eb6217,2025-11-28_075346_42aaa445-db18-438f-836a-752ced15cd22,0015,1290.617,1506.194
76623365-f1ed-409e-a111-e40020eb6217,2025-11-28_075346_42aaa445-db18-438f-836a-752ced15cd22,0020,1286.062,1494.555
76623365-f1ed-409e-a111-e40020eb6217,2025-11-28_075346_42aaa445-db18-438f-836a-752ced15cd22,0025,1289.166,1503.546
76623365-f1ed-409e-a111-e40020eb6217,2025-11-28_075346_42aaa445-db18-438f-836a-752ced15cd22,0030,1285.883,1501.526
76623365-f1ed-409e-a111-e40020eb6217,2025-11-28_075346_42aaa445-db18-438f-836a-752ced15cd22,0035,1289.528,1504.093
76623365-f1ed-409e-a111-e40020eb6217,2025-11-28_075346_42aaa445-db18-438f-836a-752ced15cd22,0040,1285.435,1488.761
76623365-f1ed-409e-a111-e40020eb6217,2025-11-28_075346_42aaa445-db18-438f-836a-752ced15cd22,0045,1285.81,1502.747
76623365-f1ed-409e-a111-e40020eb6217,2025-11-28_075346_42aaa445-db18-438f-836a-752ced15cd22,0050,1288.35,1496.573
76623365-f1ed-409e-a111-e40020eb6217,2025-11-28_075346_42aaa445-db18-438f-836a-752ced15cd22,0055,1289.567,1501.625
76623365-f1ed-409e-a111-e40020eb6217,2025-11-28_075346_42aaa445-db18-438f-836a-752ced15cd22,0060,1285.628,1488.553
76623365-f1ed-409e-a111-e40020eb6217,2025-11-28_075346_42aaa445-db18-438f-836a-752ced15cd22,0065,1286.046,1494.193
76623365-f1ed-409e-a111-e40020eb6217,2025-11-28_075346_42aaa445-db18-438f-836a-752ced15cd22,0070,1285.774,1498.677
76623365-f1ed-409e-a111-e40020eb6217,2025-11-28_075346_42aaa445-db18-438f-836a-752ced15cd22,0075,1286.359,1495.902
76623365-f1ed-409e-a111-e40020eb6217,2025-11-28_075346_42aaa445-db18-438f-836a-752ced15cd22,0080,1290.157,1524.634
76623365-f1ed-409e-a111-e40020eb6217,2025-11-28_075346_42aaa445-db18-438f-836a-752ced15cd22,0085,1285.709,1498.771
76623365-f1ed-409e-a111-e40020eb6217,2025-11-28_075346_42aaa445-db18-438f-836a-752ced15cd22,0090,1286.438,1493.681
76623365-f1ed-409e-a111-e40020eb6217,2025-11-28_075346_42aaa445-db18-438f-836a-752ced15cd22,0095,1285.326,1500.172
76623365-f1ed-409e-a111-e40020eb6217,2025-11-28_075346_42aaa445-db18-438f-836a-752ced15cd22,0100,1290.625,1503.502
76623365-f1ed-409e-a111-e40020eb6217,2025-11-28_075346_42aaa445-db18-438f-836a-752ced15cd22,0105,1287.533,1501.799
76623365-f1ed-409e-a111-e40020eb6217,2025-11-28_075346_42aaa445-db18-438f-836a-752ced15cd22,0110,1286.895,1495.181
76623365-f1ed-409e-a111-e40020eb6217,2025-11-28_075346_42aaa445-db18-438f-836a-752ced15cd22,0115,1285.769,1494.154
76623365-f1ed-409e-a111-e40020eb6217,2025-11-28_075346_42aaa445-db18-438f-836a-752ced15cd22,0120,1286.386,1495.12
76623365-f1ed-409e-a111-e40020eb6217,2025-11-28_075346_42aaa445-db18-438f-836a-752ced15cd22,0125,1286.599,1500.223
76623365-f1ed-409e-a111-e40020eb6217,2025-11-28_075346_42aaa445-db18-438f-836a-752ced15cd22,0130,1285.799,1493.41
76623365-f1ed-409e-a111-e40020eb6217,2025-11-28_075346_42aaa445-db18-438f-836a-752ced15cd22,0135,1285.842,1500.567
76623365-f1ed-409e-a111-e40020eb6217,2025-11-28_075346_42aaa445-db18-438f-836a-752ced15cd22,0140,1291.391,1512.971
76623365-f1ed-409e-a111-e40020eb6217,2025-11-28_075346_42aaa445-db18-438f-836a-752ced15cd22,0145,1289.573,1525.279
76623365-f1ed-409e-a111-e40020eb6217,2025-11-28_075346_42aaa445-db18-438f-836a-752ced15cd22,0150,1290.602,1506.406
76623365-f1ed-409e-a111-e40020eb6217,2025-11-28_075346_42aaa445-db18-438f-836a-752ced15cd22,0155,1290.223,1504.544
76623365-f1ed-409e-a111-e40020eb6217,2025-11-28_075346_42aaa445-db18-438f-836a-752ced15cd22,0160,1290.61,1506.244
76623365-f1ed-409e-a111-e40020eb6217,2025-11-28_075346_42aaa445-db18-438f-836a-752ced15cd22,0165,1291.011,1509.912
76623365-f1ed-409e-a111-e40020eb6217,2025-11-28_075346_42aaa445-db18-438f-836a-752ced15cd22,0170,1286.03,1501.459
76623365-f1ed-409e-a111-e40020eb6217,2025-11-28_075346_42aaa445-db18-438f-836a-752ced15cd22,0175,1285.214,1497.953
76623365-f1ed-409e-a111-e40020eb6217,2025-11-28_075346_42aaa445-db18-438f-836a-752ced15cd22,0180,1286.753,1495.162
76623365-f1ed-409e-a111-e40020eb6217,2025-11-28_075346_42aaa445-db18-438f-836a-752ced15cd22,0185,1286.414,1501.524
76623365-f1ed-409e-a111-e40020eb6217,2025-11-28_075346_42aaa445-db18-438f-836a-752ced15cd22,0190,1285.834,1493.802
76623365-f1ed-409e-a111-e40020eb6217,2025-11-28_075346_42aaa445-db18-438f-836a-752ced15cd22,0195,1285.802,1494.644
76623365-f1ed-409e-a111-e40020eb6217,2025-11-28_075346_42aaa445-db18-438f-836a-752ced15cd22,0200,1290.983,1501.101
76623365-f1ed-409e-a111-e40020eb6217,2025-11-28_075346_42aaa445-db18-438f-836a-752ced15cd22,0205,1290.689,1507.965
76623365-f1ed-409e-a111-e40020eb6217,2025-11-28_075346_42aaa445-db18-438f-836a-752ced15cd22,0210,1286.065,1502.819
76623365-f1ed-409e-a111-e40020eb6217,2025-11-28_075346_42aaa445-db18-438f-836a-752ced15cd22,0215,1285.336,1501.057
76623365-f1ed-409e-a111-e40020eb6217,2025-11-28_075346_42aaa445-db18-438f-836a-752ced15cd22,0220,1290.0,1504.836
76623365-f1ed-409e-a111-e40020eb6217,2025-11-28_075346_42aaa445-db18-438f-836a-752ced15cd22,0225,1285.329,1492.285
76623365-f1ed-409e-a111-e40020eb6217,2025-11-28_075346_42aaa445-db18-438f-836a-752ced15cd22,0230,1284.837,1499.788
76623365-f1ed-409e-a111-e40020eb6217,2025-11-28_075346_42aaa445-db18-438f-836a-752ced15cd22,0235,1285.781,1495.097
76623365-f1ed-409e-a111-e40020eb6217,2025-11-28_075346_42aaa445-db18-438f-836a-752ced15cd22,0240,1286.195,1503.227
76623365-f1ed-409e-a111-e40020eb6217,2025-11-28_075346_42aaa445-db18-438f-836a-752ced15cd22,0245,1285.855,1499.708
76623365-f1ed-409e-a111-e40020eb6217,2025-11-28_075346_42aaa445-db18-438f-836a-752ced15cd22,0250,1285.424,1493.432
76623365-f1ed-409e-a111-e40020eb6217,2025-11-28_075346_42aaa445-db18-438f-836a-752ced15cd22,0255,1286.14,1502.125
76623365-f1ed-409e-a111-e40020eb6217,2025-11-28_075346_42aaa445-db18-438f-836a-752ced15cd22,0260,1290.02,1505.536
76623365-f1ed-409e-a111-e40020eb6217,2025-11-28_075346_42aaa445-db18-438f-836a-752ced15cd22,0265,1289.572,1502.331
76623365-f1ed-409e-a111-e40020eb6217,2025-11-28_075346_42aaa445-db18-438f-836a-752ced15cd22,0270,1290.425,1507.681
76623365-f1ed-409e-a111-e40020eb6217,2025-11-28_075346_42aaa445-db18-438f-836a-752ced15cd22,0275,1290.61,1503.351
76623365-f1ed-409e-a111-e40020eb6217,2025-11-28_075346_42aaa445-db18-438f-836a-752ced15cd22,0280,1289.97,1508.674
76623365-f1ed-409e-a111-e40020eb6217,2025-11-28_075346_42aaa445-db18-438f-836a-752ced15cd22,0285,1290.382,1506.297
76623365-f1ed-409e-a111-e40020eb6217,2025-11-28_075346_42aaa445-db18-438f-836a-752ced15cd22,0290,1289.77,1508.238
76623365-f1ed-409e-a111-e40020eb6217,2025-11-28_075346_42aaa445-db18-438f-836a-752ced15cd22,0295,1290.545,1504.229
76623365-f1ed-409e-a111-e40020eb6217,2025-11-28_075346_42aaa445-db18-438f-836a-752ced15cd22,0300,1290.477,1520.049
76623365-f1ed-409e-a111-e40020eb6217,2025-11-28_075346_42aaa445-db18-438f-836a-752ced15cd22,0305,1290.376,1505.938
76623365-f1ed-409e-a111-e40020eb6217,2025-11-28_075346_42aaa445-db18-438f-836a-752ced15cd22,0310,1290.049,1505.416
76623365-f1ed-409e-a111-e40020eb6217,2025-11-28_075346_42aaa445-db18-438f-836a-752ced15cd22,0315,1290.208,1507.537
76623365-f1ed-409e-a111-e40020eb6217,2025-11-28_075346_42aaa445-db18-438f-836a-752ced15cd22,0320,1290.118,1508.057
76623365-f1ed-409e-a111-e40020eb6217,2025-11-28_075346_42aaa445-db18-438f-836a-752ced15cd22,0325,1290.43,1504.635
76623365-f1ed-409e-a111-e40020eb6217,2025-11-28_075346_42aaa445-db18-438f-836a-752ced15cd22,0330,1290.74,1504.048
76623365-f1ed-409e-a111-e40020eb6217,2025-11-28_075346_42aaa445-db18-438f-836a-752ced15cd22,0335,1291.422,1507.53
76623365-f1ed-409e-a111-e40020eb6217,2025-11-28_075346_42aaa445-db18-438f-836a-752ced15cd22,0340,1290.528,1505.193
76623365-f1ed-409e-a111-e40020eb6217,2025-11-28_075346_42aaa445-db18-438f-836a-752ced15cd22,0345,1291.326,1506.571
76623365-f1ed-409e-a111-e40020eb6217,2025-11-28_075346_42aaa445-db18-438f-836a-752ced15cd22,0350,1290.429,1503.174
76623365-f1ed-409e-a111-e40020eb6217,2025-11-28_075346_42aaa445-db18-438f-836a-752ced15cd22,0355,1290.455,1505.817
76623365-f1ed-409e-a111-e40020eb6217,2025-11-28_075346_42aaa445-db18-438f-836a-752ced15cd22,0360,1288.268,1501.653
76623365-f1ed-409e-a111-e40020eb6217,2025-11-28_075346_42aaa445-db18-438f-836a-752ced15cd22,0365,1285.817,1496.781
76623365-f1ed-409e-a111-e40020eb6217,2025-11-28_075346_42aaa445-db18-438f-836a-752ced15cd22,0370,1285.804,1500.528
76623365-f1ed-409e-a111-e40020eb6217,2025-11-28_075346_42aaa445-db18-438f-836a-752ced15cd22,0375,1285.92,1489.939
76623365-f1ed-409e-a111-e40020eb6217,2025-11-28_075346_42aaa445-db18-438f-836a-752ced15cd22,0380,1286.604,1493.409
76623365-f1ed-409e-a111-e40020eb6217,2025-11-28_075346_42aaa445-db18-438f-836a-752ced15cd22,0385,1285.888,1499.195
76623365-f1ed-409e-a111-e40020eb6217,2025-11-28_075346_42aaa445-db18-438f-836a-752ced15cd22,0390,1290.436,1503.849
76623365-f1ed-409e-a111-e40020eb6217,2025-11-28_075346_42aaa445-db18-438f-836a-752ced15cd22,0395,1286.03,1493.837
76623365-f1ed-409e-a111-e40020eb6217,2025-11-28_075346_42aaa445-db18-438f-836a-752ced15cd22,0400,1285.718,1493.878
76623365-f1ed-409e-a111-e40020eb6217,2025-11-28_075346_42aaa445-db18-438f-836a-752ced15cd22,0405,1286.163,1498.849
76623365-f1ed-409e-a111-e40020eb6217,2025-11-28_075346_42aaa445-db18-438f-836a-752ced15cd22,0410,1285.409,1498.965
76623365-f1ed-409e-a111-e40020eb6217,2025-11-28_075346_42aaa445-db18-438f-836a-752ced15cd22,0415,1285.743,1494.157
76623365-f1ed-409e-a111-e40020eb6217,2025-11-28_075346_42aaa445-db18-438f-836a-752ced15cd22,0420,1285.699,1491.552
76623365-f1ed-409e-a111-e40020eb6217,2025-11-28_075346_42aaa445-db18-438f-836a-752ced15cd22,0425,1285.852,1493.665
76623365-f1ed-409e-a111-e40020eb6217,2025-11-28_075346_42aaa445-db18-438f-836a-752ced15cd22,0430,1285.661,1493.132
76623365-f1ed-409e-a111-e40020eb6217,2025-11-28_075346_42aaa445-db18-438f-836a-752ced15cd22,0435,1286.658,1498.446
76623365-f1ed-409e-a111-e40020eb6217,2025-11-28_075346_42aaa445-db18-438f-836a-752ced15cd22,0440,1286.099,1494.176
76623365-f1ed-409e-a111-e40020eb6217,2025-11-28_075346_42aaa445-db18-438f-836a-752ced15cd22,0445,1286.347,1492.822
76623365-f1ed-409e-a111-e40020eb6217,2025-11-28_075346_42aaa445-db18-438f-836a-752ced15cd22,0450,1286.279,1494.344
76623365-f1ed-409e-a111-e40020eb6217,2025-11-28_075346_42aaa445-db18-438f-836a-752ced15cd22,0455,1290.298,1500.712
76623365-f1ed-409e-a111-e40020eb6217,2025-11-28_075346_42aaa445-db18-438f-836a-752ced15cd22,0460,1290.208,1490.873
76623365-f1ed-409e-a111-e40020eb6217,2025-11-28_075346_42aaa445-db18-438f-836a-752ced15cd22,0465,1290.866,1489.33
76623365-f1ed-409e-a111-e40020eb6217,2025-11-28_075346_42aaa445-db18-438f-836a-752ced15cd22,0470,1291.957,1492.093
76623365-f1ed-409e-a111-e40020eb6217,2025-11-28_075346_42aaa445-db18-438f-836a-752ced15cd22,0475,1290.172,1488.579
76623365-f1ed-409e-a111-e40020eb6217,2025-11-28_075346_42aaa445-db18-438f-836a-752ced15cd22,0480,1290.542,1491.308
76623365-f1ed-409e-a111-e40020eb6217,2025-11-28_075346_42aaa445-db18-438f-836a-752ced15cd22,0485,1290.945,1489.887
76623365-f1ed-409e-a111-e40020eb6217,2025-11-28_075346_42aaa445-db18-438f-836a-752ced15cd22,0490,1290.123,1500.058
76623365-f1ed-409e-a111-e40020eb6217,2025-11-28_075346_42aaa445-db18-438f-836a-752ced15cd22,0495,1289.59,1488.797
76623365-f1ed-409e-a111-e40020eb6217,2025-11-28_075346_42aaa445-db18-438f-836a-752ced15cd22,0500,1289.78,1490.003
76623365-f1ed-409e-a111-e40020eb6217,2025-11-28_075346_42aaa445-db18-438f-836a-752ced15cd22,0505,1286.286,1499.877
76623365-f1ed-409e-a111-e40020eb6217,2025-11-28_075346_42aaa445-db18-438f-836a-752ced15cd22,0510,1286.39,1497.458
76623365-f1ed-409e-a111-e40020eb6217,2025-11-28_075346_42aaa445-db18-438f-836a-752ced15cd22,0515,1290.303,1507.98
76623365-f1ed-409e-a111-e40020eb6217,2025-11-28_075346_42aaa445-db18-438f-836a-752ced15cd22,0520,1285.028,1481.566
76623365-f1ed-409e-a111-e40020eb6217,2025-11-28_075346_42aaa445-db18-438f-836a-752ced15cd22,0525,1286.029,1493.02
76623365-f1ed-409e-a111-e40020eb6217,2025-11-28_075346_42aaa445-db18-438f-836a-752ced15cd22,0530,1285.852,1491.845
76623365-f1ed-409e-a111-e40020eb6217,2025-11-28_075346_42aaa445-db18-438f-836a-752ced15cd22,0535,1285.414,1499.829
76623365-f1ed-409e-a111-e40020eb6217,2025-11-28_075346_42aaa445-db18-438f-836a-752ced15cd22,0540,1286.577,1500.352
76623365-f1ed-409e-a111-e40020eb6217,2025-11-28_075346_42aaa445-db18-438f-836a-752ced15cd22,0545,1285.826,1485.654
76623365-f1ed-409e-a111-e40020eb6217,2025-11-28_075346_42aaa445-db18-438f-836a-752ced15cd22,0550,1285.671,1499.528
76623365-f1ed-409e-a111-e40020eb6217,2025-11-28_075346_42aaa445-db18-438f-836a-752ced15cd22,0555,1285.956,1498.828
76623365-f1ed-409e-a111-e40020eb6217,2025-11-28_075346_42aaa445-db18-438f-836a-752ced15cd22,0560,1288.862,1497.604
76623365-f1ed-409e-a111-e40020eb6217,2025-11-28_075346_42aaa445-db18-438f-836a-752ced15cd22,0565,1285.246,1497.006
76623365-f1ed-409e-a111-e40020eb6217,2025-11-28_075346_42aaa445-db18-438f-836a-752ced15cd22,0570,1285.661,1501.961
76623365-f1ed-409e-a111-e40020eb6217,2025-11-28_075346_42aaa445-db18-438f-836a-752ced15cd22,0575,1290.078,1503.991
76623365-f1ed-409e-a111-e40020eb6217,2025-11-28_075346_42aaa445-db18-438f-836a-752ced15cd22,0580,1289.932,1506.054
76623365-f1ed-409e-a111-e40020eb6217,2025-11-28_075346_42aaa445-db18-438f-836a-752ced15cd22,0585,1290.552,1504.566
76623365-f1ed-409e-a111-e40020eb6217,2025-11-28_075346_42aaa445-db18-438f-836a-752ced15cd22,0590,1290.058,1506.636
76623365-f1ed-409e-a111-e40020eb6217,2025-11-28_075346_42aaa445-db18-438f-836a-752ced15cd22,0595,1290.33,1508.869
76623365-f1ed-409e-a111-e40020eb6217,2025-11-28_075346_42aaa445-db18-438f-836a-752ced15cd22,0600,1290.266,1506.849
76623365-f1ed-409e-a111-e40020eb6217,2025-11-28_075346_42aaa445-db18-438f-836a-752ced15cd22,0605,1291.356,1507.142
76623365-f1ed-409e-a111-e40020eb6217,2025-11-28_075346_42aaa445-db18-438f-836a-752ced15cd22,0610,1285.35,1498.919
76623365-f1ed-409e-a111-e40020eb6217,2025-11-28_075346_42aaa445-db18-438f-836a-752ced15cd22,0615,1285.847,1502.715
76623365-f1ed-409e-a111-e40020eb6217,2025-11-28_075346_42aaa445-db18-438f-836a-752ced15cd22,0620,1285.685,1495.063
76623365-f1ed-409e-a111-e40020eb6217,2025-11-28_075346_42aaa445-db18-438f-836a-752ced15cd22,0625,1285.768,1500.516
76623365-f1ed-409e-a111-e40020eb6217,2025-11-28_075346_42aaa445-db18-438f-836a-752ced15cd22,0630,1286.113,1498.399
76623365-f1ed-409e-a111-e40020eb6217,2025-11-28_075346_42aaa445-db18-438f-836a-752ced15cd22,0635,1285.967,1493.532
76623365-f1ed-409e-a111-e40020eb6217,2025-11-28_075346_42aaa445-db18-438f-836a-752ced15cd22,0640,1285.598,1492.982
76623365-f1ed-409e-a111-e40020eb6217,2025-11-28_075346_42aaa445-db18-438f-836a-752ced15cd22,0645,1285.734,1500.107
76623365-f1ed-409e-a111-e40020eb6217,2025-11-28_075346_42aaa445-db18-438f-836a-752ced15cd22,0650,1290.935,1524.304
76623365-f1ed-409e-a111-e40020eb6217,2025-11-28_075346_42aaa445-db18-438f-836a-752ced15cd22,0655,1290.523,1490.256
76623365-f1ed-409e-a111-e40020eb6217,2025-11-28_075346_42aaa445-db18-438f-836a-752ced15cd22,0660,1286.26,1484.075
76623365-f1ed-409e-a111-e40020eb6217,2025-11-28_075346_42aaa445-db18-438f-836a-752ced15cd22,0665,1289.376,1497.455
76623365-f1ed-409e-a111-e40020eb6217,2025-11-28_075346_42aaa445-db18-438f-836a-752ced15cd22,0670,1285.913,1496.601
76623365-f1ed-409e-a111-e40020eb6217,2025-11-28_075346_42aaa445-db18-438f-836a-752ced15cd22,0675,1286.215,1496.466
76623365-f1ed-409e-a111-e40020eb6217,2025-11-28_075346_42aaa445-db18-438f-836a-752ced15cd22,0680,1285.863,1494.057
76623365-f1ed-409e-a111-e40020eb6217,2025-11-28_075346_42aaa445-db18-438f-836a-752ced15cd22,0685,1285.844,1502.837
76623365-f1ed-409e-a111-e40020eb6217,2025-11-28_075346_42aaa445-db18-438f-836a-752ced15cd22,0690,1286.161,1494.213
76623365-f1ed-409e-a111-e40020eb6217,2025-11-28_075346_42aaa445-db18-438f-836a-752ced15cd22,0695,1289.95,1497.532
76623365-f1ed-409e-a111-e40020eb6217,2025-11-28_075346_42aaa445-db18-438f-836a-752ced15cd22,0700,1290.973,1508.593
76623365-f1ed-409e-a111-e40020eb6217,2025-11-28_075346_42aaa445-db18-438f-836a-752ced15cd22,0705,1290.702,1503.041
76623365-f1ed-409e-a111-e40020eb6217,2025-11-28_075346_42aaa445-db18-438f-836a-752ced15cd22,0710,1290.442,1508.909
76623365-f1ed-409e-a111-e40020eb6217,2025-11-28_075346_42aaa445-db18-438f-836a-752ced15cd22,0715,1290.439,1505.66
76623365-f1ed-409e-a111-e40020eb6217,2025-11-28_075346_42aaa445-db18-438f-836a-752ced15cd22,0720,1290.734,1509.297
76623365-f1ed-409e-a111-e40020eb6217,2025-11-28_075346_42aaa445-db18-438f-836a-752ced15cd22,0725,1290.301,1492.051
76623365-f1ed-409e-a111-e40020eb6217,2025-11-28_075346_42aaa445-db18-438f-836a-752ced15cd22,0730,1290.375,1508.34
76623365-f1ed-409e-a111-e40020eb6217,2025-11-28_075346_42aaa445-db18-438f-836a-752ced15cd22,0735,1290.423,1506.178
76623365-f1ed-409e-a111-e40020eb6217,2025-11-28_075346_42aaa445-db18-438f-836a-752ced15cd22,0740,1290.289,1492.39
76623365-f1ed-409e-a111-e40020eb6217,2025-11-28_075346_42aaa445-db18-438f-836a-752ced15cd22,0745,1289.633,1488.33
76623365-f1ed-409e-a111-e40020eb6217,2025-11-28_075346_42aaa445-db18-438f-836a-752ced15cd22,0750,1290.143,1489.298
76623365-f1ed-409e-a111-e40020eb6217,2025-11-28_075346_42aaa445-db18-438f-836a-752ced15cd22,0755,1289.779,1489.325
76623365-f1ed-409e-a111-e40020eb6217,2025-11-28_075346_42aaa445-db18-438f-836a-752ced15cd22,0760,1290.037,1490.052
76623365-f1ed-409e-a111-e40020eb6217,2025-11-28_075346_42aaa445-db18-438f-836a-752ced15cd22,0765,1290.661,1488.639
76623365-f1ed-409e-a111-e40020eb6217,2025-11-28_075346_42aaa445-db18-438f-836a-752ced15cd22,0770,1289.939,1491.14
76623365-f1ed-409e-a111-e40020eb6217,2025-11-28_075346_42aaa445-db18-438f-836a-752ced15cd22,0775,1289.553,1488.507
76623365-f1ed-409e-a111-e40020eb6217,2025-11-28_075346_42aaa445-db18-438f-836a-752ced15cd22,0780,1289.591,1488.999
76623365-f1ed-409e-a111-e40020eb6217,2025-11-28_075346_42aaa445-db18-438f-836a-752ced15cd22,0785,1291.166,1488.092
76623365-f1ed-409e-a111-e40020eb6217,2025-11-28_075346_42aaa445-db18-438f-836a-752ced15cd22,0790,1290.479,1488.248
76623365-f1ed-409e-a111-e40020eb6217,2025-11-28_075346_42aaa445-db18-438f-836a-752ced15cd22,0795,1290.446,1488.631
76623365-f1ed-409e-a111-e40020eb6217,2025-11-28_075346_42aaa445-db18-438f-836a-752ced15cd22,0800,1291.188,1503.97
76623365-f1ed-409e-a111-e40020eb6217,2025-11-28_075346_42aaa445-db18-438f-836a-752ced15cd22,0805,1287.237,1501.901
76623365-f1ed-409e-a111-e40020eb6217,2025-11-28_075346_42aaa445-db18-438f-836a-752ced15cd22,0810,1286.407,1494.547
76623365-f1ed-409e-a111-e40020eb6217,2025-11-28_075346_42aaa445-db18-438f-836a-752ced15cd22,0815,1285.937,1494.437
76623365-f1ed-409e-a111-e40020eb6217,2025-11-28_075346_42aaa445-db18-438f-836a-752ced15cd22,0820,1285.956,1501.69
76623365-f1ed-409e-a111-e40020eb6217,2025-11-28_075346_42aaa445-db18-438f-836a-752ced15cd22,0825,1286.363,1496.674
76623365-f1ed-409e-a111-e40020eb6217,2025-11-28_075346_42aaa445-db18-438f-836a-752ced15cd22,0830,1286.652,1500.664
76623365-f1ed-409e-a111-e40020eb6217,2025-11-28_075346_42aaa445-db18-438f-836a-752ced15cd22,0835,1285.599,1492.027
76623365-f1ed-409e-a111-e40020eb6217,2025-11-28_075346_42aaa445-db18-438f-836a-752ced15cd22,0840,1285.778,1491.579
76623365-f1ed-409e-a111-e40020eb6217,2025-11-28_075346_42aaa445-db18-438f-836a-752ced15cd22,0845,1286.196,1484.669
76623365-f1ed-409e-a111-e40020eb6217,2025-11-28_075346_42aaa445-db18-438f-836a-752ced15cd22,0850,1286.263,1494.207
76623365-f1ed-409e-a111-e40020eb6217,2025-11-28_075346_42aaa445-db18-438f-836a-752ced15cd22,0855,1288.234,1494.723
76623365-f1ed-409e-a111-e40020eb6217,2025-11-28_075346_42aaa445-db18-438f-836a-752ced15cd22,0860,1285.658,1495.962
76623365-f1ed-409e-a111-e40020eb6217,2025-11-28_075346_42aaa445-db18-438f-836a-752ced15cd22,0865,1286.215,1494.486
76623365-f1ed-409e-a111-e40020eb6217,2025-11-28_075346_42aaa445-db18-438f-836a-752ced15cd22,0870,1286.196,1499.097
76623365-f1ed-409e-a111-e40020eb6217,2025-11-28_075346_42aaa445-db18-438f-836a-752ced15cd22,0875,1286.523,1494.098
76623365-f1ed-409e-a111-e40020eb6217,2025-11-28_075346_42aaa445-db18-438f-836a-752ced15cd22,0880,1286.259,1499.776
76623365-f1ed-409e-a111-e40020eb6217,2025-11-28_075346_42aaa445-db18-438f-836a-752ced15cd22,0885,1290.165,1496.802
76623365-f1ed-409e-a111-e40020eb6217,2025-11-28_075346_42aaa445-db18-438f-836a-752ced15cd22,0890,1285.571,1495.565
76623365-f1ed-409e-a111-e40020eb6217,2025-11-28_075346_42aaa445-db18-438f-836a-752ced15cd22,0895,1285.63,1492.072
76623365-f1ed-409e-a111-e40020eb6217,2025-11-28_075346_42aaa445-db18-438f-836a-752ced15cd22,0900,1285.886,1500.391
76623365-f1ed-409e-a111-e40020eb6217,2025-11-28_075346_42aaa445-db18-438f-836a-752ced15cd22,0905,1290.481,1504.991
76623365-f1ed-409e-a111-e40020eb6217,2025-11-28_075346_42aaa445-db18-438f-836a-752ced15cd22,0910,1290.958,1489.778
76623365-f1ed-409e-a111-e40020eb6217,2025-11-28_075346_42aaa445-db18-438f-836a-752ced15cd22,0915,1290.302,1488.302
76623365-f1ed-409e-a111-e40020eb6217,2025-11-28_075346_42aaa445-db18-438f-836a-752ced15cd22,0920,1289.087,1486.911
76623365-f1ed-409e-a111-e40020eb6217,2025-11-28_075346_42aaa445-db18-438f-836a-752ced15cd22,0925,1286.41,1500.083
76623365-f1ed-409e-a111-e40020eb6217,2025-11-28_075346_42aaa445-db18-438f-836a-752ced15cd22,0930,1286.103,1493.25
76623365-f1ed-409e-a111-e40020eb6217,2025-11-28_075346_42aaa445-db18-438f-836a-752ced15cd22,0935,1286.057,1493.597
76623365-f1ed-409e-a111-e40020eb6217,2025-11-28_075346_42aaa445-db18-438f-836a-752ced15cd22,0940,1286.043,1493.932
76623365-f1ed-409e-a111-e40020eb6217,2025-11-28_075346_42aaa445-db18-438f-836a-752ced15cd22,0945,1285.553,1492.45
76623365-f1ed-409e-a111-e40020eb6217,2025-11-28_075346_42aaa445-db18-438f-836a-752ced15cd22,0950,1286.703,1500.665
76623365-f1ed-409e-a111-e40020eb6217,2025-11-28_075346_42aaa445-db18-438f-836a-752ced15cd22,0955,1291.066,1509.862
76623365-f1ed-409e-a111-e40020eb6217,2025-11-28_075346_42aaa445-db18-438f-836a-752ced15cd22,0960,1286.295,1487.465
76623365-f1ed-409e-a111-e40020eb6217,2025-11-28_075346_42aaa445-db18-438f-836a-752ced15cd22,0965,1285.875,1494.452
76623365-f1ed-409e-a111-e40020eb6217,2025-11-28_075346_42aaa445-db18-438f-836a-752ced15cd22,0970,1285.791,1492.388
76623365-f1ed-409e-a111-e40020eb6217,2025-11-28_075346_42aaa445-db18-438f-836a-752ced15cd22,0975,1286.224,1493.55
76623365-f1ed-409e-a111-e40020eb6217,2025-11-28_075346_42aaa445-db18-438f-836a-752ced15cd22,0980,1285.678,1492.799
76623365-f1ed-409e-a111-e40020eb6217,2025-11-28_075346_42aaa445-db18-438f-836a-752ced15cd22,0985,1285.686,1493.122
76623365-f1ed-409e-a111-e40020eb6217,2025-11-28_075346_42aaa445-db18-438f-836a-752ced15cd22,0990,1286.018,1493.575
76623365-f1ed-409e-a111-e40020eb6217,2025-11-28_075346_42aaa445-db18-438f-836a-752ced15cd22,0995,1285.759,1492.752
76623365-f1ed-409e-a111-e40020eb6217,2025-11-28_075346_42aaa445-db18-438f-836a-752ced15cd22,1000,1290.467,1503.815
76623365-f1ed-409e-a111-e40020eb6217,2025-11-28_075346_42aaa445-db18-438f-836a-752ced15cd22,1005,1289.518,1502.157
76623365-f1ed-409e-a111-e40020eb6217,2025-11-28_075346_42aaa445-db18-438f-836a-752ced15cd22,1010,1287.357,1501.89
76623365-f1ed-409e-a111-e40020eb6217,2025-11-28_075346_42aaa445-db18-438f-836a-752ced15cd22,1015,1286.564,1498.412
76623365-f1ed-409e-a111-e40020eb6217,2025-11-28_075346_42aaa445-db18-438f-836a-752ced15cd22,1020,1285.852,1497.934
76623365-f1ed-409e-a111-e40020eb6217,2025-11-28_075346_42aaa445-db18-438f-836a-752ced15cd22,1025,1285.701,1485.399
76623365-f1ed-409e-a111-e40020eb6217,2025-11-28_075346_42aaa445-db18-438f-836a-752ced15cd22,1030,1285.69,1502.141
76623365-f1ed-409e-a111-e40020eb6217,2025-11-28_075346_42aaa445-db18-438f-836a-752ced15cd22,1035,1286.137,1500.28
76623365-f1ed-409e-a111-e40020eb6217,2025-11-28_075346_42aaa445-db18-438f-836a-752ced15cd22,1040,1286.708,1494.51
76623365-f1ed-409e-a111-e40020eb6217,2025-11-28_075346_42aaa445-db18-438f-836a-752ced15cd22,1045,1285.361,1499.001
76623365-f1ed-409e-a111-e40020eb6217,2025-11-28_075346_42aaa445-db18-438f-836a-752ced15cd22,1050,1285.97,1502.201
76623365-f1ed-409e-a111-e40020eb6217,2025-11-28_075346_42aaa445-db18-438f-836a-752ced15cd22,1055,1286.387,1501.342
76623365-f1ed-409e-a111-e40020eb6217,2025-11-28_075346_42aaa445-db18-438f-836a-752ced15cd22,1060,1285.468,1496.705
76623365-f1ed-409e-a111-e40020eb6217,2025-11-28_075346_42aaa445-db18-438f-836a-752ced15cd22,1065,1285.561,1498.876
76623365-f1ed-409e-a111-e40020eb6217,2025-11-28_075346_42aaa445-db18-438f-836a-752ced15cd22,1070,1285.868,1493.549
76623365-f1ed-409e-a111-e40020eb6217,2025-11-28_075346_42aaa445-db18-438f-836a-752ced15cd22,1075,1285.402,1492.725
76623365-f1ed-409e-a111-e40020eb6217,2025-11-28_075346_42aaa445-db18-438f-836a-752ced15cd22,1080,1290.038,1502.274
76623365-f1ed-409e-a111-e40020eb6217,2025-11-28_075346_42aaa445-db18-438f-836a-752ced15cd22,1085,1286.411,1485.527
76623365-f1ed-409e-a111-e40020eb6217,2025-11-28_075346_42aaa445-db18-438f-836a-752ced15cd22,1090,1285.792,1494.798
76623365-f1ed-409e-a111-e40020eb6217,2025-11-28_075346_42aaa445-db18-438f-836a-752ced15cd22,1095,1285.953,1495.474
76623365-f1ed-409e-a111-e40020eb6217,2025-11-28_075346_42aaa445-db18-438f-836a-752ced15cd22,1100,1290.585,1507.195
76623365-f1ed-409e-a111-e40020eb6217,2025-11-28_075346_42aaa445-db18-438f-836a-752ced15cd22,1105,1286.063,1499.471
76623365-f1ed-409e-a111-e40020eb6217,2025-11-28_075346_42aaa445-db18-438f-836a-752ced15cd22,1110,1286.098,1500.183
76623365-f1ed-409e-a111-e40020eb6217,2025-11-28_075346_42aaa445-db18-438f-836a-752ced15cd22,1115,1285.981,1496.01
76623365-f1ed-409e-a111-e40020eb6217,2025-11-28_075346_42aaa445-db18-438f-836a-752ced15cd22,1120,1285.729,1502.299
76623365-f1ed-409e-a111-e40020eb6217,2025-11-28_075346_42aaa445-db18-438f-836a-752ced15cd22,1125,1286.397,1501.514
76623365-f1ed-409e-a111-e40020eb6217,2025-11-28_075346_42aaa445-db18-438f-836a-752ced15cd22,1130,1286.149,1499.672
76623365-f1ed-409e-a111-e40020eb6217,2025-11-28_075346_42aaa445-db18-438f-836a-752ced15cd22,1135,1286.087,1499.952
76623365-f1ed-409e-a111-e40020eb6217,2025-11-28_075346_42aaa445-db18-438f-836a-752ced15cd22,1140,1286.337,1494.998
76623365-f1ed-409e-a111-e40020eb6217,2025-11-28_075346_42aaa445-db18-438f-836a-752ced15cd22,1145,1285.956,1494.385
76623365-f1ed-409e-a111-e40020eb6217,2025-11-28_075346_42aaa445-db18-438f-836a-752ced15cd22,1150,1286.134,1498.731
76623365-f1ed-409e-a111-e40020eb6217,2025-11-28_075346_42aaa445-db18-438f-836a-752ced15cd22,1155,1286.152,1494.335
76623365-f1ed-409e-a111-e40020eb6217,2025-11-28_075346_42aaa445-db18-438f-836a-752ced15cd22,1160,1290.875,1506.002
76623365-f1ed-409e-a111-e40020eb6217,2025-11-28_075346_42aaa445-db18-438f-836a-752ced15cd22,1165,1290.377,1503.154
76623365-f1ed-409e-a111-e40020eb6217,2025-11-28_075346_42aaa445-db18-438f-836a-752ced15cd22,1170,1290.767,1504.268
76623365-f1ed-409e-a111-e40020eb6217,2025-11-28_075346_42aaa445-db18-438f-836a-752ced15cd22,1175,1291.122,1504.045
76623365-f1ed-409e-a111-e40020eb6217,2025-11-28_075346_42aaa445-db18-438f-836a-752ced15cd22,1180,1291.801,1491.856
76623365-f1ed-409e-a111-e40020eb6217,2025-11-28_075346_42aaa445-db18-438f-836a-752ced15cd22,1185,1290.782,1505.453
76623365-f1ed-409e-a111-e40020eb6217,2025-11-28_075346_42aaa445-db18-438f-836a-752ced15cd22,1190,1290.564,1508.043
76623365-f1ed-409e-a111-e40020eb6217,2025-11-28_075346_42aaa445-db18-438f-836a-752ced15cd22,1195,1290.813,1505.69
76623365-f1ed-409e-a111-e40020eb6217,2025-11-28_075346_42aaa445-db18-438f-836a-752ced15cd22,1200,1290.952,1511.425
76623365-f1ed-409e-a111-e40020eb6217,2025-11-28_075346_42aaa445-db18-438f-836a-752ced15cd22,1205,1290.889,1502.826
76623365-f1ed-409e-a111-e40020eb6217,2025-11-28_075346_42aaa445-db18-438f-836a-752ced15cd22,1210,1290.834,1505.872
76623365-f1ed-409e-a111-e40020eb6217,2025-11-28_075346_42aaa445-db18-438f-836a-752ced15cd22,1215,1291.134,1502.334
76623365-f1ed-409e-a111-e40020eb6217,2025-11-28_075346_42aaa445-db18-438f-836a-752ced15cd22,1220,1290.763,1505.143
76623365-f1ed-409e-a111-e40020eb6217,2025-11-28_075346_42aaa445-db18-438f-836a-752ced15cd22,1225,1290.055,1505.265
76623365-f1ed-409e-a111-e40020eb6217,2025-11-28_075346_42aaa445-db18-438f-836a-752ced15cd22,1230,1289.958,1503.827
76623365-f1ed-409e-a111-e40020eb6217,2025-11-28_075346_42aaa445-db18-438f-836a-752ced15cd22,1235,1290.9,1505.097
76623365-f1ed-409e-a111-e40020eb6217,2025-11-28_075346_42aaa445-db18-438f-836a-752ced15cd22,1240,1290.467,1507.177
76623365-f1ed-409e-a111-e40020eb6217,2025-11-28_075346_42aaa445-db18-438f-836a-752ced15cd22,1245,1290.713,1506.374
76623365-f1ed-409e-a111-e40020eb6217,2025-11-28_075346_42aaa445-db18-438f-836a-752ced15cd22,1250,1291.325,1507.395
76623365-f1ed-409e-a111-e40020eb6217,2025-11-28_075346_42aaa445-db18-438f-836a-752ced15cd22,1255,1290.957,1507.241
76623365-f1ed-409e-a111-e40020eb6217,2025-11-28_075346_42aaa445-db18-438f-836a-752ced15cd22,1260,1286.571,1504.343
76623365-f1ed-409e-a111-e40020eb6217,2025-11-28_075346_42aaa445-db18-438f-836a-752ced15cd22,1265,1288.527,1496.372
76623365-f1ed-409e-a111-e40020eb6217,2025-11-28_075346_42aaa445-db18-438f-836a-752ced15cd22,1270,1285.697,1499.285
76623365-f1ed-409e-a111-e40020eb6217,2025-11-28_075346_42aaa445-db18-438f-836a-752ced15cd22,1275,1285.862,1501.628
76623365-f1ed-409e-a111-e40020eb6217,2025-11-28_075346_42aaa445-db18-438f-836a-752ced15cd22,1280,1285.775,1499.073
76623365-f1ed-409e-a111-e40020eb6217,2025-11-28_075346_42aaa445-db18-438f-836a-752ced15cd22,1285,1290.153,1498.287
5870ba4c-58b7-489b-9d57-4319593579bd,2025-12-01_064005_348424dd-1e9e-45be-9df0-1a2cbe98df3c,0005,1285.801,1519.347
5870ba4c-58b7-489b-9d57-4319593579bd,2025-12-01_064005_348424dd-1e9e-45be-9df0-1a2cbe98df3c,0010,1285.729,1504.064
5870ba4c-58b7-489b-9d57-4319593579bd,2025-12-01_064005_348424dd-1e9e-45be-9df0-1a2cbe98df3c,0015,1285.427,1509.817
5870ba4c-58b7-489b-9d57-4319593579bd,2025-12-01_064005_348424dd-1e9e-45be-9df0-1a2cbe98df3c,0020,1290.328,1510.358
5870ba4c-58b7-489b-9d57-4319593579bd,2025-12-01_064005_348424dd-1e9e-45be-9df0-1a2cbe98df3c,0025,1290.363,1502.978
5870ba4c-58b7-489b-9d57-4319593579bd,2025-12-01_064005_348424dd-1e9e-45be-9df0-1a2cbe98df3c,0030,1285.404,1505.403
5870ba4c-58b7-489b-9d57-4319593579bd,2025-12-01_064005_348424dd-1e9e-45be-9df0-1a2cbe98df3c,0035,1286.334,1503.199
5870ba4c-58b7-489b-9d57-4319593579bd,2025-12-01_064005_348424dd-1e9e-45be-9df0-1a2cbe98df3c,0040,1286.205,1496.161
5870ba4c-58b7-489b-9d57-4319593579bd,2025-12-01_064005_348424dd-1e9e-45be-9df0-1a2cbe98df3c,0045,1285.938,1494.402
5870ba4c-58b7-489b-9d57-4319593579bd,2025-12-01_064005_348424dd-1e9e-45be-9df0-1a2cbe98df3c,0050,1287.236,1505.339
5870ba4c-58b7-489b-9d57-4319593579bd,2025-12-01_064005_348424dd-1e9e-45be-9df0-1a2cbe98df3c,0055,1286.009,1493.424
5870ba4c-58b7-489b-9d57-4319593579bd,2025-12-01_064005_348424dd-1e9e-45be-9df0-1a2cbe98df3c,0060,1285.583,1504.98
5870ba4c-58b7-489b-9d57-4319593579bd,2025-12-01_064005_348424dd-1e9e-45be-9df0-1a2cbe98df3c,0065,1286.213,1499.97
5870ba4c-58b7-489b-9d57-4319593579bd,2025-12-01_064005_348424dd-1e9e-45be-9df0-1a2cbe98df3c,0070,1285.941,1500.049
5870ba4c-58b7-489b-9d57-4319593579bd,2025-12-01_064005_348424dd-1e9e-45be-9df0-1a2cbe98df3c,0075,1286.036,1496.138
5870ba4c-58b7-489b-9d57-4319593579bd,2025-12-01_064005_348424dd-1e9e-45be-9df0-1a2cbe98df3c,0080,1285.377,1500.919
5870ba4c-58b7-489b-9d57-4319593579bd,2025-12-01_064005_348424dd-1e9e-45be-9df0-1a2cbe98df3c,0085,1285.707,1500.658
5870ba4c-58b7-489b-9d57-4319593579bd,2025-12-01_064005_348424dd-1e9e-45be-9df0-1a2cbe98df3c,0090,1285.842,1501.224
5870ba4c-58b7-489b-9d57-4319593579bd,2025-12-01_064005_348424dd-1e9e-45be-9df0-1a2cbe98df3c,0095,1286.176,1504.18
5870ba4c-58b7-489b-9d57-4319593579bd,2025-12-01_064005_348424dd-1e9e-45be-9df0-1a2cbe98df3c,0100,1285.975,1499.658
5870ba4c-58b7-489b-9d57-4319593579bd,2025-12-01_064005_348424dd-1e9e-45be-9df0-1a2cbe98df3c,0105,1286.094,1498.949
5870ba4c-58b7-489b-9d57-4319593579bd,2025-12-01_064005_348424dd-1e9e-45be-9df0-1a2cbe98df3c,0110,1290.74,1510.16
5870ba4c-58b7-489b-9d57-4319593579bd,2025-12-01_064005_348424dd-1e9e-45be-9df0-1a2cbe98df3c,0115,1286.235,1503.365
5870ba4c-58b7-489b-9d57-4319593579bd,2025-12-01_064005_348424dd-1e9e-45be-9df0-1a2cbe98df3c,0120,1284.924,1501.31
5870ba4c-58b7-489b-9d57-4319593579bd,2025-12-01_064005_348424dd-1e9e-45be-9df0-1a2cbe98df3c,0125,1285.801,1502.583
5870ba4c-58b7-489b-9d57-4319593579bd,2025-12-01_064005_348424dd-1e9e-45be-9df0-1a2cbe98df3c,0130,1285.842,1496.385
5870ba4c-58b7-489b-9d57-4319593579bd,2025-12-01_064005_348424dd-1e9e-45be-9df0-1a2cbe98df3c,0135,1285.604,1504.239
5870ba4c-58b7-489b-9d57-4319593579bd,2025-12-01_064005_348424dd-1e9e-45be-9df0-1a2cbe98df3c,0140,1290.062,1509.247
5870ba4c-58b7-489b-9d57-4319593579bd,2025-12-01_064005_348424dd-1e9e-45be-9df0-1a2cbe98df3c,0145,1285.51,1500.528
5870ba4c-58b7-489b-9d57-4319593579bd,2025-12-01_064005_348424dd-1e9e-45be-9df0-1a2cbe98df3c,0150,1290.302,1504.791
5870ba4c-58b7-489b-9d57-4319593579bd,2025-12-01_064005_348424dd-1e9e-45be-9df0-1a2cbe98df3c,0155,1286.245,1505.381
5870ba4c-58b7-489b-9d57-4319593579bd,2025-12-01_064005_348424dd-1e9e-45be-9df0-1a2cbe98df3c,0160,1289.82,1507.4
5870ba4c-58b7-489b-9d57-4319593579bd,2025-12-01_064005_348424dd-1e9e-45be-9df0-1a2cbe98df3c,0165,1285.436,1505.67
5870ba4c-58b7-489b-9d57-4319593579bd,2025-12-01_064005_348424dd-1e9e-45be-9df0-1a2cbe98df3c,0170,1286.153,1497.035
5870ba4c-58b7-489b-9d57-4319593579bd,2025-12-01_064005_348424dd-1e9e-45be-9df0-1a2cbe98df3c,0175,1285.948,1499.101
5870ba4c-58b7-489b-9d57-4319593579bd,2025-12-01_064005_348424dd-1e9e-45be-9df0-1a2cbe98df3c,0180,1285.484,1502.117
5870ba4c-58b7-489b-9d57-4319593579bd,2025-12-01_064005_348424dd-1e9e-45be-9df0-1a2cbe98df3c,0185,1285.867,1500.916
5870ba4c-58b7-489b-9d57-4319593579bd,2025-12-01_064005_348424dd-1e9e-45be-9df0-1a2cbe98df3c,0190,1286.055,1501.835
873f0b89-a563-4440-b7f6-bdb0d22dcd3f,2025-12-12_052743_5ac8852a-cea2-4a6b-82df-a6bf204255f8,0005,1285.721,1519.995
873f0b89-a563-4440-b7f6-bdb0d22dcd3f,2025-12-12_052743_5ac8852a-cea2-4a6b-82df-a6bf204255f8,0010,1286.203,1506.64
873f0b89-a563-4440-b7f6-bdb0d22dcd3f,2025-12-12_052743_5ac8852a-cea2-4a6b-82df-a6bf204255f8,0015,1286.046,1500.313
873f0b89-a563-4440-b7f6-bdb0d22dcd3f,2025-12-12_052743_5ac8852a-cea2-4a6b-82df-a6bf204255f8,0020,1285.714,1500.438
873f0b89-a563-4440-b7f6-bdb0d22dcd3f,2025-12-12_052743_5ac8852a-cea2-4a6b-82df-a6bf204255f8,0025,1286.147,1502.196
873f0b89-a563-4440-b7f6-bdb0d22dcd3f,2025-12-12_052743_5ac8852a-cea2-4a6b-82df-a6bf204255f8,0030,1286.275,1497.392
873f0b89-a563-4440-b7f6-bdb0d22dcd3f,2025-12-12_052743_5ac8852a-cea2-4a6b-82df-a6bf204255f8,0035,1285.959,1499.365
873f0b89-a563-4440-b7f6-bdb0d22dcd3f,2025-12-12_052743_5ac8852a-cea2-4a6b-82df-a6bf204255f8,0040,1285.936,1506.475
873f0b89-a563-4440-b7f6-bdb0d22dcd3f,2025-12-12_052743_5ac8852a-cea2-4a6b-82df-a6bf204255f8,0045,1285.653,1502.153
873f0b89-a563-4440-b7f6-bdb0d22dcd3f,2025-12-12_052743_5ac8852a-cea2-4a6b-82df-a6bf204255f8,0050,1286.739,1504.878
873f0b89-a563-4440-b7f6-bdb0d22dcd3f,2025-12-12_052743_5ac8852a-cea2-4a6b-82df-a6bf204255f8,0055,1287.643,1497.955
873f0b89-a563-4440-b7f6-bdb0d22dcd3f,2025-12-12_052743_5ac8852a-cea2-4a6b-82df-a6bf204255f8,0060,1285.966,1501.288
873f0b89-a563-4440-b7f6-bdb0d22dcd3f,2025-12-12_052743_5ac8852a-cea2-4a6b-82df-a6bf204255f8,0065,1285.696,1503.194
873f0b89-a563-4440-b7f6-bdb0d22dcd3f,2025-12-12_052743_5ac8852a-cea2-4a6b-82df-a6bf204255f8,0070,1285.823,1501.738
873f0b89-a563-4440-b7f6-bdb0d22dcd3f,2025-12-12_052743_5ac8852a-cea2-4a6b-82df-a6bf204255f8,0075,1285.717,1501.566
873f0b89-a563-4440-b7f6-bdb0d22dcd3f,2025-12-12_052743_5ac8852a-cea2-4a6b-82df-a6bf204255f8,0080,1285.626,1501.778
873f0b89-a563-4440-b7f6-bdb0d22dcd3f,2025-12-12_052743_5ac8852a-cea2-4a6b-82df-a6bf204255f8,0085,1286.901,1503.613
873f0b89-a563-4440-b7f6-bdb0d22dcd3f,2025-12-12_052743_5ac8852a-cea2-4a6b-82df-a6bf204255f8,0090,1285.71,1498.011
873f0b89-a563-4440-b7f6-bdb0d22dcd3f,2025-12-12_052743_5ac8852a-cea2-4a6b-82df-a6bf204255f8,0095,1289.649,1504.376
873f0b89-a563-4440-b7f6-bdb0d22dcd3f,2025-12-12_052743_5ac8852a-cea2-4a6b-82df-a6bf204255f8,0100,1286.081,1491.631
873f0b89-a563-4440-b7f6-bdb0d22dcd3f,2025-12-12_052743_5ac8852a-cea2-4a6b-82df-a6bf204255f8,0105,1286.57,1496.722
873f0b89-a563-4440-b7f6-bdb0d22dcd3f,2025-12-12_052743_5ac8852a-cea2-4a6b-82df-a6bf204255f8,0110,1286.212,1500.756
873f0b89-a563-4440-b7f6-bdb0d22dcd3f,2025-12-12_052743_5ac8852a-cea2-4a6b-82df-a6bf204255f8,0115,1285.543,1499.539
873f0b89-a563-4440-b7f6-bdb0d22dcd3f,2025-12-12_052743_5ac8852a-cea2-4a6b-82df-a6bf204255f8,0120,1289.882,1517.876
873f0b89-a563-4440-b7f6-bdb0d22dcd3f,2025-12-12_052743_5ac8852a-cea2-4a6b-82df-a6bf204255f8,0125,1290.857,1508.723
873f0b89-a563-4440-b7f6-bdb0d22dcd3f,2025-12-12_052743_5ac8852a-cea2-4a6b-82df-a6bf204255f8,0130,1286.246,1503.535
873f0b89-a563-4440-b7f6-bdb0d22dcd3f,2025-12-12_052743_5ac8852a-cea2-4a6b-82df-a6bf204255f8,0135,1285.296,1502.078
873f0b89-a563-4440-b7f6-bdb0d22dcd3f,2025-12-12_052743_5ac8852a-cea2-4a6b-82df-a6bf204255f8,0140,1285.47,1500.283
873f0b89-a563-4440-b7f6-bdb0d22dcd3f,2025-12-12_052743_5ac8852a-cea2-4a6b-82df-a6bf204255f8,0145,1286.176,1496.229
873f0b89-a563-4440-b7f6-bdb0d22dcd3f,2025-12-12_052743_5ac8852a-cea2-4a6b-82df-a6bf204255f8,0150,1286.257,1506.335
873f0b89-a563-4440-b7f6-bdb0d22dcd3f,2025-12-12_052743_5ac8852a-cea2-4a6b-82df-a6bf204255f8,0155,1285.657,1501.497
873f0b89-a563-4440-b7f6-bdb0d22dcd3f,2025-12-12_052743_5ac8852a-cea2-4a6b-82df-a6bf204255f8,0160,1286.105,1498.457
873f0b89-a563-4440-b7f6-bdb0d22dcd3f,2025-12-12_052743_5ac8852a-cea2-4a6b-82df-a6bf204255f8,0165,1285.473,1506.232
873f0b89-a563-4440-b7f6-bdb0d22dcd3f,2025-12-12_052743_5ac8852a-cea2-4a6b-82df-a6bf204255f8,0170,1285.704,1498.953
873f0b89-a563-4440-b7f6-bdb0d22dcd3f,2025-12-12_052743_5ac8852a-cea2-4a6b-82df-a6bf204255f8,0175,1285.272,1504.797
873f0b89-a563-4440-b7f6-bdb0d22dcd3f,2025-12-12_052743_5ac8852a-cea2-4a6b-82df-a6bf204255f8,0180,1285.29,1504.278
873f0b89-a563-4440-b7f6-bdb0d22dcd3f,2025-12-12_052743_5ac8852a-cea2-4a6b-82df-a6bf204255f8,0185,1285.438,1499.22
873f0b89-a563-4440-b7f6-bdb0d22dcd3f,2025-12-12_052743_5ac8852a-cea2-4a6b-82df-a6bf204255f8,0190,1285.707,1503.028
873f0b89-a563-4440-b7f6-bdb0d22dcd3f,2025-12-12_052743_5ac8852a-cea2-4a6b-82df-a6bf204255f8,0195,1285.766,1488.797
873f0b89-a563-4440-b7f6-bdb0d22dcd3f,2025-12-12_052743_5ac8852a-cea2-4a6b-82df-a6bf204255f8,0200,1285.838,1497.014
873f0b89-a563-4440-b7f6-bdb0d22dcd3f,2025-12-12_052743_5ac8852a-cea2-4a6b-82df-a6bf204255f8,0205,1285.915,1502.618
873f0b89-a563-4440-b7f6-bdb0d22dcd3f,2025-12-12_052743_5ac8852a-cea2-4a6b-82df-a6bf204255f8,0210,1286.02,1501.39
873f0b89-a563-4440-b7f6-bdb0d22dcd3f,2025-12-12_052743_5ac8852a-cea2-4a6b-82df-a6bf204255f8,0215,1286.091,1502.046
873f0b89-a563-4440-b7f6-bdb0d22dcd3f,2025-12-12_052743_5ac8852a-cea2-4a6b-82df-a6bf204255f8,0220,1285.989,1502.308
873f0b89-a563-4440-b7f6-bdb0d22dcd3f,2025-12-12_052743_5ac8852a-cea2-4a6b-82df-a6bf204255f8,0225,1286.399,1497.85
873f0b89-a563-4440-b7f6-bdb0d22dcd3f,2025-12-12_052743_5ac8852a-cea2-4a6b-82df-a6bf204255f8,0230,1285.921,1497.135
873f0b89-a563-4440-b7f6-bdb0d22dcd3f,2025-12-12_052743_5ac8852a-cea2-4a6b-82df-a6bf204255f8,0235,1285.55,1503.01
873f0b89-a563-4440-b7f6-bdb0d22dcd3f,2025-12-12_052743_5ac8852a-cea2-4a6b-82df-a6bf204255f8,0240,1285.838,1498.914
873f0b89-a563-4440-b7f6-bdb0d22dcd3f,2025-12-12_052743_5ac8852a-cea2-4a6b-82df-a6bf204255f8,0245,1285.78,1503.723
873f0b89-a563-4440-b7f6-bdb0d22dcd3f,2025-12-12_052743_5ac8852a-cea2-4a6b-82df-a6bf204255f8,0250,1286.064,1504.405
873f0b89-a563-4440-b7f6-bdb0d22dcd3f,2025-12-12_052743_5ac8852a-cea2-4a6b-82df-a6bf204255f8,0255,1290.027,1511.873
873f0b89-a563-4440-b7f6-bdb0d22dcd3f,2025-12-12_052743_5ac8852a-cea2-4a6b-82df-a6bf204255f8,0260,1290.135,1510.822
873f0b89-a563-4440-b7f6-bdb0d22dcd3f,2025-12-12_052743_5ac8852a-cea2-4a6b-82df-a6bf204255f8,0265,1291.019,1512.298
873f0b89-a563-4440-b7f6-bdb0d22dcd3f,2025-12-12_052743_5ac8852a-cea2-4a6b-82df-a6bf204255f8,0270,1290.174,1510.389
873f0b89-a563-4440-b7f6-bdb0d22dcd3f,2025-12-12_052743_5ac8852a-cea2-4a6b-82df-a6bf204255f8,0275,1290.872,1510.672
873f0b89-a563-4440-b7f6-bdb0d22dcd3f,2025-12-12_052743_5ac8852a-cea2-4a6b-82df-a6bf204255f8,0280,1290.553,1511.341
873f0b89-a563-4440-b7f6-bdb0d22dcd3f,2025-12-12_052743_5ac8852a-cea2-4a6b-82df-a6bf204255f8,0285,1290.853,1508.246
873f0b89-a563-4440-b7f6-bdb0d22dcd3f,2025-12-12_052743_5ac8852a-cea2-4a6b-82df-a6bf204255f8,0290,1290.663,1514.648
873f0b89-a563-4440-b7f6-bdb0d22dcd3f,2025-12-12_052743_5ac8852a-cea2-4a6b-82df-a6bf204255f8,0295,1290.96,1507.639
873f0b89-a563-4440-b7f6-bdb0d22dcd3f,2025-12-12_052743_5ac8852a-cea2-4a6b-82df-a6bf204255f8,0300,1290.994,1509.801
873f0b89-a563-4440-b7f6-bdb0d22dcd3f,2025-12-12_052743_5ac8852a-cea2-4a6b-82df-a6bf204255f8,0305,1290.534,1508.152
873f0b89-a563-4440-b7f6-bdb0d22dcd3f,2025-12-12_052743_5ac8852a-cea2-4a6b-82df-a6bf204255f8,0310,1290.722,1514.916
873f0b89-a563-4440-b7f6-bdb0d22dcd3f,2025-12-12_052743_5ac8852a-cea2-4a6b-82df-a6bf204255f8,0315,1290.363,1507.286
873f0b89-a563-4440-b7f6-bdb0d22dcd3f,2025-12-12_052743_5ac8852a-cea2-4a6b-82df-a6bf204255f8,0320,1289.565,1508.345
873f0b89-a563-4440-b7f6-bdb0d22dcd3f,2025-12-12_052743_5ac8852a-cea2-4a6b-82df-a6bf204255f8,0325,1290.509,1511.497
873f0b89-a563-4440-b7f6-bdb0d22dcd3f,2025-12-12_052743_5ac8852a-cea2-4a6b-82df-a6bf204255f8,0330,1290.762,1508.118
873f0b89-a563-4440-b7f6-bdb0d22dcd3f,2025-12-12_052743_5ac8852a-cea2-4a6b-82df-a6bf204255f8,0335,1290.505,1512.073
873f0b89-a563-4440-b7f6-bdb0d22dcd3f,2025-12-12_052743_5ac8852a-cea2-4a6b-82df-a6bf204255f8,0340,1290.894,1511.051
873f0b89-a563-4440-b7f6-bdb0d22dcd3f,2025-12-12_052743_5ac8852a-cea2-4a6b-82df-a6bf204255f8,0345,1290.098,1509.603
873f0b89-a563-4440-b7f6-bdb0d22dcd3f,2025-12-12_052743_5ac8852a-cea2-4a6b-82df-a6bf204255f8,0350,1290.487,1512.183
873f0b89-a563-4440-b7f6-bdb0d22dcd3f,2025-12-12_052743_5ac8852a-cea2-4a6b-82df-a6bf204255f8,0355,1289.9,1511.41
873f0b89-a563-4440-b7f6-bdb0d22dcd3f,2025-12-12_052743_5ac8852a-cea2-4a6b-82df-a6bf204255f8,0360,1285.293,1495.278
873f0b89-a563-4440-b7f6-bdb0d22dcd3f,2025-12-12_052743_5ac8852a-cea2-4a6b-82df-a6bf204255f8,0365,1285.038,1503.267
873f0b89-a563-4440-b7f6-bdb0d22dcd3f,2025-12-12_052743_5ac8852a-cea2-4a6b-82df-a6bf204255f8,0370,1285.631,1499.469
873f0b89-a563-4440-b7f6-bdb0d22dcd3f,2025-12-12_052743_5ac8852a-cea2-4a6b-82df-a6bf204255f8,0375,1285.318,1505.671
873f0b89-a563-4440-b7f6-bdb0d22dcd3f,2025-12-12_052743_5ac8852a-cea2-4a6b-82df-a6bf204255f8,0380,1285.236,1505.144
873f0b89-a563-4440-b7f6-bdb0d22dcd3f,2025-12-12_052743_5ac8852a-cea2-4a6b-82df-a6bf204255f8,0385,1285.629,1509.473
873f0b89-a563-4440-b7f6-bdb0d22dcd3f,2025-12-12_052743_5ac8852a-cea2-4a6b-82df-a6bf204255f8,0390,1285.286,1509.279
873f0b89-a563-4440-b7f6-bdb0d22dcd3f,2025-12-12_052743_5ac8852a-cea2-4a6b-82df-a6bf204255f8,0395,1289.205,1509.06
873f0b89-a563-4440-b7f6-bdb0d22dcd3f,2025-12-12_052743_5ac8852a-cea2-4a6b-82df-a6bf204255f8,0400,1285.931,1506.78
873f0b89-a563-4440-b7f6-bdb0d22dcd3f,2025-12-12_052743_5ac8852a-cea2-4a6b-82df-a6bf204255f8,0405,1285.932,1503.942
873f0b89-a563-4440-b7f6-bdb0d22dcd3f,2025-12-12_052743_5ac8852a-cea2-4a6b-82df-a6bf204255f8,0410,1285.749,1496.749
873f0b89-a563-4440-b7f6-bdb0d22dcd3f,2025-12-12_052743_5ac8852a-cea2-4a6b-82df-a6bf204255f8,0415,1285.916,1503.48
873f0b89-a563-4440-b7f6-bdb0d22dcd3f,2025-12-12_052743_5ac8852a-cea2-4a6b-82df-a6bf204255f8,0420,1288.965,1503.233
873f0b89-a563-4440-b7f6-bdb0d22dcd3f,2025-12-12_052743_5ac8852a-cea2-4a6b-82df-a6bf204255f8,0425,1290.196,1507.742
873f0b89-a563-4440-b7f6-bdb0d22dcd3f,2025-12-12_052743_5ac8852a-cea2-4a6b-82df-a6bf204255f8,0430,1290.748,1510.765
873f0b89-a563-4440-b7f6-bdb0d22dcd3f,2025-12-12_052743_5ac8852a-cea2-4a6b-82df-a6bf204255f8,0435,1289.6,1492.591
873f0b89-a563-4440-b7f6-bdb0d22dcd3f,2025-12-12_052743_5ac8852a-cea2-4a6b-82df-a6bf204255f8,0440,1289.571,1510.596
873f0b89-a563-4440-b7f6-bdb0d22dcd3f,2025-12-12_052743_5ac8852a-cea2-4a6b-82df-a6bf204255f8,0445,1287.614,1502.894
873f0b89-a563-4440-b7f6-bdb0d22dcd3f,2025-12-12_052743_5ac8852a-cea2-4a6b-82df-a6bf204255f8,0450,1290.058,1521.776
873f0b89-a563-4440-b7f6-bdb0d22dcd3f,2025-12-12_052743_5ac8852a-cea2-4a6b-82df-a6bf204255f8,0455,1289.971,1510.302
873f0b89-a563-4440-b7f6-bdb0d22dcd3f,2025-12-12_052743_5ac8852a-cea2-4a6b-82df-a6bf204255f8,0460,1290.164,1511.742
873f0b89-a563-4440-b7f6-bdb0d22dcd3f,2025-12-12_052743_5ac8852a-cea2-4a6b-82df-a6bf204255f8,0465,1287.548,1504.673
873f0b89-a563-4440-b7f6-bdb0d22dcd3f,2025-12-12_052743_5ac8852a-cea2-4a6b-82df-a6bf204255f8,0470,1285.388,1499.519
873f0b89-a563-4440-b7f6-bdb0d22dcd3f,2025-12-12_052743_5ac8852a-cea2-4a6b-82df-a6bf204255f8,0475,1285.714,1495.837
873f0b89-a563-4440-b7f6-bdb0d22dcd3f,2025-12-12_052743_5ac8852a-cea2-4a6b-82df-a6bf204255f8,0480,1290.573,1507.527
873f0b89-a563-4440-b7f6-bdb0d22dcd3f,2025-12-12_052743_5ac8852a-cea2-4a6b-82df-a6bf204255f8,0485,1290.025,1491.002
873f0b89-a563-4440-b7f6-bdb0d22dcd3f,2025-12-12_052743_5ac8852a-cea2-4a6b-82df-a6bf204255f8,0490,1289.885,1492.592
873f0b89-a563-4440-b7f6-bdb0d22dcd3f,2025-12-12_052743_5ac8852a-cea2-4a6b-82df-a6bf204255f8,0495,1289.831,1510.337
873f0b89-a563-4440-b7f6-bdb0d22dcd3f,2025-12-12_052743_5ac8852a-cea2-4a6b-82df-a6bf204255f8,0500,1290.686,1513.028
873f0b89-a563-4440-b7f6-bdb0d22dcd3f,2025-12-12_052743_5ac8852a-cea2-4a6b-82df-a6bf204255f8,0505,1289.738,1510.481
873f0b89-a563-4440-b7f6-bdb0d22dcd3f,2025-12-12_052743_5ac8852a-cea2-4a6b-82df-a6bf204255f8,0510,1289.748,1511.486
873f0b89-a563-4440-b7f6-bdb0d22dcd3f,2025-12-12_052743_5ac8852a-cea2-4a6b-82df-a6bf204255f8,0515,1286.042,1507.663
873f0b89-a563-4440-b7f6-bdb0d22dcd3f,2025-12-12_052743_5ac8852a-cea2-4a6b-82df-a6bf204255f8,0520,1286.631,1505.594
873f0b89-a563-4440-b7f6-bdb0d22dcd3f,2025-12-12_052743_5ac8852a-cea2-4a6b-82df-a6bf204255f8,0525,1285.545,1500.265
873f0b89-a563-4440-b7f6-bdb0d22dcd3f,2025-12-12_052743_5ac8852a-cea2-4a6b-82df-a6bf204255f8,0530,1285.426,1489.814
873f0b89-a563-4440-b7f6-bdb0d22dcd3f,2025-12-12_052743_5ac8852a-cea2-4a6b-82df-a6bf204255f8,0535,1289.669,1515.88
bbb7ed0c-3adc-4d61-a73b-eeddeecea29d,2025-12-15_003847_ba96a697-e0b8-40e4-bf84-825d6a982050,0005,1290.49,1522.062
bbb7ed0c-3adc-4d61-a73b-eeddeecea29d,2025-12-15_003847_ba96a697-e0b8-40e4-bf84-825d6a982050,0010,1290.232,1516.218
bbb7ed0c-3adc-4d61-a73b-eeddeecea29d,2025-12-15_003847_ba96a697-e0b8-40e4-bf84-825d6a982050,0015,1290.742,1511.387
bbb7ed0c-3adc-4d61-a73b-eeddeecea29d,2025-12-15_003847_ba96a697-e0b8-40e4-bf84-825d6a982050,0020,1290.467,1511.686
bbb7ed0c-3adc-4d61-a73b-eeddeecea29d,2025-12-15_003847_ba96a697-e0b8-40e4-bf84-825d6a982050,0025,1290.355,1509.08
bbb7ed0c-3adc-4d61-a73b-eeddeecea29d,2025-12-15_003847_ba96a697-e0b8-40e4-bf84-825d6a982050,0030,1291.12,1507.838
bbb7ed0c-3adc-4d61-a73b-eeddeecea29d,2025-12-15_003847_ba96a697-e0b8-40e4-bf84-825d6a982050,0035,1290.052,1507.46
bbb7ed0c-3adc-4d61-a73b-eeddeecea29d,2025-12-15_003847_ba96a697-e0b8-40e4-bf84-825d6a982050,0040,1290.711,1507.842
bbb7ed0c-3adc-4d61-a73b-eeddeecea29d,2025-12-15_003847_ba96a697-e0b8-40e4-bf84-825d6a982050,0045,1291.192,1510.072
bbb7ed0c-3adc-4d61-a73b-eeddeecea29d,2025-12-15_003847_ba96a697-e0b8-40e4-bf84-825d6a982050,0050,1290.377,1510.92
bbb7ed0c-3adc-4d61-a73b-eeddeecea29d,2025-12-15_003847_ba96a697-e0b8-40e4-bf84-825d6a982050,0055,1291.228,1509.012
bbb7ed0c-3adc-4d61-a73b-eeddeecea29d,2025-12-15_003847_ba96a697-e0b8-40e4-bf84-825d6a982050,0060,1289.618,1508.003
bbb7ed0c-3adc-4d61-a73b-eeddeecea29d,2025-12-15_003847_ba96a697-e0b8-40e4-bf84-825d6a982050,0065,1290.864,1505.29
bbb7ed0c-3adc-4d61-a73b-eeddeecea29d,2025-12-15_003847_ba96a697-e0b8-40e4-bf84-825d6a982050,0070,1289.167,1506.562
bbb7ed0c-3adc-4d61-a73b-eeddeecea29d,2025-12-15_003847_ba96a697-e0b8-40e4-bf84-825d6a982050,0075,1286.108,1497.516
bbb7ed0c-3adc-4d61-a73b-eeddeecea29d,2025-12-15_003847_ba96a697-e0b8-40e4-bf84-825d6a982050,0080,1286.409,1502.231
bbb7ed0c-3adc-4d61-a73b-eeddeecea29d,2025-12-15_003847_ba96a697-e0b8-40e4-bf84-825d6a982050,0085,1286.602,1501.101
bbb7ed0c-3adc-4d61-a73b-eeddeecea29d,2025-12-15_003847_ba96a697-e0b8-40e4-bf84-825d6a982050,0090,1290.217,1505.397
bbb7ed0c-3adc-4d61-a73b-eeddeecea29d,2025-12-15_003847_ba96a697-e0b8-40e4-bf84-825d6a982050,0095,1286.004,1500.405
bbb7ed0c-3adc-4d61-a73b-eeddeecea29d,2025-12-15_003847_ba96a697-e0b8-40e4-bf84-825d6a982050,0100,1285.867,1496.228
bbb7ed0c-3adc-4d61-a73b-eeddeecea29d,2025-12-15_003847_ba96a697-e0b8-40e4-bf84-825d6a982050,0105,1286.38,1501.437
bbb7ed0c-3adc-4d61-a73b-eeddeecea29d,2025-12-15_003847_ba96a697-e0b8-40e4-bf84-825d6a982050,0110,1286.197,1496.778
bbb7ed0c-3adc-4d61-a73b-eeddeecea29d,2025-12-15_003847_ba96a697-e0b8-40e4-bf84-825d6a982050,0115,1286.582,1504.023
bbb7ed0c-3adc-4d61-a73b-eeddeecea29d,2025-12-15_003847_ba96a697-e0b8-40e4-bf84-825d6a982050,0120,1286.443,1501.691
bbb7ed0c-3adc-4d61-a73b-eeddeecea29d,2025-12-15_003847_ba96a697-e0b8-40e4-bf84-825d6a982050,0125,1290.686,1509.519
bbb7ed0c-3adc-4d61-a73b-eeddeecea29d,2025-12-15_003847_ba96a697-e0b8-40e4-bf84-825d6a982050,0130,1286.759,1488.072
bbb7ed0c-3adc-4d61-a73b-eeddeecea29d,2025-12-15_003847_ba96a697-e0b8-40e4-bf84-825d6a982050,0135,1287.116,1501.668
bbb7ed0c-3adc-4d61-a73b-eeddeecea29d,2025-12-15_003847_ba96a697-e0b8-40e4-bf84-825d6a982050,0140,1286.126,1500.273
bbb7ed0c-3adc-4d61-a73b-eeddeecea29d,2025-12-15_003847_ba96a697-e0b8-40e4-bf84-825d6a982050,0145,1286.441,1501.251
bbb7ed0c-3adc-4d61-a73b-eeddeecea29d,2025-12-15_003847_ba96a697-e0b8-40e4-bf84-825d6a982050,0150,1286.251,1503.238
bbb7ed0c-3adc-4d61-a73b-eeddeecea29d,2025-12-15_003847_ba96a697-e0b8-40e4-bf84-825d6a982050,0155,1286.399,1497.971
bbb7ed0c-3adc-4d61-a73b-eeddeecea29d,2025-12-15_003847_ba96a697-e0b8-40e4-bf84-825d6a982050,0160,1286.336,1500.846
bbb7ed0c-3adc-4d61-a73b-eeddeecea29d,2025-12-15_003847_ba96a697-e0b8-40e4-bf84-825d6a982050,0165,1285.589,1501.086
bbb7ed0c-3adc-4d61-a73b-eeddeecea29d,2025-12-15_003847_ba96a697-e0b8-40e4-bf84-825d6a982050,0170,1290.521,1506.717
bbb7ed0c-3adc-4d61-a73b-eeddeecea29d,2025-12-15_003847_ba96a697-e0b8-40e4-bf84-825d6a982050,0175,1290.761,1509.816
bbb7ed0c-3adc-4d61-a73b-eeddeecea29d,2025-12-15_003847_ba96a697-e0b8-40e4-bf84-825d6a982050,0180,1290.685,1509.033
bbb7ed0c-3adc-4d61-a73b-eeddeecea29d,2025-12-15_003847_ba96a697-e0b8-40e4-bf84-825d6a982050,0185,1291.166,1505.891
bbb7ed0c-3adc-4d61-a73b-eeddeecea29d,2025-12-15_003847_ba96a697-e0b8-40e4-bf84-825d6a982050,0190,1290.793,1510.011
bbb7ed0c-3adc-4d61-a73b-eeddeecea29d,2025-12-15_003847_ba96a697-e0b8-40e4-bf84-825d6a982050,0195,1290.849,1507.624
bbb7ed0c-3adc-4d61-a73b-eeddeecea29d,2025-12-15_003847_ba96a697-e0b8-40e4-bf84-825d6a982050,0200,1291.21,1509.54
bbb7ed0c-3adc-4d61-a73b-eeddeecea29d,2025-12-15_003847_ba96a697-e0b8-40e4-bf84-825d6a982050,0205,1291.709,1512.492
bbb7ed0c-3adc-4d61-a73b-eeddeecea29d,2025-12-15_003847_ba96a697-e0b8-40e4-bf84-825d6a982050,0210,1291.791,1514.396
bbb7ed0c-3adc-4d61-a73b-eeddeecea29d,2025-12-15_003847_ba96a697-e0b8-40e4-bf84-825d6a982050,0215,1287.136,1506.282
bbb7ed0c-3adc-4d61-a73b-eeddeecea29d,2025-12-15_003847_ba96a697-e0b8-40e4-bf84-825d6a982050,0220,1290.907,1512.99
bbb7ed0c-3adc-4d61-a73b-eeddeecea29d,2025-12-15_003847_ba96a697-e0b8-40e4-bf84-825d6a982050,0225,1285.916,1501.079
bbb7ed0c-3adc-4d61-a73b-eeddeecea29d,2025-12-15_003847_ba96a697-e0b8-40e4-bf84-825d6a982050,0230,1289.828,1535.011
bbb7ed0c-3adc-4d61-a73b-eeddeecea29d,2025-12-15_003847_ba96a697-e0b8-40e4-bf84-825d6a982050,0235,1286.032,1500.587
bbb7ed0c-3adc-4d61-a73b-eeddeecea29d,2025-12-15_003847_ba96a697-e0b8-40e4-bf84-825d6a982050,0240,1286.364,1503.743
bbb7ed0c-3adc-4d61-a73b-eeddeecea29d,2025-12-15_003847_ba96a697-e0b8-40e4-bf84-825d6a982050,0245,1285.899,1502.588
bbb7ed0c-3adc-4d61-a73b-eeddeecea29d,2025-12-15_003847_ba96a697-e0b8-40e4-bf84-825d6a982050,0250,1285.545,1504.646
bbb7ed0c-3adc-4d61-a73b-eeddeecea29d,2025-12-15_003847_ba96a697-e0b8-40e4-bf84-825d6a982050,0255,1285.814,1501.306
bbb7ed0c-3adc-4d61-a73b-eeddeecea29d,2025-12-15_003847_ba96a697-e0b8-40e4-bf84-825d6a982050,0260,1286.646,1505.442
bbb7ed0c-3adc-4d61-a73b-eeddeecea29d,2025-12-15_003847_ba96a697-e0b8-40e4-bf84-825d6a982050,0265,1285.863,1487.457
bbb7ed0c-3adc-4d61-a73b-eeddeecea29d,2025-12-15_003847_ba96a697-e0b8-40e4-bf84-825d6a982050,0270,1290.733,1508.591
bbb7ed0c-3adc-4d61-a73b-eeddeecea29d,2025-12-15_003847_ba96a697-e0b8-40e4-bf84-825d6a982050,0275,1285.816,1501.518
bbb7ed0c-3adc-4d61-a73b-eeddeecea29d,2025-12-15_003847_ba96a697-e0b8-40e4-bf84-825d6a982050,0280,1285.792,1495.685
bbb7ed0c-3adc-4d61-a73b-eeddeecea29d,2025-12-15_003847_ba96a697-e0b8-40e4-bf84-825d6a982050,0285,1290.368,1515.874
bbb7ed0c-3adc-4d61-a73b-eeddeecea29d,2025-12-15_003847_ba96a697-e0b8-40e4-bf84-825d6a982050,0290,1290.981,1508.919
bbb7ed0c-3adc-4d61-a73b-eeddeecea29d,2025-12-15_003847_ba96a697-e0b8-40e4-bf84-825d6a982050,0295,1290.812,1511.291
bbb7ed0c-3adc-4d61-a73b-eeddeecea29d,2025-12-15_003847_ba96a697-e0b8-40e4-bf84-825d6a982050,0300,1286.157,1506.13
bbb7ed0c-3adc-4d61-a73b-eeddeecea29d,2025-12-15_003847_ba96a697-e0b8-40e4-bf84-825d6a982050,0305,1286.059,1500.54
bbb7ed0c-3adc-4d61-a73b-eeddeecea29d,2025-12-15_003847_ba96a697-e0b8-40e4-bf84-825d6a982050,0310,1285.281,1500.441
bbb7ed0c-3adc-4d61-a73b-eeddeecea29d,2025-12-15_003847_ba96a697-e0b8-40e4-bf84-825d6a982050,0315,1285.967,1500.695
bbb7ed0c-3adc-4d61-a73b-eeddeecea29d,2025-12-15_003847_ba96a697-e0b8-40e4-bf84-825d6a982050,0320,1290.632,1508.353
bbb7ed0c-3adc-4d61-a73b-eeddeecea29d,2025-12-15_003847_ba96a697-e0b8-40e4-bf84-825d6a982050,0325,1290.375,1508.532
bbb7ed0c-3adc-4d61-a73b-eeddeecea29d,2025-12-15_003847_ba96a697-e0b8-40e4-bf84-825d6a982050,0330,1286.528,1505.498
bbb7ed0c-3adc-4d61-a73b-eeddeecea29d,2025-12-15_003847_ba96a697-e0b8-40e4-bf84-825d6a982050,0335,1290.385,1506.85
bbb7ed0c-3adc-4d61-a73b-eeddeecea29d,2025-12-15_003847_ba96a697-e0b8-40e4-bf84-825d6a982050,0340,1290.617,1507.759
bbb7ed0c-3adc-4d61-a73b-eeddeecea29d,2025-12-15_003847_ba96a697-e0b8-40e4-bf84-825d6a982050,0345,1285.887,1503.032
bbb7ed0c-3adc-4d61-a73b-eeddeecea29d,2025-12-15_003847_ba96a697-e0b8-40e4-bf84-825d6a982050,0350,1286.122,1501.726
bbb7ed0c-3adc-4d61-a73b-eeddeecea29d,2025-12-15_003847_ba96a697-e0b8-40e4-bf84-825d6a982050,0355,1285.489,1496.16
bbb7ed0c-3adc-4d61-a73b-eeddeecea29d,2025-12-15_003847_ba96a697-e0b8-40e4-bf84-825d6a982050,0360,1285.711,1500.452
bbb7ed0c-3adc-4d61-a73b-eeddeecea29d,2025-12-15_003847_ba96a697-e0b8-40e4-bf84-825d6a982050,0365,1285.882,1500.358
bbb7ed0c-3adc-4d61-a73b-eeddeecea29d,2025-12-15_003847_ba96a697-e0b8-40e4-bf84-825d6a982050,0370,1286.534,1495.986
bbb7ed0c-3adc-4d61-a73b-eeddeecea29d,2025-12-15_003847_ba96a697-e0b8-40e4-bf84-825d6a982050,0375,1285.616,1498.745
bbb7ed0c-3adc-4d61-a73b-eeddeecea29d,2025-12-15_003847_ba96a697-e0b8-40e4-bf84-825d6a982050,0380,1286.256,1500.959
bbb7ed0c-3adc-4d61-a73b-eeddeecea29d,2025-12-15_003847_ba96a697-e0b8-40e4-bf84-825d6a982050,0385,1285.748,1502.278
bbb7ed0c-3adc-4d61-a73b-eeddeecea29d,2025-12-15_003847_ba96a697-e0b8-40e4-bf84-825d6a982050,0390,1286.236,1500.942
bbb7ed0c-3adc-4d61-a73b-eeddeecea29d,2025-12-15_003847_ba96a697-e0b8-40e4-bf84-825d6a982050,0395,1286.059,1500.592
bbb7ed0c-3adc-4d61-a73b-eeddeecea29d,2025-12-15_003847_ba96a697-e0b8-40e4-bf84-825d6a982050,0400,1286.687,1501.796
bbb7ed0c-3adc-4d61-a73b-eeddeecea29d,2025-12-15_003847_ba96a697-e0b8-40e4-bf84-825d6a982050,0405,1286.441,1500.049
bbb7ed0c-3adc-4d61-a73b-eeddeecea29d,2025-12-15_003847_ba96a697-e0b8-40e4-bf84-825d6a982050,0410,1289.934,1499.049
bbb7ed0c-3adc-4d61-a73b-eeddeecea29d,2025-12-15_003847_ba96a697-e0b8-40e4-bf84-825d6a982050,0415,1285.477,1503.264
bbb7ed0c-3adc-4d61-a73b-eeddeecea29d,2025-12-15_003847_ba96a697-e0b8-40e4-bf84-825d6a982050,0420,1285.526,1494.85
bbb7ed0c-3adc-4d61-a73b-eeddeecea29d,2025-12-15_003847_ba96a697-e0b8-40e4-bf84-825d6a982050,0425,1286.257,1501.953
bbb7ed0c-3adc-4d61-a73b-eeddeecea29d,2025-12-15_003847_ba96a697-e0b8-40e4-bf84-825d6a982050,0430,1285.639,1497.444
bbb7ed0c-3adc-4d61-a73b-eeddeecea29d,2025-12-15_003847_ba96a697-e0b8-40e4-bf84-825d6a982050,0435,1285.34,1501.394
bbb7ed0c-3adc-4d61-a73b-eeddeecea29d,2025-12-15_003847_ba96a697-e0b8-40e4-bf84-825d6a982050,0440,1290.541,1505.505
bbb7ed0c-3adc-4d61-a73b-eeddeecea29d,2025-12-15_003847_ba96a697-e0b8-40e4-bf84-825d6a982050,0445,1285.687,1482.993
bbb7ed0c-3adc-4d61-a73b-eeddeecea29d,2025-12-15_003847_ba96a697-e0b8-40e4-bf84-825d6a982050,0450,1286.001,1496.617
bbb7ed0c-3adc-4d61-a73b-eeddeecea29d,2025-12-15_003847_ba96a697-e0b8-40e4-bf84-825d6a982050,0455,1290.55,1509.755
bbb7ed0c-3adc-4d61-a73b-eeddeecea29d,2025-12-15_003847_ba96a697-e0b8-40e4-bf84-825d6a982050,0460,1286.23,1503.329
bbb7ed0c-3adc-4d61-a73b-eeddeecea29d,2025-12-15_003847_ba96a697-e0b8-40e4-bf84-825d6a982050,0465,1286.132,1500.99
bbb7ed0c-3adc-4d61-a73b-eeddeecea29d,2025-12-15_003847_ba96a697-e0b8-40e4-bf84-825d6a982050,0470,1285.655,1502.337
bbb7ed0c-3adc-4d61-a73b-eeddeecea29d,2025-12-15_003847_ba96a697-e0b8-40e4-bf84-825d6a982050,0475,1285.663,1502.183
bbb7ed0c-3adc-4d61-a73b-eeddeecea29d,2025-12-15_003847_ba96a697-e0b8-40e4-bf84-825d6a982050,0480,1285.849,1501.51
bbb7ed0c-3adc-4d61-a73b-eeddeecea29d,2025-12-15_003847_ba96a697-e0b8-40e4-bf84-825d6a982050,0485,1290.626,1505.649
bbb7ed0c-3adc-4d61-a73b-eeddeecea29d,2025-12-15_003847_ba96a697-e0b8-40e4-bf84-825d6a982050,0490,1290.838,1492.773
bbb7ed0c-3adc-4d61-a73b-eeddeecea29d,2025-12-15_003847_ba96a697-e0b8-40e4-bf84-825d6a982050,0495,1291.023,1493.213
bbb7ed0c-3adc-4d61-a73b-eeddeecea29d,2025-12-15_003847_ba96a697-e0b8-40e4-bf84-825d6a982050,0500,1290.015,1491.44
bbb7ed0c-3adc-4d61-a73b-eeddeecea29d,2025-12-15_003847_ba96a697-e0b8-40e4-bf84-825d6a982050,0505,1289.943,1509.931
bbb7ed0c-3adc-4d61-a73b-eeddeecea29d,2025-12-15_003847_ba96a697-e0b8-40e4-bf84-825d6a982050,0510,1290.15,1510.066
bbb7ed0c-3adc-4d61-a73b-eeddeecea29d,2025-12-15_003847_ba96a697-e0b8-40e4-bf84-825d6a982050,0515,1290.346,1509.37
bbb7ed0c-3adc-4d61-a73b-eeddeecea29d,2025-12-15_003847_ba96a697-e0b8-40e4-bf84-825d6a982050,0520,1290.509,1508.252
bbb7ed0c-3adc-4d61-a73b-eeddeecea29d,2025-12-15_003847_ba96a697-e0b8-40e4-bf84-825d6a982050,0525,1291.113,1507.298
bbb7ed0c-3adc-4d61-a73b-eeddeecea29d,2025-12-15_003847_ba96a697-e0b8-40e4-bf84-825d6a982050,0530,1290.788,1512.809
bbb7ed0c-3adc-4d61-a73b-eeddeecea29d,2025-12-15_003847_ba96a697-e0b8-40e4-bf84-825d6a982050,0535,1289.717,1507.393
bbb7ed0c-3adc-4d61-a73b-eeddeecea29d,2025-12-15_003847_ba96a697-e0b8-40e4-bf84-825d6a982050,0540,1290.743,1509.386
bbb7ed0c-3adc-4d61-a73b-eeddeecea29d,2025-12-15_003847_ba96a697-e0b8-40e4-bf84-825d6a982050,0545,1289.701,1508.934
bbb7ed0c-3adc-4d61-a73b-eeddeecea29d,2025-12-15_003847_ba96a697-e0b8-40e4-bf84-825d6a982050,0550,1290.423,1511.629
bbb7ed0c-3adc-4d61-a73b-eeddeecea29d,2025-12-15_003847_ba96a697-e0b8-40e4-bf84-825d6a982050,0555,1290.009,1507.876
bbb7ed0c-3adc-4d61-a73b-eeddeecea29d,2025-12-15_003847_ba96a697-e0b8-40e4-bf84-825d6a982050,0560,1290.925,1508.814
bbb7ed0c-3adc-4d61-a73b-eeddeecea29d,2025-12-15_003847_ba96a697-e0b8-40e4-bf84-825d6a982050,0565,1290.469,1511.717
bbb7ed0c-3adc-4d61-a73b-eeddeecea29d,2025-12-15_003847_ba96a697-e0b8-40e4-bf84-825d6a982050,0570,1290.707,1507.989
bbb7ed0c-3adc-4d61-a73b-eeddeecea29d,2025-12-15_003847_ba96a697-e0b8-40e4-bf84-825d6a982050,0575,1290.978,1508.584
bbb7ed0c-3adc-4d61-a73b-eeddeecea29d,2025-12-15_003847_ba96a697-e0b8-40e4-bf84-825d6a982050,0580,1290.497,1503.783
bbb7ed0c-3adc-4d61-a73b-eeddeecea29d,2025-12-15_003847_ba96a697-e0b8-40e4-bf84-825d6a982050,0585,1289.039,1503.947
bbb7ed0c-3adc-4d61-a73b-eeddeecea29d,2025-12-15_003847_ba96a697-e0b8-40e4-bf84-825d6a982050,0590,1288.107,1505.023
bbb7ed0c-3adc-4d61-a73b-eeddeecea29d,2025-12-15_003847_ba96a697-e0b8-40e4-bf84-825d6a982050,0595,1285.585,1495.753
bbb7ed0c-3adc-4d61-a73b-eeddeecea29d,2025-12-15_003847_ba96a697-e0b8-40e4-bf84-825d6a982050,0600,1285.366,1502.633
bbb7ed0c-3adc-4d61-a73b-eeddeecea29d,2025-12-15_003847_ba96a697-e0b8-40e4-bf84-825d6a982050,0605,1285.124,1503.166
bbb7ed0c-3adc-4d61-a73b-eeddeecea29d,2025-12-15_003847_ba96a697-e0b8-40e4-bf84-825d6a982050,0610,1285.586,1505.185
bbb7ed0c-3adc-4d61-a73b-eeddeecea29d,2025-12-15_003847_ba96a697-e0b8-40e4-bf84-825d6a982050,0615,1286.212,1498.912
bbb7ed0c-3adc-4d61-a73b-eeddeecea29d,2025-12-15_003847_ba96a697-e0b8-40e4-bf84-825d6a982050,0620,1285.897,1488.696
bbb7ed0c-3adc-4d61-a73b-eeddeecea29d,2025-12-15_003847_ba96a697-e0b8-40e4-bf84-825d6a982050,0625,1286.306,1503.751
23af9a66-08d4-447b-8cbc-38dd24f6192e,2025-12-15_021127_5d803b23-52a5-4815-9fb1-988e6b759959,0005,1286.341,1514.613
23af9a66-08d4-447b-8cbc-38dd24f6192e,2025-12-15_021127_5d803b23-52a5-4815-9fb1-988e6b759959,0010,1286.442,1507.837
23af9a66-08d4-447b-8cbc-38dd24f6192e,2025-12-15_021127_5d803b23-52a5-4815-9fb1-988e6b759959,0015,1285.641,1493.187
23af9a66-08d4-447b-8cbc-38dd24f6192e,2025-12-15_021127_5d803b23-52a5-4815-9fb1-988e6b759959,0020,1290.779,1509.144
23af9a66-08d4-447b-8cbc-38dd24f6192e,2025-12-15_021127_5d803b23-52a5-4815-9fb1-988e6b759959,0025,1288.146,1494.541
23af9a66-08d4-447b-8cbc-38dd24f6192e,2025-12-15_021127_5d803b23-52a5-4815-9fb1-988e6b759959,0030,1285.633,1498.975
23af9a66-08d4-447b-8cbc-38dd24f6192e,2025-12-15_021127_5d803b23-52a5-4815-9fb1-988e6b759959,0035,1285.871,1498.157
23af9a66-08d4-447b-8cbc-38dd24f6192e,2025-12-15_021127_5d803b23-52a5-4815-9fb1-988e6b759959,0040,1285.971,1493.517
23af9a66-08d4-447b-8cbc-38dd24f6192e,2025-12-15_021127_5d803b23-52a5-4815-9fb1-988e6b759959,0045,1285.664,1497.644
23af9a66-08d4-447b-8cbc-38dd24f6192e,2025-12-15_021127_5d803b23-52a5-4815-9fb1-988e6b759959,0050,1285.435,1501.895
23af9a66-08d4-447b-8cbc-38dd24f6192e,2025-12-15_021127_5d803b23-52a5-4815-9fb1-988e6b759959,0055,1285.954,1494.81
23af9a66-08d4-447b-8cbc-38dd24f6192e,2025-12-15_021127_5d803b23-52a5-4815-9fb1-988e6b759959,0060,1291.454,1509.737
23af9a66-08d4-447b-8cbc-38dd24f6192e,2025-12-15_021127_5d803b23-52a5-4815-9fb1-988e6b759959,0065,1286.094,1493.971
23af9a66-08d4-447b-8cbc-38dd24f6192e,2025-12-15_021127_5d803b23-52a5-4815-9fb1-988e6b759959,0070,1285.536,1502.297
23af9a66-08d4-447b-8cbc-38dd24f6192e,2025-12-15_021127_5d803b23-52a5-4815-9fb1-988e6b759959,0075,1285.336,1502.402
23af9a66-08d4-447b-8cbc-38dd24f6192e,2025-12-15_021127_5d803b23-52a5-4815-9fb1-988e6b759959,0080,1286.286,1500.522
23af9a66-08d4-447b-8cbc-38dd24f6192e,2025-12-15_021127_5d803b23-52a5-4815-9fb1-988e6b759959,0085,1286.092,1501.538
23af9a66-08d4-447b-8cbc-38dd24f6192e,2025-12-15_021127_5d803b23-52a5-4815-9fb1-988e6b759959,0090,1285.234,1498.989
23af9a66-08d4-447b-8cbc-38dd24f6192e,2025-12-15_021127_5d803b23-52a5-4815-9fb1-988e6b759959,0095,1290.132,1503.944
23af9a66-08d4-447b-8cbc-38dd24f6192e,2025-12-15_021127_5d803b23-52a5-4815-9fb1-988e6b759959,0100,1285.584,1499.418
23af9a66-08d4-447b-8cbc-38dd24f6192e,2025-12-15_021127_5d803b23-52a5-4815-9fb1-988e6b759959,0105,1285.704,1492.894
23af9a66-08d4-447b-8cbc-38dd24f6192e,2025-12-15_021127_5d803b23-52a5-4815-9fb1-988e6b759959,0110,1285.099,1497.896
23af9a66-08d4-447b-8cbc-38dd24f6192e,2025-12-15_021127_5d803b23-52a5-4815-9fb1-988e6b759959,0115,1285.173,1493.51
23af9a66-08d4-447b-8cbc-38dd24f6192e,2025-12-15_021127_5d803b23-52a5-4815-9fb1-988e6b759959,0120,1290.162,1505.899
23af9a66-08d4-447b-8cbc-38dd24f6192e,2025-12-15_021127_5d803b23-52a5-4815-9fb1-988e6b759959,0125,1285.756,1492.943
23af9a66-08d4-447b-8cbc-38dd24f6192e,2025-12-15_021127_5d803b23-52a5-4815-9fb1-988e6b759959,0130,1285.984,1493.71
23af9a66-08d4-447b-8cbc-38dd24f6192e,2025-12-15_021127_5d803b23-52a5-4815-9fb1-988e6b759959,0135,1288.745,1501.312
23af9a66-08d4-447b-8cbc-38dd24f6192e,2025-12-15_021127_5d803b23-52a5-4815-9fb1-988e6b759959,0140,1285.791,1500.294
23af9a66-08d4-447b-8cbc-38dd24f6192e,2025-12-15_021127_5d803b23-52a5-4815-9fb1-988e6b759959,0145,1285.679,1493.861
23af9a66-08d4-447b-8cbc-38dd24f6192e,2025-12-15_021127_5d803b23-52a5-4815-9fb1-988e6b759959,0150,1285.287,1498.465
23af9a66-08d4-447b-8cbc-38dd24f6192e,2025-12-15_021127_5d803b23-52a5-4815-9fb1-988e6b759959,0155,1285.871,1491.927
23af9a66-08d4-447b-8cbc-38dd24f6192e,2025-12-15_021127_5d803b23-52a5-4815-9fb1-988e6b759959,0160,1290.488,1499.528
23af9a66-08d4-447b-8cbc-38dd24f6192e,2025-12-15_021127_5d803b23-52a5-4815-9fb1-988e6b759959,0165,1288.948,1490.548
23af9a66-08d4-447b-8cbc-38dd24f6192e,2025-12-15_021127_5d803b23-52a5-4815-9fb1-988e6b759959,0170,1289.901,1497.802
23af9a66-08d4-447b-8cbc-38dd24f6192e,2025-12-15_021127_5d803b23-52a5-4815-9fb1-988e6b759959,0175,1285.961,1495.745
23af9a66-08d4-447b-8cbc-38dd24f6192e,2025-12-15_021127_5d803b23-52a5-4815-9fb1-988e6b759959,0180,1285.605,1497.76
23af9a66-08d4-447b-8cbc-38dd24f6192e,2025-12-15_021127_5d803b23-52a5-4815-9fb1-988e6b759959,0185,1285.969,1491.773
23af9a66-08d4-447b-8cbc-38dd24f6192e,2025-12-15_021127_5d803b23-52a5-4815-9fb1-988e6b759959,0190,1290.897,1510.903
23af9a66-08d4-447b-8cbc-38dd24f6192e,2025-12-15_021127_5d803b23-52a5-4815-9fb1-988e6b759959,0195,1285.71,1498.611
23af9a66-08d4-447b-8cbc-38dd24f6192e,2025-12-15_021127_5d803b23-52a5-4815-9fb1-988e6b759959,0200,1290.42,1506.92
23af9a66-08d4-447b-8cbc-38dd24f6192e,2025-12-15_021127_5d803b23-52a5-4815-9fb1-988e6b759959,0205,1290.696,1490.918
23af9a66-08d4-447b-8cbc-38dd24f6192e,2025-12-15_021127_5d803b23-52a5-4815-9fb1-988e6b759959,0210,1289.262,1490.657
23af9a66-08d4-447b-8cbc-38dd24f6192e,2025-12-15_021127_5d803b23-52a5-4815-9fb1-988e6b759959,0215,1290.318,1492.327
23af9a66-08d4-447b-8cbc-38dd24f6192e,2025-12-15_021127_5d803b23-52a5-4815-9fb1-988e6b759959,0220,1290.278,1492.621
23af9a66-08d4-447b-8cbc-38dd24f6192e,2025-12-15_021127_5d803b23-52a5-4815-9fb1-988e6b759959,0225,1290.148,1508.381
23af9a66-08d4-447b-8cbc-38dd24f6192e,2025-12-15_021127_5d803b23-52a5-4815-9fb1-988e6b759959,0230,1289.709,1503.032
23af9a66-08d4-447b-8cbc-38dd24f6192e,2025-12-15_021127_5d803b23-52a5-4815-9fb1-988e6b759959,0235,1290.12,1508.361
23af9a66-08d4-447b-8cbc-38dd24f6192e,2025-12-15_021127_5d803b23-52a5-4815-9fb1-988e6b759959,0240,1289.362,1506.279
23af9a66-08d4-447b-8cbc-38dd24f6192e,2025-12-15_021127_5d803b23-52a5-4815-9fb1-988e6b759959,0245,1290.099,1510.684
23af9a66-08d4-447b-8cbc-38dd24f6192e,2025-12-15_021127_5d803b23-52a5-4815-9fb1-988e6b759959,0250,1289.747,1491.442
23af9a66-08d4-447b-8cbc-38dd24f6192e,2025-12-15_021127_5d803b23-52a5-4815-9fb1-988e6b759959,0255,1289.891,1504.809
23af9a66-08d4-447b-8cbc-38dd24f6192e,2025-12-15_021127_5d803b23-52a5-4815-9fb1-988e6b759959,0260,1290.574,1503.987
23af9a66-08d4-447b-8cbc-38dd24f6192e,2025-12-15_021127_5d803b23-52a5-4815-9fb1-988e6b759959,0265,1289.787,1502.957
23af9a66-08d4-447b-8cbc-38dd24f6192e,2025-12-15_021127_5d803b23-52a5-4815-9fb1-988e6b759959,0270,1289.63,1501.135
23af9a66-08d4-447b-8cbc-38dd24f6192e,2025-12-15_021127_5d803b23-52a5-4815-9fb1-988e6b759959,0275,1289.988,1496.269
23af9a66-08d4-447b-8cbc-38dd24f6192e,2025-12-15_021127_5d803b23-52a5-4815-9fb1-988e6b759959,0280,1286.366,1495.909
23af9a66-08d4-447b-8cbc-38dd24f6192e,2025-12-15_021127_5d803b23-52a5-4815-9fb1-988e6b759959,0285,1290.649,1494.747
23af9a66-08d4-447b-8cbc-38dd24f6192e,2025-12-15_021127_5d803b23-52a5-4815-9fb1-988e6b759959,0290,1286.066,1496.99
23af9a66-08d4-447b-8cbc-38dd24f6192e,2025-12-15_021127_5d803b23-52a5-4815-9fb1-988e6b759959,0295,1285.808,1497.216
23af9a66-08d4-447b-8cbc-38dd24f6192e,2025-12-15_021127_5d803b23-52a5-4815-9fb1-988e6b759959,0300,1290.427,1517.773
23af9a66-08d4-447b-8cbc-38dd24f6192e,2025-12-15_021127_5d803b23-52a5-4815-9fb1-988e6b759959,0305,1289.451,1498.155
23af9a66-08d4-447b-8cbc-38dd24f6192e,2025-12-15_021127_5d803b23-52a5-4815-9fb1-988e6b759959,0310,1290.153,1506.102
23af9a66-08d4-447b-8cbc-38dd24f6192e,2025-12-15_021127_5d803b23-52a5-4815-9fb1-988e6b759959,0315,1290.136,1498.843
23af9a66-08d4-447b-8cbc-38dd24f6192e,2025-12-15_021127_5d803b23-52a5-4815-9fb1-988e6b759959,0320,1290.421,1506.347
23af9a66-08d4-447b-8cbc-38dd24f6192e,2025-12-15_021127_5d803b23-52a5-4815-9fb1-988e6b759959,0325,1290.396,1507.516
23af9a66-08d4-447b-8cbc-38dd24f6192e,2025-12-15_021127_5d803b23-52a5-4815-9fb1-988e6b759959,0330,1289.71,1508.879
23af9a66-08d4-447b-8cbc-38dd24f6192e,2025-12-15_021127_5d803b23-52a5-4815-9fb1-988e6b759959,0335,1289.717,1508.822
23af9a66-08d4-447b-8cbc-38dd24f6192e,2025-12-15_021127_5d803b23-52a5-4815-9fb1-988e6b759959,0340,1290.059,1507.512
23af9a66-08d4-447b-8cbc-38dd24f6192e,2025-12-15_021127_5d803b23-52a5-4815-9fb1-988e6b759959,0345,1288.133,1510.194
23af9a66-08d4-447b-8cbc-38dd24f6192e,2025-12-15_021127_5d803b23-52a5-4815-9fb1-988e6b759959,0350,1285.877,1496.21
23af9a66-08d4-447b-8cbc-38dd24f6192e,2025-12-15_021127_5d803b23-52a5-4815-9fb1-988e6b759959,0355,1290.0,1502.977
23af9a66-08d4-447b-8cbc-38dd24f6192e,2025-12-15_021127_5d803b23-52a5-4815-9fb1-988e6b759959,0360,1285.367,1504.488
23af9a66-08d4-447b-8cbc-38dd24f6192e,2025-12-15_021127_5d803b23-52a5-4815-9fb1-988e6b759959,0365,1285.623,1494.768
23af9a66-08d4-447b-8cbc-38dd24f6192e,2025-12-15_021127_5d803b23-52a5-4815-9fb1-988e6b759959,0370,1285.459,1503.26
23af9a66-08d4-447b-8cbc-38dd24f6192e,2025-12-15_021127_5d803b23-52a5-4815-9fb1-988e6b759959,0375,1285.422,1503.032
23af9a66-08d4-447b-8cbc-38dd24f6192e,2025-12-15_021127_5d803b23-52a5-4815-9fb1-988e6b759959,0380,1285.706,1500.457
23af9a66-08d4-447b-8cbc-38dd24f6192e,2025-12-15_021127_5d803b23-52a5-4815-9fb1-988e6b759959,0385,1285.383,1496.002
23af9a66-08d4-447b-8cbc-38dd24f6192e,2025-12-15_021127_5d803b23-52a5-4815-9fb1-988e6b759959,0390,1285.762,1501.404
23af9a66-08d4-447b-8cbc-38dd24f6192e,2025-12-15_021127_5d803b23-52a5-4815-9fb1-988e6b759959,0395,1289.478,1504.009
23af9a66-08d4-447b-8cbc-38dd24f6192e,2025-12-15_021127_5d803b23-52a5-4815-9fb1-988e6b759959,0400,1285.493,1486.517
23af9a66-08d4-447b-8cbc-38dd24f6192e,2025-12-15_021127_5d803b23-52a5-4815-9fb1-988e6b759959,0405,1289.598,1509.613
23af9a66-08d4-447b-8cbc-38dd24f6192e,2025-12-15_021127_5d803b23-52a5-4815-9fb1-988e6b759959,0410,1285.571,1501.733
23af9a66-08d4-447b-8cbc-38dd24f6192e,2025-12-15_021127_5d803b23-52a5-4815-9fb1-988e6b759959,0415,1285.451,1499.199
23af9a66-08d4-447b-8cbc-38dd24f6192e,2025-12-15_021127_5d803b23-52a5-4815-9fb1-988e6b759959,0420,1285.641,1501.6
23af9a66-08d4-447b-8cbc-38dd24f6192e,2025-12-15_021127_5d803b23-52a5-4815-9fb1-988e6b759959,0425,1290.279,1507.404
23af9a66-08d4-447b-8cbc-38dd24f6192e,2025-12-15_021127_5d803b23-52a5-4815-9fb1-988e6b759959,0430,1289.754,1492.625
23af9a66-08d4-447b-8cbc-38dd24f6192e,2025-12-15_021127_5d803b23-52a5-4815-9fb1-988e6b759959,0435,1289.436,1491.778
23af9a66-08d4-447b-8cbc-38dd24f6192e,2025-12-15_021127_5d803b23-52a5-4815-9fb1-988e6b759959,0440,1290.544,1492.928
23af9a66-08d4-447b-8cbc-38dd24f6192e,2025-12-15_021127_5d803b23-52a5-4815-9fb1-988e6b759959,0445,1290.565,1492.014
23af9a66-08d4-447b-8cbc-38dd24f6192e,2025-12-15_021127_5d803b23-52a5-4815-9fb1-988e6b759959,0450,1290.853,1501.698
23af9a66-08d4-447b-8cbc-38dd24f6192e,2025-12-15_021127_5d803b23-52a5-4815-9fb1-988e6b759959,0455,1289.872,1491.903
23af9a66-08d4-447b-8cbc-38dd24f6192e,2025-12-15_021127_5d803b23-52a5-4815-9fb1-988e6b759959,0460,1290.065,1490.464
23af9a66-08d4-447b-8cbc-38dd24f6192e,2025-12-15_021127_5d803b23-52a5-4815-9fb1-988e6b759959,0465,1289.962,1504.378
23af9a66-08d4-447b-8cbc-38dd24f6192e,2025-12-15_021127_5d803b23-52a5-4815-9fb1-988e6b759959,0470,1290.157,1510.429
23af9a66-08d4-447b-8cbc-38dd24f6192e,2025-12-15_021127_5d803b23-52a5-4815-9fb1-988e6b759959,0475,1290.088,1502.526
23af9a66-08d4-447b-8cbc-38dd24f6192e,2025-12-15_021127_5d803b23-52a5-4815-9fb1-988e6b759959,0480,1290.513,1509.79
23af9a66-08d4-447b-8cbc-38dd24f6192e,2025-12-15_021127_5d803b23-52a5-4815-9fb1-988e6b759959,0485,1290.252,1502.993
23af9a66-08d4-447b-8cbc-38dd24f6192e,2025-12-15_021127_5d803b23-52a5-4815-9fb1-988e6b759959,0490,1285.804,1504.375
23af9a66-08d4-447b-8cbc-38dd24f6192e,2025-12-15_021127_5d803b23-52a5-4815-9fb1-988e6b759959,0495,1285.777,1501.761
8168397b-ede6-44fd-9afb-428cf89a5416,0409ea20af4d2089_83d5bcbc-3175-4fdc-b935-4162c087b324,0005,1286.124,1528.024
8168397b-ede6-44fd-9afb-428cf89a5416,0409ea20af4d2089_83d5bcbc-3175-4fdc-b935-4162c087b324,0010,1285.738,1521.954
8168397b-ede6-44fd-9afb-428cf89a5416,0409ea20af4d2089_83d5bcbc-3175-4fdc-b935-4162c087b324,0015,1285.8,1503.343
8168397b-ede6-44fd-9afb-428cf89a5416,0409ea20af4d2089_83d5bcbc-3175-4fdc-b935-4162c087b324,0020,1285.61,1496.897
8168397b-ede6-44fd-9afb-428cf89a5416,0409ea20af4d2089_83d5bcbc-3175-4fdc-b935-4162c087b324,0025,1285.59,1502.233
8168397b-ede6-44fd-9afb-428cf89a5416,0409ea20af4d2089_83d5bcbc-3175-4fdc-b935-4162c087b324,0030,1284.932,1496.163
8168397b-ede6-44fd-9afb-428cf89a5416,0409ea20af4d2089_83d5bcbc-3175-4fdc-b935-4162c087b324,0035,1285.64,1506.027
8168397b-ede6-44fd-9afb-428cf89a5416,0409ea20af4d2089_83d5bcbc-3175-4fdc-b935-4162c087b324,0040,1289.709,1510.379
8168397b-ede6-44fd-9afb-428cf89a5416,0409ea20af4d2089_83d5bcbc-3175-4fdc-b935-4162c087b324,0045,1287.314,1500.37
8168397b-ede6-44fd-9afb-428cf89a5416,0409ea20af4d2089_83d5bcbc-3175-4fdc-b935-4162c087b324,0050,1286.093,1500.061
8168397b-ede6-44fd-9afb-428cf89a5416,0409ea20af4d2089_83d5bcbc-3175-4fdc-b935-4162c087b324,0055,1285.525,1489.189
8168397b-ede6-44fd-9afb-428cf89a5416,0409ea20af4d2089_83d5bcbc-3175-4fdc-b935-4162c087b324,0060,1285.81,1504.544
8168397b-ede6-44fd-9afb-428cf89a5416,0409ea20af4d2089_83d5bcbc-3175-4fdc-b935-4162c087b324,0065,1285.671,1504.926
8168397b-ede6-44fd-9afb-428cf89a5416,0409ea20af4d2089_83d5bcbc-3175-4fdc-b935-4162c087b324,0070,1286.089,1504.051
8168397b-ede6-44fd-9afb-428cf89a5416,0409ea20af4d2089_83d5bcbc-3175-4fdc-b935-4162c087b324,0075,1285.728,1499.618
8168397b-ede6-44fd-9afb-428cf89a5416,0409ea20af4d2089_83d5bcbc-3175-4fdc-b935-4162c087b324,0080,1285.488,1504.3
8168397b-ede6-44fd-9afb-428cf89a5416,0409ea20af4d2089_83d5bcbc-3175-4fdc-b935-4162c087b324,0085,1285.315,1506.778
8168397b-ede6-44fd-9afb-428cf89a5416,0409ea20af4d2089_83d5bcbc-3175-4fdc-b935-4162c087b324,0090,1284.791,1501.065
8168397b-ede6-44fd-9afb-428cf89a5416,0409ea20af4d2089_83d5bcbc-3175-4fdc-b935-4162c087b324,0095,1285.367,1501.517
8168397b-ede6-44fd-9afb-428cf89a5416,0409ea20af4d2089_83d5bcbc-3175-4fdc-b935-4162c087b324,0100,1285.849,1506.689
8168397b-ede6-44fd-9afb-428cf89a5416,0409ea20af4d2089_83d5bcbc-3175-4fdc-b935-4162c087b324,0105,1288.798,1510.153
8168397b-ede6-44fd-9afb-428cf89a5416,0409ea20af4d2089_83d5bcbc-3175-4fdc-b935-4162c087b324,0110,1285.21,1493.436
8168397b-ede6-44fd-9afb-428cf89a5416,0409ea20af4d2089_83d5bcbc-3175-4fdc-b935-4162c087b324,0115,1285.72,1497.899
8168397b-ede6-44fd-9afb-428cf89a5416,0409ea20af4d2089_83d5bcbc-3175-4fdc-b935-4162c087b324,0120,1285.703,1503.169
8168397b-ede6-44fd-9afb-428cf89a5416,0409ea20af4d2089_83d5bcbc-3175-4fdc-b935-4162c087b324,0125,1286.0,1506.257
8168397b-ede6-44fd-9afb-428cf89a5416,0409ea20af4d2089_83d5bcbc-3175-4fdc-b935-4162c087b324,0130,1287.687,1504.085
8168397b-ede6-44fd-9afb-428cf89a5416,0409ea20af4d2089_83d5bcbc-3175-4fdc-b935-4162c087b324,0135,1285.768,1501.935
8168397b-ede6-44fd-9afb-428cf89a5416,0409ea20af4d2089_83d5bcbc-3175-4fdc-b935-4162c087b324,0140,1289.974,1505.037
8168397b-ede6-44fd-9afb-428cf89a5416,0409ea20af4d2089_83d5bcbc-3175-4fdc-b935-4162c087b324,0145,1290.193,1512.547
8168397b-ede6-44fd-9afb-428cf89a5416,0409ea20af4d2089_83d5bcbc-3175-4fdc-b935-4162c087b324,0150,1289.993,1509.027
8168397b-ede6-44fd-9afb-428cf89a5416,0409ea20af4d2089_83d5bcbc-3175-4fdc-b935-4162c087b324,0155,1289.467,1511.355
8168397b-ede6-44fd-9afb-428cf89a5416,0409ea20af4d2089_83d5bcbc-3175-4fdc-b935-4162c087b324,0160,1289.551,1514.372
8168397b-ede6-44fd-9afb-428cf89a5416,0409ea20af4d2089_83d5bcbc-3175-4fdc-b935-4162c087b324,0165,1290.295,1515.789
8168397b-ede6-44fd-9afb-428cf89a5416,0409ea20af4d2089_83d5bcbc-3175-4fdc-b935-4162c087b324,0170,1290.189,1513.722
8168397b-ede6-44fd-9afb-428cf89a5416,0409ea20af4d2089_83d5bcbc-3175-4fdc-b935-4162c087b324,0175,1285.959,1506.141
8168397b-ede6-44fd-9afb-428cf89a5416,0409ea20af4d2089_83d5bcbc-3175-4fdc-b935-4162c087b324,0180,1285.581,1504.746
8168397b-ede6-44fd-9afb-428cf89a5416,0409ea20af4d2089_83d5bcbc-3175-4fdc-b935-4162c087b324,0185,1285.69,1504.663
8168397b-ede6-44fd-9afb-428cf89a5416,0409ea20af4d2089_83d5bcbc-3175-4fdc-b935-4162c087b324,0190,1287.201,1507.185
8168397b-ede6-44fd-9afb-428cf89a5416,0409ea20af4d2089_83d5bcbc-3175-4fdc-b935-4162c087b324,0195,1285.348,1499.336
8168397b-ede6-44fd-9afb-428cf89a5416,0409ea20af4d2089_83d5bcbc-3175-4fdc-b935-4162c087b324,0200,1286.015,1504.674
8168397b-ede6-44fd-9afb-428cf89a5416,0409ea20af4d2089_83d5bcbc-3175-4fdc-b935-4162c087b324,0205,1285.562,1503.702
8168397b-ede6-44fd-9afb-428cf89a5416,0409ea20af4d2089_83d5bcbc-3175-4fdc-b935-4162c087b324,0210,1285.358,1506.536
8168397b-ede6-44fd-9afb-428cf89a5416,0409ea20af4d2089_83d5bcbc-3175-4fdc-b935-4162c087b324,0215,1285.692,1496.73
8168397b-ede6-44fd-9afb-428cf89a5416,0409ea20af4d2089_83d5bcbc-3175-4fdc-b935-4162c087b324,0220,1285.26,1507.508
8168397b-ede6-44fd-9afb-428cf89a5416,0409ea20af4d2089_83d5bcbc-3175-4fdc-b935-4162c087b324,0225,1285.075,1498.845
8168397b-ede6-44fd-9afb-428cf89a5416,0409ea20af4d2089_83d5bcbc-3175-4fdc-b935-4162c087b324,0230,1284.962,1505.355
8168397b-ede6-44fd-9afb-428cf89a5416,0409ea20af4d2089_83d5bcbc-3175-4fdc-b935-4162c087b324,0235,1285.502,1500.763
8168397b-ede6-44fd-9afb-428cf89a5416,0409ea20af4d2089_83d5bcbc-3175-4fdc-b935-4162c087b324,0240,1285.576,1502.46
8168397b-ede6-44fd-9afb-428cf89a5416,0409ea20af4d2089_83d5bcbc-3175-4fdc-b935-4162c087b324,0245,1285.527,1502.313
8168397b-ede6-44fd-9afb-428cf89a5416,0409ea20af4d2089_83d5bcbc-3175-4fdc-b935-4162c087b324,0250,1289.916,1510.001
8168397b-ede6-44fd-9afb-428cf89a5416,0409ea20af4d2089_83d5bcbc-3175-4fdc-b935-4162c087b324,0255,1285.398,1496.568
8168397b-ede6-44fd-9afb-428cf89a5416,0409ea20af4d2089_83d5bcbc-3175-4fdc-b935-4162c087b324,0260,1284.922,1506.276
8168397b-ede6-44fd-9afb-428cf89a5416,0409ea20af4d2089_83d5bcbc-3175-4fdc-b935-4162c087b324,0265,1285.651,1507.057
8168397b-ede6-44fd-9afb-428cf89a5416,0409ea20af4d2089_83d5bcbc-3175-4fdc-b935-4162c087b324,0270,1285.229,1505.343
8168397b-ede6-44fd-9afb-428cf89a5416,0409ea20af4d2089_83d5bcbc-3175-4fdc-b935-4162c087b324,0275,1285.412,1504.321
8168397b-ede6-44fd-9afb-428cf89a5416,0409ea20af4d2089_83d5bcbc-3175-4fdc-b935-4162c087b324,0280,1285.566,1502.455
8168397b-ede6-44fd-9afb-428cf89a5416,0409ea20af4d2089_83d5bcbc-3175-4fdc-b935-4162c087b324,0285,1285.138,1505.729
8168397b-ede6-44fd-9afb-428cf89a5416,0409ea20af4d2089_83d5bcbc-3175-4fdc-b935-4162c087b324,0290,1285.344,1509.532
8168397b-ede6-44fd-9afb-428cf89a5416,0409ea20af4d2089_83d5bcbc-3175-4fdc-b935-4162c087b324,0295,1285.61,1508.201
8168397b-ede6-44fd-9afb-428cf89a5416,0409ea20af4d2089_83d5bcbc-3175-4fdc-b935-4162c087b324,0300,1285.897,1505.769
8168397b-ede6-44fd-9afb-428cf89a5416,0409ea20af4d2089_83d5bcbc-3175-4fdc-b935-4162c087b324,0305,1285.816,1505.968
8168397b-ede6-44fd-9afb-428cf89a5416,0409ea20af4d2089_83d5bcbc-3175-4fdc-b935-4162c087b324,0310,1289.998,1495.963
8168397b-ede6-44fd-9afb-428cf89a5416,0409ea20af4d2089_83d5bcbc-3175-4fdc-b935-4162c087b324,0315,1289.792,1495.277
8168397b-ede6-44fd-9afb-428cf89a5416,0409ea20af4d2089_83d5bcbc-3175-4fdc-b935-4162c087b324,0320,1289.88,1495.551
8168397b-ede6-44fd-9afb-428cf89a5416,0409ea20af4d2089_83d5bcbc-3175-4fdc-b935-4162c087b324,0325,1290.501,1494.642
8168397b-ede6-44fd-9afb-428cf89a5416,0409ea20af4d2089_83d5bcbc-3175-4fdc-b935-4162c087b324,0330,1289.867,1496.075
8168397b-ede6-44fd-9afb-428cf89a5416,0409ea20af4d2089_83d5bcbc-3175-4fdc-b935-4162c087b324,0335,1290.43,1497.038
8168397b-ede6-44fd-9afb-428cf89a5416,0409ea20af4d2089_83d5bcbc-3175-4fdc-b935-4162c087b324,0340,1290.946,1496.639
8168397b-ede6-44fd-9afb-428cf89a5416,0409ea20af4d2089_83d5bcbc-3175-4fdc-b935-4162c087b324,0345,1290.408,1495.358
8168397b-ede6-44fd-9afb-428cf89a5416,0409ea20af4d2089_83d5bcbc-3175-4fdc-b935-4162c087b324,0350,1290.246,1493.4
8168397b-ede6-44fd-9afb-428cf89a5416,0409ea20af4d2089_83d5bcbc-3175-4fdc-b935-4162c087b324,0355,1290.397,1496.051
8168397b-ede6-44fd-9afb-428cf89a5416,0409ea20af4d2089_83d5bcbc-3175-4fdc-b935-4162c087b324,0360,1290.835,1495.881
8168397b-ede6-44fd-9afb-428cf89a5416,0409ea20af4d2089_83d5bcbc-3175-4fdc-b935-4162c087b324,0365,1290.658,1496.214
8168397b-ede6-44fd-9afb-428cf89a5416,0409ea20af4d2089_83d5bcbc-3175-4fdc-b935-4162c087b324,0370,1290.582,1496.601
8168397b-ede6-44fd-9afb-428cf89a5416,0409ea20af4d2089_83d5bcbc-3175-4fdc-b935-4162c087b324,0375,1290.441,1516.863
8168397b-ede6-44fd-9afb-428cf89a5416,0409ea20af4d2089_83d5bcbc-3175-4fdc-b935-4162c087b324,0380,1290.336,1506.712
8168397b-ede6-44fd-9afb-428cf89a5416,0409ea20af4d2089_83d5bcbc-3175-4fdc-b935-4162c087b324,0385,1290.615,1506.399
8168397b-ede6-44fd-9afb-428cf89a5416,0409ea20af4d2089_83d5bcbc-3175-4fdc-b935-4162c087b324,0390,1289.616,1508.783
8168397b-ede6-44fd-9afb-428cf89a5416,0409ea20af4d2089_83d5bcbc-3175-4fdc-b935-4162c087b324,0395,1285.884,1503.181
8168397b-ede6-44fd-9afb-428cf89a5416,0409ea20af4d2089_83d5bcbc-3175-4fdc-b935-4162c087b324,0400,1285.967,1511.333
8168397b-ede6-44fd-9afb-428cf89a5416,0409ea20af4d2089_83d5bcbc-3175-4fdc-b935-4162c087b324,0405,1285.551,1515.569
8168397b-ede6-44fd-9afb-428cf89a5416,0409ea20af4d2089_83d5bcbc-3175-4fdc-b935-4162c087b324,0410,1285.717,1513.48
8168397b-ede6-44fd-9afb-428cf89a5416,0409ea20af4d2089_83d5bcbc-3175-4fdc-b935-4162c087b324,0415,1285.587,1515.296
de079ceb-817c-4296-8f54-7312f03e4bee,dfe1dfc888193864_88e2e864-4689-41d0-8701-c71b1666962e,0005,1285.83,1543.074
de079ceb-817c-4296-8f54-7312f03e4bee,dfe1dfc888193864_88e2e864-4689-41d0-8701-c71b1666962e,0010,1285.255,1515.756
de079ceb-817c-4296-8f54-7312f03e4bee,dfe1dfc888193864_88e2e864-4689-41d0-8701-c71b1666962e,0015,1285.221,1508.596
de079ceb-817c-4296-8f54-7312f03e4bee,dfe1dfc888193864_88e2e864-4689-41d0-8701-c71b1666962e,0020,1285.239,1507.887
de079ceb-817c-4296-8f54-7312f03e4bee,dfe1dfc888193864_88e2e864-4689-41d0-8701-c71b1666962e,0025,1285.721,1512.393
de079ceb-817c-4296-8f54-7312f03e4bee,dfe1dfc888193864_88e2e864-4689-41d0-8701-c71b1666962e,0030,1286.081,1511.722
de079ceb-817c-4296-8f54-7312f03e4bee,dfe1dfc888193864_88e2e864-4689-41d0-8701-c71b1666962e,0035,1285.507,1515.929
de079ceb-817c-4296-8f54-7312f03e4bee,dfe1dfc888193864_88e2e864-4689-41d0-8701-c71b1666962e,0040,1286.158,1509.041
de079ceb-817c-4296-8f54-7312f03e4bee,dfe1dfc888193864_88e2e864-4689-41d0-8701-c71b1666962e,0045,1285.833,1513.482
de079ceb-817c-4296-8f54-7312f03e4bee,dfe1dfc888193864_88e2e864-4689-41d0-8701-c71b1666962e,0050,1285.439,1511.143
de079ceb-817c-4296-8f54-7312f03e4bee,dfe1dfc888193864_88e2e864-4689-41d0-8701-c71b1666962e,0055,1285.743,1513.292
de079ceb-817c-4296-8f54-7312f03e4bee,dfe1dfc888193864_88e2e864-4689-41d0-8701-c71b1666962e,0060,1286.13,1515.876
de079ceb-817c-4296-8f54-7312f03e4bee,dfe1dfc888193864_88e2e864-4689-41d0-8701-c71b1666962e,0065,1285.6,1509.047
de079ceb-817c-4296-8f54-7312f03e4bee,dfe1dfc888193864_88e2e864-4689-41d0-8701-c71b1666962e,0070,1289.857,1516.481
de079ceb-817c-4296-8f54-7312f03e4bee,dfe1dfc888193864_88e2e864-4689-41d0-8701-c71b1666962e,0075,1291.214,1503.496
de079ceb-817c-4296-8f54-7312f03e4bee,dfe1dfc888193864_88e2e864-4689-41d0-8701-c71b1666962e,0080,1290.34,1501.807
de079ceb-817c-4296-8f54-7312f03e4bee,dfe1dfc888193864_88e2e864-4689-41d0-8701-c71b1666962e,0085,1286.211,1497.825
de079ceb-817c-4296-8f54-7312f03e4bee,dfe1dfc888193864_88e2e864-4689-41d0-8701-c71b1666962e,0090,1286.39,1512.388
de079ceb-817c-4296-8f54-7312f03e4bee,dfe1dfc888193864_88e2e864-4689-41d0-8701-c71b1666962e,0095,1285.924,1512.034
de079ceb-817c-4296-8f54-7312f03e4bee,dfe1dfc888193864_88e2e864-4689-41d0-8701-c71b1666962e,0100,1286.084,1514.327
de079ceb-817c-4296-8f54-7312f03e4bee,dfe1dfc888193864_88e2e864-4689-41d0-8701-c71b1666962e,0105,1285.827,1515.502
de079ceb-817c-4296-8f54-7312f03e4bee,dfe1dfc888193864_88e2e864-4689-41d0-8701-c71b1666962e,0110,1285.751,1510.954
de079ceb-817c-4296-8f54-7312f03e4bee,dfe1dfc888193864_88e2e864-4689-41d0-8701-c71b1666962e,0115,1290.816,1517.697
de079ceb-817c-4296-8f54-7312f03e4bee,dfe1dfc888193864_88e2e864-4689-41d0-8701-c71b1666962e,0120,1290.557,1506.662
de079ceb-817c-4296-8f54-7312f03e4bee,dfe1dfc888193864_88e2e864-4689-41d0-8701-c71b1666962e,0125,1290.557,1506.408
de079ceb-817c-4296-8f54-7312f03e4bee,dfe1dfc888193864_88e2e864-4689-41d0-8701-c71b1666962e,0130,1290.511,1505.704
de079ceb-817c-4296-8f54-7312f03e4bee,dfe1dfc888193864_88e2e864-4689-41d0-8701-c71b1666962e,0135,1290.59,1505.651
de079ceb-817c-4296-8f54-7312f03e4bee,dfe1dfc888193864_88e2e864-4689-41d0-8701-c71b1666962e,0140,1290.016,1519.91
de079ceb-817c-4296-8f54-7312f03e4bee,dfe1dfc888193864_88e2e864-4689-41d0-8701-c71b1666962e,0145,1290.171,1516.51
de079ceb-817c-4296-8f54-7312f03e4bee,dfe1dfc888193864_88e2e864-4689-41d0-8701-c71b1666962e,0150,1291.016,1518.357
de079ceb-817c-4296-8f54-7312f03e4bee,dfe1dfc888193864_88e2e864-4689-41d0-8701-c71b1666962e,0155,1290.257,1521.222
de079ceb-817c-4296-8f54-7312f03e4bee,dfe1dfc888193864_88e2e864-4689-41d0-8701-c71b1666962e,0160,1285.732,1514.925
de079ceb-817c-4296-8f54-7312f03e4bee,dfe1dfc888193864_88e2e864-4689-41d0-8701-c71b1666962e,0165,1285.931,1514.666
de079ceb-817c-4296-8f54-7312f03e4bee,dfe1dfc888193864_88e2e864-4689-41d0-8701-c71b1666962e,0170,1285.806,1515.629
de079ceb-817c-4296-8f54-7312f03e4bee,dfe1dfc888193864_88e2e864-4689-41d0-8701-c71b1666962e,0175,1286.311,1513.909
de079ceb-817c-4296-8f54-7312f03e4bee,dfe1dfc888193864_88e2e864-4689-41d0-8701-c71b1666962e,0180,1285.481,1509.658
de079ceb-817c-4296-8f54-7312f03e4bee,dfe1dfc888193864_88e2e864-4689-41d0-8701-c71b1666962e,0185,1286.156,1515.694
de079ceb-817c-4296-8f54-7312f03e4bee,dfe1dfc888193864_88e2e864-4689-41d0-8701-c71b1666962e,0190,1285.627,1514.075
de079ceb-817c-4296-8f54-7312f03e4bee,dfe1dfc888193864_88e2e864-4689-41d0-8701-c71b1666962e,0195,1289.647,1516.19
de079ceb-817c-4296-8f54-7312f03e4bee,dfe1dfc888193864_88e2e864-4689-41d0-8701-c71b1666962e,0200,1285.832,1512.343
de079ceb-817c-4296-8f54-7312f03e4bee,dfe1dfc888193864_88e2e864-4689-41d0-8701-c71b1666962e,0205,1285.932,1509.907
de079ceb-817c-4296-8f54-7312f03e4bee,dfe1dfc888193864_88e2e864-4689-41d0-8701-c71b1666962e,0210,1285.851,1513.814
de079ceb-817c-4296-8f54-7312f03e4bee,dfe1dfc888193864_88e2e864-4689-41d0-8701-c71b1666962e,0215,1284.949,1512.752
de079ceb-817c-4296-8f54-7312f03e4bee,dfe1dfc888193864_88e2e864-4689-41d0-8701-c71b1666962e,0220,1285.353,1511.9
de079ceb-817c-4296-8f54-7312f03e4bee,dfe1dfc888193864_88e2e864-4689-41d0-8701-c71b1666962e,0225,1286.071,1510.988
de079ceb-817c-4296-8f54-7312f03e4bee,dfe1dfc888193864_88e2e864-4689-41d0-8701-c71b1666962e,0230,1285.763,1514.887
de079ceb-817c-4296-8f54-7312f03e4bee,dfe1dfc888193864_88e2e864-4689-41d0-8701-c71b1666962e,0235,1285.244,1510.112
de079ceb-817c-4296-8f54-7312f03e4bee,dfe1dfc888193864_88e2e864-4689-41d0-8701-c71b1666962e,0240,1285.497,1512.65
de079ceb-817c-4296-8f54-7312f03e4bee,dfe1dfc888193864_88e2e864-4689-41d0-8701-c71b1666962e,0245,1285.869,1514.672
de079ceb-817c-4296-8f54-7312f03e4bee,dfe1dfc888193864_88e2e864-4689-41d0-8701-c71b1666962e,0250,1285.858,1517.713
de079ceb-817c-4296-8f54-7312f03e4bee,dfe1dfc888193864_88e2e864-4689-41d0-8701-c71b1666962e,0255,1285.215,1512.24
de079ceb-817c-4296-8f54-7312f03e4bee,dfe1dfc888193864_88e2e864-4689-41d0-8701-c71b1666962e,0260,1285.591,1516.457
de079ceb-817c-4296-8f54-7312f03e4bee,dfe1dfc888193864_88e2e864-4689-41d0-8701-c71b1666962e,0265,1285.591,1507.593
de079ceb-817c-4296-8f54-7312f03e4bee,dfe1dfc888193864_88e2e864-4689-41d0-8701-c71b1666962e,0270,1286.686,1505.086
de079ceb-817c-4296-8f54-7312f03e4bee,dfe1dfc888193864_88e2e864-4689-41d0-8701-c71b1666962e,0275,1291.366,1516.967
de079ceb-817c-4296-8f54-7312f03e4bee,dfe1dfc888193864_88e2e864-4689-41d0-8701-c71b1666962e,0280,1290.476,1502.928
de079ceb-817c-4296-8f54-7312f03e4bee,dfe1dfc888193864_88e2e864-4689-41d0-8701-c71b1666962e,0285,1290.822,1508.497
de079ceb-817c-4296-8f54-7312f03e4bee,dfe1dfc888193864_88e2e864-4689-41d0-8701-c71b1666962e,0290,1286.406,1505.225
de079ceb-817c-4296-8f54-7312f03e4bee,dfe1dfc888193864_88e2e864-4689-41d0-8701-c71b1666962e,0295,1286.574,1504.051
de079ceb-817c-4296-8f54-7312f03e4bee,dfe1dfc888193864_88e2e864-4689-41d0-8701-c71b1666962e,0300,1290.471,1509.001
de079ceb-817c-4296-8f54-7312f03e4bee,dfe1dfc888193864_88e2e864-4689-41d0-8701-c71b1666962e,0305,1285.851,1498.605
de079ceb-817c-4296-8f54-7312f03e4bee,dfe1dfc888193864_88e2e864-4689-41d0-8701-c71b1666962e,0310,1286.405,1503.907
de079ceb-817c-4296-8f54-7312f03e4bee,dfe1dfc888193864_88e2e864-4689-41d0-8701-c71b1666962e,0315,1285.993,1497.385
de079ceb-817c-4296-8f54-7312f03e4bee,dfe1dfc888193864_88e2e864-4689-41d0-8701-c71b1666962e,0320,1286.057,1502.794
de079ceb-817c-4296-8f54-7312f03e4bee,dfe1dfc888193864_88e2e864-4689-41d0-8701-c71b1666962e,0325,1286.424,1507.552
de079ceb-817c-4296-8f54-7312f03e4bee,dfe1dfc888193864_88e2e864-4689-41d0-8701-c71b1666962e,0330,1286.942,1505.853
de079ceb-817c-4296-8f54-7312f03e4bee,dfe1dfc888193864_88e2e864-4689-41d0-8701-c71b1666962e,0335,1286.575,1506.568
de079ceb-817c-4296-8f54-7312f03e4bee,dfe1dfc888193864_88e2e864-4689-41d0-8701-c71b1666962e,0340,1287.407,1507.009
de079ceb-817c-4296-8f54-7312f03e4bee,dfe1dfc888193864_88e2e864-4689-41d0-8701-c71b1666962e,0345,1286.519,1508.423
de079ceb-817c-4296-8f54-7312f03e4bee,dfe1dfc888193864_88e2e864-4689-41d0-8701-c71b1666962e,0350,1285.869,1512.293
de079ceb-817c-4296-8f54-7312f03e4bee,dfe1dfc888193864_88e2e864-4689-41d0-8701-c71b1666962e,0355,1286.212,1510.625
de079ceb-817c-4296-8f54-7312f03e4bee,dfe1dfc888193864_88e2e864-4689-41d0-8701-c71b1666962e,0360,1285.828,1506.037
de079ceb-817c-4296-8f54-7312f03e4bee,dfe1dfc888193864_88e2e864-4689-41d0-8701-c71b1666962e,0365,1291.231,1512.231
de079ceb-817c-4296-8f54-7312f03e4bee,dfe1dfc888193864_88e2e864-4689-41d0-8701-c71b1666962e,0370,1290.088,1502.575
de079ceb-817c-4296-8f54-7312f03e4bee,dfe1dfc888193864_88e2e864-4689-41d0-8701-c71b1666962e,0375,1290.242,1514.395
de079ceb-817c-4296-8f54-7312f03e4bee,dfe1dfc888193864_88e2e864-4689-41d0-8701-c71b1666962e,0380,1290.716,1517.46
de079ceb-817c-4296-8f54-7312f03e4bee,dfe1dfc888193864_88e2e864-4689-41d0-8701-c71b1666962e,0385,1290.386,1519.432
de079ceb-817c-4296-8f54-7312f03e4bee,dfe1dfc888193864_88e2e864-4689-41d0-8701-c71b1666962e,0390,1290.63,1517.902
de079ceb-817c-4296-8f54-7312f03e4bee,dfe1dfc888193864_88e2e864-4689-41d0-8701-c71b1666962e,0395,1289.865,1514.908
de079ceb-817c-4296-8f54-7312f03e4bee,dfe1dfc888193864_88e2e864-4689-41d0-8701-c71b1666962e,0400,1286.507,1509.997
de079ceb-817c-4296-8f54-7312f03e4bee,dfe1dfc888193864_88e2e864-4689-41d0-8701-c71b1666962e,0405,1285.346,1514.675
de079ceb-817c-4296-8f54-7312f03e4bee,dfe1dfc888193864_88e2e864-4689-41d0-8701-c71b1666962e,0410,1285.222,1515.184
de079ceb-817c-4296-8f54-7312f03e4bee,dfe1dfc888193864_88e2e864-4689-41d0-8701-c71b1666962e,0415,1285.815,1509.477
de079ceb-817c-4296-8f54-7312f03e4bee,dfe1dfc888193864_88e2e864-4689-41d0-8701-c71b1666962e,0420,1289.934,1523.607
de079ceb-817c-4296-8f54-7312f03e4bee,dfe1dfc888193864_88e2e864-4689-41d0-8701-c71b1666962e,0425,1285.818,1502.363
de079ceb-817c-4296-8f54-7312f03e4bee,dfe1dfc888193864_88e2e864-4689-41d0-8701-c71b1666962e,0430,1285.661,1512.536
de079ceb-817c-4296-8f54-7312f03e4bee,dfe1dfc888193864_88e2e864-4689-41d0-8701-c71b1666962e,0435,1285.195,1508.395
de079ceb-817c-4296-8f54-7312f03e4bee,dfe1dfc888193864_88e2e864-4689-41d0-8701-c71b1666962e,0440,1285.153,1507.072
de079ceb-817c-4296-8f54-7312f03e4bee,dfe1dfc888193864_88e2e864-4689-41d0-8701-c71b1666962e,0445,1285.675,1511.628
de079ceb-817c-4296-8f54-7312f03e4bee,dfe1dfc888193864_88e2e864-4689-41d0-8701-c71b1666962e,0450,1285.864,1498.326
de079ceb-817c-4296-8f54-7312f03e4bee,dfe1dfc888193864_88e2e864-4689-41d0-8701-c71b1666962e,0455,1286.359,1508.348
333f52ce-20ef-449f-8bd4-534de18395c1,f4134d698722eec5_3434b65c-895e-4c3a-b9d6-30e9eb6928d0,0005,1285.966,1511.85
333f52ce-20ef-449f-8bd4-534de18395c1,f4134d698722eec5_3434b65c-895e-4c3a-b9d6-30e9eb6928d0,0010,1286.015,1517.453
333f52ce-20ef-449f-8bd4-534de18395c1,f4134d698722eec5_3434b65c-895e-4c3a-b9d6-30e9eb6928d0,0015,1285.876,1512.196
333f52ce-20ef-449f-8bd4-534de18395c1,f4134d698722eec5_3434b65c-895e-4c3a-b9d6-30e9eb6928d0,0020,1285.755,1515.596
333f52ce-20ef-449f-8bd4-534de18395c1,f4134d698722eec5_3434b65c-895e-4c3a-b9d6-30e9eb6928d0,0025,1286.025,1516.395
333f52ce-20ef-449f-8bd4-534de18395c1,f4134d698722eec5_3434b65c-895e-4c3a-b9d6-30e9eb6928d0,0030,1285.739,1509.033
333f52ce-20ef-449f-8bd4-534de18395c1,f4134d698722eec5_3434b65c-895e-4c3a-b9d6-30e9eb6928d0,0035,1290.191,1519.753
333f52ce-20ef-449f-8bd4-534de18395c1,f4134d698722eec5_3434b65c-895e-4c3a-b9d6-30e9eb6928d0,0040,1288.372,1514.568
333f52ce-20ef-449f-8bd4-534de18395c1,f4134d698722eec5_3434b65c-895e-4c3a-b9d6-30e9eb6928d0,0045,1285.787,1514.307
333f52ce-20ef-449f-8bd4-534de18395c1,f4134d698722eec5_3434b65c-895e-4c3a-b9d6-30e9eb6928d0,0050,1287.083,1518.096
333f52ce-20ef-449f-8bd4-534de18395c1,f4134d698722eec5_3434b65c-895e-4c3a-b9d6-30e9eb6928d0,0055,1289.795,1501.555
333f52ce-20ef-449f-8bd4-534de18395c1,f4134d698722eec5_3434b65c-895e-4c3a-b9d6-30e9eb6928d0,0060,1290.996,1529.442
333f52ce-20ef-449f-8bd4-534de18395c1,f4134d698722eec5_3434b65c-895e-4c3a-b9d6-30e9eb6928d0,0065,1289.612,1531.09
333f52ce-20ef-449f-8bd4-534de18395c1,f4134d698722eec5_3434b65c-895e-4c3a-b9d6-30e9eb6928d0,0070,1289.206,1514.263
333f52ce-20ef-449f-8bd4-534de18395c1,f4134d698722eec5_3434b65c-895e-4c3a-b9d6-30e9eb6928d0,0075,1290.872,1515.949
333f52ce-20ef-449f-8bd4-534de18395c1,f4134d698722eec5_3434b65c-895e-4c3a-b9d6-30e9eb6928d0,0080,1289.94,1515.629
333f52ce-20ef-449f-8bd4-534de18395c1,f4134d698722eec5_3434b65c-895e-4c3a-b9d6-30e9eb6928d0,0085,1285.578,1514.614
333f52ce-20ef-449f-8bd4-534de18395c1,f4134d698722eec5_3434b65c-895e-4c3a-b9d6-30e9eb6928d0,0090,1285.141,1514.627
333f52ce-20ef-449f-8bd4-534de18395c1,f4134d698722eec5_3434b65c-895e-4c3a-b9d6-30e9eb6928d0,0095,1285.742,1513.601
333f52ce-20ef-449f-8bd4-534de18395c1,f4134d698722eec5_3434b65c-895e-4c3a-b9d6-30e9eb6928d0,0100,1285.734,1512.042
333f52ce-20ef-449f-8bd4-534de18395c1,f4134d698722eec5_3434b65c-895e-4c3a-b9d6-30e9eb6928d0,0105,1284.962,1513.306
333f52ce-20ef-449f-8bd4-534de18395c1,f4134d698722eec5_3434b65c-895e-4c3a-b9d6-30e9eb6928d0,0110,1285.796,1515.914
333f52ce-20ef-449f-8bd4-534de18395c1,f4134d698722eec5_3434b65c-895e-4c3a-b9d6-30e9eb6928d0,0115,1289.897,1516.24
333f52ce-20ef-449f-8bd4-534de18395c1,f4134d698722eec5_3434b65c-895e-4c3a-b9d6-30e9eb6928d0,0120,1285.614,1515.608
333f52ce-20ef-449f-8bd4-534de18395c1,f4134d698722eec5_3434b65c-895e-4c3a-b9d6-30e9eb6928d0,0125,1289.405,1513.47
333f52ce-20ef-449f-8bd4-534de18395c1,f4134d698722eec5_3434b65c-895e-4c3a-b9d6-30e9eb6928d0,0130,1285.595,1500.869
333f52ce-20ef-449f-8bd4-534de18395c1,f4134d698722eec5_3434b65c-895e-4c3a-b9d6-30e9eb6928d0,0135,1285.726,1509.604
333f52ce-20ef-449f-8bd4-534de18395c1,f4134d698722eec5_3434b65c-895e-4c3a-b9d6-30e9eb6928d0,0140,1286.018,1511.043
333f52ce-20ef-449f-8bd4-534de18395c1,f4134d698722eec5_3434b65c-895e-4c3a-b9d6-30e9eb6928d0,0145,1285.207,1510.11
333f52ce-20ef-449f-8bd4-534de18395c1,f4134d698722eec5_3434b65c-895e-4c3a-b9d6-30e9eb6928d0,0150,1285.15,1514.2
333f52ce-20ef-449f-8bd4-534de18395c1,f4134d698722eec5_3434b65c-895e-4c3a-b9d6-30e9eb6928d0,0155,1285.463,1513.91
333f52ce-20ef-449f-8bd4-534de18395c1,f4134d698722eec5_3434b65c-895e-4c3a-b9d6-30e9eb6928d0,0160,1286.024,1517.044
333f52ce-20ef-449f-8bd4-534de18395c1,f4134d698722eec5_3434b65c-895e-4c3a-b9d6-30e9eb6928d0,0165,1285.458,1508.018
333f52ce-20ef-449f-8bd4-534de18395c1,f4134d698722eec5_3434b65c-895e-4c3a-b9d6-30e9eb6928d0,0170,1285.425,1510.314
333f52ce-20ef-449f-8bd4-534de18395c1,f4134d698722eec5_3434b65c-895e-4c3a-b9d6-30e9eb6928d0,0175,1285.292,1513.087
333f52ce-20ef-449f-8bd4-534de18395c1,f4134d698722eec5_3434b65c-895e-4c3a-b9d6-30e9eb6928d0,0180,1285.319,1509.655
333f52ce-20ef-449f-8bd4-534de18395c1,f4134d698722eec5_3434b65c-895e-4c3a-b9d6-30e9eb6928d0,0185,1285.541,1512.223
333f52ce-20ef-449f-8bd4-534de18395c1,f4134d698722eec5_3434b65c-895e-4c3a-b9d6-30e9eb6928d0,0190,1285.893,1512.561
333f52ce-20ef-449f-8bd4-534de18395c1,f4134d698722eec5_3434b65c-895e-4c3a-b9d6-30e9eb6928d0,0195,1285.497,1510.0
333f52ce-20ef-449f-8bd4-534de18395c1,f4134d698722eec5_3434b65c-895e-4c3a-b9d6-30e9eb6928d0,0200,1285.525,1515.467
333f52ce-20ef-449f-8bd4-534de18395c1,f4134d698722eec5_3434b65c-895e-4c3a-b9d6-30e9eb6928d0,0205,1285.434,1509.263
333f52ce-20ef-449f-8bd4-534de18395c1,f4134d698722eec5_3434b65c-895e-4c3a-b9d6-30e9eb6928d0,0210,1290.07,1519.165
333f52ce-20ef-449f-8bd4-534de18395c1,f4134d698722eec5_3434b65c-895e-4c3a-b9d6-30e9eb6928d0,0215,1289.481,1517.926
333f52ce-20ef-449f-8bd4-534de18395c1,f4134d698722eec5_3434b65c-895e-4c3a-b9d6-30e9eb6928d0,0220,1286.203,1513.74
333f52ce-20ef-449f-8bd4-534de18395c1,f4134d698722eec5_3434b65c-895e-4c3a-b9d6-30e9eb6928d0,0225,1285.035,1508.897
333f52ce-20ef-449f-8bd4-534de18395c1,f4134d698722eec5_3434b65c-895e-4c3a-b9d6-30e9eb6928d0,0230,1285.988,1515.244
333f52ce-20ef-449f-8bd4-534de18395c1,f4134d698722eec5_3434b65c-895e-4c3a-b9d6-30e9eb6928d0,0235,1286.326,1519.878
333f52ce-20ef-449f-8bd4-534de18395c1,f4134d698722eec5_3434b65c-895e-4c3a-b9d6-30e9eb6928d0,0240,1288.916,1505.778
333f52ce-20ef-449f-8bd4-534de18395c1,f4134d698722eec5_3434b65c-895e-4c3a-b9d6-30e9eb6928d0,0245,1289.727,1524.124
333f52ce-20ef-449f-8bd4-534de18395c1,f4134d698722eec5_3434b65c-895e-4c3a-b9d6-30e9eb6928d0,0250,1290.541,1516.016
333f52ce-20ef-449f-8bd4-534de18395c1,f4134d698722eec5_3434b65c-895e-4c3a-b9d6-30e9eb6928d0,0255,1289.327,1517.62
333f52ce-20ef-449f-8bd4-534de18395c1,f4134d698722eec5_3434b65c-895e-4c3a-b9d6-30e9eb6928d0,0260,1287.468,1513.396
333f52ce-20ef-449f-8bd4-534de18395c1,f4134d698722eec5_3434b65c-895e-4c3a-b9d6-30e9eb6928d0,0265,1286.243,1515.007
333f52ce-20ef-449f-8bd4-534de18395c1,f4134d698722eec5_3434b65c-895e-4c3a-b9d6-30e9eb6928d0,0270,1285.453,1510.563
333f52ce-20ef-449f-8bd4-534de18395c1,f4134d698722eec5_3434b65c-895e-4c3a-b9d6-30e9eb6928d0,0275,1285.745,1509.962
333f52ce-20ef-449f-8bd4-534de18395c1,f4134d698722eec5_3434b65c-895e-4c3a-b9d6-30e9eb6928d0,0280,1285.387,1511.031
333f52ce-20ef-449f-8bd4-534de18395c1,f4134d698722eec5_3434b65c-895e-4c3a-b9d6-30e9eb6928d0,0285,1285.559,1511.397
333f52ce-20ef-449f-8bd4-534de18395c1,f4134d698722eec5_3434b65c-895e-4c3a-b9d6-30e9eb6928d0,0290,1285.571,1514.737
333f52ce-20ef-449f-8bd4-534de18395c1,f4134d698722eec5_3434b65c-895e-4c3a-b9d6-30e9eb6928d0,0295,1285.447,1511.798
333f52ce-20ef-449f-8bd4-534de18395c1,f4134d698722eec5_3434b65c-895e-4c3a-b9d6-30e9eb6928d0,0300,1285.065,1507.073
333f52ce-20ef-449f-8bd4-534de18395c1,f4134d698722eec5_3434b65c-895e-4c3a-b9d6-30e9eb6928d0,0305,1285.577,1510.961
333f52ce-20ef-449f-8bd4-534de18395c1,f4134d698722eec5_3434b65c-895e-4c3a-b9d6-30e9eb6928d0,0310,1287.774,1513.578
333f52ce-20ef-449f-8bd4-534de18395c1,f4134d698722eec5_3434b65c-895e-4c3a-b9d6-30e9eb6928d0,0315,1285.358,1508.11
333f52ce-20ef-449f-8bd4-534de18395c1,f4134d698722eec5_3434b65c-895e-4c3a-b9d6-30e9eb6928d0,0320,1287.245,1515.15
333f52ce-20ef-449f-8bd4-534de18395c1,f4134d698722eec5_3434b65c-895e-4c3a-b9d6-30e9eb6928d0,0325,1285.76,1507.296
66940b12-6da7-4b1a-b58d-b271c6cbb305,ef8ad6b8f2aca05e_e23299b4-3dfd-40c1-8dcf-22cc0281aec2,0005,1286.292,1527.529
66940b12-6da7-4b1a-b58d-b271c6cbb305,ef8ad6b8f2aca05e_e23299b4-3dfd-40c1-8dcf-22cc0281aec2,0010,1285.996,1521.628
66940b12-6da7-4b1a-b58d-b271c6cbb305,ef8ad6b8f2aca05e_e23299b4-3dfd-40c1-8dcf-22cc0281aec2,0015,1285.929,1514.221
66940b12-6da7-4b1a-b58d-b271c6cbb305,ef8ad6b8f2aca05e_e23299b4-3dfd-40c1-8dcf-22cc0281aec2,0020,1285.374,1510.985
66940b12-6da7-4b1a-b58d-b271c6cbb305,ef8ad6b8f2aca05e_e23299b4-3dfd-40c1-8dcf-22cc0281aec2,0025,1285.975,1511.722
66940b12-6da7-4b1a-b58d-b271c6cbb305,ef8ad6b8f2aca05e_e23299b4-3dfd-40c1-8dcf-22cc0281aec2,0030,1285.51,1513.712
66940b12-6da7-4b1a-b58d-b271c6cbb305,ef8ad6b8f2aca05e_e23299b4-3dfd-40c1-8dcf-22cc0281aec2,0035,1285.623,1515.166
66940b12-6da7-4b1a-b58d-b271c6cbb305,ef8ad6b8f2aca05e_e23299b4-3dfd-40c1-8dcf-22cc0281aec2,0040,1285.51,1506.718
66940b12-6da7-4b1a-b58d-b271c6cbb305,ef8ad6b8f2aca05e_e23299b4-3dfd-40c1-8dcf-22cc0281aec2,0045,1285.973,1510.047
66940b12-6da7-4b1a-b58d-b271c6cbb305,ef8ad6b8f2aca05e_e23299b4-3dfd-40c1-8dcf-22cc0281aec2,0050,1285.796,1512.955
66940b12-6da7-4b1a-b58d-b271c6cbb305,ef8ad6b8f2aca05e_e23299b4-3dfd-40c1-8dcf-22cc0281aec2,0055,1286.159,1510.182
66940b12-6da7-4b1a-b58d-b271c6cbb305,ef8ad6b8f2aca05e_e23299b4-3dfd-40c1-8dcf-22cc0281aec2,0060,1285.671,1513.176
66940b12-6da7-4b1a-b58d-b271c6cbb305,ef8ad6b8f2aca05e_e23299b4-3dfd-40c1-8dcf-22cc0281aec2,0065,1290.247,1516.094
66940b12-6da7-4b1a-b58d-b271c6cbb305,ef8ad6b8f2aca05e_e23299b4-3dfd-40c1-8dcf-22cc0281aec2,0070,1290.009,1518.541
66940b12-6da7-4b1a-b58d-b271c6cbb305,ef8ad6b8f2aca05e_e23299b4-3dfd-40c1-8dcf-22cc0281aec2,0075,1289.381,1520.985
66940b12-6da7-4b1a-b58d-b271c6cbb305,ef8ad6b8f2aca05e_e23299b4-3dfd-40c1-8dcf-22cc0281aec2,0080,1290.893,1522.659
66940b12-6da7-4b1a-b58d-b271c6cbb305,ef8ad6b8f2aca05e_e23299b4-3dfd-40c1-8dcf-22cc0281aec2,0085,1289.765,1526.149
66940b12-6da7-4b1a-b58d-b271c6cbb305,ef8ad6b8f2aca05e_e23299b4-3dfd-40c1-8dcf-22cc0281aec2,0090,1286.156,1516.164
66940b12-6da7-4b1a-b58d-b271c6cbb305,ef8ad6b8f2aca05e_e23299b4-3dfd-40c1-8dcf-22cc0281aec2,0095,1285.701,1510.965
66940b12-6da7-4b1a-b58d-b271c6cbb305,ef8ad6b8f2aca05e_e23299b4-3dfd-40c1-8dcf-22cc0281aec2,0100,1285.713,1512.084
66940b12-6da7-4b1a-b58d-b271c6cbb305,ef8ad6b8f2aca05e_e23299b4-3dfd-40c1-8dcf-22cc0281aec2,0105,1285.834,1510.374
66940b12-6da7-4b1a-b58d-b271c6cbb305,ef8ad6b8f2aca05e_e23299b4-3dfd-40c1-8dcf-22cc0281aec2,0110,1285.104,1510.017
66940b12-6da7-4b1a-b58d-b271c6cbb305,ef8ad6b8f2aca05e_e23299b4-3dfd-40c1-8dcf-22cc0281aec2,0115,1285.367,1514.005
66940b12-6da7-4b1a-b58d-b271c6cbb305,ef8ad6b8f2aca05e_e23299b4-3dfd-40c1-8dcf-22cc0281aec2,0120,1285.164,1509.039
66940b12-6da7-4b1a-b58d-b271c6cbb305,ef8ad6b8f2aca05e_e23299b4-3dfd-40c1-8dcf-22cc0281aec2,0125,1284.95,1509.959
66940b12-6da7-4b1a-b58d-b271c6cbb305,ef8ad6b8f2aca05e_e23299b4-3dfd-40c1-8dcf-22cc0281aec2,0130,1285.105,1512.189
66940b12-6da7-4b1a-b58d-b271c6cbb305,ef8ad6b8f2aca05e_e23299b4-3dfd-40c1-8dcf-22cc0281aec2,0135,1285.533,1511.722
66940b12-6da7-4b1a-b58d-b271c6cbb305,ef8ad6b8f2aca05e_e23299b4-3dfd-40c1-8dcf-22cc0281aec2,0140,1286.573,1517.697
66940b12-6da7-4b1a-b58d-b271c6cbb305,ef8ad6b8f2aca05e_e23299b4-3dfd-40c1-8dcf-22cc0281aec2,0145,1286.113,1515.203
66940b12-6da7-4b1a-b58d-b271c6cbb305,ef8ad6b8f2aca05e_e23299b4-3dfd-40c1-8dcf-22cc0281aec2,0150,1286.487,1517.214
66940b12-6da7-4b1a-b58d-b271c6cbb305,ef8ad6b8f2aca05e_e23299b4-3dfd-40c1-8dcf-22cc0281aec2,0155,1286.092,1513.609
66940b12-6da7-4b1a-b58d-b271c6cbb305,ef8ad6b8f2aca05e_e23299b4-3dfd-40c1-8dcf-22cc0281aec2,0160,1286.343,1513.83
66940b12-6da7-4b1a-b58d-b271c6cbb305,ef8ad6b8f2aca05e_e23299b4-3dfd-40c1-8dcf-22cc0281aec2,0165,1285.66,1514.012
66940b12-6da7-4b1a-b58d-b271c6cbb305,ef8ad6b8f2aca05e_e23299b4-3dfd-40c1-8dcf-22cc0281aec2,0170,1287.582,1513.213
66940b12-6da7-4b1a-b58d-b271c6cbb305,ef8ad6b8f2aca05e_e23299b4-3dfd-40c1-8dcf-22cc0281aec2,0175,1285.66,1511.373
66940b12-6da7-4b1a-b58d-b271c6cbb305,ef8ad6b8f2aca05e_e23299b4-3dfd-40c1-8dcf-22cc0281aec2,0180,1286.265,1513.896
66940b12-6da7-4b1a-b58d-b271c6cbb305,ef8ad6b8f2aca05e_e23299b4-3dfd-40c1-8dcf-22cc0281aec2,0185,1285.152,1510.369
66940b12-6da7-4b1a-b58d-b271c6cbb305,ef8ad6b8f2aca05e_e23299b4-3dfd-40c1-8dcf-22cc0281aec2,0190,1285.503,1510.225
66940b12-6da7-4b1a-b58d-b271c6cbb305,ef8ad6b8f2aca05e_e23299b4-3dfd-40c1-8dcf-22cc0281aec2,0195,1285.764,1510.468
66940b12-6da7-4b1a-b58d-b271c6cbb305,ef8ad6b8f2aca05e_e23299b4-3dfd-40c1-8dcf-22cc0281aec2,0200,1285.186,1511.449
66940b12-6da7-4b1a-b58d-b271c6cbb305,ef8ad6b8f2aca05e_e23299b4-3dfd-40c1-8dcf-22cc0281aec2,0205,1286.253,1515.308
66940b12-6da7-4b1a-b58d-b271c6cbb305,ef8ad6b8f2aca05e_e23299b4-3dfd-40c1-8dcf-22cc0281aec2,0210,1285.841,1517.985
66940b12-6da7-4b1a-b58d-b271c6cbb305,ef8ad6b8f2aca05e_e23299b4-3dfd-40c1-8dcf-22cc0281aec2,0215,1289.773,1528.031
66940b12-6da7-4b1a-b58d-b271c6cbb305,ef8ad6b8f2aca05e_e23299b4-3dfd-40c1-8dcf-22cc0281aec2,0220,1290.449,1506.461
66940b12-6da7-4b1a-b58d-b271c6cbb305,ef8ad6b8f2aca05e_e23299b4-3dfd-40c1-8dcf-22cc0281aec2,0225,1290.356,1505.672
66940b12-6da7-4b1a-b58d-b271c6cbb305,ef8ad6b8f2aca05e_e23299b4-3dfd-40c1-8dcf-22cc0281aec2,0230,1289.106,1504.686
66940b12-6da7-4b1a-b58d-b271c6cbb305,ef8ad6b8f2aca05e_e23299b4-3dfd-40c1-8dcf-22cc0281aec2,0235,1290.985,1505.77
66940b12-6da7-4b1a-b58d-b271c6cbb305,ef8ad6b8f2aca05e_e23299b4-3dfd-40c1-8dcf-22cc0281aec2,0240,1286.09,1501.619
66940b12-6da7-4b1a-b58d-b271c6cbb305,ef8ad6b8f2aca05e_e23299b4-3dfd-40c1-8dcf-22cc0281aec2,0245,1285.301,1509.215
66940b12-6da7-4b1a-b58d-b271c6cbb305,ef8ad6b8f2aca05e_e23299b4-3dfd-40c1-8dcf-22cc0281aec2,0250,1285.46,1511.863
66940b12-6da7-4b1a-b58d-b271c6cbb305,ef8ad6b8f2aca05e_e23299b4-3dfd-40c1-8dcf-22cc0281aec2,0255,1286.189,1511.008
66940b12-6da7-4b1a-b58d-b271c6cbb305,ef8ad6b8f2aca05e_e23299b4-3dfd-40c1-8dcf-22cc0281aec2,0260,1286.157,1511.108
66940b12-6da7-4b1a-b58d-b271c6cbb305,ef8ad6b8f2aca05e_e23299b4-3dfd-40c1-8dcf-22cc0281aec2,0265,1285.854,1516.038
66940b12-6da7-4b1a-b58d-b271c6cbb305,ef8ad6b8f2aca05e_e23299b4-3dfd-40c1-8dcf-22cc0281aec2,0270,1285.565,1512.37
66940b12-6da7-4b1a-b58d-b271c6cbb305,ef8ad6b8f2aca05e_e23299b4-3dfd-40c1-8dcf-22cc0281aec2,0275,1285.195,1512.611
66940b12-6da7-4b1a-b58d-b271c6cbb305,ef8ad6b8f2aca05e_e23299b4-3dfd-40c1-8dcf-22cc0281aec2,0280,1285.402,1518.355
66940b12-6da7-4b1a-b58d-b271c6cbb305,ef8ad6b8f2aca05e_e23299b4-3dfd-40c1-8dcf-22cc0281aec2,0285,1285.455,1517.048
66940b12-6da7-4b1a-b58d-b271c6cbb305,ef8ad6b8f2aca05e_e23299b4-3dfd-40c1-8dcf-22cc0281aec2,0290,1285.606,1514.061
66940b12-6da7-4b1a-b58d-b271c6cbb305,ef8ad6b8f2aca05e_e23299b4-3dfd-40c1-8dcf-22cc0281aec2,0295,1285.459,1516.613
66940b12-6da7-4b1a-b58d-b271c6cbb305,ef8ad6b8f2aca05e_e23299b4-3dfd-40c1-8dcf-22cc0281aec2,0300,1285.837,1514.429
66940b12-6da7-4b1a-b58d-b271c6cbb305,ef8ad6b8f2aca05e_e23299b4-3dfd-40c1-8dcf-22cc0281aec2,0305,1285.495,1519.294
66940b12-6da7-4b1a-b58d-b271c6cbb305,ef8ad6b8f2aca05e_e23299b4-3dfd-40c1-8dcf-22cc0281aec2,0310,1285.444,1514.519
66940b12-6da7-4b1a-b58d-b271c6cbb305,ef8ad6b8f2aca05e_e23299b4-3dfd-40c1-8dcf-22cc0281aec2,0315,1291.017,1524.985
66940b12-6da7-4b1a-b58d-b271c6cbb305,ef8ad6b8f2aca05e_e23299b4-3dfd-40c1-8dcf-22cc0281aec2,0320,1290.082,1546.74
66940b12-6da7-4b1a-b58d-b271c6cbb305,ef8ad6b8f2aca05e_e23299b4-3dfd-40c1-8dcf-22cc0281aec2,0325,1290.785,1522.082
66940b12-6da7-4b1a-b58d-b271c6cbb305,ef8ad6b8f2aca05e_e23299b4-3dfd-40c1-8dcf-22cc0281aec2,0330,1290.629,1523.16
66940b12-6da7-4b1a-b58d-b271c6cbb305,ef8ad6b8f2aca05e_e23299b4-3dfd-40c1-8dcf-22cc0281aec2,0335,1290.064,1520.831
66940b12-6da7-4b1a-b58d-b271c6cbb305,ef8ad6b8f2aca05e_e23299b4-3dfd-40c1-8dcf-22cc0281aec2,0340,1291.171,1521.335
66940b12-6da7-4b1a-b58d-b271c6cbb305,ef8ad6b8f2aca05e_e23299b4-3dfd-40c1-8dcf-22cc0281aec2,0345,1290.829,1524.26
66940b12-6da7-4b1a-b58d-b271c6cbb305,ef8ad6b8f2aca05e_e23299b4-3dfd-40c1-8dcf-22cc0281aec2,0350,1285.617,1505.097
66940b12-6da7-4b1a-b58d-b271c6cbb305,ef8ad6b8f2aca05e_e23299b4-3dfd-40c1-8dcf-22cc0281aec2,0355,1285.63,1512.181
66940b12-6da7-4b1a-b58d-b271c6cbb305,ef8ad6b8f2aca05e_e23299b4-3dfd-40c1-8dcf-22cc0281aec2,0360,1285.82,1511.446
66940b12-6da7-4b1a-b58d-b271c6cbb305,ef8ad6b8f2aca05e_e23299b4-3dfd-40c1-8dcf-22cc0281aec2,0365,1285.593,1516.188
66940b12-6da7-4b1a-b58d-b271c6cbb305,ef8ad6b8f2aca05e_e23299b4-3dfd-40c1-8dcf-22cc0281aec2,0370,1285.662,1517.88
66940b12-6da7-4b1a-b58d-b271c6cbb305,ef8ad6b8f2aca05e_e23299b4-3dfd-40c1-8dcf-22cc0281aec2,0375,1286.005,1512.678
66940b12-6da7-4b1a-b58d-b271c6cbb305,ef8ad6b8f2aca05e_e23299b4-3dfd-40c1-8dcf-22cc0281aec2,0380,1285.698,1513.52
66940b12-6da7-4b1a-b58d-b271c6cbb305,ef8ad6b8f2aca05e_e23299b4-3dfd-40c1-8dcf-22cc0281aec2,0385,1285.89,1514.13
66940b12-6da7-4b1a-b58d-b271c6cbb305,ef8ad6b8f2aca05e_e23299b4-3dfd-40c1-8dcf-22cc0281aec2,0390,1290.346,1523.971
66940b12-6da7-4b1a-b58d-b271c6cbb305,ef8ad6b8f2aca05e_e23299b4-3dfd-40c1-8dcf-22cc0281aec2,0395,1290.725,1510.11
66940b12-6da7-4b1a-b58d-b271c6cbb305,ef8ad6b8f2aca05e_e23299b4-3dfd-40c1-8dcf-22cc0281aec2,0400,1290.252,1507.55
66940b12-6da7-4b1a-b58d-b271c6cbb305,ef8ad6b8f2aca05e_e23299b4-3dfd-40c1-8dcf-22cc0281aec2,0405,1289.382,1505.759
66940b12-6da7-4b1a-b58d-b271c6cbb305,ef8ad6b8f2aca05e_e23299b4-3dfd-40c1-8dcf-22cc0281aec2,0410,1289.296,1517.629
66940b12-6da7-4b1a-b58d-b271c6cbb305,ef8ad6b8f2aca05e_e23299b4-3dfd-40c1-8dcf-22cc0281aec2,0415,1285.502,1505.482
66940b12-6da7-4b1a-b58d-b271c6cbb305,ef8ad6b8f2aca05e_e23299b4-3dfd-40c1-8dcf-22cc0281aec2,0420,1285.004,1512.02
66940b12-6da7-4b1a-b58d-b271c6cbb305,ef8ad6b8f2aca05e_e23299b4-3dfd-40c1-8dcf-22cc0281aec2,0425,1285.055,1511.738
66940b12-6da7-4b1a-b58d-b271c6cbb305,ef8ad6b8f2aca05e_e23299b4-3dfd-40c1-8dcf-22cc0281aec2,0430,1285.34,1510.297
66940b12-6da7-4b1a-b58d-b271c6cbb305,ef8ad6b8f2aca05e_e23299b4-3dfd-40c1-8dcf-22cc0281aec2,0435,1286.12,1510.9
66940b12-6da7-4b1a-b58d-b271c6cbb305,ef8ad6b8f2aca05e_e23299b4-3dfd-40c1-8dcf-22cc0281aec2,0440,1286.333,1511.404
66940b12-6da7-4b1a-b58d-b271c6cbb305,ef8ad6b8f2aca05e_e23299b4-3dfd-40c1-8dcf-22cc0281aec2,0445,1289.396,1520.965
66940b12-6da7-4b1a-b58d-b271c6cbb305,ef8ad6b8f2aca05e_e23299b4-3dfd-40c1-8dcf-22cc0281aec2,0450,1285.657,1504.535
66940b12-6da7-4b1a-b58d-b271c6cbb305,ef8ad6b8f2aca05e_e23299b4-3dfd-40c1-8dcf-22cc0281aec2,0455,1285.299,1514.069
66940b12-6da7-4b1a-b58d-b271c6cbb305,ef8ad6b8f2aca05e_e23299b4-3dfd-40c1-8dcf-22cc0281aec2,0460,1285.851,1511.473
66940b12-6da7-4b1a-b58d-b271c6cbb305,ef8ad6b8f2aca05e_e23299b4-3dfd-40c1-8dcf-22cc0281aec2,0465,1285.806,1515.169
66940b12-6da7-4b1a-b58d-b271c6cbb305,ef8ad6b8f2aca05e_e23299b4-3dfd-40c1-8dcf-22cc0281aec2,0470,1285.287,1518.996
66940b12-6da7-4b1a-b58d-b271c6cbb305,ef8ad6b8f2aca05e_e23299b4-3dfd-40c1-8dcf-22cc0281aec2,0475,1289.7,1519.103
66940b12-6da7-4b1a-b58d-b271c6cbb305,ef8ad6b8f2aca05e_e23299b4-3dfd-40c1-8dcf-22cc0281aec2,0480,1290.297,1508.251
66940b12-6da7-4b1a-b58d-b271c6cbb305,ef8ad6b8f2aca05e_e23299b4-3dfd-40c1-8dcf-22cc0281aec2,0485,1290.908,1506.878
66940b12-6da7-4b1a-b58d-b271c6cbb305,ef8ad6b8f2aca05e_e23299b4-3dfd-40c1-8dcf-22cc0281aec2,0490,1290.562,1507.243
66940b12-6da7-4b1a-b58d-b271c6cbb305,ef8ad6b8f2aca05e_e23299b4-3dfd-40c1-8dcf-22cc0281aec2,0495,1290.74,1507.213
66940b12-6da7-4b1a-b58d-b271c6cbb305,ef8ad6b8f2aca05e_e23299b4-3dfd-40c1-8dcf-22cc0281aec2,0500,1290.854,1506.753
66940b12-6da7-4b1a-b58d-b271c6cbb305,ef8ad6b8f2aca05e_e23299b4-3dfd-40c1-8dcf-22cc0281aec2,0505,1290.845,1507.038
66940b12-6da7-4b1a-b58d-b271c6cbb305,ef8ad6b8f2aca05e_e23299b4-3dfd-40c1-8dcf-22cc0281aec2,0510,1290.291,1506.523
66940b12-6da7-4b1a-b58d-b271c6cbb305,ef8ad6b8f2aca05e_e23299b4-3dfd-40c1-8dcf-22cc0281aec2,0515,1290.582,1509.19
66940b12-6da7-4b1a-b58d-b271c6cbb305,ef8ad6b8f2aca05e_e23299b4-3dfd-40c1-8dcf-22cc0281aec2,0520,1290.211,1517.105
66940b12-6da7-4b1a-b58d-b271c6cbb305,ef8ad6b8f2aca05e_e23299b4-3dfd-40c1-8dcf-22cc0281aec2,0525,1290.27,1518.017
66940b12-6da7-4b1a-b58d-b271c6cbb305,ef8ad6b8f2aca05e_e23299b4-3dfd-40c1-8dcf-22cc0281aec2,0530,1285.365,1513.678
66940b12-6da7-4b1a-b58d-b271c6cbb305,ef8ad6b8f2aca05e_e23299b4-3dfd-40c1-8dcf-22cc0281aec2,0535,1285.257,1511.459
66940b12-6da7-4b1a-b58d-b271c6cbb305,ef8ad6b8f2aca05e_e23299b4-3dfd-40c1-8dcf-22cc0281aec2,0540,1285.835,1514.584
66940b12-6da7-4b1a-b58d-b271c6cbb305,ef8ad6b8f2aca05e_e23299b4-3dfd-40c1-8dcf-22cc0281aec2,0545,1285.985,1513.464
66940b12-6da7-4b1a-b58d-b271c6cbb305,ef8ad6b8f2aca05e_e23299b4-3dfd-40c1-8dcf-22cc0281aec2,0550,1285.955,1514.095
66940b12-6da7-4b1a-b58d-b271c6cbb305,ef8ad6b8f2aca05e_e23299b4-3dfd-40c1-8dcf-22cc0281aec2,0555,1285.856,1514.108
66940b12-6da7-4b1a-b58d-b271c6cbb305,ef8ad6b8f2aca05e_e23299b4-3dfd-40c1-8dcf-22cc0281aec2,0560,1285.186,1509.849
66940b12-6da7-4b1a-b58d-b271c6cbb305,ef8ad6b8f2aca05e_e23299b4-3dfd-40c1-8dcf-22cc0281aec2,0565,1286.169,1520.267
66940b12-6da7-4b1a-b58d-b271c6cbb305,ef8ad6b8f2aca05e_e23299b4-3dfd-40c1-8dcf-22cc0281aec2,0570,1285.985,1501.078
66940b12-6da7-4b1a-b58d-b271c6cbb305,ef8ad6b8f2aca05e_e23299b4-3dfd-40c1-8dcf-22cc0281aec2,0575,1285.492,1515.378
66940b12-6da7-4b1a-b58d-b271c6cbb305,ef8ad6b8f2aca05e_e23299b4-3dfd-40c1-8dcf-22cc0281aec2,0580,1289.663,1524.965
66940b12-6da7-4b1a-b58d-b271c6cbb305,ef8ad6b8f2aca05e_e23299b4-3dfd-40c1-8dcf-22cc0281aec2,0585,1290.67,1517.815
66940b12-6da7-4b1a-b58d-b271c6cbb305,ef8ad6b8f2aca05e_e23299b4-3dfd-40c1-8dcf-22cc0281aec2,0590,1291.335,1517.605
66940b12-6da7-4b1a-b58d-b271c6cbb305,ef8ad6b8f2aca05e_e23299b4-3dfd-40c1-8dcf-22cc0281aec2,0595,1290.491,1522.141
66940b12-6da7-4b1a-b58d-b271c6cbb305,ef8ad6b8f2aca05e_e23299b4-3dfd-40c1-8dcf-22cc0281aec2,0600,1287.647,1515.931
66940b12-6da7-4b1a-b58d-b271c6cbb305,ef8ad6b8f2aca05e_e23299b4-3dfd-40c1-8dcf-22cc0281aec2,0605,1290.572,1521.109
66940b12-6da7-4b1a-b58d-b271c6cbb305,ef8ad6b8f2aca05e_e23299b4-3dfd-40c1-8dcf-22cc0281aec2,0610,1290.135,1521.94
66940b12-6da7-4b1a-b58d-b271c6cbb305,ef8ad6b8f2aca05e_e23299b4-3dfd-40c1-8dcf-22cc0281aec2,0615,1290.761,1518.63
66940b12-6da7-4b1a-b58d-b271c6cbb305,ef8ad6b8f2aca05e_e23299b4-3dfd-40c1-8dcf-22cc0281aec2,0620,1290.385,1518.123
66940b12-6da7-4b1a-b58d-b271c6cbb305,ef8ad6b8f2aca05e_e23299b4-3dfd-40c1-8dcf-22cc0281aec2,0625,1290.483,1522.783
66940b12-6da7-4b1a-b58d-b271c6cbb305,ef8ad6b8f2aca05e_e23299b4-3dfd-40c1-8dcf-22cc0281aec2,0630,1291.951,1521.348
66940b12-6da7-4b1a-b58d-b271c6cbb305,ef8ad6b8f2aca05e_e23299b4-3dfd-40c1-8dcf-22cc0281aec2,0635,1290.361,1515.842
66940b12-6da7-4b1a-b58d-b271c6cbb305,ef8ad6b8f2aca05e_e23299b4-3dfd-40c1-8dcf-22cc0281aec2,0640,1290.535,1522.971
66940b12-6da7-4b1a-b58d-b271c6cbb305,ef8ad6b8f2aca05e_e23299b4-3dfd-40c1-8dcf-22cc0281aec2,0645,1290.633,1506.333
66940b12-6da7-4b1a-b58d-b271c6cbb305,ef8ad6b8f2aca05e_e23299b4-3dfd-40c1-8dcf-22cc0281aec2,0650,1290.304,1505.215
66940b12-6da7-4b1a-b58d-b271c6cbb305,ef8ad6b8f2aca05e_e23299b4-3dfd-40c1-8dcf-22cc0281aec2,0655,1290.806,1510.138
66940b12-6da7-4b1a-b58d-b271c6cbb305,ef8ad6b8f2aca05e_e23299b4-3dfd-40c1-8dcf-22cc0281aec2,0660,1289.851,1506.269
66940b12-6da7-4b1a-b58d-b271c6cbb305,ef8ad6b8f2aca05e_e23299b4-3dfd-40c1-8dcf-22cc0281aec2,0665,1285.796,1514.118
66940b12-6da7-4b1a-b58d-b271c6cbb305,ef8ad6b8f2aca05e_e23299b4-3dfd-40c1-8dcf-22cc0281aec2,0670,1285.605,1509.677
66940b12-6da7-4b1a-b58d-b271c6cbb305,ef8ad6b8f2aca05e_e23299b4-3dfd-40c1-8dcf-22cc0281aec2,0675,1285.932,1511.932
66940b12-6da7-4b1a-b58d-b271c6cbb305,ef8ad6b8f2aca05e_e23299b4-3dfd-40c1-8dcf-22cc0281aec2,0680,1285.517,1511.914
66940b12-6da7-4b1a-b58d-b271c6cbb305,ef8ad6b8f2aca05e_e23299b4-3dfd-40c1-8dcf-22cc0281aec2,0685,1286.201,1510.37
66940b12-6da7-4b1a-b58d-b271c6cbb305,ef8ad6b8f2aca05e_e23299b4-3dfd-40c1-8dcf-22cc0281aec2,0690,1285.57,1511.047
66940b12-6da7-4b1a-b58d-b271c6cbb305,ef8ad6b8f2aca05e_e23299b4-3dfd-40c1-8dcf-22cc0281aec2,0695,1285.794,1516.245
66940b12-6da7-4b1a-b58d-b271c6cbb305,ef8ad6b8f2aca05e_e23299b4-3dfd-40c1-8dcf-22cc0281aec2,0700,1285.933,1515.582
66940b12-6da7-4b1a-b58d-b271c6cbb305,ef8ad6b8f2aca05e_e23299b4-3dfd-40c1-8dcf-22cc0281aec2,0705,1286.306,1512.922
66940b12-6da7-4b1a-b58d-b271c6cbb305,ef8ad6b8f2aca05e_e23299b4-3dfd-40c1-8dcf-22cc0281aec2,0710,1285.434,1511.713
66940b12-6da7-4b1a-b58d-b271c6cbb305,ef8ad6b8f2aca05e_e23299b4-3dfd-40c1-8dcf-22cc0281aec2,0715,1286.632,1519.344
66940b12-6da7-4b1a-b58d-b271c6cbb305,ef8ad6b8f2aca05e_e23299b4-3dfd-40c1-8dcf-22cc0281aec2,0720,1291.908,1522.638
66940b12-6da7-4b1a-b58d-b271c6cbb305,ef8ad6b8f2aca05e_e23299b4-3dfd-40c1-8dcf-22cc0281aec2,0725,1285.44,1502.831
66940b12-6da7-4b1a-b58d-b271c6cbb305,ef8ad6b8f2aca05e_e23299b4-3dfd-40c1-8dcf-22cc0281aec2,0730,1285.789,1496.628
66940b12-6da7-4b1a-b58d-b271c6cbb305,ef8ad6b8f2aca05e_e23299b4-3dfd-40c1-8dcf-22cc0281aec2,0735,1290.515,1510.074
66940b12-6da7-4b1a-b58d-b271c6cbb305,ef8ad6b8f2aca05e_e23299b4-3dfd-40c1-8dcf-22cc0281aec2,0740,1285.71,1502.033
66940b12-6da7-4b1a-b58d-b271c6cbb305,ef8ad6b8f2aca05e_e23299b4-3dfd-40c1-8dcf-22cc0281aec2,0745,1285.521,1495.981
66940b12-6da7-4b1a-b58d-b271c6cbb305,ef8ad6b8f2aca05e_e23299b4-3dfd-40c1-8dcf-22cc0281aec2,0750,1285.173,1503.1
66940b12-6da7-4b1a-b58d-b271c6cbb305,ef8ad6b8f2aca05e_e23299b4-3dfd-40c1-8dcf-22cc0281aec2,0755,1290.127,1505.063
66940b12-6da7-4b1a-b58d-b271c6cbb305,ef8ad6b8f2aca05e_e23299b4-3dfd-40c1-8dcf-22cc0281aec2,0760,1285.491,1502.006
66940b12-6da7-4b1a-b58d-b271c6cbb305,ef8ad6b8f2aca05e_e23299b4-3dfd-40c1-8dcf-22cc0281aec2,0765,1285.911,1496.802
66940b12-6da7-4b1a-b58d-b271c6cbb305,ef8ad6b8f2aca05e_e23299b4-3dfd-40c1-8dcf-22cc0281aec2,0770,1285.179,1495.748
66940b12-6da7-4b1a-b58d-b271c6cbb305,ef8ad6b8f2aca05e_e23299b4-3dfd-40c1-8dcf-22cc0281aec2,0775,1286.1,1498.254
66940b12-6da7-4b1a-b58d-b271c6cbb305,ef8ad6b8f2aca05e_e23299b4-3dfd-40c1-8dcf-22cc0281aec2,0780,1286.125,1496.469
66940b12-6da7-4b1a-b58d-b271c6cbb305,ef8ad6b8f2aca05e_e23299b4-3dfd-40c1-8dcf-22cc0281aec2,0785,1289.732,1500.783
66940b12-6da7-4b1a-b58d-b271c6cbb305,ef8ad6b8f2aca05e_e23299b4-3dfd-40c1-8dcf-22cc0281aec2,0790,1285.79,1490.609
66940b12-6da7-4b1a-b58d-b271c6cbb305,ef8ad6b8f2aca05e_e23299b4-3dfd-40c1-8dcf-22cc0281aec2,0795,1286.029,1498.942
66940b12-6da7-4b1a-b58d-b271c6cbb305,ef8ad6b8f2aca05e_e23299b4-3dfd-40c1-8dcf-22cc0281aec2,0800,1285.385,1499.725
66940b12-6da7-4b1a-b58d-b271c6cbb305,ef8ad6b8f2aca05e_e23299b4-3dfd-40c1-8dcf-22cc0281aec2,0805,1285.79,1502.664
66940b12-6da7-4b1a-b58d-b271c6cbb305,ef8ad6b8f2aca05e_e23299b4-3dfd-40c1-8dcf-22cc0281aec2,0810,1290.275,1506.685
66940b12-6da7-4b1a-b58d-b271c6cbb305,ef8ad6b8f2aca05e_e23299b4-3dfd-40c1-8dcf-22cc0281aec2,0815,1285.171,1499.397
66940b12-6da7-4b1a-b58d-b271c6cbb305,ef8ad6b8f2aca05e_e23299b4-3dfd-40c1-8dcf-22cc0281aec2,0820,1285.67,1501.326
66940b12-6da7-4b1a-b58d-b271c6cbb305,ef8ad6b8f2aca05e_e23299b4-3dfd-40c1-8dcf-22cc0281aec2,0825,1290.371,1509.067
66940b12-6da7-4b1a-b58d-b271c6cbb305,ef8ad6b8f2aca05e_e23299b4-3dfd-40c1-8dcf-22cc0281aec2,0830,1285.3,1501.664
66940b12-6da7-4b1a-b58d-b271c6cbb305,ef8ad6b8f2aca05e_e23299b4-3dfd-40c1-8dcf-22cc0281aec2,0835,1286.547,1508.115
66940b12-6da7-4b1a-b58d-b271c6cbb305,ef8ad6b8f2aca05e_e23299b4-3dfd-40c1-8dcf-22cc0281aec2,0840,1285.497,1502.223
66940b12-6da7-4b1a-b58d-b271c6cbb305,ef8ad6b8f2aca05e_e23299b4-3dfd-40c1-8dcf-22cc0281aec2,0845,1285.715,1498.561
66940b12-6da7-4b1a-b58d-b271c6cbb305,ef8ad6b8f2aca05e_e23299b4-3dfd-40c1-8dcf-22cc0281aec2,0850,1285.641,1497.434
66940b12-6da7-4b1a-b58d-b271c6cbb305,ef8ad6b8f2aca05e_e23299b4-3dfd-40c1-8dcf-22cc0281aec2,0855,1285.297,1503.938
66940b12-6da7-4b1a-b58d-b271c6cbb305,ef8ad6b8f2aca05e_e23299b4-3dfd-40c1-8dcf-22cc0281aec2,0860,1285.257,1496.761
66940b12-6da7-4b1a-b58d-b271c6cbb305,ef8ad6b8f2aca05e_e23299b4-3dfd-40c1-8dcf-22cc0281aec2,0865,1286.014,1504.205
66940b12-6da7-4b1a-b58d-b271c6cbb305,ef8ad6b8f2aca05e_e23299b4-3dfd-40c1-8dcf-22cc0281aec2,0870,1285.85,1503.883
66940b12-6da7-4b1a-b58d-b271c6cbb305,ef8ad6b8f2aca05e_e23299b4-3dfd-40c1-8dcf-22cc0281aec2,0875,1288.269,1505.356
66940b12-6da7-4b1a-b58d-b271c6cbb305,ef8ad6b8f2aca05e_e23299b4-3dfd-40c1-8dcf-22cc0281aec2,0880,1285.643,1493.062
66940b12-6da7-4b1a-b58d-b271c6cbb305,ef8ad6b8f2aca05e_e23299b4-3dfd-40c1-8dcf-22cc0281aec2,0885,1285.815,1505.384
66940b12-6da7-4b1a-b58d-b271c6cbb305,ef8ad6b8f2aca05e_e23299b4-3dfd-40c1-8dcf-22cc0281aec2,0890,1285.146,1502.169
66940b12-6da7-4b1a-b58d-b271c6cbb305,ef8ad6b8f2aca05e_e23299b4-3dfd-40c1-8dcf-22cc0281aec2,0895,1285.162,1499.272
66940b12-6da7-4b1a-b58d-b271c6cbb305,ef8ad6b8f2aca05e_e23299b4-3dfd-40c1-8dcf-22cc0281aec2,0900,1285.396,1502.618
66940b12-6da7-4b1a-b58d-b271c6cbb305,ef8ad6b8f2aca05e_e23299b4-3dfd-40c1-8dcf-22cc0281aec2,0905,1287.961,1505.308
66940b12-6da7-4b1a-b58d-b271c6cbb305,ef8ad6b8f2aca05e_e23299b4-3dfd-40c1-8dcf-22cc0281aec2,0910,1286.503,1505.507
66940b12-6da7-4b1a-b58d-b271c6cbb305,ef8ad6b8f2aca05e_e23299b4-3dfd-40c1-8dcf-22cc0281aec2,0915,1286.078,1507.825
66940b12-6da7-4b1a-b58d-b271c6cbb305,ef8ad6b8f2aca05e_e23299b4-3dfd-40c1-8dcf-22cc0281aec2,0920,1289.883,1512.334
66940b12-6da7-4b1a-b58d-b271c6cbb305,ef8ad6b8f2aca05e_e23299b4-3dfd-40c1-8dcf-22cc0281aec2,0925,1290.135,1495.726
66940b12-6da7-4b1a-b58d-b271c6cbb305,ef8ad6b8f2aca05e_e23299b4-3dfd-40c1-8dcf-22cc0281aec2,0930,1290.637,1492.827
66940b12-6da7-4b1a-b58d-b271c6cbb305,ef8ad6b8f2aca05e_e23299b4-3dfd-40c1-8dcf-22cc0281aec2,0935,1289.598,1494.188
66940b12-6da7-4b1a-b58d-b271c6cbb305,ef8ad6b8f2aca05e_e23299b4-3dfd-40c1-8dcf-22cc0281aec2,0940,1290.729,1494.526
66940b12-6da7-4b1a-b58d-b271c6cbb305,ef8ad6b8f2aca05e_e23299b4-3dfd-40c1-8dcf-22cc0281aec2,0945,1285.673,1490.773
66940b12-6da7-4b1a-b58d-b271c6cbb305,ef8ad6b8f2aca05e_e23299b4-3dfd-40c1-8dcf-22cc0281aec2,0950,1285.137,1497.515
66940b12-6da7-4b1a-b58d-b271c6cbb305,ef8ad6b8f2aca05e_e23299b4-3dfd-40c1-8dcf-22cc0281aec2,0955,1285.294,1500.211
66940b12-6da7-4b1a-b58d-b271c6cbb305,ef8ad6b8f2aca05e_e23299b4-3dfd-40c1-8dcf-22cc0281aec2,0960,1285.53,1505.296
66940b12-6da7-4b1a-b58d-b271c6cbb305,ef8ad6b8f2aca05e_e23299b4-3dfd-40c1-8dcf-22cc0281aec2,0965,1285.394,1506.753
66940b12-6da7-4b1a-b58d-b271c6cbb305,ef8ad6b8f2aca05e_e23299b4-3dfd-40c1-8dcf-22cc0281aec2,0970,1286.566,1505.662
66940b12-6da7-4b1a-b58d-b271c6cbb305,ef8ad6b8f2aca05e_e23299b4-3dfd-40c1-8dcf-22cc0281aec2,0975,1285.624,1502.019
66940b12-6da7-4b1a-b58d-b271c6cbb305,ef8ad6b8f2aca05e_e23299b4-3dfd-40c1-8dcf-22cc0281aec2,0980,1289.276,1512.538
66940b12-6da7-4b1a-b58d-b271c6cbb305,ef8ad6b8f2aca05e_e23299b4-3dfd-40c1-8dcf-22cc0281aec2,0985,1289.004,1500.985
66940b12-6da7-4b1a-b58d-b271c6cbb305,ef8ad6b8f2aca05e_e23299b4-3dfd-40c1-8dcf-22cc0281aec2,0990,1285.413,1503.018
66940b12-6da7-4b1a-b58d-b271c6cbb305,ef8ad6b8f2aca05e_e23299b4-3dfd-40c1-8dcf-22cc0281aec2,0995,1285.001,1496.373
66940b12-6da7-4b1a-b58d-b271c6cbb305,ef8ad6b8f2aca05e_e23299b4-3dfd-40c1-8dcf-22cc0281aec2,1000,1289.265,1511.91
66940b12-6da7-4b1a-b58d-b271c6cbb305,ef8ad6b8f2aca05e_e23299b4-3dfd-40c1-8dcf-22cc0281aec2,1005,1285.414,1489.536
66940b12-6da7-4b1a-b58d-b271c6cbb305,ef8ad6b8f2aca05e_e23299b4-3dfd-40c1-8dcf-22cc0281aec2,1010,1285.191,1507.515
66940b12-6da7-4b1a-b58d-b271c6cbb305,ef8ad6b8f2aca05e_e23299b4-3dfd-40c1-8dcf-22cc0281aec2,1015,1285.398,1501.442
66940b12-6da7-4b1a-b58d-b271c6cbb305,ef8ad6b8f2aca05e_e23299b4-3dfd-40c1-8dcf-22cc0281aec2,1020,1287.542,1504.681
66940b12-6da7-4b1a-b58d-b271c6cbb305,ef8ad6b8f2aca05e_e23299b4-3dfd-40c1-8dcf-22cc0281aec2,1025,1285.497,1504.059
66940b12-6da7-4b1a-b58d-b271c6cbb305,ef8ad6b8f2aca05e_e23299b4-3dfd-40c1-8dcf-22cc0281aec2,1030,1285.349,1503.059
66940b12-6da7-4b1a-b58d-b271c6cbb305,ef8ad6b8f2aca05e_e23299b4-3dfd-40c1-8dcf-22cc0281aec2,1035,1285.639,1492.164
66940b12-6da7-4b1a-b58d-b271c6cbb305,ef8ad6b8f2aca05e_e23299b4-3dfd-40c1-8dcf-22cc0281aec2,1040,1285.546,1502.821
66940b12-6da7-4b1a-b58d-b271c6cbb305,ef8ad6b8f2aca05e_e23299b4-3dfd-40c1-8dcf-22cc0281aec2,1045,1285.827,1504.139
66940b12-6da7-4b1a-b58d-b271c6cbb305,ef8ad6b8f2aca05e_e23299b4-3dfd-40c1-8dcf-22cc0281aec2,1050,1285.535,1502.712
66940b12-6da7-4b1a-b58d-b271c6cbb305,ef8ad6b8f2aca05e_e23299b4-3dfd-40c1-8dcf-22cc0281aec2,1055,1285.478,1502.521
66940b12-6da7-4b1a-b58d-b271c6cbb305,ef8ad6b8f2aca05e_e23299b4-3dfd-40c1-8dcf-22cc0281aec2,1060,1285.092,1496.301
66940b12-6da7-4b1a-b58d-b271c6cbb305,ef8ad6b8f2aca05e_e23299b4-3dfd-40c1-8dcf-22cc0281aec2,1065,1284.757,1501.97
66940b12-6da7-4b1a-b58d-b271c6cbb305,ef8ad6b8f2aca05e_e23299b4-3dfd-40c1-8dcf-22cc0281aec2,1070,1287.952,1506.61
66940b12-6da7-4b1a-b58d-b271c6cbb305,ef8ad6b8f2aca05e_e23299b4-3dfd-40c1-8dcf-22cc0281aec2,1075,1289.072,1508.276
66940b12-6da7-4b1a-b58d-b271c6cbb305,ef8ad6b8f2aca05e_e23299b4-3dfd-40c1-8dcf-22cc0281aec2,1080,1284.674,1499.982
66940b12-6da7-4b1a-b58d-b271c6cbb305,ef8ad6b8f2aca05e_e23299b4-3dfd-40c1-8dcf-22cc0281aec2,1085,1285.094,1501.707
61b05e08-3867-45be-bd5a-293f28f430d4,e4b239254fc5ed78_b3bcfb6b-6191-449a-a8e7-64a8b0771854,0005,1285.845,1518.066
61b05e08-3867-45be-bd5a-293f28f430d4,e4b239254fc5ed78_b3bcfb6b-6191-449a-a8e7-64a8b0771854,0010,1289.263,1508.17
61b05e08-3867-45be-bd5a-293f28f430d4,e4b239254fc5ed78_b3bcfb6b-6191-449a-a8e7-64a8b0771854,0015,1284.808,1497.59
61b05e08-3867-45be-bd5a-293f28f430d4,e4b239254fc5ed78_b3bcfb6b-6191-449a-a8e7-64a8b0771854,0020,1285.324,1503.947
61b05e08-3867-45be-bd5a-293f28f430d4,e4b239254fc5ed78_b3bcfb6b-6191-449a-a8e7-64a8b0771854,0025,1285.6,1504.349
61b05e08-3867-45be-bd5a-293f28f430d4,e4b239254fc5ed78_b3bcfb6b-6191-449a-a8e7-64a8b0771854,0030,1285.388,1503.32
61b05e08-3867-45be-bd5a-293f28f430d4,e4b239254fc5ed78_b3bcfb6b-6191-449a-a8e7-64a8b0771854,0035,1285.244,1503.505
61b05e08-3867-45be-bd5a-293f28f430d4,e4b239254fc5ed78_b3bcfb6b-6191-449a-a8e7-64a8b0771854,0040,1285.278,1502.912
61b05e08-3867-45be-bd5a-293f28f430d4,e4b239254fc5ed78_b3bcfb6b-6191-449a-a8e7-64a8b0771854,0045,1286.574,1507.503
61b05e08-3867-45be-bd5a-293f28f430d4,e4b239254fc5ed78_b3bcfb6b-6191-449a-a8e7-64a8b0771854,0050,1285.661,1502.549
61b05e08-3867-45be-bd5a-293f28f430d4,e4b239254fc5ed78_b3bcfb6b-6191-449a-a8e7-64a8b0771854,0055,1289.816,1503.902
61b05e08-3867-45be-bd5a-293f28f430d4,e4b239254fc5ed78_b3bcfb6b-6191-449a-a8e7-64a8b0771854,0060,1285.169,1495.02
61b05e08-3867-45be-bd5a-293f28f430d4,e4b239254fc5ed78_b3bcfb6b-6191-449a-a8e7-64a8b0771854,0065,1285.535,1496.342
61b05e08-3867-45be-bd5a-293f28f430d4,e4b239254fc5ed78_b3bcfb6b-6191-449a-a8e7-64a8b0771854,0070,1285.32,1504.672
61b05e08-3867-45be-bd5a-293f28f430d4,e4b239254fc5ed78_b3bcfb6b-6191-449a-a8e7-64a8b0771854,0075,1285.526,1500.015
61b05e08-3867-45be-bd5a-293f28f430d4,e4b239254fc5ed78_b3bcfb6b-6191-449a-a8e7-64a8b0771854,0080,1285.549,1504.649
61b05e08-3867-45be-bd5a-293f28f430d4,e4b239254fc5ed78_b3bcfb6b-6191-449a-a8e7-64a8b0771854,0085,1285.25,1499.069
61b05e08-3867-45be-bd5a-293f28f430d4,e4b239254fc5ed78_b3bcfb6b-6191-449a-a8e7-64a8b0771854,0090,1285.527,1504.161
61b05e08-3867-45be-bd5a-293f28f430d4,e4b239254fc5ed78_b3bcfb6b-6191-449a-a8e7-64a8b0771854,0095,1284.637,1501.997
ba5ce3d3-2bc3-47c2-9e4e-dd0df1fd8860,ae6fd2581ddb582b_9127e493-745c-410a-a255-d63acbe44fd6,0005,1285.66,1519.443
ba5ce3d3-2bc3-47c2-9e4e-dd0df1fd8860,ae6fd2581ddb582b_9127e493-745c-410a-a255-d63acbe44fd6,0010,1285.067,1506.792
ba5ce3d3-2bc3-47c2-9e4e-dd0df1fd8860,ae6fd2581ddb582b_9127e493-745c-410a-a255-d63acbe44fd6,0015,1285.464,1498.109
ba5ce3d3-2bc3-47c2-9e4e-dd0df1fd8860,ae6fd2581ddb582b_9127e493-745c-410a-a255-d63acbe44fd6,0020,1285.913,1501.628
ba5ce3d3-2bc3-47c2-9e4e-dd0df1fd8860,ae6fd2581ddb582b_9127e493-745c-410a-a255-d63acbe44fd6,0025,1285.114,1500.752
ba5ce3d3-2bc3-47c2-9e4e-dd0df1fd8860,ae6fd2581ddb582b_9127e493-745c-410a-a255-d63acbe44fd6,0030,1285.458,1503.9
ba5ce3d3-2bc3-47c2-9e4e-dd0df1fd8860,ae6fd2581ddb582b_9127e493-745c-410a-a255-d63acbe44fd6,0035,1285.189,1494.878
ba5ce3d3-2bc3-47c2-9e4e-dd0df1fd8860,ae6fd2581ddb582b_9127e493-745c-410a-a255-d63acbe44fd6,0040,1285.134,1494.329
ba5ce3d3-2bc3-47c2-9e4e-dd0df1fd8860,ae6fd2581ddb582b_9127e493-745c-410a-a255-d63acbe44fd6,0045,1285.682,1495.562
ba5ce3d3-2bc3-47c2-9e4e-dd0df1fd8860,ae6fd2581ddb582b_9127e493-745c-410a-a255-d63acbe44fd6,0050,1289.47,1505.783
ba5ce3d3-2bc3-47c2-9e4e-dd0df1fd8860,ae6fd2581ddb582b_9127e493-745c-410a-a255-d63acbe44fd6,0055,1285.156,1498.584
ba5ce3d3-2bc3-47c2-9e4e-dd0df1fd8860,ae6fd2581ddb582b_9127e493-745c-410a-a255-d63acbe44fd6,0060,1289.943,1509.366
ba5ce3d3-2bc3-47c2-9e4e-dd0df1fd8860,ae6fd2581ddb582b_9127e493-745c-410a-a255-d63acbe44fd6,0065,1285.572,1485.585
ba5ce3d3-2bc3-47c2-9e4e-dd0df1fd8860,ae6fd2581ddb582b_9127e493-745c-410a-a255-d63acbe44fd6,0070,1285.679,1500.554
ba5ce3d3-2bc3-47c2-9e4e-dd0df1fd8860,ae6fd2581ddb582b_9127e493-745c-410a-a255-d63acbe44fd6,0075,1285.774,1499.127
ba5ce3d3-2bc3-47c2-9e4e-dd0df1fd8860,ae6fd2581ddb582b_9127e493-745c-410a-a255-d63acbe44fd6,0080,1285.292,1499.265
ba5ce3d3-2bc3-47c2-9e4e-dd0df1fd8860,ae6fd2581ddb582b_9127e493-745c-410a-a255-d63acbe44fd6,0085,1285.554,1500.264
ba5ce3d3-2bc3-47c2-9e4e-dd0df1fd8860,ae6fd2581ddb582b_9127e493-745c-410a-a255-d63acbe44fd6,0090,1285.299,1494.37
ba5ce3d3-2bc3-47c2-9e4e-dd0df1fd8860,ae6fd2581ddb582b_9127e493-745c-410a-a255-d63acbe44fd6,0095,1285.156,1495.751
ba5ce3d3-2bc3-47c2-9e4e-dd0df1fd8860,ae6fd2581ddb582b_9127e493-745c-410a-a255-d63acbe44fd6,0100,1285.753,1495.97
7aecc574-96af-4618-ae73-77b7f4984275,a2d73b4171e25875_d72409e8-b259-4da7-85b2-f84ea54222ab,0005,1285.811,1519.915
7aecc574-96af-4618-ae73-77b7f4984275,a2d73b4171e25875_d72409e8-b259-4da7-85b2-f84ea54222ab,0010,1286.07,1504.175
7aecc574-96af-4618-ae73-77b7f4984275,a2d73b4171e25875_d72409e8-b259-4da7-85b2-f84ea54222ab,0015,1285.14,1506.548
7aecc574-96af-4618-ae73-77b7f4984275,a2d73b4171e25875_d72409e8-b259-4da7-85b2-f84ea54222ab,0020,1285.316,1504.873
7aecc574-96af-4618-ae73-77b7f4984275,a2d73b4171e25875_d72409e8-b259-4da7-85b2-f84ea54222ab,0025,1285.232,1508.33
7aecc574-96af-4618-ae73-77b7f4984275,a2d73b4171e25875_d72409e8-b259-4da7-85b2-f84ea54222ab,0030,1289.417,1514.018
7aecc574-96af-4618-ae73-77b7f4984275,a2d73b4171e25875_d72409e8-b259-4da7-85b2-f84ea54222ab,0035,1285.227,1504.821
7aecc574-96af-4618-ae73-77b7f4984275,a2d73b4171e25875_d72409e8-b259-4da7-85b2-f84ea54222ab,0040,1285.746,1508.5
7aecc574-96af-4618-ae73-77b7f4984275,a2d73b4171e25875_d72409e8-b259-4da7-85b2-f84ea54222ab,0045,1285.541,1508.387
7aecc574-96af-4618-ae73-77b7f4984275,a2d73b4171e25875_d72409e8-b259-4da7-85b2-f84ea54222ab,0050,1285.517,1506.001
7aecc574-96af-4618-ae73-77b7f4984275,a2d73b4171e25875_d72409e8-b259-4da7-85b2-f84ea54222ab,0055,1285.22,1506.293
7aecc574-96af-4618-ae73-77b7f4984275,a2d73b4171e25875_d72409e8-b259-4da7-85b2-f84ea54222ab,0060,1288.311,1511.207
7aecc574-96af-4618-ae73-77b7f4984275,a2d73b4171e25875_d72409e8-b259-4da7-85b2-f84ea54222ab,0065,1288.399,1503.641
7aecc574-96af-4618-ae73-77b7f4984275,a2d73b4171e25875_d72409e8-b259-4da7-85b2-f84ea54222ab,0070,1290.344,1508.016
7aecc574-96af-4618-ae73-77b7f4984275,a2d73b4171e25875_d72409e8-b259-4da7-85b2-f84ea54222ab,0075,1286.404,1502.829
7aecc574-96af-4618-ae73-77b7f4984275,a2d73b4171e25875_d72409e8-b259-4da7-85b2-f84ea54222ab,0080,1285.556,1505.743
7aecc574-96af-4618-ae73-77b7f4984275,a2d73b4171e25875_d72409e8-b259-4da7-85b2-f84ea54222ab,0085,1286.166,1508.445
7aecc574-96af-4618-ae73-77b7f4984275,a2d73b4171e25875_d72409e8-b259-4da7-85b2-f84ea54222ab,0090,1285.596,1506.191
7aecc574-96af-4618-ae73-77b7f4984275,a2d73b4171e25875_d72409e8-b259-4da7-85b2-f84ea54222ab,0095,1285.363,1504.423
7aecc574-96af-4618-ae73-77b7f4984275,a2d73b4171e25875_d72409e8-b259-4da7-85b2-f84ea54222ab,0100,1286.214,1506.434
7aecc574-96af-4618-ae73-77b7f4984275,a2d73b4171e25875_d72409e8-b259-4da7-85b2-f84ea54222ab,0105,1285.538,1506.752
7aecc574-96af-4618-ae73-77b7f4984275,a2d73b4171e25875_d72409e8-b259-4da7-85b2-f84ea54222ab,0110,1285.425,1506.098
7aecc574-96af-4618-ae73-77b7f4984275,a2d73b4171e25875_d72409e8-b259-4da7-85b2-f84ea54222ab,0115,1286.063,1511.686
7aecc574-96af-4618-ae73-77b7f4984275,a2d73b4171e25875_d72409e8-b259-4da7-85b2-f84ea54222ab,0120,1285.308,1499.499
7aecc574-96af-4618-ae73-77b7f4984275,a2d73b4171e25875_d72409e8-b259-4da7-85b2-f84ea54222ab,0125,1285.548,1508.209
7aecc574-96af-4618-ae73-77b7f4984275,a2d73b4171e25875_d72409e8-b259-4da7-85b2-f84ea54222ab,0130,1285.203,1507.713
7aecc574-96af-4618-ae73-77b7f4984275,a2d73b4171e25875_d72409e8-b259-4da7-85b2-f84ea54222ab,0135,1285.375,1504.259
7aecc574-96af-4618-ae73-77b7f4984275,a2d73b4171e25875_d72409e8-b259-4da7-85b2-f84ea54222ab,0140,1285.427,1507.994
7aecc574-96af-4618-ae73-77b7f4984275,a2d73b4171e25875_d72409e8-b259-4da7-85b2-f84ea54222ab,0145,1285.328,1506.3
7aecc574-96af-4618-ae73-77b7f4984275,a2d73b4171e25875_d72409e8-b259-4da7-85b2-f84ea54222ab,0150,1285.131,1494.229
7aecc574-96af-4618-ae73-77b7f4984275,a2d73b4171e25875_d72409e8-b259-4da7-85b2-f84ea54222ab,0155,1286.192,1502.766
7aecc574-96af-4618-ae73-77b7f4984275,a2d73b4171e25875_d72409e8-b259-4da7-85b2-f84ea54222ab,0160,1284.827,1506.44
7aecc574-96af-4618-ae73-77b7f4984275,a2d73b4171e25875_d72409e8-b259-4da7-85b2-f84ea54222ab,0165,1284.944,1507.651
7aecc574-96af-4618-ae73-77b7f4984275,a2d73b4171e25875_d72409e8-b259-4da7-85b2-f84ea54222ab,0170,1285.619,1502.907
7aecc574-96af-4618-ae73-77b7f4984275,a2d73b4171e25875_d72409e8-b259-4da7-85b2-f84ea54222ab,0175,1288.355,1506.606
7aecc574-96af-4618-ae73-77b7f4984275,a2d73b4171e25875_d72409e8-b259-4da7-85b2-f84ea54222ab,0180,1285.415,1499.996
7aecc574-96af-4618-ae73-77b7f4984275,a2d73b4171e25875_d72409e8-b259-4da7-85b2-f84ea54222ab,0185,1289.682,1505.223
7aecc574-96af-4618-ae73-77b7f4984275,a2d73b4171e25875_d72409e8-b259-4da7-85b2-f84ea54222ab,0190,1285.432,1507.753
6bd417a8-de56-4fb9-9ae4-8f6086c3fd0f,234b9596e5898889_5d891953-7d9a-47bf-9cdb-850305b75650,0005,1285.641,1519.953
6bd417a8-de56-4fb9-9ae4-8f6086c3fd0f,234b9596e5898889_5d891953-7d9a-47bf-9cdb-850305b75650,0010,1285.812,1502.179
6bd417a8-de56-4fb9-9ae4-8f6086c3fd0f,234b9596e5898889_5d891953-7d9a-47bf-9cdb-850305b75650,0015,1285.422,1500.126
6bd417a8-de56-4fb9-9ae4-8f6086c3fd0f,234b9596e5898889_5d891953-7d9a-47bf-9cdb-850305b75650,0020,1285.419,1494.55
6bd417a8-de56-4fb9-9ae4-8f6086c3fd0f,234b9596e5898889_5d891953-7d9a-47bf-9cdb-850305b75650,0025,1285.749,1496.029
6bd417a8-de56-4fb9-9ae4-8f6086c3fd0f,234b9596e5898889_5d891953-7d9a-47bf-9cdb-850305b75650,0030,1285.791,1503.566
6bd417a8-de56-4fb9-9ae4-8f6086c3fd0f,234b9596e5898889_5d891953-7d9a-47bf-9cdb-850305b75650,0035,1289.353,1503.14
5a764d15-7993-4308-a4ea-593e997d50cf,21f15337b82011ac_1ffbac7b-10d8-488e-9046-b527428e8bba,0005,1289.723,1522.059
5a764d15-7993-4308-a4ea-593e997d50cf,21f15337b82011ac_1ffbac7b-10d8-488e-9046-b527428e8bba,0010,1290.168,1514.112
5a764d15-7993-4308-a4ea-593e997d50cf,21f15337b82011ac_1ffbac7b-10d8-488e-9046-b527428e8bba,0015,1290.211,1506.642
5a764d15-7993-4308-a4ea-593e997d50cf,21f15337b82011ac_1ffbac7b-10d8-488e-9046-b527428e8bba,0020,1290.037,1506.534
5a764d15-7993-4308-a4ea-593e997d50cf,21f15337b82011ac_1ffbac7b-10d8-488e-9046-b527428e8bba,0025,1289.887,1507.842
5a764d15-7993-4308-a4ea-593e997d50cf,21f15337b82011ac_1ffbac7b-10d8-488e-9046-b527428e8bba,0030,1289.831,1509.659
5a764d15-7993-4308-a4ea-593e997d50cf,21f15337b82011ac_1ffbac7b-10d8-488e-9046-b527428e8bba,0035,1289.778,1507.459
5a764d15-7993-4308-a4ea-593e997d50cf,21f15337b82011ac_1ffbac7b-10d8-488e-9046-b527428e8bba,0040,1290.419,1509.166
5a764d15-7993-4308-a4ea-593e997d50cf,21f15337b82011ac_1ffbac7b-10d8-488e-9046-b527428e8bba,0045,1289.507,1507.686
5a764d15-7993-4308-a4ea-593e997d50cf,21f15337b82011ac_1ffbac7b-10d8-488e-9046-b527428e8bba,0050,1290.08,1507.72
5a764d15-7993-4308-a4ea-593e997d50cf,21f15337b82011ac_1ffbac7b-10d8-488e-9046-b527428e8bba,0055,1290.165,1509.211
5a764d15-7993-4308-a4ea-593e997d50cf,21f15337b82011ac_1ffbac7b-10d8-488e-9046-b527428e8bba,0060,1290.315,1509.94
5a764d15-7993-4308-a4ea-593e997d50cf,21f15337b82011ac_1ffbac7b-10d8-488e-9046-b527428e8bba,0065,1289.946,1508.736
5a764d15-7993-4308-a4ea-593e997d50cf,21f15337b82011ac_1ffbac7b-10d8-488e-9046-b527428e8bba,0070,1290.105,1509.645
5a764d15-7993-4308-a4ea-593e997d50cf,21f15337b82011ac_1ffbac7b-10d8-488e-9046-b527428e8bba,0075,1289.762,1503.599
5a764d15-7993-4308-a4ea-593e997d50cf,21f15337b82011ac_1ffbac7b-10d8-488e-9046-b527428e8bba,0080,1290.104,1506.699
5a764d15-7993-4308-a4ea-593e997d50cf,21f15337b82011ac_1ffbac7b-10d8-488e-9046-b527428e8bba,0085,1289.681,1503.532
5a764d15-7993-4308-a4ea-593e997d50cf,21f15337b82011ac_1ffbac7b-10d8-488e-9046-b527428e8bba,0090,1289.048,1506.737
5a764d15-7993-4308-a4ea-593e997d50cf,21f15337b82011ac_1ffbac7b-10d8-488e-9046-b527428e8bba,0095,1290.757,1505.611
5a764d15-7993-4308-a4ea-593e997d50cf,21f15337b82011ac_1ffbac7b-10d8-488e-9046-b527428e8bba,0100,1289.359,1504.886
5a764d15-7993-4308-a4ea-593e997d50cf,21f15337b82011ac_1ffbac7b-10d8-488e-9046-b527428e8bba,0105,1289.903,1527.916
5a764d15-7993-4308-a4ea-593e997d50cf,21f15337b82011ac_1ffbac7b-10d8-488e-9046-b527428e8bba,0110,1290.554,1511.62
5a764d15-7993-4308-a4ea-593e997d50cf,21f15337b82011ac_1ffbac7b-10d8-488e-9046-b527428e8bba,0115,1290.107,1519.031
5a764d15-7993-4308-a4ea-593e997d50cf,21f15337b82011ac_1ffbac7b-10d8-488e-9046-b527428e8bba,0120,1289.955,1502.864
5a764d15-7993-4308-a4ea-593e997d50cf,21f15337b82011ac_1ffbac7b-10d8-488e-9046-b527428e8bba,0125,1290.441,1505.477
5a764d15-7993-4308-a4ea-593e997d50cf,21f15337b82011ac_1ffbac7b-10d8-488e-9046-b527428e8bba,0130,1286.142,1505.452
5a764d15-7993-4308-a4ea-593e997d50cf,21f15337b82011ac_1ffbac7b-10d8-488e-9046-b527428e8bba,0135,1285.168,1497.879
5a764d15-7993-4308-a4ea-593e997d50cf,21f15337b82011ac_1ffbac7b-10d8-488e-9046-b527428e8bba,0140,1285.551,1502.008
5a764d15-7993-4308-a4ea-593e997d50cf,21f15337b82011ac_1ffbac7b-10d8-488e-9046-b527428e8bba,0145,1286.097,1501.461
5a764d15-7993-4308-a4ea-593e997d50cf,21f15337b82011ac_1ffbac7b-10d8-488e-9046-b527428e8bba,0150,1284.694,1499.565
5a764d15-7993-4308-a4ea-593e997d50cf,21f15337b82011ac_1ffbac7b-10d8-488e-9046-b527428e8bba,0155,1285.833,1495.608
5a764d15-7993-4308-a4ea-593e997d50cf,21f15337b82011ac_1ffbac7b-10d8-488e-9046-b527428e8bba,0160,1289.147,1506.141
5a764d15-7993-4308-a4ea-593e997d50cf,21f15337b82011ac_1ffbac7b-10d8-488e-9046-b527428e8bba,0165,1288.816,1524.582
5a764d15-7993-4308-a4ea-593e997d50cf,21f15337b82011ac_1ffbac7b-10d8-488e-9046-b527428e8bba,0170,1285.529,1523.064
5a764d15-7993-4308-a4ea-593e997d50cf,21f15337b82011ac_1ffbac7b-10d8-488e-9046-b527428e8bba,0175,1285.361,1501.204
5a764d15-7993-4308-a4ea-593e997d50cf,21f15337b82011ac_1ffbac7b-10d8-488e-9046-b527428e8bba,0180,1285.908,1494.806
5a764d15-7993-4308-a4ea-593e997d50cf,21f15337b82011ac_1ffbac7b-10d8-488e-9046-b527428e8bba,0185,1285.25,1501.628
5a764d15-7993-4308-a4ea-593e997d50cf,21f15337b82011ac_1ffbac7b-10d8-488e-9046-b527428e8bba,0190,1285.639,1500.098
37b3621b-b6b5-4271-8ff5-f3134392dd14,7fb91d21546408a2_5900a5c3-6fc5-492c-a17c-30a4a1d6ef45,0005,1285.317,1515.277
37b3621b-b6b5-4271-8ff5-f3134392dd14,7fb91d21546408a2_5900a5c3-6fc5-492c-a17c-30a4a1d6ef45,0010,1289.612,1513.293
37b3621b-b6b5-4271-8ff5-f3134392dd14,7fb91d21546408a2_5900a5c3-6fc5-492c-a17c-30a4a1d6ef45,0015,1285.505,1500.471
37b3621b-b6b5-4271-8ff5-f3134392dd14,7fb91d21546408a2_5900a5c3-6fc5-492c-a17c-30a4a1d6ef45,0020,1288.294,1504.004
37b3621b-b6b5-4271-8ff5-f3134392dd14,7fb91d21546408a2_5900a5c3-6fc5-492c-a17c-30a4a1d6ef45,0025,1285.031,1502.909
37b3621b-b6b5-4271-8ff5-f3134392dd14,7fb91d21546408a2_5900a5c3-6fc5-492c-a17c-30a4a1d6ef45,0030,1285.505,1502.371
37b3621b-b6b5-4271-8ff5-f3134392dd14,7fb91d21546408a2_5900a5c3-6fc5-492c-a17c-30a4a1d6ef45,0035,1284.82,1495.543
37b3621b-b6b5-4271-8ff5-f3134392dd14,7fb91d21546408a2_5900a5c3-6fc5-492c-a17c-30a4a1d6ef45,0040,1285.003,1505.345
37b3621b-b6b5-4271-8ff5-f3134392dd14,7fb91d21546408a2_5900a5c3-6fc5-492c-a17c-30a4a1d6ef45,0045,1284.776,1495.818
37b3621b-b6b5-4271-8ff5-f3134392dd14,7fb91d21546408a2_5900a5c3-6fc5-492c-a17c-30a4a1d6ef45,0050,1284.868,1501.671
37b3621b-b6b5-4271-8ff5-f3134392dd14,7fb91d21546408a2_5900a5c3-6fc5-492c-a17c-30a4a1d6ef45,0055,1285.388,1501.76
37b3621b-b6b5-4271-8ff5-f3134392dd14,7fb91d21546408a2_5900a5c3-6fc5-492c-a17c-30a4a1d6ef45,0060,1285.225,1488.755
37b3621b-b6b5-4271-8ff5-f3134392dd14,7fb91d21546408a2_5900a5c3-6fc5-492c-a17c-30a4a1d6ef45,0065,1285.128,1500.757
37b3621b-b6b5-4271-8ff5-f3134392dd14,7fb91d21546408a2_5900a5c3-6fc5-492c-a17c-30a4a1d6ef45,0070,1285.226,1500.838
37b3621b-b6b5-4271-8ff5-f3134392dd14,7fb91d21546408a2_5900a5c3-6fc5-492c-a17c-30a4a1d6ef45,0075,1284.891,1498.358
37b3621b-b6b5-4271-8ff5-f3134392dd14,7fb91d21546408a2_5900a5c3-6fc5-492c-a17c-30a4a1d6ef45,0080,1285.078,1503.253
37b3621b-b6b5-4271-8ff5-f3134392dd14,7fb91d21546408a2_5900a5c3-6fc5-492c-a17c-30a4a1d6ef45,0085,1290.258,1506.823
37b3621b-b6b5-4271-8ff5-f3134392dd14,7fb91d21546408a2_5900a5c3-6fc5-492c-a17c-30a4a1d6ef45,0090,1285.15,1486.684
37b3621b-b6b5-4271-8ff5-f3134392dd14,7fb91d21546408a2_5900a5c3-6fc5-492c-a17c-30a4a1d6ef45,0095,1288.89,1503.794
37b3621b-b6b5-4271-8ff5-f3134392dd14,7fb91d21546408a2_5900a5c3-6fc5-492c-a17c-30a4a1d6ef45,0100,1285.431,1498.662
37b3621b-b6b5-4271-8ff5-f3134392dd14,7fb91d21546408a2_5900a5c3-6fc5-492c-a17c-30a4a1d6ef45,0105,1289.966,1504.688
37b3621b-b6b5-4271-8ff5-f3134392dd14,7fb91d21546408a2_5900a5c3-6fc5-492c-a17c-30a4a1d6ef45,0110,1284.439,1493.446
37b3621b-b6b5-4271-8ff5-f3134392dd14,7fb91d21546408a2_5900a5c3-6fc5-492c-a17c-30a4a1d6ef45,0115,1285.33,1502.424
37b3621b-b6b5-4271-8ff5-f3134392dd14,7fb91d21546408a2_5900a5c3-6fc5-492c-a17c-30a4a1d6ef45,0120,1285.77,1503.554
37b3621b-b6b5-4271-8ff5-f3134392dd14,7fb91d21546408a2_5900a5c3-6fc5-492c-a17c-30a4a1d6ef45,0125,1284.906,1487.521
37b3621b-b6b5-4271-8ff5-f3134392dd14,7fb91d21546408a2_5900a5c3-6fc5-492c-a17c-30a4a1d6ef45,0130,1285.183,1499.506
37b3621b-b6b5-4271-8ff5-f3134392dd14,7fb91d21546408a2_5900a5c3-6fc5-492c-a17c-30a4a1d6ef45,0135,1284.993,1495.721
37b3621b-b6b5-4271-8ff5-f3134392dd14,7fb91d21546408a2_5900a5c3-6fc5-492c-a17c-30a4a1d6ef45,0140,1284.521,1496.52
37b3621b-b6b5-4271-8ff5-f3134392dd14,7fb91d21546408a2_5900a5c3-6fc5-492c-a17c-30a4a1d6ef45,0145,1285.21,1505.604
37b3621b-b6b5-4271-8ff5-f3134392dd14,7fb91d21546408a2_5900a5c3-6fc5-492c-a17c-30a4a1d6ef45,0150,1284.95,1498.162
37b3621b-b6b5-4271-8ff5-f3134392dd14,7fb91d21546408a2_5900a5c3-6fc5-492c-a17c-30a4a1d6ef45,0155,1284.886,1499.119
37b3621b-b6b5-4271-8ff5-f3134392dd14,7fb91d21546408a2_5900a5c3-6fc5-492c-a17c-30a4a1d6ef45,0160,1285.08,1508.402
37b3621b-b6b5-4271-8ff5-f3134392dd14,7fb91d21546408a2_5900a5c3-6fc5-492c-a17c-30a4a1d6ef45,0165,1285.133,1497.895
37b3621b-b6b5-4271-8ff5-f3134392dd14,7fb91d21546408a2_5900a5c3-6fc5-492c-a17c-30a4a1d6ef45,0170,1285.065,1504.085
37b3621b-b6b5-4271-8ff5-f3134392dd14,7fb91d21546408a2_5900a5c3-6fc5-492c-a17c-30a4a1d6ef45,0175,1289.261,1508.508
37b3621b-b6b5-4271-8ff5-f3134392dd14,7fb91d21546408a2_5900a5c3-6fc5-492c-a17c-30a4a1d6ef45,0180,1284.649,1500.19
37b3621b-b6b5-4271-8ff5-f3134392dd14,7fb91d21546408a2_5900a5c3-6fc5-492c-a17c-30a4a1d6ef45,0185,1284.594,1500.777
37b3621b-b6b5-4271-8ff5-f3134392dd14,7fb91d21546408a2_5900a5c3-6fc5-492c-a17c-30a4a1d6ef45,0190,1285.242,1493.838
37b3621b-b6b5-4271-8ff5-f3134392dd14,7fb91d21546408a2_5900a5c3-6fc5-492c-a17c-30a4a1d6ef45,0195,1287.09,1502.415
37b3621b-b6b5-4271-8ff5-f3134392dd14,7fb91d21546408a2_5900a5c3-6fc5-492c-a17c-30a4a1d6ef45,0200,1288.404,1501.348
37b3621b-b6b5-4271-8ff5-f3134392dd14,7fb91d21546408a2_5900a5c3-6fc5-492c-a17c-30a4a1d6ef45,0205,1284.807,1505.782
37b3621b-b6b5-4271-8ff5-f3134392dd14,7fb91d21546408a2_5900a5c3-6fc5-492c-a17c-30a4a1d6ef45,0210,1284.794,1503.691
37b3621b-b6b5-4271-8ff5-f3134392dd14,7fb91d21546408a2_5900a5c3-6fc5-492c-a17c-30a4a1d6ef45,0215,1285.117,1489.373
37b3621b-b6b5-4271-8ff5-f3134392dd14,7fb91d21546408a2_5900a5c3-6fc5-492c-a17c-30a4a1d6ef45,0220,1285.674,1501.639
37b3621b-b6b5-4271-8ff5-f3134392dd14,7fb91d21546408a2_5900a5c3-6fc5-492c-a17c-30a4a1d6ef45,0225,1285.449,1496.78
37b3621b-b6b5-4271-8ff5-f3134392dd14,7fb91d21546408a2_5900a5c3-6fc5-492c-a17c-30a4a1d6ef45,0230,1285.638,1496.308
37b3621b-b6b5-4271-8ff5-f3134392dd14,7fb91d21546408a2_5900a5c3-6fc5-492c-a17c-30a4a1d6ef45,0235,1285.355,1500.528
37b3621b-b6b5-4271-8ff5-f3134392dd14,7fb91d21546408a2_5900a5c3-6fc5-492c-a17c-30a4a1d6ef45,0240,1284.667,1504.727
37b3621b-b6b5-4271-8ff5-f3134392dd14,7fb91d21546408a2_5900a5c3-6fc5-492c-a17c-30a4a1d6ef45,0245,1285.094,1493.931
37b3621b-b6b5-4271-8ff5-f3134392dd14,7fb91d21546408a2_5900a5c3-6fc5-492c-a17c-30a4a1d6ef45,0250,1285.293,1497.149
37b3621b-b6b5-4271-8ff5-f3134392dd14,7fb91d21546408a2_5900a5c3-6fc5-492c-a17c-30a4a1d6ef45,0255,1285.184,1495.068
88892b8a-9a15-4548-9f0a-54d1ae59b75e,6cfb1ba29a36ae98_c8a2b6a3-70ec-4a07-a5be-16b6c8c9135b,0005,1285.023,1513.478
88892b8a-9a15-4548-9f0a-54d1ae59b75e,6cfb1ba29a36ae98_c8a2b6a3-70ec-4a07-a5be-16b6c8c9135b,0010,1285.186,1505.667
88892b8a-9a15-4548-9f0a-54d1ae59b75e,6cfb1ba29a36ae98_c8a2b6a3-70ec-4a07-a5be-16b6c8c9135b,0015,1285.762,1502.746
88892b8a-9a15-4548-9f0a-54d1ae59b75e,6cfb1ba29a36ae98_c8a2b6a3-70ec-4a07-a5be-16b6c8c9135b,0020,1285.298,1494.589
88892b8a-9a15-4548-9f0a-54d1ae59b75e,6cfb1ba29a36ae98_c8a2b6a3-70ec-4a07-a5be-16b6c8c9135b,0025,1285.502,1493.142
88892b8a-9a15-4548-9f0a-54d1ae59b75e,6cfb1ba29a36ae98_c8a2b6a3-70ec-4a07-a5be-16b6c8c9135b,0030,1285.528,1498.982
88892b8a-9a15-4548-9f0a-54d1ae59b75e,6cfb1ba29a36ae98_c8a2b6a3-70ec-4a07-a5be-16b6c8c9135b,0035,1285.712,1501.267
88892b8a-9a15-4548-9f0a-54d1ae59b75e,6cfb1ba29a36ae98_c8a2b6a3-70ec-4a07-a5be-16b6c8c9135b,0040,1290.052,1510.729
88892b8a-9a15-4548-9f0a-54d1ae59b75e,6cfb1ba29a36ae98_c8a2b6a3-70ec-4a07-a5be-16b6c8c9135b,0045,1285.49,1499.051
88892b8a-9a15-4548-9f0a-54d1ae59b75e,6cfb1ba29a36ae98_c8a2b6a3-70ec-4a07-a5be-16b6c8c9135b,0050,1286.474,1496.163
88892b8a-9a15-4548-9f0a-54d1ae59b75e,6cfb1ba29a36ae98_c8a2b6a3-70ec-4a07-a5be-16b6c8c9135b,0055,1285.174,1493.867
88892b8a-9a15-4548-9f0a-54d1ae59b75e,6cfb1ba29a36ae98_c8a2b6a3-70ec-4a07-a5be-16b6c8c9135b,0060,1285.588,1496.116
88892b8a-9a15-4548-9f0a-54d1ae59b75e,6cfb1ba29a36ae98_c8a2b6a3-70ec-4a07-a5be-16b6c8c9135b,0065,1285.835,1504.158
88892b8a-9a15-4548-9f0a-54d1ae59b75e,6cfb1ba29a36ae98_c8a2b6a3-70ec-4a07-a5be-16b6c8c9135b,0070,1289.781,1506.757
88892b8a-9a15-4548-9f0a-54d1ae59b75e,6cfb1ba29a36ae98_c8a2b6a3-70ec-4a07-a5be-16b6c8c9135b,0075,1285.629,1500.353
88892b8a-9a15-4548-9f0a-54d1ae59b75e,6cfb1ba29a36ae98_c8a2b6a3-70ec-4a07-a5be-16b6c8c9135b,0080,1285.304,1500.167
88892b8a-9a15-4548-9f0a-54d1ae59b75e,6cfb1ba29a36ae98_c8a2b6a3-70ec-4a07-a5be-16b6c8c9135b,0085,1285.922,1502.268
88892b8a-9a15-4548-9f0a-54d1ae59b75e,6cfb1ba29a36ae98_c8a2b6a3-70ec-4a07-a5be-16b6c8c9135b,0090,1285.701,1501.887
88892b8a-9a15-4548-9f0a-54d1ae59b75e,6cfb1ba29a36ae98_c8a2b6a3-70ec-4a07-a5be-16b6c8c9135b,0095,1285.377,1496.095
88892b8a-9a15-4548-9f0a-54d1ae59b75e,6cfb1ba29a36ae98_c8a2b6a3-70ec-4a07-a5be-16b6c8c9135b,0100,1286.166,1499.798
88892b8a-9a15-4548-9f0a-54d1ae59b75e,6cfb1ba29a36ae98_c8a2b6a3-70ec-4a07-a5be-16b6c8c9135b,0105,1290.227,1504.765
88892b8a-9a15-4548-9f0a-54d1ae59b75e,6cfb1ba29a36ae98_c8a2b6a3-70ec-4a07-a5be-16b6c8c9135b,0110,1285.689,1499.129
88892b8a-9a15-4548-9f0a-54d1ae59b75e,6cfb1ba29a36ae98_c8a2b6a3-70ec-4a07-a5be-16b6c8c9135b,0115,1285.814,1497.632
88892b8a-9a15-4548-9f0a-54d1ae59b75e,6cfb1ba29a36ae98_c8a2b6a3-70ec-4a07-a5be-16b6c8c9135b,0120,1290.515,1504.579
88892b8a-9a15-4548-9f0a-54d1ae59b75e,6cfb1ba29a36ae98_c8a2b6a3-70ec-4a07-a5be-16b6c8c9135b,0125,1285.382,1496.285
88892b8a-9a15-4548-9f0a-54d1ae59b75e,6cfb1ba29a36ae98_c8a2b6a3-70ec-4a07-a5be-16b6c8c9135b,0130,1290.444,1499.565
88892b8a-9a15-4548-9f0a-54d1ae59b75e,6cfb1ba29a36ae98_c8a2b6a3-70ec-4a07-a5be-16b6c8c9135b,0135,1284.829,1498.779
88892b8a-9a15-4548-9f0a-54d1ae59b75e,6cfb1ba29a36ae98_c8a2b6a3-70ec-4a07-a5be-16b6c8c9135b,0140,1285.709,1495.179
88892b8a-9a15-4548-9f0a-54d1ae59b75e,6cfb1ba29a36ae98_c8a2b6a3-70ec-4a07-a5be-16b6c8c9135b,0145,1285.979,1504.216
88892b8a-9a15-4548-9f0a-54d1ae59b75e,6cfb1ba29a36ae98_c8a2b6a3-70ec-4a07-a5be-16b6c8c9135b,0150,1290.051,1506.443
88892b8a-9a15-4548-9f0a-54d1ae59b75e,6cfb1ba29a36ae98_c8a2b6a3-70ec-4a07-a5be-16b6c8c9135b,0155,1289.605,1508.986
88892b8a-9a15-4548-9f0a-54d1ae59b75e,6cfb1ba29a36ae98_c8a2b6a3-70ec-4a07-a5be-16b6c8c9135b,0160,1286.096,1500.461
88892b8a-9a15-4548-9f0a-54d1ae59b75e,6cfb1ba29a36ae98_c8a2b6a3-70ec-4a07-a5be-16b6c8c9135b,0165,1285.434,1500.768
88892b8a-9a15-4548-9f0a-54d1ae59b75e,6cfb1ba29a36ae98_c8a2b6a3-70ec-4a07-a5be-16b6c8c9135b,0170,1289.701,1504.576
88892b8a-9a15-4548-9f0a-54d1ae59b75e,6cfb1ba29a36ae98_c8a2b6a3-70ec-4a07-a5be-16b6c8c9135b,0175,1285.553,1501.515
88892b8a-9a15-4548-9f0a-54d1ae59b75e,6cfb1ba29a36ae98_c8a2b6a3-70ec-4a07-a5be-16b6c8c9135b,0180,1285.739,1496.948
88892b8a-9a15-4548-9f0a-54d1ae59b75e,6cfb1ba29a36ae98_c8a2b6a3-70ec-4a07-a5be-16b6c8c9135b,0185,1285.373,1502.505
88892b8a-9a15-4548-9f0a-54d1ae59b75e,6cfb1ba29a36ae98_c8a2b6a3-70ec-4a07-a5be-16b6c8c9135b,0190,1285.909,1504.046
88892b8a-9a15-4548-9f0a-54d1ae59b75e,6cfb1ba29a36ae98_c8a2b6a3-70ec-4a07-a5be-16b6c8c9135b,0195,1285.821,1504.35
88892b8a-9a15-4548-9f0a-54d1ae59b75e,6cfb1ba29a36ae98_c8a2b6a3-70ec-4a07-a5be-16b6c8c9135b,0200,1285.528,1504.208
88892b8a-9a15-4548-9f0a-54d1ae59b75e,6cfb1ba29a36ae98_c8a2b6a3-70ec-4a07-a5be-16b6c8c9135b,0205,1289.647,1504.264
88892b8a-9a15-4548-9f0a-54d1ae59b75e,6cfb1ba29a36ae98_c8a2b6a3-70ec-4a07-a5be-16b6c8c9135b,0210,1291.113,1494.732
88892b8a-9a15-4548-9f0a-54d1ae59b75e,6cfb1ba29a36ae98_c8a2b6a3-70ec-4a07-a5be-16b6c8c9135b,0215,1289.737,1492.686
88892b8a-9a15-4548-9f0a-54d1ae59b75e,6cfb1ba29a36ae98_c8a2b6a3-70ec-4a07-a5be-16b6c8c9135b,0220,1290.833,1493.427
88892b8a-9a15-4548-9f0a-54d1ae59b75e,6cfb1ba29a36ae98_c8a2b6a3-70ec-4a07-a5be-16b6c8c9135b,0225,1290.58,1508.608
88892b8a-9a15-4548-9f0a-54d1ae59b75e,6cfb1ba29a36ae98_c8a2b6a3-70ec-4a07-a5be-16b6c8c9135b,0230,1289.931,1507.645
88892b8a-9a15-4548-9f0a-54d1ae59b75e,6cfb1ba29a36ae98_c8a2b6a3-70ec-4a07-a5be-16b6c8c9135b,0235,1285.988,1506.084
f598c748-53b8-43b2-b5ab-de9b43a1dbcd,6a028e65be5f3e72_b1a1f87c-ffd5-416a-a29c-dbbdf6260368,0005,1285.366,1517.749
f598c748-53b8-43b2-b5ab-de9b43a1dbcd,6a028e65be5f3e72_b1a1f87c-ffd5-416a-a29c-dbbdf6260368,0010,1288.921,1511.373
f598c748-53b8-43b2-b5ab-de9b43a1dbcd,6a028e65be5f3e72_b1a1f87c-ffd5-416a-a29c-dbbdf6260368,0015,1285.662,1488.34
f598c748-53b8-43b2-b5ab-de9b43a1dbcd,6a028e65be5f3e72_b1a1f87c-ffd5-416a-a29c-dbbdf6260368,0020,1289.726,1498.805
f598c748-53b8-43b2-b5ab-de9b43a1dbcd,6a028e65be5f3e72_b1a1f87c-ffd5-416a-a29c-dbbdf6260368,0025,1290.648,1504.62
f598c748-53b8-43b2-b5ab-de9b43a1dbcd,6a028e65be5f3e72_b1a1f87c-ffd5-416a-a29c-dbbdf6260368,0030,1285.439,1485.527
f598c748-53b8-43b2-b5ab-de9b43a1dbcd,6a028e65be5f3e72_b1a1f87c-ffd5-416a-a29c-dbbdf6260368,0035,1290.124,1498.596
f598c748-53b8-43b2-b5ab-de9b43a1dbcd,6a028e65be5f3e72_b1a1f87c-ffd5-416a-a29c-dbbdf6260368,0040,1285.353,1498.14
f598c748-53b8-43b2-b5ab-de9b43a1dbcd,6a028e65be5f3e72_b1a1f87c-ffd5-416a-a29c-dbbdf6260368,0045,1285.756,1495.199
f598c748-53b8-43b2-b5ab-de9b43a1dbcd,6a028e65be5f3e72_b1a1f87c-ffd5-416a-a29c-dbbdf6260368,0050,1290.624,1505.674
f598c748-53b8-43b2-b5ab-de9b43a1dbcd,6a028e65be5f3e72_b1a1f87c-ffd5-416a-a29c-dbbdf6260368,0055,1290.579,1504.524
f598c748-53b8-43b2-b5ab-de9b43a1dbcd,6a028e65be5f3e72_b1a1f87c-ffd5-416a-a29c-dbbdf6260368,0060,1285.884,1501.382
f598c748-53b8-43b2-b5ab-de9b43a1dbcd,6a028e65be5f3e72_b1a1f87c-ffd5-416a-a29c-dbbdf6260368,0065,1285.714,1500.607
f598c748-53b8-43b2-b5ab-de9b43a1dbcd,6a028e65be5f3e72_b1a1f87c-ffd5-416a-a29c-dbbdf6260368,0070,1285.444,1499.77
f598c748-53b8-43b2-b5ab-de9b43a1dbcd,6a028e65be5f3e72_b1a1f87c-ffd5-416a-a29c-dbbdf6260368,0075,1285.392,1500.723
f598c748-53b8-43b2-b5ab-de9b43a1dbcd,6a028e65be5f3e72_b1a1f87c-ffd5-416a-a29c-dbbdf6260368,0080,1285.445,1500.455
f598c748-53b8-43b2-b5ab-de9b43a1dbcd,6a028e65be5f3e72_b1a1f87c-ffd5-416a-a29c-dbbdf6260368,0085,1285.324,1503.708
f598c748-53b8-43b2-b5ab-de9b43a1dbcd,6a028e65be5f3e72_b1a1f87c-ffd5-416a-a29c-dbbdf6260368,0090,1285.398,1499.612
f598c748-53b8-43b2-b5ab-de9b43a1dbcd,6a028e65be5f3e72_b1a1f87c-ffd5-416a-a29c-dbbdf6260368,0095,1285.113,1495.359
f598c748-53b8-43b2-b5ab-de9b43a1dbcd,6a028e65be5f3e72_b1a1f87c-ffd5-416a-a29c-dbbdf6260368,0100,1285.099,1494.393
f598c748-53b8-43b2-b5ab-de9b43a1dbcd,6a028e65be5f3e72_b1a1f87c-ffd5-416a-a29c-dbbdf6260368,0105,1285.85,1495.326
f598c748-53b8-43b2-b5ab-de9b43a1dbcd,6a028e65be5f3e72_b1a1f87c-ffd5-416a-a29c-dbbdf6260368,0110,1290.525,1500.487
f598c748-53b8-43b2-b5ab-de9b43a1dbcd,6a028e65be5f3e72_b1a1f87c-ffd5-416a-a29c-dbbdf6260368,0115,1285.43,1499.227
f598c748-53b8-43b2-b5ab-de9b43a1dbcd,6a028e65be5f3e72_b1a1f87c-ffd5-416a-a29c-dbbdf6260368,0120,1285.103,1499.762
f598c748-53b8-43b2-b5ab-de9b43a1dbcd,6a028e65be5f3e72_b1a1f87c-ffd5-416a-a29c-dbbdf6260368,0125,1285.741,1500.862
f598c748-53b8-43b2-b5ab-de9b43a1dbcd,6a028e65be5f3e72_b1a1f87c-ffd5-416a-a29c-dbbdf6260368,0130,1285.194,1503.057
f598c748-53b8-43b2-b5ab-de9b43a1dbcd,6a028e65be5f3e72_b1a1f87c-ffd5-416a-a29c-dbbdf6260368,0135,1285.51,1502.717
f598c748-53b8-43b2-b5ab-de9b43a1dbcd,6a028e65be5f3e72_b1a1f87c-ffd5-416a-a29c-dbbdf6260368,0140,1290.095,1504.481
f598c748-53b8-43b2-b5ab-de9b43a1dbcd,6a028e65be5f3e72_b1a1f87c-ffd5-416a-a29c-dbbdf6260368,0145,1284.97,1497.334
f598c748-53b8-43b2-b5ab-de9b43a1dbcd,6a028e65be5f3e72_b1a1f87c-ffd5-416a-a29c-dbbdf6260368,0150,1285.19,1495.076
f598c748-53b8-43b2-b5ab-de9b43a1dbcd,6a028e65be5f3e72_b1a1f87c-ffd5-416a-a29c-dbbdf6260368,0155,1285.263,1485.105
f598c748-53b8-43b2-b5ab-de9b43a1dbcd,6a028e65be5f3e72_b1a1f87c-ffd5-416a-a29c-dbbdf6260368,0160,1285.195,1500.746
f598c748-53b8-43b2-b5ab-de9b43a1dbcd,6a028e65be5f3e72_b1a1f87c-ffd5-416a-a29c-dbbdf6260368,0165,1290.68,1523.368
f598c748-53b8-43b2-b5ab-de9b43a1dbcd,6a028e65be5f3e72_b1a1f87c-ffd5-416a-a29c-dbbdf6260368,0170,1290.342,1491.33
f598c748-53b8-43b2-b5ab-de9b43a1dbcd,6a028e65be5f3e72_b1a1f87c-ffd5-416a-a29c-dbbdf6260368,0175,1284.467,1490.159
f598c748-53b8-43b2-b5ab-de9b43a1dbcd,6a028e65be5f3e72_b1a1f87c-ffd5-416a-a29c-dbbdf6260368,0180,1285.807,1494.95
f598c748-53b8-43b2-b5ab-de9b43a1dbcd,6a028e65be5f3e72_b1a1f87c-ffd5-416a-a29c-dbbdf6260368,0185,1285.153,1491.719
f598c748-53b8-43b2-b5ab-de9b43a1dbcd,6a028e65be5f3e72_b1a1f87c-ffd5-416a-a29c-dbbdf6260368,0190,1284.903,1499.615
f598c748-53b8-43b2-b5ab-de9b43a1dbcd,6a028e65be5f3e72_b1a1f87c-ffd5-416a-a29c-dbbdf6260368,0195,1289.758,1507.058
f598c748-53b8-43b2-b5ab-de9b43a1dbcd,6a028e65be5f3e72_b1a1f87c-ffd5-416a-a29c-dbbdf6260368,0200,1285.219,1494.224
f598c748-53b8-43b2-b5ab-de9b43a1dbcd,6a028e65be5f3e72_b1a1f87c-ffd5-416a-a29c-dbbdf6260368,0205,1285.726,1503.936
f598c748-53b8-43b2-b5ab-de9b43a1dbcd,6a028e65be5f3e72_b1a1f87c-ffd5-416a-a29c-dbbdf6260368,0210,1285.099,1495.184
9164f4ed-0087-45ab-bea7-2048c5c22795,4bf394707daf5e2e_49a7469f-fd22-4c7d-a3ec-25cab4892895,0005,1286.159,1513.985
9164f4ed-0087-45ab-bea7-2048c5c22795,4bf394707daf5e2e_49a7469f-fd22-4c7d-a3ec-25cab4892895,0010,1284.968,1504.695
9164f4ed-0087-45ab-bea7-2048c5c22795,4bf394707daf5e2e_49a7469f-fd22-4c7d-a3ec-25cab4892895,0015,1284.921,1495.672
9164f4ed-0087-45ab-bea7-2048c5c22795,4bf394707daf5e2e_49a7469f-fd22-4c7d-a3ec-25cab4892895,0020,1285.303,1493.812
9164f4ed-0087-45ab-bea7-2048c5c22795,4bf394707daf5e2e_49a7469f-fd22-4c7d-a3ec-25cab4892895,0025,1285.071,1500.127
9164f4ed-0087-45ab-bea7-2048c5c22795,4bf394707daf5e2e_49a7469f-fd22-4c7d-a3ec-25cab4892895,0030,1285.316,1501.811
9164f4ed-0087-45ab-bea7-2048c5c22795,4bf394707daf5e2e_49a7469f-fd22-4c7d-a3ec-25cab4892895,0035,1285.847,1500.919
9164f4ed-0087-45ab-bea7-2048c5c22795,4bf394707daf5e2e_49a7469f-fd22-4c7d-a3ec-25cab4892895,0040,1290.807,1507.85
9164f4ed-0087-45ab-bea7-2048c5c22795,4bf394707daf5e2e_49a7469f-fd22-4c7d-a3ec-25cab4892895,0045,1289.549,1493.578
9164f4ed-0087-45ab-bea7-2048c5c22795,4bf394707daf5e2e_49a7469f-fd22-4c7d-a3ec-25cab4892895,0050,1288.854,1490.155
9164f4ed-0087-45ab-bea7-2048c5c22795,4bf394707daf5e2e_49a7469f-fd22-4c7d-a3ec-25cab4892895,0055,1290.25,1492.156
9164f4ed-0087-45ab-bea7-2048c5c22795,4bf394707daf5e2e_49a7469f-fd22-4c7d-a3ec-25cab4892895,0060,1290.612,1491.476
9164f4ed-0087-45ab-bea7-2048c5c22795,4bf394707daf5e2e_49a7469f-fd22-4c7d-a3ec-25cab4892895,0065,1290.436,1494.137
9164f4ed-0087-45ab-bea7-2048c5c22795,4bf394707daf5e2e_49a7469f-fd22-4c7d-a3ec-25cab4892895,0070,1289.279,1490.727
9164f4ed-0087-45ab-bea7-2048c5c22795,4bf394707daf5e2e_49a7469f-fd22-4c7d-a3ec-25cab4892895,0075,1290.286,1494.156
9164f4ed-0087-45ab-bea7-2048c5c22795,4bf394707daf5e2e_49a7469f-fd22-4c7d-a3ec-25cab4892895,0080,1289.698,1492.977
9164f4ed-0087-45ab-bea7-2048c5c22795,4bf394707daf5e2e_49a7469f-fd22-4c7d-a3ec-25cab4892895,0085,1289.699,1494.874
9164f4ed-0087-45ab-bea7-2048c5c22795,4bf394707daf5e2e_49a7469f-fd22-4c7d-a3ec-25cab4892895,0090,1289.119,1492.433
9164f4ed-0087-45ab-bea7-2048c5c22795,4bf394707daf5e2e_49a7469f-fd22-4c7d-a3ec-25cab4892895,0095,1289.101,1509.797
9164f4ed-0087-45ab-bea7-2048c5c22795,4bf394707daf5e2e_49a7469f-fd22-4c7d-a3ec-25cab4892895,0100,1289.673,1509.187
9164f4ed-0087-45ab-bea7-2048c5c22795,4bf394707daf5e2e_49a7469f-fd22-4c7d-a3ec-25cab4892895,0105,1290.23,1509.56
9164f4ed-0087-45ab-bea7-2048c5c22795,4bf394707daf5e2e_49a7469f-fd22-4c7d-a3ec-25cab4892895,0110,1290.743,1504.858
9164f4ed-0087-45ab-bea7-2048c5c22795,4bf394707daf5e2e_49a7469f-fd22-4c7d-a3ec-25cab4892895,0115,1289.715,1511.072
9164f4ed-0087-45ab-bea7-2048c5c22795,4bf394707daf5e2e_49a7469f-fd22-4c7d-a3ec-25cab4892895,0120,1289.446,1505.917
9164f4ed-0087-45ab-bea7-2048c5c22795,4bf394707daf5e2e_49a7469f-fd22-4c7d-a3ec-25cab4892895,0125,1290.044,1509.18
9164f4ed-0087-45ab-bea7-2048c5c22795,4bf394707daf5e2e_49a7469f-fd22-4c7d-a3ec-25cab4892895,0130,1289.982,1507.44
9164f4ed-0087-45ab-bea7-2048c5c22795,4bf394707daf5e2e_49a7469f-fd22-4c7d-a3ec-25cab4892895,0135,1289.938,1509.739
9164f4ed-0087-45ab-bea7-2048c5c22795,4bf394707daf5e2e_49a7469f-fd22-4c7d-a3ec-25cab4892895,0140,1290.091,1505.873
9164f4ed-0087-45ab-bea7-2048c5c22795,4bf394707daf5e2e_49a7469f-fd22-4c7d-a3ec-25cab4892895,0145,1290.564,1508.681
9164f4ed-0087-45ab-bea7-2048c5c22795,4bf394707daf5e2e_49a7469f-fd22-4c7d-a3ec-25cab4892895,0150,1290.555,1509.36
9164f4ed-0087-45ab-bea7-2048c5c22795,4bf394707daf5e2e_49a7469f-fd22-4c7d-a3ec-25cab4892895,0155,1290.134,1509.152
9164f4ed-0087-45ab-bea7-2048c5c22795,4bf394707daf5e2e_49a7469f-fd22-4c7d-a3ec-25cab4892895,0160,1290.646,1508.809
9164f4ed-0087-45ab-bea7-2048c5c22795,4bf394707daf5e2e_49a7469f-fd22-4c7d-a3ec-25cab4892895,0165,1290.767,1508.062
9164f4ed-0087-45ab-bea7-2048c5c22795,4bf394707daf5e2e_49a7469f-fd22-4c7d-a3ec-25cab4892895,0170,1289.717,1506.253
9164f4ed-0087-45ab-bea7-2048c5c22795,4bf394707daf5e2e_49a7469f-fd22-4c7d-a3ec-25cab4892895,0175,1285.096,1503.407
9164f4ed-0087-45ab-bea7-2048c5c22795,4bf394707daf5e2e_49a7469f-fd22-4c7d-a3ec-25cab4892895,0180,1285.444,1486.834
9164f4ed-0087-45ab-bea7-2048c5c22795,4bf394707daf5e2e_49a7469f-fd22-4c7d-a3ec-25cab4892895,0185,1285.002,1495.114
9164f4ed-0087-45ab-bea7-2048c5c22795,4bf394707daf5e2e_49a7469f-fd22-4c7d-a3ec-25cab4892895,0190,1285.164,1498.128
9164f4ed-0087-45ab-bea7-2048c5c22795,4bf394707daf5e2e_49a7469f-fd22-4c7d-a3ec-25cab4892895,0195,1285.47,1507.189
9164f4ed-0087-45ab-bea7-2048c5c22795,4bf394707daf5e2e_49a7469f-fd22-4c7d-a3ec-25cab4892895,0200,1285.169,1501.97
9164f4ed-0087-45ab-bea7-2048c5c22795,4bf394707daf5e2e_49a7469f-fd22-4c7d-a3ec-25cab4892895,0205,1285.39,1496.797
9164f4ed-0087-45ab-bea7-2048c5c22795,4bf394707daf5e2e_49a7469f-fd22-4c7d-a3ec-25cab4892895,0210,1286.265,1502.053
9164f4ed-0087-45ab-bea7-2048c5c22795,4bf394707daf5e2e_49a7469f-fd22-4c7d-a3ec-25cab4892895,0215,1285.668,1503.373
9164f4ed-0087-45ab-bea7-2048c5c22795,4bf394707daf5e2e_49a7469f-fd22-4c7d-a3ec-25cab4892895,0220,1285.0,1501.99
9164f4ed-0087-45ab-bea7-2048c5c22795,4bf394707daf5e2e_49a7469f-fd22-4c7d-a3ec-25cab4892895,0225,1285.824,1501.042
9164f4ed-0087-45ab-bea7-2048c5c22795,4bf394707daf5e2e_49a7469f-fd22-4c7d-a3ec-25cab4892895,0230,1285.545,1497.247
9164f4ed-0087-45ab-bea7-2048c5c22795,4bf394707daf5e2e_49a7469f-fd22-4c7d-a3ec-25cab4892895,0235,1285.943,1504.162
9164f4ed-0087-45ab-bea7-2048c5c22795,4bf394707daf5e2e_49a7469f-fd22-4c7d-a3ec-25cab4892895,0240,1286.217,1498.186
9164f4ed-0087-45ab-bea7-2048c5c22795,4bf394707daf5e2e_49a7469f-fd22-4c7d-a3ec-25cab4892895,0245,1285.605,1501.424
9164f4ed-0087-45ab-bea7-2048c5c22795,4bf394707daf5e2e_49a7469f-fd22-4c7d-a3ec-25cab4892895,0250,1285.576,1489.213
9164f4ed-0087-45ab-bea7-2048c5c22795,4bf394707daf5e2e_49a7469f-fd22-4c7d-a3ec-25cab4892895,0255,1285.507,1502.504
9604fde0-d0db-462e-be4a-3cb2f9f6b29c,0c11abcb3064d945_2c2d4bfc-0833-44a3-a81f-9b40eee2b33e,0005,1286.546,1519.648
9604fde0-d0db-462e-be4a-3cb2f9f6b29c,0c11abcb3064d945_2c2d4bfc-0833-44a3-a81f-9b40eee2b33e,0010,1285.915,1508.893
9604fde0-d0db-462e-be4a-3cb2f9f6b29c,0c11abcb3064d945_2c2d4bfc-0833-44a3-a81f-9b40eee2b33e,0015,1285.585,1503.155
9604fde0-d0db-462e-be4a-3cb2f9f6b29c,0c11abcb3064d945_2c2d4bfc-0833-44a3-a81f-9b40eee2b33e,0020,1289.377,1490.326
9604fde0-d0db-462e-be4a-3cb2f9f6b29c,0c11abcb3064d945_2c2d4bfc-0833-44a3-a81f-9b40eee2b33e,0025,1285.221,1494.154
9604fde0-d0db-462e-be4a-3cb2f9f6b29c,0c11abcb3064d945_2c2d4bfc-0833-44a3-a81f-9b40eee2b33e,0030,1285.642,1502.441
9604fde0-d0db-462e-be4a-3cb2f9f6b29c,0c11abcb3064d945_2c2d4bfc-0833-44a3-a81f-9b40eee2b33e,0035,1285.951,1504.884
9604fde0-d0db-462e-be4a-3cb2f9f6b29c,0c11abcb3064d945_2c2d4bfc-0833-44a3-a81f-9b40eee2b33e,0040,1285.181,1497.782
9604fde0-d0db-462e-be4a-3cb2f9f6b29c,0c11abcb3064d945_2c2d4bfc-0833-44a3-a81f-9b40eee2b33e,0045,1285.779,1502.784
9604fde0-d0db-462e-be4a-3cb2f9f6b29c,0c11abcb3064d945_2c2d4bfc-0833-44a3-a81f-9b40eee2b33e,0050,1286.234,1501.908
9604fde0-d0db-462e-be4a-3cb2f9f6b29c,0c11abcb3064d945_2c2d4bfc-0833-44a3-a81f-9b40eee2b33e,0055,1285.801,1501.024
9604fde0-d0db-462e-be4a-3cb2f9f6b29c,0c11abcb3064d945_2c2d4bfc-0833-44a3-a81f-9b40eee2b33e,0060,1285.906,1501.184
9604fde0-d0db-462e-be4a-3cb2f9f6b29c,0c11abcb3064d945_2c2d4bfc-0833-44a3-a81f-9b40eee2b33e,0065,1285.618,1495.661
9604fde0-d0db-462e-be4a-3cb2f9f6b29c,0c11abcb3064d945_2c2d4bfc-0833-44a3-a81f-9b40eee2b33e,0070,1285.798,1498.19
9604fde0-d0db-462e-be4a-3cb2f9f6b29c,0c11abcb3064d945_2c2d4bfc-0833-44a3-a81f-9b40eee2b33e,0075,1285.452,1506.696
9604fde0-d0db-462e-be4a-3cb2f9f6b29c,0c11abcb3064d945_2c2d4bfc-0833-44a3-a81f-9b40eee2b33e,0080,1285.839,1501.7
9604fde0-d0db-462e-be4a-3cb2f9f6b29c,0c11abcb3064d945_2c2d4bfc-0833-44a3-a81f-9b40eee2b33e,0085,1285.965,1501.099
9604fde0-d0db-462e-be4a-3cb2f9f6b29c,0c11abcb3064d945_2c2d4bfc-0833-44a3-a81f-9b40eee2b33e,0090,1285.719,1496.256
9604fde0-d0db-462e-be4a-3cb2f9f6b29c,0c11abcb3064d945_2c2d4bfc-0833-44a3-a81f-9b40eee2b33e,0095,1286.41,1504.164
9604fde0-d0db-462e-be4a-3cb2f9f6b29c,0c11abcb3064d945_2c2d4bfc-0833-44a3-a81f-9b40eee2b33e,0100,1285.159,1496.073
9604fde0-d0db-462e-be4a-3cb2f9f6b29c,0c11abcb3064d945_2c2d4bfc-0833-44a3-a81f-9b40eee2b33e,0105,1285.709,1503.541
9604fde0-d0db-462e-be4a-3cb2f9f6b29c,0c11abcb3064d945_2c2d4bfc-0833-44a3-a81f-9b40eee2b33e,0110,1286.207,1497.711
9604fde0-d0db-462e-be4a-3cb2f9f6b29c,0c11abcb3064d945_2c2d4bfc-0833-44a3-a81f-9b40eee2b33e,0115,1286.121,1503.18
9604fde0-d0db-462e-be4a-3cb2f9f6b29c,0c11abcb3064d945_2c2d4bfc-0833-44a3-a81f-9b40eee2b33e,0120,1285.696,1502.554
9604fde0-d0db-462e-be4a-3cb2f9f6b29c,0c11abcb3064d945_2c2d4bfc-0833-44a3-a81f-9b40eee2b33e,0125,1285.494,1503.186
9604fde0-d0db-462e-be4a-3cb2f9f6b29c,0c11abcb3064d945_2c2d4bfc-0833-44a3-a81f-9b40eee2b33e,0130,1285.713,1502.914
9604fde0-d0db-462e-be4a-3cb2f9f6b29c,0c11abcb3064d945_2c2d4bfc-0833-44a3-a81f-9b40eee2b33e,0135,1286.182,1502.412
9604fde0-d0db-462e-be4a-3cb2f9f6b29c,0c11abcb3064d945_2c2d4bfc-0833-44a3-a81f-9b40eee2b33e,0140,1290.196,1510.063
9604fde0-d0db-462e-be4a-3cb2f9f6b29c,0c11abcb3064d945_2c2d4bfc-0833-44a3-a81f-9b40eee2b33e,0145,1285.149,1501.607
9604fde0-d0db-462e-be4a-3cb2f9f6b29c,0c11abcb3064d945_2c2d4bfc-0833-44a3-a81f-9b40eee2b33e,0150,1285.515,1499.39
9604fde0-d0db-462e-be4a-3cb2f9f6b29c,0c11abcb3064d945_2c2d4bfc-0833-44a3-a81f-9b40eee2b33e,0155,1285.589,1500.59
176f61e7-06d3-4bdc-8edc-b548a1387e9d,fefe4f80a578a4db_61049b53-5ad8-4ee8-b337-739dec2db120,0005,1285.558,1518.473
176f61e7-06d3-4bdc-8edc-b548a1387e9d,fefe4f80a578a4db_61049b53-5ad8-4ee8-b337-739dec2db120,0010,1285.586,1504.621
176f61e7-06d3-4bdc-8edc-b548a1387e9d,fefe4f80a578a4db_61049b53-5ad8-4ee8-b337-739dec2db120,0015,1285.01,1496.047
176f61e7-06d3-4bdc-8edc-b548a1387e9d,fefe4f80a578a4db_61049b53-5ad8-4ee8-b337-739dec2db120,0020,1285.234,1492.454
176f61e7-06d3-4bdc-8edc-b548a1387e9d,fefe4f80a578a4db_61049b53-5ad8-4ee8-b337-739dec2db120,0025,1285.901,1501.592
176f61e7-06d3-4bdc-8edc-b548a1387e9d,fefe4f80a578a4db_61049b53-5ad8-4ee8-b337-739dec2db120,0030,1288.728,1496.013
176f61e7-06d3-4bdc-8edc-b548a1387e9d,fefe4f80a578a4db_61049b53-5ad8-4ee8-b337-739dec2db120,0035,1289.707,1507.736
176f61e7-06d3-4bdc-8edc-b548a1387e9d,fefe4f80a578a4db_61049b53-5ad8-4ee8-b337-739dec2db120,0040,1290.168,1507.653
176f61e7-06d3-4bdc-8edc-b548a1387e9d,fefe4f80a578a4db_61049b53-5ad8-4ee8-b337-739dec2db120,0045,1290.498,1507.75
176f61e7-06d3-4bdc-8edc-b548a1387e9d,fefe4f80a578a4db_61049b53-5ad8-4ee8-b337-739dec2db120,0050,1290.297,1506.127
176f61e7-06d3-4bdc-8edc-b548a1387e9d,fefe4f80a578a4db_61049b53-5ad8-4ee8-b337-739dec2db120,0055,1291.048,1510.844
176f61e7-06d3-4bdc-8edc-b548a1387e9d,fefe4f80a578a4db_61049b53-5ad8-4ee8-b337-739dec2db120,0060,1289.854,1503.185
176f61e7-06d3-4bdc-8edc-b548a1387e9d,fefe4f80a578a4db_61049b53-5ad8-4ee8-b337-739dec2db120,0065,1289.936,1510.714
176f61e7-06d3-4bdc-8edc-b548a1387e9d,fefe4f80a578a4db_61049b53-5ad8-4ee8-b337-739dec2db120,0070,1289.538,1504.12
176f61e7-06d3-4bdc-8edc-b548a1387e9d,fefe4f80a578a4db_61049b53-5ad8-4ee8-b337-739dec2db120,0075,1285.761,1505.035
176f61e7-06d3-4bdc-8edc-b548a1387e9d,fefe4f80a578a4db_61049b53-5ad8-4ee8-b337-739dec2db120,0080,1285.59,1492.205
176f61e7-06d3-4bdc-8edc-b548a1387e9d,fefe4f80a578a4db_61049b53-5ad8-4ee8-b337-739dec2db120,0085,1285.302,1500.608
176f61e7-06d3-4bdc-8edc-b548a1387e9d,fefe4f80a578a4db_61049b53-5ad8-4ee8-b337-739dec2db120,0090,1285.059,1498.584
176f61e7-06d3-4bdc-8edc-b548a1387e9d,fefe4f80a578a4db_61049b53-5ad8-4ee8-b337-739dec2db120,0095,1285.985,1504.3
176f61e7-06d3-4bdc-8edc-b548a1387e9d,fefe4f80a578a4db_61049b53-5ad8-4ee8-b337-739dec2db120,0100,1285.488,1500.484
176f61e7-06d3-4bdc-8edc-b548a1387e9d,fefe4f80a578a4db_61049b53-5ad8-4ee8-b337-739dec2db120,0105,1288.506,1502.64
176f61e7-06d3-4bdc-8edc-b548a1387e9d,fefe4f80a578a4db_61049b53-5ad8-4ee8-b337-739dec2db120,0110,1289.232,1502.33
176f61e7-06d3-4bdc-8edc-b548a1387e9d,fefe4f80a578a4db_61049b53-5ad8-4ee8-b337-739dec2db120,0115,1285.162,1500.619
176f61e7-06d3-4bdc-8edc-b548a1387e9d,fefe4f80a578a4db_61049b53-5ad8-4ee8-b337-739dec2db120,0120,1285.778,1501.226
176f61e7-06d3-4bdc-8edc-b548a1387e9d,fefe4f80a578a4db_61049b53-5ad8-4ee8-b337-739dec2db120,0125,1285.516,1501.798
176f61e7-06d3-4bdc-8edc-b548a1387e9d,fefe4f80a578a4db_61049b53-5ad8-4ee8-b337-739dec2db120,0130,1285.651,1504.873
176f61e7-06d3-4bdc-8edc-b548a1387e9d,fefe4f80a578a4db_61049b53-5ad8-4ee8-b337-739dec2db120,0135,1285.471,1501.771
176f61e7-06d3-4bdc-8edc-b548a1387e9d,fefe4f80a578a4db_61049b53-5ad8-4ee8-b337-739dec2db120,0140,1285.102,1494.39
176f61e7-06d3-4bdc-8edc-b548a1387e9d,fefe4f80a578a4db_61049b53-5ad8-4ee8-b337-739dec2db120,0145,1285.733,1498.712
176f61e7-06d3-4bdc-8edc-b548a1387e9d,fefe4f80a578a4db_61049b53-5ad8-4ee8-b337-739dec2db120,0150,1285.969,1501.718
176f61e7-06d3-4bdc-8edc-b548a1387e9d,fefe4f80a578a4db_61049b53-5ad8-4ee8-b337-739dec2db120,0155,1285.289,1500.205
176f61e7-06d3-4bdc-8edc-b548a1387e9d,fefe4f80a578a4db_61049b53-5ad8-4ee8-b337-739dec2db120,0160,1285.781,1493.277
176f61e7-06d3-4bdc-8edc-b548a1387e9d,fefe4f80a578a4db_61049b53-5ad8-4ee8-b337-739dec2db120,0165,1286.18,1495.169
176f61e7-06d3-4bdc-8edc-b548a1387e9d,fefe4f80a578a4db_61049b53-5ad8-4ee8-b337-739dec2db120,0170,1285.108,1493.946
176f61e7-06d3-4bdc-8edc-b548a1387e9d,fefe4f80a578a4db_61049b53-5ad8-4ee8-b337-739dec2db120,0175,1286.43,1495.628
176f61e7-06d3-4bdc-8edc-b548a1387e9d,fefe4f80a578a4db_61049b53-5ad8-4ee8-b337-739dec2db120,0180,1285.129,1493.082
176f61e7-06d3-4bdc-8edc-b548a1387e9d,fefe4f80a578a4db_61049b53-5ad8-4ee8-b337-739dec2db120,0185,1285.361,1493.894
176f61e7-06d3-4bdc-8edc-b548a1387e9d,fefe4f80a578a4db_61049b53-5ad8-4ee8-b337-739dec2db120,0190,1285.753,1496.715
176f61e7-06d3-4bdc-8edc-b548a1387e9d,fefe4f80a578a4db_61049b53-5ad8-4ee8-b337-739dec2db120,0195,1285.377,1494.645
176f61e7-06d3-4bdc-8edc-b548a1387e9d,fefe4f80a578a4db_61049b53-5ad8-4ee8-b337-739dec2db120,0200,1285.214,1498.829
176f61e7-06d3-4bdc-8edc-b548a1387e9d,fefe4f80a578a4db_61049b53-5ad8-4ee8-b337-739dec2db120,0205,1285.595,1495.619
176f61e7-06d3-4bdc-8edc-b548a1387e9d,fefe4f80a578a4db_61049b53-5ad8-4ee8-b337-739dec2db120,0210,1285.742,1495.421
176f61e7-06d3-4bdc-8edc-b548a1387e9d,fefe4f80a578a4db_61049b53-5ad8-4ee8-b337-739dec2db120,0215,1285.75,1501.469
176f61e7-06d3-4bdc-8edc-b548a1387e9d,fefe4f80a578a4db_61049b53-5ad8-4ee8-b337-739dec2db120,0220,1289.995,1507.464
176f61e7-06d3-4bdc-8edc-b548a1387e9d,fefe4f80a578a4db_61049b53-5ad8-4ee8-b337-739dec2db120,0225,1285.658,1500.809
176f61e7-06d3-4bdc-8edc-b548a1387e9d,fefe4f80a578a4db_61049b53-5ad8-4ee8-b337-739dec2db120,0230,1290.43,1513.171
176f61e7-06d3-4bdc-8edc-b548a1387e9d,fefe4f80a578a4db_61049b53-5ad8-4ee8-b337-739dec2db120,0235,1290.681,1507.738
176f61e7-06d3-4bdc-8edc-b548a1387e9d,fefe4f80a578a4db_61049b53-5ad8-4ee8-b337-739dec2db120,0240,1290.789,1510.318
176f61e7-06d3-4bdc-8edc-b548a1387e9d,fefe4f80a578a4db_61049b53-5ad8-4ee8-b337-739dec2db120,0245,1289.547,1503.069
176f61e7-06d3-4bdc-8edc-b548a1387e9d,fefe4f80a578a4db_61049b53-5ad8-4ee8-b337-739dec2db120,0250,1290.135,1495.003
176f61e7-06d3-4bdc-8edc-b548a1387e9d,fefe4f80a578a4db_61049b53-5ad8-4ee8-b337-739dec2db120,0255,1290.507,1508.754
176f61e7-06d3-4bdc-8edc-b548a1387e9d,fefe4f80a578a4db_61049b53-5ad8-4ee8-b337-739dec2db120,0260,1290.492,1506.836
176f61e7-06d3-4bdc-8edc-b548a1387e9d,fefe4f80a578a4db_61049b53-5ad8-4ee8-b337-739dec2db120,0265,1290.047,1507.037
176f61e7-06d3-4bdc-8edc-b548a1387e9d,fefe4f80a578a4db_61049b53-5ad8-4ee8-b337-739dec2db120,0270,1289.781,1505.903
176f61e7-06d3-4bdc-8edc-b548a1387e9d,fefe4f80a578a4db_61049b53-5ad8-4ee8-b337-739dec2db120,0275,1284.719,1501.726
176f61e7-06d3-4bdc-8edc-b548a1387e9d,fefe4f80a578a4db_61049b53-5ad8-4ee8-b337-739dec2db120,0280,1285.708,1496.964
176f61e7-06d3-4bdc-8edc-b548a1387e9d,fefe4f80a578a4db_61049b53-5ad8-4ee8-b337-739dec2db120,0285,1286.253,1505.118
176f61e7-06d3-4bdc-8edc-b548a1387e9d,fefe4f80a578a4db_61049b53-5ad8-4ee8-b337-739dec2db120,0290,1285.37,1504.434
462cad27-c478-404c-a7d6-e9ee086431c2,eda3d67004400d7f_5da5f4d4-7334-4e08-9613-57e1722984f7,0005,1285.91,1513.565
462cad27-c478-404c-a7d6-e9ee086431c2,eda3d67004400d7f_5da5f4d4-7334-4e08-9613-57e1722984f7,0010,1285.592,1497.706
462cad27-c478-404c-a7d6-e9ee086431c2,eda3d67004400d7f_5da5f4d4-7334-4e08-9613-57e1722984f7,0015,1285.554,1481.909
462cad27-c478-404c-a7d6-e9ee086431c2,eda3d67004400d7f_5da5f4d4-7334-4e08-9613-57e1722984f7,0020,1285.673,1491.229
462cad27-c478-404c-a7d6-e9ee086431c2,eda3d67004400d7f_5da5f4d4-7334-4e08-9613-57e1722984f7,0025,1285.742,1497.626
462cad27-c478-404c-a7d6-e9ee086431c2,eda3d67004400d7f_5da5f4d4-7334-4e08-9613-57e1722984f7,0030,1285.55,1491.076
462cad27-c478-404c-a7d6-e9ee086431c2,eda3d67004400d7f_5da5f4d4-7334-4e08-9613-57e1722984f7,0035,1285.891,1492.216
462cad27-c478-404c-a7d6-e9ee086431c2,eda3d67004400d7f_5da5f4d4-7334-4e08-9613-57e1722984f7,0040,1285.66,1491.479
462cad27-c478-404c-a7d6-e9ee086431c2,eda3d67004400d7f_5da5f4d4-7334-4e08-9613-57e1722984f7,0045,1285.843,1499.115
462cad27-c478-404c-a7d6-e9ee086431c2,eda3d67004400d7f_5da5f4d4-7334-4e08-9613-57e1722984f7,0050,1285.487,1483.238
462cad27-c478-404c-a7d6-e9ee086431c2,eda3d67004400d7f_5da5f4d4-7334-4e08-9613-57e1722984f7,0055,1286.13,1492.166
462cad27-c478-404c-a7d6-e9ee086431c2,eda3d67004400d7f_5da5f4d4-7334-4e08-9613-57e1722984f7,0060,1285.664,1493.231
462cad27-c478-404c-a7d6-e9ee086431c2,eda3d67004400d7f_5da5f4d4-7334-4e08-9613-57e1722984f7,0065,1285.806,1490.637
462cad27-c478-404c-a7d6-e9ee086431c2,eda3d67004400d7f_5da5f4d4-7334-4e08-9613-57e1722984f7,0070,1287.824,1492.336
462cad27-c478-404c-a7d6-e9ee086431c2,eda3d67004400d7f_5da5f4d4-7334-4e08-9613-57e1722984f7,0075,1285.498,1494.342
462cad27-c478-404c-a7d6-e9ee086431c2,eda3d67004400d7f_5da5f4d4-7334-4e08-9613-57e1722984f7,0080,1285.985,1497.01
462cad27-c478-404c-a7d6-e9ee086431c2,eda3d67004400d7f_5da5f4d4-7334-4e08-9613-57e1722984f7,0085,1286.221,1497.106
462cad27-c478-404c-a7d6-e9ee086431c2,eda3d67004400d7f_5da5f4d4-7334-4e08-9613-57e1722984f7,0090,1285.759,1496.973
462cad27-c478-404c-a7d6-e9ee086431c2,eda3d67004400d7f_5da5f4d4-7334-4e08-9613-57e1722984f7,0095,1285.705,1491.231
462cad27-c478-404c-a7d6-e9ee086431c2,eda3d67004400d7f_5da5f4d4-7334-4e08-9613-57e1722984f7,0100,1289.604,1500.804
462cad27-c478-404c-a7d6-e9ee086431c2,eda3d67004400d7f_5da5f4d4-7334-4e08-9613-57e1722984f7,0105,1290.17,1502.3
462cad27-c478-404c-a7d6-e9ee086431c2,eda3d67004400d7f_5da5f4d4-7334-4e08-9613-57e1722984f7,0110,1290.283,1503.098
462cad27-c478-404c-a7d6-e9ee086431c2,eda3d67004400d7f_5da5f4d4-7334-4e08-9613-57e1722984f7,0115,1290.756,1501.042
462cad27-c478-404c-a7d6-e9ee086431c2,eda3d67004400d7f_5da5f4d4-7334-4e08-9613-57e1722984f7,0120,1289.897,1505.245
37925524-6cbe-4213-ae81-094d39e30418,e19a3058e4b8513e_dcdd1dfa-c12f-4d57-be18-c89c3bf41489,0005,1290.781,1528.973
37925524-6cbe-4213-ae81-094d39e30418,e19a3058e4b8513e_dcdd1dfa-c12f-4d57-be18-c89c3bf41489,0010,1290.834,1512.938
37925524-6cbe-4213-ae81-094d39e30418,e19a3058e4b8513e_dcdd1dfa-c12f-4d57-be18-c89c3bf41489,0015,1290.236,1507.869
37925524-6cbe-4213-ae81-094d39e30418,e19a3058e4b8513e_dcdd1dfa-c12f-4d57-be18-c89c3bf41489,0020,1285.273,1510.281
37925524-6cbe-4213-ae81-094d39e30418,e19a3058e4b8513e_dcdd1dfa-c12f-4d57-be18-c89c3bf41489,0025,1285.865,1495.163
37925524-6cbe-4213-ae81-094d39e30418,e19a3058e4b8513e_dcdd1dfa-c12f-4d57-be18-c89c3bf41489,0030,1289.638,1505.236
37925524-6cbe-4213-ae81-094d39e30418,e19a3058e4b8513e_dcdd1dfa-c12f-4d57-be18-c89c3bf41489,0035,1286.196,1498.721
37925524-6cbe-4213-ae81-094d39e30418,e19a3058e4b8513e_dcdd1dfa-c12f-4d57-be18-c89c3bf41489,0040,1285.512,1497.903
37925524-6cbe-4213-ae81-094d39e30418,e19a3058e4b8513e_dcdd1dfa-c12f-4d57-be18-c89c3bf41489,0045,1285.658,1495.235
37925524-6cbe-4213-ae81-094d39e30418,e19a3058e4b8513e_dcdd1dfa-c12f-4d57-be18-c89c3bf41489,0050,1285.605,1501.103
37925524-6cbe-4213-ae81-094d39e30418,e19a3058e4b8513e_dcdd1dfa-c12f-4d57-be18-c89c3bf41489,0055,1285.981,1501.614
37925524-6cbe-4213-ae81-094d39e30418,e19a3058e4b8513e_dcdd1dfa-c12f-4d57-be18-c89c3bf41489,0060,1285.54,1494.92
37925524-6cbe-4213-ae81-094d39e30418,e19a3058e4b8513e_dcdd1dfa-c12f-4d57-be18-c89c3bf41489,0065,1290.046,1498.759
37925524-6cbe-4213-ae81-094d39e30418,e19a3058e4b8513e_dcdd1dfa-c12f-4d57-be18-c89c3bf41489,0070,1285.72,1500.683
37925524-6cbe-4213-ae81-094d39e30418,e19a3058e4b8513e_dcdd1dfa-c12f-4d57-be18-c89c3bf41489,0075,1285.346,1515.326
37925524-6cbe-4213-ae81-094d39e30418,e19a3058e4b8513e_dcdd1dfa-c12f-4d57-be18-c89c3bf41489,0080,1285.398,1493.886
37925524-6cbe-4213-ae81-094d39e30418,e19a3058e4b8513e_dcdd1dfa-c12f-4d57-be18-c89c3bf41489,0085,1285.902,1494.27
37925524-6cbe-4213-ae81-094d39e30418,e19a3058e4b8513e_dcdd1dfa-c12f-4d57-be18-c89c3bf41489,0090,1285.757,1494.186
37925524-6cbe-4213-ae81-094d39e30418,e19a3058e4b8513e_dcdd1dfa-c12f-4d57-be18-c89c3bf41489,0095,1286.938,1501.405
37925524-6cbe-4213-ae81-094d39e30418,e19a3058e4b8513e_dcdd1dfa-c12f-4d57-be18-c89c3bf41489,0100,1285.634,1493.277
37925524-6cbe-4213-ae81-094d39e30418,e19a3058e4b8513e_dcdd1dfa-c12f-4d57-be18-c89c3bf41489,0105,1285.377,1492.565
37925524-6cbe-4213-ae81-094d39e30418,e19a3058e4b8513e_dcdd1dfa-c12f-4d57-be18-c89c3bf41489,0110,1285.555,1492.822
37925524-6cbe-4213-ae81-094d39e30418,e19a3058e4b8513e_dcdd1dfa-c12f-4d57-be18-c89c3bf41489,0115,1285.563,1502.224
37925524-6cbe-4213-ae81-094d39e30418,e19a3058e4b8513e_dcdd1dfa-c12f-4d57-be18-c89c3bf41489,0120,1285.57,1493.691
37925524-6cbe-4213-ae81-094d39e30418,e19a3058e4b8513e_dcdd1dfa-c12f-4d57-be18-c89c3bf41489,0125,1285.599,1494.187
37925524-6cbe-4213-ae81-094d39e30418,e19a3058e4b8513e_dcdd1dfa-c12f-4d57-be18-c89c3bf41489,0130,1285.375,1492.537
37925524-6cbe-4213-ae81-094d39e30418,e19a3058e4b8513e_dcdd1dfa-c12f-4d57-be18-c89c3bf41489,0135,1285.908,1493.802
37925524-6cbe-4213-ae81-094d39e30418,e19a3058e4b8513e_dcdd1dfa-c12f-4d57-be18-c89c3bf41489,0140,1285.93,1496.521
37925524-6cbe-4213-ae81-094d39e30418,e19a3058e4b8513e_dcdd1dfa-c12f-4d57-be18-c89c3bf41489,0145,1287.974,1501.072
37925524-6cbe-4213-ae81-094d39e30418,e19a3058e4b8513e_dcdd1dfa-c12f-4d57-be18-c89c3bf41489,0150,1290.497,1503.818
37925524-6cbe-4213-ae81-094d39e30418,e19a3058e4b8513e_dcdd1dfa-c12f-4d57-be18-c89c3bf41489,0155,1285.661,1496.696
37925524-6cbe-4213-ae81-094d39e30418,e19a3058e4b8513e_dcdd1dfa-c12f-4d57-be18-c89c3bf41489,0160,1289.962,1508.199
37925524-6cbe-4213-ae81-094d39e30418,e19a3058e4b8513e_dcdd1dfa-c12f-4d57-be18-c89c3bf41489,0165,1286.248,1492.119
37925524-6cbe-4213-ae81-094d39e30418,e19a3058e4b8513e_dcdd1dfa-c12f-4d57-be18-c89c3bf41489,0170,1285.951,1500.26
37925524-6cbe-4213-ae81-094d39e30418,e19a3058e4b8513e_dcdd1dfa-c12f-4d57-be18-c89c3bf41489,0175,1285.811,1499.204
37925524-6cbe-4213-ae81-094d39e30418,e19a3058e4b8513e_dcdd1dfa-c12f-4d57-be18-c89c3bf41489,0180,1285.865,1493.982
37925524-6cbe-4213-ae81-094d39e30418,e19a3058e4b8513e_dcdd1dfa-c12f-4d57-be18-c89c3bf41489,0185,1285.914,1498.988
37925524-6cbe-4213-ae81-094d39e30418,e19a3058e4b8513e_dcdd1dfa-c12f-4d57-be18-c89c3bf41489,0190,1285.871,1496.144
37925524-6cbe-4213-ae81-094d39e30418,e19a3058e4b8513e_dcdd1dfa-c12f-4d57-be18-c89c3bf41489,0195,1288.994,1506.164
37925524-6cbe-4213-ae81-094d39e30418,e19a3058e4b8513e_dcdd1dfa-c12f-4d57-be18-c89c3bf41489,0200,1285.107,1496.772
37925524-6cbe-4213-ae81-094d39e30418,e19a3058e4b8513e_dcdd1dfa-c12f-4d57-be18-c89c3bf41489,0205,1285.99,1499.44
37925524-6cbe-4213-ae81-094d39e30418,e19a3058e4b8513e_dcdd1dfa-c12f-4d57-be18-c89c3bf41489,0210,1285.568,1493.294
37925524-6cbe-4213-ae81-094d39e30418,e19a3058e4b8513e_dcdd1dfa-c12f-4d57-be18-c89c3bf41489,0215,1288.751,1502.854
37925524-6cbe-4213-ae81-094d39e30418,e19a3058e4b8513e_dcdd1dfa-c12f-4d57-be18-c89c3bf41489,0220,1287.175,1499.111
37925524-6cbe-4213-ae81-094d39e30418,e19a3058e4b8513e_dcdd1dfa-c12f-4d57-be18-c89c3bf41489,0225,1286.222,1497.841
37925524-6cbe-4213-ae81-094d39e30418,e19a3058e4b8513e_dcdd1dfa-c12f-4d57-be18-c89c3bf41489,0230,1285.325,1489.743
37925524-6cbe-4213-ae81-094d39e30418,e19a3058e4b8513e_dcdd1dfa-c12f-4d57-be18-c89c3bf41489,0235,1285.774,1493.826
37925524-6cbe-4213-ae81-094d39e30418,e19a3058e4b8513e_dcdd1dfa-c12f-4d57-be18-c89c3bf41489,0240,1285.948,1499.83
37925524-6cbe-4213-ae81-094d39e30418,e19a3058e4b8513e_dcdd1dfa-c12f-4d57-be18-c89c3bf41489,0245,1285.717,1492.536
37925524-6cbe-4213-ae81-094d39e30418,e19a3058e4b8513e_dcdd1dfa-c12f-4d57-be18-c89c3bf41489,0250,1290.735,1511.519
37925524-6cbe-4213-ae81-094d39e30418,e19a3058e4b8513e_dcdd1dfa-c12f-4d57-be18-c89c3bf41489,0255,1290.119,1505.743
37925524-6cbe-4213-ae81-094d39e30418,e19a3058e4b8513e_dcdd1dfa-c12f-4d57-be18-c89c3bf41489,0260,1290.527,1505.065
37925524-6cbe-4213-ae81-094d39e30418,e19a3058e4b8513e_dcdd1dfa-c12f-4d57-be18-c89c3bf41489,0265,1290.703,1507.013
37925524-6cbe-4213-ae81-094d39e30418,e19a3058e4b8513e_dcdd1dfa-c12f-4d57-be18-c89c3bf41489,0270,1290.07,1506.309
37925524-6cbe-4213-ae81-094d39e30418,e19a3058e4b8513e_dcdd1dfa-c12f-4d57-be18-c89c3bf41489,0275,1286.576,1501.737
37925524-6cbe-4213-ae81-094d39e30418,e19a3058e4b8513e_dcdd1dfa-c12f-4d57-be18-c89c3bf41489,0280,1286.105,1501.826
37925524-6cbe-4213-ae81-094d39e30418,e19a3058e4b8513e_dcdd1dfa-c12f-4d57-be18-c89c3bf41489,0285,1285.71,1494.002
37925524-6cbe-4213-ae81-094d39e30418,e19a3058e4b8513e_dcdd1dfa-c12f-4d57-be18-c89c3bf41489,0290,1285.615,1494.976
37925524-6cbe-4213-ae81-094d39e30418,e19a3058e4b8513e_dcdd1dfa-c12f-4d57-be18-c89c3bf41489,0295,1286.175,1494.225
37925524-6cbe-4213-ae81-094d39e30418,e19a3058e4b8513e_dcdd1dfa-c12f-4d57-be18-c89c3bf41489,0300,1285.576,1495.569
37925524-6cbe-4213-ae81-094d39e30418,e19a3058e4b8513e_dcdd1dfa-c12f-4d57-be18-c89c3bf41489,0305,1285.981,1496.306
37925524-6cbe-4213-ae81-094d39e30418,e19a3058e4b8513e_dcdd1dfa-c12f-4d57-be18-c89c3bf41489,0310,1285.661,1499.805
37925524-6cbe-4213-ae81-094d39e30418,e19a3058e4b8513e_dcdd1dfa-c12f-4d57-be18-c89c3bf41489,0315,1285.623,1502.254
37925524-6cbe-4213-ae81-094d39e30418,e19a3058e4b8513e_dcdd1dfa-c12f-4d57-be18-c89c3bf41489,0320,1285.533,1501.503
37925524-6cbe-4213-ae81-094d39e30418,e19a3058e4b8513e_dcdd1dfa-c12f-4d57-be18-c89c3bf41489,0325,1285.329,1500.718
37925524-6cbe-4213-ae81-094d39e30418,e19a3058e4b8513e_dcdd1dfa-c12f-4d57-be18-c89c3bf41489,0330,1285.572,1494.687
37925524-6cbe-4213-ae81-094d39e30418,e19a3058e4b8513e_dcdd1dfa-c12f-4d57-be18-c89c3bf41489,0335,1285.633,1501.841
37925524-6cbe-4213-ae81-094d39e30418,e19a3058e4b8513e_dcdd1dfa-c12f-4d57-be18-c89c3bf41489,0340,1285.75,1500.795
37925524-6cbe-4213-ae81-094d39e30418,e19a3058e4b8513e_dcdd1dfa-c12f-4d57-be18-c89c3bf41489,0345,1285.675,1494.705
37925524-6cbe-4213-ae81-094d39e30418,e19a3058e4b8513e_dcdd1dfa-c12f-4d57-be18-c89c3bf41489,0350,1289.185,1506.343
37925524-6cbe-4213-ae81-094d39e30418,e19a3058e4b8513e_dcdd1dfa-c12f-4d57-be18-c89c3bf41489,0355,1285.794,1502.623
37925524-6cbe-4213-ae81-094d39e30418,e19a3058e4b8513e_dcdd1dfa-c12f-4d57-be18-c89c3bf41489,0360,1285.765,1496.771
37925524-6cbe-4213-ae81-094d39e30418,e19a3058e4b8513e_dcdd1dfa-c12f-4d57-be18-c89c3bf41489,0365,1286.069,1502.264
37925524-6cbe-4213-ae81-094d39e30418,e19a3058e4b8513e_dcdd1dfa-c12f-4d57-be18-c89c3bf41489,0370,1288.182,1496.619
37925524-6cbe-4213-ae81-094d39e30418,e19a3058e4b8513e_dcdd1dfa-c12f-4d57-be18-c89c3bf41489,0375,1286.262,1503.381
37925524-6cbe-4213-ae81-094d39e30418,e19a3058e4b8513e_dcdd1dfa-c12f-4d57-be18-c89c3bf41489,0380,1286.893,1494.481
37925524-6cbe-4213-ae81-094d39e30418,e19a3058e4b8513e_dcdd1dfa-c12f-4d57-be18-c89c3bf41489,0385,1289.979,1509.785
37925524-6cbe-4213-ae81-094d39e30418,e19a3058e4b8513e_dcdd1dfa-c12f-4d57-be18-c89c3bf41489,0390,1290.542,1508.494
37925524-6cbe-4213-ae81-094d39e30418,e19a3058e4b8513e_dcdd1dfa-c12f-4d57-be18-c89c3bf41489,0395,1286.264,1504.958
37925524-6cbe-4213-ae81-094d39e30418,e19a3058e4b8513e_dcdd1dfa-c12f-4d57-be18-c89c3bf41489,0400,1285.99,1493.762
37925524-6cbe-4213-ae81-094d39e30418,e19a3058e4b8513e_dcdd1dfa-c12f-4d57-be18-c89c3bf41489,0405,1285.411,1493.841
37925524-6cbe-4213-ae81-094d39e30418,e19a3058e4b8513e_dcdd1dfa-c12f-4d57-be18-c89c3bf41489,0410,1286.059,1494.504
37925524-6cbe-4213-ae81-094d39e30418,e19a3058e4b8513e_dcdd1dfa-c12f-4d57-be18-c89c3bf41489,0415,1285.69,1499.693
37925524-6cbe-4213-ae81-094d39e30418,e19a3058e4b8513e_dcdd1dfa-c12f-4d57-be18-c89c3bf41489,0420,1285.94,1496.478
37925524-6cbe-4213-ae81-094d39e30418,e19a3058e4b8513e_dcdd1dfa-c12f-4d57-be18-c89c3bf41489,0425,1285.381,1493.014
37925524-6cbe-4213-ae81-094d39e30418,e19a3058e4b8513e_dcdd1dfa-c12f-4d57-be18-c89c3bf41489,0430,1286.434,1501.935
37925524-6cbe-4213-ae81-094d39e30418,e19a3058e4b8513e_dcdd1dfa-c12f-4d57-be18-c89c3bf41489,0435,1286.037,1500.446
37925524-6cbe-4213-ae81-094d39e30418,e19a3058e4b8513e_dcdd1dfa-c12f-4d57-be18-c89c3bf41489,0440,1285.542,1495.211
37925524-6cbe-4213-ae81-094d39e30418,e19a3058e4b8513e_dcdd1dfa-c12f-4d57-be18-c89c3bf41489,0445,1285.897,1501.426
37925524-6cbe-4213-ae81-094d39e30418,e19a3058e4b8513e_dcdd1dfa-c12f-4d57-be18-c89c3bf41489,0450,1285.866,1495.723
37925524-6cbe-4213-ae81-094d39e30418,e19a3058e4b8513e_dcdd1dfa-c12f-4d57-be18-c89c3bf41489,0455,1286.049,1500.854
37925524-6cbe-4213-ae81-094d39e30418,e19a3058e4b8513e_dcdd1dfa-c12f-4d57-be18-c89c3bf41489,0460,1285.786,1502.961
37925524-6cbe-4213-ae81-094d39e30418,e19a3058e4b8513e_dcdd1dfa-c12f-4d57-be18-c89c3bf41489,0465,1285.558,1497.427
37925524-6cbe-4213-ae81-094d39e30418,e19a3058e4b8513e_dcdd1dfa-c12f-4d57-be18-c89c3bf41489,0470,1285.401,1498.479
37925524-6cbe-4213-ae81-094d39e30418,e19a3058e4b8513e_dcdd1dfa-c12f-4d57-be18-c89c3bf41489,0475,1285.593,1495.094
37925524-6cbe-4213-ae81-094d39e30418,e19a3058e4b8513e_dcdd1dfa-c12f-4d57-be18-c89c3bf41489,0480,1285.199,1498.498
37925524-6cbe-4213-ae81-094d39e30418,e19a3058e4b8513e_dcdd1dfa-c12f-4d57-be18-c89c3bf41489,0485,1290.11,1500.08
37925524-6cbe-4213-ae81-094d39e30418,e19a3058e4b8513e_dcdd1dfa-c12f-4d57-be18-c89c3bf41489,0490,1286.142,1503.836
37925524-6cbe-4213-ae81-094d39e30418,e19a3058e4b8513e_dcdd1dfa-c12f-4d57-be18-c89c3bf41489,0495,1285.579,1495.571
37925524-6cbe-4213-ae81-094d39e30418,e19a3058e4b8513e_dcdd1dfa-c12f-4d57-be18-c89c3bf41489,0500,1290.238,1502.173
37925524-6cbe-4213-ae81-094d39e30418,e19a3058e4b8513e_dcdd1dfa-c12f-4d57-be18-c89c3bf41489,0505,1285.387,1494.545
37925524-6cbe-4213-ae81-094d39e30418,e19a3058e4b8513e_dcdd1dfa-c12f-4d57-be18-c89c3bf41489,0510,1285.274,1495.89
37925524-6cbe-4213-ae81-094d39e30418,e19a3058e4b8513e_dcdd1dfa-c12f-4d57-be18-c89c3bf41489,0515,1285.873,1491.335
37925524-6cbe-4213-ae81-094d39e30418,e19a3058e4b8513e_dcdd1dfa-c12f-4d57-be18-c89c3bf41489,0520,1285.718,1491.223
37925524-6cbe-4213-ae81-094d39e30418,e19a3058e4b8513e_dcdd1dfa-c12f-4d57-be18-c89c3bf41489,0525,1285.388,1492.649
37925524-6cbe-4213-ae81-094d39e30418,e19a3058e4b8513e_dcdd1dfa-c12f-4d57-be18-c89c3bf41489,0530,1286.109,1497.297
37925524-6cbe-4213-ae81-094d39e30418,e19a3058e4b8513e_dcdd1dfa-c12f-4d57-be18-c89c3bf41489,0535,1290.629,1506.843
37925524-6cbe-4213-ae81-094d39e30418,e19a3058e4b8513e_dcdd1dfa-c12f-4d57-be18-c89c3bf41489,0540,1289.379,1504.211
37925524-6cbe-4213-ae81-094d39e30418,e19a3058e4b8513e_dcdd1dfa-c12f-4d57-be18-c89c3bf41489,0545,1290.084,1507.739
37925524-6cbe-4213-ae81-094d39e30418,e19a3058e4b8513e_dcdd1dfa-c12f-4d57-be18-c89c3bf41489,0550,1290.465,1507.705
37925524-6cbe-4213-ae81-094d39e30418,e19a3058e4b8513e_dcdd1dfa-c12f-4d57-be18-c89c3bf41489,0555,1290.044,1505.941
37925524-6cbe-4213-ae81-094d39e30418,e19a3058e4b8513e_dcdd1dfa-c12f-4d57-be18-c89c3bf41489,0560,1291.053,1499.807
37925524-6cbe-4213-ae81-094d39e30418,e19a3058e4b8513e_dcdd1dfa-c12f-4d57-be18-c89c3bf41489,0565,1290.884,1508.124
37925524-6cbe-4213-ae81-094d39e30418,e19a3058e4b8513e_dcdd1dfa-c12f-4d57-be18-c89c3bf41489,0570,1290.264,1509.29
37925524-6cbe-4213-ae81-094d39e30418,e19a3058e4b8513e_dcdd1dfa-c12f-4d57-be18-c89c3bf41489,0575,1290.246,1509.57
37925524-6cbe-4213-ae81-094d39e30418,e19a3058e4b8513e_dcdd1dfa-c12f-4d57-be18-c89c3bf41489,0580,1290.713,1510.835
37925524-6cbe-4213-ae81-094d39e30418,e19a3058e4b8513e_dcdd1dfa-c12f-4d57-be18-c89c3bf41489,0585,1290.549,1509.119
37925524-6cbe-4213-ae81-094d39e30418,e19a3058e4b8513e_dcdd1dfa-c12f-4d57-be18-c89c3bf41489,0590,1286.341,1505.254
37925524-6cbe-4213-ae81-094d39e30418,e19a3058e4b8513e_dcdd1dfa-c12f-4d57-be18-c89c3bf41489,0595,1285.788,1498.962
37925524-6cbe-4213-ae81-094d39e30418,e19a3058e4b8513e_dcdd1dfa-c12f-4d57-be18-c89c3bf41489,0600,1285.004,1496.116
37925524-6cbe-4213-ae81-094d39e30418,e19a3058e4b8513e_dcdd1dfa-c12f-4d57-be18-c89c3bf41489,0605,1285.131,1494.146
37925524-6cbe-4213-ae81-094d39e30418,e19a3058e4b8513e_dcdd1dfa-c12f-4d57-be18-c89c3bf41489,0610,1285.323,1494.866
37925524-6cbe-4213-ae81-094d39e30418,e19a3058e4b8513e_dcdd1dfa-c12f-4d57-be18-c89c3bf41489,0615,1285.673,1500.661
34b69873-36a3-4de7-8923-591eafe4553a,dcd44647e6aa9f59_20df37e1-10a6-4a61-b226-6a1dbd3b58c2,0005,1285.194,1519.678
34b69873-36a3-4de7-8923-591eafe4553a,dcd44647e6aa9f59_20df37e1-10a6-4a61-b226-6a1dbd3b58c2,0010,1286.016,1507.251
34b69873-36a3-4de7-8923-591eafe4553a,dcd44647e6aa9f59_20df37e1-10a6-4a61-b226-6a1dbd3b58c2,0015,1285.608,1499.176
34b69873-36a3-4de7-8923-591eafe4553a,dcd44647e6aa9f59_20df37e1-10a6-4a61-b226-6a1dbd3b58c2,0020,1289.312,1505.806
34b69873-36a3-4de7-8923-591eafe4553a,dcd44647e6aa9f59_20df37e1-10a6-4a61-b226-6a1dbd3b58c2,0025,1285.192,1491.219
34b69873-36a3-4de7-8923-591eafe4553a,dcd44647e6aa9f59_20df37e1-10a6-4a61-b226-6a1dbd3b58c2,0030,1285.58,1489.601
34b69873-36a3-4de7-8923-591eafe4553a,dcd44647e6aa9f59_20df37e1-10a6-4a61-b226-6a1dbd3b58c2,0035,1285.36,1499.119
34b69873-36a3-4de7-8923-591eafe4553a,dcd44647e6aa9f59_20df37e1-10a6-4a61-b226-6a1dbd3b58c2,0040,1285.771,1501.013
34b69873-36a3-4de7-8923-591eafe4553a,dcd44647e6aa9f59_20df37e1-10a6-4a61-b226-6a1dbd3b58c2,0045,1285.212,1502.11
34b69873-36a3-4de7-8923-591eafe4553a,dcd44647e6aa9f59_20df37e1-10a6-4a61-b226-6a1dbd3b58c2,0050,1285.141,1500.397
34b69873-36a3-4de7-8923-591eafe4553a,dcd44647e6aa9f59_20df37e1-10a6-4a61-b226-6a1dbd3b58c2,0055,1285.18,1501.38
34b69873-36a3-4de7-8923-591eafe4553a,dcd44647e6aa9f59_20df37e1-10a6-4a61-b226-6a1dbd3b58c2,0060,1285.238,1496.772
34b69873-36a3-4de7-8923-591eafe4553a,dcd44647e6aa9f59_20df37e1-10a6-4a61-b226-6a1dbd3b58c2,0065,1286.062,1504.17
34b69873-36a3-4de7-8923-591eafe4553a,dcd44647e6aa9f59_20df37e1-10a6-4a61-b226-6a1dbd3b58c2,0070,1285.176,1503.305
34b69873-36a3-4de7-8923-591eafe4553a,dcd44647e6aa9f59_20df37e1-10a6-4a61-b226-6a1dbd3b58c2,0075,1285.354,1509.204
34b69873-36a3-4de7-8923-591eafe4553a,dcd44647e6aa9f59_20df37e1-10a6-4a61-b226-6a1dbd3b58c2,0080,1284.759,1504.789
34b69873-36a3-4de7-8923-591eafe4553a,dcd44647e6aa9f59_20df37e1-10a6-4a61-b226-6a1dbd3b58c2,0085,1285.478,1499.185
34b69873-36a3-4de7-8923-591eafe4553a,dcd44647e6aa9f59_20df37e1-10a6-4a61-b226-6a1dbd3b58c2,0090,1284.539,1504.255
34b69873-36a3-4de7-8923-591eafe4553a,dcd44647e6aa9f59_20df37e1-10a6-4a61-b226-6a1dbd3b58c2,0095,1289.257,1509.708
34b69873-36a3-4de7-8923-591eafe4553a,dcd44647e6aa9f59_20df37e1-10a6-4a61-b226-6a1dbd3b58c2,0100,1289.593,1493.304
34b69873-36a3-4de7-8923-591eafe4553a,dcd44647e6aa9f59_20df37e1-10a6-4a61-b226-6a1dbd3b58c2,0105,1289.222,1494.379
34b69873-36a3-4de7-8923-591eafe4553a,dcd44647e6aa9f59_20df37e1-10a6-4a61-b226-6a1dbd3b58c2,0110,1290.023,1495.619
34b69873-36a3-4de7-8923-591eafe4553a,dcd44647e6aa9f59_20df37e1-10a6-4a61-b226-6a1dbd3b58c2,0115,1290.271,1495.396
34b69873-36a3-4de7-8923-591eafe4553a,dcd44647e6aa9f59_20df37e1-10a6-4a61-b226-6a1dbd3b58c2,0120,1285.698,1491.196
34b69873-36a3-4de7-8923-591eafe4553a,dcd44647e6aa9f59_20df37e1-10a6-4a61-b226-6a1dbd3b58c2,0125,1285.837,1505.413
34b69873-36a3-4de7-8923-591eafe4553a,dcd44647e6aa9f59_20df37e1-10a6-4a61-b226-6a1dbd3b58c2,0130,1285.309,1507.683
34b69873-36a3-4de7-8923-591eafe4553a,dcd44647e6aa9f59_20df37e1-10a6-4a61-b226-6a1dbd3b58c2,0135,1285.473,1506.871
34b69873-36a3-4de7-8923-591eafe4553a,dcd44647e6aa9f59_20df37e1-10a6-4a61-b226-6a1dbd3b58c2,0140,1285.652,1509.277
34b69873-36a3-4de7-8923-591eafe4553a,dcd44647e6aa9f59_20df37e1-10a6-4a61-b226-6a1dbd3b58c2,0145,1285.371,1499.106
34b69873-36a3-4de7-8923-591eafe4553a,dcd44647e6aa9f59_20df37e1-10a6-4a61-b226-6a1dbd3b58c2,0150,1285.088,1506.875
34b69873-36a3-4de7-8923-591eafe4553a,dcd44647e6aa9f59_20df37e1-10a6-4a61-b226-6a1dbd3b58c2,0155,1285.412,1503.091
34b69873-36a3-4de7-8923-591eafe4553a,dcd44647e6aa9f59_20df37e1-10a6-4a61-b226-6a1dbd3b58c2,0160,1285.475,1503.668
34b69873-36a3-4de7-8923-591eafe4553a,dcd44647e6aa9f59_20df37e1-10a6-4a61-b226-6a1dbd3b58c2,0165,1284.806,1501.1
34b69873-36a3-4de7-8923-591eafe4553a,dcd44647e6aa9f59_20df37e1-10a6-4a61-b226-6a1dbd3b58c2,0170,1285.383,1504.013
34b69873-36a3-4de7-8923-591eafe4553a,dcd44647e6aa9f59_20df37e1-10a6-4a61-b226-6a1dbd3b58c2,0175,1284.948,1501.619
34b69873-36a3-4de7-8923-591eafe4553a,dcd44647e6aa9f59_20df37e1-10a6-4a61-b226-6a1dbd3b58c2,0180,1285.103,1502.301
34b69873-36a3-4de7-8923-591eafe4553a,dcd44647e6aa9f59_20df37e1-10a6-4a61-b226-6a1dbd3b58c2,0185,1288.795,1500.587
34b69873-36a3-4de7-8923-591eafe4553a,dcd44647e6aa9f59_20df37e1-10a6-4a61-b226-6a1dbd3b58c2,0190,1289.798,1508.566
34b69873-36a3-4de7-8923-591eafe4553a,dcd44647e6aa9f59_20df37e1-10a6-4a61-b226-6a1dbd3b58c2,0195,1285.55,1500.257
34b69873-36a3-4de7-8923-591eafe4553a,dcd44647e6aa9f59_20df37e1-10a6-4a61-b226-6a1dbd3b58c2,0200,1289.681,1503.102
34b69873-36a3-4de7-8923-591eafe4553a,dcd44647e6aa9f59_20df37e1-10a6-4a61-b226-6a1dbd3b58c2,0205,1289.876,1511.363
34b69873-36a3-4de7-8923-591eafe4553a,dcd44647e6aa9f59_20df37e1-10a6-4a61-b226-6a1dbd3b58c2,0210,1290.394,1510.886
34b69873-36a3-4de7-8923-591eafe4553a,dcd44647e6aa9f59_20df37e1-10a6-4a61-b226-6a1dbd3b58c2,0215,1287.976,1498.573
34b69873-36a3-4de7-8923-591eafe4553a,dcd44647e6aa9f59_20df37e1-10a6-4a61-b226-6a1dbd3b58c2,0220,1285.44,1499.441
34b69873-36a3-4de7-8923-591eafe4553a,dcd44647e6aa9f59_20df37e1-10a6-4a61-b226-6a1dbd3b58c2,0225,1285.256,1498.93
34b69873-36a3-4de7-8923-591eafe4553a,dcd44647e6aa9f59_20df37e1-10a6-4a61-b226-6a1dbd3b58c2,0230,1290.136,1509.028
34b69873-36a3-4de7-8923-591eafe4553a,dcd44647e6aa9f59_20df37e1-10a6-4a61-b226-6a1dbd3b58c2,0235,1285.706,1494.114
34b69873-36a3-4de7-8923-591eafe4553a,dcd44647e6aa9f59_20df37e1-10a6-4a61-b226-6a1dbd3b58c2,0240,1285.556,1504.541
34b69873-36a3-4de7-8923-591eafe4553a,dcd44647e6aa9f59_20df37e1-10a6-4a61-b226-6a1dbd3b58c2,0245,1286.094,1506.481
34b69873-36a3-4de7-8923-591eafe4553a,dcd44647e6aa9f59_20df37e1-10a6-4a61-b226-6a1dbd3b58c2,0250,1290.297,1512.525
34b69873-36a3-4de7-8923-591eafe4553a,dcd44647e6aa9f59_20df37e1-10a6-4a61-b226-6a1dbd3b58c2,0255,1290.607,1493.617
34b69873-36a3-4de7-8923-591eafe4553a,dcd44647e6aa9f59_20df37e1-10a6-4a61-b226-6a1dbd3b58c2,0260,1290.484,1494.308
34b69873-36a3-4de7-8923-591eafe4553a,dcd44647e6aa9f59_20df37e1-10a6-4a61-b226-6a1dbd3b58c2,0265,1290.485,1492.199
34b69873-36a3-4de7-8923-591eafe4553a,dcd44647e6aa9f59_20df37e1-10a6-4a61-b226-6a1dbd3b58c2,0270,1290.408,1488.507
34b69873-36a3-4de7-8923-591eafe4553a,dcd44647e6aa9f59_20df37e1-10a6-4a61-b226-6a1dbd3b58c2,0275,1290.551,1490.144
34b69873-36a3-4de7-8923-591eafe4553a,dcd44647e6aa9f59_20df37e1-10a6-4a61-b226-6a1dbd3b58c2,0280,1289.684,1491.746
34b69873-36a3-4de7-8923-591eafe4553a,dcd44647e6aa9f59_20df37e1-10a6-4a61-b226-6a1dbd3b58c2,0285,1289.581,1490.602
34b69873-36a3-4de7-8923-591eafe4553a,dcd44647e6aa9f59_20df37e1-10a6-4a61-b226-6a1dbd3b58c2,0290,1290.201,1490.193
34b69873-36a3-4de7-8923-591eafe4553a,dcd44647e6aa9f59_20df37e1-10a6-4a61-b226-6a1dbd3b58c2,0295,1289.893,1498.554
34b69873-36a3-4de7-8923-591eafe4553a,dcd44647e6aa9f59_20df37e1-10a6-4a61-b226-6a1dbd3b58c2,0300,1289.84,1493.099
34b69873-36a3-4de7-8923-591eafe4553a,dcd44647e6aa9f59_20df37e1-10a6-4a61-b226-6a1dbd3b58c2,0305,1289.9,1491.518
34b69873-36a3-4de7-8923-591eafe4553a,dcd44647e6aa9f59_20df37e1-10a6-4a61-b226-6a1dbd3b58c2,0310,1290.118,1488.808
34b69873-36a3-4de7-8923-591eafe4553a,dcd44647e6aa9f59_20df37e1-10a6-4a61-b226-6a1dbd3b58c2,0315,1290.286,1490.997
34b69873-36a3-4de7-8923-591eafe4553a,dcd44647e6aa9f59_20df37e1-10a6-4a61-b226-6a1dbd3b58c2,0320,1290.114,1498.732
34b69873-36a3-4de7-8923-591eafe4553a,dcd44647e6aa9f59_20df37e1-10a6-4a61-b226-6a1dbd3b58c2,0325,1290.653,1490.349
34b69873-36a3-4de7-8923-591eafe4553a,dcd44647e6aa9f59_20df37e1-10a6-4a61-b226-6a1dbd3b58c2,0330,1290.016,1490.835
34b69873-36a3-4de7-8923-591eafe4553a,dcd44647e6aa9f59_20df37e1-10a6-4a61-b226-6a1dbd3b58c2,0335,1290.055,1489.677
34b69873-36a3-4de7-8923-591eafe4553a,dcd44647e6aa9f59_20df37e1-10a6-4a61-b226-6a1dbd3b58c2,0340,1290.699,1488.886
34b69873-36a3-4de7-8923-591eafe4553a,dcd44647e6aa9f59_20df37e1-10a6-4a61-b226-6a1dbd3b58c2,0345,1290.374,1491.146
34b69873-36a3-4de7-8923-591eafe4553a,dcd44647e6aa9f59_20df37e1-10a6-4a61-b226-6a1dbd3b58c2,0350,1289.82,1488.555
34b69873-36a3-4de7-8923-591eafe4553a,dcd44647e6aa9f59_20df37e1-10a6-4a61-b226-6a1dbd3b58c2,0355,1290.423,1506.309
34b69873-36a3-4de7-8923-591eafe4553a,dcd44647e6aa9f59_20df37e1-10a6-4a61-b226-6a1dbd3b58c2,0360,1290.146,1504.697
34b69873-36a3-4de7-8923-591eafe4553a,dcd44647e6aa9f59_20df37e1-10a6-4a61-b226-6a1dbd3b58c2,0365,1290.633,1506.158
34b69873-36a3-4de7-8923-591eafe4553a,dcd44647e6aa9f59_20df37e1-10a6-4a61-b226-6a1dbd3b58c2,0370,1290.072,1505.957
34b69873-36a3-4de7-8923-591eafe4553a,dcd44647e6aa9f59_20df37e1-10a6-4a61-b226-6a1dbd3b58c2,0375,1289.757,1502.817
34b69873-36a3-4de7-8923-591eafe4553a,dcd44647e6aa9f59_20df37e1-10a6-4a61-b226-6a1dbd3b58c2,0380,1289.559,1503.803
34b69873-36a3-4de7-8923-591eafe4553a,dcd44647e6aa9f59_20df37e1-10a6-4a61-b226-6a1dbd3b58c2,0385,1289.079,1503.389
34b69873-36a3-4de7-8923-591eafe4553a,dcd44647e6aa9f59_20df37e1-10a6-4a61-b226-6a1dbd3b58c2,0390,1286.005,1493.763
34b69873-36a3-4de7-8923-591eafe4553a,dcd44647e6aa9f59_20df37e1-10a6-4a61-b226-6a1dbd3b58c2,0395,1285.522,1494.208
34b69873-36a3-4de7-8923-591eafe4553a,dcd44647e6aa9f59_20df37e1-10a6-4a61-b226-6a1dbd3b58c2,0400,1286.057,1494.837
34b69873-36a3-4de7-8923-591eafe4553a,dcd44647e6aa9f59_20df37e1-10a6-4a61-b226-6a1dbd3b58c2,0405,1284.983,1500.052
34b69873-36a3-4de7-8923-591eafe4553a,dcd44647e6aa9f59_20df37e1-10a6-4a61-b226-6a1dbd3b58c2,0410,1285.482,1498.495
34b69873-36a3-4de7-8923-591eafe4553a,dcd44647e6aa9f59_20df37e1-10a6-4a61-b226-6a1dbd3b58c2,0415,1289.592,1504.273
34b69873-36a3-4de7-8923-591eafe4553a,dcd44647e6aa9f59_20df37e1-10a6-4a61-b226-6a1dbd3b58c2,0420,1284.646,1497.541
34b69873-36a3-4de7-8923-591eafe4553a,dcd44647e6aa9f59_20df37e1-10a6-4a61-b226-6a1dbd3b58c2,0425,1284.577,1492.778
34b69873-36a3-4de7-8923-591eafe4553a,dcd44647e6aa9f59_20df37e1-10a6-4a61-b226-6a1dbd3b58c2,0430,1285.803,1493.482
34b69873-36a3-4de7-8923-591eafe4553a,dcd44647e6aa9f59_20df37e1-10a6-4a61-b226-6a1dbd3b58c2,0435,1289.372,1503.77
34b69873-36a3-4de7-8923-591eafe4553a,dcd44647e6aa9f59_20df37e1-10a6-4a61-b226-6a1dbd3b58c2,0440,1285.377,1497.457
34b69873-36a3-4de7-8923-591eafe4553a,dcd44647e6aa9f59_20df37e1-10a6-4a61-b226-6a1dbd3b58c2,0445,1285.383,1497.9
34b69873-36a3-4de7-8923-591eafe4553a,dcd44647e6aa9f59_20df37e1-10a6-4a61-b226-6a1dbd3b58c2,0450,1285.502,1497.678
34b69873-36a3-4de7-8923-591eafe4553a,dcd44647e6aa9f59_20df37e1-10a6-4a61-b226-6a1dbd3b58c2,0455,1285.553,1501.291
34b69873-36a3-4de7-8923-591eafe4553a,dcd44647e6aa9f59_20df37e1-10a6-4a61-b226-6a1dbd3b58c2,0460,1286.125,1502.79
34b69873-36a3-4de7-8923-591eafe4553a,dcd44647e6aa9f59_20df37e1-10a6-4a61-b226-6a1dbd3b58c2,0465,1285.338,1498.267
34b69873-36a3-4de7-8923-591eafe4553a,dcd44647e6aa9f59_20df37e1-10a6-4a61-b226-6a1dbd3b58c2,0470,1290.281,1505.201
34b69873-36a3-4de7-8923-591eafe4553a,dcd44647e6aa9f59_20df37e1-10a6-4a61-b226-6a1dbd3b58c2,0475,1285.364,1499.955
34b69873-36a3-4de7-8923-591eafe4553a,dcd44647e6aa9f59_20df37e1-10a6-4a61-b226-6a1dbd3b58c2,0480,1285.184,1495.187
34b69873-36a3-4de7-8923-591eafe4553a,dcd44647e6aa9f59_20df37e1-10a6-4a61-b226-6a1dbd3b58c2,0485,1285.209,1493.789
34b69873-36a3-4de7-8923-591eafe4553a,dcd44647e6aa9f59_20df37e1-10a6-4a61-b226-6a1dbd3b58c2,0490,1290.167,1506.929
34b69873-36a3-4de7-8923-591eafe4553a,dcd44647e6aa9f59_20df37e1-10a6-4a61-b226-6a1dbd3b58c2,0495,1285.48,1496.38
34b69873-36a3-4de7-8923-591eafe4553a,dcd44647e6aa9f59_20df37e1-10a6-4a61-b226-6a1dbd3b58c2,0500,1285.312,1493.344
34b69873-36a3-4de7-8923-591eafe4553a,dcd44647e6aa9f59_20df37e1-10a6-4a61-b226-6a1dbd3b58c2,0505,1285.245,1495.216
34b69873-36a3-4de7-8923-591eafe4553a,dcd44647e6aa9f59_20df37e1-10a6-4a61-b226-6a1dbd3b58c2,0510,1285.562,1493.074
34b69873-36a3-4de7-8923-591eafe4553a,dcd44647e6aa9f59_20df37e1-10a6-4a61-b226-6a1dbd3b58c2,0515,1285.801,1494.045
34b69873-36a3-4de7-8923-591eafe4553a,dcd44647e6aa9f59_20df37e1-10a6-4a61-b226-6a1dbd3b58c2,0520,1285.524,1501.08
34b69873-36a3-4de7-8923-591eafe4553a,dcd44647e6aa9f59_20df37e1-10a6-4a61-b226-6a1dbd3b58c2,0525,1285.613,1492.858
34b69873-36a3-4de7-8923-591eafe4553a,dcd44647e6aa9f59_20df37e1-10a6-4a61-b226-6a1dbd3b58c2,0530,1285.49,1498.693
34b69873-36a3-4de7-8923-591eafe4553a,dcd44647e6aa9f59_20df37e1-10a6-4a61-b226-6a1dbd3b58c2,0535,1285.856,1503.152
34b69873-36a3-4de7-8923-591eafe4553a,dcd44647e6aa9f59_20df37e1-10a6-4a61-b226-6a1dbd3b58c2,0540,1285.093,1496.899
34b69873-36a3-4de7-8923-591eafe4553a,dcd44647e6aa9f59_20df37e1-10a6-4a61-b226-6a1dbd3b58c2,0545,1285.454,1502.974
34b69873-36a3-4de7-8923-591eafe4553a,dcd44647e6aa9f59_20df37e1-10a6-4a61-b226-6a1dbd3b58c2,0550,1285.794,1495.865
34b69873-36a3-4de7-8923-591eafe4553a,dcd44647e6aa9f59_20df37e1-10a6-4a61-b226-6a1dbd3b58c2,0555,1285.289,1501.626
34b69873-36a3-4de7-8923-591eafe4553a,dcd44647e6aa9f59_20df37e1-10a6-4a61-b226-6a1dbd3b58c2,0560,1285.179,1499.645
34b69873-36a3-4de7-8923-591eafe4553a,dcd44647e6aa9f59_20df37e1-10a6-4a61-b226-6a1dbd3b58c2,0565,1285.509,1501.091
34b69873-36a3-4de7-8923-591eafe4553a,dcd44647e6aa9f59_20df37e1-10a6-4a61-b226-6a1dbd3b58c2,0570,1285.499,1495.083
34b69873-36a3-4de7-8923-591eafe4553a,dcd44647e6aa9f59_20df37e1-10a6-4a61-b226-6a1dbd3b58c2,0575,1285.44,1501.623
34b69873-36a3-4de7-8923-591eafe4553a,dcd44647e6aa9f59_20df37e1-10a6-4a61-b226-6a1dbd3b58c2,0580,1285.508,1502.844
34b69873-36a3-4de7-8923-591eafe4553a,dcd44647e6aa9f59_20df37e1-10a6-4a61-b226-6a1dbd3b58c2,0585,1285.11,1498.787
34b69873-36a3-4de7-8923-591eafe4553a,dcd44647e6aa9f59_20df37e1-10a6-4a61-b226-6a1dbd3b58c2,0590,1285.375,1498.492
34b69873-36a3-4de7-8923-591eafe4553a,dcd44647e6aa9f59_20df37e1-10a6-4a61-b226-6a1dbd3b58c2,0595,1285.616,1494.215
34b69873-36a3-4de7-8923-591eafe4553a,dcd44647e6aa9f59_20df37e1-10a6-4a61-b226-6a1dbd3b58c2,0600,1286.048,1500.459
34b69873-36a3-4de7-8923-591eafe4553a,dcd44647e6aa9f59_20df37e1-10a6-4a61-b226-6a1dbd3b58c2,0605,1285.379,1492.81
34b69873-36a3-4de7-8923-591eafe4553a,dcd44647e6aa9f59_20df37e1-10a6-4a61-b226-6a1dbd3b58c2,0610,1285.392,1493.922
34b69873-36a3-4de7-8923-591eafe4553a,dcd44647e6aa9f59_20df37e1-10a6-4a61-b226-6a1dbd3b58c2,0615,1285.705,1503.793
34b69873-36a3-4de7-8923-591eafe4553a,dcd44647e6aa9f59_20df37e1-10a6-4a61-b226-6a1dbd3b58c2,0620,1285.394,1493.88
34b69873-36a3-4de7-8923-591eafe4553a,dcd44647e6aa9f59_20df37e1-10a6-4a61-b226-6a1dbd3b58c2,0625,1290.446,1506.849
34b69873-36a3-4de7-8923-591eafe4553a,dcd44647e6aa9f59_20df37e1-10a6-4a61-b226-6a1dbd3b58c2,0630,1288.965,1502.688
34b69873-36a3-4de7-8923-591eafe4553a,dcd44647e6aa9f59_20df37e1-10a6-4a61-b226-6a1dbd3b58c2,0635,1285.801,1496.078
34b69873-36a3-4de7-8923-591eafe4553a,dcd44647e6aa9f59_20df37e1-10a6-4a61-b226-6a1dbd3b58c2,0640,1285.438,1502.324
34b69873-36a3-4de7-8923-591eafe4553a,dcd44647e6aa9f59_20df37e1-10a6-4a61-b226-6a1dbd3b58c2,0645,1285.872,1500.67
34b69873-36a3-4de7-8923-591eafe4553a,dcd44647e6aa9f59_20df37e1-10a6-4a61-b226-6a1dbd3b58c2,0650,1286.031,1502.597
34b69873-36a3-4de7-8923-591eafe4553a,dcd44647e6aa9f59_20df37e1-10a6-4a61-b226-6a1dbd3b58c2,0655,1285.419,1496.881
34b69873-36a3-4de7-8923-591eafe4553a,dcd44647e6aa9f59_20df37e1-10a6-4a61-b226-6a1dbd3b58c2,0660,1285.267,1494.723
34b69873-36a3-4de7-8923-591eafe4553a,dcd44647e6aa9f59_20df37e1-10a6-4a61-b226-6a1dbd3b58c2,0665,1285.391,1494.073
34b69873-36a3-4de7-8923-591eafe4553a,dcd44647e6aa9f59_20df37e1-10a6-4a61-b226-6a1dbd3b58c2,0670,1285.684,1499.871
34b69873-36a3-4de7-8923-591eafe4553a,dcd44647e6aa9f59_20df37e1-10a6-4a61-b226-6a1dbd3b58c2,0675,1286.052,1494.603
34b69873-36a3-4de7-8923-591eafe4553a,dcd44647e6aa9f59_20df37e1-10a6-4a61-b226-6a1dbd3b58c2,0680,1285.44,1493.275
3daa2868-5469-4f1d-a268-45c14f8bbd38,dbb59f2e3439c4eb_9b199d1d-f6e8-4caa-a872-4ad5a40e2b19,0005,1285.563,1518.803
3daa2868-5469-4f1d-a268-45c14f8bbd38,dbb59f2e3439c4eb_9b199d1d-f6e8-4caa-a872-4ad5a40e2b19,0010,1284.897,1500.372
3daa2868-5469-4f1d-a268-45c14f8bbd38,dbb59f2e3439c4eb_9b199d1d-f6e8-4caa-a872-4ad5a40e2b19,0015,1285.65,1495.979
3daa2868-5469-4f1d-a268-45c14f8bbd38,dbb59f2e3439c4eb_9b199d1d-f6e8-4caa-a872-4ad5a40e2b19,0020,1285.843,1505.093
3daa2868-5469-4f1d-a268-45c14f8bbd38,dbb59f2e3439c4eb_9b199d1d-f6e8-4caa-a872-4ad5a40e2b19,0025,1285.703,1495.449
3daa2868-5469-4f1d-a268-45c14f8bbd38,dbb59f2e3439c4eb_9b199d1d-f6e8-4caa-a872-4ad5a40e2b19,0030,1285.406,1500.57
3daa2868-5469-4f1d-a268-45c14f8bbd38,dbb59f2e3439c4eb_9b199d1d-f6e8-4caa-a872-4ad5a40e2b19,0035,1285.853,1503.035
3daa2868-5469-4f1d-a268-45c14f8bbd38,dbb59f2e3439c4eb_9b199d1d-f6e8-4caa-a872-4ad5a40e2b19,0040,1285.676,1499.573
3daa2868-5469-4f1d-a268-45c14f8bbd38,dbb59f2e3439c4eb_9b199d1d-f6e8-4caa-a872-4ad5a40e2b19,0045,1285.399,1500.941
3daa2868-5469-4f1d-a268-45c14f8bbd38,dbb59f2e3439c4eb_9b199d1d-f6e8-4caa-a872-4ad5a40e2b19,0050,1286.013,1495.88
3daa2868-5469-4f1d-a268-45c14f8bbd38,dbb59f2e3439c4eb_9b199d1d-f6e8-4caa-a872-4ad5a40e2b19,0055,1289.81,1500.35
3daa2868-5469-4f1d-a268-45c14f8bbd38,dbb59f2e3439c4eb_9b199d1d-f6e8-4caa-a872-4ad5a40e2b19,0060,1285.72,1487.244
3daa2868-5469-4f1d-a268-45c14f8bbd38,dbb59f2e3439c4eb_9b199d1d-f6e8-4caa-a872-4ad5a40e2b19,0065,1285.606,1499.129
3daa2868-5469-4f1d-a268-45c14f8bbd38,dbb59f2e3439c4eb_9b199d1d-f6e8-4caa-a872-4ad5a40e2b19,0070,1289.521,1503.991
3daa2868-5469-4f1d-a268-45c14f8bbd38,dbb59f2e3439c4eb_9b199d1d-f6e8-4caa-a872-4ad5a40e2b19,0075,1285.134,1490.357
3daa2868-5469-4f1d-a268-45c14f8bbd38,dbb59f2e3439c4eb_9b199d1d-f6e8-4caa-a872-4ad5a40e2b19,0080,1285.286,1500.78
3daa2868-5469-4f1d-a268-45c14f8bbd38,dbb59f2e3439c4eb_9b199d1d-f6e8-4caa-a872-4ad5a40e2b19,0085,1285.698,1495.493
3daa2868-5469-4f1d-a268-45c14f8bbd38,dbb59f2e3439c4eb_9b199d1d-f6e8-4caa-a872-4ad5a40e2b19,0090,1285.966,1500.144
3daa2868-5469-4f1d-a268-45c14f8bbd38,dbb59f2e3439c4eb_9b199d1d-f6e8-4caa-a872-4ad5a40e2b19,0095,1285.714,1502.364
3daa2868-5469-4f1d-a268-45c14f8bbd38,dbb59f2e3439c4eb_9b199d1d-f6e8-4caa-a872-4ad5a40e2b19,0100,1285.248,1500.438
3daa2868-5469-4f1d-a268-45c14f8bbd38,dbb59f2e3439c4eb_9b199d1d-f6e8-4caa-a872-4ad5a40e2b19,0105,1285.486,1494.871
3daa2868-5469-4f1d-a268-45c14f8bbd38,dbb59f2e3439c4eb_9b199d1d-f6e8-4caa-a872-4ad5a40e2b19,0110,1285.935,1501.565
3daa2868-5469-4f1d-a268-45c14f8bbd38,dbb59f2e3439c4eb_9b199d1d-f6e8-4caa-a872-4ad5a40e2b19,0115,1286.227,1496.436
3daa2868-5469-4f1d-a268-45c14f8bbd38,dbb59f2e3439c4eb_9b199d1d-f6e8-4caa-a872-4ad5a40e2b19,0120,1285.649,1496.305
3daa2868-5469-4f1d-a268-45c14f8bbd38,dbb59f2e3439c4eb_9b199d1d-f6e8-4caa-a872-4ad5a40e2b19,0125,1285.481,1495.887
3daa2868-5469-4f1d-a268-45c14f8bbd38,dbb59f2e3439c4eb_9b199d1d-f6e8-4caa-a872-4ad5a40e2b19,0130,1285.762,1500.019
3daa2868-5469-4f1d-a268-45c14f8bbd38,dbb59f2e3439c4eb_9b199d1d-f6e8-4caa-a872-4ad5a40e2b19,0135,1286.076,1502.254
3daa2868-5469-4f1d-a268-45c14f8bbd38,dbb59f2e3439c4eb_9b199d1d-f6e8-4caa-a872-4ad5a40e2b19,0140,1285.958,1495.182
3daa2868-5469-4f1d-a268-45c14f8bbd38,dbb59f2e3439c4eb_9b199d1d-f6e8-4caa-a872-4ad5a40e2b19,0145,1285.862,1502.423
3daa2868-5469-4f1d-a268-45c14f8bbd38,dbb59f2e3439c4eb_9b199d1d-f6e8-4caa-a872-4ad5a40e2b19,0150,1285.873,1500.251
3daa2868-5469-4f1d-a268-45c14f8bbd38,dbb59f2e3439c4eb_9b199d1d-f6e8-4caa-a872-4ad5a40e2b19,0155,1286.383,1500.804
3daa2868-5469-4f1d-a268-45c14f8bbd38,dbb59f2e3439c4eb_9b199d1d-f6e8-4caa-a872-4ad5a40e2b19,0160,1286.871,1504.771
3daa2868-5469-4f1d-a268-45c14f8bbd38,dbb59f2e3439c4eb_9b199d1d-f6e8-4caa-a872-4ad5a40e2b19,0165,1285.718,1502.158
3daa2868-5469-4f1d-a268-45c14f8bbd38,dbb59f2e3439c4eb_9b199d1d-f6e8-4caa-a872-4ad5a40e2b19,0170,1285.833,1495.823
3daa2868-5469-4f1d-a268-45c14f8bbd38,dbb59f2e3439c4eb_9b199d1d-f6e8-4caa-a872-4ad5a40e2b19,0175,1285.591,1498.299
3daa2868-5469-4f1d-a268-45c14f8bbd38,dbb59f2e3439c4eb_9b199d1d-f6e8-4caa-a872-4ad5a40e2b19,0180,1285.621,1495.121
3daa2868-5469-4f1d-a268-45c14f8bbd38,dbb59f2e3439c4eb_9b199d1d-f6e8-4caa-a872-4ad5a40e2b19,0185,1285.987,1496.547
3daa2868-5469-4f1d-a268-45c14f8bbd38,dbb59f2e3439c4eb_9b199d1d-f6e8-4caa-a872-4ad5a40e2b19,0190,1285.895,1499.642
3daa2868-5469-4f1d-a268-45c14f8bbd38,dbb59f2e3439c4eb_9b199d1d-f6e8-4caa-a872-4ad5a40e2b19,0195,1286.056,1498.053
3daa2868-5469-4f1d-a268-45c14f8bbd38,dbb59f2e3439c4eb_9b199d1d-f6e8-4caa-a872-4ad5a40e2b19,0200,1285.879,1501.356
3daa2868-5469-4f1d-a268-45c14f8bbd38,dbb59f2e3439c4eb_9b199d1d-f6e8-4caa-a872-4ad5a40e2b19,0205,1289.286,1522.251
3daa2868-5469-4f1d-a268-45c14f8bbd38,dbb59f2e3439c4eb_9b199d1d-f6e8-4caa-a872-4ad5a40e2b19,0210,1285.63,1491.37
3daa2868-5469-4f1d-a268-45c14f8bbd38,dbb59f2e3439c4eb_9b199d1d-f6e8-4caa-a872-4ad5a40e2b19,0215,1285.778,1495.303
3daa2868-5469-4f1d-a268-45c14f8bbd38,dbb59f2e3439c4eb_9b199d1d-f6e8-4caa-a872-4ad5a40e2b19,0220,1286.274,1495.808
3daa2868-5469-4f1d-a268-45c14f8bbd38,dbb59f2e3439c4eb_9b199d1d-f6e8-4caa-a872-4ad5a40e2b19,0225,1285.493,1497.113
3daa2868-5469-4f1d-a268-45c14f8bbd38,dbb59f2e3439c4eb_9b199d1d-f6e8-4caa-a872-4ad5a40e2b19,0230,1285.681,1502.149
3daa2868-5469-4f1d-a268-45c14f8bbd38,dbb59f2e3439c4eb_9b199d1d-f6e8-4caa-a872-4ad5a40e2b19,0235,1285.602,1501.906
3daa2868-5469-4f1d-a268-45c14f8bbd38,dbb59f2e3439c4eb_9b199d1d-f6e8-4caa-a872-4ad5a40e2b19,0240,1285.798,1502.988
3daa2868-5469-4f1d-a268-45c14f8bbd38,dbb59f2e3439c4eb_9b199d1d-f6e8-4caa-a872-4ad5a40e2b19,0245,1290.333,1493.097
3daa2868-5469-4f1d-a268-45c14f8bbd38,dbb59f2e3439c4eb_9b199d1d-f6e8-4caa-a872-4ad5a40e2b19,0250,1290.696,1512.275
3daa2868-5469-4f1d-a268-45c14f8bbd38,dbb59f2e3439c4eb_9b199d1d-f6e8-4caa-a872-4ad5a40e2b19,0255,1290.02,1511.034
3daa2868-5469-4f1d-a268-45c14f8bbd38,dbb59f2e3439c4eb_9b199d1d-f6e8-4caa-a872-4ad5a40e2b19,0260,1290.397,1505.78
3daa2868-5469-4f1d-a268-45c14f8bbd38,dbb59f2e3439c4eb_9b199d1d-f6e8-4caa-a872-4ad5a40e2b19,0265,1290.662,1507.724
3daa2868-5469-4f1d-a268-45c14f8bbd38,dbb59f2e3439c4eb_9b199d1d-f6e8-4caa-a872-4ad5a40e2b19,0270,1290.325,1509.994
3daa2868-5469-4f1d-a268-45c14f8bbd38,dbb59f2e3439c4eb_9b199d1d-f6e8-4caa-a872-4ad5a40e2b19,0275,1286.537,1504.819
3daa2868-5469-4f1d-a268-45c14f8bbd38,dbb59f2e3439c4eb_9b199d1d-f6e8-4caa-a872-4ad5a40e2b19,0280,1285.377,1502.033
3daa2868-5469-4f1d-a268-45c14f8bbd38,dbb59f2e3439c4eb_9b199d1d-f6e8-4caa-a872-4ad5a40e2b19,0285,1290.684,1509.035
3daa2868-5469-4f1d-a268-45c14f8bbd38,dbb59f2e3439c4eb_9b199d1d-f6e8-4caa-a872-4ad5a40e2b19,0290,1290.359,1507.675
3daa2868-5469-4f1d-a268-45c14f8bbd38,dbb59f2e3439c4eb_9b199d1d-f6e8-4caa-a872-4ad5a40e2b19,0295,1290.186,1509.012
3daa2868-5469-4f1d-a268-45c14f8bbd38,dbb59f2e3439c4eb_9b199d1d-f6e8-4caa-a872-4ad5a40e2b19,0300,1289.756,1506.923
3daa2868-5469-4f1d-a268-45c14f8bbd38,dbb59f2e3439c4eb_9b199d1d-f6e8-4caa-a872-4ad5a40e2b19,0305,1290.693,1508.455
3daa2868-5469-4f1d-a268-45c14f8bbd38,dbb59f2e3439c4eb_9b199d1d-f6e8-4caa-a872-4ad5a40e2b19,0310,1289.663,1509.042
3daa2868-5469-4f1d-a268-45c14f8bbd38,dbb59f2e3439c4eb_9b199d1d-f6e8-4caa-a872-4ad5a40e2b19,0315,1290.035,1508.584
3daa2868-5469-4f1d-a268-45c14f8bbd38,dbb59f2e3439c4eb_9b199d1d-f6e8-4caa-a872-4ad5a40e2b19,0320,1290.789,1506.474
3daa2868-5469-4f1d-a268-45c14f8bbd38,dbb59f2e3439c4eb_9b199d1d-f6e8-4caa-a872-4ad5a40e2b19,0325,1290.242,1509.518
3daa2868-5469-4f1d-a268-45c14f8bbd38,dbb59f2e3439c4eb_9b199d1d-f6e8-4caa-a872-4ad5a40e2b19,0330,1290.966,1512.095
3daa2868-5469-4f1d-a268-45c14f8bbd38,dbb59f2e3439c4eb_9b199d1d-f6e8-4caa-a872-4ad5a40e2b19,0335,1286.248,1506.12
3daa2868-5469-4f1d-a268-45c14f8bbd38,dbb59f2e3439c4eb_9b199d1d-f6e8-4caa-a872-4ad5a40e2b19,0340,1285.354,1498.274
3daa2868-5469-4f1d-a268-45c14f8bbd38,dbb59f2e3439c4eb_9b199d1d-f6e8-4caa-a872-4ad5a40e2b19,0345,1286.683,1502.489
3daa2868-5469-4f1d-a268-45c14f8bbd38,dbb59f2e3439c4eb_9b199d1d-f6e8-4caa-a872-4ad5a40e2b19,0350,1286.644,1497.287
3daa2868-5469-4f1d-a268-45c14f8bbd38,dbb59f2e3439c4eb_9b199d1d-f6e8-4caa-a872-4ad5a40e2b19,0355,1285.109,1503.434
3daa2868-5469-4f1d-a268-45c14f8bbd38,dbb59f2e3439c4eb_9b199d1d-f6e8-4caa-a872-4ad5a40e2b19,0360,1285.832,1496.768
3daa2868-5469-4f1d-a268-45c14f8bbd38,dbb59f2e3439c4eb_9b199d1d-f6e8-4caa-a872-4ad5a40e2b19,0365,1285.845,1502.607
3daa2868-5469-4f1d-a268-45c14f8bbd38,dbb59f2e3439c4eb_9b199d1d-f6e8-4caa-a872-4ad5a40e2b19,0370,1285.805,1501.389
3daa2868-5469-4f1d-a268-45c14f8bbd38,dbb59f2e3439c4eb_9b199d1d-f6e8-4caa-a872-4ad5a40e2b19,0375,1286.152,1504.833
3daa2868-5469-4f1d-a268-45c14f8bbd38,dbb59f2e3439c4eb_9b199d1d-f6e8-4caa-a872-4ad5a40e2b19,0380,1289.821,1508.051
3daa2868-5469-4f1d-a268-45c14f8bbd38,dbb59f2e3439c4eb_9b199d1d-f6e8-4caa-a872-4ad5a40e2b19,0385,1286.069,1498.875
3daa2868-5469-4f1d-a268-45c14f8bbd38,dbb59f2e3439c4eb_9b199d1d-f6e8-4caa-a872-4ad5a40e2b19,0390,1289.627,1500.469
3daa2868-5469-4f1d-a268-45c14f8bbd38,dbb59f2e3439c4eb_9b199d1d-f6e8-4caa-a872-4ad5a40e2b19,0395,1286.289,1493.281
3daa2868-5469-4f1d-a268-45c14f8bbd38,dbb59f2e3439c4eb_9b199d1d-f6e8-4caa-a872-4ad5a40e2b19,0400,1289.862,1509.324
3daa2868-5469-4f1d-a268-45c14f8bbd38,dbb59f2e3439c4eb_9b199d1d-f6e8-4caa-a872-4ad5a40e2b19,0405,1289.222,1492.584
3daa2868-5469-4f1d-a268-45c14f8bbd38,dbb59f2e3439c4eb_9b199d1d-f6e8-4caa-a872-4ad5a40e2b19,0410,1285.713,1491.78
3daa2868-5469-4f1d-a268-45c14f8bbd38,dbb59f2e3439c4eb_9b199d1d-f6e8-4caa-a872-4ad5a40e2b19,0415,1286.097,1504.783
3daa2868-5469-4f1d-a268-45c14f8bbd38,dbb59f2e3439c4eb_9b199d1d-f6e8-4caa-a872-4ad5a40e2b19,0420,1285.138,1497.183
3daa2868-5469-4f1d-a268-45c14f8bbd38,dbb59f2e3439c4eb_9b199d1d-f6e8-4caa-a872-4ad5a40e2b19,0425,1285.459,1503.1
3daa2868-5469-4f1d-a268-45c14f8bbd38,dbb59f2e3439c4eb_9b199d1d-f6e8-4caa-a872-4ad5a40e2b19,0430,1285.701,1502.713
3daa2868-5469-4f1d-a268-45c14f8bbd38,dbb59f2e3439c4eb_9b199d1d-f6e8-4caa-a872-4ad5a40e2b19,0435,1286.279,1505.533
3daa2868-5469-4f1d-a268-45c14f8bbd38,dbb59f2e3439c4eb_9b199d1d-f6e8-4caa-a872-4ad5a40e2b19,0440,1285.456,1513.006
3daa2868-5469-4f1d-a268-45c14f8bbd38,dbb59f2e3439c4eb_9b199d1d-f6e8-4caa-a872-4ad5a40e2b19,0445,1289.092,1502.311
3daa2868-5469-4f1d-a268-45c14f8bbd38,dbb59f2e3439c4eb_9b199d1d-f6e8-4caa-a872-4ad5a40e2b19,0450,1285.53,1499.275
3daa2868-5469-4f1d-a268-45c14f8bbd38,dbb59f2e3439c4eb_9b199d1d-f6e8-4caa-a872-4ad5a40e2b19,0455,1289.817,1500.597
3daa2868-5469-4f1d-a268-45c14f8bbd38,dbb59f2e3439c4eb_9b199d1d-f6e8-4caa-a872-4ad5a40e2b19,0460,1289.973,1510.679
3daa2868-5469-4f1d-a268-45c14f8bbd38,dbb59f2e3439c4eb_9b199d1d-f6e8-4caa-a872-4ad5a40e2b19,0465,1290.528,1511.79
3daa2868-5469-4f1d-a268-45c14f8bbd38,dbb59f2e3439c4eb_9b199d1d-f6e8-4caa-a872-4ad5a40e2b19,0470,1290.399,1509.006
3daa2868-5469-4f1d-a268-45c14f8bbd38,dbb59f2e3439c4eb_9b199d1d-f6e8-4caa-a872-4ad5a40e2b19,0475,1289.838,1512.057
3daa2868-5469-4f1d-a268-45c14f8bbd38,dbb59f2e3439c4eb_9b199d1d-f6e8-4caa-a872-4ad5a40e2b19,0480,1287.338,1501.13
3daa2868-5469-4f1d-a268-45c14f8bbd38,dbb59f2e3439c4eb_9b199d1d-f6e8-4caa-a872-4ad5a40e2b19,0485,1285.565,1505.272
3daa2868-5469-4f1d-a268-45c14f8bbd38,dbb59f2e3439c4eb_9b199d1d-f6e8-4caa-a872-4ad5a40e2b19,0490,1290.32,1509.916
3daa2868-5469-4f1d-a268-45c14f8bbd38,dbb59f2e3439c4eb_9b199d1d-f6e8-4caa-a872-4ad5a40e2b19,0495,1285.414,1501.465
3daa2868-5469-4f1d-a268-45c14f8bbd38,dbb59f2e3439c4eb_9b199d1d-f6e8-4caa-a872-4ad5a40e2b19,0500,1285.537,1502.159
064fa016-653d-4057-811f-f4b9ccd269df,ca141b97d55814cf_b912ada0-1f85-4bf8-8fe4-983897406a88,0005,1285.317,1520.597
064fa016-653d-4057-811f-f4b9ccd269df,ca141b97d55814cf_b912ada0-1f85-4bf8-8fe4-983897406a88,0010,1285.31,1505.652
064fa016-653d-4057-811f-f4b9ccd269df,ca141b97d55814cf_b912ada0-1f85-4bf8-8fe4-983897406a88,0015,1285.454,1493.905
064fa016-653d-4057-811f-f4b9ccd269df,ca141b97d55814cf_b912ada0-1f85-4bf8-8fe4-983897406a88,0020,1286.139,1494.288
064fa016-653d-4057-811f-f4b9ccd269df,ca141b97d55814cf_b912ada0-1f85-4bf8-8fe4-983897406a88,0025,1288.561,1495.836
064fa016-653d-4057-811f-f4b9ccd269df,ca141b97d55814cf_b912ada0-1f85-4bf8-8fe4-983897406a88,0030,1289.626,1496.067
064fa016-653d-4057-811f-f4b9ccd269df,ca141b97d55814cf_b912ada0-1f85-4bf8-8fe4-983897406a88,0035,1285.706,1489.624
064fa016-653d-4057-811f-f4b9ccd269df,ca141b97d55814cf_b912ada0-1f85-4bf8-8fe4-983897406a88,0040,1285.333,1499.818
064fa016-653d-4057-811f-f4b9ccd269df,ca141b97d55814cf_b912ada0-1f85-4bf8-8fe4-983897406a88,0045,1285.679,1493.967
064fa016-653d-4057-811f-f4b9ccd269df,ca141b97d55814cf_b912ada0-1f85-4bf8-8fe4-983897406a88,0050,1285.576,1494.248
064fa016-653d-4057-811f-f4b9ccd269df,ca141b97d55814cf_b912ada0-1f85-4bf8-8fe4-983897406a88,0055,1289.988,1503.311
064fa016-653d-4057-811f-f4b9ccd269df,ca141b97d55814cf_b912ada0-1f85-4bf8-8fe4-983897406a88,0060,1289.511,1501.309
064fa016-653d-4057-811f-f4b9ccd269df,ca141b97d55814cf_b912ada0-1f85-4bf8-8fe4-983897406a88,0065,1289.503,1506.634
064fa016-653d-4057-811f-f4b9ccd269df,ca141b97d55814cf_b912ada0-1f85-4bf8-8fe4-983897406a88,0070,1289.611,1506.71
064fa016-653d-4057-811f-f4b9ccd269df,ca141b97d55814cf_b912ada0-1f85-4bf8-8fe4-983897406a88,0075,1289.652,1503.506
064fa016-653d-4057-811f-f4b9ccd269df,ca141b97d55814cf_b912ada0-1f85-4bf8-8fe4-983897406a88,0080,1290.32,1504.643
064fa016-653d-4057-811f-f4b9ccd269df,ca141b97d55814cf_b912ada0-1f85-4bf8-8fe4-983897406a88,0085,1290.259,1503.968
064fa016-653d-4057-811f-f4b9ccd269df,ca141b97d55814cf_b912ada0-1f85-4bf8-8fe4-983897406a88,0090,1290.027,1502.062
064fa016-653d-4057-811f-f4b9ccd269df,ca141b97d55814cf_b912ada0-1f85-4bf8-8fe4-983897406a88,0095,1291.33,1507.482
064fa016-653d-4057-811f-f4b9ccd269df,ca141b97d55814cf_b912ada0-1f85-4bf8-8fe4-983897406a88,0100,1290.799,1502.956
064fa016-653d-4057-811f-f4b9ccd269df,ca141b97d55814cf_b912ada0-1f85-4bf8-8fe4-983897406a88,0105,1290.345,1506.343
064fa016-653d-4057-811f-f4b9ccd269df,ca141b97d55814cf_b912ada0-1f85-4bf8-8fe4-983897406a88,0110,1289.857,1503.725
064fa016-653d-4057-811f-f4b9ccd269df,ca141b97d55814cf_b912ada0-1f85-4bf8-8fe4-983897406a88,0115,1290.155,1503.725
064fa016-653d-4057-811f-f4b9ccd269df,ca141b97d55814cf_b912ada0-1f85-4bf8-8fe4-983897406a88,0120,1290.846,1504.931
064fa016-653d-4057-811f-f4b9ccd269df,ca141b97d55814cf_b912ada0-1f85-4bf8-8fe4-983897406a88,0125,1290.588,1504.208
064fa016-653d-4057-811f-f4b9ccd269df,ca141b97d55814cf_b912ada0-1f85-4bf8-8fe4-983897406a88,0130,1289.865,1504.123
064fa016-653d-4057-811f-f4b9ccd269df,ca141b97d55814cf_b912ada0-1f85-4bf8-8fe4-983897406a88,0135,1290.312,1508.099
064fa016-653d-4057-811f-f4b9ccd269df,ca141b97d55814cf_b912ada0-1f85-4bf8-8fe4-983897406a88,0140,1290.383,1503.931
064fa016-653d-4057-811f-f4b9ccd269df,ca141b97d55814cf_b912ada0-1f85-4bf8-8fe4-983897406a88,0145,1290.456,1509.259
064fa016-653d-4057-811f-f4b9ccd269df,ca141b97d55814cf_b912ada0-1f85-4bf8-8fe4-983897406a88,0150,1290.703,1503.43
064fa016-653d-4057-811f-f4b9ccd269df,ca141b97d55814cf_b912ada0-1f85-4bf8-8fe4-983897406a88,0155,1290.709,1508.681
064fa016-653d-4057-811f-f4b9ccd269df,ca141b97d55814cf_b912ada0-1f85-4bf8-8fe4-983897406a88,0160,1289.751,1507.013
064fa016-653d-4057-811f-f4b9ccd269df,ca141b97d55814cf_b912ada0-1f85-4bf8-8fe4-983897406a88,0165,1290.644,1504.959
064fa016-653d-4057-811f-f4b9ccd269df,ca141b97d55814cf_b912ada0-1f85-4bf8-8fe4-983897406a88,0170,1290.184,1504.885
064fa016-653d-4057-811f-f4b9ccd269df,ca141b97d55814cf_b912ada0-1f85-4bf8-8fe4-983897406a88,0175,1290.232,1508.619
064fa016-653d-4057-811f-f4b9ccd269df,ca141b97d55814cf_b912ada0-1f85-4bf8-8fe4-983897406a88,0180,1290.438,1504.575
064fa016-653d-4057-811f-f4b9ccd269df,ca141b97d55814cf_b912ada0-1f85-4bf8-8fe4-983897406a88,0185,1285.769,1499.918
064fa016-653d-4057-811f-f4b9ccd269df,ca141b97d55814cf_b912ada0-1f85-4bf8-8fe4-983897406a88,0190,1285.967,1499.989
064fa016-653d-4057-811f-f4b9ccd269df,ca141b97d55814cf_b912ada0-1f85-4bf8-8fe4-983897406a88,0195,1285.476,1499.558
064fa016-653d-4057-811f-f4b9ccd269df,ca141b97d55814cf_b912ada0-1f85-4bf8-8fe4-983897406a88,0200,1285.271,1502.374
064fa016-653d-4057-811f-f4b9ccd269df,ca141b97d55814cf_b912ada0-1f85-4bf8-8fe4-983897406a88,0205,1285.467,1491.874
064fa016-653d-4057-811f-f4b9ccd269df,ca141b97d55814cf_b912ada0-1f85-4bf8-8fe4-983897406a88,0210,1285.42,1493.344
064fa016-653d-4057-811f-f4b9ccd269df,ca141b97d55814cf_b912ada0-1f85-4bf8-8fe4-983897406a88,0215,1286.675,1492.097
064fa016-653d-4057-811f-f4b9ccd269df,ca141b97d55814cf_b912ada0-1f85-4bf8-8fe4-983897406a88,0220,1285.656,1496.195
064fa016-653d-4057-811f-f4b9ccd269df,ca141b97d55814cf_b912ada0-1f85-4bf8-8fe4-983897406a88,0225,1290.17,1506.243
064fa016-653d-4057-811f-f4b9ccd269df,ca141b97d55814cf_b912ada0-1f85-4bf8-8fe4-983897406a88,0230,1284.985,1498.889
064fa016-653d-4057-811f-f4b9ccd269df,ca141b97d55814cf_b912ada0-1f85-4bf8-8fe4-983897406a88,0235,1289.233,1514.936
064fa016-653d-4057-811f-f4b9ccd269df,ca141b97d55814cf_b912ada0-1f85-4bf8-8fe4-983897406a88,0240,1290.227,1504.438
064fa016-653d-4057-811f-f4b9ccd269df,ca141b97d55814cf_b912ada0-1f85-4bf8-8fe4-983897406a88,0245,1290.029,1506.886
064fa016-653d-4057-811f-f4b9ccd269df,ca141b97d55814cf_b912ada0-1f85-4bf8-8fe4-983897406a88,0250,1289.59,1506.95
064fa016-653d-4057-811f-f4b9ccd269df,ca141b97d55814cf_b912ada0-1f85-4bf8-8fe4-983897406a88,0255,1289.735,1504.491
064fa016-653d-4057-811f-f4b9ccd269df,ca141b97d55814cf_b912ada0-1f85-4bf8-8fe4-983897406a88,0260,1289.693,1507.776
064fa016-653d-4057-811f-f4b9ccd269df,ca141b97d55814cf_b912ada0-1f85-4bf8-8fe4-983897406a88,0265,1285.91,1500.388
064fa016-653d-4057-811f-f4b9ccd269df,ca141b97d55814cf_b912ada0-1f85-4bf8-8fe4-983897406a88,0270,1290.388,1503.382
064fa016-653d-4057-811f-f4b9ccd269df,ca141b97d55814cf_b912ada0-1f85-4bf8-8fe4-983897406a88,0275,1285.655,1487.872
064fa016-653d-4057-811f-f4b9ccd269df,ca141b97d55814cf_b912ada0-1f85-4bf8-8fe4-983897406a88,0280,1286.083,1500.351
064fa016-653d-4057-811f-f4b9ccd269df,ca141b97d55814cf_b912ada0-1f85-4bf8-8fe4-983897406a88,0285,1288.984,1506.666
064fa016-653d-4057-811f-f4b9ccd269df,ca141b97d55814cf_b912ada0-1f85-4bf8-8fe4-983897406a88,0290,1285.185,1498.192
064fa016-653d-4057-811f-f4b9ccd269df,ca141b97d55814cf_b912ada0-1f85-4bf8-8fe4-983897406a88,0295,1285.078,1495.384
064fa016-653d-4057-811f-f4b9ccd269df,ca141b97d55814cf_b912ada0-1f85-4bf8-8fe4-983897406a88,0300,1285.724,1485.083
064fa016-653d-4057-811f-f4b9ccd269df,ca141b97d55814cf_b912ada0-1f85-4bf8-8fe4-983897406a88,0305,1284.821,1492.867
064fa016-653d-4057-811f-f4b9ccd269df,ca141b97d55814cf_b912ada0-1f85-4bf8-8fe4-983897406a88,0310,1287.983,1497.166
064fa016-653d-4057-811f-f4b9ccd269df,ca141b97d55814cf_b912ada0-1f85-4bf8-8fe4-983897406a88,0315,1285.319,1500.235
064fa016-653d-4057-811f-f4b9ccd269df,ca141b97d55814cf_b912ada0-1f85-4bf8-8fe4-983897406a88,0320,1285.051,1492.345
064fa016-653d-4057-811f-f4b9ccd269df,ca141b97d55814cf_b912ada0-1f85-4bf8-8fe4-983897406a88,0325,1285.716,1493.788
064fa016-653d-4057-811f-f4b9ccd269df,ca141b97d55814cf_b912ada0-1f85-4bf8-8fe4-983897406a88,0330,1285.516,1499.764
064fa016-653d-4057-811f-f4b9ccd269df,ca141b97d55814cf_b912ada0-1f85-4bf8-8fe4-983897406a88,0335,1289.23,1504.691
064fa016-653d-4057-811f-f4b9ccd269df,ca141b97d55814cf_b912ada0-1f85-4bf8-8fe4-983897406a88,0340,1285.715,1499.943
064fa016-653d-4057-811f-f4b9ccd269df,ca141b97d55814cf_b912ada0-1f85-4bf8-8fe4-983897406a88,0345,1285.784,1503.102
064fa016-653d-4057-811f-f4b9ccd269df,ca141b97d55814cf_b912ada0-1f85-4bf8-8fe4-983897406a88,0350,1285.755,1494.429
064fa016-653d-4057-811f-f4b9ccd269df,ca141b97d55814cf_b912ada0-1f85-4bf8-8fe4-983897406a88,0355,1288.185,1503.389
064fa016-653d-4057-811f-f4b9ccd269df,ca141b97d55814cf_b912ada0-1f85-4bf8-8fe4-983897406a88,0360,1289.027,1502.235
064fa016-653d-4057-811f-f4b9ccd269df,ca141b97d55814cf_b912ada0-1f85-4bf8-8fe4-983897406a88,0365,1285.361,1492.482
064fa016-653d-4057-811f-f4b9ccd269df,ca141b97d55814cf_b912ada0-1f85-4bf8-8fe4-983897406a88,0370,1289.826,1504.255
064fa016-653d-4057-811f-f4b9ccd269df,ca141b97d55814cf_b912ada0-1f85-4bf8-8fe4-983897406a88,0375,1285.826,1502.542
064fa016-653d-4057-811f-f4b9ccd269df,ca141b97d55814cf_b912ada0-1f85-4bf8-8fe4-983897406a88,0380,1289.788,1507.262
064fa016-653d-4057-811f-f4b9ccd269df,ca141b97d55814cf_b912ada0-1f85-4bf8-8fe4-983897406a88,0385,1286.296,1500.187
064fa016-653d-4057-811f-f4b9ccd269df,ca141b97d55814cf_b912ada0-1f85-4bf8-8fe4-983897406a88,0390,1285.304,1502.394
064fa016-653d-4057-811f-f4b9ccd269df,ca141b97d55814cf_b912ada0-1f85-4bf8-8fe4-983897406a88,0395,1285.021,1493.224
064fa016-653d-4057-811f-f4b9ccd269df,ca141b97d55814cf_b912ada0-1f85-4bf8-8fe4-983897406a88,0400,1285.105,1494.447
064fa016-653d-4057-811f-f4b9ccd269df,ca141b97d55814cf_b912ada0-1f85-4bf8-8fe4-983897406a88,0405,1285.467,1496.064
064fa016-653d-4057-811f-f4b9ccd269df,ca141b97d55814cf_b912ada0-1f85-4bf8-8fe4-983897406a88,0410,1285.181,1494.5
064fa016-653d-4057-811f-f4b9ccd269df,ca141b97d55814cf_b912ada0-1f85-4bf8-8fe4-983897406a88,0415,1285.381,1494.272
064fa016-653d-4057-811f-f4b9ccd269df,ca141b97d55814cf_b912ada0-1f85-4bf8-8fe4-983897406a88,0420,1285.798,1497.06
064fa016-653d-4057-811f-f4b9ccd269df,ca141b97d55814cf_b912ada0-1f85-4bf8-8fe4-983897406a88,0425,1285.56,1492.957
064fa016-653d-4057-811f-f4b9ccd269df,ca141b97d55814cf_b912ada0-1f85-4bf8-8fe4-983897406a88,0430,1284.835,1496.35
064fa016-653d-4057-811f-f4b9ccd269df,ca141b97d55814cf_b912ada0-1f85-4bf8-8fe4-983897406a88,0435,1285.64,1493.658
064fa016-653d-4057-811f-f4b9ccd269df,ca141b97d55814cf_b912ada0-1f85-4bf8-8fe4-983897406a88,0440,1284.938,1500.421
064fa016-653d-4057-811f-f4b9ccd269df,ca141b97d55814cf_b912ada0-1f85-4bf8-8fe4-983897406a88,0445,1284.909,1493.651
064fa016-653d-4057-811f-f4b9ccd269df,ca141b97d55814cf_b912ada0-1f85-4bf8-8fe4-983897406a88,0450,1285.974,1493.856
064fa016-653d-4057-811f-f4b9ccd269df,ca141b97d55814cf_b912ada0-1f85-4bf8-8fe4-983897406a88,0455,1285.716,1494.867
064fa016-653d-4057-811f-f4b9ccd269df,ca141b97d55814cf_b912ada0-1f85-4bf8-8fe4-983897406a88,0460,1287.172,1500.324
064fa016-653d-4057-811f-f4b9ccd269df,ca141b97d55814cf_b912ada0-1f85-4bf8-8fe4-983897406a88,0465,1286.186,1498.293
064fa016-653d-4057-811f-f4b9ccd269df,ca141b97d55814cf_b912ada0-1f85-4bf8-8fe4-983897406a88,0470,1285.677,1494.008
064fa016-653d-4057-811f-f4b9ccd269df,ca141b97d55814cf_b912ada0-1f85-4bf8-8fe4-983897406a88,0475,1285.87,1499.392
064fa016-653d-4057-811f-f4b9ccd269df,ca141b97d55814cf_b912ada0-1f85-4bf8-8fe4-983897406a88,0480,1289.862,1497.974
064fa016-653d-4057-811f-f4b9ccd269df,ca141b97d55814cf_b912ada0-1f85-4bf8-8fe4-983897406a88,0485,1285.524,1496.556
064fa016-653d-4057-811f-f4b9ccd269df,ca141b97d55814cf_b912ada0-1f85-4bf8-8fe4-983897406a88,0490,1285.665,1492.91
064fa016-653d-4057-811f-f4b9ccd269df,ca141b97d55814cf_b912ada0-1f85-4bf8-8fe4-983897406a88,0495,1285.64,1498.968
064fa016-653d-4057-811f-f4b9ccd269df,ca141b97d55814cf_b912ada0-1f85-4bf8-8fe4-983897406a88,0500,1285.909,1496.595
064fa016-653d-4057-811f-f4b9ccd269df,ca141b97d55814cf_b912ada0-1f85-4bf8-8fe4-983897406a88,0505,1286.459,1494.526
064fa016-653d-4057-811f-f4b9ccd269df,ca141b97d55814cf_b912ada0-1f85-4bf8-8fe4-983897406a88,0510,1291.068,1506.038
064fa016-653d-4057-811f-f4b9ccd269df,ca141b97d55814cf_b912ada0-1f85-4bf8-8fe4-983897406a88,0515,1285.632,1496.561
064fa016-653d-4057-811f-f4b9ccd269df,ca141b97d55814cf_b912ada0-1f85-4bf8-8fe4-983897406a88,0520,1285.893,1492.981
064fa016-653d-4057-811f-f4b9ccd269df,ca141b97d55814cf_b912ada0-1f85-4bf8-8fe4-983897406a88,0525,1285.872,1498.887
064fa016-653d-4057-811f-f4b9ccd269df,ca141b97d55814cf_b912ada0-1f85-4bf8-8fe4-983897406a88,0530,1290.191,1503.221
064fa016-653d-4057-811f-f4b9ccd269df,ca141b97d55814cf_b912ada0-1f85-4bf8-8fe4-983897406a88,0535,1289.852,1504.974
064fa016-653d-4057-811f-f4b9ccd269df,ca141b97d55814cf_b912ada0-1f85-4bf8-8fe4-983897406a88,0540,1285.665,1492.223
064fa016-653d-4057-811f-f4b9ccd269df,ca141b97d55814cf_b912ada0-1f85-4bf8-8fe4-983897406a88,0545,1285.33,1499.671
064fa016-653d-4057-811f-f4b9ccd269df,ca141b97d55814cf_b912ada0-1f85-4bf8-8fe4-983897406a88,0550,1285.599,1497.645
064fa016-653d-4057-811f-f4b9ccd269df,ca141b97d55814cf_b912ada0-1f85-4bf8-8fe4-983897406a88,0555,1286.379,1499.946
064fa016-653d-4057-811f-f4b9ccd269df,ca141b97d55814cf_b912ada0-1f85-4bf8-8fe4-983897406a88,0560,1290.005,1505.953
064fa016-653d-4057-811f-f4b9ccd269df,ca141b97d55814cf_b912ada0-1f85-4bf8-8fe4-983897406a88,0565,1285.405,1503.271
064fa016-653d-4057-811f-f4b9ccd269df,ca141b97d55814cf_b912ada0-1f85-4bf8-8fe4-983897406a88,0570,1289.906,1521.003
c7e3ab4d-0839-451a-a9b2-d567567f9602,a60ce82d5287f8c1_6d5e8069-2930-4940-a85c-c21e127f32bc,0005,1290.594,1533.916
c7e3ab4d-0839-451a-a9b2-d567567f9602,a60ce82d5287f8c1_6d5e8069-2930-4940-a85c-c21e127f32bc,0010,1290.285,1511.94
c7e3ab4d-0839-451a-a9b2-d567567f9602,a60ce82d5287f8c1_6d5e8069-2930-4940-a85c-c21e127f32bc,0015,1290.421,1511.487
c7e3ab4d-0839-451a-a9b2-d567567f9602,a60ce82d5287f8c1_6d5e8069-2930-4940-a85c-c21e127f32bc,0020,1290.738,1508.891
c7e3ab4d-0839-451a-a9b2-d567567f9602,a60ce82d5287f8c1_6d5e8069-2930-4940-a85c-c21e127f32bc,0025,1290.731,1511.409
c7e3ab4d-0839-451a-a9b2-d567567f9602,a60ce82d5287f8c1_6d5e8069-2930-4940-a85c-c21e127f32bc,0030,1289.503,1509.583
c7e3ab4d-0839-451a-a9b2-d567567f9602,a60ce82d5287f8c1_6d5e8069-2930-4940-a85c-c21e127f32bc,0035,1285.575,1503.341
c7e3ab4d-0839-451a-a9b2-d567567f9602,a60ce82d5287f8c1_6d5e8069-2930-4940-a85c-c21e127f32bc,0040,1285.496,1495.673
c7e3ab4d-0839-451a-a9b2-d567567f9602,a60ce82d5287f8c1_6d5e8069-2930-4940-a85c-c21e127f32bc,0045,1286.259,1505.396
c7e3ab4d-0839-451a-a9b2-d567567f9602,a60ce82d5287f8c1_6d5e8069-2930-4940-a85c-c21e127f32bc,0050,1286.257,1499.765
c7e3ab4d-0839-451a-a9b2-d567567f9602,a60ce82d5287f8c1_6d5e8069-2930-4940-a85c-c21e127f32bc,0055,1285.184,1504.601
c7e3ab4d-0839-451a-a9b2-d567567f9602,a60ce82d5287f8c1_6d5e8069-2930-4940-a85c-c21e127f32bc,0060,1285.688,1496.694
c7e3ab4d-0839-451a-a9b2-d567567f9602,a60ce82d5287f8c1_6d5e8069-2930-4940-a85c-c21e127f32bc,0065,1285.515,1500.453
c7e3ab4d-0839-451a-a9b2-d567567f9602,a60ce82d5287f8c1_6d5e8069-2930-4940-a85c-c21e127f32bc,0070,1285.382,1502.181
c7e3ab4d-0839-451a-a9b2-d567567f9602,a60ce82d5287f8c1_6d5e8069-2930-4940-a85c-c21e127f32bc,0075,1285.769,1496.074
c7e3ab4d-0839-451a-a9b2-d567567f9602,a60ce82d5287f8c1_6d5e8069-2930-4940-a85c-c21e127f32bc,0080,1285.579,1500.896
c7e3ab4d-0839-451a-a9b2-d567567f9602,a60ce82d5287f8c1_6d5e8069-2930-4940-a85c-c21e127f32bc,0085,1285.974,1495.705
c7e3ab4d-0839-451a-a9b2-d567567f9602,a60ce82d5287f8c1_6d5e8069-2930-4940-a85c-c21e127f32bc,0090,1285.703,1501.654
c7e3ab4d-0839-451a-a9b2-d567567f9602,a60ce82d5287f8c1_6d5e8069-2930-4940-a85c-c21e127f32bc,0095,1285.913,1493.217
c7e3ab4d-0839-451a-a9b2-d567567f9602,a60ce82d5287f8c1_6d5e8069-2930-4940-a85c-c21e127f32bc,0100,1285.976,1505.354
c7e3ab4d-0839-451a-a9b2-d567567f9602,a60ce82d5287f8c1_6d5e8069-2930-4940-a85c-c21e127f32bc,0105,1285.164,1498.932
c7e3ab4d-0839-451a-a9b2-d567567f9602,a60ce82d5287f8c1_6d5e8069-2930-4940-a85c-c21e127f32bc,0110,1285.411,1499.652
c7e3ab4d-0839-451a-a9b2-d567567f9602,a60ce82d5287f8c1_6d5e8069-2930-4940-a85c-c21e127f32bc,0115,1286.135,1495.483
c7e3ab4d-0839-451a-a9b2-d567567f9602,a60ce82d5287f8c1_6d5e8069-2930-4940-a85c-c21e127f32bc,0120,1290.12,1507.809
c7e3ab4d-0839-451a-a9b2-d567567f9602,a60ce82d5287f8c1_6d5e8069-2930-4940-a85c-c21e127f32bc,0125,1289.414,1506.01
c7e3ab4d-0839-451a-a9b2-d567567f9602,a60ce82d5287f8c1_6d5e8069-2930-4940-a85c-c21e127f32bc,0130,1289.27,1505.572
c7e3ab4d-0839-451a-a9b2-d567567f9602,a60ce82d5287f8c1_6d5e8069-2930-4940-a85c-c21e127f32bc,0135,1289.219,1506.703
c7e3ab4d-0839-451a-a9b2-d567567f9602,a60ce82d5287f8c1_6d5e8069-2930-4940-a85c-c21e127f32bc,0140,1289.878,1491.353
c7e3ab4d-0839-451a-a9b2-d567567f9602,a60ce82d5287f8c1_6d5e8069-2930-4940-a85c-c21e127f32bc,0145,1290.418,1491.736
c7e3ab4d-0839-451a-a9b2-d567567f9602,a60ce82d5287f8c1_6d5e8069-2930-4940-a85c-c21e127f32bc,0150,1290.218,1491.315
c7e3ab4d-0839-451a-a9b2-d567567f9602,a60ce82d5287f8c1_6d5e8069-2930-4940-a85c-c21e127f32bc,0155,1286.772,1487.326
c7e3ab4d-0839-451a-a9b2-d567567f9602,a60ce82d5287f8c1_6d5e8069-2930-4940-a85c-c21e127f32bc,0160,1285.564,1501.701
c7e3ab4d-0839-451a-a9b2-d567567f9602,a60ce82d5287f8c1_6d5e8069-2930-4940-a85c-c21e127f32bc,0165,1285.689,1494.278
c7e3ab4d-0839-451a-a9b2-d567567f9602,a60ce82d5287f8c1_6d5e8069-2930-4940-a85c-c21e127f32bc,0170,1285.405,1502.915
c7e3ab4d-0839-451a-a9b2-d567567f9602,a60ce82d5287f8c1_6d5e8069-2930-4940-a85c-c21e127f32bc,0175,1285.239,1499.154
c7e3ab4d-0839-451a-a9b2-d567567f9602,a60ce82d5287f8c1_6d5e8069-2930-4940-a85c-c21e127f32bc,0180,1285.961,1493.794
c7e3ab4d-0839-451a-a9b2-d567567f9602,a60ce82d5287f8c1_6d5e8069-2930-4940-a85c-c21e127f32bc,0185,1285.301,1497.789
c7e3ab4d-0839-451a-a9b2-d567567f9602,a60ce82d5287f8c1_6d5e8069-2930-4940-a85c-c21e127f32bc,0190,1289.77,1504.142
c7e3ab4d-0839-451a-a9b2-d567567f9602,a60ce82d5287f8c1_6d5e8069-2930-4940-a85c-c21e127f32bc,0195,1285.561,1496.194
c7e3ab4d-0839-451a-a9b2-d567567f9602,a60ce82d5287f8c1_6d5e8069-2930-4940-a85c-c21e127f32bc,0200,1287.722,1497.131
c7e3ab4d-0839-451a-a9b2-d567567f9602,a60ce82d5287f8c1_6d5e8069-2930-4940-a85c-c21e127f32bc,0205,1285.766,1498.891
c7e3ab4d-0839-451a-a9b2-d567567f9602,a60ce82d5287f8c1_6d5e8069-2930-4940-a85c-c21e127f32bc,0210,1285.77,1496.121
c7e3ab4d-0839-451a-a9b2-d567567f9602,a60ce82d5287f8c1_6d5e8069-2930-4940-a85c-c21e127f32bc,0215,1285.184,1499.925
c7e3ab4d-0839-451a-a9b2-d567567f9602,a60ce82d5287f8c1_6d5e8069-2930-4940-a85c-c21e127f32bc,0220,1285.786,1502.168
c7e3ab4d-0839-451a-a9b2-d567567f9602,a60ce82d5287f8c1_6d5e8069-2930-4940-a85c-c21e127f32bc,0225,1285.579,1503.54
c7e3ab4d-0839-451a-a9b2-d567567f9602,a60ce82d5287f8c1_6d5e8069-2930-4940-a85c-c21e127f32bc,0230,1289.715,1506.017
c7e3ab4d-0839-451a-a9b2-d567567f9602,a60ce82d5287f8c1_6d5e8069-2930-4940-a85c-c21e127f32bc,0235,1285.598,1486.623
c7e3ab4d-0839-451a-a9b2-d567567f9602,a60ce82d5287f8c1_6d5e8069-2930-4940-a85c-c21e127f32bc,0240,1285.892,1502.096
c7e3ab4d-0839-451a-a9b2-d567567f9602,a60ce82d5287f8c1_6d5e8069-2930-4940-a85c-c21e127f32bc,0245,1290.473,1518.388
93eaec3f-a31e-4058-aac8-16699a8001d2,60980501b10504dc_89bb8c1a-31e8-4582-8c51-a5267356e2f2,0005,1290.95,1550.033
93eaec3f-a31e-4058-aac8-16699a8001d2,60980501b10504dc_89bb8c1a-31e8-4582-8c51-a5267356e2f2,0010,1290.464,1520.646
93eaec3f-a31e-4058-aac8-16699a8001d2,60980501b10504dc_89bb8c1a-31e8-4582-8c51-a5267356e2f2,0015,1290.257,1508.841
93eaec3f-a31e-4058-aac8-16699a8001d2,60980501b10504dc_89bb8c1a-31e8-4582-8c51-a5267356e2f2,0020,1290.36,1501.89
93eaec3f-a31e-4058-aac8-16699a8001d2,60980501b10504dc_89bb8c1a-31e8-4582-8c51-a5267356e2f2,0025,1290.551,1504.663
93eaec3f-a31e-4058-aac8-16699a8001d2,60980501b10504dc_89bb8c1a-31e8-4582-8c51-a5267356e2f2,0030,1290.29,1505.334
93eaec3f-a31e-4058-aac8-16699a8001d2,60980501b10504dc_89bb8c1a-31e8-4582-8c51-a5267356e2f2,0035,1289.807,1507.55
93eaec3f-a31e-4058-aac8-16699a8001d2,60980501b10504dc_89bb8c1a-31e8-4582-8c51-a5267356e2f2,0040,1290.564,1505.735
93eaec3f-a31e-4058-aac8-16699a8001d2,60980501b10504dc_89bb8c1a-31e8-4582-8c51-a5267356e2f2,0045,1290.447,1503.45
93eaec3f-a31e-4058-aac8-16699a8001d2,60980501b10504dc_89bb8c1a-31e8-4582-8c51-a5267356e2f2,0050,1290.895,1505.398
93eaec3f-a31e-4058-aac8-16699a8001d2,60980501b10504dc_89bb8c1a-31e8-4582-8c51-a5267356e2f2,0055,1289.964,1503.081
93eaec3f-a31e-4058-aac8-16699a8001d2,60980501b10504dc_89bb8c1a-31e8-4582-8c51-a5267356e2f2,0060,1290.016,1505.402
93eaec3f-a31e-4058-aac8-16699a8001d2,60980501b10504dc_89bb8c1a-31e8-4582-8c51-a5267356e2f2,0065,1290.534,1506.851
93eaec3f-a31e-4058-aac8-16699a8001d2,60980501b10504dc_89bb8c1a-31e8-4582-8c51-a5267356e2f2,0070,1290.212,1504.656
93eaec3f-a31e-4058-aac8-16699a8001d2,60980501b10504dc_89bb8c1a-31e8-4582-8c51-a5267356e2f2,0075,1290.03,1505.776
93eaec3f-a31e-4058-aac8-16699a8001d2,60980501b10504dc_89bb8c1a-31e8-4582-8c51-a5267356e2f2,0080,1290.256,1507.687
93eaec3f-a31e-4058-aac8-16699a8001d2,60980501b10504dc_89bb8c1a-31e8-4582-8c51-a5267356e2f2,0085,1289.749,1504.79
93eaec3f-a31e-4058-aac8-16699a8001d2,60980501b10504dc_89bb8c1a-31e8-4582-8c51-a5267356e2f2,0090,1290.338,1504.835
93eaec3f-a31e-4058-aac8-16699a8001d2,60980501b10504dc_89bb8c1a-31e8-4582-8c51-a5267356e2f2,0095,1288.155,1505.565
93eaec3f-a31e-4058-aac8-16699a8001d2,60980501b10504dc_89bb8c1a-31e8-4582-8c51-a5267356e2f2,0100,1286.351,1494.844
93eaec3f-a31e-4058-aac8-16699a8001d2,60980501b10504dc_89bb8c1a-31e8-4582-8c51-a5267356e2f2,0105,1290.782,1505.699
93eaec3f-a31e-4058-aac8-16699a8001d2,60980501b10504dc_89bb8c1a-31e8-4582-8c51-a5267356e2f2,0110,1285.506,1498.367
93eaec3f-a31e-4058-aac8-16699a8001d2,60980501b10504dc_89bb8c1a-31e8-4582-8c51-a5267356e2f2,0115,1289.18,1503.816
93eaec3f-a31e-4058-aac8-16699a8001d2,60980501b10504dc_89bb8c1a-31e8-4582-8c51-a5267356e2f2,0120,1285.556,1499.458
93eaec3f-a31e-4058-aac8-16699a8001d2,60980501b10504dc_89bb8c1a-31e8-4582-8c51-a5267356e2f2,0125,1286.08,1501.716
93eaec3f-a31e-4058-aac8-16699a8001d2,60980501b10504dc_89bb8c1a-31e8-4582-8c51-a5267356e2f2,0130,1290.084,1499.071
93eaec3f-a31e-4058-aac8-16699a8001d2,60980501b10504dc_89bb8c1a-31e8-4582-8c51-a5267356e2f2,0135,1289.768,1501.381
93eaec3f-a31e-4058-aac8-16699a8001d2,60980501b10504dc_89bb8c1a-31e8-4582-8c51-a5267356e2f2,0140,1289.894,1506.408
93eaec3f-a31e-4058-aac8-16699a8001d2,60980501b10504dc_89bb8c1a-31e8-4582-8c51-a5267356e2f2,0145,1290.438,1509.401
93eaec3f-a31e-4058-aac8-16699a8001d2,60980501b10504dc_89bb8c1a-31e8-4582-8c51-a5267356e2f2,0150,1290.547,1505.436
93eaec3f-a31e-4058-aac8-16699a8001d2,60980501b10504dc_89bb8c1a-31e8-4582-8c51-a5267356e2f2,0155,1290.273,1506.548
93eaec3f-a31e-4058-aac8-16699a8001d2,60980501b10504dc_89bb8c1a-31e8-4582-8c51-a5267356e2f2,0160,1290.616,1505.788
93eaec3f-a31e-4058-aac8-16699a8001d2,60980501b10504dc_89bb8c1a-31e8-4582-8c51-a5267356e2f2,0165,1289.852,1507.516
93eaec3f-a31e-4058-aac8-16699a8001d2,60980501b10504dc_89bb8c1a-31e8-4582-8c51-a5267356e2f2,0170,1289.874,1504.986
93eaec3f-a31e-4058-aac8-16699a8001d2,60980501b10504dc_89bb8c1a-31e8-4582-8c51-a5267356e2f2,0175,1290.573,1508.565
93eaec3f-a31e-4058-aac8-16699a8001d2,60980501b10504dc_89bb8c1a-31e8-4582-8c51-a5267356e2f2,0180,1289.769,1506.341
93eaec3f-a31e-4058-aac8-16699a8001d2,60980501b10504dc_89bb8c1a-31e8-4582-8c51-a5267356e2f2,0185,1290.744,1504.508
93eaec3f-a31e-4058-aac8-16699a8001d2,60980501b10504dc_89bb8c1a-31e8-4582-8c51-a5267356e2f2,0190,1290.375,1498.672
93eaec3f-a31e-4058-aac8-16699a8001d2,60980501b10504dc_89bb8c1a-31e8-4582-8c51-a5267356e2f2,0195,1289.69,1507.529
93eaec3f-a31e-4058-aac8-16699a8001d2,60980501b10504dc_89bb8c1a-31e8-4582-8c51-a5267356e2f2,0200,1290.964,1506.318
93eaec3f-a31e-4058-aac8-16699a8001d2,60980501b10504dc_89bb8c1a-31e8-4582-8c51-a5267356e2f2,0205,1289.416,1524.643
93eaec3f-a31e-4058-aac8-16699a8001d2,60980501b10504dc_89bb8c1a-31e8-4582-8c51-a5267356e2f2,0210,1290.548,1490.556
93eaec3f-a31e-4058-aac8-16699a8001d2,60980501b10504dc_89bb8c1a-31e8-4582-8c51-a5267356e2f2,0215,1289.96,1490.05
93eaec3f-a31e-4058-aac8-16699a8001d2,60980501b10504dc_89bb8c1a-31e8-4582-8c51-a5267356e2f2,0220,1290.184,1490.39
93eaec3f-a31e-4058-aac8-16699a8001d2,60980501b10504dc_89bb8c1a-31e8-4582-8c51-a5267356e2f2,0225,1290.104,1490.041
93eaec3f-a31e-4058-aac8-16699a8001d2,60980501b10504dc_89bb8c1a-31e8-4582-8c51-a5267356e2f2,0230,1290.93,1488.19
93eaec3f-a31e-4058-aac8-16699a8001d2,60980501b10504dc_89bb8c1a-31e8-4582-8c51-a5267356e2f2,0235,1290.28,1490.742
93eaec3f-a31e-4058-aac8-16699a8001d2,60980501b10504dc_89bb8c1a-31e8-4582-8c51-a5267356e2f2,0240,1289.936,1488.943
93eaec3f-a31e-4058-aac8-16699a8001d2,60980501b10504dc_89bb8c1a-31e8-4582-8c51-a5267356e2f2,0245,1290.709,1510.255
93eaec3f-a31e-4058-aac8-16699a8001d2,60980501b10504dc_89bb8c1a-31e8-4582-8c51-a5267356e2f2,0250,1289.905,1490.636
93eaec3f-a31e-4058-aac8-16699a8001d2,60980501b10504dc_89bb8c1a-31e8-4582-8c51-a5267356e2f2,0255,1290.481,1489.863
93eaec3f-a31e-4058-aac8-16699a8001d2,60980501b10504dc_89bb8c1a-31e8-4582-8c51-a5267356e2f2,0260,1290.802,1490.6
93eaec3f-a31e-4058-aac8-16699a8001d2,60980501b10504dc_89bb8c1a-31e8-4582-8c51-a5267356e2f2,0265,1290.195,1489.593
93eaec3f-a31e-4058-aac8-16699a8001d2,60980501b10504dc_89bb8c1a-31e8-4582-8c51-a5267356e2f2,0270,1290.44,1491.387
93eaec3f-a31e-4058-aac8-16699a8001d2,60980501b10504dc_89bb8c1a-31e8-4582-8c51-a5267356e2f2,0275,1290.014,1489.91
93eaec3f-a31e-4058-aac8-16699a8001d2,60980501b10504dc_89bb8c1a-31e8-4582-8c51-a5267356e2f2,0280,1290.838,1491.524
93eaec3f-a31e-4058-aac8-16699a8001d2,60980501b10504dc_89bb8c1a-31e8-4582-8c51-a5267356e2f2,0285,1291.056,1491.304
93eaec3f-a31e-4058-aac8-16699a8001d2,60980501b10504dc_89bb8c1a-31e8-4582-8c51-a5267356e2f2,0290,1290.596,1491.137
93eaec3f-a31e-4058-aac8-16699a8001d2,60980501b10504dc_89bb8c1a-31e8-4582-8c51-a5267356e2f2,0295,1291.063,1491.734
93eaec3f-a31e-4058-aac8-16699a8001d2,60980501b10504dc_89bb8c1a-31e8-4582-8c51-a5267356e2f2,0300,1290.305,1489.381
93eaec3f-a31e-4058-aac8-16699a8001d2,60980501b10504dc_89bb8c1a-31e8-4582-8c51-a5267356e2f2,0305,1290.51,1489.322
93eaec3f-a31e-4058-aac8-16699a8001d2,60980501b10504dc_89bb8c1a-31e8-4582-8c51-a5267356e2f2,0310,1290.187,1488.337
93eaec3f-a31e-4058-aac8-16699a8001d2,60980501b10504dc_89bb8c1a-31e8-4582-8c51-a5267356e2f2,0315,1290.146,1490.466
93eaec3f-a31e-4058-aac8-16699a8001d2,60980501b10504dc_89bb8c1a-31e8-4582-8c51-a5267356e2f2,0320,1286.408,1486.841
93eaec3f-a31e-4058-aac8-16699a8001d2,60980501b10504dc_89bb8c1a-31e8-4582-8c51-a5267356e2f2,0325,1285.738,1485.534
93eaec3f-a31e-4058-aac8-16699a8001d2,60980501b10504dc_89bb8c1a-31e8-4582-8c51-a5267356e2f2,0330,1285.56,1493.189
93eaec3f-a31e-4058-aac8-16699a8001d2,60980501b10504dc_89bb8c1a-31e8-4582-8c51-a5267356e2f2,0335,1290.807,1505.803
93eaec3f-a31e-4058-aac8-16699a8001d2,60980501b10504dc_89bb8c1a-31e8-4582-8c51-a5267356e2f2,0340,1289.345,1505.82
93eaec3f-a31e-4058-aac8-16699a8001d2,60980501b10504dc_89bb8c1a-31e8-4582-8c51-a5267356e2f2,0345,1290.375,1504.261
93eaec3f-a31e-4058-aac8-16699a8001d2,60980501b10504dc_89bb8c1a-31e8-4582-8c51-a5267356e2f2,0350,1290.672,1507.849
93eaec3f-a31e-4058-aac8-16699a8001d2,60980501b10504dc_89bb8c1a-31e8-4582-8c51-a5267356e2f2,0355,1289.936,1505.019
93eaec3f-a31e-4058-aac8-16699a8001d2,60980501b10504dc_89bb8c1a-31e8-4582-8c51-a5267356e2f2,0360,1290.099,1507.964
93eaec3f-a31e-4058-aac8-16699a8001d2,60980501b10504dc_89bb8c1a-31e8-4582-8c51-a5267356e2f2,0365,1290.816,1508.857
93eaec3f-a31e-4058-aac8-16699a8001d2,60980501b10504dc_89bb8c1a-31e8-4582-8c51-a5267356e2f2,0370,1290.21,1506.929
93eaec3f-a31e-4058-aac8-16699a8001d2,60980501b10504dc_89bb8c1a-31e8-4582-8c51-a5267356e2f2,0375,1290.527,1506.749
93eaec3f-a31e-4058-aac8-16699a8001d2,60980501b10504dc_89bb8c1a-31e8-4582-8c51-a5267356e2f2,0380,1291.118,1509.589
93eaec3f-a31e-4058-aac8-16699a8001d2,60980501b10504dc_89bb8c1a-31e8-4582-8c51-a5267356e2f2,0385,1290.591,1501.772
93eaec3f-a31e-4058-aac8-16699a8001d2,60980501b10504dc_89bb8c1a-31e8-4582-8c51-a5267356e2f2,0390,1289.863,1504.225
93eaec3f-a31e-4058-aac8-16699a8001d2,60980501b10504dc_89bb8c1a-31e8-4582-8c51-a5267356e2f2,0395,1290.103,1505.163
93eaec3f-a31e-4058-aac8-16699a8001d2,60980501b10504dc_89bb8c1a-31e8-4582-8c51-a5267356e2f2,0400,1289.751,1507.176
93eaec3f-a31e-4058-aac8-16699a8001d2,60980501b10504dc_89bb8c1a-31e8-4582-8c51-a5267356e2f2,0405,1290.212,1505.866
93eaec3f-a31e-4058-aac8-16699a8001d2,60980501b10504dc_89bb8c1a-31e8-4582-8c51-a5267356e2f2,0410,1286.599,1503.092
93eaec3f-a31e-4058-aac8-16699a8001d2,60980501b10504dc_89bb8c1a-31e8-4582-8c51-a5267356e2f2,0415,1286.049,1500.806
93eaec3f-a31e-4058-aac8-16699a8001d2,60980501b10504dc_89bb8c1a-31e8-4582-8c51-a5267356e2f2,0420,1285.582,1500.298
93eaec3f-a31e-4058-aac8-16699a8001d2,60980501b10504dc_89bb8c1a-31e8-4582-8c51-a5267356e2f2,0425,1285.201,1494.518
93eaec3f-a31e-4058-aac8-16699a8001d2,60980501b10504dc_89bb8c1a-31e8-4582-8c51-a5267356e2f2,0430,1286.977,1503.767
93eaec3f-a31e-4058-aac8-16699a8001d2,60980501b10504dc_89bb8c1a-31e8-4582-8c51-a5267356e2f2,0435,1285.818,1496.28
93eaec3f-a31e-4058-aac8-16699a8001d2,60980501b10504dc_89bb8c1a-31e8-4582-8c51-a5267356e2f2,0440,1285.404,1503.19
93eaec3f-a31e-4058-aac8-16699a8001d2,60980501b10504dc_89bb8c1a-31e8-4582-8c51-a5267356e2f2,0445,1285.971,1495.748
93eaec3f-a31e-4058-aac8-16699a8001d2,60980501b10504dc_89bb8c1a-31e8-4582-8c51-a5267356e2f2,0450,1285.198,1494.533
93eaec3f-a31e-4058-aac8-16699a8001d2,60980501b10504dc_89bb8c1a-31e8-4582-8c51-a5267356e2f2,0455,1285.643,1494.863
93eaec3f-a31e-4058-aac8-16699a8001d2,60980501b10504dc_89bb8c1a-31e8-4582-8c51-a5267356e2f2,0460,1285.585,1502.836
93eaec3f-a31e-4058-aac8-16699a8001d2,60980501b10504dc_89bb8c1a-31e8-4582-8c51-a5267356e2f2,0465,1285.342,1494.147
93eaec3f-a31e-4058-aac8-16699a8001d2,60980501b10504dc_89bb8c1a-31e8-4582-8c51-a5267356e2f2,0470,1286.095,1495.452
93eaec3f-a31e-4058-aac8-16699a8001d2,60980501b10504dc_89bb8c1a-31e8-4582-8c51-a5267356e2f2,0475,1285.469,1496.195
93eaec3f-a31e-4058-aac8-16699a8001d2,60980501b10504dc_89bb8c1a-31e8-4582-8c51-a5267356e2f2,0480,1285.531,1494.789
93eaec3f-a31e-4058-aac8-16699a8001d2,60980501b10504dc_89bb8c1a-31e8-4582-8c51-a5267356e2f2,0485,1285.669,1494.621
4a9743ac-763c-4bbc-b22e-8622821c7f7e,48460807b1547a94_2a5a7d96-500c-4ab6-8b24-a727a8687932,0005,1290.286,1529.204
4a9743ac-763c-4bbc-b22e-8622821c7f7e,48460807b1547a94_2a5a7d96-500c-4ab6-8b24-a727a8687932,0010,1290.735,1514.143
4a9743ac-763c-4bbc-b22e-8622821c7f7e,48460807b1547a94_2a5a7d96-500c-4ab6-8b24-a727a8687932,0015,1290.845,1509.404
4a9743ac-763c-4bbc-b22e-8622821c7f7e,48460807b1547a94_2a5a7d96-500c-4ab6-8b24-a727a8687932,0020,1289.952,1509.498
4a9743ac-763c-4bbc-b22e-8622821c7f7e,48460807b1547a94_2a5a7d96-500c-4ab6-8b24-a727a8687932,0025,1290.142,1504.778
4a9743ac-763c-4bbc-b22e-8622821c7f7e,48460807b1547a94_2a5a7d96-500c-4ab6-8b24-a727a8687932,0030,1290.056,1509.419
4a9743ac-763c-4bbc-b22e-8622821c7f7e,48460807b1547a94_2a5a7d96-500c-4ab6-8b24-a727a8687932,0035,1289.718,1505.498
4a9743ac-763c-4bbc-b22e-8622821c7f7e,48460807b1547a94_2a5a7d96-500c-4ab6-8b24-a727a8687932,0040,1289.72,1507.162
4a9743ac-763c-4bbc-b22e-8622821c7f7e,48460807b1547a94_2a5a7d96-500c-4ab6-8b24-a727a8687932,0045,1290.521,1506.29
4a9743ac-763c-4bbc-b22e-8622821c7f7e,48460807b1547a94_2a5a7d96-500c-4ab6-8b24-a727a8687932,0050,1290.462,1507.506
4a9743ac-763c-4bbc-b22e-8622821c7f7e,48460807b1547a94_2a5a7d96-500c-4ab6-8b24-a727a8687932,0055,1290.355,1506.113
4a9743ac-763c-4bbc-b22e-8622821c7f7e,48460807b1547a94_2a5a7d96-500c-4ab6-8b24-a727a8687932,0060,1291.035,1509.605
4a9743ac-763c-4bbc-b22e-8622821c7f7e,48460807b1547a94_2a5a7d96-500c-4ab6-8b24-a727a8687932,0065,1290.614,1509.71
4a9743ac-763c-4bbc-b22e-8622821c7f7e,48460807b1547a94_2a5a7d96-500c-4ab6-8b24-a727a8687932,0070,1289.931,1508.472
4a9743ac-763c-4bbc-b22e-8622821c7f7e,48460807b1547a94_2a5a7d96-500c-4ab6-8b24-a727a8687932,0075,1290.772,1507.641
4a9743ac-763c-4bbc-b22e-8622821c7f7e,48460807b1547a94_2a5a7d96-500c-4ab6-8b24-a727a8687932,0080,1290.752,1513.336
4a9743ac-763c-4bbc-b22e-8622821c7f7e,48460807b1547a94_2a5a7d96-500c-4ab6-8b24-a727a8687932,0085,1289.63,1505.513
4a9743ac-763c-4bbc-b22e-8622821c7f7e,48460807b1547a94_2a5a7d96-500c-4ab6-8b24-a727a8687932,0090,1290.995,1508.832
4a9743ac-763c-4bbc-b22e-8622821c7f7e,48460807b1547a94_2a5a7d96-500c-4ab6-8b24-a727a8687932,0095,1290.832,1506.423
4a9743ac-763c-4bbc-b22e-8622821c7f7e,48460807b1547a94_2a5a7d96-500c-4ab6-8b24-a727a8687932,0100,1289.938,1506.22
4a9743ac-763c-4bbc-b22e-8622821c7f7e,48460807b1547a94_2a5a7d96-500c-4ab6-8b24-a727a8687932,0105,1290.35,1509.146
4a9743ac-763c-4bbc-b22e-8622821c7f7e,48460807b1547a94_2a5a7d96-500c-4ab6-8b24-a727a8687932,0110,1291.035,1510.362
4a9743ac-763c-4bbc-b22e-8622821c7f7e,48460807b1547a94_2a5a7d96-500c-4ab6-8b24-a727a8687932,0115,1289.955,1505.886
4a9743ac-763c-4bbc-b22e-8622821c7f7e,48460807b1547a94_2a5a7d96-500c-4ab6-8b24-a727a8687932,0120,1290.359,1510.345
4a9743ac-763c-4bbc-b22e-8622821c7f7e,48460807b1547a94_2a5a7d96-500c-4ab6-8b24-a727a8687932,0125,1290.562,1507.885
4a9743ac-763c-4bbc-b22e-8622821c7f7e,48460807b1547a94_2a5a7d96-500c-4ab6-8b24-a727a8687932,0130,1285.917,1503.892
4a9743ac-763c-4bbc-b22e-8622821c7f7e,48460807b1547a94_2a5a7d96-500c-4ab6-8b24-a727a8687932,0135,1285.791,1494.279
4a9743ac-763c-4bbc-b22e-8622821c7f7e,48460807b1547a94_2a5a7d96-500c-4ab6-8b24-a727a8687932,0140,1289.396,1507.466
4a9743ac-763c-4bbc-b22e-8622821c7f7e,48460807b1547a94_2a5a7d96-500c-4ab6-8b24-a727a8687932,0145,1286.185,1503.2
4a9743ac-763c-4bbc-b22e-8622821c7f7e,48460807b1547a94_2a5a7d96-500c-4ab6-8b24-a727a8687932,0150,1286.09,1496.342
4a9743ac-763c-4bbc-b22e-8622821c7f7e,48460807b1547a94_2a5a7d96-500c-4ab6-8b24-a727a8687932,0155,1286.194,1497.428
4a9743ac-763c-4bbc-b22e-8622821c7f7e,48460807b1547a94_2a5a7d96-500c-4ab6-8b24-a727a8687932,0160,1285.344,1503.259
4a9743ac-763c-4bbc-b22e-8622821c7f7e,48460807b1547a94_2a5a7d96-500c-4ab6-8b24-a727a8687932,0165,1286.69,1496.914
4a9743ac-763c-4bbc-b22e-8622821c7f7e,48460807b1547a94_2a5a7d96-500c-4ab6-8b24-a727a8687932,0170,1288.633,1498.41
4a9743ac-763c-4bbc-b22e-8622821c7f7e,48460807b1547a94_2a5a7d96-500c-4ab6-8b24-a727a8687932,0175,1284.798,1497.575
4a9743ac-763c-4bbc-b22e-8622821c7f7e,48460807b1547a94_2a5a7d96-500c-4ab6-8b24-a727a8687932,0180,1289.242,1508.707
4a9743ac-763c-4bbc-b22e-8622821c7f7e,48460807b1547a94_2a5a7d96-500c-4ab6-8b24-a727a8687932,0185,1285.404,1504.218
4a9743ac-763c-4bbc-b22e-8622821c7f7e,48460807b1547a94_2a5a7d96-500c-4ab6-8b24-a727a8687932,0190,1285.835,1503.034
4a9743ac-763c-4bbc-b22e-8622821c7f7e,48460807b1547a94_2a5a7d96-500c-4ab6-8b24-a727a8687932,0195,1285.743,1495.073
4a9743ac-763c-4bbc-b22e-8622821c7f7e,48460807b1547a94_2a5a7d96-500c-4ab6-8b24-a727a8687932,0200,1286.238,1501.901
4a9743ac-763c-4bbc-b22e-8622821c7f7e,48460807b1547a94_2a5a7d96-500c-4ab6-8b24-a727a8687932,0205,1290.051,1502.847
4a9743ac-763c-4bbc-b22e-8622821c7f7e,48460807b1547a94_2a5a7d96-500c-4ab6-8b24-a727a8687932,0210,1285.107,1498.716
4a9743ac-763c-4bbc-b22e-8622821c7f7e,48460807b1547a94_2a5a7d96-500c-4ab6-8b24-a727a8687932,0215,1290.002,1506.481
4a9743ac-763c-4bbc-b22e-8622821c7f7e,48460807b1547a94_2a5a7d96-500c-4ab6-8b24-a727a8687932,0220,1286.161,1500.214
4a9743ac-763c-4bbc-b22e-8622821c7f7e,48460807b1547a94_2a5a7d96-500c-4ab6-8b24-a727a8687932,0225,1285.089,1494.601
4a9743ac-763c-4bbc-b22e-8622821c7f7e,48460807b1547a94_2a5a7d96-500c-4ab6-8b24-a727a8687932,0230,1289.098,1498.764
4a9743ac-763c-4bbc-b22e-8622821c7f7e,48460807b1547a94_2a5a7d96-500c-4ab6-8b24-a727a8687932,0235,1289.783,1505.714
4a9743ac-763c-4bbc-b22e-8622821c7f7e,48460807b1547a94_2a5a7d96-500c-4ab6-8b24-a727a8687932,0240,1289.847,1508.558
4a9743ac-763c-4bbc-b22e-8622821c7f7e,48460807b1547a94_2a5a7d96-500c-4ab6-8b24-a727a8687932,0245,1285.571,1496.788
4a9743ac-763c-4bbc-b22e-8622821c7f7e,48460807b1547a94_2a5a7d96-500c-4ab6-8b24-a727a8687932,0250,1285.467,1494.173
4a9743ac-763c-4bbc-b22e-8622821c7f7e,48460807b1547a94_2a5a7d96-500c-4ab6-8b24-a727a8687932,0255,1285.26,1495.231
4a9743ac-763c-4bbc-b22e-8622821c7f7e,48460807b1547a94_2a5a7d96-500c-4ab6-8b24-a727a8687932,0260,1285.72,1495.701
4a9743ac-763c-4bbc-b22e-8622821c7f7e,48460807b1547a94_2a5a7d96-500c-4ab6-8b24-a727a8687932,0265,1285.243,1497.925
4a9743ac-763c-4bbc-b22e-8622821c7f7e,48460807b1547a94_2a5a7d96-500c-4ab6-8b24-a727a8687932,0270,1289.818,1498.928
4a9743ac-763c-4bbc-b22e-8622821c7f7e,48460807b1547a94_2a5a7d96-500c-4ab6-8b24-a727a8687932,0275,1285.592,1494.491
4a9743ac-763c-4bbc-b22e-8622821c7f7e,48460807b1547a94_2a5a7d96-500c-4ab6-8b24-a727a8687932,0280,1285.477,1496.156
4a9743ac-763c-4bbc-b22e-8622821c7f7e,48460807b1547a94_2a5a7d96-500c-4ab6-8b24-a727a8687932,0285,1285.887,1501.634
4a9743ac-763c-4bbc-b22e-8622821c7f7e,48460807b1547a94_2a5a7d96-500c-4ab6-8b24-a727a8687932,0290,1285.387,1498.578
4a9743ac-763c-4bbc-b22e-8622821c7f7e,48460807b1547a94_2a5a7d96-500c-4ab6-8b24-a727a8687932,0295,1285.447,1509.717
4a9743ac-763c-4bbc-b22e-8622821c7f7e,48460807b1547a94_2a5a7d96-500c-4ab6-8b24-a727a8687932,0300,1285.503,1500.511
4a9743ac-763c-4bbc-b22e-8622821c7f7e,48460807b1547a94_2a5a7d96-500c-4ab6-8b24-a727a8687932,0305,1284.929,1504.037
4a9743ac-763c-4bbc-b22e-8622821c7f7e,48460807b1547a94_2a5a7d96-500c-4ab6-8b24-a727a8687932,0310,1284.786,1493.275
4a9743ac-763c-4bbc-b22e-8622821c7f7e,48460807b1547a94_2a5a7d96-500c-4ab6-8b24-a727a8687932,0315,1289.806,1499.32
4a9743ac-763c-4bbc-b22e-8622821c7f7e,48460807b1547a94_2a5a7d96-500c-4ab6-8b24-a727a8687932,0320,1285.721,1499.155
4a9743ac-763c-4bbc-b22e-8622821c7f7e,48460807b1547a94_2a5a7d96-500c-4ab6-8b24-a727a8687932,0325,1285.378,1494.252
4a9743ac-763c-4bbc-b22e-8622821c7f7e,48460807b1547a94_2a5a7d96-500c-4ab6-8b24-a727a8687932,0330,1285.588,1495.395
4a9743ac-763c-4bbc-b22e-8622821c7f7e,48460807b1547a94_2a5a7d96-500c-4ab6-8b24-a727a8687932,0335,1285.49,1494.069
4a9743ac-763c-4bbc-b22e-8622821c7f7e,48460807b1547a94_2a5a7d96-500c-4ab6-8b24-a727a8687932,0340,1287.706,1497.133
4a9743ac-763c-4bbc-b22e-8622821c7f7e,48460807b1547a94_2a5a7d96-500c-4ab6-8b24-a727a8687932,0345,1285.616,1499.393
4a9743ac-763c-4bbc-b22e-8622821c7f7e,48460807b1547a94_2a5a7d96-500c-4ab6-8b24-a727a8687932,0350,1285.659,1498.833
4a9743ac-763c-4bbc-b22e-8622821c7f7e,48460807b1547a94_2a5a7d96-500c-4ab6-8b24-a727a8687932,0355,1288.856,1497.426
4a9743ac-763c-4bbc-b22e-8622821c7f7e,48460807b1547a94_2a5a7d96-500c-4ab6-8b24-a727a8687932,0360,1285.089,1502.062
4a9743ac-763c-4bbc-b22e-8622821c7f7e,48460807b1547a94_2a5a7d96-500c-4ab6-8b24-a727a8687932,0365,1285.325,1502.477
4a9743ac-763c-4bbc-b22e-8622821c7f7e,48460807b1547a94_2a5a7d96-500c-4ab6-8b24-a727a8687932,0370,1290.749,1510.346
4a9743ac-763c-4bbc-b22e-8622821c7f7e,48460807b1547a94_2a5a7d96-500c-4ab6-8b24-a727a8687932,0375,1285.117,1497.539
4a9743ac-763c-4bbc-b22e-8622821c7f7e,48460807b1547a94_2a5a7d96-500c-4ab6-8b24-a727a8687932,0380,1285.623,1501.708
4a9743ac-763c-4bbc-b22e-8622821c7f7e,48460807b1547a94_2a5a7d96-500c-4ab6-8b24-a727a8687932,0385,1285.258,1497.314
4a9743ac-763c-4bbc-b22e-8622821c7f7e,48460807b1547a94_2a5a7d96-500c-4ab6-8b24-a727a8687932,0390,1285.511,1495.369
4a9743ac-763c-4bbc-b22e-8622821c7f7e,48460807b1547a94_2a5a7d96-500c-4ab6-8b24-a727a8687932,0395,1290.223,1508.107
4a9743ac-763c-4bbc-b22e-8622821c7f7e,48460807b1547a94_2a5a7d96-500c-4ab6-8b24-a727a8687932,0400,1286.001,1498.209
4a9743ac-763c-4bbc-b22e-8622821c7f7e,48460807b1547a94_2a5a7d96-500c-4ab6-8b24-a727a8687932,0405,1285.349,1499.828
4a9743ac-763c-4bbc-b22e-8622821c7f7e,48460807b1547a94_2a5a7d96-500c-4ab6-8b24-a727a8687932,0410,1285.624,1501.489
4a9743ac-763c-4bbc-b22e-8622821c7f7e,48460807b1547a94_2a5a7d96-500c-4ab6-8b24-a727a8687932,0415,1285.915,1503.38
4a9743ac-763c-4bbc-b22e-8622821c7f7e,48460807b1547a94_2a5a7d96-500c-4ab6-8b24-a727a8687932,0420,1285.645,1487.559
4a9743ac-763c-4bbc-b22e-8622821c7f7e,48460807b1547a94_2a5a7d96-500c-4ab6-8b24-a727a8687932,0425,1290.711,1508.406
4a9743ac-763c-4bbc-b22e-8622821c7f7e,48460807b1547a94_2a5a7d96-500c-4ab6-8b24-a727a8687932,0430,1290.243,1509.856
4a9743ac-763c-4bbc-b22e-8622821c7f7e,48460807b1547a94_2a5a7d96-500c-4ab6-8b24-a727a8687932,0435,1290.463,1495.697
4a9743ac-763c-4bbc-b22e-8622821c7f7e,48460807b1547a94_2a5a7d96-500c-4ab6-8b24-a727a8687932,0440,1290.183,1509.826
4a9743ac-763c-4bbc-b22e-8622821c7f7e,48460807b1547a94_2a5a7d96-500c-4ab6-8b24-a727a8687932,0445,1290.852,1509.001
4a9743ac-763c-4bbc-b22e-8622821c7f7e,48460807b1547a94_2a5a7d96-500c-4ab6-8b24-a727a8687932,0450,1285.277,1504.394
4a9743ac-763c-4bbc-b22e-8622821c7f7e,48460807b1547a94_2a5a7d96-500c-4ab6-8b24-a727a8687932,0455,1285.736,1501.793
4a9743ac-763c-4bbc-b22e-8622821c7f7e,48460807b1547a94_2a5a7d96-500c-4ab6-8b24-a727a8687932,0460,1286.066,1493.957
4a9743ac-763c-4bbc-b22e-8622821c7f7e,48460807b1547a94_2a5a7d96-500c-4ab6-8b24-a727a8687932,0465,1285.895,1500.968
4a9743ac-763c-4bbc-b22e-8622821c7f7e,48460807b1547a94_2a5a7d96-500c-4ab6-8b24-a727a8687932,0470,1285.28,1493.617
4a9743ac-763c-4bbc-b22e-8622821c7f7e,48460807b1547a94_2a5a7d96-500c-4ab6-8b24-a727a8687932,0475,1285.724,1494.801
4a9743ac-763c-4bbc-b22e-8622821c7f7e,48460807b1547a94_2a5a7d96-500c-4ab6-8b24-a727a8687932,0480,1285.638,1501.221
4a9743ac-763c-4bbc-b22e-8622821c7f7e,48460807b1547a94_2a5a7d96-500c-4ab6-8b24-a727a8687932,0485,1285.577,1498.423
4a9743ac-763c-4bbc-b22e-8622821c7f7e,48460807b1547a94_2a5a7d96-500c-4ab6-8b24-a727a8687932,0490,1285.834,1501.791
4a9743ac-763c-4bbc-b22e-8622821c7f7e,48460807b1547a94_2a5a7d96-500c-4ab6-8b24-a727a8687932,0495,1285.432,1490.978
4a9743ac-763c-4bbc-b22e-8622821c7f7e,48460807b1547a94_2a5a7d96-500c-4ab6-8b24-a727a8687932,0500,1285.672,1498.978
4a9743ac-763c-4bbc-b22e-8622821c7f7e,48460807b1547a94_2a5a7d96-500c-4ab6-8b24-a727a8687932,0505,1285.866,1496.484
4a9743ac-763c-4bbc-b22e-8622821c7f7e,48460807b1547a94_2a5a7d96-500c-4ab6-8b24-a727a8687932,0510,1288.423,1497.336
4a9743ac-763c-4bbc-b22e-8622821c7f7e,48460807b1547a94_2a5a7d96-500c-4ab6-8b24-a727a8687932,0515,1285.424,1494.735
4a9743ac-763c-4bbc-b22e-8622821c7f7e,48460807b1547a94_2a5a7d96-500c-4ab6-8b24-a727a8687932,0520,1285.861,1494.089
4a9743ac-763c-4bbc-b22e-8622821c7f7e,48460807b1547a94_2a5a7d96-500c-4ab6-8b24-a727a8687932,0525,1290.873,1509.353
4a9743ac-763c-4bbc-b22e-8622821c7f7e,48460807b1547a94_2a5a7d96-500c-4ab6-8b24-a727a8687932,0530,1289.391,1506.286
4a9743ac-763c-4bbc-b22e-8622821c7f7e,48460807b1547a94_2a5a7d96-500c-4ab6-8b24-a727a8687932,0535,1290.497,1509.883
4a9743ac-763c-4bbc-b22e-8622821c7f7e,48460807b1547a94_2a5a7d96-500c-4ab6-8b24-a727a8687932,0540,1289.857,1507.142
4a9743ac-763c-4bbc-b22e-8622821c7f7e,48460807b1547a94_2a5a7d96-500c-4ab6-8b24-a727a8687932,0545,1290.822,1508.794
4a9743ac-763c-4bbc-b22e-8622821c7f7e,48460807b1547a94_2a5a7d96-500c-4ab6-8b24-a727a8687932,0550,1290.042,1508.192
4a9743ac-763c-4bbc-b22e-8622821c7f7e,48460807b1547a94_2a5a7d96-500c-4ab6-8b24-a727a8687932,0555,1289.97,1507.739
4a9743ac-763c-4bbc-b22e-8622821c7f7e,48460807b1547a94_2a5a7d96-500c-4ab6-8b24-a727a8687932,0560,1290.307,1510.133
4a9743ac-763c-4bbc-b22e-8622821c7f7e,48460807b1547a94_2a5a7d96-500c-4ab6-8b24-a727a8687932,0565,1290.33,1509.846
4a9743ac-763c-4bbc-b22e-8622821c7f7e,48460807b1547a94_2a5a7d96-500c-4ab6-8b24-a727a8687932,0570,1289.944,1510.653
4a9743ac-763c-4bbc-b22e-8622821c7f7e,48460807b1547a94_2a5a7d96-500c-4ab6-8b24-a727a8687932,0575,1289.695,1509.826
4a9743ac-763c-4bbc-b22e-8622821c7f7e,48460807b1547a94_2a5a7d96-500c-4ab6-8b24-a727a8687932,0580,1285.345,1505.706
4a9743ac-763c-4bbc-b22e-8622821c7f7e,48460807b1547a94_2a5a7d96-500c-4ab6-8b24-a727a8687932,0585,1290.462,1508.524
4a9743ac-763c-4bbc-b22e-8622821c7f7e,48460807b1547a94_2a5a7d96-500c-4ab6-8b24-a727a8687932,0590,1289.393,1507.291
4a9743ac-763c-4bbc-b22e-8622821c7f7e,48460807b1547a94_2a5a7d96-500c-4ab6-8b24-a727a8687932,0595,1290.26,1506.586
4a9743ac-763c-4bbc-b22e-8622821c7f7e,48460807b1547a94_2a5a7d96-500c-4ab6-8b24-a727a8687932,0600,1290.391,1511.792
4a9743ac-763c-4bbc-b22e-8622821c7f7e,48460807b1547a94_2a5a7d96-500c-4ab6-8b24-a727a8687932,0605,1288.774,1506.999
4a9743ac-763c-4bbc-b22e-8622821c7f7e,48460807b1547a94_2a5a7d96-500c-4ab6-8b24-a727a8687932,0610,1290.018,1508.924
4a9743ac-763c-4bbc-b22e-8622821c7f7e,48460807b1547a94_2a5a7d96-500c-4ab6-8b24-a727a8687932,0615,1285.519,1495.197
4a9743ac-763c-4bbc-b22e-8622821c7f7e,48460807b1547a94_2a5a7d96-500c-4ab6-8b24-a727a8687932,0620,1285.701,1496.897
4a9743ac-763c-4bbc-b22e-8622821c7f7e,48460807b1547a94_2a5a7d96-500c-4ab6-8b24-a727a8687932,0625,1285.892,1501.485
4a9743ac-763c-4bbc-b22e-8622821c7f7e,48460807b1547a94_2a5a7d96-500c-4ab6-8b24-a727a8687932,0630,1285.834,1497.573
4a9743ac-763c-4bbc-b22e-8622821c7f7e,48460807b1547a94_2a5a7d96-500c-4ab6-8b24-a727a8687932,0635,1286.323,1495.35
4a9743ac-763c-4bbc-b22e-8622821c7f7e,48460807b1547a94_2a5a7d96-500c-4ab6-8b24-a727a8687932,0640,1286.269,1499.053
4a9743ac-763c-4bbc-b22e-8622821c7f7e,48460807b1547a94_2a5a7d96-500c-4ab6-8b24-a727a8687932,0645,1289.563,1500.33
4a9743ac-763c-4bbc-b22e-8622821c7f7e,48460807b1547a94_2a5a7d96-500c-4ab6-8b24-a727a8687932,0650,1287.847,1505.426
4a9743ac-763c-4bbc-b22e-8622821c7f7e,48460807b1547a94_2a5a7d96-500c-4ab6-8b24-a727a8687932,0655,1289.762,1501.951
4a9743ac-763c-4bbc-b22e-8622821c7f7e,48460807b1547a94_2a5a7d96-500c-4ab6-8b24-a727a8687932,0660,1285.97,1495.585
4a9743ac-763c-4bbc-b22e-8622821c7f7e,48460807b1547a94_2a5a7d96-500c-4ab6-8b24-a727a8687932,0665,1285.89,1500.365
4a9743ac-763c-4bbc-b22e-8622821c7f7e,48460807b1547a94_2a5a7d96-500c-4ab6-8b24-a727a8687932,0670,1285.51,1500.959
4a9743ac-763c-4bbc-b22e-8622821c7f7e,48460807b1547a94_2a5a7d96-500c-4ab6-8b24-a727a8687932,0675,1286.274,1501.255
4a9743ac-763c-4bbc-b22e-8622821c7f7e,48460807b1547a94_2a5a7d96-500c-4ab6-8b24-a727a8687932,0680,1286.036,1486.621
4a9743ac-763c-4bbc-b22e-8622821c7f7e,48460807b1547a94_2a5a7d96-500c-4ab6-8b24-a727a8687932,0685,1286.098,1495.768
4a9743ac-763c-4bbc-b22e-8622821c7f7e,48460807b1547a94_2a5a7d96-500c-4ab6-8b24-a727a8687932,0690,1290.643,1508.05
4a9743ac-763c-4bbc-b22e-8622821c7f7e,48460807b1547a94_2a5a7d96-500c-4ab6-8b24-a727a8687932,0695,1290.408,1508.071
4a9743ac-763c-4bbc-b22e-8622821c7f7e,48460807b1547a94_2a5a7d96-500c-4ab6-8b24-a727a8687932,0700,1290.725,1490.4
4a9743ac-763c-4bbc-b22e-8622821c7f7e,48460807b1547a94_2a5a7d96-500c-4ab6-8b24-a727a8687932,0705,1289.79,1490.125
4a9743ac-763c-4bbc-b22e-8622821c7f7e,48460807b1547a94_2a5a7d96-500c-4ab6-8b24-a727a8687932,0710,1290.903,1492.137
4a9743ac-763c-4bbc-b22e-8622821c7f7e,48460807b1547a94_2a5a7d96-500c-4ab6-8b24-a727a8687932,0715,1289.532,1491.65
4a9743ac-763c-4bbc-b22e-8622821c7f7e,48460807b1547a94_2a5a7d96-500c-4ab6-8b24-a727a8687932,0720,1290.324,1492.179
4a9743ac-763c-4bbc-b22e-8622821c7f7e,48460807b1547a94_2a5a7d96-500c-4ab6-8b24-a727a8687932,0725,1287.429,1503.848
4a9743ac-763c-4bbc-b22e-8622821c7f7e,48460807b1547a94_2a5a7d96-500c-4ab6-8b24-a727a8687932,0730,1285.728,1494.849
4a9743ac-763c-4bbc-b22e-8622821c7f7e,48460807b1547a94_2a5a7d96-500c-4ab6-8b24-a727a8687932,0735,1286.086,1494.719
4a9743ac-763c-4bbc-b22e-8622821c7f7e,48460807b1547a94_2a5a7d96-500c-4ab6-8b24-a727a8687932,0740,1286.059,1495.999
4a9743ac-763c-4bbc-b22e-8622821c7f7e,48460807b1547a94_2a5a7d96-500c-4ab6-8b24-a727a8687932,0745,1286.004,1495.215
4a9743ac-763c-4bbc-b22e-8622821c7f7e,48460807b1547a94_2a5a7d96-500c-4ab6-8b24-a727a8687932,0750,1286.45,1495.948
4a9743ac-763c-4bbc-b22e-8622821c7f7e,48460807b1547a94_2a5a7d96-500c-4ab6-8b24-a727a8687932,0755,1287.449,1498.324
4a9743ac-763c-4bbc-b22e-8622821c7f7e,48460807b1547a94_2a5a7d96-500c-4ab6-8b24-a727a8687932,0760,1285.285,1500.842
4a9743ac-763c-4bbc-b22e-8622821c7f7e,48460807b1547a94_2a5a7d96-500c-4ab6-8b24-a727a8687932,0765,1287.773,1498.711
4a9743ac-763c-4bbc-b22e-8622821c7f7e,48460807b1547a94_2a5a7d96-500c-4ab6-8b24-a727a8687932,0770,1285.766,1494.918
4a9743ac-763c-4bbc-b22e-8622821c7f7e,48460807b1547a94_2a5a7d96-500c-4ab6-8b24-a727a8687932,0775,1285.487,1496.579
4a9743ac-763c-4bbc-b22e-8622821c7f7e,48460807b1547a94_2a5a7d96-500c-4ab6-8b24-a727a8687932,0780,1285.204,1500.151
4a9743ac-763c-4bbc-b22e-8622821c7f7e,48460807b1547a94_2a5a7d96-500c-4ab6-8b24-a727a8687932,0785,1285.968,1502.12
4a9743ac-763c-4bbc-b22e-8622821c7f7e,48460807b1547a94_2a5a7d96-500c-4ab6-8b24-a727a8687932,0790,1285.459,1499.295
4a9743ac-763c-4bbc-b22e-8622821c7f7e,48460807b1547a94_2a5a7d96-500c-4ab6-8b24-a727a8687932,0795,1285.961,1501.768
4a9743ac-763c-4bbc-b22e-8622821c7f7e,48460807b1547a94_2a5a7d96-500c-4ab6-8b24-a727a8687932,0800,1285.587,1500.568
4a9743ac-763c-4bbc-b22e-8622821c7f7e,48460807b1547a94_2a5a7d96-500c-4ab6-8b24-a727a8687932,0805,1288.745,1513.727
4a9743ac-763c-4bbc-b22e-8622821c7f7e,48460807b1547a94_2a5a7d96-500c-4ab6-8b24-a727a8687932,0810,1291.049,1494.234
4a9743ac-763c-4bbc-b22e-8622821c7f7e,48460807b1547a94_2a5a7d96-500c-4ab6-8b24-a727a8687932,0815,1290.014,1492.176
4a9743ac-763c-4bbc-b22e-8622821c7f7e,48460807b1547a94_2a5a7d96-500c-4ab6-8b24-a727a8687932,0820,1286.183,1487.325
4a9743ac-763c-4bbc-b22e-8622821c7f7e,48460807b1547a94_2a5a7d96-500c-4ab6-8b24-a727a8687932,0825,1286.379,1504.12
4a9743ac-763c-4bbc-b22e-8622821c7f7e,48460807b1547a94_2a5a7d96-500c-4ab6-8b24-a727a8687932,0830,1285.361,1495.814
4a9743ac-763c-4bbc-b22e-8622821c7f7e,48460807b1547a94_2a5a7d96-500c-4ab6-8b24-a727a8687932,0835,1285.932,1501.649
4a9743ac-763c-4bbc-b22e-8622821c7f7e,48460807b1547a94_2a5a7d96-500c-4ab6-8b24-a727a8687932,0840,1289.463,1508.262
4a9743ac-763c-4bbc-b22e-8622821c7f7e,48460807b1547a94_2a5a7d96-500c-4ab6-8b24-a727a8687932,0845,1286.176,1499.253
4a9743ac-763c-4bbc-b22e-8622821c7f7e,48460807b1547a94_2a5a7d96-500c-4ab6-8b24-a727a8687932,0850,1285.212,1493.992
4a9743ac-763c-4bbc-b22e-8622821c7f7e,48460807b1547a94_2a5a7d96-500c-4ab6-8b24-a727a8687932,0855,1286.033,1497.451
4a9743ac-763c-4bbc-b22e-8622821c7f7e,48460807b1547a94_2a5a7d96-500c-4ab6-8b24-a727a8687932,0860,1285.632,1502.371
4a9743ac-763c-4bbc-b22e-8622821c7f7e,48460807b1547a94_2a5a7d96-500c-4ab6-8b24-a727a8687932,0865,1285.866,1497.402
4a9743ac-763c-4bbc-b22e-8622821c7f7e,48460807b1547a94_2a5a7d96-500c-4ab6-8b24-a727a8687932,0870,1285.782,1502.356
4a9743ac-763c-4bbc-b22e-8622821c7f7e,48460807b1547a94_2a5a7d96-500c-4ab6-8b24-a727a8687932,0875,1285.934,1501.183
4a9743ac-763c-4bbc-b22e-8622821c7f7e,48460807b1547a94_2a5a7d96-500c-4ab6-8b24-a727a8687932,0880,1290.252,1522.277
4a9743ac-763c-4bbc-b22e-8622821c7f7e,48460807b1547a94_2a5a7d96-500c-4ab6-8b24-a727a8687932,0885,1290.444,1493.151
4a9743ac-763c-4bbc-b22e-8622821c7f7e,48460807b1547a94_2a5a7d96-500c-4ab6-8b24-a727a8687932,0890,1290.436,1491.059
4a9743ac-763c-4bbc-b22e-8622821c7f7e,48460807b1547a94_2a5a7d96-500c-4ab6-8b24-a727a8687932,0895,1288.673,1489.06
4a9743ac-763c-4bbc-b22e-8622821c7f7e,48460807b1547a94_2a5a7d96-500c-4ab6-8b24-a727a8687932,0900,1289.488,1490.862
4a9743ac-763c-4bbc-b22e-8622821c7f7e,48460807b1547a94_2a5a7d96-500c-4ab6-8b24-a727a8687932,0905,1285.88,1492.453
4a9743ac-763c-4bbc-b22e-8622821c7f7e,48460807b1547a94_2a5a7d96-500c-4ab6-8b24-a727a8687932,0910,1285.66,1495.856
4a9743ac-763c-4bbc-b22e-8622821c7f7e,48460807b1547a94_2a5a7d96-500c-4ab6-8b24-a727a8687932,0915,1286.484,1504.669
4a9743ac-763c-4bbc-b22e-8622821c7f7e,48460807b1547a94_2a5a7d96-500c-4ab6-8b24-a727a8687932,0920,1285.901,1501.252
4a9743ac-763c-4bbc-b22e-8622821c7f7e,48460807b1547a94_2a5a7d96-500c-4ab6-8b24-a727a8687932,0925,1285.734,1503.919
4a9743ac-763c-4bbc-b22e-8622821c7f7e,48460807b1547a94_2a5a7d96-500c-4ab6-8b24-a727a8687932,0930,1285.576,1479.983
4a9743ac-763c-4bbc-b22e-8622821c7f7e,48460807b1547a94_2a5a7d96-500c-4ab6-8b24-a727a8687932,0935,1285.643,1502.221
4a9743ac-763c-4bbc-b22e-8622821c7f7e,48460807b1547a94_2a5a7d96-500c-4ab6-8b24-a727a8687932,0940,1285.47,1485.374
4a9743ac-763c-4bbc-b22e-8622821c7f7e,48460807b1547a94_2a5a7d96-500c-4ab6-8b24-a727a8687932,0945,1285.13,1500.451
4a9743ac-763c-4bbc-b22e-8622821c7f7e,48460807b1547a94_2a5a7d96-500c-4ab6-8b24-a727a8687932,0950,1285.473,1492.02
4a9743ac-763c-4bbc-b22e-8622821c7f7e,48460807b1547a94_2a5a7d96-500c-4ab6-8b24-a727a8687932,0955,1285.54,1501.375
4a9743ac-763c-4bbc-b22e-8622821c7f7e,48460807b1547a94_2a5a7d96-500c-4ab6-8b24-a727a8687932,0960,1290.215,1494.367
4a9743ac-763c-4bbc-b22e-8622821c7f7e,48460807b1547a94_2a5a7d96-500c-4ab6-8b24-a727a8687932,0965,1289.795,1504.188
4a9743ac-763c-4bbc-b22e-8622821c7f7e,48460807b1547a94_2a5a7d96-500c-4ab6-8b24-a727a8687932,0970,1285.218,1503.65
4a9743ac-763c-4bbc-b22e-8622821c7f7e,48460807b1547a94_2a5a7d96-500c-4ab6-8b24-a727a8687932,0975,1285.58,1495.238
4a9743ac-763c-4bbc-b22e-8622821c7f7e,48460807b1547a94_2a5a7d96-500c-4ab6-8b24-a727a8687932,0980,1285.775,1495.479
4a9743ac-763c-4bbc-b22e-8622821c7f7e,48460807b1547a94_2a5a7d96-500c-4ab6-8b24-a727a8687932,0985,1289.557,1507.473
4a9743ac-763c-4bbc-b22e-8622821c7f7e,48460807b1547a94_2a5a7d96-500c-4ab6-8b24-a727a8687932,0990,1290.535,1504.657
4a9743ac-763c-4bbc-b22e-8622821c7f7e,48460807b1547a94_2a5a7d96-500c-4ab6-8b24-a727a8687932,0995,1290.124,1492.926
4a9743ac-763c-4bbc-b22e-8622821c7f7e,48460807b1547a94_2a5a7d96-500c-4ab6-8b24-a727a8687932,1000,1285.391,1494.583
4a9743ac-763c-4bbc-b22e-8622821c7f7e,48460807b1547a94_2a5a7d96-500c-4ab6-8b24-a727a8687932,1005,1285.63,1503.169
4a9743ac-763c-4bbc-b22e-8622821c7f7e,48460807b1547a94_2a5a7d96-500c-4ab6-8b24-a727a8687932,1010,1285.481,1509.533
4a9743ac-763c-4bbc-b22e-8622821c7f7e,48460807b1547a94_2a5a7d96-500c-4ab6-8b24-a727a8687932,1015,1285.598,1489.897
4a9743ac-763c-4bbc-b22e-8622821c7f7e,48460807b1547a94_2a5a7d96-500c-4ab6-8b24-a727a8687932,1020,1285.851,1502.3
4a9743ac-763c-4bbc-b22e-8622821c7f7e,48460807b1547a94_2a5a7d96-500c-4ab6-8b24-a727a8687932,1025,1285.762,1500.923
4a9743ac-763c-4bbc-b22e-8622821c7f7e,48460807b1547a94_2a5a7d96-500c-4ab6-8b24-a727a8687932,1030,1285.71,1497.228
4a9743ac-763c-4bbc-b22e-8622821c7f7e,48460807b1547a94_2a5a7d96-500c-4ab6-8b24-a727a8687932,1035,1286.332,1498.115
4a9743ac-763c-4bbc-b22e-8622821c7f7e,48460807b1547a94_2a5a7d96-500c-4ab6-8b24-a727a8687932,1040,1290.858,1508.357
4a9743ac-763c-4bbc-b22e-8622821c7f7e,48460807b1547a94_2a5a7d96-500c-4ab6-8b24-a727a8687932,1045,1289.65,1507.616
4a9743ac-763c-4bbc-b22e-8622821c7f7e,48460807b1547a94_2a5a7d96-500c-4ab6-8b24-a727a8687932,1050,1290.751,1508.937
4a9743ac-763c-4bbc-b22e-8622821c7f7e,48460807b1547a94_2a5a7d96-500c-4ab6-8b24-a727a8687932,1055,1289.467,1506.867
4a9743ac-763c-4bbc-b22e-8622821c7f7e,48460807b1547a94_2a5a7d96-500c-4ab6-8b24-a727a8687932,1060,1290.117,1508.421
4a9743ac-763c-4bbc-b22e-8622821c7f7e,48460807b1547a94_2a5a7d96-500c-4ab6-8b24-a727a8687932,1065,1289.829,1493.33
4a9743ac-763c-4bbc-b22e-8622821c7f7e,48460807b1547a94_2a5a7d96-500c-4ab6-8b24-a727a8687932,1070,1290.705,1493.501
4a9743ac-763c-4bbc-b22e-8622821c7f7e,48460807b1547a94_2a5a7d96-500c-4ab6-8b24-a727a8687932,1075,1289.575,1490.557
4a9743ac-763c-4bbc-b22e-8622821c7f7e,48460807b1547a94_2a5a7d96-500c-4ab6-8b24-a727a8687932,1080,1290.547,1493.435
4a9743ac-763c-4bbc-b22e-8622821c7f7e,48460807b1547a94_2a5a7d96-500c-4ab6-8b24-a727a8687932,1085,1290.261,1495.01
4a9743ac-763c-4bbc-b22e-8622821c7f7e,48460807b1547a94_2a5a7d96-500c-4ab6-8b24-a727a8687932,1090,1289.91,1492.605
4a9743ac-763c-4bbc-b22e-8622821c7f7e,48460807b1547a94_2a5a7d96-500c-4ab6-8b24-a727a8687932,1095,1289.821,1496.571
d02e624f-ee3c-4677-8e8c-3676d34b174b,787952f918d925db_70b54719-f9ce-43bd-b2ca-800e1c676e8b,0005,1290.656,1519.982
d02e624f-ee3c-4677-8e8c-3676d34b174b,787952f918d925db_70b54719-f9ce-43bd-b2ca-800e1c676e8b,0010,1285.943,1509.214
d02e624f-ee3c-4677-8e8c-3676d34b174b,787952f918d925db_70b54719-f9ce-43bd-b2ca-800e1c676e8b,0015,1286.614,1501.952
d02e624f-ee3c-4677-8e8c-3676d34b174b,787952f918d925db_70b54719-f9ce-43bd-b2ca-800e1c676e8b,0020,1285.498,1496.405
d02e624f-ee3c-4677-8e8c-3676d34b174b,787952f918d925db_70b54719-f9ce-43bd-b2ca-800e1c676e8b,0025,1290.082,1508.248
d02e624f-ee3c-4677-8e8c-3676d34b174b,787952f918d925db_70b54719-f9ce-43bd-b2ca-800e1c676e8b,0030,1289.005,1502.968
d02e624f-ee3c-4677-8e8c-3676d34b174b,787952f918d925db_70b54719-f9ce-43bd-b2ca-800e1c676e8b,0035,1290.231,1506.032
d02e624f-ee3c-4677-8e8c-3676d34b174b,787952f918d925db_70b54719-f9ce-43bd-b2ca-800e1c676e8b,0040,1289.006,1503.415
d02e624f-ee3c-4677-8e8c-3676d34b174b,787952f918d925db_70b54719-f9ce-43bd-b2ca-800e1c676e8b,0045,1286.192,1499.799
d02e624f-ee3c-4677-8e8c-3676d34b174b,787952f918d925db_70b54719-f9ce-43bd-b2ca-800e1c676e8b,0050,1290.434,1538.847
d02e624f-ee3c-4677-8e8c-3676d34b174b,787952f918d925db_70b54719-f9ce-43bd-b2ca-800e1c676e8b,0055,1289.733,1494.063
d02e624f-ee3c-4677-8e8c-3676d34b174b,787952f918d925db_70b54719-f9ce-43bd-b2ca-800e1c676e8b,0060,1290.951,1495.738
d02e624f-ee3c-4677-8e8c-3676d34b174b,787952f918d925db_70b54719-f9ce-43bd-b2ca-800e1c676e8b,0065,1290.192,1494.973
d02e624f-ee3c-4677-8e8c-3676d34b174b,787952f918d925db_70b54719-f9ce-43bd-b2ca-800e1c676e8b,0070,1290.482,1496.568
d02e624f-ee3c-4677-8e8c-3676d34b174b,787952f918d925db_70b54719-f9ce-43bd-b2ca-800e1c676e8b,0075,1290.234,1495.209
d02e624f-ee3c-4677-8e8c-3676d34b174b,787952f918d925db_70b54719-f9ce-43bd-b2ca-800e1c676e8b,0080,1290.758,1500.502
d02e624f-ee3c-4677-8e8c-3676d34b174b,787952f918d925db_70b54719-f9ce-43bd-b2ca-800e1c676e8b,0085,1290.165,1496.154
d02e624f-ee3c-4677-8e8c-3676d34b174b,787952f918d925db_70b54719-f9ce-43bd-b2ca-800e1c676e8b,0090,1290.581,1492.944
d02e624f-ee3c-4677-8e8c-3676d34b174b,787952f918d925db_70b54719-f9ce-43bd-b2ca-800e1c676e8b,0095,1290.571,1495.106
d02e624f-ee3c-4677-8e8c-3676d34b174b,787952f918d925db_70b54719-f9ce-43bd-b2ca-800e1c676e8b,0100,1288.953,1492.187
d02e624f-ee3c-4677-8e8c-3676d34b174b,787952f918d925db_70b54719-f9ce-43bd-b2ca-800e1c676e8b,0105,1289.847,1493.923
d02e624f-ee3c-4677-8e8c-3676d34b174b,787952f918d925db_70b54719-f9ce-43bd-b2ca-800e1c676e8b,0110,1290.615,1494.799
d02e624f-ee3c-4677-8e8c-3676d34b174b,787952f918d925db_70b54719-f9ce-43bd-b2ca-800e1c676e8b,0115,1289.761,1493.824
d02e624f-ee3c-4677-8e8c-3676d34b174b,787952f918d925db_70b54719-f9ce-43bd-b2ca-800e1c676e8b,0120,1289.933,1493.235
d02e624f-ee3c-4677-8e8c-3676d34b174b,787952f918d925db_70b54719-f9ce-43bd-b2ca-800e1c676e8b,0125,1289.77,1493.572
d02e624f-ee3c-4677-8e8c-3676d34b174b,787952f918d925db_70b54719-f9ce-43bd-b2ca-800e1c676e8b,0130,1289.683,1492.603
d02e624f-ee3c-4677-8e8c-3676d34b174b,787952f918d925db_70b54719-f9ce-43bd-b2ca-800e1c676e8b,0135,1287.298,1489.716
d02e624f-ee3c-4677-8e8c-3676d34b174b,787952f918d925db_70b54719-f9ce-43bd-b2ca-800e1c676e8b,0140,1285.696,1499.271
d02e624f-ee3c-4677-8e8c-3676d34b174b,787952f918d925db_70b54719-f9ce-43bd-b2ca-800e1c676e8b,0145,1287.622,1502.695
d02e624f-ee3c-4677-8e8c-3676d34b174b,787952f918d925db_70b54719-f9ce-43bd-b2ca-800e1c676e8b,0150,1285.636,1502.497
d02e624f-ee3c-4677-8e8c-3676d34b174b,787952f918d925db_70b54719-f9ce-43bd-b2ca-800e1c676e8b,0155,1287.366,1506.627
d02e624f-ee3c-4677-8e8c-3676d34b174b,787952f918d925db_70b54719-f9ce-43bd-b2ca-800e1c676e8b,0160,1286.167,1503.374
d02e624f-ee3c-4677-8e8c-3676d34b174b,787952f918d925db_70b54719-f9ce-43bd-b2ca-800e1c676e8b,0165,1285.565,1502.795
d02e624f-ee3c-4677-8e8c-3676d34b174b,787952f918d925db_70b54719-f9ce-43bd-b2ca-800e1c676e8b,0170,1285.036,1496.747
d02e624f-ee3c-4677-8e8c-3676d34b174b,787952f918d925db_70b54719-f9ce-43bd-b2ca-800e1c676e8b,0175,1288.562,1505.785
d02e624f-ee3c-4677-8e8c-3676d34b174b,787952f918d925db_70b54719-f9ce-43bd-b2ca-800e1c676e8b,0180,1285.996,1504.175
d02e624f-ee3c-4677-8e8c-3676d34b174b,787952f918d925db_70b54719-f9ce-43bd-b2ca-800e1c676e8b,0185,1287.535,1508.399
d02e624f-ee3c-4677-8e8c-3676d34b174b,787952f918d925db_70b54719-f9ce-43bd-b2ca-800e1c676e8b,0190,1288.18,1506.394
d02e624f-ee3c-4677-8e8c-3676d34b174b,787952f918d925db_70b54719-f9ce-43bd-b2ca-800e1c676e8b,0195,1285.862,1501.382
d02e624f-ee3c-4677-8e8c-3676d34b174b,787952f918d925db_70b54719-f9ce-43bd-b2ca-800e1c676e8b,0200,1286.65,1502.518
d02e624f-ee3c-4677-8e8c-3676d34b174b,787952f918d925db_70b54719-f9ce-43bd-b2ca-800e1c676e8b,0205,1285.762,1502.278
d02e624f-ee3c-4677-8e8c-3676d34b174b,787952f918d925db_70b54719-f9ce-43bd-b2ca-800e1c676e8b,0210,1285.417,1501.991
d02e624f-ee3c-4677-8e8c-3676d34b174b,787952f918d925db_70b54719-f9ce-43bd-b2ca-800e1c676e8b,0215,1286.227,1500.829
d02e624f-ee3c-4677-8e8c-3676d34b174b,787952f918d925db_70b54719-f9ce-43bd-b2ca-800e1c676e8b,0220,1285.285,1502.028
d02e624f-ee3c-4677-8e8c-3676d34b174b,787952f918d925db_70b54719-f9ce-43bd-b2ca-800e1c676e8b,0225,1286.486,1504.501
d02e624f-ee3c-4677-8e8c-3676d34b174b,787952f918d925db_70b54719-f9ce-43bd-b2ca-800e1c676e8b,0230,1285.395,1495.017
d02e624f-ee3c-4677-8e8c-3676d34b174b,787952f918d925db_70b54719-f9ce-43bd-b2ca-800e1c676e8b,0235,1285.036,1496.139
d02e624f-ee3c-4677-8e8c-3676d34b174b,787952f918d925db_70b54719-f9ce-43bd-b2ca-800e1c676e8b,0240,1285.265,1498.316
d02e624f-ee3c-4677-8e8c-3676d34b174b,787952f918d925db_70b54719-f9ce-43bd-b2ca-800e1c676e8b,0245,1288.787,1508.908
d02e624f-ee3c-4677-8e8c-3676d34b174b,787952f918d925db_70b54719-f9ce-43bd-b2ca-800e1c676e8b,0250,1285.784,1499.011
d02e624f-ee3c-4677-8e8c-3676d34b174b,787952f918d925db_70b54719-f9ce-43bd-b2ca-800e1c676e8b,0255,1286.119,1508.601
d02e624f-ee3c-4677-8e8c-3676d34b174b,787952f918d925db_70b54719-f9ce-43bd-b2ca-800e1c676e8b,0260,1290.38,1513.068
d02e624f-ee3c-4677-8e8c-3676d34b174b,787952f918d925db_70b54719-f9ce-43bd-b2ca-800e1c676e8b,0265,1285.473,1501.97
d02e624f-ee3c-4677-8e8c-3676d34b174b,787952f918d925db_70b54719-f9ce-43bd-b2ca-800e1c676e8b,0270,1290.828,1508.879
d02e624f-ee3c-4677-8e8c-3676d34b174b,787952f918d925db_70b54719-f9ce-43bd-b2ca-800e1c676e8b,0275,1287.632,1493.603
d02e624f-ee3c-4677-8e8c-3676d34b174b,787952f918d925db_70b54719-f9ce-43bd-b2ca-800e1c676e8b,0280,1289.701,1512.039
d02e624f-ee3c-4677-8e8c-3676d34b174b,787952f918d925db_70b54719-f9ce-43bd-b2ca-800e1c676e8b,0285,1286.233,1496.658
d02e624f-ee3c-4677-8e8c-3676d34b174b,787952f918d925db_70b54719-f9ce-43bd-b2ca-800e1c676e8b,0290,1285.351,1495.502
d02e624f-ee3c-4677-8e8c-3676d34b174b,787952f918d925db_70b54719-f9ce-43bd-b2ca-800e1c676e8b,0295,1285.994,1503.721
d02e624f-ee3c-4677-8e8c-3676d34b174b,787952f918d925db_70b54719-f9ce-43bd-b2ca-800e1c676e8b,0300,1285.822,1494.856
d02e624f-ee3c-4677-8e8c-3676d34b174b,787952f918d925db_70b54719-f9ce-43bd-b2ca-800e1c676e8b,0305,1290.777,1523.915
d02e624f-ee3c-4677-8e8c-3676d34b174b,787952f918d925db_70b54719-f9ce-43bd-b2ca-800e1c676e8b,0310,1290.009,1492.772
d02e624f-ee3c-4677-8e8c-3676d34b174b,787952f918d925db_70b54719-f9ce-43bd-b2ca-800e1c676e8b,0315,1288.904,1490.005
d02e624f-ee3c-4677-8e8c-3676d34b174b,787952f918d925db_70b54719-f9ce-43bd-b2ca-800e1c676e8b,0320,1289.837,1490.045
d02e624f-ee3c-4677-8e8c-3676d34b174b,787952f918d925db_70b54719-f9ce-43bd-b2ca-800e1c676e8b,0325,1290.128,1488.954
d02e624f-ee3c-4677-8e8c-3676d34b174b,787952f918d925db_70b54719-f9ce-43bd-b2ca-800e1c676e8b,0330,1290.29,1489.177
d02e624f-ee3c-4677-8e8c-3676d34b174b,787952f918d925db_70b54719-f9ce-43bd-b2ca-800e1c676e8b,0335,1290.501,1492.03
d02e624f-ee3c-4677-8e8c-3676d34b174b,787952f918d925db_70b54719-f9ce-43bd-b2ca-800e1c676e8b,0340,1290.134,1493.325
d02e624f-ee3c-4677-8e8c-3676d34b174b,787952f918d925db_70b54719-f9ce-43bd-b2ca-800e1c676e8b,0345,1289.502,1492.235
d02e624f-ee3c-4677-8e8c-3676d34b174b,787952f918d925db_70b54719-f9ce-43bd-b2ca-800e1c676e8b,0350,1290.601,1494.811
d02e624f-ee3c-4677-8e8c-3676d34b174b,787952f918d925db_70b54719-f9ce-43bd-b2ca-800e1c676e8b,0355,1290.429,1502.854
d02e624f-ee3c-4677-8e8c-3676d34b174b,787952f918d925db_70b54719-f9ce-43bd-b2ca-800e1c676e8b,0360,1290.37,1494.116
d02e624f-ee3c-4677-8e8c-3676d34b174b,787952f918d925db_70b54719-f9ce-43bd-b2ca-800e1c676e8b,0365,1290.481,1495.735
d02e624f-ee3c-4677-8e8c-3676d34b174b,787952f918d925db_70b54719-f9ce-43bd-b2ca-800e1c676e8b,0370,1289.5,1492.399
d02e624f-ee3c-4677-8e8c-3676d34b174b,787952f918d925db_70b54719-f9ce-43bd-b2ca-800e1c676e8b,0375,1290.544,1496.049
d02e624f-ee3c-4677-8e8c-3676d34b174b,787952f918d925db_70b54719-f9ce-43bd-b2ca-800e1c676e8b,0380,1290.177,1490.444
d02e624f-ee3c-4677-8e8c-3676d34b174b,787952f918d925db_70b54719-f9ce-43bd-b2ca-800e1c676e8b,0385,1289.628,1494.835
d02e624f-ee3c-4677-8e8c-3676d34b174b,787952f918d925db_70b54719-f9ce-43bd-b2ca-800e1c676e8b,0390,1290.823,1493.704
d02e624f-ee3c-4677-8e8c-3676d34b174b,787952f918d925db_70b54719-f9ce-43bd-b2ca-800e1c676e8b,0395,1289.776,1495.259
d02e624f-ee3c-4677-8e8c-3676d34b174b,787952f918d925db_70b54719-f9ce-43bd-b2ca-800e1c676e8b,0400,1289.879,1482.938
d02e624f-ee3c-4677-8e8c-3676d34b174b,787952f918d925db_70b54719-f9ce-43bd-b2ca-800e1c676e8b,0405,1290.309,1495.863
d02e624f-ee3c-4677-8e8c-3676d34b174b,787952f918d925db_70b54719-f9ce-43bd-b2ca-800e1c676e8b,0410,1290.47,1483.491
d02e624f-ee3c-4677-8e8c-3676d34b174b,787952f918d925db_70b54719-f9ce-43bd-b2ca-800e1c676e8b,0415,1290.806,1493.173
d02e624f-ee3c-4677-8e8c-3676d34b174b,787952f918d925db_70b54719-f9ce-43bd-b2ca-800e1c676e8b,0420,1285.502,1475.864
d02e624f-ee3c-4677-8e8c-3676d34b174b,787952f918d925db_70b54719-f9ce-43bd-b2ca-800e1c676e8b,0425,1286.277,1497.798
d02e624f-ee3c-4677-8e8c-3676d34b174b,787952f918d925db_70b54719-f9ce-43bd-b2ca-800e1c676e8b,0430,1289.812,1505.534
d02e624f-ee3c-4677-8e8c-3676d34b174b,787952f918d925db_70b54719-f9ce-43bd-b2ca-800e1c676e8b,0435,1290.039,1493.478
d02e624f-ee3c-4677-8e8c-3676d34b174b,787952f918d925db_70b54719-f9ce-43bd-b2ca-800e1c676e8b,0440,1289.898,1501.793
d02e624f-ee3c-4677-8e8c-3676d34b174b,787952f918d925db_70b54719-f9ce-43bd-b2ca-800e1c676e8b,0445,1290.162,1493.218
d02e624f-ee3c-4677-8e8c-3676d34b174b,787952f918d925db_70b54719-f9ce-43bd-b2ca-800e1c676e8b,0450,1290.435,1493.579
6d38279f-80db-4738-88fb-f0d70842b162,718788f156f5d372_c8170f06-df8c-44eb-b4de-471e2ca7b37b,0005,1289.218,1510.618
6d38279f-80db-4738-88fb-f0d70842b162,718788f156f5d372_c8170f06-df8c-44eb-b4de-471e2ca7b37b,0010,1289.203,1516.349
6d38279f-80db-4738-88fb-f0d70842b162,718788f156f5d372_c8170f06-df8c-44eb-b4de-471e2ca7b37b,0015,1288.88,1502.517
6d38279f-80db-4738-88fb-f0d70842b162,718788f156f5d372_c8170f06-df8c-44eb-b4de-471e2ca7b37b,0020,1285.787,1509.838
6d38279f-80db-4738-88fb-f0d70842b162,718788f156f5d372_c8170f06-df8c-44eb-b4de-471e2ca7b37b,0025,1285.546,1501.278
6d38279f-80db-4738-88fb-f0d70842b162,718788f156f5d372_c8170f06-df8c-44eb-b4de-471e2ca7b37b,0030,1289.351,1511.061
6d38279f-80db-4738-88fb-f0d70842b162,718788f156f5d372_c8170f06-df8c-44eb-b4de-471e2ca7b37b,0035,1285.355,1499.553
6d38279f-80db-4738-88fb-f0d70842b162,718788f156f5d372_c8170f06-df8c-44eb-b4de-471e2ca7b37b,0040,1290.762,1525.658
6d38279f-80db-4738-88fb-f0d70842b162,718788f156f5d372_c8170f06-df8c-44eb-b4de-471e2ca7b37b,0045,1285.755,1498.444
6d38279f-80db-4738-88fb-f0d70842b162,718788f156f5d372_c8170f06-df8c-44eb-b4de-471e2ca7b37b,0050,1290.575,1511.071
6d38279f-80db-4738-88fb-f0d70842b162,718788f156f5d372_c8170f06-df8c-44eb-b4de-471e2ca7b37b,0055,1285.436,1503.655
6d38279f-80db-4738-88fb-f0d70842b162,718788f156f5d372_c8170f06-df8c-44eb-b4de-471e2ca7b37b,0060,1285.958,1496.453
6d38279f-80db-4738-88fb-f0d70842b162,718788f156f5d372_c8170f06-df8c-44eb-b4de-471e2ca7b37b,0065,1285.628,1495.744
6d38279f-80db-4738-88fb-f0d70842b162,718788f156f5d372_c8170f06-df8c-44eb-b4de-471e2ca7b37b,0070,1286.197,1501.477
6d38279f-80db-4738-88fb-f0d70842b162,718788f156f5d372_c8170f06-df8c-44eb-b4de-471e2ca7b37b,0075,1285.528,1495.691
6d38279f-80db-4738-88fb-f0d70842b162,718788f156f5d372_c8170f06-df8c-44eb-b4de-471e2ca7b37b,0080,1286.0,1502.274
6d38279f-80db-4738-88fb-f0d70842b162,718788f156f5d372_c8170f06-df8c-44eb-b4de-471e2ca7b37b,0085,1285.364,1502.011
6d38279f-80db-4738-88fb-f0d70842b162,718788f156f5d372_c8170f06-df8c-44eb-b4de-471e2ca7b37b,0090,1285.947,1496.716
6d38279f-80db-4738-88fb-f0d70842b162,718788f156f5d372_c8170f06-df8c-44eb-b4de-471e2ca7b37b,0095,1285.672,1498.987
6d38279f-80db-4738-88fb-f0d70842b162,718788f156f5d372_c8170f06-df8c-44eb-b4de-471e2ca7b37b,0100,1285.845,1499.56
6d38279f-80db-4738-88fb-f0d70842b162,718788f156f5d372_c8170f06-df8c-44eb-b4de-471e2ca7b37b,0105,1285.499,1502.272
6d38279f-80db-4738-88fb-f0d70842b162,718788f156f5d372_c8170f06-df8c-44eb-b4de-471e2ca7b37b,0110,1285.608,1503.862
6d38279f-80db-4738-88fb-f0d70842b162,718788f156f5d372_c8170f06-df8c-44eb-b4de-471e2ca7b37b,0115,1285.463,1499.787
6d38279f-80db-4738-88fb-f0d70842b162,718788f156f5d372_c8170f06-df8c-44eb-b4de-471e2ca7b37b,0120,1286.154,1495.994
6d38279f-80db-4738-88fb-f0d70842b162,718788f156f5d372_c8170f06-df8c-44eb-b4de-471e2ca7b37b,0125,1285.807,1494.339
6d38279f-80db-4738-88fb-f0d70842b162,718788f156f5d372_c8170f06-df8c-44eb-b4de-471e2ca7b37b,0130,1286.169,1495.53
6d38279f-80db-4738-88fb-f0d70842b162,718788f156f5d372_c8170f06-df8c-44eb-b4de-471e2ca7b37b,0135,1285.406,1498.435
6d38279f-80db-4738-88fb-f0d70842b162,718788f156f5d372_c8170f06-df8c-44eb-b4de-471e2ca7b37b,0140,1286.016,1501.505
6d38279f-80db-4738-88fb-f0d70842b162,718788f156f5d372_c8170f06-df8c-44eb-b4de-471e2ca7b37b,0145,1285.921,1495.841
6d38279f-80db-4738-88fb-f0d70842b162,718788f156f5d372_c8170f06-df8c-44eb-b4de-471e2ca7b37b,0150,1285.793,1501.676
6d38279f-80db-4738-88fb-f0d70842b162,718788f156f5d372_c8170f06-df8c-44eb-b4de-471e2ca7b37b,0155,1285.677,1503.367
6d38279f-80db-4738-88fb-f0d70842b162,718788f156f5d372_c8170f06-df8c-44eb-b4de-471e2ca7b37b,0160,1286.064,1501.524
6d38279f-80db-4738-88fb-f0d70842b162,718788f156f5d372_c8170f06-df8c-44eb-b4de-471e2ca7b37b,0165,1285.871,1501.297
6d38279f-80db-4738-88fb-f0d70842b162,718788f156f5d372_c8170f06-df8c-44eb-b4de-471e2ca7b37b,0170,1290.53,1517.8
6d38279f-80db-4738-88fb-f0d70842b162,718788f156f5d372_c8170f06-df8c-44eb-b4de-471e2ca7b37b,0175,1289.793,1489.801
6d38279f-80db-4738-88fb-f0d70842b162,718788f156f5d372_c8170f06-df8c-44eb-b4de-471e2ca7b37b,0180,1285.931,1495.694
6d38279f-80db-4738-88fb-f0d70842b162,718788f156f5d372_c8170f06-df8c-44eb-b4de-471e2ca7b37b,0185,1286.241,1495.523
6d38279f-80db-4738-88fb-f0d70842b162,718788f156f5d372_c8170f06-df8c-44eb-b4de-471e2ca7b37b,0190,1285.688,1500.83
6d38279f-80db-4738-88fb-f0d70842b162,718788f156f5d372_c8170f06-df8c-44eb-b4de-471e2ca7b37b,0195,1285.737,1495.167
6d38279f-80db-4738-88fb-f0d70842b162,718788f156f5d372_c8170f06-df8c-44eb-b4de-471e2ca7b37b,0200,1286.231,1504.182
6d38279f-80db-4738-88fb-f0d70842b162,718788f156f5d372_c8170f06-df8c-44eb-b4de-471e2ca7b37b,0205,1285.283,1500.139
6d38279f-80db-4738-88fb-f0d70842b162,718788f156f5d372_c8170f06-df8c-44eb-b4de-471e2ca7b37b,0210,1285.505,1494.892
6d38279f-80db-4738-88fb-f0d70842b162,718788f156f5d372_c8170f06-df8c-44eb-b4de-471e2ca7b37b,0215,1285.344,1494.583
6d38279f-80db-4738-88fb-f0d70842b162,718788f156f5d372_c8170f06-df8c-44eb-b4de-471e2ca7b37b,0220,1290.5,1504.126
6d38279f-80db-4738-88fb-f0d70842b162,718788f156f5d372_c8170f06-df8c-44eb-b4de-471e2ca7b37b,0225,1290.322,1490.921
6d38279f-80db-4738-88fb-f0d70842b162,718788f156f5d372_c8170f06-df8c-44eb-b4de-471e2ca7b37b,0230,1290.169,1490.683
6d38279f-80db-4738-88fb-f0d70842b162,718788f156f5d372_c8170f06-df8c-44eb-b4de-471e2ca7b37b,0235,1289.86,1490.638
6d38279f-80db-4738-88fb-f0d70842b162,718788f156f5d372_c8170f06-df8c-44eb-b4de-471e2ca7b37b,0240,1289.48,1490.857
6d38279f-80db-4738-88fb-f0d70842b162,718788f156f5d372_c8170f06-df8c-44eb-b4de-471e2ca7b37b,0245,1290.037,1490.059
6d38279f-80db-4738-88fb-f0d70842b162,718788f156f5d372_c8170f06-df8c-44eb-b4de-471e2ca7b37b,0250,1290.013,1493.872
6d38279f-80db-4738-88fb-f0d70842b162,718788f156f5d372_c8170f06-df8c-44eb-b4de-471e2ca7b37b,0255,1290.492,1492.312
6d38279f-80db-4738-88fb-f0d70842b162,718788f156f5d372_c8170f06-df8c-44eb-b4de-471e2ca7b37b,0260,1289.977,1491.7
6d38279f-80db-4738-88fb-f0d70842b162,718788f156f5d372_c8170f06-df8c-44eb-b4de-471e2ca7b37b,0265,1289.65,1492.253
6d38279f-80db-4738-88fb-f0d70842b162,718788f156f5d372_c8170f06-df8c-44eb-b4de-471e2ca7b37b,0270,1290.643,1493.231
6d38279f-80db-4738-88fb-f0d70842b162,718788f156f5d372_c8170f06-df8c-44eb-b4de-471e2ca7b37b,0275,1290.05,1491.197
6d38279f-80db-4738-88fb-f0d70842b162,718788f156f5d372_c8170f06-df8c-44eb-b4de-471e2ca7b37b,0280,1290.214,1494.766
6d38279f-80db-4738-88fb-f0d70842b162,718788f156f5d372_c8170f06-df8c-44eb-b4de-471e2ca7b37b,0285,1289.852,1489.225
6d38279f-80db-4738-88fb-f0d70842b162,718788f156f5d372_c8170f06-df8c-44eb-b4de-471e2ca7b37b,0290,1290.553,1491.018
6d38279f-80db-4738-88fb-f0d70842b162,718788f156f5d372_c8170f06-df8c-44eb-b4de-471e2ca7b37b,0295,1289.922,1490.212
6d38279f-80db-4738-88fb-f0d70842b162,718788f156f5d372_c8170f06-df8c-44eb-b4de-471e2ca7b37b,0300,1287.512,1489.807
6d38279f-80db-4738-88fb-f0d70842b162,718788f156f5d372_c8170f06-df8c-44eb-b4de-471e2ca7b37b,0305,1285.403,1500.412
6d38279f-80db-4738-88fb-f0d70842b162,718788f156f5d372_c8170f06-df8c-44eb-b4de-471e2ca7b37b,0310,1285.596,1494.79
6d38279f-80db-4738-88fb-f0d70842b162,718788f156f5d372_c8170f06-df8c-44eb-b4de-471e2ca7b37b,0315,1289.191,1503.584
6d38279f-80db-4738-88fb-f0d70842b162,718788f156f5d372_c8170f06-df8c-44eb-b4de-471e2ca7b37b,0320,1284.421,1498.43
6d38279f-80db-4738-88fb-f0d70842b162,718788f156f5d372_c8170f06-df8c-44eb-b4de-471e2ca7b37b,0325,1285.57,1495.339
6d38279f-80db-4738-88fb-f0d70842b162,718788f156f5d372_c8170f06-df8c-44eb-b4de-471e2ca7b37b,0330,1285.451,1495.661
6d38279f-80db-4738-88fb-f0d70842b162,718788f156f5d372_c8170f06-df8c-44eb-b4de-471e2ca7b37b,0335,1286.153,1503.49
6d38279f-80db-4738-88fb-f0d70842b162,718788f156f5d372_c8170f06-df8c-44eb-b4de-471e2ca7b37b,0340,1285.607,1497.623
6d38279f-80db-4738-88fb-f0d70842b162,718788f156f5d372_c8170f06-df8c-44eb-b4de-471e2ca7b37b,0345,1285.757,1502.733
6d38279f-80db-4738-88fb-f0d70842b162,718788f156f5d372_c8170f06-df8c-44eb-b4de-471e2ca7b37b,0350,1285.708,1496.352
6d38279f-80db-4738-88fb-f0d70842b162,718788f156f5d372_c8170f06-df8c-44eb-b4de-471e2ca7b37b,0355,1285.312,1493.907
6d38279f-80db-4738-88fb-f0d70842b162,718788f156f5d372_c8170f06-df8c-44eb-b4de-471e2ca7b37b,0360,1285.358,1495.444
6d38279f-80db-4738-88fb-f0d70842b162,718788f156f5d372_c8170f06-df8c-44eb-b4de-471e2ca7b37b,0365,1285.881,1499.654
6d38279f-80db-4738-88fb-f0d70842b162,718788f156f5d372_c8170f06-df8c-44eb-b4de-471e2ca7b37b,0370,1289.33,1503.521
6d38279f-80db-4738-88fb-f0d70842b162,718788f156f5d372_c8170f06-df8c-44eb-b4de-471e2ca7b37b,0375,1285.712,1498.411
6d38279f-80db-4738-88fb-f0d70842b162,718788f156f5d372_c8170f06-df8c-44eb-b4de-471e2ca7b37b,0380,1285.313,1490.926
6d38279f-80db-4738-88fb-f0d70842b162,718788f156f5d372_c8170f06-df8c-44eb-b4de-471e2ca7b37b,0385,1285.181,1500.381
ad8cea90-5a8b-46ba-b79e-fced012e6a9e,4826cf7214d68d96_32a393a2-08bc-47e5-9826-6560f36c51e0,0005,1285.332,1522.76
ad8cea90-5a8b-46ba-b79e-fced012e6a9e,4826cf7214d68d96_32a393a2-08bc-47e5-9826-6560f36c51e0,0010,1286.025,1507.59
ad8cea90-5a8b-46ba-b79e-fced012e6a9e,4826cf7214d68d96_32a393a2-08bc-47e5-9826-6560f36c51e0,0015,1285.54,1501.994
ad8cea90-5a8b-46ba-b79e-fced012e6a9e,4826cf7214d68d96_32a393a2-08bc-47e5-9826-6560f36c51e0,0020,1286.095,1502.605
ad8cea90-5a8b-46ba-b79e-fced012e6a9e,4826cf7214d68d96_32a393a2-08bc-47e5-9826-6560f36c51e0,0025,1285.984,1504.086
ad8cea90-5a8b-46ba-b79e-fced012e6a9e,4826cf7214d68d96_32a393a2-08bc-47e5-9826-6560f36c51e0,0030,1285.663,1508.134
ad8cea90-5a8b-46ba-b79e-fced012e6a9e,4826cf7214d68d96_32a393a2-08bc-47e5-9826-6560f36c51e0,0035,1285.815,1503.463
ad8cea90-5a8b-46ba-b79e-fced012e6a9e,4826cf7214d68d96_32a393a2-08bc-47e5-9826-6560f36c51e0,0040,1285.371,1488.11
ad8cea90-5a8b-46ba-b79e-fced012e6a9e,4826cf7214d68d96_32a393a2-08bc-47e5-9826-6560f36c51e0,0045,1290.011,1508.447
ad8cea90-5a8b-46ba-b79e-fced012e6a9e,4826cf7214d68d96_32a393a2-08bc-47e5-9826-6560f36c51e0,0050,1289.588,1500.045
ad8cea90-5a8b-46ba-b79e-fced012e6a9e,4826cf7214d68d96_32a393a2-08bc-47e5-9826-6560f36c51e0,0055,1285.889,1505.142
ad8cea90-5a8b-46ba-b79e-fced012e6a9e,4826cf7214d68d96_32a393a2-08bc-47e5-9826-6560f36c51e0,0060,1290.109,1507.428
ad8cea90-5a8b-46ba-b79e-fced012e6a9e,4826cf7214d68d96_32a393a2-08bc-47e5-9826-6560f36c51e0,0065,1285.399,1493.121
ad8cea90-5a8b-46ba-b79e-fced012e6a9e,4826cf7214d68d96_32a393a2-08bc-47e5-9826-6560f36c51e0,0070,1285.683,1501.774
ad8cea90-5a8b-46ba-b79e-fced012e6a9e,4826cf7214d68d96_32a393a2-08bc-47e5-9826-6560f36c51e0,0075,1285.341,1502.497
ad8cea90-5a8b-46ba-b79e-fced012e6a9e,4826cf7214d68d96_32a393a2-08bc-47e5-9826-6560f36c51e0,0080,1286.021,1502.793
ad8cea90-5a8b-46ba-b79e-fced012e6a9e,4826cf7214d68d96_32a393a2-08bc-47e5-9826-6560f36c51e0,0085,1289.959,1494.391
ad8cea90-5a8b-46ba-b79e-fced012e6a9e,4826cf7214d68d96_32a393a2-08bc-47e5-9826-6560f36c51e0,0090,1285.914,1491.811
ad8cea90-5a8b-46ba-b79e-fced012e6a9e,4826cf7214d68d96_32a393a2-08bc-47e5-9826-6560f36c51e0,0095,1285.558,1498.313
ad8cea90-5a8b-46ba-b79e-fced012e6a9e,4826cf7214d68d96_32a393a2-08bc-47e5-9826-6560f36c51e0,0100,1285.873,1507.807
ad8cea90-5a8b-46ba-b79e-fced012e6a9e,4826cf7214d68d96_32a393a2-08bc-47e5-9826-6560f36c51e0,0105,1290.398,1507.139
ad8cea90-5a8b-46ba-b79e-fced012e6a9e,4826cf7214d68d96_32a393a2-08bc-47e5-9826-6560f36c51e0,0110,1285.482,1501.713
ad8cea90-5a8b-46ba-b79e-fced012e6a9e,4826cf7214d68d96_32a393a2-08bc-47e5-9826-6560f36c51e0,0115,1286.45,1502.651
ad8cea90-5a8b-46ba-b79e-fced012e6a9e,4826cf7214d68d96_32a393a2-08bc-47e5-9826-6560f36c51e0,0120,1288.353,1510.558
ad8cea90-5a8b-46ba-b79e-fced012e6a9e,4826cf7214d68d96_32a393a2-08bc-47e5-9826-6560f36c51e0,0125,1286.022,1502.833
ad8cea90-5a8b-46ba-b79e-fced012e6a9e,4826cf7214d68d96_32a393a2-08bc-47e5-9826-6560f36c51e0,0130,1285.805,1505.784
ad8cea90-5a8b-46ba-b79e-fced012e6a9e,4826cf7214d68d96_32a393a2-08bc-47e5-9826-6560f36c51e0,0135,1286.093,1506.858
ad8cea90-5a8b-46ba-b79e-fced012e6a9e,4826cf7214d68d96_32a393a2-08bc-47e5-9826-6560f36c51e0,0140,1286.05,1503.315
ad8cea90-5a8b-46ba-b79e-fced012e6a9e,4826cf7214d68d96_32a393a2-08bc-47e5-9826-6560f36c51e0,0145,1285.594,1499.517
ad8cea90-5a8b-46ba-b79e-fced012e6a9e,4826cf7214d68d96_32a393a2-08bc-47e5-9826-6560f36c51e0,0150,1285.519,1502.24
ad8cea90-5a8b-46ba-b79e-fced012e6a9e,4826cf7214d68d96_32a393a2-08bc-47e5-9826-6560f36c51e0,0155,1285.265,1502.788
ad8cea90-5a8b-46ba-b79e-fced012e6a9e,4826cf7214d68d96_32a393a2-08bc-47e5-9826-6560f36c51e0,0160,1290.925,1512.434
ad8cea90-5a8b-46ba-b79e-fced012e6a9e,4826cf7214d68d96_32a393a2-08bc-47e5-9826-6560f36c51e0,0165,1290.456,1493.329
ad8cea90-5a8b-46ba-b79e-fced012e6a9e,4826cf7214d68d96_32a393a2-08bc-47e5-9826-6560f36c51e0,0170,1289.634,1491.024
ad8cea90-5a8b-46ba-b79e-fced012e6a9e,4826cf7214d68d96_32a393a2-08bc-47e5-9826-6560f36c51e0,0175,1285.338,1490.717
d2d16ea9-8b31-4025-b47f-06d11fb47d57,90f607d5b3838c07_4aa9fc18-537e-48cd-b756-57482983eb95,0005,1288.347,1528.697
d2d16ea9-8b31-4025-b47f-06d11fb47d57,90f607d5b3838c07_4aa9fc18-537e-48cd-b756-57482983eb95,0010,1289.041,1503.121
d2d16ea9-8b31-4025-b47f-06d11fb47d57,90f607d5b3838c07_4aa9fc18-537e-48cd-b756-57482983eb95,0015,1290.052,1502.492
d2d16ea9-8b31-4025-b47f-06d11fb47d57,90f607d5b3838c07_4aa9fc18-537e-48cd-b756-57482983eb95,0020,1285.845,1500.162
d2d16ea9-8b31-4025-b47f-06d11fb47d57,90f607d5b3838c07_4aa9fc18-537e-48cd-b756-57482983eb95,0025,1286.46,1494.882
d2d16ea9-8b31-4025-b47f-06d11fb47d57,90f607d5b3838c07_4aa9fc18-537e-48cd-b756-57482983eb95,0030,1285.203,1499.558
d2d16ea9-8b31-4025-b47f-06d11fb47d57,90f607d5b3838c07_4aa9fc18-537e-48cd-b756-57482983eb95,0035,1285.621,1500.117
d2d16ea9-8b31-4025-b47f-06d11fb47d57,90f607d5b3838c07_4aa9fc18-537e-48cd-b756-57482983eb95,0040,1285.983,1501.503
d2d16ea9-8b31-4025-b47f-06d11fb47d57,90f607d5b3838c07_4aa9fc18-537e-48cd-b756-57482983eb95,0045,1286.165,1494.997
d2d16ea9-8b31-4025-b47f-06d11fb47d57,90f607d5b3838c07_4aa9fc18-537e-48cd-b756-57482983eb95,0050,1284.934,1492.869
d2d16ea9-8b31-4025-b47f-06d11fb47d57,90f607d5b3838c07_4aa9fc18-537e-48cd-b756-57482983eb95,0055,1285.497,1502.838
d2d16ea9-8b31-4025-b47f-06d11fb47d57,90f607d5b3838c07_4aa9fc18-537e-48cd-b756-57482983eb95,0060,1286.174,1492.939
d2d16ea9-8b31-4025-b47f-06d11fb47d57,90f607d5b3838c07_4aa9fc18-537e-48cd-b756-57482983eb95,0065,1285.261,1500.049
d2d16ea9-8b31-4025-b47f-06d11fb47d57,90f607d5b3838c07_4aa9fc18-537e-48cd-b756-57482983eb95,0070,1285.451,1494.323
d2d16ea9-8b31-4025-b47f-06d11fb47d57,90f607d5b3838c07_4aa9fc18-537e-48cd-b756-57482983eb95,0075,1289.958,1505.248
d2d16ea9-8b31-4025-b47f-06d11fb47d57,90f607d5b3838c07_4aa9fc18-537e-48cd-b756-57482983eb95,0080,1286.343,1501.745
d2d16ea9-8b31-4025-b47f-06d11fb47d57,90f607d5b3838c07_4aa9fc18-537e-48cd-b756-57482983eb95,0085,1285.506,1496.58
d2d16ea9-8b31-4025-b47f-06d11fb47d57,90f607d5b3838c07_4aa9fc18-537e-48cd-b756-57482983eb95,0090,1285.644,1492.938
d2d16ea9-8b31-4025-b47f-06d11fb47d57,90f607d5b3838c07_4aa9fc18-537e-48cd-b756-57482983eb95,0095,1285.227,1499.845
d2d16ea9-8b31-4025-b47f-06d11fb47d57,90f607d5b3838c07_4aa9fc18-537e-48cd-b756-57482983eb95,0100,1285.715,1499.976
d2d16ea9-8b31-4025-b47f-06d11fb47d57,90f607d5b3838c07_4aa9fc18-537e-48cd-b756-57482983eb95,0105,1290.141,1505.75
d2d16ea9-8b31-4025-b47f-06d11fb47d57,90f607d5b3838c07_4aa9fc18-537e-48cd-b756-57482983eb95,0110,1285.532,1501.032
d2d16ea9-8b31-4025-b47f-06d11fb47d57,90f607d5b3838c07_4aa9fc18-537e-48cd-b756-57482983eb95,0115,1286.231,1493.585
d2d16ea9-8b31-4025-b47f-06d11fb47d57,90f607d5b3838c07_4aa9fc18-537e-48cd-b756-57482983eb95,0120,1286.243,1493.927
d2d16ea9-8b31-4025-b47f-06d11fb47d57,90f607d5b3838c07_4aa9fc18-537e-48cd-b756-57482983eb95,0125,1285.68,1499.71
d2d16ea9-8b31-4025-b47f-06d11fb47d57,90f607d5b3838c07_4aa9fc18-537e-48cd-b756-57482983eb95,0130,1285.809,1501.268
d2d16ea9-8b31-4025-b47f-06d11fb47d57,90f607d5b3838c07_4aa9fc18-537e-48cd-b756-57482983eb95,0135,1286.17,1494.238
d2d16ea9-8b31-4025-b47f-06d11fb47d57,90f607d5b3838c07_4aa9fc18-537e-48cd-b756-57482983eb95,0140,1285.377,1494.024
d2d16ea9-8b31-4025-b47f-06d11fb47d57,90f607d5b3838c07_4aa9fc18-537e-48cd-b756-57482983eb95,0145,1290.485,1499.987
d2d16ea9-8b31-4025-b47f-06d11fb47d57,90f607d5b3838c07_4aa9fc18-537e-48cd-b756-57482983eb95,0150,1285.246,1498.044
d2d16ea9-8b31-4025-b47f-06d11fb47d57,90f607d5b3838c07_4aa9fc18-537e-48cd-b756-57482983eb95,0155,1290.099,1499.678
d2d16ea9-8b31-4025-b47f-06d11fb47d57,90f607d5b3838c07_4aa9fc18-537e-48cd-b756-57482983eb95,0160,1285.155,1493.895
d2d16ea9-8b31-4025-b47f-06d11fb47d57,90f607d5b3838c07_4aa9fc18-537e-48cd-b756-57482983eb95,0165,1285.67,1495.515
d2d16ea9-8b31-4025-b47f-06d11fb47d57,90f607d5b3838c07_4aa9fc18-537e-48cd-b756-57482983eb95,0170,1284.901,1501.194
d2d16ea9-8b31-4025-b47f-06d11fb47d57,90f607d5b3838c07_4aa9fc18-537e-48cd-b756-57482983eb95,0175,1286.102,1475.599
d2d16ea9-8b31-4025-b47f-06d11fb47d57,90f607d5b3838c07_4aa9fc18-537e-48cd-b756-57482983eb95,0180,1285.049,1495.766
d2d16ea9-8b31-4025-b47f-06d11fb47d57,90f607d5b3838c07_4aa9fc18-537e-48cd-b756-57482983eb95,0185,1285.549,1484.044
d2d16ea9-8b31-4025-b47f-06d11fb47d57,90f607d5b3838c07_4aa9fc18-537e-48cd-b756-57482983eb95,0190,1290.122,1497.399
d2d16ea9-8b31-4025-b47f-06d11fb47d57,90f607d5b3838c07_4aa9fc18-537e-48cd-b756-57482983eb95,0195,1290.164,1493.49
d2d16ea9-8b31-4025-b47f-06d11fb47d57,90f607d5b3838c07_4aa9fc18-537e-48cd-b756-57482983eb95,0200,1289.394,1489.689
d2d16ea9-8b31-4025-b47f-06d11fb47d57,90f607d5b3838c07_4aa9fc18-537e-48cd-b756-57482983eb95,0205,1288.798,1490.172
d2d16ea9-8b31-4025-b47f-06d11fb47d57,90f607d5b3838c07_4aa9fc18-537e-48cd-b756-57482983eb95,0210,1285.253,1490.075
d2d16ea9-8b31-4025-b47f-06d11fb47d57,90f607d5b3838c07_4aa9fc18-537e-48cd-b756-57482983eb95,0215,1289.891,1506.541
d2d16ea9-8b31-4025-b47f-06d11fb47d57,90f607d5b3838c07_4aa9fc18-537e-48cd-b756-57482983eb95,0220,1285.825,1494.87
d2d16ea9-8b31-4025-b47f-06d11fb47d57,90f607d5b3838c07_4aa9fc18-537e-48cd-b756-57482983eb95,0225,1285.615,1500.155
d2d16ea9-8b31-4025-b47f-06d11fb47d57,90f607d5b3838c07_4aa9fc18-537e-48cd-b756-57482983eb95,0230,1285.107,1497.994
d2d16ea9-8b31-4025-b47f-06d11fb47d57,90f607d5b3838c07_4aa9fc18-537e-48cd-b756-57482983eb95,0235,1285.567,1502.181
d2d16ea9-8b31-4025-b47f-06d11fb47d57,90f607d5b3838c07_4aa9fc18-537e-48cd-b756-57482983eb95,0240,1285.852,1500.197
d2d16ea9-8b31-4025-b47f-06d11fb47d57,90f607d5b3838c07_4aa9fc18-537e-48cd-b756-57482983eb95,0245,1289.902,1501.457
d2d16ea9-8b31-4025-b47f-06d11fb47d57,90f607d5b3838c07_4aa9fc18-537e-48cd-b756-57482983eb95,0250,1289.454,1491.354
d2d16ea9-8b31-4025-b47f-06d11fb47d57,90f607d5b3838c07_4aa9fc18-537e-48cd-b756-57482983eb95,0255,1290.192,1491.168
d2d16ea9-8b31-4025-b47f-06d11fb47d57,90f607d5b3838c07_4aa9fc18-537e-48cd-b756-57482983eb95,0260,1287.676,1488.447
d2d16ea9-8b31-4025-b47f-06d11fb47d57,90f607d5b3838c07_4aa9fc18-537e-48cd-b756-57482983eb95,0265,1289.977,1502.175
d2d16ea9-8b31-4025-b47f-06d11fb47d57,90f607d5b3838c07_4aa9fc18-537e-48cd-b756-57482983eb95,0270,1290.653,1509.3
d2d16ea9-8b31-4025-b47f-06d11fb47d57,90f607d5b3838c07_4aa9fc18-537e-48cd-b756-57482983eb95,0275,1290.654,1506.761
d2d16ea9-8b31-4025-b47f-06d11fb47d57,90f607d5b3838c07_4aa9fc18-537e-48cd-b756-57482983eb95,0280,1285.499,1487.192
d2d16ea9-8b31-4025-b47f-06d11fb47d57,90f607d5b3838c07_4aa9fc18-537e-48cd-b756-57482983eb95,0285,1286.786,1495.527
d2d16ea9-8b31-4025-b47f-06d11fb47d57,90f607d5b3838c07_4aa9fc18-537e-48cd-b756-57482983eb95,0290,1285.633,1501.124
d2d16ea9-8b31-4025-b47f-06d11fb47d57,90f607d5b3838c07_4aa9fc18-537e-48cd-b756-57482983eb95,0295,1286.232,1499.479
d2d16ea9-8b31-4025-b47f-06d11fb47d57,90f607d5b3838c07_4aa9fc18-537e-48cd-b756-57482983eb95,0300,1285.668,1497.781
d2d16ea9-8b31-4025-b47f-06d11fb47d57,90f607d5b3838c07_4aa9fc18-537e-48cd-b756-57482983eb95,0305,1285.541,1513.777
d2d16ea9-8b31-4025-b47f-06d11fb47d57,90f607d5b3838c07_4aa9fc18-537e-48cd-b756-57482983eb95,0310,1285.937,1487.769
d2d16ea9-8b31-4025-b47f-06d11fb47d57,90f607d5b3838c07_4aa9fc18-537e-48cd-b756-57482983eb95,0315,1286.242,1496.921
d2d16ea9-8b31-4025-b47f-06d11fb47d57,90f607d5b3838c07_4aa9fc18-537e-48cd-b756-57482983eb95,0320,1285.067,1493.115
d2d16ea9-8b31-4025-b47f-06d11fb47d57,90f607d5b3838c07_4aa9fc18-537e-48cd-b756-57482983eb95,0325,1285.351,1493.526
d2d16ea9-8b31-4025-b47f-06d11fb47d57,90f607d5b3838c07_4aa9fc18-537e-48cd-b756-57482983eb95,0330,1285.807,1493.184
d2d16ea9-8b31-4025-b47f-06d11fb47d57,90f607d5b3838c07_4aa9fc18-537e-48cd-b756-57482983eb95,0335,1285.284,1492.033
d2d16ea9-8b31-4025-b47f-06d11fb47d57,90f607d5b3838c07_4aa9fc18-537e-48cd-b756-57482983eb95,0340,1285.857,1494.629
d2d16ea9-8b31-4025-b47f-06d11fb47d57,90f607d5b3838c07_4aa9fc18-537e-48cd-b756-57482983eb95,0345,1286.245,1496.083
d2d16ea9-8b31-4025-b47f-06d11fb47d57,90f607d5b3838c07_4aa9fc18-537e-48cd-b756-57482983eb95,0350,1290.122,1497.465
d2d16ea9-8b31-4025-b47f-06d11fb47d57,90f607d5b3838c07_4aa9fc18-537e-48cd-b756-57482983eb95,0355,1286.172,1484.261
d2d16ea9-8b31-4025-b47f-06d11fb47d57,90f607d5b3838c07_4aa9fc18-537e-48cd-b756-57482983eb95,0360,1285.878,1492.897
d2d16ea9-8b31-4025-b47f-06d11fb47d57,90f607d5b3838c07_4aa9fc18-537e-48cd-b756-57482983eb95,0365,1285.826,1491.9
d2d16ea9-8b31-4025-b47f-06d11fb47d57,90f607d5b3838c07_4aa9fc18-537e-48cd-b756-57482983eb95,0370,1286.496,1492.126
d2d16ea9-8b31-4025-b47f-06d11fb47d57,90f607d5b3838c07_4aa9fc18-537e-48cd-b756-57482983eb95,0375,1286.228,1493.104
d2d16ea9-8b31-4025-b47f-06d11fb47d57,90f607d5b3838c07_4aa9fc18-537e-48cd-b756-57482983eb95,0380,1285.989,1497.186
d2d16ea9-8b31-4025-b47f-06d11fb47d57,90f607d5b3838c07_4aa9fc18-537e-48cd-b756-57482983eb95,0385,1285.586,1490.057
d2d16ea9-8b31-4025-b47f-06d11fb47d57,90f607d5b3838c07_4aa9fc18-537e-48cd-b756-57482983eb95,0390,1286.275,1494.863
d2d16ea9-8b31-4025-b47f-06d11fb47d57,90f607d5b3838c07_4aa9fc18-537e-48cd-b756-57482983eb95,0395,1285.591,1495.903
d2d16ea9-8b31-4025-b47f-06d11fb47d57,90f607d5b3838c07_4aa9fc18-537e-48cd-b756-57482983eb95,0400,1289.873,1504.715
d2d16ea9-8b31-4025-b47f-06d11fb47d57,90f607d5b3838c07_4aa9fc18-537e-48cd-b756-57482983eb95,0405,1285.445,1523.448
d2d16ea9-8b31-4025-b47f-06d11fb47d57,90f607d5b3838c07_4aa9fc18-537e-48cd-b756-57482983eb95,0410,1285.746,1496.808
d2d16ea9-8b31-4025-b47f-06d11fb47d57,90f607d5b3838c07_4aa9fc18-537e-48cd-b756-57482983eb95,0415,1291.553,1507.055
d2d16ea9-8b31-4025-b47f-06d11fb47d57,90f607d5b3838c07_4aa9fc18-537e-48cd-b756-57482983eb95,0420,1290.091,1492.257
d2d16ea9-8b31-4025-b47f-06d11fb47d57,90f607d5b3838c07_4aa9fc18-537e-48cd-b756-57482983eb95,0425,1290.309,1491.47
d2d16ea9-8b31-4025-b47f-06d11fb47d57,90f607d5b3838c07_4aa9fc18-537e-48cd-b756-57482983eb95,0430,1290.427,1494.484
d2d16ea9-8b31-4025-b47f-06d11fb47d57,90f607d5b3838c07_4aa9fc18-537e-48cd-b756-57482983eb95,0435,1290.226,1489.797
d2d16ea9-8b31-4025-b47f-06d11fb47d57,90f607d5b3838c07_4aa9fc18-537e-48cd-b756-57482983eb95,0440,1285.656,1495.05
d2d16ea9-8b31-4025-b47f-06d11fb47d57,90f607d5b3838c07_4aa9fc18-537e-48cd-b756-57482983eb95,0445,1289.424,1499.41
d2d16ea9-8b31-4025-b47f-06d11fb47d57,90f607d5b3838c07_4aa9fc18-537e-48cd-b756-57482983eb95,0450,1286.148,1500.177
d2d16ea9-8b31-4025-b47f-06d11fb47d57,90f607d5b3838c07_4aa9fc18-537e-48cd-b756-57482983eb95,0455,1285.73,1503.733
d2d16ea9-8b31-4025-b47f-06d11fb47d57,90f607d5b3838c07_4aa9fc18-537e-48cd-b756-57482983eb95,0460,1285.707,1506.244
d2d16ea9-8b31-4025-b47f-06d11fb47d57,90f607d5b3838c07_4aa9fc18-537e-48cd-b756-57482983eb95,0465,1290.732,1510.205
d2d16ea9-8b31-4025-b47f-06d11fb47d57,90f607d5b3838c07_4aa9fc18-537e-48cd-b756-57482983eb95,0470,1286.302,1504.859
d2d16ea9-8b31-4025-b47f-06d11fb47d57,90f607d5b3838c07_4aa9fc18-537e-48cd-b756-57482983eb95,0475,1286.569,1507.64
d2d16ea9-8b31-4025-b47f-06d11fb47d57,90f607d5b3838c07_4aa9fc18-537e-48cd-b756-57482983eb95,0480,1287.95,1507.862
d2d16ea9-8b31-4025-b47f-06d11fb47d57,90f607d5b3838c07_4aa9fc18-537e-48cd-b756-57482983eb95,0485,1286.016,1500.754
d2d16ea9-8b31-4025-b47f-06d11fb47d57,90f607d5b3838c07_4aa9fc18-537e-48cd-b756-57482983eb95,0490,1290.659,1501.913
d2d16ea9-8b31-4025-b47f-06d11fb47d57,90f607d5b3838c07_4aa9fc18-537e-48cd-b756-57482983eb95,0495,1290.056,1509.187
d2d16ea9-8b31-4025-b47f-06d11fb47d57,90f607d5b3838c07_4aa9fc18-537e-48cd-b756-57482983eb95,0500,1289.713,1492.551
d2d16ea9-8b31-4025-b47f-06d11fb47d57,90f607d5b3838c07_4aa9fc18-537e-48cd-b756-57482983eb95,0505,1289.916,1493.999
d2d16ea9-8b31-4025-b47f-06d11fb47d57,90f607d5b3838c07_4aa9fc18-537e-48cd-b756-57482983eb95,0510,1290.408,1493.861
d2d16ea9-8b31-4025-b47f-06d11fb47d57,90f607d5b3838c07_4aa9fc18-537e-48cd-b756-57482983eb95,0515,1290.33,1494.045
d2d16ea9-8b31-4025-b47f-06d11fb47d57,90f607d5b3838c07_4aa9fc18-537e-48cd-b756-57482983eb95,0520,1289.665,1492.924
d2d16ea9-8b31-4025-b47f-06d11fb47d57,90f607d5b3838c07_4aa9fc18-537e-48cd-b756-57482983eb95,0525,1286.033,1505.2
d2d16ea9-8b31-4025-b47f-06d11fb47d57,90f607d5b3838c07_4aa9fc18-537e-48cd-b756-57482983eb95,0530,1285.507,1502.704
d2d16ea9-8b31-4025-b47f-06d11fb47d57,90f607d5b3838c07_4aa9fc18-537e-48cd-b756-57482983eb95,0535,1284.852,1487.522
d2d16ea9-8b31-4025-b47f-06d11fb47d57,90f607d5b3838c07_4aa9fc18-537e-48cd-b756-57482983eb95,0540,1285.771,1502.816
d2d16ea9-8b31-4025-b47f-06d11fb47d57,90f607d5b3838c07_4aa9fc18-537e-48cd-b756-57482983eb95,0545,1286.169,1493.009
d2d16ea9-8b31-4025-b47f-06d11fb47d57,90f607d5b3838c07_4aa9fc18-537e-48cd-b756-57482983eb95,0550,1290.864,1509.026
d2d16ea9-8b31-4025-b47f-06d11fb47d57,90f607d5b3838c07_4aa9fc18-537e-48cd-b756-57482983eb95,0555,1286.068,1498.68
d2d16ea9-8b31-4025-b47f-06d11fb47d57,90f607d5b3838c07_4aa9fc18-537e-48cd-b756-57482983eb95,0560,1290.249,1508.975
d2d16ea9-8b31-4025-b47f-06d11fb47d57,90f607d5b3838c07_4aa9fc18-537e-48cd-b756-57482983eb95,0565,1285.695,1499.02
d2d16ea9-8b31-4025-b47f-06d11fb47d57,90f607d5b3838c07_4aa9fc18-537e-48cd-b756-57482983eb95,0570,1285.976,1504.179
d2d16ea9-8b31-4025-b47f-06d11fb47d57,90f607d5b3838c07_4aa9fc18-537e-48cd-b756-57482983eb95,0575,1290.9,1504.505
d2d16ea9-8b31-4025-b47f-06d11fb47d57,90f607d5b3838c07_4aa9fc18-537e-48cd-b756-57482983eb95,0580,1285.528,1499.993
d2d16ea9-8b31-4025-b47f-06d11fb47d57,90f607d5b3838c07_4aa9fc18-537e-48cd-b756-57482983eb95,0585,1286.137,1503.01
d2d16ea9-8b31-4025-b47f-06d11fb47d57,90f607d5b3838c07_4aa9fc18-537e-48cd-b756-57482983eb95,0590,1286.079,1500.206
d2d16ea9-8b31-4025-b47f-06d11fb47d57,90f607d5b3838c07_4aa9fc18-537e-48cd-b756-57482983eb95,0595,1286.119,1508.432
d2d16ea9-8b31-4025-b47f-06d11fb47d57,90f607d5b3838c07_4aa9fc18-537e-48cd-b756-57482983eb95,0600,1285.96,1498.479
d2d16ea9-8b31-4025-b47f-06d11fb47d57,90f607d5b3838c07_4aa9fc18-537e-48cd-b756-57482983eb95,0605,1285.926,1486.288
d2d16ea9-8b31-4025-b47f-06d11fb47d57,90f607d5b3838c07_4aa9fc18-537e-48cd-b756-57482983eb95,0610,1285.601,1494.827
d2d16ea9-8b31-4025-b47f-06d11fb47d57,90f607d5b3838c07_4aa9fc18-537e-48cd-b756-57482983eb95,0615,1285.798,1501.15
d2d16ea9-8b31-4025-b47f-06d11fb47d57,90f607d5b3838c07_4aa9fc18-537e-48cd-b756-57482983eb95,0620,1285.528,1500.131
d2d16ea9-8b31-4025-b47f-06d11fb47d57,90f607d5b3838c07_4aa9fc18-537e-48cd-b756-57482983eb95,0625,1285.819,1495.936
d2d16ea9-8b31-4025-b47f-06d11fb47d57,90f607d5b3838c07_4aa9fc18-537e-48cd-b756-57482983eb95,0630,1289.428,1499.031
d2d16ea9-8b31-4025-b47f-06d11fb47d57,90f607d5b3838c07_4aa9fc18-537e-48cd-b756-57482983eb95,0635,1285.843,1494.358
d2d16ea9-8b31-4025-b47f-06d11fb47d57,90f607d5b3838c07_4aa9fc18-537e-48cd-b756-57482983eb95,0640,1286.062,1494.387
d2d16ea9-8b31-4025-b47f-06d11fb47d57,90f607d5b3838c07_4aa9fc18-537e-48cd-b756-57482983eb95,0645,1288.473,1505.346
d2d16ea9-8b31-4025-b47f-06d11fb47d57,90f607d5b3838c07_4aa9fc18-537e-48cd-b756-57482983eb95,0650,1286.051,1498.751
d2d16ea9-8b31-4025-b47f-06d11fb47d57,90f607d5b3838c07_4aa9fc18-537e-48cd-b756-57482983eb95,0655,1285.407,1494.279
d2d16ea9-8b31-4025-b47f-06d11fb47d57,90f607d5b3838c07_4aa9fc18-537e-48cd-b756-57482983eb95,0660,1285.987,1500.867
d2d16ea9-8b31-4025-b47f-06d11fb47d57,90f607d5b3838c07_4aa9fc18-537e-48cd-b756-57482983eb95,0665,1285.562,1494.868
d2d16ea9-8b31-4025-b47f-06d11fb47d57,90f607d5b3838c07_4aa9fc18-537e-48cd-b756-57482983eb95,0670,1285.315,1496.539
d2d16ea9-8b31-4025-b47f-06d11fb47d57,90f607d5b3838c07_4aa9fc18-537e-48cd-b756-57482983eb95,0675,1285.589,1496.667
d2d16ea9-8b31-4025-b47f-06d11fb47d57,90f607d5b3838c07_4aa9fc18-537e-48cd-b756-57482983eb95,0680,1285.423,1503.962
d2d16ea9-8b31-4025-b47f-06d11fb47d57,90f607d5b3838c07_4aa9fc18-537e-48cd-b756-57482983eb95,0685,1289.569,1491.02
d2d16ea9-8b31-4025-b47f-06d11fb47d57,90f607d5b3838c07_4aa9fc18-537e-48cd-b756-57482983eb95,0690,1290.684,1492.731
d2d16ea9-8b31-4025-b47f-06d11fb47d57,90f607d5b3838c07_4aa9fc18-537e-48cd-b756-57482983eb95,0695,1290.42,1492.59
d2d16ea9-8b31-4025-b47f-06d11fb47d57,90f607d5b3838c07_4aa9fc18-537e-48cd-b756-57482983eb95,0700,1290.537,1493.762
d2d16ea9-8b31-4025-b47f-06d11fb47d57,90f607d5b3838c07_4aa9fc18-537e-48cd-b756-57482983eb95,0705,1290.866,1492.581
d2d16ea9-8b31-4025-b47f-06d11fb47d57,90f607d5b3838c07_4aa9fc18-537e-48cd-b756-57482983eb95,0710,1289.76,1491.741
d2d16ea9-8b31-4025-b47f-06d11fb47d57,90f607d5b3838c07_4aa9fc18-537e-48cd-b756-57482983eb95,0715,1290.159,1492.673
d2d16ea9-8b31-4025-b47f-06d11fb47d57,90f607d5b3838c07_4aa9fc18-537e-48cd-b756-57482983eb95,0720,1290.663,1492.808
d2d16ea9-8b31-4025-b47f-06d11fb47d57,90f607d5b3838c07_4aa9fc18-537e-48cd-b756-57482983eb95,0725,1290.817,1495.225
d2d16ea9-8b31-4025-b47f-06d11fb47d57,90f607d5b3838c07_4aa9fc18-537e-48cd-b756-57482983eb95,0730,1290.282,1490.501
d2d16ea9-8b31-4025-b47f-06d11fb47d57,90f607d5b3838c07_4aa9fc18-537e-48cd-b756-57482983eb95,0735,1286.456,1487.785
d2d16ea9-8b31-4025-b47f-06d11fb47d57,90f607d5b3838c07_4aa9fc18-537e-48cd-b756-57482983eb95,0740,1285.509,1502.937
d2d16ea9-8b31-4025-b47f-06d11fb47d57,90f607d5b3838c07_4aa9fc18-537e-48cd-b756-57482983eb95,0745,1285.861,1500.087
d2d16ea9-8b31-4025-b47f-06d11fb47d57,90f607d5b3838c07_4aa9fc18-537e-48cd-b756-57482983eb95,0750,1286.182,1501.0
d2d16ea9-8b31-4025-b47f-06d11fb47d57,90f607d5b3838c07_4aa9fc18-537e-48cd-b756-57482983eb95,0755,1285.872,1495.124
d2d16ea9-8b31-4025-b47f-06d11fb47d57,90f607d5b3838c07_4aa9fc18-537e-48cd-b756-57482983eb95,0760,1290.409,1500.848
d2d16ea9-8b31-4025-b47f-06d11fb47d57,90f607d5b3838c07_4aa9fc18-537e-48cd-b756-57482983eb95,0765,1290.625,1491.286
d2d16ea9-8b31-4025-b47f-06d11fb47d57,90f607d5b3838c07_4aa9fc18-537e-48cd-b756-57482983eb95,0770,1285.666,1489.228
d2d16ea9-8b31-4025-b47f-06d11fb47d57,90f607d5b3838c07_4aa9fc18-537e-48cd-b756-57482983eb95,0775,1286.287,1503.147
d2d16ea9-8b31-4025-b47f-06d11fb47d57,90f607d5b3838c07_4aa9fc18-537e-48cd-b756-57482983eb95,0780,1290.678,1501.434
d2d16ea9-8b31-4025-b47f-06d11fb47d57,90f607d5b3838c07_4aa9fc18-537e-48cd-b756-57482983eb95,0785,1285.969,1500.96
d2d16ea9-8b31-4025-b47f-06d11fb47d57,90f607d5b3838c07_4aa9fc18-537e-48cd-b756-57482983eb95,0790,1289.798,1507.591
d2d16ea9-8b31-4025-b47f-06d11fb47d57,90f607d5b3838c07_4aa9fc18-537e-48cd-b756-57482983eb95,0795,1290.063,1492.257
d2d16ea9-8b31-4025-b47f-06d11fb47d57,90f607d5b3838c07_4aa9fc18-537e-48cd-b756-57482983eb95,0800,1290.045,1490.012
d2d16ea9-8b31-4025-b47f-06d11fb47d57,90f607d5b3838c07_4aa9fc18-537e-48cd-b756-57482983eb95,0805,1289.904,1490.848
d2d16ea9-8b31-4025-b47f-06d11fb47d57,90f607d5b3838c07_4aa9fc18-537e-48cd-b756-57482983eb95,0810,1289.534,1490.113
d2d16ea9-8b31-4025-b47f-06d11fb47d57,90f607d5b3838c07_4aa9fc18-537e-48cd-b756-57482983eb95,0815,1286.172,1488.989
d2d16ea9-8b31-4025-b47f-06d11fb47d57,90f607d5b3838c07_4aa9fc18-537e-48cd-b756-57482983eb95,0820,1291.268,1511.858
d2d16ea9-8b31-4025-b47f-06d11fb47d57,90f607d5b3838c07_4aa9fc18-537e-48cd-b756-57482983eb95,0825,1286.138,1490.279
d2d16ea9-8b31-4025-b47f-06d11fb47d57,90f607d5b3838c07_4aa9fc18-537e-48cd-b756-57482983eb95,0830,1290.06,1511.141
d2d16ea9-8b31-4025-b47f-06d11fb47d57,90f607d5b3838c07_4aa9fc18-537e-48cd-b756-57482983eb95,0835,1286.143,1489.632
d2d16ea9-8b31-4025-b47f-06d11fb47d57,90f607d5b3838c07_4aa9fc18-537e-48cd-b756-57482983eb95,0840,1287.562,1504.082
d2d16ea9-8b31-4025-b47f-06d11fb47d57,90f607d5b3838c07_4aa9fc18-537e-48cd-b756-57482983eb95,0845,1285.53,1494.856
d2d16ea9-8b31-4025-b47f-06d11fb47d57,90f607d5b3838c07_4aa9fc18-537e-48cd-b756-57482983eb95,0850,1285.836,1496.354
d2d16ea9-8b31-4025-b47f-06d11fb47d57,90f607d5b3838c07_4aa9fc18-537e-48cd-b756-57482983eb95,0855,1290.515,1499.905
d2d16ea9-8b31-4025-b47f-06d11fb47d57,90f607d5b3838c07_4aa9fc18-537e-48cd-b756-57482983eb95,0860,1285.613,1497.203
d2d16ea9-8b31-4025-b47f-06d11fb47d57,90f607d5b3838c07_4aa9fc18-537e-48cd-b756-57482983eb95,0865,1285.846,1496.669
d2d16ea9-8b31-4025-b47f-06d11fb47d57,90f607d5b3838c07_4aa9fc18-537e-48cd-b756-57482983eb95,0870,1286.539,1496.827
d2d16ea9-8b31-4025-b47f-06d11fb47d57,90f607d5b3838c07_4aa9fc18-537e-48cd-b756-57482983eb95,0875,1285.482,1496.731
d2d16ea9-8b31-4025-b47f-06d11fb47d57,90f607d5b3838c07_4aa9fc18-537e-48cd-b756-57482983eb95,0880,1285.942,1496.516
d2d16ea9-8b31-4025-b47f-06d11fb47d57,90f607d5b3838c07_4aa9fc18-537e-48cd-b756-57482983eb95,0885,1286.254,1503.218
d2d16ea9-8b31-4025-b47f-06d11fb47d57,90f607d5b3838c07_4aa9fc18-537e-48cd-b756-57482983eb95,0890,1285.701,1503.783
d2d16ea9-8b31-4025-b47f-06d11fb47d57,90f607d5b3838c07_4aa9fc18-537e-48cd-b756-57482983eb95,0895,1286.15,1489.202
d2d16ea9-8b31-4025-b47f-06d11fb47d57,90f607d5b3838c07_4aa9fc18-537e-48cd-b756-57482983eb95,0900,1286.409,1502.452
d2d16ea9-8b31-4025-b47f-06d11fb47d57,90f607d5b3838c07_4aa9fc18-537e-48cd-b756-57482983eb95,0905,1285.918,1496.801
0789051d-c2c3-472d-ac01-57f17d8761c4,027f6d0ce122a990_ca3db7e5-a522-4ebd-be1e-267a67d25dcf,0005,1286.294,1523.951
0789051d-c2c3-472d-ac01-57f17d8761c4,027f6d0ce122a990_ca3db7e5-a522-4ebd-be1e-267a67d25dcf,0010,1286.342,1507.686
0789051d-c2c3-472d-ac01-57f17d8761c4,027f6d0ce122a990_ca3db7e5-a522-4ebd-be1e-267a67d25dcf,0015,1290.443,1508.174
0789051d-c2c3-472d-ac01-57f17d8761c4,027f6d0ce122a990_ca3db7e5-a522-4ebd-be1e-267a67d25dcf,0020,1285.396,1498.313
0789051d-c2c3-472d-ac01-57f17d8761c4,027f6d0ce122a990_ca3db7e5-a522-4ebd-be1e-267a67d25dcf,0025,1285.704,1497.603
0789051d-c2c3-472d-ac01-57f17d8761c4,027f6d0ce122a990_ca3db7e5-a522-4ebd-be1e-267a67d25dcf,0030,1285.408,1499.426
0789051d-c2c3-472d-ac01-57f17d8761c4,027f6d0ce122a990_ca3db7e5-a522-4ebd-be1e-267a67d25dcf,0035,1290.367,1500.538
0789051d-c2c3-472d-ac01-57f17d8761c4,027f6d0ce122a990_ca3db7e5-a522-4ebd-be1e-267a67d25dcf,0040,1290.24,1491.586
0789051d-c2c3-472d-ac01-57f17d8761c4,027f6d0ce122a990_ca3db7e5-a522-4ebd-be1e-267a67d25dcf,0045,1290.303,1494.209
0789051d-c2c3-472d-ac01-57f17d8761c4,027f6d0ce122a990_ca3db7e5-a522-4ebd-be1e-267a67d25dcf,0050,1286.253,1489.346
0789051d-c2c3-472d-ac01-57f17d8761c4,027f6d0ce122a990_ca3db7e5-a522-4ebd-be1e-267a67d25dcf,0055,1285.874,1499.518
0789051d-c2c3-472d-ac01-57f17d8761c4,027f6d0ce122a990_ca3db7e5-a522-4ebd-be1e-267a67d25dcf,0060,1290.974,1503.894
0789051d-c2c3-472d-ac01-57f17d8761c4,027f6d0ce122a990_ca3db7e5-a522-4ebd-be1e-267a67d25dcf,0065,1286.855,1490.645
0789051d-c2c3-472d-ac01-57f17d8761c4,027f6d0ce122a990_ca3db7e5-a522-4ebd-be1e-267a67d25dcf,0070,1290.913,1510.793
0789051d-c2c3-472d-ac01-57f17d8761c4,027f6d0ce122a990_ca3db7e5-a522-4ebd-be1e-267a67d25dcf,0075,1286.047,1501.087
0789051d-c2c3-472d-ac01-57f17d8761c4,027f6d0ce122a990_ca3db7e5-a522-4ebd-be1e-267a67d25dcf,0080,1286.094,1503.599
0789051d-c2c3-472d-ac01-57f17d8761c4,027f6d0ce122a990_ca3db7e5-a522-4ebd-be1e-267a67d25dcf,0085,1286.088,1501.811
0789051d-c2c3-472d-ac01-57f17d8761c4,027f6d0ce122a990_ca3db7e5-a522-4ebd-be1e-267a67d25dcf,0090,1286.024,1497.408
0789051d-c2c3-472d-ac01-57f17d8761c4,027f6d0ce122a990_ca3db7e5-a522-4ebd-be1e-267a67d25dcf,0095,1285.881,1502.392
0789051d-c2c3-472d-ac01-57f17d8761c4,027f6d0ce122a990_ca3db7e5-a522-4ebd-be1e-267a67d25dcf,0100,1286.088,1505.649
0789051d-c2c3-472d-ac01-57f17d8761c4,027f6d0ce122a990_ca3db7e5-a522-4ebd-be1e-267a67d25dcf,0105,1285.32,1496.391
0789051d-c2c3-472d-ac01-57f17d8761c4,027f6d0ce122a990_ca3db7e5-a522-4ebd-be1e-267a67d25dcf,0110,1286.539,1497.863
0789051d-c2c3-472d-ac01-57f17d8761c4,027f6d0ce122a990_ca3db7e5-a522-4ebd-be1e-267a67d25dcf,0115,1285.85,1506.158
0789051d-c2c3-472d-ac01-57f17d8761c4,027f6d0ce122a990_ca3db7e5-a522-4ebd-be1e-267a67d25dcf,0120,1285.688,1497.006
0789051d-c2c3-472d-ac01-57f17d8761c4,027f6d0ce122a990_ca3db7e5-a522-4ebd-be1e-267a67d25dcf,0125,1290.497,1497.411
0789051d-c2c3-472d-ac01-57f17d8761c4,027f6d0ce122a990_ca3db7e5-a522-4ebd-be1e-267a67d25dcf,0130,1290.201,1494.335
0789051d-c2c3-472d-ac01-57f17d8761c4,027f6d0ce122a990_ca3db7e5-a522-4ebd-be1e-267a67d25dcf,0135,1290.506,1491.881
0789051d-c2c3-472d-ac01-57f17d8761c4,027f6d0ce122a990_ca3db7e5-a522-4ebd-be1e-267a67d25dcf,0140,1290.147,1492.799
0789051d-c2c3-472d-ac01-57f17d8761c4,027f6d0ce122a990_ca3db7e5-a522-4ebd-be1e-267a67d25dcf,0145,1289.906,1492.032
0789051d-c2c3-472d-ac01-57f17d8761c4,027f6d0ce122a990_ca3db7e5-a522-4ebd-be1e-267a67d25dcf,0150,1285.983,1488.45
0789051d-c2c3-472d-ac01-57f17d8761c4,027f6d0ce122a990_ca3db7e5-a522-4ebd-be1e-267a67d25dcf,0155,1289.69,1499.482
0789051d-c2c3-472d-ac01-57f17d8761c4,027f6d0ce122a990_ca3db7e5-a522-4ebd-be1e-267a67d25dcf,0160,1285.273,1503.236
0789051d-c2c3-472d-ac01-57f17d8761c4,027f6d0ce122a990_ca3db7e5-a522-4ebd-be1e-267a67d25dcf,0165,1285.748,1498.323
0789051d-c2c3-472d-ac01-57f17d8761c4,027f6d0ce122a990_ca3db7e5-a522-4ebd-be1e-267a67d25dcf,0170,1285.836,1497.705
0789051d-c2c3-472d-ac01-57f17d8761c4,027f6d0ce122a990_ca3db7e5-a522-4ebd-be1e-267a67d25dcf,0175,1285.38,1500.556
0789051d-c2c3-472d-ac01-57f17d8761c4,027f6d0ce122a990_ca3db7e5-a522-4ebd-be1e-267a67d25dcf,0180,1285.422,1494.085
0789051d-c2c3-472d-ac01-57f17d8761c4,027f6d0ce122a990_ca3db7e5-a522-4ebd-be1e-267a67d25dcf,0185,1291.258,1509.096
0789051d-c2c3-472d-ac01-57f17d8761c4,027f6d0ce122a990_ca3db7e5-a522-4ebd-be1e-267a67d25dcf,0190,1285.727,1499.012
0789051d-c2c3-472d-ac01-57f17d8761c4,027f6d0ce122a990_ca3db7e5-a522-4ebd-be1e-267a67d25dcf,0195,1285.955,1500.812
0789051d-c2c3-472d-ac01-57f17d8761c4,027f6d0ce122a990_ca3db7e5-a522-4ebd-be1e-267a67d25dcf,0200,1285.667,1500.28
0789051d-c2c3-472d-ac01-57f17d8761c4,027f6d0ce122a990_ca3db7e5-a522-4ebd-be1e-267a67d25dcf,0205,1285.546,1501.679
0789051d-c2c3-472d-ac01-57f17d8761c4,027f6d0ce122a990_ca3db7e5-a522-4ebd-be1e-267a67d25dcf,0210,1285.576,1500.916
0789051d-c2c3-472d-ac01-57f17d8761c4,027f6d0ce122a990_ca3db7e5-a522-4ebd-be1e-267a67d25dcf,0215,1285.875,1500.989
0789051d-c2c3-472d-ac01-57f17d8761c4,027f6d0ce122a990_ca3db7e5-a522-4ebd-be1e-267a67d25dcf,0220,1285.434,1505.537
0789051d-c2c3-472d-ac01-57f17d8761c4,027f6d0ce122a990_ca3db7e5-a522-4ebd-be1e-267a67d25dcf,0225,1285.71,1502.577
0789051d-c2c3-472d-ac01-57f17d8761c4,027f6d0ce122a990_ca3db7e5-a522-4ebd-be1e-267a67d25dcf,0230,1285.446,1503.363
0789051d-c2c3-472d-ac01-57f17d8761c4,027f6d0ce122a990_ca3db7e5-a522-4ebd-be1e-267a67d25dcf,0235,1286.214,1502.098
0789051d-c2c3-472d-ac01-57f17d8761c4,027f6d0ce122a990_ca3db7e5-a522-4ebd-be1e-267a67d25dcf,0240,1285.517,1502.11
0789051d-c2c3-472d-ac01-57f17d8761c4,027f6d0ce122a990_ca3db7e5-a522-4ebd-be1e-267a67d25dcf,0245,1285.707,1493.505
0789051d-c2c3-472d-ac01-57f17d8761c4,027f6d0ce122a990_ca3db7e5-a522-4ebd-be1e-267a67d25dcf,0250,1286.975,1490.896
0789051d-c2c3-472d-ac01-57f17d8761c4,027f6d0ce122a990_ca3db7e5-a522-4ebd-be1e-267a67d25dcf,0255,1285.805,1487.399
0789051d-c2c3-472d-ac01-57f17d8761c4,027f6d0ce122a990_ca3db7e5-a522-4ebd-be1e-267a67d25dcf,0260,1286.977,1490.545
0789051d-c2c3-472d-ac01-57f17d8761c4,027f6d0ce122a990_ca3db7e5-a522-4ebd-be1e-267a67d25dcf,0265,1286.01,1490.788
0789051d-c2c3-472d-ac01-57f17d8761c4,027f6d0ce122a990_ca3db7e5-a522-4ebd-be1e-267a67d25dcf,0270,1285.54,1496.239
0789051d-c2c3-472d-ac01-57f17d8761c4,027f6d0ce122a990_ca3db7e5-a522-4ebd-be1e-267a67d25dcf,0275,1285.4,1497.07
0789051d-c2c3-472d-ac01-57f17d8761c4,027f6d0ce122a990_ca3db7e5-a522-4ebd-be1e-267a67d25dcf,0280,1285.326,1499.124
0789051d-c2c3-472d-ac01-57f17d8761c4,027f6d0ce122a990_ca3db7e5-a522-4ebd-be1e-267a67d25dcf,0285,1284.917,1491.396
0789051d-c2c3-472d-ac01-57f17d8761c4,027f6d0ce122a990_ca3db7e5-a522-4ebd-be1e-267a67d25dcf,0290,1284.937,1503.432
0789051d-c2c3-472d-ac01-57f17d8761c4,027f6d0ce122a990_ca3db7e5-a522-4ebd-be1e-267a67d25dcf,0295,1285.303,1499.255
0789051d-c2c3-472d-ac01-57f17d8761c4,027f6d0ce122a990_ca3db7e5-a522-4ebd-be1e-267a67d25dcf,0300,1285.084,1501.615
0789051d-c2c3-472d-ac01-57f17d8761c4,027f6d0ce122a990_ca3db7e5-a522-4ebd-be1e-267a67d25dcf,0305,1285.578,1496.179
0789051d-c2c3-472d-ac01-57f17d8761c4,027f6d0ce122a990_ca3db7e5-a522-4ebd-be1e-267a67d25dcf,0310,1285.843,1499.974
0789051d-c2c3-472d-ac01-57f17d8761c4,027f6d0ce122a990_ca3db7e5-a522-4ebd-be1e-267a67d25dcf,0315,1285.566,1499.729
0789051d-c2c3-472d-ac01-57f17d8761c4,027f6d0ce122a990_ca3db7e5-a522-4ebd-be1e-267a67d25dcf,0320,1288.87,1505.464
0789051d-c2c3-472d-ac01-57f17d8761c4,027f6d0ce122a990_ca3db7e5-a522-4ebd-be1e-267a67d25dcf,0325,1285.679,1500.237
0789051d-c2c3-472d-ac01-57f17d8761c4,027f6d0ce122a990_ca3db7e5-a522-4ebd-be1e-267a67d25dcf,0330,1285.344,1494.343
0789051d-c2c3-472d-ac01-57f17d8761c4,027f6d0ce122a990_ca3db7e5-a522-4ebd-be1e-267a67d25dcf,0335,1285.436,1496.1
0789051d-c2c3-472d-ac01-57f17d8761c4,027f6d0ce122a990_ca3db7e5-a522-4ebd-be1e-267a67d25dcf,0340,1285.506,1504.221
0789051d-c2c3-472d-ac01-57f17d8761c4,027f6d0ce122a990_ca3db7e5-a522-4ebd-be1e-267a67d25dcf,0345,1285.336,1499.868
0789051d-c2c3-472d-ac01-57f17d8761c4,027f6d0ce122a990_ca3db7e5-a522-4ebd-be1e-267a67d25dcf,0350,1285.861,1502.536
0789051d-c2c3-472d-ac01-57f17d8761c4,027f6d0ce122a990_ca3db7e5-a522-4ebd-be1e-267a67d25dcf,0355,1285.366,1503.599
0789051d-c2c3-472d-ac01-57f17d8761c4,027f6d0ce122a990_ca3db7e5-a522-4ebd-be1e-267a67d25dcf,0360,1285.508,1496.882
0789051d-c2c3-472d-ac01-57f17d8761c4,027f6d0ce122a990_ca3db7e5-a522-4ebd-be1e-267a67d25dcf,0365,1285.391,1499.06
0789051d-c2c3-472d-ac01-57f17d8761c4,027f6d0ce122a990_ca3db7e5-a522-4ebd-be1e-267a67d25dcf,0370,1285.508,1500.314
0789051d-c2c3-472d-ac01-57f17d8761c4,027f6d0ce122a990_ca3db7e5-a522-4ebd-be1e-267a67d25dcf,0375,1285.362,1495.016
0789051d-c2c3-472d-ac01-57f17d8761c4,027f6d0ce122a990_ca3db7e5-a522-4ebd-be1e-267a67d25dcf,0380,1290.82,1508.844
0789051d-c2c3-472d-ac01-57f17d8761c4,027f6d0ce122a990_ca3db7e5-a522-4ebd-be1e-267a67d25dcf,0385,1290.426,1506.663
0789051d-c2c3-472d-ac01-57f17d8761c4,027f6d0ce122a990_ca3db7e5-a522-4ebd-be1e-267a67d25dcf,0390,1285.695,1494.509
63d0193e-77b4-4a87-9a50-935054b3c7c3,2cc6fb21357b9412_354f2473-ace2-413e-bc0a-fd9bf7575496,0005,1285.951,1521.952
63d0193e-77b4-4a87-9a50-935054b3c7c3,2cc6fb21357b9412_354f2473-ace2-413e-bc0a-fd9bf7575496,0010,1289.822,1514.536
63d0193e-77b4-4a87-9a50-935054b3c7c3,2cc6fb21357b9412_354f2473-ace2-413e-bc0a-fd9bf7575496,0015,1286.375,1487.068
63d0193e-77b4-4a87-9a50-935054b3c7c3,2cc6fb21357b9412_354f2473-ace2-413e-bc0a-fd9bf7575496,0020,1286.379,1495.496
63d0193e-77b4-4a87-9a50-935054b3c7c3,2cc6fb21357b9412_354f2473-ace2-413e-bc0a-fd9bf7575496,0025,1286.544,1494.797
63d0193e-77b4-4a87-9a50-935054b3c7c3,2cc6fb21357b9412_354f2473-ace2-413e-bc0a-fd9bf7575496,0030,1285.506,1494.042
63d0193e-77b4-4a87-9a50-935054b3c7c3,2cc6fb21357b9412_354f2473-ace2-413e-bc0a-fd9bf7575496,0035,1285.86,1488.061
63d0193e-77b4-4a87-9a50-935054b3c7c3,2cc6fb21357b9412_354f2473-ace2-413e-bc0a-fd9bf7575496,0040,1285.959,1503.464
63d0193e-77b4-4a87-9a50-935054b3c7c3,2cc6fb21357b9412_354f2473-ace2-413e-bc0a-fd9bf7575496,0045,1286.018,1495.645
63d0193e-77b4-4a87-9a50-935054b3c7c3,2cc6fb21357b9412_354f2473-ace2-413e-bc0a-fd9bf7575496,0050,1286.689,1504.939
63d0193e-77b4-4a87-9a50-935054b3c7c3,2cc6fb21357b9412_354f2473-ace2-413e-bc0a-fd9bf7575496,0055,1286.399,1496.662
63d0193e-77b4-4a87-9a50-935054b3c7c3,2cc6fb21357b9412_354f2473-ace2-413e-bc0a-fd9bf7575496,0060,1285.533,1500.644
63d0193e-77b4-4a87-9a50-935054b3c7c3,2cc6fb21357b9412_354f2473-ace2-413e-bc0a-fd9bf7575496,0065,1286.829,1495.1
63d0193e-77b4-4a87-9a50-935054b3c7c3,2cc6fb21357b9412_354f2473-ace2-413e-bc0a-fd9bf7575496,0070,1286.7,1497.331
63d0193e-77b4-4a87-9a50-935054b3c7c3,2cc6fb21357b9412_354f2473-ace2-413e-bc0a-fd9bf7575496,0075,1285.994,1496.499
63d0193e-77b4-4a87-9a50-935054b3c7c3,2cc6fb21357b9412_354f2473-ace2-413e-bc0a-fd9bf7575496,0080,1285.674,1499.571
63d0193e-77b4-4a87-9a50-935054b3c7c3,2cc6fb21357b9412_354f2473-ace2-413e-bc0a-fd9bf7575496,0085,1286.503,1493.789
63d0193e-77b4-4a87-9a50-935054b3c7c3,2cc6fb21357b9412_354f2473-ace2-413e-bc0a-fd9bf7575496,0090,1286.293,1494.746
63d0193e-77b4-4a87-9a50-935054b3c7c3,2cc6fb21357b9412_354f2473-ace2-413e-bc0a-fd9bf7575496,0095,1286.271,1493.418
63d0193e-77b4-4a87-9a50-935054b3c7c3,2cc6fb21357b9412_354f2473-ace2-413e-bc0a-fd9bf7575496,0100,1286.012,1490.816
63d0193e-77b4-4a87-9a50-935054b3c7c3,2cc6fb21357b9412_354f2473-ace2-413e-bc0a-fd9bf7575496,0105,1285.63,1493.969
63d0193e-77b4-4a87-9a50-935054b3c7c3,2cc6fb21357b9412_354f2473-ace2-413e-bc0a-fd9bf7575496,0110,1285.893,1499.891
63d0193e-77b4-4a87-9a50-935054b3c7c3,2cc6fb21357b9412_354f2473-ace2-413e-bc0a-fd9bf7575496,0115,1286.244,1493.295
63d0193e-77b4-4a87-9a50-935054b3c7c3,2cc6fb21357b9412_354f2473-ace2-413e-bc0a-fd9bf7575496,0120,1285.936,1501.347
63d0193e-77b4-4a87-9a50-935054b3c7c3,2cc6fb21357b9412_354f2473-ace2-413e-bc0a-fd9bf7575496,0125,1286.246,1500.064
63d0193e-77b4-4a87-9a50-935054b3c7c3,2cc6fb21357b9412_354f2473-ace2-413e-bc0a-fd9bf7575496,0130,1286.017,1502.067
63d0193e-77b4-4a87-9a50-935054b3c7c3,2cc6fb21357b9412_354f2473-ace2-413e-bc0a-fd9bf7575496,0135,1285.976,1500.175
63d0193e-77b4-4a87-9a50-935054b3c7c3,2cc6fb21357b9412_354f2473-ace2-413e-bc0a-fd9bf7575496,0140,1285.24,1500.125
63d0193e-77b4-4a87-9a50-935054b3c7c3,2cc6fb21357b9412_354f2473-ace2-413e-bc0a-fd9bf7575496,0145,1285.982,1500.85
63d0193e-77b4-4a87-9a50-935054b3c7c3,2cc6fb21357b9412_354f2473-ace2-413e-bc0a-fd9bf7575496,0150,1286.399,1494.836
63d0193e-77b4-4a87-9a50-935054b3c7c3,2cc6fb21357b9412_354f2473-ace2-413e-bc0a-fd9bf7575496,0155,1290.743,1500.266
63d0193e-77b4-4a87-9a50-935054b3c7c3,2cc6fb21357b9412_354f2473-ace2-413e-bc0a-fd9bf7575496,0160,1286.906,1487.115
63d0193e-77b4-4a87-9a50-935054b3c7c3,2cc6fb21357b9412_354f2473-ace2-413e-bc0a-fd9bf7575496,0165,1286.155,1494.517
63d0193e-77b4-4a87-9a50-935054b3c7c3,2cc6fb21357b9412_354f2473-ace2-413e-bc0a-fd9bf7575496,0170,1285.575,1502.278
63d0193e-77b4-4a87-9a50-935054b3c7c3,2cc6fb21357b9412_354f2473-ace2-413e-bc0a-fd9bf7575496,0175,1286.335,1497.889
63d0193e-77b4-4a87-9a50-935054b3c7c3,2cc6fb21357b9412_354f2473-ace2-413e-bc0a-fd9bf7575496,0180,1289.3,1505.989
63d0193e-77b4-4a87-9a50-935054b3c7c3,2cc6fb21357b9412_354f2473-ace2-413e-bc0a-fd9bf7575496,0185,1289.515,1501.218
63d0193e-77b4-4a87-9a50-935054b3c7c3,2cc6fb21357b9412_354f2473-ace2-413e-bc0a-fd9bf7575496,0190,1289.602,1504.004
63d0193e-77b4-4a87-9a50-935054b3c7c3,2cc6fb21357b9412_354f2473-ace2-413e-bc0a-fd9bf7575496,0195,1285.907,1500.189
63d0193e-77b4-4a87-9a50-935054b3c7c3,2cc6fb21357b9412_354f2473-ace2-413e-bc0a-fd9bf7575496,0200,1286.253,1495.619
63d0193e-77b4-4a87-9a50-935054b3c7c3,2cc6fb21357b9412_354f2473-ace2-413e-bc0a-fd9bf7575496,0205,1286.291,1503.038
63d0193e-77b4-4a87-9a50-935054b3c7c3,2cc6fb21357b9412_354f2473-ace2-413e-bc0a-fd9bf7575496,0210,1285.964,1500.748
63d0193e-77b4-4a87-9a50-935054b3c7c3,2cc6fb21357b9412_354f2473-ace2-413e-bc0a-fd9bf7575496,0215,1285.985,1496.324
63d0193e-77b4-4a87-9a50-935054b3c7c3,2cc6fb21357b9412_354f2473-ace2-413e-bc0a-fd9bf7575496,0220,1290.029,1489.221
63d0193e-77b4-4a87-9a50-935054b3c7c3,2cc6fb21357b9412_354f2473-ace2-413e-bc0a-fd9bf7575496,0225,1290.473,1488.488
63d0193e-77b4-4a87-9a50-935054b3c7c3,2cc6fb21357b9412_354f2473-ace2-413e-bc0a-fd9bf7575496,0230,1291.245,1490.152
63d0193e-77b4-4a87-9a50-935054b3c7c3,2cc6fb21357b9412_354f2473-ace2-413e-bc0a-fd9bf7575496,0235,1290.736,1490.119
63d0193e-77b4-4a87-9a50-935054b3c7c3,2cc6fb21357b9412_354f2473-ace2-413e-bc0a-fd9bf7575496,0240,1290.396,1489.337
63d0193e-77b4-4a87-9a50-935054b3c7c3,2cc6fb21357b9412_354f2473-ace2-413e-bc0a-fd9bf7575496,0245,1289.111,1488.491
63d0193e-77b4-4a87-9a50-935054b3c7c3,2cc6fb21357b9412_354f2473-ace2-413e-bc0a-fd9bf7575496,0250,1286.025,1486.517
63d0193e-77b4-4a87-9a50-935054b3c7c3,2cc6fb21357b9412_354f2473-ace2-413e-bc0a-fd9bf7575496,0255,1285.392,1499.139
63d0193e-77b4-4a87-9a50-935054b3c7c3,2cc6fb21357b9412_354f2473-ace2-413e-bc0a-fd9bf7575496,0260,1286.397,1499.565
63d0193e-77b4-4a87-9a50-935054b3c7c3,2cc6fb21357b9412_354f2473-ace2-413e-bc0a-fd9bf7575496,0265,1285.943,1496.557
63d0193e-77b4-4a87-9a50-935054b3c7c3,2cc6fb21357b9412_354f2473-ace2-413e-bc0a-fd9bf7575496,0270,1285.813,1492.398
63d0193e-77b4-4a87-9a50-935054b3c7c3,2cc6fb21357b9412_354f2473-ace2-413e-bc0a-fd9bf7575496,0275,1285.79,1490.619
63d0193e-77b4-4a87-9a50-935054b3c7c3,2cc6fb21357b9412_354f2473-ace2-413e-bc0a-fd9bf7575496,0280,1285.61,1493.357
63d0193e-77b4-4a87-9a50-935054b3c7c3,2cc6fb21357b9412_354f2473-ace2-413e-bc0a-fd9bf7575496,0285,1285.822,1502.765
63d0193e-77b4-4a87-9a50-935054b3c7c3,2cc6fb21357b9412_354f2473-ace2-413e-bc0a-fd9bf7575496,0290,1285.884,1494.268
63d0193e-77b4-4a87-9a50-935054b3c7c3,2cc6fb21357b9412_354f2473-ace2-413e-bc0a-fd9bf7575496,0295,1285.451,1498.962
63d0193e-77b4-4a87-9a50-935054b3c7c3,2cc6fb21357b9412_354f2473-ace2-413e-bc0a-fd9bf7575496,0300,1285.371,1492.726
63d0193e-77b4-4a87-9a50-935054b3c7c3,2cc6fb21357b9412_354f2473-ace2-413e-bc0a-fd9bf7575496,0305,1286.023,1494.413
63d0193e-77b4-4a87-9a50-935054b3c7c3,2cc6fb21357b9412_354f2473-ace2-413e-bc0a-fd9bf7575496,0310,1291.083,1507.202
63d0193e-77b4-4a87-9a50-935054b3c7c3,2cc6fb21357b9412_354f2473-ace2-413e-bc0a-fd9bf7575496,0315,1289.846,1499.981
63d0193e-77b4-4a87-9a50-935054b3c7c3,2cc6fb21357b9412_354f2473-ace2-413e-bc0a-fd9bf7575496,0320,1286.196,1500.672
63d0193e-77b4-4a87-9a50-935054b3c7c3,2cc6fb21357b9412_354f2473-ace2-413e-bc0a-fd9bf7575496,0325,1286.171,1499.199
63d0193e-77b4-4a87-9a50-935054b3c7c3,2cc6fb21357b9412_354f2473-ace2-413e-bc0a-fd9bf7575496,0330,1285.754,1492.737
63d0193e-77b4-4a87-9a50-935054b3c7c3,2cc6fb21357b9412_354f2473-ace2-413e-bc0a-fd9bf7575496,0335,1285.583,1499.924
63d0193e-77b4-4a87-9a50-935054b3c7c3,2cc6fb21357b9412_354f2473-ace2-413e-bc0a-fd9bf7575496,0340,1286.068,1496.967
63d0193e-77b4-4a87-9a50-935054b3c7c3,2cc6fb21357b9412_354f2473-ace2-413e-bc0a-fd9bf7575496,0345,1286.113,1492.4
63d0193e-77b4-4a87-9a50-935054b3c7c3,2cc6fb21357b9412_354f2473-ace2-413e-bc0a-fd9bf7575496,0350,1285.549,1498.709
63d0193e-77b4-4a87-9a50-935054b3c7c3,2cc6fb21357b9412_354f2473-ace2-413e-bc0a-fd9bf7575496,0355,1286.131,1494.192
63d0193e-77b4-4a87-9a50-935054b3c7c3,2cc6fb21357b9412_354f2473-ace2-413e-bc0a-fd9bf7575496,0360,1285.986,1495.782
63d0193e-77b4-4a87-9a50-935054b3c7c3,2cc6fb21357b9412_354f2473-ace2-413e-bc0a-fd9bf7575496,0365,1290.712,1506.167
63d0193e-77b4-4a87-9a50-935054b3c7c3,2cc6fb21357b9412_354f2473-ace2-413e-bc0a-fd9bf7575496,0370,1291.125,1493.668
63d0193e-77b4-4a87-9a50-935054b3c7c3,2cc6fb21357b9412_354f2473-ace2-413e-bc0a-fd9bf7575496,0375,1290.007,1494.083
63d0193e-77b4-4a87-9a50-935054b3c7c3,2cc6fb21357b9412_354f2473-ace2-413e-bc0a-fd9bf7575496,0380,1290.617,1493.027
63d0193e-77b4-4a87-9a50-935054b3c7c3,2cc6fb21357b9412_354f2473-ace2-413e-bc0a-fd9bf7575496,0385,1290.345,1491.803
63d0193e-77b4-4a87-9a50-935054b3c7c3,2cc6fb21357b9412_354f2473-ace2-413e-bc0a-fd9bf7575496,0390,1290.049,1502.906
63d0193e-77b4-4a87-9a50-935054b3c7c3,2cc6fb21357b9412_354f2473-ace2-413e-bc0a-fd9bf7575496,0395,1290.546,1495.804
63d0193e-77b4-4a87-9a50-935054b3c7c3,2cc6fb21357b9412_354f2473-ace2-413e-bc0a-fd9bf7575496,0400,1290.807,1495.106
63d0193e-77b4-4a87-9a50-935054b3c7c3,2cc6fb21357b9412_354f2473-ace2-413e-bc0a-fd9bf7575496,0405,1290.832,1496.214
63d0193e-77b4-4a87-9a50-935054b3c7c3,2cc6fb21357b9412_354f2473-ace2-413e-bc0a-fd9bf7575496,0410,1290.511,1497.324
63d0193e-77b4-4a87-9a50-935054b3c7c3,2cc6fb21357b9412_354f2473-ace2-413e-bc0a-fd9bf7575496,0415,1290.628,1493.591
63d0193e-77b4-4a87-9a50-935054b3c7c3,2cc6fb21357b9412_354f2473-ace2-413e-bc0a-fd9bf7575496,0420,1290.716,1494.131
63d0193e-77b4-4a87-9a50-935054b3c7c3,2cc6fb21357b9412_354f2473-ace2-413e-bc0a-fd9bf7575496,0425,1290.323,1491.953
63d0193e-77b4-4a87-9a50-935054b3c7c3,2cc6fb21357b9412_354f2473-ace2-413e-bc0a-fd9bf7575496,0430,1290.974,1492.557
63d0193e-77b4-4a87-9a50-935054b3c7c3,2cc6fb21357b9412_354f2473-ace2-413e-bc0a-fd9bf7575496,0435,1290.484,1491.568
63d0193e-77b4-4a87-9a50-935054b3c7c3,2cc6fb21357b9412_354f2473-ace2-413e-bc0a-fd9bf7575496,0440,1289.923,1492.39
63d0193e-77b4-4a87-9a50-935054b3c7c3,2cc6fb21357b9412_354f2473-ace2-413e-bc0a-fd9bf7575496,0445,1290.646,1492.807
63d0193e-77b4-4a87-9a50-935054b3c7c3,2cc6fb21357b9412_354f2473-ace2-413e-bc0a-fd9bf7575496,0450,1290.844,1495.647
63d0193e-77b4-4a87-9a50-935054b3c7c3,2cc6fb21357b9412_354f2473-ace2-413e-bc0a-fd9bf7575496,0455,1290.43,1494.179
63d0193e-77b4-4a87-9a50-935054b3c7c3,2cc6fb21357b9412_354f2473-ace2-413e-bc0a-fd9bf7575496,0460,1291.532,1492.691
63d0193e-77b4-4a87-9a50-935054b3c7c3,2cc6fb21357b9412_354f2473-ace2-413e-bc0a-fd9bf7575496,0465,1289.893,1490.234
63d0193e-77b4-4a87-9a50-935054b3c7c3,2cc6fb21357b9412_354f2473-ace2-413e-bc0a-fd9bf7575496,0470,1290.062,1492.692
63d0193e-77b4-4a87-9a50-935054b3c7c3,2cc6fb21357b9412_354f2473-ace2-413e-bc0a-fd9bf7575496,0475,1291.14,1494.875
63d0193e-77b4-4a87-9a50-935054b3c7c3,2cc6fb21357b9412_354f2473-ace2-413e-bc0a-fd9bf7575496,0480,1291.81,1495.291
63d0193e-77b4-4a87-9a50-935054b3c7c3,2cc6fb21357b9412_354f2473-ace2-413e-bc0a-fd9bf7575496,0485,1290.238,1492.246
63d0193e-77b4-4a87-9a50-935054b3c7c3,2cc6fb21357b9412_354f2473-ace2-413e-bc0a-fd9bf7575496,0490,1288.911,1491.505
63d0193e-77b4-4a87-9a50-935054b3c7c3,2cc6fb21357b9412_354f2473-ace2-413e-bc0a-fd9bf7575496,0495,1290.83,1506.666
63d0193e-77b4-4a87-9a50-935054b3c7c3,2cc6fb21357b9412_354f2473-ace2-413e-bc0a-fd9bf7575496,0500,1289.223,1491.433
63d0193e-77b4-4a87-9a50-935054b3c7c3,2cc6fb21357b9412_354f2473-ace2-413e-bc0a-fd9bf7575496,0505,1291.029,1492.888
63d0193e-77b4-4a87-9a50-935054b3c7c3,2cc6fb21357b9412_354f2473-ace2-413e-bc0a-fd9bf7575496,0510,1290.976,1493.924
63d0193e-77b4-4a87-9a50-935054b3c7c3,2cc6fb21357b9412_354f2473-ace2-413e-bc0a-fd9bf7575496,0515,1290.039,1492.112
63d0193e-77b4-4a87-9a50-935054b3c7c3,2cc6fb21357b9412_354f2473-ace2-413e-bc0a-fd9bf7575496,0520,1288.347,1492.728
63d0193e-77b4-4a87-9a50-935054b3c7c3,2cc6fb21357b9412_354f2473-ace2-413e-bc0a-fd9bf7575496,0525,1288.292,1501.455
63d0193e-77b4-4a87-9a50-935054b3c7c3,2cc6fb21357b9412_354f2473-ace2-413e-bc0a-fd9bf7575496,0530,1286.118,1505.115
63d0193e-77b4-4a87-9a50-935054b3c7c3,2cc6fb21357b9412_354f2473-ace2-413e-bc0a-fd9bf7575496,0535,1285.747,1498.648
63d0193e-77b4-4a87-9a50-935054b3c7c3,2cc6fb21357b9412_354f2473-ace2-413e-bc0a-fd9bf7575496,0540,1286.225,1499.364
63d0193e-77b4-4a87-9a50-935054b3c7c3,2cc6fb21357b9412_354f2473-ace2-413e-bc0a-fd9bf7575496,0545,1286.09,1488.602
63d0193e-77b4-4a87-9a50-935054b3c7c3,2cc6fb21357b9412_354f2473-ace2-413e-bc0a-fd9bf7575496,0550,1291.354,1509.481
63d0193e-77b4-4a87-9a50-935054b3c7c3,2cc6fb21357b9412_354f2473-ace2-413e-bc0a-fd9bf7575496,0555,1290.2,1525.028
63d0193e-77b4-4a87-9a50-935054b3c7c3,2cc6fb21357b9412_354f2473-ace2-413e-bc0a-fd9bf7575496,0560,1289.941,1493.038
63d0193e-77b4-4a87-9a50-935054b3c7c3,2cc6fb21357b9412_354f2473-ace2-413e-bc0a-fd9bf7575496,0565,1290.758,1494.165
63d0193e-77b4-4a87-9a50-935054b3c7c3,2cc6fb21357b9412_354f2473-ace2-413e-bc0a-fd9bf7575496,0570,1290.429,1504.956
63d0193e-77b4-4a87-9a50-935054b3c7c3,2cc6fb21357b9412_354f2473-ace2-413e-bc0a-fd9bf7575496,0575,1291.025,1495.094
63d0193e-77b4-4a87-9a50-935054b3c7c3,2cc6fb21357b9412_354f2473-ace2-413e-bc0a-fd9bf7575496,0580,1290.837,1494.811
63d0193e-77b4-4a87-9a50-935054b3c7c3,2cc6fb21357b9412_354f2473-ace2-413e-bc0a-fd9bf7575496,0585,1291.181,1493.692
63d0193e-77b4-4a87-9a50-935054b3c7c3,2cc6fb21357b9412_354f2473-ace2-413e-bc0a-fd9bf7575496,0590,1291.499,1491.145
63d0193e-77b4-4a87-9a50-935054b3c7c3,2cc6fb21357b9412_354f2473-ace2-413e-bc0a-fd9bf7575496,0595,1290.766,1490.865
63d0193e-77b4-4a87-9a50-935054b3c7c3,2cc6fb21357b9412_354f2473-ace2-413e-bc0a-fd9bf7575496,0600,1289.923,1489.818
63d0193e-77b4-4a87-9a50-935054b3c7c3,2cc6fb21357b9412_354f2473-ace2-413e-bc0a-fd9bf7575496,0605,1290.929,1495.344
63d0193e-77b4-4a87-9a50-935054b3c7c3,2cc6fb21357b9412_354f2473-ace2-413e-bc0a-fd9bf7575496,0610,1289.729,1490.548
63d0193e-77b4-4a87-9a50-935054b3c7c3,2cc6fb21357b9412_354f2473-ace2-413e-bc0a-fd9bf7575496,0615,1290.49,1492.425
63d0193e-77b4-4a87-9a50-935054b3c7c3,2cc6fb21357b9412_354f2473-ace2-413e-bc0a-fd9bf7575496,0620,1290.337,1492.073
63d0193e-77b4-4a87-9a50-935054b3c7c3,2cc6fb21357b9412_354f2473-ace2-413e-bc0a-fd9bf7575496,0625,1290.856,1493.549
63d0193e-77b4-4a87-9a50-935054b3c7c3,2cc6fb21357b9412_354f2473-ace2-413e-bc0a-fd9bf7575496,0630,1285.86,1489.512
63d0193e-77b4-4a87-9a50-935054b3c7c3,2cc6fb21357b9412_354f2473-ace2-413e-bc0a-fd9bf7575496,0635,1285.808,1498.357
63d0193e-77b4-4a87-9a50-935054b3c7c3,2cc6fb21357b9412_354f2473-ace2-413e-bc0a-fd9bf7575496,0640,1286.131,1505.944
63d0193e-77b4-4a87-9a50-935054b3c7c3,2cc6fb21357b9412_354f2473-ace2-413e-bc0a-fd9bf7575496,0645,1285.398,1500.979
63d0193e-77b4-4a87-9a50-935054b3c7c3,2cc6fb21357b9412_354f2473-ace2-413e-bc0a-fd9bf7575496,0650,1286.054,1497.559
63d0193e-77b4-4a87-9a50-935054b3c7c3,2cc6fb21357b9412_354f2473-ace2-413e-bc0a-fd9bf7575496,0655,1285.567,1488.228
63d0193e-77b4-4a87-9a50-935054b3c7c3,2cc6fb21357b9412_354f2473-ace2-413e-bc0a-fd9bf7575496,0660,1289.662,1505.157
63d0193e-77b4-4a87-9a50-935054b3c7c3,2cc6fb21357b9412_354f2473-ace2-413e-bc0a-fd9bf7575496,0665,1286.21,1500.913
63d0193e-77b4-4a87-9a50-935054b3c7c3,2cc6fb21357b9412_354f2473-ace2-413e-bc0a-fd9bf7575496,0670,1286.28,1502.296
63d0193e-77b4-4a87-9a50-935054b3c7c3,2cc6fb21357b9412_354f2473-ace2-413e-bc0a-fd9bf7575496,0675,1285.732,1497.981
63d0193e-77b4-4a87-9a50-935054b3c7c3,2cc6fb21357b9412_354f2473-ace2-413e-bc0a-fd9bf7575496,0680,1286.322,1498.838
63d0193e-77b4-4a87-9a50-935054b3c7c3,2cc6fb21357b9412_354f2473-ace2-413e-bc0a-fd9bf7575496,0685,1285.925,1497.222
63d0193e-77b4-4a87-9a50-935054b3c7c3,2cc6fb21357b9412_354f2473-ace2-413e-bc0a-fd9bf7575496,0690,1286.106,1502.759
63d0193e-77b4-4a87-9a50-935054b3c7c3,2cc6fb21357b9412_354f2473-ace2-413e-bc0a-fd9bf7575496,0695,1286.794,1498.304
63d0193e-77b4-4a87-9a50-935054b3c7c3,2cc6fb21357b9412_354f2473-ace2-413e-bc0a-fd9bf7575496,0700,1285.713,1505.854
63d0193e-77b4-4a87-9a50-935054b3c7c3,2cc6fb21357b9412_354f2473-ace2-413e-bc0a-fd9bf7575496,0705,1289.464,1507.357
63d0193e-77b4-4a87-9a50-935054b3c7c3,2cc6fb21357b9412_354f2473-ace2-413e-bc0a-fd9bf7575496,0710,1285.845,1504.583
63d0193e-77b4-4a87-9a50-935054b3c7c3,2cc6fb21357b9412_354f2473-ace2-413e-bc0a-fd9bf7575496,0715,1286.102,1503.983
63d0193e-77b4-4a87-9a50-935054b3c7c3,2cc6fb21357b9412_354f2473-ace2-413e-bc0a-fd9bf7575496,0720,1286.328,1505.588
63d0193e-77b4-4a87-9a50-935054b3c7c3,2cc6fb21357b9412_354f2473-ace2-413e-bc0a-fd9bf7575496,0725,1285.825,1506.014
63d0193e-77b4-4a87-9a50-935054b3c7c3,2cc6fb21357b9412_354f2473-ace2-413e-bc0a-fd9bf7575496,0730,1285.585,1502.224
63d0193e-77b4-4a87-9a50-935054b3c7c3,2cc6fb21357b9412_354f2473-ace2-413e-bc0a-fd9bf7575496,0735,1285.758,1496.082
63d0193e-77b4-4a87-9a50-935054b3c7c3,2cc6fb21357b9412_354f2473-ace2-413e-bc0a-fd9bf7575496,0740,1285.955,1498.903
63d0193e-77b4-4a87-9a50-935054b3c7c3,2cc6fb21357b9412_354f2473-ace2-413e-bc0a-fd9bf7575496,0745,1290.078,1506.903
63d0193e-77b4-4a87-9a50-935054b3c7c3,2cc6fb21357b9412_354f2473-ace2-413e-bc0a-fd9bf7575496,0750,1285.508,1496.604
63d0193e-77b4-4a87-9a50-935054b3c7c3,2cc6fb21357b9412_354f2473-ace2-413e-bc0a-fd9bf7575496,0755,1285.695,1502.665
63d0193e-77b4-4a87-9a50-935054b3c7c3,2cc6fb21357b9412_354f2473-ace2-413e-bc0a-fd9bf7575496,0760,1290.517,1509.059
63d0193e-77b4-4a87-9a50-935054b3c7c3,2cc6fb21357b9412_354f2473-ace2-413e-bc0a-fd9bf7575496,0765,1285.32,1521.881
63d0193e-77b4-4a87-9a50-935054b3c7c3,2cc6fb21357b9412_354f2473-ace2-413e-bc0a-fd9bf7575496,0770,1285.647,1506.343
63d0193e-77b4-4a87-9a50-935054b3c7c3,2cc6fb21357b9412_354f2473-ace2-413e-bc0a-fd9bf7575496,0775,1286.297,1504.306
63d0193e-77b4-4a87-9a50-935054b3c7c3,2cc6fb21357b9412_354f2473-ace2-413e-bc0a-fd9bf7575496,0780,1286.188,1503.955
63d0193e-77b4-4a87-9a50-935054b3c7c3,2cc6fb21357b9412_354f2473-ace2-413e-bc0a-fd9bf7575496,0785,1290.821,1513.853
63d0193e-77b4-4a87-9a50-935054b3c7c3,2cc6fb21357b9412_354f2473-ace2-413e-bc0a-fd9bf7575496,0790,1286.102,1503.816
63d0193e-77b4-4a87-9a50-935054b3c7c3,2cc6fb21357b9412_354f2473-ace2-413e-bc0a-fd9bf7575496,0795,1285.615,1488.497
63d0193e-77b4-4a87-9a50-935054b3c7c3,2cc6fb21357b9412_354f2473-ace2-413e-bc0a-fd9bf7575496,0800,1285.68,1503.0
63d0193e-77b4-4a87-9a50-935054b3c7c3,2cc6fb21357b9412_354f2473-ace2-413e-bc0a-fd9bf7575496,0805,1289.9,1502.178
63d0193e-77b4-4a87-9a50-935054b3c7c3,2cc6fb21357b9412_354f2473-ace2-413e-bc0a-fd9bf7575496,0810,1290.271,1493.543
63d0193e-77b4-4a87-9a50-935054b3c7c3,2cc6fb21357b9412_354f2473-ace2-413e-bc0a-fd9bf7575496,0815,1290.362,1491.279
63d0193e-77b4-4a87-9a50-935054b3c7c3,2cc6fb21357b9412_354f2473-ace2-413e-bc0a-fd9bf7575496,0820,1289.934,1493.087
63d0193e-77b4-4a87-9a50-935054b3c7c3,2cc6fb21357b9412_354f2473-ace2-413e-bc0a-fd9bf7575496,0825,1289.547,1494.389
63d0193e-77b4-4a87-9a50-935054b3c7c3,2cc6fb21357b9412_354f2473-ace2-413e-bc0a-fd9bf7575496,0830,1290.603,1501.455
63d0193e-77b4-4a87-9a50-935054b3c7c3,2cc6fb21357b9412_354f2473-ace2-413e-bc0a-fd9bf7575496,0835,1290.482,1491.939
63d0193e-77b4-4a87-9a50-935054b3c7c3,2cc6fb21357b9412_354f2473-ace2-413e-bc0a-fd9bf7575496,0840,1290.364,1495.244
63d0193e-77b4-4a87-9a50-935054b3c7c3,2cc6fb21357b9412_354f2473-ace2-413e-bc0a-fd9bf7575496,0845,1290.992,1496.545
63d0193e-77b4-4a87-9a50-935054b3c7c3,2cc6fb21357b9412_354f2473-ace2-413e-bc0a-fd9bf7575496,0850,1289.906,1494.821
63d0193e-77b4-4a87-9a50-935054b3c7c3,2cc6fb21357b9412_354f2473-ace2-413e-bc0a-fd9bf7575496,0855,1286.379,1489.83
63d0193e-77b4-4a87-9a50-935054b3c7c3,2cc6fb21357b9412_354f2473-ace2-413e-bc0a-fd9bf7575496,0860,1286.066,1503.738
63d0193e-77b4-4a87-9a50-935054b3c7c3,2cc6fb21357b9412_354f2473-ace2-413e-bc0a-fd9bf7575496,0865,1285.617,1503.995
63d0193e-77b4-4a87-9a50-935054b3c7c3,2cc6fb21357b9412_354f2473-ace2-413e-bc0a-fd9bf7575496,0870,1285.314,1504.103
63d0193e-77b4-4a87-9a50-935054b3c7c3,2cc6fb21357b9412_354f2473-ace2-413e-bc0a-fd9bf7575496,0875,1286.064,1498.115
63d0193e-77b4-4a87-9a50-935054b3c7c3,2cc6fb21357b9412_354f2473-ace2-413e-bc0a-fd9bf7575496,0880,1285.916,1503.212
63d0193e-77b4-4a87-9a50-935054b3c7c3,2cc6fb21357b9412_354f2473-ace2-413e-bc0a-fd9bf7575496,0885,1285.745,1503.906
63d0193e-77b4-4a87-9a50-935054b3c7c3,2cc6fb21357b9412_354f2473-ace2-413e-bc0a-fd9bf7575496,0890,1285.87,1501.511
63d0193e-77b4-4a87-9a50-935054b3c7c3,2cc6fb21357b9412_354f2473-ace2-413e-bc0a-fd9bf7575496,0895,1285.434,1499.953
63d0193e-77b4-4a87-9a50-935054b3c7c3,2cc6fb21357b9412_354f2473-ace2-413e-bc0a-fd9bf7575496,0900,1285.5,1500.431
63d0193e-77b4-4a87-9a50-935054b3c7c3,2cc6fb21357b9412_354f2473-ace2-413e-bc0a-fd9bf7575496,0905,1290.069,1506.263
63d0193e-77b4-4a87-9a50-935054b3c7c3,2cc6fb21357b9412_354f2473-ace2-413e-bc0a-fd9bf7575496,0910,1289.31,1496.02
63d0193e-77b4-4a87-9a50-935054b3c7c3,2cc6fb21357b9412_354f2473-ace2-413e-bc0a-fd9bf7575496,0915,1290.671,1494.369
63d0193e-77b4-4a87-9a50-935054b3c7c3,2cc6fb21357b9412_354f2473-ace2-413e-bc0a-fd9bf7575496,0920,1287.163,1489.018
63d0193e-77b4-4a87-9a50-935054b3c7c3,2cc6fb21357b9412_354f2473-ace2-413e-bc0a-fd9bf7575496,0925,1290.975,1512.875
63d0193e-77b4-4a87-9a50-935054b3c7c3,2cc6fb21357b9412_354f2473-ace2-413e-bc0a-fd9bf7575496,0930,1285.773,1502.036
63d0193e-77b4-4a87-9a50-935054b3c7c3,2cc6fb21357b9412_354f2473-ace2-413e-bc0a-fd9bf7575496,0935,1286.091,1503.756
63d0193e-77b4-4a87-9a50-935054b3c7c3,2cc6fb21357b9412_354f2473-ace2-413e-bc0a-fd9bf7575496,0940,1285.812,1499.95
63d0193e-77b4-4a87-9a50-935054b3c7c3,2cc6fb21357b9412_354f2473-ace2-413e-bc0a-fd9bf7575496,0945,1286.043,1497.471
63d0193e-77b4-4a87-9a50-935054b3c7c3,2cc6fb21357b9412_354f2473-ace2-413e-bc0a-fd9bf7575496,0950,1290.108,1510.129
63d0193e-77b4-4a87-9a50-935054b3c7c3,2cc6fb21357b9412_354f2473-ace2-413e-bc0a-fd9bf7575496,0955,1290.618,1493.751
63d0193e-77b4-4a87-9a50-935054b3c7c3,2cc6fb21357b9412_354f2473-ace2-413e-bc0a-fd9bf7575496,0960,1290.579,1493.965
63d0193e-77b4-4a87-9a50-935054b3c7c3,2cc6fb21357b9412_354f2473-ace2-413e-bc0a-fd9bf7575496,0965,1288.737,1491.623
63d0193e-77b4-4a87-9a50-935054b3c7c3,2cc6fb21357b9412_354f2473-ace2-413e-bc0a-fd9bf7575496,0970,1286.148,1500.783
63d0193e-77b4-4a87-9a50-935054b3c7c3,2cc6fb21357b9412_354f2473-ace2-413e-bc0a-fd9bf7575496,0975,1285.817,1500.813
63d0193e-77b4-4a87-9a50-935054b3c7c3,2cc6fb21357b9412_354f2473-ace2-413e-bc0a-fd9bf7575496,0980,1285.544,1500.667
63d0193e-77b4-4a87-9a50-935054b3c7c3,2cc6fb21357b9412_354f2473-ace2-413e-bc0a-fd9bf7575496,0985,1285.394,1503.384
63d0193e-77b4-4a87-9a50-935054b3c7c3,2cc6fb21357b9412_354f2473-ace2-413e-bc0a-fd9bf7575496,0990,1285.606,1504.839
63d0193e-77b4-4a87-9a50-935054b3c7c3,2cc6fb21357b9412_354f2473-ace2-413e-bc0a-fd9bf7575496,0995,1286.083,1496.232
63d0193e-77b4-4a87-9a50-935054b3c7c3,2cc6fb21357b9412_354f2473-ace2-413e-bc0a-fd9bf7575496,1000,1285.946,1501.832
63d0193e-77b4-4a87-9a50-935054b3c7c3,2cc6fb21357b9412_354f2473-ace2-413e-bc0a-fd9bf7575496,1005,1285.835,1494.345
63d0193e-77b4-4a87-9a50-935054b3c7c3,2cc6fb21357b9412_354f2473-ace2-413e-bc0a-fd9bf7575496,1010,1290.468,1506.326
63d0193e-77b4-4a87-9a50-935054b3c7c3,2cc6fb21357b9412_354f2473-ace2-413e-bc0a-fd9bf7575496,1015,1290.347,1492.172
63d0193e-77b4-4a87-9a50-935054b3c7c3,2cc6fb21357b9412_354f2473-ace2-413e-bc0a-fd9bf7575496,1020,1290.104,1493.576
63d0193e-77b4-4a87-9a50-935054b3c7c3,2cc6fb21357b9412_354f2473-ace2-413e-bc0a-fd9bf7575496,1025,1290.372,1494.936
63d0193e-77b4-4a87-9a50-935054b3c7c3,2cc6fb21357b9412_354f2473-ace2-413e-bc0a-fd9bf7575496,1030,1290.259,1495.442
63d0193e-77b4-4a87-9a50-935054b3c7c3,2cc6fb21357b9412_354f2473-ace2-413e-bc0a-fd9bf7575496,1035,1290.493,1494.572
63d0193e-77b4-4a87-9a50-935054b3c7c3,2cc6fb21357b9412_354f2473-ace2-413e-bc0a-fd9bf7575496,1040,1291.262,1494.569
63d0193e-77b4-4a87-9a50-935054b3c7c3,2cc6fb21357b9412_354f2473-ace2-413e-bc0a-fd9bf7575496,1045,1290.752,1490.756
63d0193e-77b4-4a87-9a50-935054b3c7c3,2cc6fb21357b9412_354f2473-ace2-413e-bc0a-fd9bf7575496,1050,1290.542,1492.112
63d0193e-77b4-4a87-9a50-935054b3c7c3,2cc6fb21357b9412_354f2473-ace2-413e-bc0a-fd9bf7575496,1055,1290.406,1491.957
63d0193e-77b4-4a87-9a50-935054b3c7c3,2cc6fb21357b9412_354f2473-ace2-413e-bc0a-fd9bf7575496,1060,1290.447,1490.322
63d0193e-77b4-4a87-9a50-935054b3c7c3,2cc6fb21357b9412_354f2473-ace2-413e-bc0a-fd9bf7575496,1065,1289.936,1493.125
63d0193e-77b4-4a87-9a50-935054b3c7c3,2cc6fb21357b9412_354f2473-ace2-413e-bc0a-fd9bf7575496,1070,1290.79,1492.389
63d0193e-77b4-4a87-9a50-935054b3c7c3,2cc6fb21357b9412_354f2473-ace2-413e-bc0a-fd9bf7575496,1075,1291.569,1493.239
63d0193e-77b4-4a87-9a50-935054b3c7c3,2cc6fb21357b9412_354f2473-ace2-413e-bc0a-fd9bf7575496,1080,1290.703,1492.317
63d0193e-77b4-4a87-9a50-935054b3c7c3,2cc6fb21357b9412_354f2473-ace2-413e-bc0a-fd9bf7575496,1085,1291.638,1493.99
63d0193e-77b4-4a87-9a50-935054b3c7c3,2cc6fb21357b9412_354f2473-ace2-413e-bc0a-fd9bf7575496,1090,1287.88,1488.636
63d0193e-77b4-4a87-9a50-935054b3c7c3,2cc6fb21357b9412_354f2473-ace2-413e-bc0a-fd9bf7575496,1095,1286.35,1504.292
63d0193e-77b4-4a87-9a50-935054b3c7c3,2cc6fb21357b9412_354f2473-ace2-413e-bc0a-fd9bf7575496,1100,1286.196,1500.793
63d0193e-77b4-4a87-9a50-935054b3c7c3,2cc6fb21357b9412_354f2473-ace2-413e-bc0a-fd9bf7575496,1105,1285.766,1497.47
63d0193e-77b4-4a87-9a50-935054b3c7c3,2cc6fb21357b9412_354f2473-ace2-413e-bc0a-fd9bf7575496,1110,1289.437,1509.376
63d0193e-77b4-4a87-9a50-935054b3c7c3,2cc6fb21357b9412_354f2473-ace2-413e-bc0a-fd9bf7575496,1115,1289.203,1530.96
63d0193e-77b4-4a87-9a50-935054b3c7c3,2cc6fb21357b9412_354f2473-ace2-413e-bc0a-fd9bf7575496,1120,1291.032,1492.429
63d0193e-77b4-4a87-9a50-935054b3c7c3,2cc6fb21357b9412_354f2473-ace2-413e-bc0a-fd9bf7575496,1125,1290.46,1503.888
63d0193e-77b4-4a87-9a50-935054b3c7c3,2cc6fb21357b9412_354f2473-ace2-413e-bc0a-fd9bf7575496,1130,1286.268,1488.402
63d0193e-77b4-4a87-9a50-935054b3c7c3,2cc6fb21357b9412_354f2473-ace2-413e-bc0a-fd9bf7575496,1135,1286.706,1502.794
63d0193e-77b4-4a87-9a50-935054b3c7c3,2cc6fb21357b9412_354f2473-ace2-413e-bc0a-fd9bf7575496,1140,1286.033,1502.718
63d0193e-77b4-4a87-9a50-935054b3c7c3,2cc6fb21357b9412_354f2473-ace2-413e-bc0a-fd9bf7575496,1145,1285.777,1498.402
63d0193e-77b4-4a87-9a50-935054b3c7c3,2cc6fb21357b9412_354f2473-ace2-413e-bc0a-fd9bf7575496,1150,1286.212,1497.86
63d0193e-77b4-4a87-9a50-935054b3c7c3,2cc6fb21357b9412_354f2473-ace2-413e-bc0a-fd9bf7575496,1155,1286.26,1503.752
63d0193e-77b4-4a87-9a50-935054b3c7c3,2cc6fb21357b9412_354f2473-ace2-413e-bc0a-fd9bf7575496,1160,1286.065,1501.285
63d0193e-77b4-4a87-9a50-935054b3c7c3,2cc6fb21357b9412_354f2473-ace2-413e-bc0a-fd9bf7575496,1165,1286.315,1503.405
63d0193e-77b4-4a87-9a50-935054b3c7c3,2cc6fb21357b9412_354f2473-ace2-413e-bc0a-fd9bf7575496,1170,1285.887,1487.538
63d0193e-77b4-4a87-9a50-935054b3c7c3,2cc6fb21357b9412_354f2473-ace2-413e-bc0a-fd9bf7575496,1175,1290.151,1508.68
63d0193e-77b4-4a87-9a50-935054b3c7c3,2cc6fb21357b9412_354f2473-ace2-413e-bc0a-fd9bf7575496,1180,1285.91,1501.662
63d0193e-77b4-4a87-9a50-935054b3c7c3,2cc6fb21357b9412_354f2473-ace2-413e-bc0a-fd9bf7575496,1185,1285.529,1497.099
63d0193e-77b4-4a87-9a50-935054b3c7c3,2cc6fb21357b9412_354f2473-ace2-413e-bc0a-fd9bf7575496,1190,1285.658,1504.151
63d0193e-77b4-4a87-9a50-935054b3c7c3,2cc6fb21357b9412_354f2473-ace2-413e-bc0a-fd9bf7575496,1195,1286.159,1503.562
63d0193e-77b4-4a87-9a50-935054b3c7c3,2cc6fb21357b9412_354f2473-ace2-413e-bc0a-fd9bf7575496,1200,1285.907,1504.595
63d0193e-77b4-4a87-9a50-935054b3c7c3,2cc6fb21357b9412_354f2473-ace2-413e-bc0a-fd9bf7575496,1205,1286.165,1501.604
63d0193e-77b4-4a87-9a50-935054b3c7c3,2cc6fb21357b9412_354f2473-ace2-413e-bc0a-fd9bf7575496,1210,1285.89,1505.263
63d0193e-77b4-4a87-9a50-935054b3c7c3,2cc6fb21357b9412_354f2473-ace2-413e-bc0a-fd9bf7575496,1215,1285.852,1502.534
63d0193e-77b4-4a87-9a50-935054b3c7c3,2cc6fb21357b9412_354f2473-ace2-413e-bc0a-fd9bf7575496,1220,1285.785,1502.432
63d0193e-77b4-4a87-9a50-935054b3c7c3,2cc6fb21357b9412_354f2473-ace2-413e-bc0a-fd9bf7575496,1225,1286.318,1496.496
63d0193e-77b4-4a87-9a50-935054b3c7c3,2cc6fb21357b9412_354f2473-ace2-413e-bc0a-fd9bf7575496,1230,1289.773,1505.451
63d0193e-77b4-4a87-9a50-935054b3c7c3,2cc6fb21357b9412_354f2473-ace2-413e-bc0a-fd9bf7575496,1235,1286.265,1495.94
63d0193e-77b4-4a87-9a50-935054b3c7c3,2cc6fb21357b9412_354f2473-ace2-413e-bc0a-fd9bf7575496,1240,1285.789,1496.728
63d0193e-77b4-4a87-9a50-935054b3c7c3,2cc6fb21357b9412_354f2473-ace2-413e-bc0a-fd9bf7575496,1245,1286.061,1500.597
63d0193e-77b4-4a87-9a50-935054b3c7c3,2cc6fb21357b9412_354f2473-ace2-413e-bc0a-fd9bf7575496,1250,1285.555,1497.089
63d0193e-77b4-4a87-9a50-935054b3c7c3,2cc6fb21357b9412_354f2473-ace2-413e-bc0a-fd9bf7575496,1255,1289.428,1506.649
63d0193e-77b4-4a87-9a50-935054b3c7c3,2cc6fb21357b9412_354f2473-ace2-413e-bc0a-fd9bf7575496,1260,1285.788,1499.179
63d0193e-77b4-4a87-9a50-935054b3c7c3,2cc6fb21357b9412_354f2473-ace2-413e-bc0a-fd9bf7575496,1265,1285.642,1500.517
63d0193e-77b4-4a87-9a50-935054b3c7c3,2cc6fb21357b9412_354f2473-ace2-413e-bc0a-fd9bf7575496,1270,1290.339,1511.234
63d0193e-77b4-4a87-9a50-935054b3c7c3,2cc6fb21357b9412_354f2473-ace2-413e-bc0a-fd9bf7575496,1275,1285.37,1505.35
63d0193e-77b4-4a87-9a50-935054b3c7c3,2cc6fb21357b9412_354f2473-ace2-413e-bc0a-fd9bf7575496,1280,1285.517,1488.769
63d0193e-77b4-4a87-9a50-935054b3c7c3,2cc6fb21357b9412_354f2473-ace2-413e-bc0a-fd9bf7575496,1285,1286.024,1504.844
63d0193e-77b4-4a87-9a50-935054b3c7c3,2cc6fb21357b9412_354f2473-ace2-413e-bc0a-fd9bf7575496,1290,1288.417,1503.304
63d0193e-77b4-4a87-9a50-935054b3c7c3,2cc6fb21357b9412_354f2473-ace2-413e-bc0a-fd9bf7575496,1295,1286.002,1500.033
63d0193e-77b4-4a87-9a50-935054b3c7c3,2cc6fb21357b9412_354f2473-ace2-413e-bc0a-fd9bf7575496,1300,1285.878,1498.951
63d0193e-77b4-4a87-9a50-935054b3c7c3,2cc6fb21357b9412_354f2473-ace2-413e-bc0a-fd9bf7575496,1305,1290.623,1509.746
63d0193e-77b4-4a87-9a50-935054b3c7c3,2cc6fb21357b9412_354f2473-ace2-413e-bc0a-fd9bf7575496,1310,1291.075,1493.225
63d0193e-77b4-4a87-9a50-935054b3c7c3,2cc6fb21357b9412_354f2473-ace2-413e-bc0a-fd9bf7575496,1315,1286.266,1486.36
63d0193e-77b4-4a87-9a50-935054b3c7c3,2cc6fb21357b9412_354f2473-ace2-413e-bc0a-fd9bf7575496,1320,1285.278,1498.017
63d0193e-77b4-4a87-9a50-935054b3c7c3,2cc6fb21357b9412_354f2473-ace2-413e-bc0a-fd9bf7575496,1325,1290.555,1507.937
63d0193e-77b4-4a87-9a50-935054b3c7c3,2cc6fb21357b9412_354f2473-ace2-413e-bc0a-fd9bf7575496,1330,1285.387,1496.163
63d0193e-77b4-4a87-9a50-935054b3c7c3,2cc6fb21357b9412_354f2473-ace2-413e-bc0a-fd9bf7575496,1335,1285.491,1500.97
63d0193e-77b4-4a87-9a50-935054b3c7c3,2cc6fb21357b9412_354f2473-ace2-413e-bc0a-fd9bf7575496,1340,1289.984,1507.363
63d0193e-77b4-4a87-9a50-935054b3c7c3,2cc6fb21357b9412_354f2473-ace2-413e-bc0a-fd9bf7575496,1345,1290.35,1492.016
63d0193e-77b4-4a87-9a50-935054b3c7c3,2cc6fb21357b9412_354f2473-ace2-413e-bc0a-fd9bf7575496,1350,1290.15,1490.608
63d0193e-77b4-4a87-9a50-935054b3c7c3,2cc6fb21357b9412_354f2473-ace2-413e-bc0a-fd9bf7575496,1355,1290.025,1493.471
63d0193e-77b4-4a87-9a50-935054b3c7c3,2cc6fb21357b9412_354f2473-ace2-413e-bc0a-fd9bf7575496,1360,1291.326,1493.74
63d0193e-77b4-4a87-9a50-935054b3c7c3,2cc6fb21357b9412_354f2473-ace2-413e-bc0a-fd9bf7575496,1365,1290.107,1493.75
63d0193e-77b4-4a87-9a50-935054b3c7c3,2cc6fb21357b9412_354f2473-ace2-413e-bc0a-fd9bf7575496,1370,1290.967,1493.861
63d0193e-77b4-4a87-9a50-935054b3c7c3,2cc6fb21357b9412_354f2473-ace2-413e-bc0a-fd9bf7575496,1375,1290.552,1489.567
63d0193e-77b4-4a87-9a50-935054b3c7c3,2cc6fb21357b9412_354f2473-ace2-413e-bc0a-fd9bf7575496,1380,1285.859,1483.266
63d0193e-77b4-4a87-9a50-935054b3c7c3,2cc6fb21357b9412_354f2473-ace2-413e-bc0a-fd9bf7575496,1385,1285.722,1496.019
63d0193e-77b4-4a87-9a50-935054b3c7c3,2cc6fb21357b9412_354f2473-ace2-413e-bc0a-fd9bf7575496,1390,1286.093,1502.616
63d0193e-77b4-4a87-9a50-935054b3c7c3,2cc6fb21357b9412_354f2473-ace2-413e-bc0a-fd9bf7575496,1395,1290.846,1512.45
63d0193e-77b4-4a87-9a50-935054b3c7c3,2cc6fb21357b9412_354f2473-ace2-413e-bc0a-fd9bf7575496,1400,1286.572,1486.498
63d0193e-77b4-4a87-9a50-935054b3c7c3,2cc6fb21357b9412_354f2473-ace2-413e-bc0a-fd9bf7575496,1405,1286.401,1501.345
63d0193e-77b4-4a87-9a50-935054b3c7c3,2cc6fb21357b9412_354f2473-ace2-413e-bc0a-fd9bf7575496,1410,1285.825,1494.817
63d0193e-77b4-4a87-9a50-935054b3c7c3,2cc6fb21357b9412_354f2473-ace2-413e-bc0a-fd9bf7575496,1415,1285.477,1503.184
63d0193e-77b4-4a87-9a50-935054b3c7c3,2cc6fb21357b9412_354f2473-ace2-413e-bc0a-fd9bf7575496,1420,1285.538,1500.764
63d0193e-77b4-4a87-9a50-935054b3c7c3,2cc6fb21357b9412_354f2473-ace2-413e-bc0a-fd9bf7575496,1425,1291.294,1511.619
63d0193e-77b4-4a87-9a50-935054b3c7c3,2cc6fb21357b9412_354f2473-ace2-413e-bc0a-fd9bf7575496,1430,1285.968,1500.754
63d0193e-77b4-4a87-9a50-935054b3c7c3,2cc6fb21357b9412_354f2473-ace2-413e-bc0a-fd9bf7575496,1435,1285.77,1495.694
63d0193e-77b4-4a87-9a50-935054b3c7c3,2cc6fb21357b9412_354f2473-ace2-413e-bc0a-fd9bf7575496,1440,1285.403,1494.664
63d0193e-77b4-4a87-9a50-935054b3c7c3,2cc6fb21357b9412_354f2473-ace2-413e-bc0a-fd9bf7575496,1445,1289.611,1500.422
63d0193e-77b4-4a87-9a50-935054b3c7c3,2cc6fb21357b9412_354f2473-ace2-413e-bc0a-fd9bf7575496,1450,1286.187,1490.188
63d0193e-77b4-4a87-9a50-935054b3c7c3,2cc6fb21357b9412_354f2473-ace2-413e-bc0a-fd9bf7575496,1455,1285.679,1504.278
63d0193e-77b4-4a87-9a50-935054b3c7c3,2cc6fb21357b9412_354f2473-ace2-413e-bc0a-fd9bf7575496,1460,1289.061,1507.806
251692a9-3c19-4cf0-93ac-e50d8714575c,0ac1a535e0177700_cf166d63-675b-4ef1-9b93-32432e0811ee,0005,1285.947,1522.055
251692a9-3c19-4cf0-93ac-e50d8714575c,0ac1a535e0177700_cf166d63-675b-4ef1-9b93-32432e0811ee,0010,1285.995,1503.559
251692a9-3c19-4cf0-93ac-e50d8714575c,0ac1a535e0177700_cf166d63-675b-4ef1-9b93-32432e0811ee,0015,1290.36,1507.538
251692a9-3c19-4cf0-93ac-e50d8714575c,0ac1a535e0177700_cf166d63-675b-4ef1-9b93-32432e0811ee,0020,1290.345,1490.586
251692a9-3c19-4cf0-93ac-e50d8714575c,0ac1a535e0177700_cf166d63-675b-4ef1-9b93-32432e0811ee,0025,1290.398,1492.624
251692a9-3c19-4cf0-93ac-e50d8714575c,0ac1a535e0177700_cf166d63-675b-4ef1-9b93-32432e0811ee,0030,1289.574,1489.16
251692a9-3c19-4cf0-93ac-e50d8714575c,0ac1a535e0177700_cf166d63-675b-4ef1-9b93-32432e0811ee,0035,1290.739,1493.617
251692a9-3c19-4cf0-93ac-e50d8714575c,0ac1a535e0177700_cf166d63-675b-4ef1-9b93-32432e0811ee,0040,1290.688,1492.636
251692a9-3c19-4cf0-93ac-e50d8714575c,0ac1a535e0177700_cf166d63-675b-4ef1-9b93-32432e0811ee,0045,1290.46,1492.13
251692a9-3c19-4cf0-93ac-e50d8714575c,0ac1a535e0177700_cf166d63-675b-4ef1-9b93-32432e0811ee,0050,1291.037,1491.984
251692a9-3c19-4cf0-93ac-e50d8714575c,0ac1a535e0177700_cf166d63-675b-4ef1-9b93-32432e0811ee,0055,1290.076,1491.399
251692a9-3c19-4cf0-93ac-e50d8714575c,0ac1a535e0177700_cf166d63-675b-4ef1-9b93-32432e0811ee,0060,1286.104,1488.334
251692a9-3c19-4cf0-93ac-e50d8714575c,0ac1a535e0177700_cf166d63-675b-4ef1-9b93-32432e0811ee,0065,1285.875,1499.814
251692a9-3c19-4cf0-93ac-e50d8714575c,0ac1a535e0177700_cf166d63-675b-4ef1-9b93-32432e0811ee,0070,1285.551,1495.352
251692a9-3c19-4cf0-93ac-e50d8714575c,0ac1a535e0177700_cf166d63-675b-4ef1-9b93-32432e0811ee,0075,1285.647,1501.78
251692a9-3c19-4cf0-93ac-e50d8714575c,0ac1a535e0177700_cf166d63-675b-4ef1-9b93-32432e0811ee,0080,1285.526,1502.382
251692a9-3c19-4cf0-93ac-e50d8714575c,0ac1a535e0177700_cf166d63-675b-4ef1-9b93-32432e0811ee,0085,1285.476,1501.126
251692a9-3c19-4cf0-93ac-e50d8714575c,0ac1a535e0177700_cf166d63-675b-4ef1-9b93-32432e0811ee,0090,1290.633,1509.458
251692a9-3c19-4cf0-93ac-e50d8714575c,0ac1a535e0177700_cf166d63-675b-4ef1-9b93-32432e0811ee,0095,1285.982,1503.916
251692a9-3c19-4cf0-93ac-e50d8714575c,0ac1a535e0177700_cf166d63-675b-4ef1-9b93-32432e0811ee,0100,1286.177,1503.237
251692a9-3c19-4cf0-93ac-e50d8714575c,0ac1a535e0177700_cf166d63-675b-4ef1-9b93-32432e0811ee,0105,1290.213,1508.977
251692a9-3c19-4cf0-93ac-e50d8714575c,0ac1a535e0177700_cf166d63-675b-4ef1-9b93-32432e0811ee,0110,1285.9,1495.399
251692a9-3c19-4cf0-93ac-e50d8714575c,0ac1a535e0177700_cf166d63-675b-4ef1-9b93-32432e0811ee,0115,1285.189,1497.684
251692a9-3c19-4cf0-93ac-e50d8714575c,0ac1a535e0177700_cf166d63-675b-4ef1-9b93-32432e0811ee,0120,1285.199,1494.938
251692a9-3c19-4cf0-93ac-e50d8714575c,0ac1a535e0177700_cf166d63-675b-4ef1-9b93-32432e0811ee,0125,1286.256,1500.707
251692a9-3c19-4cf0-93ac-e50d8714575c,0ac1a535e0177700_cf166d63-675b-4ef1-9b93-32432e0811ee,0130,1285.791,1501.533
251692a9-3c19-4cf0-93ac-e50d8714575c,0ac1a535e0177700_cf166d63-675b-4ef1-9b93-32432e0811ee,0135,1285.704,1499.634
251692a9-3c19-4cf0-93ac-e50d8714575c,0ac1a535e0177700_cf166d63-675b-4ef1-9b93-32432e0811ee,0140,1285.205,1502.937
251692a9-3c19-4cf0-93ac-e50d8714575c,0ac1a535e0177700_cf166d63-675b-4ef1-9b93-32432e0811ee,0145,1290.472,1510.944
251692a9-3c19-4cf0-93ac-e50d8714575c,0ac1a535e0177700_cf166d63-675b-4ef1-9b93-32432e0811ee,0150,1286.13,1504.142
251692a9-3c19-4cf0-93ac-e50d8714575c,0ac1a535e0177700_cf166d63-675b-4ef1-9b93-32432e0811ee,0155,1285.593,1502.436
251692a9-3c19-4cf0-93ac-e50d8714575c,0ac1a535e0177700_cf166d63-675b-4ef1-9b93-32432e0811ee,0160,1286.078,1497.046
251692a9-3c19-4cf0-93ac-e50d8714575c,0ac1a535e0177700_cf166d63-675b-4ef1-9b93-32432e0811ee,0165,1285.75,1495.665
251692a9-3c19-4cf0-93ac-e50d8714575c,0ac1a535e0177700_cf166d63-675b-4ef1-9b93-32432e0811ee,0170,1285.196,1502.709
251692a9-3c19-4cf0-93ac-e50d8714575c,0ac1a535e0177700_cf166d63-675b-4ef1-9b93-32432e0811ee,0175,1285.713,1495.047
251692a9-3c19-4cf0-93ac-e50d8714575c,0ac1a535e0177700_cf166d63-675b-4ef1-9b93-32432e0811ee,0180,1286.104,1496.292
251692a9-3c19-4cf0-93ac-e50d8714575c,0ac1a535e0177700_cf166d63-675b-4ef1-9b93-32432e0811ee,0185,1286.017,1502.752
251692a9-3c19-4cf0-93ac-e50d8714575c,0ac1a535e0177700_cf166d63-675b-4ef1-9b93-32432e0811ee,0190,1289.722,1503.643
251692a9-3c19-4cf0-93ac-e50d8714575c,0ac1a535e0177700_cf166d63-675b-4ef1-9b93-32432e0811ee,0195,1287.818,1490.878
251692a9-3c19-4cf0-93ac-e50d8714575c,0ac1a535e0177700_cf166d63-675b-4ef1-9b93-32432e0811ee,0200,1286.003,1501.841
251692a9-3c19-4cf0-93ac-e50d8714575c,0ac1a535e0177700_cf166d63-675b-4ef1-9b93-32432e0811ee,0205,1290.456,1506.437
251692a9-3c19-4cf0-93ac-e50d8714575c,0ac1a535e0177700_cf166d63-675b-4ef1-9b93-32432e0811ee,0210,1290.471,1494.651
251692a9-3c19-4cf0-93ac-e50d8714575c,0ac1a535e0177700_cf166d63-675b-4ef1-9b93-32432e0811ee,0215,1290.084,1492.595
251692a9-3c19-4cf0-93ac-e50d8714575c,0ac1a535e0177700_cf166d63-675b-4ef1-9b93-32432e0811ee,0220,1290.794,1494.115
251692a9-3c19-4cf0-93ac-e50d8714575c,0ac1a535e0177700_cf166d63-675b-4ef1-9b93-32432e0811ee,0225,1290.504,1492.398
251692a9-3c19-4cf0-93ac-e50d8714575c,0ac1a535e0177700_cf166d63-675b-4ef1-9b93-32432e0811ee,0230,1290.127,1498.85
251692a9-3c19-4cf0-93ac-e50d8714575c,0ac1a535e0177700_cf166d63-675b-4ef1-9b93-32432e0811ee,0235,1290.094,1490.604
251692a9-3c19-4cf0-93ac-e50d8714575c,0ac1a535e0177700_cf166d63-675b-4ef1-9b93-32432e0811ee,0240,1290.751,1491.53
251692a9-3c19-4cf0-93ac-e50d8714575c,0ac1a535e0177700_cf166d63-675b-4ef1-9b93-32432e0811ee,0245,1290.688,1491.793
251692a9-3c19-4cf0-93ac-e50d8714575c,0ac1a535e0177700_cf166d63-675b-4ef1-9b93-32432e0811ee,0250,1290.525,1493.133
251692a9-3c19-4cf0-93ac-e50d8714575c,0ac1a535e0177700_cf166d63-675b-4ef1-9b93-32432e0811ee,0255,1289.683,1491.255
251692a9-3c19-4cf0-93ac-e50d8714575c,0ac1a535e0177700_cf166d63-675b-4ef1-9b93-32432e0811ee,0260,1291.147,1492.775
251692a9-3c19-4cf0-93ac-e50d8714575c,0ac1a535e0177700_cf166d63-675b-4ef1-9b93-32432e0811ee,0265,1289.93,1491.358
d4db73d4-e084-448b-a294-1a033dfdc4cb,2025-12-05_075123_1cdb3944-32d2-44b7-96a1-ff7d69014b09,0005,1289.505,1514.316
d4db73d4-e084-448b-a294-1a033dfdc4cb,2025-12-05_075123_1cdb3944-32d2-44b7-96a1-ff7d69014b09,0010,1289.89,1500.215
d4db73d4-e084-448b-a294-1a033dfdc4cb,2025-12-05_075123_1cdb3944-32d2-44b7-96a1-ff7d69014b09,0015,1290.565,1492.978
d4db73d4-e084-448b-a294-1a033dfdc4cb,2025-12-05_075123_1cdb3944-32d2-44b7-96a1-ff7d69014b09,0020,1290.791,1493.776
d4db73d4-e084-448b-a294-1a033dfdc4cb,2025-12-05_075123_1cdb3944-32d2-44b7-96a1-ff7d69014b09,0025,1290.347,1493.152
d4db73d4-e084-448b-a294-1a033dfdc4cb,2025-12-05_075123_1cdb3944-32d2-44b7-96a1-ff7d69014b09,0030,1290.684,1494.614
d4db73d4-e084-448b-a294-1a033dfdc4cb,2025-12-05_075123_1cdb3944-32d2-44b7-96a1-ff7d69014b09,0035,1290.643,1499.982
d4db73d4-e084-448b-a294-1a033dfdc4cb,2025-12-05_075123_1cdb3944-32d2-44b7-96a1-ff7d69014b09,0040,1286.127,1487.615
d4db73d4-e084-448b-a294-1a033dfdc4cb,2025-12-05_075123_1cdb3944-32d2-44b7-96a1-ff7d69014b09,0045,1285.681,1502.318
d4db73d4-e084-448b-a294-1a033dfdc4cb,2025-12-05_075123_1cdb3944-32d2-44b7-96a1-ff7d69014b09,0050,1289.984,1508.796
d4db73d4-e084-448b-a294-1a033dfdc4cb,2025-12-05_075123_1cdb3944-32d2-44b7-96a1-ff7d69014b09,0055,1290.493,1522.675
d4db73d4-e084-448b-a294-1a033dfdc4cb,2025-12-05_075123_1cdb3944-32d2-44b7-96a1-ff7d69014b09,0060,1290.011,1490.485
d4db73d4-e084-448b-a294-1a033dfdc4cb,2025-12-05_075123_1cdb3944-32d2-44b7-96a1-ff7d69014b09,0065,1290.15,1491.932
d4db73d4-e084-448b-a294-1a033dfdc4cb,2025-12-05_075123_1cdb3944-32d2-44b7-96a1-ff7d69014b09,0070,1290.71,1492.854
d4db73d4-e084-448b-a294-1a033dfdc4cb,2025-12-05_075123_1cdb3944-32d2-44b7-96a1-ff7d69014b09,0075,1289.474,1491.209
d4db73d4-e084-448b-a294-1a033dfdc4cb,2025-12-05_075123_1cdb3944-32d2-44b7-96a1-ff7d69014b09,0080,1290.425,1492.619
d4db73d4-e084-448b-a294-1a033dfdc4cb,2025-12-05_075123_1cdb3944-32d2-44b7-96a1-ff7d69014b09,0085,1290.672,1491.271
d4db73d4-e084-448b-a294-1a033dfdc4cb,2025-12-05_075123_1cdb3944-32d2-44b7-96a1-ff7d69014b09,0090,1287.29,1484.539
d4db73d4-e084-448b-a294-1a033dfdc4cb,2025-12-05_075123_1cdb3944-32d2-44b7-96a1-ff7d69014b09,0095,1289.942,1507.567
d4db73d4-e084-448b-a294-1a033dfdc4cb,2025-12-05_075123_1cdb3944-32d2-44b7-96a1-ff7d69014b09,0100,1285.805,1501.379
d4db73d4-e084-448b-a294-1a033dfdc4cb,2025-12-05_075123_1cdb3944-32d2-44b7-96a1-ff7d69014b09,0105,1285.257,1501.728
d4db73d4-e084-448b-a294-1a033dfdc4cb,2025-12-05_075123_1cdb3944-32d2-44b7-96a1-ff7d69014b09,0110,1285.561,1497.001
d4db73d4-e084-448b-a294-1a033dfdc4cb,2025-12-05_075123_1cdb3944-32d2-44b7-96a1-ff7d69014b09,0115,1284.818,1501.057
d4db73d4-e084-448b-a294-1a033dfdc4cb,2025-12-05_075123_1cdb3944-32d2-44b7-96a1-ff7d69014b09,0120,1285.24,1496.041
d4db73d4-e084-448b-a294-1a033dfdc4cb,2025-12-05_075123_1cdb3944-32d2-44b7-96a1-ff7d69014b09,0125,1285.436,1496.102
d4db73d4-e084-448b-a294-1a033dfdc4cb,2025-12-05_075123_1cdb3944-32d2-44b7-96a1-ff7d69014b09,0130,1290.688,1510.489
d4db73d4-e084-448b-a294-1a033dfdc4cb,2025-12-05_075123_1cdb3944-32d2-44b7-96a1-ff7d69014b09,0135,1285.68,1501.801
d4db73d4-e084-448b-a294-1a033dfdc4cb,2025-12-05_075123_1cdb3944-32d2-44b7-96a1-ff7d69014b09,0140,1285.519,1506.819
d4db73d4-e084-448b-a294-1a033dfdc4cb,2025-12-05_075123_1cdb3944-32d2-44b7-96a1-ff7d69014b09,0145,1285.473,1504.091
d4db73d4-e084-448b-a294-1a033dfdc4cb,2025-12-05_075123_1cdb3944-32d2-44b7-96a1-ff7d69014b09,0150,1284.986,1502.15
d4db73d4-e084-448b-a294-1a033dfdc4cb,2025-12-05_075123_1cdb3944-32d2-44b7-96a1-ff7d69014b09,0155,1285.67,1500.407
d4db73d4-e084-448b-a294-1a033dfdc4cb,2025-12-05_075123_1cdb3944-32d2-44b7-96a1-ff7d69014b09,0160,1285.314,1494.334
d4db73d4-e084-448b-a294-1a033dfdc4cb,2025-12-05_075123_1cdb3944-32d2-44b7-96a1-ff7d69014b09,0165,1285.553,1503.137
d4db73d4-e084-448b-a294-1a033dfdc4cb,2025-12-05_075123_1cdb3944-32d2-44b7-96a1-ff7d69014b09,0170,1285.857,1498.005
d4db73d4-e084-448b-a294-1a033dfdc4cb,2025-12-05_075123_1cdb3944-32d2-44b7-96a1-ff7d69014b09,0175,1289.464,1516.891
d4db73d4-e084-448b-a294-1a033dfdc4cb,2025-12-05_075123_1cdb3944-32d2-44b7-96a1-ff7d69014b09,0180,1285.536,1503.705
d4db73d4-e084-448b-a294-1a033dfdc4cb,2025-12-05_075123_1cdb3944-32d2-44b7-96a1-ff7d69014b09,0185,1285.784,1497.259
d4db73d4-e084-448b-a294-1a033dfdc4cb,2025-12-05_075123_1cdb3944-32d2-44b7-96a1-ff7d69014b09,0190,1285.229,1502.164
d4db73d4-e084-448b-a294-1a033dfdc4cb,2025-12-05_075123_1cdb3944-32d2-44b7-96a1-ff7d69014b09,0195,1288.408,1498.833
d4db73d4-e084-448b-a294-1a033dfdc4cb,2025-12-05_075123_1cdb3944-32d2-44b7-96a1-ff7d69014b09,0200,1285.447,1501.698
d4db73d4-e084-448b-a294-1a033dfdc4cb,2025-12-05_075123_1cdb3944-32d2-44b7-96a1-ff7d69014b09,0205,1285.216,1503.884
d4db73d4-e084-448b-a294-1a033dfdc4cb,2025-12-05_075123_1cdb3944-32d2-44b7-96a1-ff7d69014b09,0210,1285.377,1499.869
d4db73d4-e084-448b-a294-1a033dfdc4cb,2025-12-05_075123_1cdb3944-32d2-44b7-96a1-ff7d69014b09,0215,1285.234,1496.739
d4db73d4-e084-448b-a294-1a033dfdc4cb,2025-12-05_075123_1cdb3944-32d2-44b7-96a1-ff7d69014b09,0220,1285.034,1500.213
d4db73d4-e084-448b-a294-1a033dfdc4cb,2025-12-05_075123_1cdb3944-32d2-44b7-96a1-ff7d69014b09,0225,1285.119,1500.763
d4db73d4-e084-448b-a294-1a033dfdc4cb,2025-12-05_075123_1cdb3944-32d2-44b7-96a1-ff7d69014b09,0230,1285.571,1487.369
d4db73d4-e084-448b-a294-1a033dfdc4cb,2025-12-05_075123_1cdb3944-32d2-44b7-96a1-ff7d69014b09,0235,1285.296,1495.231
d4db73d4-e084-448b-a294-1a033dfdc4cb,2025-12-05_075123_1cdb3944-32d2-44b7-96a1-ff7d69014b09,0240,1285.533,1500.079
d4db73d4-e084-448b-a294-1a033dfdc4cb,2025-12-05_075123_1cdb3944-32d2-44b7-96a1-ff7d69014b09,0245,1285.359,1495.106
d4db73d4-e084-448b-a294-1a033dfdc4cb,2025-12-05_075123_1cdb3944-32d2-44b7-96a1-ff7d69014b09,0250,1285.675,1500.854
d4db73d4-e084-448b-a294-1a033dfdc4cb,2025-12-05_075123_1cdb3944-32d2-44b7-96a1-ff7d69014b09,0255,1285.184,1502.199
d4db73d4-e084-448b-a294-1a033dfdc4cb,2025-12-05_075123_1cdb3944-32d2-44b7-96a1-ff7d69014b09,0260,1284.96,1499.032
d4db73d4-e084-448b-a294-1a033dfdc4cb,2025-12-05_075123_1cdb3944-32d2-44b7-96a1-ff7d69014b09,0265,1285.286,1494.233
d4db73d4-e084-448b-a294-1a033dfdc4cb,2025-12-05_075123_1cdb3944-32d2-44b7-96a1-ff7d69014b09,0270,1285.448,1504.819
d4db73d4-e084-448b-a294-1a033dfdc4cb,2025-12-05_075123_1cdb3944-32d2-44b7-96a1-ff7d69014b09,0275,1285.579,1495.866
d4db73d4-e084-448b-a294-1a033dfdc4cb,2025-12-05_075123_1cdb3944-32d2-44b7-96a1-ff7d69014b09,0280,1290.421,1504.449
d4db73d4-e084-448b-a294-1a033dfdc4cb,2025-12-05_075123_1cdb3944-32d2-44b7-96a1-ff7d69014b09,0285,1286.034,1500.318
d4db73d4-e084-448b-a294-1a033dfdc4cb,2025-12-05_075123_1cdb3944-32d2-44b7-96a1-ff7d69014b09,0290,1285.601,1500.104
d4db73d4-e084-448b-a294-1a033dfdc4cb,2025-12-05_075123_1cdb3944-32d2-44b7-96a1-ff7d69014b09,0295,1290.146,1505.605
d4db73d4-e084-448b-a294-1a033dfdc4cb,2025-12-05_075123_1cdb3944-32d2-44b7-96a1-ff7d69014b09,0300,1289.48,1505.57
08b1d3c7-7585-4701-9e8f-6511bbf71822,adfaa4c9515dd647_69dc3a2b-525d-43e5-b361-2f165982a8c4,0005,1290.649,1510.067
08b1d3c7-7585-4701-9e8f-6511bbf71822,adfaa4c9515dd647_69dc3a2b-525d-43e5-b361-2f165982a8c4,0010,1289.45,1496.688
08b1d3c7-7585-4701-9e8f-6511bbf71822,adfaa4c9515dd647_69dc3a2b-525d-43e5-b361-2f165982a8c4,0015,1290.055,1491.711
08b1d3c7-7585-4701-9e8f-6511bbf71822,adfaa4c9515dd647_69dc3a2b-525d-43e5-b361-2f165982a8c4,0020,1290.326,1493.417
08b1d3c7-7585-4701-9e8f-6511bbf71822,adfaa4c9515dd647_69dc3a2b-525d-43e5-b361-2f165982a8c4,0025,1289.276,1493.462
08b1d3c7-7585-4701-9e8f-6511bbf71822,adfaa4c9515dd647_69dc3a2b-525d-43e5-b361-2f165982a8c4,0030,1286.024,1501.106
08b1d3c7-7585-4701-9e8f-6511bbf71822,adfaa4c9515dd647_69dc3a2b-525d-43e5-b361-2f165982a8c4,0035,1285.429,1495.192
08b1d3c7-7585-4701-9e8f-6511bbf71822,adfaa4c9515dd647_69dc3a2b-525d-43e5-b361-2f165982a8c4,0040,1285.378,1495.3
08b1d3c7-7585-4701-9e8f-6511bbf71822,adfaa4c9515dd647_69dc3a2b-525d-43e5-b361-2f165982a8c4,0045,1289.33,1504.889
08b1d3c7-7585-4701-9e8f-6511bbf71822,adfaa4c9515dd647_69dc3a2b-525d-43e5-b361-2f165982a8c4,0050,1286.025,1498.711
08b1d3c7-7585-4701-9e8f-6511bbf71822,adfaa4c9515dd647_69dc3a2b-525d-43e5-b361-2f165982a8c4,0055,1285.532,1494.027
08b1d3c7-7585-4701-9e8f-6511bbf71822,adfaa4c9515dd647_69dc3a2b-525d-43e5-b361-2f165982a8c4,0060,1285.21,1494.231
08b1d3c7-7585-4701-9e8f-6511bbf71822,adfaa4c9515dd647_69dc3a2b-525d-43e5-b361-2f165982a8c4,0065,1285.638,1503.244
08b1d3c7-7585-4701-9e8f-6511bbf71822,adfaa4c9515dd647_69dc3a2b-525d-43e5-b361-2f165982a8c4,0070,1285.837,1495.602
08b1d3c7-7585-4701-9e8f-6511bbf71822,adfaa4c9515dd647_69dc3a2b-525d-43e5-b361-2f165982a8c4,0075,1285.378,1502.857
08b1d3c7-7585-4701-9e8f-6511bbf71822,adfaa4c9515dd647_69dc3a2b-525d-43e5-b361-2f165982a8c4,0080,1286.031,1499.334
08b1d3c7-7585-4701-9e8f-6511bbf71822,adfaa4c9515dd647_69dc3a2b-525d-43e5-b361-2f165982a8c4,0085,1285.369,1502.916
08b1d3c7-7585-4701-9e8f-6511bbf71822,adfaa4c9515dd647_69dc3a2b-525d-43e5-b361-2f165982a8c4,0090,1286.323,1496.006
08b1d3c7-7585-4701-9e8f-6511bbf71822,adfaa4c9515dd647_69dc3a2b-525d-43e5-b361-2f165982a8c4,0095,1286.12,1501.557
08b1d3c7-7585-4701-9e8f-6511bbf71822,adfaa4c9515dd647_69dc3a2b-525d-43e5-b361-2f165982a8c4,0100,1286.121,1501.336
08b1d3c7-7585-4701-9e8f-6511bbf71822,adfaa4c9515dd647_69dc3a2b-525d-43e5-b361-2f165982a8c4,0105,1286.304,1500.787
08b1d3c7-7585-4701-9e8f-6511bbf71822,adfaa4c9515dd647_69dc3a2b-525d-43e5-b361-2f165982a8c4,0110,1286.235,1501.062
08b1d3c7-7585-4701-9e8f-6511bbf71822,adfaa4c9515dd647_69dc3a2b-525d-43e5-b361-2f165982a8c4,0115,1285.558,1498.458
08b1d3c7-7585-4701-9e8f-6511bbf71822,adfaa4c9515dd647_69dc3a2b-525d-43e5-b361-2f165982a8c4,0120,1285.66,1503.756
08b1d3c7-7585-4701-9e8f-6511bbf71822,adfaa4c9515dd647_69dc3a2b-525d-43e5-b361-2f165982a8c4,0125,1286.131,1495.068
08b1d3c7-7585-4701-9e8f-6511bbf71822,adfaa4c9515dd647_69dc3a2b-525d-43e5-b361-2f165982a8c4,0130,1286.118,1499.05
08b1d3c7-7585-4701-9e8f-6511bbf71822,adfaa4c9515dd647_69dc3a2b-525d-43e5-b361-2f165982a8c4,0135,1290.352,1505.174
08b1d3c7-7585-4701-9e8f-6511bbf71822,adfaa4c9515dd647_69dc3a2b-525d-43e5-b361-2f165982a8c4,0140,1289.681,1504.241
08b1d3c7-7585-4701-9e8f-6511bbf71822,adfaa4c9515dd647_69dc3a2b-525d-43e5-b361-2f165982a8c4,0145,1285.803,1500.112
08b1d3c7-7585-4701-9e8f-6511bbf71822,adfaa4c9515dd647_69dc3a2b-525d-43e5-b361-2f165982a8c4,0150,1286.015,1495.871
08b1d3c7-7585-4701-9e8f-6511bbf71822,adfaa4c9515dd647_69dc3a2b-525d-43e5-b361-2f165982a8c4,0155,1285.89,1497.474
08b1d3c7-7585-4701-9e8f-6511bbf71822,adfaa4c9515dd647_69dc3a2b-525d-43e5-b361-2f165982a8c4,0160,1285.831,1495.335
08b1d3c7-7585-4701-9e8f-6511bbf71822,adfaa4c9515dd647_69dc3a2b-525d-43e5-b361-2f165982a8c4,0165,1290.042,1506.284
08b1d3c7-7585-4701-9e8f-6511bbf71822,adfaa4c9515dd647_69dc3a2b-525d-43e5-b361-2f165982a8c4,0170,1290.015,1492.037
9f3ae8af-c7b3-4edb-9e95-ef983c00b054,3b4212d9b1dde96f_8be8f377-55f1-4396-9026-af6bf4caf832,0005,1290.251,1515.291
9f3ae8af-c7b3-4edb-9e95-ef983c00b054,3b4212d9b1dde96f_8be8f377-55f1-4396-9026-af6bf4caf832,0010,1289.856,1500.336
9f3ae8af-c7b3-4edb-9e95-ef983c00b054,3b4212d9b1dde96f_8be8f377-55f1-4396-9026-af6bf4caf832,0015,1290.599,1492.758
9f3ae8af-c7b3-4edb-9e95-ef983c00b054,3b4212d9b1dde96f_8be8f377-55f1-4396-9026-af6bf4caf832,0020,1290.605,1493.868
9f3ae8af-c7b3-4edb-9e95-ef983c00b054,3b4212d9b1dde96f_8be8f377-55f1-4396-9026-af6bf4caf832,0025,1290.228,1495.239
9f3ae8af-c7b3-4edb-9e95-ef983c00b054,3b4212d9b1dde96f_8be8f377-55f1-4396-9026-af6bf4caf832,0030,1290.821,1494.903
9f3ae8af-c7b3-4edb-9e95-ef983c00b054,3b4212d9b1dde96f_8be8f377-55f1-4396-9026-af6bf4caf832,0035,1289.57,1485.881
9f3ae8af-c7b3-4edb-9e95-ef983c00b054,3b4212d9b1dde96f_8be8f377-55f1-4396-9026-af6bf4caf832,0040,1287.962,1490.682
9f3ae8af-c7b3-4edb-9e95-ef983c00b054,3b4212d9b1dde96f_8be8f377-55f1-4396-9026-af6bf4caf832,0045,1285.763,1495.335
9f3ae8af-c7b3-4edb-9e95-ef983c00b054,3b4212d9b1dde96f_8be8f377-55f1-4396-9026-af6bf4caf832,0050,1285.466,1502.196
9f3ae8af-c7b3-4edb-9e95-ef983c00b054,3b4212d9b1dde96f_8be8f377-55f1-4396-9026-af6bf4caf832,0055,1285.789,1503.528
9f3ae8af-c7b3-4edb-9e95-ef983c00b054,3b4212d9b1dde96f_8be8f377-55f1-4396-9026-af6bf4caf832,0060,1285.552,1495.574
9f3ae8af-c7b3-4edb-9e95-ef983c00b054,3b4212d9b1dde96f_8be8f377-55f1-4396-9026-af6bf4caf832,0065,1285.738,1502.368
9f3ae8af-c7b3-4edb-9e95-ef983c00b054,3b4212d9b1dde96f_8be8f377-55f1-4396-9026-af6bf4caf832,0070,1285.588,1496.856
9f3ae8af-c7b3-4edb-9e95-ef983c00b054,3b4212d9b1dde96f_8be8f377-55f1-4396-9026-af6bf4caf832,0075,1286.502,1505.666
9f3ae8af-c7b3-4edb-9e95-ef983c00b054,3b4212d9b1dde96f_8be8f377-55f1-4396-9026-af6bf4caf832,0080,1285.417,1496.464
9f3ae8af-c7b3-4edb-9e95-ef983c00b054,3b4212d9b1dde96f_8be8f377-55f1-4396-9026-af6bf4caf832,0085,1284.867,1500.732
9f3ae8af-c7b3-4edb-9e95-ef983c00b054,3b4212d9b1dde96f_8be8f377-55f1-4396-9026-af6bf4caf832,0090,1290.173,1509.134
621a134f-27a4-4d0d-9c76-e11fc3d68616,15b4ab836fa9fbc7_2d7f73d1-3a3c-4fe7-8c73-8ecc3483d530,0005,1285.916,1514.971
621a134f-27a4-4d0d-9c76-e11fc3d68616,15b4ab836fa9fbc7_2d7f73d1-3a3c-4fe7-8c73-8ecc3483d530,0010,1285.891,1502.537
621a134f-27a4-4d0d-9c76-e11fc3d68616,15b4ab836fa9fbc7_2d7f73d1-3a3c-4fe7-8c73-8ecc3483d530,0015,1285.653,1495.688
621a134f-27a4-4d0d-9c76-e11fc3d68616,15b4ab836fa9fbc7_2d7f73d1-3a3c-4fe7-8c73-8ecc3483d530,0020,1290.361,1506.489
621a134f-27a4-4d0d-9c76-e11fc3d68616,15b4ab836fa9fbc7_2d7f73d1-3a3c-4fe7-8c73-8ecc3483d530,0025,1290.741,1494.433
621a134f-27a4-4d0d-9c76-e11fc3d68616,15b4ab836fa9fbc7_2d7f73d1-3a3c-4fe7-8c73-8ecc3483d530,0030,1289.824,1492.868
621a134f-27a4-4d0d-9c76-e11fc3d68616,15b4ab836fa9fbc7_2d7f73d1-3a3c-4fe7-8c73-8ecc3483d530,0035,1289.786,1492.331
621a134f-27a4-4d0d-9c76-e11fc3d68616,15b4ab836fa9fbc7_2d7f73d1-3a3c-4fe7-8c73-8ecc3483d530,0040,1290.485,1491.405
621a134f-27a4-4d0d-9c76-e11fc3d68616,15b4ab836fa9fbc7_2d7f73d1-3a3c-4fe7-8c73-8ecc3483d530,0045,1289.825,1490.957
621a134f-27a4-4d0d-9c76-e11fc3d68616,15b4ab836fa9fbc7_2d7f73d1-3a3c-4fe7-8c73-8ecc3483d530,0050,1290.558,1493.822
621a134f-27a4-4d0d-9c76-e11fc3d68616,15b4ab836fa9fbc7_2d7f73d1-3a3c-4fe7-8c73-8ecc3483d530,0055,1290.444,1493.334
621a134f-27a4-4d0d-9c76-e11fc3d68616,15b4ab836fa9fbc7_2d7f73d1-3a3c-4fe7-8c73-8ecc3483d530,0060,1290.058,1491.147
621a134f-27a4-4d0d-9c76-e11fc3d68616,15b4ab836fa9fbc7_2d7f73d1-3a3c-4fe7-8c73-8ecc3483d530,0065,1290.469,1491.497
621a134f-27a4-4d0d-9c76-e11fc3d68616,15b4ab836fa9fbc7_2d7f73d1-3a3c-4fe7-8c73-8ecc3483d530,0070,1290.528,1493.07
621a134f-27a4-4d0d-9c76-e11fc3d68616,15b4ab836fa9fbc7_2d7f73d1-3a3c-4fe7-8c73-8ecc3483d530,0075,1290.396,1491.894
621a134f-27a4-4d0d-9c76-e11fc3d68616,15b4ab836fa9fbc7_2d7f73d1-3a3c-4fe7-8c73-8ecc3483d530,0080,1290.244,1492.19
621a134f-27a4-4d0d-9c76-e11fc3d68616,15b4ab836fa9fbc7_2d7f73d1-3a3c-4fe7-8c73-8ecc3483d530,0085,1284.799,1491.87
621a134f-27a4-4d0d-9c76-e11fc3d68616,15b4ab836fa9fbc7_2d7f73d1-3a3c-4fe7-8c73-8ecc3483d530,0090,1285.801,1500.692
621a134f-27a4-4d0d-9c76-e11fc3d68616,15b4ab836fa9fbc7_2d7f73d1-3a3c-4fe7-8c73-8ecc3483d530,0095,1286.403,1496.36
621a134f-27a4-4d0d-9c76-e11fc3d68616,15b4ab836fa9fbc7_2d7f73d1-3a3c-4fe7-8c73-8ecc3483d530,0100,1285.5,1497.475
621a134f-27a4-4d0d-9c76-e11fc3d68616,15b4ab836fa9fbc7_2d7f73d1-3a3c-4fe7-8c73-8ecc3483d530,0105,1285.708,1498.809
621a134f-27a4-4d0d-9c76-e11fc3d68616,15b4ab836fa9fbc7_2d7f73d1-3a3c-4fe7-8c73-8ecc3483d530,0110,1285.882,1499.108
621a134f-27a4-4d0d-9c76-e11fc3d68616,15b4ab836fa9fbc7_2d7f73d1-3a3c-4fe7-8c73-8ecc3483d530,0115,1285.366,1500.87
621a134f-27a4-4d0d-9c76-e11fc3d68616,15b4ab836fa9fbc7_2d7f73d1-3a3c-4fe7-8c73-8ecc3483d530,0120,1285.549,1503.118
621a134f-27a4-4d0d-9c76-e11fc3d68616,15b4ab836fa9fbc7_2d7f73d1-3a3c-4fe7-8c73-8ecc3483d530,0125,1285.732,1500.222
621a134f-27a4-4d0d-9c76-e11fc3d68616,15b4ab836fa9fbc7_2d7f73d1-3a3c-4fe7-8c73-8ecc3483d530,0130,1285.721,1503.795
621a134f-27a4-4d0d-9c76-e11fc3d68616,15b4ab836fa9fbc7_2d7f73d1-3a3c-4fe7-8c73-8ecc3483d530,0135,1285.677,1500.188
621a134f-27a4-4d0d-9c76-e11fc3d68616,15b4ab836fa9fbc7_2d7f73d1-3a3c-4fe7-8c73-8ecc3483d530,0140,1285.88,1504.396
621a134f-27a4-4d0d-9c76-e11fc3d68616,15b4ab836fa9fbc7_2d7f73d1-3a3c-4fe7-8c73-8ecc3483d530,0145,1285.409,1496.217
621a134f-27a4-4d0d-9c76-e11fc3d68616,15b4ab836fa9fbc7_2d7f73d1-3a3c-4fe7-8c73-8ecc3483d530,0150,1289.663,1500.313
621a134f-27a4-4d0d-9c76-e11fc3d68616,15b4ab836fa9fbc7_2d7f73d1-3a3c-4fe7-8c73-8ecc3483d530,0155,1285.939,1499.611
621a134f-27a4-4d0d-9c76-e11fc3d68616,15b4ab836fa9fbc7_2d7f73d1-3a3c-4fe7-8c73-8ecc3483d530,0160,1285.734,1495.93
621a134f-27a4-4d0d-9c76-e11fc3d68616,15b4ab836fa9fbc7_2d7f73d1-3a3c-4fe7-8c73-8ecc3483d530,0165,1285.953,1499.928
621a134f-27a4-4d0d-9c76-e11fc3d68616,15b4ab836fa9fbc7_2d7f73d1-3a3c-4fe7-8c73-8ecc3483d530,0170,1285.304,1503.705
621a134f-27a4-4d0d-9c76-e11fc3d68616,15b4ab836fa9fbc7_2d7f73d1-3a3c-4fe7-8c73-8ecc3483d530,0175,1285.364,1500.283
621a134f-27a4-4d0d-9c76-e11fc3d68616,15b4ab836fa9fbc7_2d7f73d1-3a3c-4fe7-8c73-8ecc3483d530,0180,1285.88,1503.287
621a134f-27a4-4d0d-9c76-e11fc3d68616,15b4ab836fa9fbc7_2d7f73d1-3a3c-4fe7-8c73-8ecc3483d530,0185,1285.597,1500.798
621a134f-27a4-4d0d-9c76-e11fc3d68616,15b4ab836fa9fbc7_2d7f73d1-3a3c-4fe7-8c73-8ecc3483d530,0190,1286.2,1504.322
621a134f-27a4-4d0d-9c76-e11fc3d68616,15b4ab836fa9fbc7_2d7f73d1-3a3c-4fe7-8c73-8ecc3483d530,0195,1285.918,1495.343
621a134f-27a4-4d0d-9c76-e11fc3d68616,15b4ab836fa9fbc7_2d7f73d1-3a3c-4fe7-8c73-8ecc3483d530,0200,1285.955,1500.75
621a134f-27a4-4d0d-9c76-e11fc3d68616,15b4ab836fa9fbc7_2d7f73d1-3a3c-4fe7-8c73-8ecc3483d530,0205,1285.823,1502.519
621a134f-27a4-4d0d-9c76-e11fc3d68616,15b4ab836fa9fbc7_2d7f73d1-3a3c-4fe7-8c73-8ecc3483d530,0210,1286.406,1503.519
621a134f-27a4-4d0d-9c76-e11fc3d68616,15b4ab836fa9fbc7_2d7f73d1-3a3c-4fe7-8c73-8ecc3483d530,0215,1285.881,1499.941
621a134f-27a4-4d0d-9c76-e11fc3d68616,15b4ab836fa9fbc7_2d7f73d1-3a3c-4fe7-8c73-8ecc3483d530,0220,1285.442,1494.776
621a134f-27a4-4d0d-9c76-e11fc3d68616,15b4ab836fa9fbc7_2d7f73d1-3a3c-4fe7-8c73-8ecc3483d530,0225,1286.271,1495.853
621a134f-27a4-4d0d-9c76-e11fc3d68616,15b4ab836fa9fbc7_2d7f73d1-3a3c-4fe7-8c73-8ecc3483d530,0230,1286.171,1498.551
621a134f-27a4-4d0d-9c76-e11fc3d68616,15b4ab836fa9fbc7_2d7f73d1-3a3c-4fe7-8c73-8ecc3483d530,0235,1286.106,1495.161
621a134f-27a4-4d0d-9c76-e11fc3d68616,15b4ab836fa9fbc7_2d7f73d1-3a3c-4fe7-8c73-8ecc3483d530,0240,1285.935,1493.854
621a134f-27a4-4d0d-9c76-e11fc3d68616,15b4ab836fa9fbc7_2d7f73d1-3a3c-4fe7-8c73-8ecc3483d530,0245,1290.216,1508.03
621a134f-27a4-4d0d-9c76-e11fc3d68616,15b4ab836fa9fbc7_2d7f73d1-3a3c-4fe7-8c73-8ecc3483d530,0250,1285.603,1503.247
621a134f-27a4-4d0d-9c76-e11fc3d68616,15b4ab836fa9fbc7_2d7f73d1-3a3c-4fe7-8c73-8ecc3483d530,0255,1285.451,1496.057
621a134f-27a4-4d0d-9c76-e11fc3d68616,15b4ab836fa9fbc7_2d7f73d1-3a3c-4fe7-8c73-8ecc3483d530,0260,1285.767,1502.946
621a134f-27a4-4d0d-9c76-e11fc3d68616,15b4ab836fa9fbc7_2d7f73d1-3a3c-4fe7-8c73-8ecc3483d530,0265,1285.593,1494.778
621a134f-27a4-4d0d-9c76-e11fc3d68616,15b4ab836fa9fbc7_2d7f73d1-3a3c-4fe7-8c73-8ecc3483d530,0270,1290.264,1508.008
621a134f-27a4-4d0d-9c76-e11fc3d68616,15b4ab836fa9fbc7_2d7f73d1-3a3c-4fe7-8c73-8ecc3483d530,0275,1285.768,1499.206
621a134f-27a4-4d0d-9c76-e11fc3d68616,15b4ab836fa9fbc7_2d7f73d1-3a3c-4fe7-8c73-8ecc3483d530,0280,1285.306,1495.389
621a134f-27a4-4d0d-9c76-e11fc3d68616,15b4ab836fa9fbc7_2d7f73d1-3a3c-4fe7-8c73-8ecc3483d530,0285,1285.57,1501.406
621a134f-27a4-4d0d-9c76-e11fc3d68616,15b4ab836fa9fbc7_2d7f73d1-3a3c-4fe7-8c73-8ecc3483d530,0290,1285.257,1499.552
621a134f-27a4-4d0d-9c76-e11fc3d68616,15b4ab836fa9fbc7_2d7f73d1-3a3c-4fe7-8c73-8ecc3483d530,0295,1285.352,1494.91
621a134f-27a4-4d0d-9c76-e11fc3d68616,15b4ab836fa9fbc7_2d7f73d1-3a3c-4fe7-8c73-8ecc3483d530,0300,1285.587,1501.573
621a134f-27a4-4d0d-9c76-e11fc3d68616,15b4ab836fa9fbc7_2d7f73d1-3a3c-4fe7-8c73-8ecc3483d530,0305,1285.543,1495.218
621a134f-27a4-4d0d-9c76-e11fc3d68616,15b4ab836fa9fbc7_2d7f73d1-3a3c-4fe7-8c73-8ecc3483d530,0310,1285.009,1499.988
621a134f-27a4-4d0d-9c76-e11fc3d68616,15b4ab836fa9fbc7_2d7f73d1-3a3c-4fe7-8c73-8ecc3483d530,0315,1285.176,1496.256
621a134f-27a4-4d0d-9c76-e11fc3d68616,15b4ab836fa9fbc7_2d7f73d1-3a3c-4fe7-8c73-8ecc3483d530,0320,1285.566,1495.193
621a134f-27a4-4d0d-9c76-e11fc3d68616,15b4ab836fa9fbc7_2d7f73d1-3a3c-4fe7-8c73-8ecc3483d530,0325,1285.317,1494.359
621a134f-27a4-4d0d-9c76-e11fc3d68616,15b4ab836fa9fbc7_2d7f73d1-3a3c-4fe7-8c73-8ecc3483d530,0330,1285.968,1504.377
621a134f-27a4-4d0d-9c76-e11fc3d68616,15b4ab836fa9fbc7_2d7f73d1-3a3c-4fe7-8c73-8ecc3483d530,0335,1285.662,1494.664
621a134f-27a4-4d0d-9c76-e11fc3d68616,15b4ab836fa9fbc7_2d7f73d1-3a3c-4fe7-8c73-8ecc3483d530,0340,1285.703,1500.036
621a134f-27a4-4d0d-9c76-e11fc3d68616,15b4ab836fa9fbc7_2d7f73d1-3a3c-4fe7-8c73-8ecc3483d530,0345,1285.719,1502.86
621a134f-27a4-4d0d-9c76-e11fc3d68616,15b4ab836fa9fbc7_2d7f73d1-3a3c-4fe7-8c73-8ecc3483d530,0350,1285.545,1501.215
621a134f-27a4-4d0d-9c76-e11fc3d68616,15b4ab836fa9fbc7_2d7f73d1-3a3c-4fe7-8c73-8ecc3483d530,0355,1286.07,1500.856
621a134f-27a4-4d0d-9c76-e11fc3d68616,15b4ab836fa9fbc7_2d7f73d1-3a3c-4fe7-8c73-8ecc3483d530,0360,1285.899,1503.47
621a134f-27a4-4d0d-9c76-e11fc3d68616,15b4ab836fa9fbc7_2d7f73d1-3a3c-4fe7-8c73-8ecc3483d530,0365,1285.549,1488.175
621a134f-27a4-4d0d-9c76-e11fc3d68616,15b4ab836fa9fbc7_2d7f73d1-3a3c-4fe7-8c73-8ecc3483d530,0370,1289.934,1513.78
621a134f-27a4-4d0d-9c76-e11fc3d68616,15b4ab836fa9fbc7_2d7f73d1-3a3c-4fe7-8c73-8ecc3483d530,0375,1285.407,1503.834
621a134f-27a4-4d0d-9c76-e11fc3d68616,15b4ab836fa9fbc7_2d7f73d1-3a3c-4fe7-8c73-8ecc3483d530,0380,1291.145,1505.635
621a134f-27a4-4d0d-9c76-e11fc3d68616,15b4ab836fa9fbc7_2d7f73d1-3a3c-4fe7-8c73-8ecc3483d530,0385,1289.059,1498.532
621a134f-27a4-4d0d-9c76-e11fc3d68616,15b4ab836fa9fbc7_2d7f73d1-3a3c-4fe7-8c73-8ecc3483d530,0390,1285.13,1497.692
621a134f-27a4-4d0d-9c76-e11fc3d68616,15b4ab836fa9fbc7_2d7f73d1-3a3c-4fe7-8c73-8ecc3483d530,0395,1290.426,1508.621
621a134f-27a4-4d0d-9c76-e11fc3d68616,15b4ab836fa9fbc7_2d7f73d1-3a3c-4fe7-8c73-8ecc3483d530,0400,1285.642,1495.2
621a134f-27a4-4d0d-9c76-e11fc3d68616,15b4ab836fa9fbc7_2d7f73d1-3a3c-4fe7-8c73-8ecc3483d530,0405,1285.356,1493.002
621a134f-27a4-4d0d-9c76-e11fc3d68616,15b4ab836fa9fbc7_2d7f73d1-3a3c-4fe7-8c73-8ecc3483d530,0410,1286.432,1496.041
621a134f-27a4-4d0d-9c76-e11fc3d68616,15b4ab836fa9fbc7_2d7f73d1-3a3c-4fe7-8c73-8ecc3483d530,0415,1285.439,1501.102
621a134f-27a4-4d0d-9c76-e11fc3d68616,15b4ab836fa9fbc7_2d7f73d1-3a3c-4fe7-8c73-8ecc3483d530,0420,1286.82,1494.914
621a134f-27a4-4d0d-9c76-e11fc3d68616,15b4ab836fa9fbc7_2d7f73d1-3a3c-4fe7-8c73-8ecc3483d530,0425,1286.044,1499.275
621a134f-27a4-4d0d-9c76-e11fc3d68616,15b4ab836fa9fbc7_2d7f73d1-3a3c-4fe7-8c73-8ecc3483d530,0430,1285.528,1500.633
621a134f-27a4-4d0d-9c76-e11fc3d68616,15b4ab836fa9fbc7_2d7f73d1-3a3c-4fe7-8c73-8ecc3483d530,0435,1285.641,1495.257
621a134f-27a4-4d0d-9c76-e11fc3d68616,15b4ab836fa9fbc7_2d7f73d1-3a3c-4fe7-8c73-8ecc3483d530,0440,1286.108,1502.472
621a134f-27a4-4d0d-9c76-e11fc3d68616,15b4ab836fa9fbc7_2d7f73d1-3a3c-4fe7-8c73-8ecc3483d530,0445,1285.615,1493.139
621a134f-27a4-4d0d-9c76-e11fc3d68616,15b4ab836fa9fbc7_2d7f73d1-3a3c-4fe7-8c73-8ecc3483d530,0450,1289.992,1506.854
621a134f-27a4-4d0d-9c76-e11fc3d68616,15b4ab836fa9fbc7_2d7f73d1-3a3c-4fe7-8c73-8ecc3483d530,0455,1288.26,1518.244
621a134f-27a4-4d0d-9c76-e11fc3d68616,15b4ab836fa9fbc7_2d7f73d1-3a3c-4fe7-8c73-8ecc3483d530,0460,1285.031,1499.166
621a134f-27a4-4d0d-9c76-e11fc3d68616,15b4ab836fa9fbc7_2d7f73d1-3a3c-4fe7-8c73-8ecc3483d530,0465,1285.449,1501.985
621a134f-27a4-4d0d-9c76-e11fc3d68616,15b4ab836fa9fbc7_2d7f73d1-3a3c-4fe7-8c73-8ecc3483d530,0470,1285.785,1500.395
621a134f-27a4-4d0d-9c76-e11fc3d68616,15b4ab836fa9fbc7_2d7f73d1-3a3c-4fe7-8c73-8ecc3483d530,0475,1285.671,1493.8
621a134f-27a4-4d0d-9c76-e11fc3d68616,15b4ab836fa9fbc7_2d7f73d1-3a3c-4fe7-8c73-8ecc3483d530,0480,1285.802,1492.947
621a134f-27a4-4d0d-9c76-e11fc3d68616,15b4ab836fa9fbc7_2d7f73d1-3a3c-4fe7-8c73-8ecc3483d530,0485,1290.009,1503.414
621a134f-27a4-4d0d-9c76-e11fc3d68616,15b4ab836fa9fbc7_2d7f73d1-3a3c-4fe7-8c73-8ecc3483d530,0490,1285.286,1490.939
621a134f-27a4-4d0d-9c76-e11fc3d68616,15b4ab836fa9fbc7_2d7f73d1-3a3c-4fe7-8c73-8ecc3483d530,0495,1290.307,1502.679
621a134f-27a4-4d0d-9c76-e11fc3d68616,15b4ab836fa9fbc7_2d7f73d1-3a3c-4fe7-8c73-8ecc3483d530,0500,1285.884,1499.843
621a134f-27a4-4d0d-9c76-e11fc3d68616,15b4ab836fa9fbc7_2d7f73d1-3a3c-4fe7-8c73-8ecc3483d530,0505,1285.127,1493.891
621a134f-27a4-4d0d-9c76-e11fc3d68616,15b4ab836fa9fbc7_2d7f73d1-3a3c-4fe7-8c73-8ecc3483d530,0510,1285.605,1493.625
621a134f-27a4-4d0d-9c76-e11fc3d68616,15b4ab836fa9fbc7_2d7f73d1-3a3c-4fe7-8c73-8ecc3483d530,0515,1290.245,1506.037
621a134f-27a4-4d0d-9c76-e11fc3d68616,15b4ab836fa9fbc7_2d7f73d1-3a3c-4fe7-8c73-8ecc3483d530,0520,1285.852,1494.225
621a134f-27a4-4d0d-9c76-e11fc3d68616,15b4ab836fa9fbc7_2d7f73d1-3a3c-4fe7-8c73-8ecc3483d530,0525,1285.599,1494.055
621a134f-27a4-4d0d-9c76-e11fc3d68616,15b4ab836fa9fbc7_2d7f73d1-3a3c-4fe7-8c73-8ecc3483d530,0530,1290.819,1506.401
621a134f-27a4-4d0d-9c76-e11fc3d68616,15b4ab836fa9fbc7_2d7f73d1-3a3c-4fe7-8c73-8ecc3483d530,0535,1290.021,1488.66
621a134f-27a4-4d0d-9c76-e11fc3d68616,15b4ab836fa9fbc7_2d7f73d1-3a3c-4fe7-8c73-8ecc3483d530,0540,1289.866,1489.435
621a134f-27a4-4d0d-9c76-e11fc3d68616,15b4ab836fa9fbc7_2d7f73d1-3a3c-4fe7-8c73-8ecc3483d530,0545,1290.171,1490.19
621a134f-27a4-4d0d-9c76-e11fc3d68616,15b4ab836fa9fbc7_2d7f73d1-3a3c-4fe7-8c73-8ecc3483d530,0550,1290.203,1490.368
621a134f-27a4-4d0d-9c76-e11fc3d68616,15b4ab836fa9fbc7_2d7f73d1-3a3c-4fe7-8c73-8ecc3483d530,0555,1290.665,1490.58
621a134f-27a4-4d0d-9c76-e11fc3d68616,15b4ab836fa9fbc7_2d7f73d1-3a3c-4fe7-8c73-8ecc3483d530,0560,1290.661,1490.365
621a134f-27a4-4d0d-9c76-e11fc3d68616,15b4ab836fa9fbc7_2d7f73d1-3a3c-4fe7-8c73-8ecc3483d530,0565,1290.137,1489.238
621a134f-27a4-4d0d-9c76-e11fc3d68616,15b4ab836fa9fbc7_2d7f73d1-3a3c-4fe7-8c73-8ecc3483d530,0570,1290.642,1490.404
621a134f-27a4-4d0d-9c76-e11fc3d68616,15b4ab836fa9fbc7_2d7f73d1-3a3c-4fe7-8c73-8ecc3483d530,0575,1290.297,1488.584
621a134f-27a4-4d0d-9c76-e11fc3d68616,15b4ab836fa9fbc7_2d7f73d1-3a3c-4fe7-8c73-8ecc3483d530,0580,1290.512,1492.108
621a134f-27a4-4d0d-9c76-e11fc3d68616,15b4ab836fa9fbc7_2d7f73d1-3a3c-4fe7-8c73-8ecc3483d530,0585,1291.171,1491.222
621a134f-27a4-4d0d-9c76-e11fc3d68616,15b4ab836fa9fbc7_2d7f73d1-3a3c-4fe7-8c73-8ecc3483d530,0590,1286.86,1487.461
621a134f-27a4-4d0d-9c76-e11fc3d68616,15b4ab836fa9fbc7_2d7f73d1-3a3c-4fe7-8c73-8ecc3483d530,0595,1286.309,1496.643
621a134f-27a4-4d0d-9c76-e11fc3d68616,15b4ab836fa9fbc7_2d7f73d1-3a3c-4fe7-8c73-8ecc3483d530,0600,1285.617,1497.856
621a134f-27a4-4d0d-9c76-e11fc3d68616,15b4ab836fa9fbc7_2d7f73d1-3a3c-4fe7-8c73-8ecc3483d530,0605,1286.308,1503.422
621a134f-27a4-4d0d-9c76-e11fc3d68616,15b4ab836fa9fbc7_2d7f73d1-3a3c-4fe7-8c73-8ecc3483d530,0610,1285.676,1503.126
621a134f-27a4-4d0d-9c76-e11fc3d68616,15b4ab836fa9fbc7_2d7f73d1-3a3c-4fe7-8c73-8ecc3483d530,0615,1285.718,1499.844
621a134f-27a4-4d0d-9c76-e11fc3d68616,15b4ab836fa9fbc7_2d7f73d1-3a3c-4fe7-8c73-8ecc3483d530,0620,1286.245,1496.992
621a134f-27a4-4d0d-9c76-e11fc3d68616,15b4ab836fa9fbc7_2d7f73d1-3a3c-4fe7-8c73-8ecc3483d530,0625,1285.583,1501.742
621a134f-27a4-4d0d-9c76-e11fc3d68616,15b4ab836fa9fbc7_2d7f73d1-3a3c-4fe7-8c73-8ecc3483d530,0630,1285.69,1502.485
621a134f-27a4-4d0d-9c76-e11fc3d68616,15b4ab836fa9fbc7_2d7f73d1-3a3c-4fe7-8c73-8ecc3483d530,0635,1286.033,1504.404
621a134f-27a4-4d0d-9c76-e11fc3d68616,15b4ab836fa9fbc7_2d7f73d1-3a3c-4fe7-8c73-8ecc3483d530,0640,1290.42,1506.536
621a134f-27a4-4d0d-9c76-e11fc3d68616,15b4ab836fa9fbc7_2d7f73d1-3a3c-4fe7-8c73-8ecc3483d530,0645,1285.607,1491.472
621a134f-27a4-4d0d-9c76-e11fc3d68616,15b4ab836fa9fbc7_2d7f73d1-3a3c-4fe7-8c73-8ecc3483d530,0650,1286.093,1500.315
621a134f-27a4-4d0d-9c76-e11fc3d68616,15b4ab836fa9fbc7_2d7f73d1-3a3c-4fe7-8c73-8ecc3483d530,0655,1285.513,1495.415
621a134f-27a4-4d0d-9c76-e11fc3d68616,15b4ab836fa9fbc7_2d7f73d1-3a3c-4fe7-8c73-8ecc3483d530,0660,1289.682,1509.53
621a134f-27a4-4d0d-9c76-e11fc3d68616,15b4ab836fa9fbc7_2d7f73d1-3a3c-4fe7-8c73-8ecc3483d530,0665,1290.301,1490.452
621a134f-27a4-4d0d-9c76-e11fc3d68616,15b4ab836fa9fbc7_2d7f73d1-3a3c-4fe7-8c73-8ecc3483d530,0670,1290.1,1488.675
621a134f-27a4-4d0d-9c76-e11fc3d68616,15b4ab836fa9fbc7_2d7f73d1-3a3c-4fe7-8c73-8ecc3483d530,0675,1290.989,1490.935
621a134f-27a4-4d0d-9c76-e11fc3d68616,15b4ab836fa9fbc7_2d7f73d1-3a3c-4fe7-8c73-8ecc3483d530,0680,1286.608,1485.598
621a134f-27a4-4d0d-9c76-e11fc3d68616,15b4ab836fa9fbc7_2d7f73d1-3a3c-4fe7-8c73-8ecc3483d530,0685,1286.056,1493.719
621a134f-27a4-4d0d-9c76-e11fc3d68616,15b4ab836fa9fbc7_2d7f73d1-3a3c-4fe7-8c73-8ecc3483d530,0690,1289.735,1506.808
621a134f-27a4-4d0d-9c76-e11fc3d68616,15b4ab836fa9fbc7_2d7f73d1-3a3c-4fe7-8c73-8ecc3483d530,0695,1288.133,1496.775
621a134f-27a4-4d0d-9c76-e11fc3d68616,15b4ab836fa9fbc7_2d7f73d1-3a3c-4fe7-8c73-8ecc3483d530,0700,1285.615,1499.928
621a134f-27a4-4d0d-9c76-e11fc3d68616,15b4ab836fa9fbc7_2d7f73d1-3a3c-4fe7-8c73-8ecc3483d530,0705,1286.766,1501.359
621a134f-27a4-4d0d-9c76-e11fc3d68616,15b4ab836fa9fbc7_2d7f73d1-3a3c-4fe7-8c73-8ecc3483d530,0710,1285.476,1502.705
621a134f-27a4-4d0d-9c76-e11fc3d68616,15b4ab836fa9fbc7_2d7f73d1-3a3c-4fe7-8c73-8ecc3483d530,0715,1287.884,1498.842
621a134f-27a4-4d0d-9c76-e11fc3d68616,15b4ab836fa9fbc7_2d7f73d1-3a3c-4fe7-8c73-8ecc3483d530,0720,1289.203,1511.175
621a134f-27a4-4d0d-9c76-e11fc3d68616,15b4ab836fa9fbc7_2d7f73d1-3a3c-4fe7-8c73-8ecc3483d530,0725,1285.13,1495.46
621a134f-27a4-4d0d-9c76-e11fc3d68616,15b4ab836fa9fbc7_2d7f73d1-3a3c-4fe7-8c73-8ecc3483d530,0730,1289.81,1509.472
621a134f-27a4-4d0d-9c76-e11fc3d68616,15b4ab836fa9fbc7_2d7f73d1-3a3c-4fe7-8c73-8ecc3483d530,0735,1285.991,1500.909
621a134f-27a4-4d0d-9c76-e11fc3d68616,15b4ab836fa9fbc7_2d7f73d1-3a3c-4fe7-8c73-8ecc3483d530,0740,1285.229,1503.46
621a134f-27a4-4d0d-9c76-e11fc3d68616,15b4ab836fa9fbc7_2d7f73d1-3a3c-4fe7-8c73-8ecc3483d530,0745,1289.202,1515.872
621a134f-27a4-4d0d-9c76-e11fc3d68616,15b4ab836fa9fbc7_2d7f73d1-3a3c-4fe7-8c73-8ecc3483d530,0750,1290.373,1493.623
621a134f-27a4-4d0d-9c76-e11fc3d68616,15b4ab836fa9fbc7_2d7f73d1-3a3c-4fe7-8c73-8ecc3483d530,0755,1291.1,1492.318
621a134f-27a4-4d0d-9c76-e11fc3d68616,15b4ab836fa9fbc7_2d7f73d1-3a3c-4fe7-8c73-8ecc3483d530,0760,1290.059,1492.505
621a134f-27a4-4d0d-9c76-e11fc3d68616,15b4ab836fa9fbc7_2d7f73d1-3a3c-4fe7-8c73-8ecc3483d530,0765,1285.564,1498.953
621a134f-27a4-4d0d-9c76-e11fc3d68616,15b4ab836fa9fbc7_2d7f73d1-3a3c-4fe7-8c73-8ecc3483d530,0770,1288.511,1499.579
621a134f-27a4-4d0d-9c76-e11fc3d68616,15b4ab836fa9fbc7_2d7f73d1-3a3c-4fe7-8c73-8ecc3483d530,0775,1285.704,1500.622
621a134f-27a4-4d0d-9c76-e11fc3d68616,15b4ab836fa9fbc7_2d7f73d1-3a3c-4fe7-8c73-8ecc3483d530,0780,1285.594,1501.06
621a134f-27a4-4d0d-9c76-e11fc3d68616,15b4ab836fa9fbc7_2d7f73d1-3a3c-4fe7-8c73-8ecc3483d530,0785,1286.376,1497.002
621a134f-27a4-4d0d-9c76-e11fc3d68616,15b4ab836fa9fbc7_2d7f73d1-3a3c-4fe7-8c73-8ecc3483d530,0790,1290.492,1508.152
621a134f-27a4-4d0d-9c76-e11fc3d68616,15b4ab836fa9fbc7_2d7f73d1-3a3c-4fe7-8c73-8ecc3483d530,0795,1285.689,1499.389
621a134f-27a4-4d0d-9c76-e11fc3d68616,15b4ab836fa9fbc7_2d7f73d1-3a3c-4fe7-8c73-8ecc3483d530,0800,1285.527,1497.277
621a134f-27a4-4d0d-9c76-e11fc3d68616,15b4ab836fa9fbc7_2d7f73d1-3a3c-4fe7-8c73-8ecc3483d530,0805,1286.199,1496.724
621a134f-27a4-4d0d-9c76-e11fc3d68616,15b4ab836fa9fbc7_2d7f73d1-3a3c-4fe7-8c73-8ecc3483d530,0810,1290.3,1504.044
621a134f-27a4-4d0d-9c76-e11fc3d68616,15b4ab836fa9fbc7_2d7f73d1-3a3c-4fe7-8c73-8ecc3483d530,0815,1290.567,1491.238
621a134f-27a4-4d0d-9c76-e11fc3d68616,15b4ab836fa9fbc7_2d7f73d1-3a3c-4fe7-8c73-8ecc3483d530,0820,1290.175,1490.053
621a134f-27a4-4d0d-9c76-e11fc3d68616,15b4ab836fa9fbc7_2d7f73d1-3a3c-4fe7-8c73-8ecc3483d530,0825,1290.356,1492.752
621a134f-27a4-4d0d-9c76-e11fc3d68616,15b4ab836fa9fbc7_2d7f73d1-3a3c-4fe7-8c73-8ecc3483d530,0830,1286.388,1487.285
621a134f-27a4-4d0d-9c76-e11fc3d68616,15b4ab836fa9fbc7_2d7f73d1-3a3c-4fe7-8c73-8ecc3483d530,0835,1285.181,1500.84
621a134f-27a4-4d0d-9c76-e11fc3d68616,15b4ab836fa9fbc7_2d7f73d1-3a3c-4fe7-8c73-8ecc3483d530,0840,1289.844,1504.885
621a134f-27a4-4d0d-9c76-e11fc3d68616,15b4ab836fa9fbc7_2d7f73d1-3a3c-4fe7-8c73-8ecc3483d530,0845,1285.943,1501.607
621a134f-27a4-4d0d-9c76-e11fc3d68616,15b4ab836fa9fbc7_2d7f73d1-3a3c-4fe7-8c73-8ecc3483d530,0850,1285.03,1501.768
621a134f-27a4-4d0d-9c76-e11fc3d68616,15b4ab836fa9fbc7_2d7f73d1-3a3c-4fe7-8c73-8ecc3483d530,0855,1285.931,1501.133
621a134f-27a4-4d0d-9c76-e11fc3d68616,15b4ab836fa9fbc7_2d7f73d1-3a3c-4fe7-8c73-8ecc3483d530,0860,1285.119,1495.337
621a134f-27a4-4d0d-9c76-e11fc3d68616,15b4ab836fa9fbc7_2d7f73d1-3a3c-4fe7-8c73-8ecc3483d530,0865,1289.626,1507.41
621a134f-27a4-4d0d-9c76-e11fc3d68616,15b4ab836fa9fbc7_2d7f73d1-3a3c-4fe7-8c73-8ecc3483d530,0870,1285.503,1487.816
621a134f-27a4-4d0d-9c76-e11fc3d68616,15b4ab836fa9fbc7_2d7f73d1-3a3c-4fe7-8c73-8ecc3483d530,0875,1285.086,1503.286
621a134f-27a4-4d0d-9c76-e11fc3d68616,15b4ab836fa9fbc7_2d7f73d1-3a3c-4fe7-8c73-8ecc3483d530,0880,1285.424,1495.282
621a134f-27a4-4d0d-9c76-e11fc3d68616,15b4ab836fa9fbc7_2d7f73d1-3a3c-4fe7-8c73-8ecc3483d530,0885,1285.319,1501.829
621a134f-27a4-4d0d-9c76-e11fc3d68616,15b4ab836fa9fbc7_2d7f73d1-3a3c-4fe7-8c73-8ecc3483d530,0890,1286.081,1501.277
621a134f-27a4-4d0d-9c76-e11fc3d68616,15b4ab836fa9fbc7_2d7f73d1-3a3c-4fe7-8c73-8ecc3483d530,0895,1285.923,1501.145
621a134f-27a4-4d0d-9c76-e11fc3d68616,15b4ab836fa9fbc7_2d7f73d1-3a3c-4fe7-8c73-8ecc3483d530,0900,1285.245,1500.91
621a134f-27a4-4d0d-9c76-e11fc3d68616,15b4ab836fa9fbc7_2d7f73d1-3a3c-4fe7-8c73-8ecc3483d530,0905,1289.826,1499.456
621a134f-27a4-4d0d-9c76-e11fc3d68616,15b4ab836fa9fbc7_2d7f73d1-3a3c-4fe7-8c73-8ecc3483d530,0910,1285.442,1497.25
621a134f-27a4-4d0d-9c76-e11fc3d68616,15b4ab836fa9fbc7_2d7f73d1-3a3c-4fe7-8c73-8ecc3483d530,0915,1286.113,1502.666
621a134f-27a4-4d0d-9c76-e11fc3d68616,15b4ab836fa9fbc7_2d7f73d1-3a3c-4fe7-8c73-8ecc3483d530,0920,1285.382,1495.49
621a134f-27a4-4d0d-9c76-e11fc3d68616,15b4ab836fa9fbc7_2d7f73d1-3a3c-4fe7-8c73-8ecc3483d530,0925,1286.514,1497.67
621a134f-27a4-4d0d-9c76-e11fc3d68616,15b4ab836fa9fbc7_2d7f73d1-3a3c-4fe7-8c73-8ecc3483d530,0930,1285.84,1494.928
621a134f-27a4-4d0d-9c76-e11fc3d68616,15b4ab836fa9fbc7_2d7f73d1-3a3c-4fe7-8c73-8ecc3483d530,0935,1285.766,1500.969
621a134f-27a4-4d0d-9c76-e11fc3d68616,15b4ab836fa9fbc7_2d7f73d1-3a3c-4fe7-8c73-8ecc3483d530,0940,1285.425,1492.823
621a134f-27a4-4d0d-9c76-e11fc3d68616,15b4ab836fa9fbc7_2d7f73d1-3a3c-4fe7-8c73-8ecc3483d530,0945,1285.532,1485.113
621a134f-27a4-4d0d-9c76-e11fc3d68616,15b4ab836fa9fbc7_2d7f73d1-3a3c-4fe7-8c73-8ecc3483d530,0950,1285.72,1502.257
621a134f-27a4-4d0d-9c76-e11fc3d68616,15b4ab836fa9fbc7_2d7f73d1-3a3c-4fe7-8c73-8ecc3483d530,0955,1285.847,1493.703
621a134f-27a4-4d0d-9c76-e11fc3d68616,15b4ab836fa9fbc7_2d7f73d1-3a3c-4fe7-8c73-8ecc3483d530,0960,1286.108,1495.674
621a134f-27a4-4d0d-9c76-e11fc3d68616,15b4ab836fa9fbc7_2d7f73d1-3a3c-4fe7-8c73-8ecc3483d530,0965,1288.728,1496.635
621a134f-27a4-4d0d-9c76-e11fc3d68616,15b4ab836fa9fbc7_2d7f73d1-3a3c-4fe7-8c73-8ecc3483d530,0970,1286.332,1500.181
621a134f-27a4-4d0d-9c76-e11fc3d68616,15b4ab836fa9fbc7_2d7f73d1-3a3c-4fe7-8c73-8ecc3483d530,0975,1285.901,1496.766
621a134f-27a4-4d0d-9c76-e11fc3d68616,15b4ab836fa9fbc7_2d7f73d1-3a3c-4fe7-8c73-8ecc3483d530,0980,1286.006,1500.088
621a134f-27a4-4d0d-9c76-e11fc3d68616,15b4ab836fa9fbc7_2d7f73d1-3a3c-4fe7-8c73-8ecc3483d530,0985,1285.344,1497.365
621a134f-27a4-4d0d-9c76-e11fc3d68616,15b4ab836fa9fbc7_2d7f73d1-3a3c-4fe7-8c73-8ecc3483d530,0990,1285.567,1495.697
621a134f-27a4-4d0d-9c76-e11fc3d68616,15b4ab836fa9fbc7_2d7f73d1-3a3c-4fe7-8c73-8ecc3483d530,0995,1285.439,1486.025
621a134f-27a4-4d0d-9c76-e11fc3d68616,15b4ab836fa9fbc7_2d7f73d1-3a3c-4fe7-8c73-8ecc3483d530,1000,1285.204,1492.745
621a134f-27a4-4d0d-9c76-e11fc3d68616,15b4ab836fa9fbc7_2d7f73d1-3a3c-4fe7-8c73-8ecc3483d530,1005,1289.755,1529.261
621a134f-27a4-4d0d-9c76-e11fc3d68616,15b4ab836fa9fbc7_2d7f73d1-3a3c-4fe7-8c73-8ecc3483d530,1010,1286.155,1505.771
621a134f-27a4-4d0d-9c76-e11fc3d68616,15b4ab836fa9fbc7_2d7f73d1-3a3c-4fe7-8c73-8ecc3483d530,1015,1285.137,1494.118
621a134f-27a4-4d0d-9c76-e11fc3d68616,15b4ab836fa9fbc7_2d7f73d1-3a3c-4fe7-8c73-8ecc3483d530,1020,1285.78,1499.212
621a134f-27a4-4d0d-9c76-e11fc3d68616,15b4ab836fa9fbc7_2d7f73d1-3a3c-4fe7-8c73-8ecc3483d530,1025,1285.775,1495.1
621a134f-27a4-4d0d-9c76-e11fc3d68616,15b4ab836fa9fbc7_2d7f73d1-3a3c-4fe7-8c73-8ecc3483d530,1030,1285.467,1496.055
621a134f-27a4-4d0d-9c76-e11fc3d68616,15b4ab836fa9fbc7_2d7f73d1-3a3c-4fe7-8c73-8ecc3483d530,1035,1286.122,1501.721
621a134f-27a4-4d0d-9c76-e11fc3d68616,15b4ab836fa9fbc7_2d7f73d1-3a3c-4fe7-8c73-8ecc3483d530,1040,1285.943,1507.151
621a134f-27a4-4d0d-9c76-e11fc3d68616,15b4ab836fa9fbc7_2d7f73d1-3a3c-4fe7-8c73-8ecc3483d530,1045,1290.562,1508.611
621a134f-27a4-4d0d-9c76-e11fc3d68616,15b4ab836fa9fbc7_2d7f73d1-3a3c-4fe7-8c73-8ecc3483d530,1050,1285.932,1500.68
621a134f-27a4-4d0d-9c76-e11fc3d68616,15b4ab836fa9fbc7_2d7f73d1-3a3c-4fe7-8c73-8ecc3483d530,1055,1286.353,1497.622
621a134f-27a4-4d0d-9c76-e11fc3d68616,15b4ab836fa9fbc7_2d7f73d1-3a3c-4fe7-8c73-8ecc3483d530,1060,1285.849,1500.145
621a134f-27a4-4d0d-9c76-e11fc3d68616,15b4ab836fa9fbc7_2d7f73d1-3a3c-4fe7-8c73-8ecc3483d530,1065,1285.709,1501.466
621a134f-27a4-4d0d-9c76-e11fc3d68616,15b4ab836fa9fbc7_2d7f73d1-3a3c-4fe7-8c73-8ecc3483d530,1070,1286.166,1503.793
621a134f-27a4-4d0d-9c76-e11fc3d68616,15b4ab836fa9fbc7_2d7f73d1-3a3c-4fe7-8c73-8ecc3483d530,1075,1285.375,1503.044
621a134f-27a4-4d0d-9c76-e11fc3d68616,15b4ab836fa9fbc7_2d7f73d1-3a3c-4fe7-8c73-8ecc3483d530,1080,1285.478,1505.08
621a134f-27a4-4d0d-9c76-e11fc3d68616,15b4ab836fa9fbc7_2d7f73d1-3a3c-4fe7-8c73-8ecc3483d530,1085,1290.634,1508.993
621a134f-27a4-4d0d-9c76-e11fc3d68616,15b4ab836fa9fbc7_2d7f73d1-3a3c-4fe7-8c73-8ecc3483d530,1090,1285.258,1502.012
621a134f-27a4-4d0d-9c76-e11fc3d68616,15b4ab836fa9fbc7_2d7f73d1-3a3c-4fe7-8c73-8ecc3483d530,1095,1285.196,1494.586
621a134f-27a4-4d0d-9c76-e11fc3d68616,15b4ab836fa9fbc7_2d7f73d1-3a3c-4fe7-8c73-8ecc3483d530,1100,1290.485,1506.978
621a134f-27a4-4d0d-9c76-e11fc3d68616,15b4ab836fa9fbc7_2d7f73d1-3a3c-4fe7-8c73-8ecc3483d530,1105,1285.125,1495.185
621a134f-27a4-4d0d-9c76-e11fc3d68616,15b4ab836fa9fbc7_2d7f73d1-3a3c-4fe7-8c73-8ecc3483d530,1110,1285.461,1502.643
621a134f-27a4-4d0d-9c76-e11fc3d68616,15b4ab836fa9fbc7_2d7f73d1-3a3c-4fe7-8c73-8ecc3483d530,1115,1288.975,1502.887
621a134f-27a4-4d0d-9c76-e11fc3d68616,15b4ab836fa9fbc7_2d7f73d1-3a3c-4fe7-8c73-8ecc3483d530,1120,1285.384,1500.187
621a134f-27a4-4d0d-9c76-e11fc3d68616,15b4ab836fa9fbc7_2d7f73d1-3a3c-4fe7-8c73-8ecc3483d530,1125,1285.422,1494.387
621a134f-27a4-4d0d-9c76-e11fc3d68616,15b4ab836fa9fbc7_2d7f73d1-3a3c-4fe7-8c73-8ecc3483d530,1130,1286.216,1495.426
621a134f-27a4-4d0d-9c76-e11fc3d68616,15b4ab836fa9fbc7_2d7f73d1-3a3c-4fe7-8c73-8ecc3483d530,1135,1286.041,1502.213
621a134f-27a4-4d0d-9c76-e11fc3d68616,15b4ab836fa9fbc7_2d7f73d1-3a3c-4fe7-8c73-8ecc3483d530,1140,1285.925,1501.717
621a134f-27a4-4d0d-9c76-e11fc3d68616,15b4ab836fa9fbc7_2d7f73d1-3a3c-4fe7-8c73-8ecc3483d530,1145,1285.675,1499.205
621a134f-27a4-4d0d-9c76-e11fc3d68616,15b4ab836fa9fbc7_2d7f73d1-3a3c-4fe7-8c73-8ecc3483d530,1150,1285.495,1502.778
621a134f-27a4-4d0d-9c76-e11fc3d68616,15b4ab836fa9fbc7_2d7f73d1-3a3c-4fe7-8c73-8ecc3483d530,1155,1285.882,1499.582
621a134f-27a4-4d0d-9c76-e11fc3d68616,15b4ab836fa9fbc7_2d7f73d1-3a3c-4fe7-8c73-8ecc3483d530,1160,1285.538,1503.065
621a134f-27a4-4d0d-9c76-e11fc3d68616,15b4ab836fa9fbc7_2d7f73d1-3a3c-4fe7-8c73-8ecc3483d530,1165,1285.956,1502.769
621a134f-27a4-4d0d-9c76-e11fc3d68616,15b4ab836fa9fbc7_2d7f73d1-3a3c-4fe7-8c73-8ecc3483d530,1170,1285.746,1502.43
621a134f-27a4-4d0d-9c76-e11fc3d68616,15b4ab836fa9fbc7_2d7f73d1-3a3c-4fe7-8c73-8ecc3483d530,1175,1285.786,1500.714
621a134f-27a4-4d0d-9c76-e11fc3d68616,15b4ab836fa9fbc7_2d7f73d1-3a3c-4fe7-8c73-8ecc3483d530,1180,1285.56,1501.203
621a134f-27a4-4d0d-9c76-e11fc3d68616,15b4ab836fa9fbc7_2d7f73d1-3a3c-4fe7-8c73-8ecc3483d530,1185,1291.069,1511.046
621a134f-27a4-4d0d-9c76-e11fc3d68616,15b4ab836fa9fbc7_2d7f73d1-3a3c-4fe7-8c73-8ecc3483d530,1190,1290.682,1495.21
621a134f-27a4-4d0d-9c76-e11fc3d68616,15b4ab836fa9fbc7_2d7f73d1-3a3c-4fe7-8c73-8ecc3483d530,1195,1290.732,1494.538
621a134f-27a4-4d0d-9c76-e11fc3d68616,15b4ab836fa9fbc7_2d7f73d1-3a3c-4fe7-8c73-8ecc3483d530,1200,1290.348,1495.511
621a134f-27a4-4d0d-9c76-e11fc3d68616,15b4ab836fa9fbc7_2d7f73d1-3a3c-4fe7-8c73-8ecc3483d530,1205,1290.278,1492.439
621a134f-27a4-4d0d-9c76-e11fc3d68616,15b4ab836fa9fbc7_2d7f73d1-3a3c-4fe7-8c73-8ecc3483d530,1210,1285.79,1485.105
621a134f-27a4-4d0d-9c76-e11fc3d68616,15b4ab836fa9fbc7_2d7f73d1-3a3c-4fe7-8c73-8ecc3483d530,1215,1285.75,1500.173
621a134f-27a4-4d0d-9c76-e11fc3d68616,15b4ab836fa9fbc7_2d7f73d1-3a3c-4fe7-8c73-8ecc3483d530,1220,1285.813,1494.127
621a134f-27a4-4d0d-9c76-e11fc3d68616,15b4ab836fa9fbc7_2d7f73d1-3a3c-4fe7-8c73-8ecc3483d530,1225,1285.097,1493.042
621a134f-27a4-4d0d-9c76-e11fc3d68616,15b4ab836fa9fbc7_2d7f73d1-3a3c-4fe7-8c73-8ecc3483d530,1230,1285.767,1499.336
621a134f-27a4-4d0d-9c76-e11fc3d68616,15b4ab836fa9fbc7_2d7f73d1-3a3c-4fe7-8c73-8ecc3483d530,1235,1286.146,1501.398
621a134f-27a4-4d0d-9c76-e11fc3d68616,15b4ab836fa9fbc7_2d7f73d1-3a3c-4fe7-8c73-8ecc3483d530,1240,1285.545,1501.959
621a134f-27a4-4d0d-9c76-e11fc3d68616,15b4ab836fa9fbc7_2d7f73d1-3a3c-4fe7-8c73-8ecc3483d530,1245,1286.02,1502.403
621a134f-27a4-4d0d-9c76-e11fc3d68616,15b4ab836fa9fbc7_2d7f73d1-3a3c-4fe7-8c73-8ecc3483d530,1250,1286.195,1503.907
621a134f-27a4-4d0d-9c76-e11fc3d68616,15b4ab836fa9fbc7_2d7f73d1-3a3c-4fe7-8c73-8ecc3483d530,1255,1285.268,1497.458
621a134f-27a4-4d0d-9c76-e11fc3d68616,15b4ab836fa9fbc7_2d7f73d1-3a3c-4fe7-8c73-8ecc3483d530,1260,1286.386,1496.645
621a134f-27a4-4d0d-9c76-e11fc3d68616,15b4ab836fa9fbc7_2d7f73d1-3a3c-4fe7-8c73-8ecc3483d530,1265,1285.558,1498.114
621a134f-27a4-4d0d-9c76-e11fc3d68616,15b4ab836fa9fbc7_2d7f73d1-3a3c-4fe7-8c73-8ecc3483d530,1270,1285.836,1495.906
621a134f-27a4-4d0d-9c76-e11fc3d68616,15b4ab836fa9fbc7_2d7f73d1-3a3c-4fe7-8c73-8ecc3483d530,1275,1286.993,1501.9
621a134f-27a4-4d0d-9c76-e11fc3d68616,15b4ab836fa9fbc7_2d7f73d1-3a3c-4fe7-8c73-8ecc3483d530,1280,1290.245,1504.784
621a134f-27a4-4d0d-9c76-e11fc3d68616,15b4ab836fa9fbc7_2d7f73d1-3a3c-4fe7-8c73-8ecc3483d530,1285,1291.312,1494.07
621a134f-27a4-4d0d-9c76-e11fc3d68616,15b4ab836fa9fbc7_2d7f73d1-3a3c-4fe7-8c73-8ecc3483d530,1290,1290.103,1492.743
621a134f-27a4-4d0d-9c76-e11fc3d68616,15b4ab836fa9fbc7_2d7f73d1-3a3c-4fe7-8c73-8ecc3483d530,1295,1290.395,1491.42
621a134f-27a4-4d0d-9c76-e11fc3d68616,15b4ab836fa9fbc7_2d7f73d1-3a3c-4fe7-8c73-8ecc3483d530,1300,1290.599,1492.321
621a134f-27a4-4d0d-9c76-e11fc3d68616,15b4ab836fa9fbc7_2d7f73d1-3a3c-4fe7-8c73-8ecc3483d530,1305,1290.029,1492.107
621a134f-27a4-4d0d-9c76-e11fc3d68616,15b4ab836fa9fbc7_2d7f73d1-3a3c-4fe7-8c73-8ecc3483d530,1310,1286.065,1487.325
621a134f-27a4-4d0d-9c76-e11fc3d68616,15b4ab836fa9fbc7_2d7f73d1-3a3c-4fe7-8c73-8ecc3483d530,1315,1285.524,1501.083
621a134f-27a4-4d0d-9c76-e11fc3d68616,15b4ab836fa9fbc7_2d7f73d1-3a3c-4fe7-8c73-8ecc3483d530,1320,1285.25,1494.925
621a134f-27a4-4d0d-9c76-e11fc3d68616,15b4ab836fa9fbc7_2d7f73d1-3a3c-4fe7-8c73-8ecc3483d530,1325,1289.414,1508.369
621a134f-27a4-4d0d-9c76-e11fc3d68616,15b4ab836fa9fbc7_2d7f73d1-3a3c-4fe7-8c73-8ecc3483d530,1330,1285.264,1488.797
621a134f-27a4-4d0d-9c76-e11fc3d68616,15b4ab836fa9fbc7_2d7f73d1-3a3c-4fe7-8c73-8ecc3483d530,1335,1285.78,1499.016
621a134f-27a4-4d0d-9c76-e11fc3d68616,15b4ab836fa9fbc7_2d7f73d1-3a3c-4fe7-8c73-8ecc3483d530,1340,1285.821,1502.255
621a134f-27a4-4d0d-9c76-e11fc3d68616,15b4ab836fa9fbc7_2d7f73d1-3a3c-4fe7-8c73-8ecc3483d530,1345,1285.792,1502.475
621a134f-27a4-4d0d-9c76-e11fc3d68616,15b4ab836fa9fbc7_2d7f73d1-3a3c-4fe7-8c73-8ecc3483d530,1350,1290.75,1507.045
621a134f-27a4-4d0d-9c76-e11fc3d68616,15b4ab836fa9fbc7_2d7f73d1-3a3c-4fe7-8c73-8ecc3483d530,1355,1285.946,1502.702
621a134f-27a4-4d0d-9c76-e11fc3d68616,15b4ab836fa9fbc7_2d7f73d1-3a3c-4fe7-8c73-8ecc3483d530,1360,1285.876,1496.18
621a134f-27a4-4d0d-9c76-e11fc3d68616,15b4ab836fa9fbc7_2d7f73d1-3a3c-4fe7-8c73-8ecc3483d530,1365,1285.557,1502.688
621a134f-27a4-4d0d-9c76-e11fc3d68616,15b4ab836fa9fbc7_2d7f73d1-3a3c-4fe7-8c73-8ecc3483d530,1370,1285.718,1500.84
621a134f-27a4-4d0d-9c76-e11fc3d68616,15b4ab836fa9fbc7_2d7f73d1-3a3c-4fe7-8c73-8ecc3483d530,1375,1285.64,1500.362
621a134f-27a4-4d0d-9c76-e11fc3d68616,15b4ab836fa9fbc7_2d7f73d1-3a3c-4fe7-8c73-8ecc3483d530,1380,1285.601,1496.957
621a134f-27a4-4d0d-9c76-e11fc3d68616,15b4ab836fa9fbc7_2d7f73d1-3a3c-4fe7-8c73-8ecc3483d530,1385,1285.753,1503.268
621a134f-27a4-4d0d-9c76-e11fc3d68616,15b4ab836fa9fbc7_2d7f73d1-3a3c-4fe7-8c73-8ecc3483d530,1390,1285.621,1493.412
621a134f-27a4-4d0d-9c76-e11fc3d68616,15b4ab836fa9fbc7_2d7f73d1-3a3c-4fe7-8c73-8ecc3483d530,1395,1285.938,1504.545
621a134f-27a4-4d0d-9c76-e11fc3d68616,15b4ab836fa9fbc7_2d7f73d1-3a3c-4fe7-8c73-8ecc3483d530,1400,1285.936,1504.176
621a134f-27a4-4d0d-9c76-e11fc3d68616,15b4ab836fa9fbc7_2d7f73d1-3a3c-4fe7-8c73-8ecc3483d530,1405,1285.463,1495.338
621a134f-27a4-4d0d-9c76-e11fc3d68616,15b4ab836fa9fbc7_2d7f73d1-3a3c-4fe7-8c73-8ecc3483d530,1410,1285.919,1498.512
621a134f-27a4-4d0d-9c76-e11fc3d68616,15b4ab836fa9fbc7_2d7f73d1-3a3c-4fe7-8c73-8ecc3483d530,1415,1288.268,1496.972
621a134f-27a4-4d0d-9c76-e11fc3d68616,15b4ab836fa9fbc7_2d7f73d1-3a3c-4fe7-8c73-8ecc3483d530,1420,1285.614,1494.48
621a134f-27a4-4d0d-9c76-e11fc3d68616,15b4ab836fa9fbc7_2d7f73d1-3a3c-4fe7-8c73-8ecc3483d530,1425,1289.727,1504.633
621a134f-27a4-4d0d-9c76-e11fc3d68616,15b4ab836fa9fbc7_2d7f73d1-3a3c-4fe7-8c73-8ecc3483d530,1430,1289.593,1503.606
621a134f-27a4-4d0d-9c76-e11fc3d68616,15b4ab836fa9fbc7_2d7f73d1-3a3c-4fe7-8c73-8ecc3483d530,1435,1285.308,1498.376
621a134f-27a4-4d0d-9c76-e11fc3d68616,15b4ab836fa9fbc7_2d7f73d1-3a3c-4fe7-8c73-8ecc3483d530,1440,1285.6,1502.154
621a134f-27a4-4d0d-9c76-e11fc3d68616,15b4ab836fa9fbc7_2d7f73d1-3a3c-4fe7-8c73-8ecc3483d530,1445,1285.933,1502.254
621a134f-27a4-4d0d-9c76-e11fc3d68616,15b4ab836fa9fbc7_2d7f73d1-3a3c-4fe7-8c73-8ecc3483d530,1450,1285.735,1505.371
621a134f-27a4-4d0d-9c76-e11fc3d68616,15b4ab836fa9fbc7_2d7f73d1-3a3c-4fe7-8c73-8ecc3483d530,1455,1287.334,1497.375
621a134f-27a4-4d0d-9c76-e11fc3d68616,15b4ab836fa9fbc7_2d7f73d1-3a3c-4fe7-8c73-8ecc3483d530,1460,1285.489,1498.04
621a134f-27a4-4d0d-9c76-e11fc3d68616,15b4ab836fa9fbc7_2d7f73d1-3a3c-4fe7-8c73-8ecc3483d530,1465,1285.489,1501.459
621a134f-27a4-4d0d-9c76-e11fc3d68616,15b4ab836fa9fbc7_2d7f73d1-3a3c-4fe7-8c73-8ecc3483d530,1470,1288.978,1508.916
621a134f-27a4-4d0d-9c76-e11fc3d68616,15b4ab836fa9fbc7_2d7f73d1-3a3c-4fe7-8c73-8ecc3483d530,1475,1288.482,1501.549
621a134f-27a4-4d0d-9c76-e11fc3d68616,15b4ab836fa9fbc7_2d7f73d1-3a3c-4fe7-8c73-8ecc3483d530,1480,1285.056,1499.327
621a134f-27a4-4d0d-9c76-e11fc3d68616,15b4ab836fa9fbc7_2d7f73d1-3a3c-4fe7-8c73-8ecc3483d530,1485,1285.927,1500.205
621a134f-27a4-4d0d-9c76-e11fc3d68616,15b4ab836fa9fbc7_2d7f73d1-3a3c-4fe7-8c73-8ecc3483d530,1490,1288.808,1502.744
621a134f-27a4-4d0d-9c76-e11fc3d68616,15b4ab836fa9fbc7_2d7f73d1-3a3c-4fe7-8c73-8ecc3483d530,1495,1289.971,1503.917
621a134f-27a4-4d0d-9c76-e11fc3d68616,15b4ab836fa9fbc7_2d7f73d1-3a3c-4fe7-8c73-8ecc3483d530,1500,1285.952,1498.814
621a134f-27a4-4d0d-9c76-e11fc3d68616,15b4ab836fa9fbc7_2d7f73d1-3a3c-4fe7-8c73-8ecc3483d530,1505,1285.315,1494.265
621a134f-27a4-4d0d-9c76-e11fc3d68616,15b4ab836fa9fbc7_2d7f73d1-3a3c-4fe7-8c73-8ecc3483d530,1510,1285.594,1500.577
621a134f-27a4-4d0d-9c76-e11fc3d68616,15b4ab836fa9fbc7_2d7f73d1-3a3c-4fe7-8c73-8ecc3483d530,1515,1290.337,1507.539
621a134f-27a4-4d0d-9c76-e11fc3d68616,15b4ab836fa9fbc7_2d7f73d1-3a3c-4fe7-8c73-8ecc3483d530,1520,1285.906,1499.069
621a134f-27a4-4d0d-9c76-e11fc3d68616,15b4ab836fa9fbc7_2d7f73d1-3a3c-4fe7-8c73-8ecc3483d530,1525,1285.785,1500.646
621a134f-27a4-4d0d-9c76-e11fc3d68616,15b4ab836fa9fbc7_2d7f73d1-3a3c-4fe7-8c73-8ecc3483d530,1530,1285.819,1500.051
621a134f-27a4-4d0d-9c76-e11fc3d68616,15b4ab836fa9fbc7_2d7f73d1-3a3c-4fe7-8c73-8ecc3483d530,1535,1285.723,1495.599
621a134f-27a4-4d0d-9c76-e11fc3d68616,15b4ab836fa9fbc7_2d7f73d1-3a3c-4fe7-8c73-8ecc3483d530,1540,1286.296,1500.814
621a134f-27a4-4d0d-9c76-e11fc3d68616,15b4ab836fa9fbc7_2d7f73d1-3a3c-4fe7-8c73-8ecc3483d530,1545,1285.04,1496.424
621a134f-27a4-4d0d-9c76-e11fc3d68616,15b4ab836fa9fbc7_2d7f73d1-3a3c-4fe7-8c73-8ecc3483d530,1550,1285.638,1501.367
621a134f-27a4-4d0d-9c76-e11fc3d68616,15b4ab836fa9fbc7_2d7f73d1-3a3c-4fe7-8c73-8ecc3483d530,1555,1285.95,1493.772
621a134f-27a4-4d0d-9c76-e11fc3d68616,15b4ab836fa9fbc7_2d7f73d1-3a3c-4fe7-8c73-8ecc3483d530,1560,1285.426,1498.428
621a134f-27a4-4d0d-9c76-e11fc3d68616,15b4ab836fa9fbc7_2d7f73d1-3a3c-4fe7-8c73-8ecc3483d530,1565,1285.595,1502.976
621a134f-27a4-4d0d-9c76-e11fc3d68616,15b4ab836fa9fbc7_2d7f73d1-3a3c-4fe7-8c73-8ecc3483d530,1570,1289.328,1503.58
621a134f-27a4-4d0d-9c76-e11fc3d68616,15b4ab836fa9fbc7_2d7f73d1-3a3c-4fe7-8c73-8ecc3483d530,1575,1285.645,1486.919
621a134f-27a4-4d0d-9c76-e11fc3d68616,15b4ab836fa9fbc7_2d7f73d1-3a3c-4fe7-8c73-8ecc3483d530,1580,1286.038,1503.392
621a134f-27a4-4d0d-9c76-e11fc3d68616,15b4ab836fa9fbc7_2d7f73d1-3a3c-4fe7-8c73-8ecc3483d530,1585,1285.561,1495.835
621a134f-27a4-4d0d-9c76-e11fc3d68616,15b4ab836fa9fbc7_2d7f73d1-3a3c-4fe7-8c73-8ecc3483d530,1590,1285.317,1504.197
621a134f-27a4-4d0d-9c76-e11fc3d68616,15b4ab836fa9fbc7_2d7f73d1-3a3c-4fe7-8c73-8ecc3483d530,1595,1289.341,1497.845
621a134f-27a4-4d0d-9c76-e11fc3d68616,15b4ab836fa9fbc7_2d7f73d1-3a3c-4fe7-8c73-8ecc3483d530,1600,1285.385,1497.861
621a134f-27a4-4d0d-9c76-e11fc3d68616,15b4ab836fa9fbc7_2d7f73d1-3a3c-4fe7-8c73-8ecc3483d530,1605,1285.179,1494.262
621a134f-27a4-4d0d-9c76-e11fc3d68616,15b4ab836fa9fbc7_2d7f73d1-3a3c-4fe7-8c73-8ecc3483d530,1610,1285.258,1500.615
621a134f-27a4-4d0d-9c76-e11fc3d68616,15b4ab836fa9fbc7_2d7f73d1-3a3c-4fe7-8c73-8ecc3483d530,1615,1285.021,1498.952
621a134f-27a4-4d0d-9c76-e11fc3d68616,15b4ab836fa9fbc7_2d7f73d1-3a3c-4fe7-8c73-8ecc3483d530,1620,1285.43,1501.538
621a134f-27a4-4d0d-9c76-e11fc3d68616,15b4ab836fa9fbc7_2d7f73d1-3a3c-4fe7-8c73-8ecc3483d530,1625,1289.626,1509.3
621a134f-27a4-4d0d-9c76-e11fc3d68616,15b4ab836fa9fbc7_2d7f73d1-3a3c-4fe7-8c73-8ecc3483d530,1630,1285.156,1498.184
621a134f-27a4-4d0d-9c76-e11fc3d68616,15b4ab836fa9fbc7_2d7f73d1-3a3c-4fe7-8c73-8ecc3483d530,1635,1287.203,1497.07
621a134f-27a4-4d0d-9c76-e11fc3d68616,15b4ab836fa9fbc7_2d7f73d1-3a3c-4fe7-8c73-8ecc3483d530,1640,1285.63,1502.342
621a134f-27a4-4d0d-9c76-e11fc3d68616,15b4ab836fa9fbc7_2d7f73d1-3a3c-4fe7-8c73-8ecc3483d530,1645,1285.722,1501.749
621a134f-27a4-4d0d-9c76-e11fc3d68616,15b4ab836fa9fbc7_2d7f73d1-3a3c-4fe7-8c73-8ecc3483d530,1650,1285.811,1500.538
621a134f-27a4-4d0d-9c76-e11fc3d68616,15b4ab836fa9fbc7_2d7f73d1-3a3c-4fe7-8c73-8ecc3483d530,1655,1286.073,1495.227
621a134f-27a4-4d0d-9c76-e11fc3d68616,15b4ab836fa9fbc7_2d7f73d1-3a3c-4fe7-8c73-8ecc3483d530,1660,1287.411,1499.413
621a134f-27a4-4d0d-9c76-e11fc3d68616,15b4ab836fa9fbc7_2d7f73d1-3a3c-4fe7-8c73-8ecc3483d530,1665,1285.971,1501.343
621a134f-27a4-4d0d-9c76-e11fc3d68616,15b4ab836fa9fbc7_2d7f73d1-3a3c-4fe7-8c73-8ecc3483d530,1670,1285.977,1494.989
621a134f-27a4-4d0d-9c76-e11fc3d68616,15b4ab836fa9fbc7_2d7f73d1-3a3c-4fe7-8c73-8ecc3483d530,1675,1285.355,1494.707
621a134f-27a4-4d0d-9c76-e11fc3d68616,15b4ab836fa9fbc7_2d7f73d1-3a3c-4fe7-8c73-8ecc3483d530,1680,1285.511,1500.726
621a134f-27a4-4d0d-9c76-e11fc3d68616,15b4ab836fa9fbc7_2d7f73d1-3a3c-4fe7-8c73-8ecc3483d530,1685,1288.972,1497.016
621a134f-27a4-4d0d-9c76-e11fc3d68616,15b4ab836fa9fbc7_2d7f73d1-3a3c-4fe7-8c73-8ecc3483d530,1690,1285.597,1493.875
621a134f-27a4-4d0d-9c76-e11fc3d68616,15b4ab836fa9fbc7_2d7f73d1-3a3c-4fe7-8c73-8ecc3483d530,1695,1285.383,1494.929
621a134f-27a4-4d0d-9c76-e11fc3d68616,15b4ab836fa9fbc7_2d7f73d1-3a3c-4fe7-8c73-8ecc3483d530,1700,1285.836,1504.505
621a134f-27a4-4d0d-9c76-e11fc3d68616,15b4ab836fa9fbc7_2d7f73d1-3a3c-4fe7-8c73-8ecc3483d530,1705,1285.972,1496.333
621a134f-27a4-4d0d-9c76-e11fc3d68616,15b4ab836fa9fbc7_2d7f73d1-3a3c-4fe7-8c73-8ecc3483d530,1710,1285.041,1501.616
621a134f-27a4-4d0d-9c76-e11fc3d68616,15b4ab836fa9fbc7_2d7f73d1-3a3c-4fe7-8c73-8ecc3483d530,1715,1285.839,1500.198
621a134f-27a4-4d0d-9c76-e11fc3d68616,15b4ab836fa9fbc7_2d7f73d1-3a3c-4fe7-8c73-8ecc3483d530,1720,1286.185,1496.655
621a134f-27a4-4d0d-9c76-e11fc3d68616,15b4ab836fa9fbc7_2d7f73d1-3a3c-4fe7-8c73-8ecc3483d530,1725,1286.382,1500.345
621a134f-27a4-4d0d-9c76-e11fc3d68616,15b4ab836fa9fbc7_2d7f73d1-3a3c-4fe7-8c73-8ecc3483d530,1730,1285.937,1495.269
621a134f-27a4-4d0d-9c76-e11fc3d68616,15b4ab836fa9fbc7_2d7f73d1-3a3c-4fe7-8c73-8ecc3483d530,1735,1285.497,1494.663
621a134f-27a4-4d0d-9c76-e11fc3d68616,15b4ab836fa9fbc7_2d7f73d1-3a3c-4fe7-8c73-8ecc3483d530,1740,1286.452,1501.139
621a134f-27a4-4d0d-9c76-e11fc3d68616,15b4ab836fa9fbc7_2d7f73d1-3a3c-4fe7-8c73-8ecc3483d530,1745,1285.756,1491.699
621a134f-27a4-4d0d-9c76-e11fc3d68616,15b4ab836fa9fbc7_2d7f73d1-3a3c-4fe7-8c73-8ecc3483d530,1750,1285.761,1494.209
621a134f-27a4-4d0d-9c76-e11fc3d68616,15b4ab836fa9fbc7_2d7f73d1-3a3c-4fe7-8c73-8ecc3483d530,1755,1285.388,1494.908
621a134f-27a4-4d0d-9c76-e11fc3d68616,15b4ab836fa9fbc7_2d7f73d1-3a3c-4fe7-8c73-8ecc3483d530,1760,1285.71,1503.415
621a134f-27a4-4d0d-9c76-e11fc3d68616,15b4ab836fa9fbc7_2d7f73d1-3a3c-4fe7-8c73-8ecc3483d530,1765,1285.815,1499.389
621a134f-27a4-4d0d-9c76-e11fc3d68616,15b4ab836fa9fbc7_2d7f73d1-3a3c-4fe7-8c73-8ecc3483d530,1770,1285.836,1494.918
621a134f-27a4-4d0d-9c76-e11fc3d68616,15b4ab836fa9fbc7_2d7f73d1-3a3c-4fe7-8c73-8ecc3483d530,1775,1286.021,1501.013
621a134f-27a4-4d0d-9c76-e11fc3d68616,15b4ab836fa9fbc7_2d7f73d1-3a3c-4fe7-8c73-8ecc3483d530,1780,1285.607,1500.107
621a134f-27a4-4d0d-9c76-e11fc3d68616,15b4ab836fa9fbc7_2d7f73d1-3a3c-4fe7-8c73-8ecc3483d530,1785,1285.771,1500.857
621a134f-27a4-4d0d-9c76-e11fc3d68616,15b4ab836fa9fbc7_2d7f73d1-3a3c-4fe7-8c73-8ecc3483d530,1790,1290.675,1507.61
621a134f-27a4-4d0d-9c76-e11fc3d68616,15b4ab836fa9fbc7_2d7f73d1-3a3c-4fe7-8c73-8ecc3483d530,1795,1285.427,1498.581
621a134f-27a4-4d0d-9c76-e11fc3d68616,15b4ab836fa9fbc7_2d7f73d1-3a3c-4fe7-8c73-8ecc3483d530,1800,1291.635,1507.608
621a134f-27a4-4d0d-9c76-e11fc3d68616,15b4ab836fa9fbc7_2d7f73d1-3a3c-4fe7-8c73-8ecc3483d530,1805,1290.989,1493.497
621a134f-27a4-4d0d-9c76-e11fc3d68616,15b4ab836fa9fbc7_2d7f73d1-3a3c-4fe7-8c73-8ecc3483d530,1810,1290.494,1490.908
621a134f-27a4-4d0d-9c76-e11fc3d68616,15b4ab836fa9fbc7_2d7f73d1-3a3c-4fe7-8c73-8ecc3483d530,1815,1290.575,1493.952
621a134f-27a4-4d0d-9c76-e11fc3d68616,15b4ab836fa9fbc7_2d7f73d1-3a3c-4fe7-8c73-8ecc3483d530,1820,1290.798,1492.414
621a134f-27a4-4d0d-9c76-e11fc3d68616,15b4ab836fa9fbc7_2d7f73d1-3a3c-4fe7-8c73-8ecc3483d530,1825,1290.489,1494.589
621a134f-27a4-4d0d-9c76-e11fc3d68616,15b4ab836fa9fbc7_2d7f73d1-3a3c-4fe7-8c73-8ecc3483d530,1830,1290.907,1492.937
621a134f-27a4-4d0d-9c76-e11fc3d68616,15b4ab836fa9fbc7_2d7f73d1-3a3c-4fe7-8c73-8ecc3483d530,1835,1287.539,1492.078
621a134f-27a4-4d0d-9c76-e11fc3d68616,15b4ab836fa9fbc7_2d7f73d1-3a3c-4fe7-8c73-8ecc3483d530,1840,1290.185,1507.478
621a134f-27a4-4d0d-9c76-e11fc3d68616,15b4ab836fa9fbc7_2d7f73d1-3a3c-4fe7-8c73-8ecc3483d530,1845,1285.856,1505.387
621a134f-27a4-4d0d-9c76-e11fc3d68616,15b4ab836fa9fbc7_2d7f73d1-3a3c-4fe7-8c73-8ecc3483d530,1850,1290.075,1508.334
621a134f-27a4-4d0d-9c76-e11fc3d68616,15b4ab836fa9fbc7_2d7f73d1-3a3c-4fe7-8c73-8ecc3483d530,1855,1289.393,1491.509
621a134f-27a4-4d0d-9c76-e11fc3d68616,15b4ab836fa9fbc7_2d7f73d1-3a3c-4fe7-8c73-8ecc3483d530,1860,1290.236,1492.774
621a134f-27a4-4d0d-9c76-e11fc3d68616,15b4ab836fa9fbc7_2d7f73d1-3a3c-4fe7-8c73-8ecc3483d530,1865,1291.034,1493.008
621a134f-27a4-4d0d-9c76-e11fc3d68616,15b4ab836fa9fbc7_2d7f73d1-3a3c-4fe7-8c73-8ecc3483d530,1870,1290.144,1491.635
621a134f-27a4-4d0d-9c76-e11fc3d68616,15b4ab836fa9fbc7_2d7f73d1-3a3c-4fe7-8c73-8ecc3483d530,1875,1288.73,1490.747
621a134f-27a4-4d0d-9c76-e11fc3d68616,15b4ab836fa9fbc7_2d7f73d1-3a3c-4fe7-8c73-8ecc3483d530,1880,1285.12,1495.151
621a134f-27a4-4d0d-9c76-e11fc3d68616,15b4ab836fa9fbc7_2d7f73d1-3a3c-4fe7-8c73-8ecc3483d530,1885,1285.904,1501.883
621a134f-27a4-4d0d-9c76-e11fc3d68616,15b4ab836fa9fbc7_2d7f73d1-3a3c-4fe7-8c73-8ecc3483d530,1890,1286.07,1495.383
621a134f-27a4-4d0d-9c76-e11fc3d68616,15b4ab836fa9fbc7_2d7f73d1-3a3c-4fe7-8c73-8ecc3483d530,1895,1285.603,1501.641
621a134f-27a4-4d0d-9c76-e11fc3d68616,15b4ab836fa9fbc7_2d7f73d1-3a3c-4fe7-8c73-8ecc3483d530,1900,1285.478,1500.319
621a134f-27a4-4d0d-9c76-e11fc3d68616,15b4ab836fa9fbc7_2d7f73d1-3a3c-4fe7-8c73-8ecc3483d530,1905,1285.485,1496.094
621a134f-27a4-4d0d-9c76-e11fc3d68616,15b4ab836fa9fbc7_2d7f73d1-3a3c-4fe7-8c73-8ecc3483d530,1910,1288.426,1504.458
621a134f-27a4-4d0d-9c76-e11fc3d68616,15b4ab836fa9fbc7_2d7f73d1-3a3c-4fe7-8c73-8ecc3483d530,1915,1285.876,1500.711
621a134f-27a4-4d0d-9c76-e11fc3d68616,15b4ab836fa9fbc7_2d7f73d1-3a3c-4fe7-8c73-8ecc3483d530,1920,1285.69,1502.308
621a134f-27a4-4d0d-9c76-e11fc3d68616,15b4ab836fa9fbc7_2d7f73d1-3a3c-4fe7-8c73-8ecc3483d530,1925,1285.106,1495.621
621a134f-27a4-4d0d-9c76-e11fc3d68616,15b4ab836fa9fbc7_2d7f73d1-3a3c-4fe7-8c73-8ecc3483d530,1930,1285.449,1495.516
621a134f-27a4-4d0d-9c76-e11fc3d68616,15b4ab836fa9fbc7_2d7f73d1-3a3c-4fe7-8c73-8ecc3483d530,1935,1285.958,1495.386
621a134f-27a4-4d0d-9c76-e11fc3d68616,15b4ab836fa9fbc7_2d7f73d1-3a3c-4fe7-8c73-8ecc3483d530,1940,1285.757,1494.956
621a134f-27a4-4d0d-9c76-e11fc3d68616,15b4ab836fa9fbc7_2d7f73d1-3a3c-4fe7-8c73-8ecc3483d530,1945,1285.645,1495.904
621a134f-27a4-4d0d-9c76-e11fc3d68616,15b4ab836fa9fbc7_2d7f73d1-3a3c-4fe7-8c73-8ecc3483d530,1950,1289.787,1508.027
621a134f-27a4-4d0d-9c76-e11fc3d68616,15b4ab836fa9fbc7_2d7f73d1-3a3c-4fe7-8c73-8ecc3483d530,1955,1285.935,1491.819
621a134f-27a4-4d0d-9c76-e11fc3d68616,15b4ab836fa9fbc7_2d7f73d1-3a3c-4fe7-8c73-8ecc3483d530,1960,1285.825,1499.91
621a134f-27a4-4d0d-9c76-e11fc3d68616,15b4ab836fa9fbc7_2d7f73d1-3a3c-4fe7-8c73-8ecc3483d530,1965,1285.632,1495.1
621a134f-27a4-4d0d-9c76-e11fc3d68616,15b4ab836fa9fbc7_2d7f73d1-3a3c-4fe7-8c73-8ecc3483d530,1970,1285.631,1493.416
621a134f-27a4-4d0d-9c76-e11fc3d68616,15b4ab836fa9fbc7_2d7f73d1-3a3c-4fe7-8c73-8ecc3483d530,1975,1285.777,1493.335
621a134f-27a4-4d0d-9c76-e11fc3d68616,15b4ab836fa9fbc7_2d7f73d1-3a3c-4fe7-8c73-8ecc3483d530,1980,1286.533,1496.782
621a134f-27a4-4d0d-9c76-e11fc3d68616,15b4ab836fa9fbc7_2d7f73d1-3a3c-4fe7-8c73-8ecc3483d530,1985,1285.112,1497.836
621a134f-27a4-4d0d-9c76-e11fc3d68616,15b4ab836fa9fbc7_2d7f73d1-3a3c-4fe7-8c73-8ecc3483d530,1990,1285.177,1500.531
621a134f-27a4-4d0d-9c76-e11fc3d68616,15b4ab836fa9fbc7_2d7f73d1-3a3c-4fe7-8c73-8ecc3483d530,1995,1285.695,1532.561
621a134f-27a4-4d0d-9c76-e11fc3d68616,15b4ab836fa9fbc7_2d7f73d1-3a3c-4fe7-8c73-8ecc3483d530,2000,1286.066,1497.649
621a134f-27a4-4d0d-9c76-e11fc3d68616,15b4ab836fa9fbc7_2d7f73d1-3a3c-4fe7-8c73-8ecc3483d530,2005,1285.798,1495.372
621a134f-27a4-4d0d-9c76-e11fc3d68616,15b4ab836fa9fbc7_2d7f73d1-3a3c-4fe7-8c73-8ecc3483d530,2010,1285.247,1501.279
621a134f-27a4-4d0d-9c76-e11fc3d68616,15b4ab836fa9fbc7_2d7f73d1-3a3c-4fe7-8c73-8ecc3483d530,2015,1290.51,1507.459
621a134f-27a4-4d0d-9c76-e11fc3d68616,15b4ab836fa9fbc7_2d7f73d1-3a3c-4fe7-8c73-8ecc3483d530,2020,1285.311,1493.154
621a134f-27a4-4d0d-9c76-e11fc3d68616,15b4ab836fa9fbc7_2d7f73d1-3a3c-4fe7-8c73-8ecc3483d530,2025,1289.638,1504.004
621a134f-27a4-4d0d-9c76-e11fc3d68616,15b4ab836fa9fbc7_2d7f73d1-3a3c-4fe7-8c73-8ecc3483d530,2030,1286.028,1502.626
621a134f-27a4-4d0d-9c76-e11fc3d68616,15b4ab836fa9fbc7_2d7f73d1-3a3c-4fe7-8c73-8ecc3483d530,2035,1285.484,1503.582
621a134f-27a4-4d0d-9c76-e11fc3d68616,15b4ab836fa9fbc7_2d7f73d1-3a3c-4fe7-8c73-8ecc3483d530,2040,1285.771,1485.151
621a134f-27a4-4d0d-9c76-e11fc3d68616,15b4ab836fa9fbc7_2d7f73d1-3a3c-4fe7-8c73-8ecc3483d530,2045,1285.896,1496.183
621a134f-27a4-4d0d-9c76-e11fc3d68616,15b4ab836fa9fbc7_2d7f73d1-3a3c-4fe7-8c73-8ecc3483d530,2050,1285.479,1493.743
621a134f-27a4-4d0d-9c76-e11fc3d68616,15b4ab836fa9fbc7_2d7f73d1-3a3c-4fe7-8c73-8ecc3483d530,2055,1285.983,1494.37
621a134f-27a4-4d0d-9c76-e11fc3d68616,15b4ab836fa9fbc7_2d7f73d1-3a3c-4fe7-8c73-8ecc3483d530,2060,1285.427,1492.617
621a134f-27a4-4d0d-9c76-e11fc3d68616,15b4ab836fa9fbc7_2d7f73d1-3a3c-4fe7-8c73-8ecc3483d530,2065,1285.442,1494.261
621a134f-27a4-4d0d-9c76-e11fc3d68616,15b4ab836fa9fbc7_2d7f73d1-3a3c-4fe7-8c73-8ecc3483d530,2070,1285.462,1499.411
621a134f-27a4-4d0d-9c76-e11fc3d68616,15b4ab836fa9fbc7_2d7f73d1-3a3c-4fe7-8c73-8ecc3483d530,2075,1285.221,1498.655
621a134f-27a4-4d0d-9c76-e11fc3d68616,15b4ab836fa9fbc7_2d7f73d1-3a3c-4fe7-8c73-8ecc3483d530,2080,1290.665,1505.823
621a134f-27a4-4d0d-9c76-e11fc3d68616,15b4ab836fa9fbc7_2d7f73d1-3a3c-4fe7-8c73-8ecc3483d530,2085,1290.675,1494.528
621a134f-27a4-4d0d-9c76-e11fc3d68616,15b4ab836fa9fbc7_2d7f73d1-3a3c-4fe7-8c73-8ecc3483d530,2090,1285.5,1485.467
621a134f-27a4-4d0d-9c76-e11fc3d68616,15b4ab836fa9fbc7_2d7f73d1-3a3c-4fe7-8c73-8ecc3483d530,2095,1285.478,1498.681
621a134f-27a4-4d0d-9c76-e11fc3d68616,15b4ab836fa9fbc7_2d7f73d1-3a3c-4fe7-8c73-8ecc3483d530,2100,1285.39,1504.227
621a134f-27a4-4d0d-9c76-e11fc3d68616,15b4ab836fa9fbc7_2d7f73d1-3a3c-4fe7-8c73-8ecc3483d530,2105,1285.271,1501.562
766a38bf-37a7-472f-94ff-9a1e9fc21570,199c42cda4a54270_cef2879f-868b-459a-8330-74dc2f0344ee,0005,1285.583,1520.154
766a38bf-37a7-472f-94ff-9a1e9fc21570,199c42cda4a54270_cef2879f-868b-459a-8330-74dc2f0344ee,0010,1286.266,1507.899
766a38bf-37a7-472f-94ff-9a1e9fc21570,199c42cda4a54270_cef2879f-868b-459a-8330-74dc2f0344ee,0015,1290.397,1509.367
766a38bf-37a7-472f-94ff-9a1e9fc21570,199c42cda4a54270_cef2879f-868b-459a-8330-74dc2f0344ee,0020,1287.056,1499.642
766a38bf-37a7-472f-94ff-9a1e9fc21570,199c42cda4a54270_cef2879f-868b-459a-8330-74dc2f0344ee,0025,1285.805,1500.592
766a38bf-37a7-472f-94ff-9a1e9fc21570,199c42cda4a54270_cef2879f-868b-459a-8330-74dc2f0344ee,0030,1286.194,1499.433
766a38bf-37a7-472f-94ff-9a1e9fc21570,199c42cda4a54270_cef2879f-868b-459a-8330-74dc2f0344ee,0035,1285.59,1495.465
766a38bf-37a7-472f-94ff-9a1e9fc21570,199c42cda4a54270_cef2879f-868b-459a-8330-74dc2f0344ee,0040,1286.177,1497.594
766a38bf-37a7-472f-94ff-9a1e9fc21570,199c42cda4a54270_cef2879f-868b-459a-8330-74dc2f0344ee,0045,1285.757,1501.341
766a38bf-37a7-472f-94ff-9a1e9fc21570,199c42cda4a54270_cef2879f-868b-459a-8330-74dc2f0344ee,0050,1289.898,1506.68
766a38bf-37a7-472f-94ff-9a1e9fc21570,199c42cda4a54270_cef2879f-868b-459a-8330-74dc2f0344ee,0055,1291.136,1505.439
766a38bf-37a7-472f-94ff-9a1e9fc21570,199c42cda4a54270_cef2879f-868b-459a-8330-74dc2f0344ee,0060,1289.07,1502.046
766a38bf-37a7-472f-94ff-9a1e9fc21570,199c42cda4a54270_cef2879f-868b-459a-8330-74dc2f0344ee,0065,1290.566,1506.315
766a38bf-37a7-472f-94ff-9a1e9fc21570,199c42cda4a54270_cef2879f-868b-459a-8330-74dc2f0344ee,0070,1291.572,1492.652
766a38bf-37a7-472f-94ff-9a1e9fc21570,199c42cda4a54270_cef2879f-868b-459a-8330-74dc2f0344ee,0075,1291.243,1502.681
766a38bf-37a7-472f-94ff-9a1e9fc21570,199c42cda4a54270_cef2879f-868b-459a-8330-74dc2f0344ee,0080,1290.813,1526.927
766a38bf-37a7-472f-94ff-9a1e9fc21570,199c42cda4a54270_cef2879f-868b-459a-8330-74dc2f0344ee,0085,1286.316,1492.577
766a38bf-37a7-472f-94ff-9a1e9fc21570,199c42cda4a54270_cef2879f-868b-459a-8330-74dc2f0344ee,0090,1290.421,1501.282
766a38bf-37a7-472f-94ff-9a1e9fc21570,199c42cda4a54270_cef2879f-868b-459a-8330-74dc2f0344ee,0095,1290.955,1492.168
766a38bf-37a7-472f-94ff-9a1e9fc21570,199c42cda4a54270_cef2879f-868b-459a-8330-74dc2f0344ee,0100,1290.108,1491.506
766a38bf-37a7-472f-94ff-9a1e9fc21570,199c42cda4a54270_cef2879f-868b-459a-8330-74dc2f0344ee,0105,1290.191,1488.469
766a38bf-37a7-472f-94ff-9a1e9fc21570,199c42cda4a54270_cef2879f-868b-459a-8330-74dc2f0344ee,0110,1291.068,1491.246
766a38bf-37a7-472f-94ff-9a1e9fc21570,199c42cda4a54270_cef2879f-868b-459a-8330-74dc2f0344ee,0115,1290.671,1490.082
766a38bf-37a7-472f-94ff-9a1e9fc21570,199c42cda4a54270_cef2879f-868b-459a-8330-74dc2f0344ee,0120,1291.07,1492.513
766a38bf-37a7-472f-94ff-9a1e9fc21570,199c42cda4a54270_cef2879f-868b-459a-8330-74dc2f0344ee,0125,1286.212,1485.275
766a38bf-37a7-472f-94ff-9a1e9fc21570,199c42cda4a54270_cef2879f-868b-459a-8330-74dc2f0344ee,0130,1286.227,1496.259
766a38bf-37a7-472f-94ff-9a1e9fc21570,199c42cda4a54270_cef2879f-868b-459a-8330-74dc2f0344ee,0135,1286.528,1494.732
766a38bf-37a7-472f-94ff-9a1e9fc21570,199c42cda4a54270_cef2879f-868b-459a-8330-74dc2f0344ee,0140,1285.772,1497.055
766a38bf-37a7-472f-94ff-9a1e9fc21570,199c42cda4a54270_cef2879f-868b-459a-8330-74dc2f0344ee,0145,1285.678,1495.027
766a38bf-37a7-472f-94ff-9a1e9fc21570,199c42cda4a54270_cef2879f-868b-459a-8330-74dc2f0344ee,0150,1285.511,1494.363
766a38bf-37a7-472f-94ff-9a1e9fc21570,199c42cda4a54270_cef2879f-868b-459a-8330-74dc2f0344ee,0155,1285.841,1494.822
07c6623a-b240-474e-a5c6-238584ff0921,404e37e6c297372b_1a416681-5eb4-4d32-ba73-f53b0cfcfaf4,0005,1285.703,1532.429
07c6623a-b240-474e-a5c6-238584ff0921,404e37e6c297372b_1a416681-5eb4-4d32-ba73-f53b0cfcfaf4,0010,1290.484,1517.152
07c6623a-b240-474e-a5c6-238584ff0921,404e37e6c297372b_1a416681-5eb4-4d32-ba73-f53b0cfcfaf4,0015,1290.824,1492.289
07c6623a-b240-474e-a5c6-238584ff0921,404e37e6c297372b_1a416681-5eb4-4d32-ba73-f53b0cfcfaf4,0020,1286.864,1488.98
07c6623a-b240-474e-a5c6-238584ff0921,404e37e6c297372b_1a416681-5eb4-4d32-ba73-f53b0cfcfaf4,0025,1285.583,1497.437
07c6623a-b240-474e-a5c6-238584ff0921,404e37e6c297372b_1a416681-5eb4-4d32-ba73-f53b0cfcfaf4,0030,1285.728,1502.79
07c6623a-b240-474e-a5c6-238584ff0921,404e37e6c297372b_1a416681-5eb4-4d32-ba73-f53b0cfcfaf4,0035,1285.456,1496.046
07c6623a-b240-474e-a5c6-238584ff0921,404e37e6c297372b_1a416681-5eb4-4d32-ba73-f53b0cfcfaf4,0040,1285.761,1501.153
07c6623a-b240-474e-a5c6-238584ff0921,404e37e6c297372b_1a416681-5eb4-4d32-ba73-f53b0cfcfaf4,0045,1287.122,1503.507
07c6623a-b240-474e-a5c6-238584ff0921,404e37e6c297372b_1a416681-5eb4-4d32-ba73-f53b0cfcfaf4,0050,1286.036,1497.999
07c6623a-b240-474e-a5c6-238584ff0921,404e37e6c297372b_1a416681-5eb4-4d32-ba73-f53b0cfcfaf4,0055,1286.423,1502.228
07c6623a-b240-474e-a5c6-238584ff0921,404e37e6c297372b_1a416681-5eb4-4d32-ba73-f53b0cfcfaf4,0060,1285.996,1505.148
07c6623a-b240-474e-a5c6-238584ff0921,404e37e6c297372b_1a416681-5eb4-4d32-ba73-f53b0cfcfaf4,0065,1285.398,1505.473
07c6623a-b240-474e-a5c6-238584ff0921,404e37e6c297372b_1a416681-5eb4-4d32-ba73-f53b0cfcfaf4,0070,1285.779,1501.311
07c6623a-b240-474e-a5c6-238584ff0921,404e37e6c297372b_1a416681-5eb4-4d32-ba73-f53b0cfcfaf4,0075,1290.284,1511.322
07c6623a-b240-474e-a5c6-238584ff0921,404e37e6c297372b_1a416681-5eb4-4d32-ba73-f53b0cfcfaf4,0080,1285.815,1497.79
07c6623a-b240-474e-a5c6-238584ff0921,404e37e6c297372b_1a416681-5eb4-4d32-ba73-f53b0cfcfaf4,0085,1286.538,1498.464
07c6623a-b240-474e-a5c6-238584ff0921,404e37e6c297372b_1a416681-5eb4-4d32-ba73-f53b0cfcfaf4,0090,1286.209,1503.278
07c6623a-b240-474e-a5c6-238584ff0921,404e37e6c297372b_1a416681-5eb4-4d32-ba73-f53b0cfcfaf4,0095,1290.278,1509.101
07c6623a-b240-474e-a5c6-238584ff0921,404e37e6c297372b_1a416681-5eb4-4d32-ba73-f53b0cfcfaf4,0100,1286.214,1501.438
07c6623a-b240-474e-a5c6-238584ff0921,404e37e6c297372b_1a416681-5eb4-4d32-ba73-f53b0cfcfaf4,0105,1285.93,1503.722
07c6623a-b240-474e-a5c6-238584ff0921,404e37e6c297372b_1a416681-5eb4-4d32-ba73-f53b0cfcfaf4,0110,1286.185,1507.545
07c6623a-b240-474e-a5c6-238584ff0921,404e37e6c297372b_1a416681-5eb4-4d32-ba73-f53b0cfcfaf4,0115,1285.947,1502.653
07c6623a-b240-474e-a5c6-238584ff0921,404e37e6c297372b_1a416681-5eb4-4d32-ba73-f53b0cfcfaf4,0120,1285.37,1496.047
07c6623a-b240-474e-a5c6-238584ff0921,404e37e6c297372b_1a416681-5eb4-4d32-ba73-f53b0cfcfaf4,0125,1286.355,1503.53
07c6623a-b240-474e-a5c6-238584ff0921,404e37e6c297372b_1a416681-5eb4-4d32-ba73-f53b0cfcfaf4,0130,1286.591,1503.212
07c6623a-b240-474e-a5c6-238584ff0921,404e37e6c297372b_1a416681-5eb4-4d32-ba73-f53b0cfcfaf4,0135,1285.644,1497.338
07c6623a-b240-474e-a5c6-238584ff0921,404e37e6c297372b_1a416681-5eb4-4d32-ba73-f53b0cfcfaf4,0140,1285.757,1504.947
07c6623a-b240-474e-a5c6-238584ff0921,404e37e6c297372b_1a416681-5eb4-4d32-ba73-f53b0cfcfaf4,0145,1285.882,1497.667
07c6623a-b240-474e-a5c6-238584ff0921,404e37e6c297372b_1a416681-5eb4-4d32-ba73-f53b0cfcfaf4,0150,1286.297,1494.09
07c6623a-b240-474e-a5c6-238584ff0921,404e37e6c297372b_1a416681-5eb4-4d32-ba73-f53b0cfcfaf4,0155,1285.921,1498.708
07c6623a-b240-474e-a5c6-238584ff0921,404e37e6c297372b_1a416681-5eb4-4d32-ba73-f53b0cfcfaf4,0160,1286.384,1495.862
07c6623a-b240-474e-a5c6-238584ff0921,404e37e6c297372b_1a416681-5eb4-4d32-ba73-f53b0cfcfaf4,0165,1290.133,1507.211
07c6623a-b240-474e-a5c6-238584ff0921,404e37e6c297372b_1a416681-5eb4-4d32-ba73-f53b0cfcfaf4,0170,1285.24,1502.942
07c6623a-b240-474e-a5c6-238584ff0921,404e37e6c297372b_1a416681-5eb4-4d32-ba73-f53b0cfcfaf4,0175,1286.477,1498.081
07c6623a-b240-474e-a5c6-238584ff0921,404e37e6c297372b_1a416681-5eb4-4d32-ba73-f53b0cfcfaf4,0180,1285.499,1501.069
07c6623a-b240-474e-a5c6-238584ff0921,404e37e6c297372b_1a416681-5eb4-4d32-ba73-f53b0cfcfaf4,0185,1285.666,1497.371
07c6623a-b240-474e-a5c6-238584ff0921,404e37e6c297372b_1a416681-5eb4-4d32-ba73-f53b0cfcfaf4,0190,1286.356,1501.428
07c6623a-b240-474e-a5c6-238584ff0921,404e37e6c297372b_1a416681-5eb4-4d32-ba73-f53b0cfcfaf4,0195,1285.923,1502.216
07c6623a-b240-474e-a5c6-238584ff0921,404e37e6c297372b_1a416681-5eb4-4d32-ba73-f53b0cfcfaf4,0200,1285.482,1501.331
07c6623a-b240-474e-a5c6-238584ff0921,404e37e6c297372b_1a416681-5eb4-4d32-ba73-f53b0cfcfaf4,0205,1287.31,1503.805
07c6623a-b240-474e-a5c6-238584ff0921,404e37e6c297372b_1a416681-5eb4-4d32-ba73-f53b0cfcfaf4,0210,1285.329,1503.893
07c6623a-b240-474e-a5c6-238584ff0921,404e37e6c297372b_1a416681-5eb4-4d32-ba73-f53b0cfcfaf4,0215,1285.776,1504.532
07c6623a-b240-474e-a5c6-238584ff0921,404e37e6c297372b_1a416681-5eb4-4d32-ba73-f53b0cfcfaf4,0220,1285.593,1504.113
07c6623a-b240-474e-a5c6-238584ff0921,404e37e6c297372b_1a416681-5eb4-4d32-ba73-f53b0cfcfaf4,0225,1286.979,1502.016
07c6623a-b240-474e-a5c6-238584ff0921,404e37e6c297372b_1a416681-5eb4-4d32-ba73-f53b0cfcfaf4,0230,1285.756,1503.596
07c6623a-b240-474e-a5c6-238584ff0921,404e37e6c297372b_1a416681-5eb4-4d32-ba73-f53b0cfcfaf4,0235,1286.271,1504.879
07c6623a-b240-474e-a5c6-238584ff0921,404e37e6c297372b_1a416681-5eb4-4d32-ba73-f53b0cfcfaf4,0240,1286.01,1501.404
07c6623a-b240-474e-a5c6-238584ff0921,404e37e6c297372b_1a416681-5eb4-4d32-ba73-f53b0cfcfaf4,0245,1285.939,1504.876
07c6623a-b240-474e-a5c6-238584ff0921,404e37e6c297372b_1a416681-5eb4-4d32-ba73-f53b0cfcfaf4,0250,1285.892,1503.085
07c6623a-b240-474e-a5c6-238584ff0921,404e37e6c297372b_1a416681-5eb4-4d32-ba73-f53b0cfcfaf4,0255,1285.997,1498.305
07c6623a-b240-474e-a5c6-238584ff0921,404e37e6c297372b_1a416681-5eb4-4d32-ba73-f53b0cfcfaf4,0260,1285.814,1499.191
07c6623a-b240-474e-a5c6-238584ff0921,404e37e6c297372b_1a416681-5eb4-4d32-ba73-f53b0cfcfaf4,0265,1285.662,1494.047
07c6623a-b240-474e-a5c6-238584ff0921,404e37e6c297372b_1a416681-5eb4-4d32-ba73-f53b0cfcfaf4,0270,1285.249,1501.154
07c6623a-b240-474e-a5c6-238584ff0921,404e37e6c297372b_1a416681-5eb4-4d32-ba73-f53b0cfcfaf4,0275,1290.557,1506.424
07c6623a-b240-474e-a5c6-238584ff0921,404e37e6c297372b_1a416681-5eb4-4d32-ba73-f53b0cfcfaf4,0280,1285.676,1495.543
07c6623a-b240-474e-a5c6-238584ff0921,404e37e6c297372b_1a416681-5eb4-4d32-ba73-f53b0cfcfaf4,0285,1285.508,1494.173
07c6623a-b240-474e-a5c6-238584ff0921,404e37e6c297372b_1a416681-5eb4-4d32-ba73-f53b0cfcfaf4,0290,1286.296,1506.688
07c6623a-b240-474e-a5c6-238584ff0921,404e37e6c297372b_1a416681-5eb4-4d32-ba73-f53b0cfcfaf4,0295,1285.595,1495.726
07c6623a-b240-474e-a5c6-238584ff0921,404e37e6c297372b_1a416681-5eb4-4d32-ba73-f53b0cfcfaf4,0300,1285.832,1501.721
07c6623a-b240-474e-a5c6-238584ff0921,404e37e6c297372b_1a416681-5eb4-4d32-ba73-f53b0cfcfaf4,0305,1285.616,1499.114
07c6623a-b240-474e-a5c6-238584ff0921,404e37e6c297372b_1a416681-5eb4-4d32-ba73-f53b0cfcfaf4,0310,1286.108,1501.296
07c6623a-b240-474e-a5c6-238584ff0921,404e37e6c297372b_1a416681-5eb4-4d32-ba73-f53b0cfcfaf4,0315,1287.185,1500.284
07c6623a-b240-474e-a5c6-238584ff0921,404e37e6c297372b_1a416681-5eb4-4d32-ba73-f53b0cfcfaf4,0320,1285.701,1497.69
07c6623a-b240-474e-a5c6-238584ff0921,404e37e6c297372b_1a416681-5eb4-4d32-ba73-f53b0cfcfaf4,0325,1285.321,1494.536
07c6623a-b240-474e-a5c6-238584ff0921,404e37e6c297372b_1a416681-5eb4-4d32-ba73-f53b0cfcfaf4,0330,1285.176,1503.167
07c6623a-b240-474e-a5c6-238584ff0921,404e37e6c297372b_1a416681-5eb4-4d32-ba73-f53b0cfcfaf4,0335,1289.697,1510.116
07c6623a-b240-474e-a5c6-238584ff0921,404e37e6c297372b_1a416681-5eb4-4d32-ba73-f53b0cfcfaf4,0340,1289.705,1491.554
07c6623a-b240-474e-a5c6-238584ff0921,404e37e6c297372b_1a416681-5eb4-4d32-ba73-f53b0cfcfaf4,0345,1289.476,1492.236
07c6623a-b240-474e-a5c6-238584ff0921,404e37e6c297372b_1a416681-5eb4-4d32-ba73-f53b0cfcfaf4,0350,1285.495,1489.051
07c6623a-b240-474e-a5c6-238584ff0921,404e37e6c297372b_1a416681-5eb4-4d32-ba73-f53b0cfcfaf4,0355,1285.976,1507.606
07c6623a-b240-474e-a5c6-238584ff0921,404e37e6c297372b_1a416681-5eb4-4d32-ba73-f53b0cfcfaf4,0360,1285.343,1504.417
07c6623a-b240-474e-a5c6-238584ff0921,404e37e6c297372b_1a416681-5eb4-4d32-ba73-f53b0cfcfaf4,0365,1285.32,1504.548
07c6623a-b240-474e-a5c6-238584ff0921,404e37e6c297372b_1a416681-5eb4-4d32-ba73-f53b0cfcfaf4,0370,1285.762,1505.676
07c6623a-b240-474e-a5c6-238584ff0921,404e37e6c297372b_1a416681-5eb4-4d32-ba73-f53b0cfcfaf4,0375,1285.685,1497.1
07c6623a-b240-474e-a5c6-238584ff0921,404e37e6c297372b_1a416681-5eb4-4d32-ba73-f53b0cfcfaf4,0380,1285.339,1497.056
07c6623a-b240-474e-a5c6-238584ff0921,404e37e6c297372b_1a416681-5eb4-4d32-ba73-f53b0cfcfaf4,0385,1290.485,1510.666
07c6623a-b240-474e-a5c6-238584ff0921,404e37e6c297372b_1a416681-5eb4-4d32-ba73-f53b0cfcfaf4,0390,1287.202,1505.162
07c6623a-b240-474e-a5c6-238584ff0921,404e37e6c297372b_1a416681-5eb4-4d32-ba73-f53b0cfcfaf4,0395,1285.374,1497.253
07c6623a-b240-474e-a5c6-238584ff0921,404e37e6c297372b_1a416681-5eb4-4d32-ba73-f53b0cfcfaf4,0400,1285.611,1496.658
07c6623a-b240-474e-a5c6-238584ff0921,404e37e6c297372b_1a416681-5eb4-4d32-ba73-f53b0cfcfaf4,0405,1285.113,1501.548
07c6623a-b240-474e-a5c6-238584ff0921,404e37e6c297372b_1a416681-5eb4-4d32-ba73-f53b0cfcfaf4,0410,1285.788,1502.683
07c6623a-b240-474e-a5c6-238584ff0921,404e37e6c297372b_1a416681-5eb4-4d32-ba73-f53b0cfcfaf4,0415,1285.639,1487.734
07c6623a-b240-474e-a5c6-238584ff0921,404e37e6c297372b_1a416681-5eb4-4d32-ba73-f53b0cfcfaf4,0420,1285.03,1500.924
07c6623a-b240-474e-a5c6-238584ff0921,404e37e6c297372b_1a416681-5eb4-4d32-ba73-f53b0cfcfaf4,0425,1286.047,1502.019
07c6623a-b240-474e-a5c6-238584ff0921,404e37e6c297372b_1a416681-5eb4-4d32-ba73-f53b0cfcfaf4,0430,1285.604,1500.41
07c6623a-b240-474e-a5c6-238584ff0921,404e37e6c297372b_1a416681-5eb4-4d32-ba73-f53b0cfcfaf4,0435,1285.425,1502.277
07c6623a-b240-474e-a5c6-238584ff0921,404e37e6c297372b_1a416681-5eb4-4d32-ba73-f53b0cfcfaf4,0440,1285.87,1507.09
07c6623a-b240-474e-a5c6-238584ff0921,404e37e6c297372b_1a416681-5eb4-4d32-ba73-f53b0cfcfaf4,0445,1285.939,1503.749
07c6623a-b240-474e-a5c6-238584ff0921,404e37e6c297372b_1a416681-5eb4-4d32-ba73-f53b0cfcfaf4,0450,1285.834,1501.237
07c6623a-b240-474e-a5c6-238584ff0921,404e37e6c297372b_1a416681-5eb4-4d32-ba73-f53b0cfcfaf4,0455,1285.832,1498.513
07c6623a-b240-474e-a5c6-238584ff0921,404e37e6c297372b_1a416681-5eb4-4d32-ba73-f53b0cfcfaf4,0460,1286.134,1505.653
07c6623a-b240-474e-a5c6-238584ff0921,404e37e6c297372b_1a416681-5eb4-4d32-ba73-f53b0cfcfaf4,0465,1285.158,1496.962
07c6623a-b240-474e-a5c6-238584ff0921,404e37e6c297372b_1a416681-5eb4-4d32-ba73-f53b0cfcfaf4,0470,1285.583,1503.777
07c6623a-b240-474e-a5c6-238584ff0921,404e37e6c297372b_1a416681-5eb4-4d32-ba73-f53b0cfcfaf4,0475,1286.043,1505.264
07c6623a-b240-474e-a5c6-238584ff0921,404e37e6c297372b_1a416681-5eb4-4d32-ba73-f53b0cfcfaf4,0480,1285.728,1499.272
07c6623a-b240-474e-a5c6-238584ff0921,404e37e6c297372b_1a416681-5eb4-4d32-ba73-f53b0cfcfaf4,0485,1286.504,1504.66
07c6623a-b240-474e-a5c6-238584ff0921,404e37e6c297372b_1a416681-5eb4-4d32-ba73-f53b0cfcfaf4,0490,1285.682,1500.388
07c6623a-b240-474e-a5c6-238584ff0921,404e37e6c297372b_1a416681-5eb4-4d32-ba73-f53b0cfcfaf4,0495,1290.213,1501.307
07c6623a-b240-474e-a5c6-238584ff0921,404e37e6c297372b_1a416681-5eb4-4d32-ba73-f53b0cfcfaf4,0500,1285.822,1496.443
07c6623a-b240-474e-a5c6-238584ff0921,404e37e6c297372b_1a416681-5eb4-4d32-ba73-f53b0cfcfaf4,0505,1285.577,1502.585
07c6623a-b240-474e-a5c6-238584ff0921,404e37e6c297372b_1a416681-5eb4-4d32-ba73-f53b0cfcfaf4,0510,1285.625,1501.436
07c6623a-b240-474e-a5c6-238584ff0921,404e37e6c297372b_1a416681-5eb4-4d32-ba73-f53b0cfcfaf4,0515,1286.038,1497.425
07c6623a-b240-474e-a5c6-238584ff0921,404e37e6c297372b_1a416681-5eb4-4d32-ba73-f53b0cfcfaf4,0520,1286.436,1503.119
07c6623a-b240-474e-a5c6-238584ff0921,404e37e6c297372b_1a416681-5eb4-4d32-ba73-f53b0cfcfaf4,0525,1285.085,1504.935
07c6623a-b240-474e-a5c6-238584ff0921,404e37e6c297372b_1a416681-5eb4-4d32-ba73-f53b0cfcfaf4,0530,1285.599,1498.911
07c6623a-b240-474e-a5c6-238584ff0921,404e37e6c297372b_1a416681-5eb4-4d32-ba73-f53b0cfcfaf4,0535,1285.734,1502.824
07c6623a-b240-474e-a5c6-238584ff0921,404e37e6c297372b_1a416681-5eb4-4d32-ba73-f53b0cfcfaf4,0540,1287.728,1505.88
07c6623a-b240-474e-a5c6-238584ff0921,404e37e6c297372b_1a416681-5eb4-4d32-ba73-f53b0cfcfaf4,0545,1285.348,1504.021
07c6623a-b240-474e-a5c6-238584ff0921,404e37e6c297372b_1a416681-5eb4-4d32-ba73-f53b0cfcfaf4,0550,1285.726,1504.957
07c6623a-b240-474e-a5c6-238584ff0921,404e37e6c297372b_1a416681-5eb4-4d32-ba73-f53b0cfcfaf4,0555,1285.562,1504.035
07c6623a-b240-474e-a5c6-238584ff0921,404e37e6c297372b_1a416681-5eb4-4d32-ba73-f53b0cfcfaf4,0560,1285.708,1503.844
07c6623a-b240-474e-a5c6-238584ff0921,404e37e6c297372b_1a416681-5eb4-4d32-ba73-f53b0cfcfaf4,0565,1285.49,1501.335
07c6623a-b240-474e-a5c6-238584ff0921,404e37e6c297372b_1a416681-5eb4-4d32-ba73-f53b0cfcfaf4,0570,1290.149,1501.898
07c6623a-b240-474e-a5c6-238584ff0921,404e37e6c297372b_1a416681-5eb4-4d32-ba73-f53b0cfcfaf4,0575,1286.87,1489.778
07c6623a-b240-474e-a5c6-238584ff0921,404e37e6c297372b_1a416681-5eb4-4d32-ba73-f53b0cfcfaf4,0580,1285.885,1497.072
07c6623a-b240-474e-a5c6-238584ff0921,404e37e6c297372b_1a416681-5eb4-4d32-ba73-f53b0cfcfaf4,0585,1285.66,1497.078
07c6623a-b240-474e-a5c6-238584ff0921,404e37e6c297372b_1a416681-5eb4-4d32-ba73-f53b0cfcfaf4,0590,1289.738,1507.532
07c6623a-b240-474e-a5c6-238584ff0921,404e37e6c297372b_1a416681-5eb4-4d32-ba73-f53b0cfcfaf4,0595,1285.491,1502.313
07c6623a-b240-474e-a5c6-238584ff0921,404e37e6c297372b_1a416681-5eb4-4d32-ba73-f53b0cfcfaf4,0600,1285.139,1507.841
07c6623a-b240-474e-a5c6-238584ff0921,404e37e6c297372b_1a416681-5eb4-4d32-ba73-f53b0cfcfaf4,0605,1285.953,1501.668
07c6623a-b240-474e-a5c6-238584ff0921,404e37e6c297372b_1a416681-5eb4-4d32-ba73-f53b0cfcfaf4,0610,1285.778,1504.271
07c6623a-b240-474e-a5c6-238584ff0921,404e37e6c297372b_1a416681-5eb4-4d32-ba73-f53b0cfcfaf4,0615,1285.505,1507.691
07c6623a-b240-474e-a5c6-238584ff0921,404e37e6c297372b_1a416681-5eb4-4d32-ba73-f53b0cfcfaf4,0620,1285.332,1495.987
07c6623a-b240-474e-a5c6-238584ff0921,404e37e6c297372b_1a416681-5eb4-4d32-ba73-f53b0cfcfaf4,0625,1285.535,1506.207
07c6623a-b240-474e-a5c6-238584ff0921,404e37e6c297372b_1a416681-5eb4-4d32-ba73-f53b0cfcfaf4,0630,1285.843,1498.232
07c6623a-b240-474e-a5c6-238584ff0921,404e37e6c297372b_1a416681-5eb4-4d32-ba73-f53b0cfcfaf4,0635,1285.715,1503.803
07c6623a-b240-474e-a5c6-238584ff0921,404e37e6c297372b_1a416681-5eb4-4d32-ba73-f53b0cfcfaf4,0640,1286.194,1502.545
07c6623a-b240-474e-a5c6-238584ff0921,404e37e6c297372b_1a416681-5eb4-4d32-ba73-f53b0cfcfaf4,0645,1285.336,1506.289
07c6623a-b240-474e-a5c6-238584ff0921,404e37e6c297372b_1a416681-5eb4-4d32-ba73-f53b0cfcfaf4,0650,1285.329,1497.835
07c6623a-b240-474e-a5c6-238584ff0921,404e37e6c297372b_1a416681-5eb4-4d32-ba73-f53b0cfcfaf4,0655,1285.72,1497.921
07c6623a-b240-474e-a5c6-238584ff0921,404e37e6c297372b_1a416681-5eb4-4d32-ba73-f53b0cfcfaf4,0660,1288.624,1504.981
07c6623a-b240-474e-a5c6-238584ff0921,404e37e6c297372b_1a416681-5eb4-4d32-ba73-f53b0cfcfaf4,0665,1290.196,1511.553
07c6623a-b240-474e-a5c6-238584ff0921,404e37e6c297372b_1a416681-5eb4-4d32-ba73-f53b0cfcfaf4,0670,1285.664,1500.013
07c6623a-b240-474e-a5c6-238584ff0921,404e37e6c297372b_1a416681-5eb4-4d32-ba73-f53b0cfcfaf4,0675,1290.392,1509.562
07c6623a-b240-474e-a5c6-238584ff0921,404e37e6c297372b_1a416681-5eb4-4d32-ba73-f53b0cfcfaf4,0680,1285.664,1501.13
07c6623a-b240-474e-a5c6-238584ff0921,404e37e6c297372b_1a416681-5eb4-4d32-ba73-f53b0cfcfaf4,0685,1286.38,1503.344
07c6623a-b240-474e-a5c6-238584ff0921,404e37e6c297372b_1a416681-5eb4-4d32-ba73-f53b0cfcfaf4,0690,1285.179,1502.818
07c6623a-b240-474e-a5c6-238584ff0921,404e37e6c297372b_1a416681-5eb4-4d32-ba73-f53b0cfcfaf4,0695,1289.244,1510.954
07c6623a-b240-474e-a5c6-238584ff0921,404e37e6c297372b_1a416681-5eb4-4d32-ba73-f53b0cfcfaf4,0700,1285.623,1498.504
07c6623a-b240-474e-a5c6-238584ff0921,404e37e6c297372b_1a416681-5eb4-4d32-ba73-f53b0cfcfaf4,0705,1285.171,1501.158
07c6623a-b240-474e-a5c6-238584ff0921,404e37e6c297372b_1a416681-5eb4-4d32-ba73-f53b0cfcfaf4,0710,1285.344,1501.513
07c6623a-b240-474e-a5c6-238584ff0921,404e37e6c297372b_1a416681-5eb4-4d32-ba73-f53b0cfcfaf4,0715,1285.824,1505.266
07c6623a-b240-474e-a5c6-238584ff0921,404e37e6c297372b_1a416681-5eb4-4d32-ba73-f53b0cfcfaf4,0720,1284.59,1501.721
07c6623a-b240-474e-a5c6-238584ff0921,404e37e6c297372b_1a416681-5eb4-4d32-ba73-f53b0cfcfaf4,0725,1284.983,1502.04
07c6623a-b240-474e-a5c6-238584ff0921,404e37e6c297372b_1a416681-5eb4-4d32-ba73-f53b0cfcfaf4,0730,1285.416,1505.252
07c6623a-b240-474e-a5c6-238584ff0921,404e37e6c297372b_1a416681-5eb4-4d32-ba73-f53b0cfcfaf4,0735,1289.424,1507.333
07c6623a-b240-474e-a5c6-238584ff0921,404e37e6c297372b_1a416681-5eb4-4d32-ba73-f53b0cfcfaf4,0740,1285.794,1502.495
07c6623a-b240-474e-a5c6-238584ff0921,404e37e6c297372b_1a416681-5eb4-4d32-ba73-f53b0cfcfaf4,0745,1285.899,1503.505
07c6623a-b240-474e-a5c6-238584ff0921,404e37e6c297372b_1a416681-5eb4-4d32-ba73-f53b0cfcfaf4,0750,1285.28,1498.931
07c6623a-b240-474e-a5c6-238584ff0921,404e37e6c297372b_1a416681-5eb4-4d32-ba73-f53b0cfcfaf4,0755,1285.568,1504.787
07c6623a-b240-474e-a5c6-238584ff0921,404e37e6c297372b_1a416681-5eb4-4d32-ba73-f53b0cfcfaf4,0760,1285.332,1503.878
07c6623a-b240-474e-a5c6-238584ff0921,404e37e6c297372b_1a416681-5eb4-4d32-ba73-f53b0cfcfaf4,0765,1286.641,1508.067
07c6623a-b240-474e-a5c6-238584ff0921,404e37e6c297372b_1a416681-5eb4-4d32-ba73-f53b0cfcfaf4,0770,1286.15,1500.513
07c6623a-b240-474e-a5c6-238584ff0921,404e37e6c297372b_1a416681-5eb4-4d32-ba73-f53b0cfcfaf4,0775,1285.397,1504.583
07c6623a-b240-474e-a5c6-238584ff0921,404e37e6c297372b_1a416681-5eb4-4d32-ba73-f53b0cfcfaf4,0780,1289.211,1506.342
07c6623a-b240-474e-a5c6-238584ff0921,404e37e6c297372b_1a416681-5eb4-4d32-ba73-f53b0cfcfaf4,0785,1290.325,1494.905
07c6623a-b240-474e-a5c6-238584ff0921,404e37e6c297372b_1a416681-5eb4-4d32-ba73-f53b0cfcfaf4,0790,1289.665,1491.551
07c6623a-b240-474e-a5c6-238584ff0921,404e37e6c297372b_1a416681-5eb4-4d32-ba73-f53b0cfcfaf4,0795,1289.261,1494.443
07c6623a-b240-474e-a5c6-238584ff0921,404e37e6c297372b_1a416681-5eb4-4d32-ba73-f53b0cfcfaf4,0800,1290.029,1493.574
07c6623a-b240-474e-a5c6-238584ff0921,404e37e6c297372b_1a416681-5eb4-4d32-ba73-f53b0cfcfaf4,0805,1290.704,1495.286
07c6623a-b240-474e-a5c6-238584ff0921,404e37e6c297372b_1a416681-5eb4-4d32-ba73-f53b0cfcfaf4,0810,1289.748,1523.474
07c6623a-b240-474e-a5c6-238584ff0921,404e37e6c297372b_1a416681-5eb4-4d32-ba73-f53b0cfcfaf4,0815,1290.18,1495.363
07c6623a-b240-474e-a5c6-238584ff0921,404e37e6c297372b_1a416681-5eb4-4d32-ba73-f53b0cfcfaf4,0820,1290.382,1495.075
07c6623a-b240-474e-a5c6-238584ff0921,404e37e6c297372b_1a416681-5eb4-4d32-ba73-f53b0cfcfaf4,0825,1289.971,1496.525
07c6623a-b240-474e-a5c6-238584ff0921,404e37e6c297372b_1a416681-5eb4-4d32-ba73-f53b0cfcfaf4,0830,1290.36,1494.859
07c6623a-b240-474e-a5c6-238584ff0921,404e37e6c297372b_1a416681-5eb4-4d32-ba73-f53b0cfcfaf4,0835,1289.799,1497.613
07c6623a-b240-474e-a5c6-238584ff0921,404e37e6c297372b_1a416681-5eb4-4d32-ba73-f53b0cfcfaf4,0840,1287.953,1503.107
07c6623a-b240-474e-a5c6-238584ff0921,404e37e6c297372b_1a416681-5eb4-4d32-ba73-f53b0cfcfaf4,0845,1289.668,1494.509
07c6623a-b240-474e-a5c6-238584ff0921,404e37e6c297372b_1a416681-5eb4-4d32-ba73-f53b0cfcfaf4,0850,1290.717,1537.302
07c6623a-b240-474e-a5c6-238584ff0921,404e37e6c297372b_1a416681-5eb4-4d32-ba73-f53b0cfcfaf4,0855,1290.101,1493.02
07c6623a-b240-474e-a5c6-238584ff0921,404e37e6c297372b_1a416681-5eb4-4d32-ba73-f53b0cfcfaf4,0860,1290.329,1493.45
07c6623a-b240-474e-a5c6-238584ff0921,404e37e6c297372b_1a416681-5eb4-4d32-ba73-f53b0cfcfaf4,0865,1289.745,1497.125
07c6623a-b240-474e-a5c6-238584ff0921,404e37e6c297372b_1a416681-5eb4-4d32-ba73-f53b0cfcfaf4,0870,1289.671,1493.871
07c6623a-b240-474e-a5c6-238584ff0921,404e37e6c297372b_1a416681-5eb4-4d32-ba73-f53b0cfcfaf4,0875,1289.69,1496.165
07c6623a-b240-474e-a5c6-238584ff0921,404e37e6c297372b_1a416681-5eb4-4d32-ba73-f53b0cfcfaf4,0880,1287.304,1489.178
07c6623a-b240-474e-a5c6-238584ff0921,404e37e6c297372b_1a416681-5eb4-4d32-ba73-f53b0cfcfaf4,0885,1285.119,1502.545
07c6623a-b240-474e-a5c6-238584ff0921,404e37e6c297372b_1a416681-5eb4-4d32-ba73-f53b0cfcfaf4,0890,1285.684,1506.894
07c6623a-b240-474e-a5c6-238584ff0921,404e37e6c297372b_1a416681-5eb4-4d32-ba73-f53b0cfcfaf4,0895,1285.822,1507.742
07c6623a-b240-474e-a5c6-238584ff0921,404e37e6c297372b_1a416681-5eb4-4d32-ba73-f53b0cfcfaf4,0900,1285.509,1506.125
07c6623a-b240-474e-a5c6-238584ff0921,404e37e6c297372b_1a416681-5eb4-4d32-ba73-f53b0cfcfaf4,0905,1285.429,1505.551
07c6623a-b240-474e-a5c6-238584ff0921,404e37e6c297372b_1a416681-5eb4-4d32-ba73-f53b0cfcfaf4,0910,1286.153,1492.639
07c6623a-b240-474e-a5c6-238584ff0921,404e37e6c297372b_1a416681-5eb4-4d32-ba73-f53b0cfcfaf4,0915,1285.563,1500.151
07c6623a-b240-474e-a5c6-238584ff0921,404e37e6c297372b_1a416681-5eb4-4d32-ba73-f53b0cfcfaf4,0920,1285.809,1506.758
07c6623a-b240-474e-a5c6-238584ff0921,404e37e6c297372b_1a416681-5eb4-4d32-ba73-f53b0cfcfaf4,0925,1285.596,1502.972
07c6623a-b240-474e-a5c6-238584ff0921,404e37e6c297372b_1a416681-5eb4-4d32-ba73-f53b0cfcfaf4,0930,1285.037,1496.779
07c6623a-b240-474e-a5c6-238584ff0921,404e37e6c297372b_1a416681-5eb4-4d32-ba73-f53b0cfcfaf4,0935,1285.967,1506.039
07c6623a-b240-474e-a5c6-238584ff0921,404e37e6c297372b_1a416681-5eb4-4d32-ba73-f53b0cfcfaf4,0940,1289.842,1511.101
07c6623a-b240-474e-a5c6-238584ff0921,404e37e6c297372b_1a416681-5eb4-4d32-ba73-f53b0cfcfaf4,0945,1285.412,1495.807
07c6623a-b240-474e-a5c6-238584ff0921,404e37e6c297372b_1a416681-5eb4-4d32-ba73-f53b0cfcfaf4,0950,1285.765,1508.986
07c6623a-b240-474e-a5c6-238584ff0921,404e37e6c297372b_1a416681-5eb4-4d32-ba73-f53b0cfcfaf4,0955,1288.299,1503.275
07c6623a-b240-474e-a5c6-238584ff0921,404e37e6c297372b_1a416681-5eb4-4d32-ba73-f53b0cfcfaf4,0960,1285.631,1498.348
07c6623a-b240-474e-a5c6-238584ff0921,404e37e6c297372b_1a416681-5eb4-4d32-ba73-f53b0cfcfaf4,0965,1285.908,1489.722
07c6623a-b240-474e-a5c6-238584ff0921,404e37e6c297372b_1a416681-5eb4-4d32-ba73-f53b0cfcfaf4,0970,1286.312,1505.422
07c6623a-b240-474e-a5c6-238584ff0921,404e37e6c297372b_1a416681-5eb4-4d32-ba73-f53b0cfcfaf4,0975,1285.619,1503.593
07c6623a-b240-474e-a5c6-238584ff0921,404e37e6c297372b_1a416681-5eb4-4d32-ba73-f53b0cfcfaf4,0980,1290.153,1511.989
07c6623a-b240-474e-a5c6-238584ff0921,404e37e6c297372b_1a416681-5eb4-4d32-ba73-f53b0cfcfaf4,0985,1290.21,1508.658
07c6623a-b240-474e-a5c6-238584ff0921,404e37e6c297372b_1a416681-5eb4-4d32-ba73-f53b0cfcfaf4,0990,1289.48,1491.709
07c6623a-b240-474e-a5c6-238584ff0921,404e37e6c297372b_1a416681-5eb4-4d32-ba73-f53b0cfcfaf4,0995,1289.11,1494.678
07c6623a-b240-474e-a5c6-238584ff0921,404e37e6c297372b_1a416681-5eb4-4d32-ba73-f53b0cfcfaf4,1000,1286.035,1504.034
07c6623a-b240-474e-a5c6-238584ff0921,404e37e6c297372b_1a416681-5eb4-4d32-ba73-f53b0cfcfaf4,1005,1285.999,1505.014
07c6623a-b240-474e-a5c6-238584ff0921,404e37e6c297372b_1a416681-5eb4-4d32-ba73-f53b0cfcfaf4,1010,1285.837,1499.407
07c6623a-b240-474e-a5c6-238584ff0921,404e37e6c297372b_1a416681-5eb4-4d32-ba73-f53b0cfcfaf4,1015,1285.38,1504.109
07c6623a-b240-474e-a5c6-238584ff0921,404e37e6c297372b_1a416681-5eb4-4d32-ba73-f53b0cfcfaf4,1020,1285.168,1499.441
07c6623a-b240-474e-a5c6-238584ff0921,404e37e6c297372b_1a416681-5eb4-4d32-ba73-f53b0cfcfaf4,1025,1289.932,1505.353
07c6623a-b240-474e-a5c6-238584ff0921,404e37e6c297372b_1a416681-5eb4-4d32-ba73-f53b0cfcfaf4,1030,1285.685,1497.336
07c6623a-b240-474e-a5c6-238584ff0921,404e37e6c297372b_1a416681-5eb4-4d32-ba73-f53b0cfcfaf4,1035,1285.689,1505.026
07c6623a-b240-474e-a5c6-238584ff0921,404e37e6c297372b_1a416681-5eb4-4d32-ba73-f53b0cfcfaf4,1040,1285.384,1508.802
07c6623a-b240-474e-a5c6-238584ff0921,404e37e6c297372b_1a416681-5eb4-4d32-ba73-f53b0cfcfaf4,1045,1286.491,1509.046
07c6623a-b240-474e-a5c6-238584ff0921,404e37e6c297372b_1a416681-5eb4-4d32-ba73-f53b0cfcfaf4,1050,1285.15,1505.786
07c6623a-b240-474e-a5c6-238584ff0921,404e37e6c297372b_1a416681-5eb4-4d32-ba73-f53b0cfcfaf4,1055,1285.276,1507.237
07c6623a-b240-474e-a5c6-238584ff0921,404e37e6c297372b_1a416681-5eb4-4d32-ba73-f53b0cfcfaf4,1060,1285.574,1503.022
07c6623a-b240-474e-a5c6-238584ff0921,404e37e6c297372b_1a416681-5eb4-4d32-ba73-f53b0cfcfaf4,1065,1290.325,1510.553
07c6623a-b240-474e-a5c6-238584ff0921,404e37e6c297372b_1a416681-5eb4-4d32-ba73-f53b0cfcfaf4,1070,1285.478,1504.028
78acd00e-fc3c-40b3-a795-44718ff6b8fe,759c960f4882d210_70b94d29-6e56-4331-9fe8-0f1a512bac0b,0005,1285.204,1515.492
78acd00e-fc3c-40b3-a795-44718ff6b8fe,759c960f4882d210_70b94d29-6e56-4331-9fe8-0f1a512bac0b,0010,1285.142,1507.26
78acd00e-fc3c-40b3-a795-44718ff6b8fe,759c960f4882d210_70b94d29-6e56-4331-9fe8-0f1a512bac0b,0015,1285.414,1498.435
78acd00e-fc3c-40b3-a795-44718ff6b8fe,759c960f4882d210_70b94d29-6e56-4331-9fe8-0f1a512bac0b,0020,1285.234,1500.97
78acd00e-fc3c-40b3-a795-44718ff6b8fe,759c960f4882d210_70b94d29-6e56-4331-9fe8-0f1a512bac0b,0025,1285.418,1494.604
78acd00e-fc3c-40b3-a795-44718ff6b8fe,759c960f4882d210_70b94d29-6e56-4331-9fe8-0f1a512bac0b,0030,1285.169,1499.98
78acd00e-fc3c-40b3-a795-44718ff6b8fe,759c960f4882d210_70b94d29-6e56-4331-9fe8-0f1a512bac0b,0035,1285.287,1499.483
78acd00e-fc3c-40b3-a795-44718ff6b8fe,759c960f4882d210_70b94d29-6e56-4331-9fe8-0f1a512bac0b,0040,1289.523,1507.523
78acd00e-fc3c-40b3-a795-44718ff6b8fe,759c960f4882d210_70b94d29-6e56-4331-9fe8-0f1a512bac0b,0045,1285.12,1497.429
78acd00e-fc3c-40b3-a795-44718ff6b8fe,759c960f4882d210_70b94d29-6e56-4331-9fe8-0f1a512bac0b,0050,1285.908,1504.232
78acd00e-fc3c-40b3-a795-44718ff6b8fe,759c960f4882d210_70b94d29-6e56-4331-9fe8-0f1a512bac0b,0055,1284.961,1501.479
78acd00e-fc3c-40b3-a795-44718ff6b8fe,759c960f4882d210_70b94d29-6e56-4331-9fe8-0f1a512bac0b,0060,1285.525,1501.695
78acd00e-fc3c-40b3-a795-44718ff6b8fe,759c960f4882d210_70b94d29-6e56-4331-9fe8-0f1a512bac0b,0065,1285.055,1499.756
78acd00e-fc3c-40b3-a795-44718ff6b8fe,759c960f4882d210_70b94d29-6e56-4331-9fe8-0f1a512bac0b,0070,1285.719,1497.936
78acd00e-fc3c-40b3-a795-44718ff6b8fe,759c960f4882d210_70b94d29-6e56-4331-9fe8-0f1a512bac0b,0075,1285.701,1495.289
78acd00e-fc3c-40b3-a795-44718ff6b8fe,759c960f4882d210_70b94d29-6e56-4331-9fe8-0f1a512bac0b,0080,1285.798,1499.671
78acd00e-fc3c-40b3-a795-44718ff6b8fe,759c960f4882d210_70b94d29-6e56-4331-9fe8-0f1a512bac0b,0085,1285.174,1494.346
78acd00e-fc3c-40b3-a795-44718ff6b8fe,759c960f4882d210_70b94d29-6e56-4331-9fe8-0f1a512bac0b,0090,1285.633,1502.312
78acd00e-fc3c-40b3-a795-44718ff6b8fe,759c960f4882d210_70b94d29-6e56-4331-9fe8-0f1a512bac0b,0095,1285.706,1487.003
78acd00e-fc3c-40b3-a795-44718ff6b8fe,759c960f4882d210_70b94d29-6e56-4331-9fe8-0f1a512bac0b,0100,1285.785,1493.987
78acd00e-fc3c-40b3-a795-44718ff6b8fe,759c960f4882d210_70b94d29-6e56-4331-9fe8-0f1a512bac0b,0105,1288.945,1500.689
78acd00e-fc3c-40b3-a795-44718ff6b8fe,759c960f4882d210_70b94d29-6e56-4331-9fe8-0f1a512bac0b,0110,1285.886,1501.54
78acd00e-fc3c-40b3-a795-44718ff6b8fe,759c960f4882d210_70b94d29-6e56-4331-9fe8-0f1a512bac0b,0115,1288.564,1497.41
78acd00e-fc3c-40b3-a795-44718ff6b8fe,759c960f4882d210_70b94d29-6e56-4331-9fe8-0f1a512bac0b,0120,1285.912,1498.172
78acd00e-fc3c-40b3-a795-44718ff6b8fe,759c960f4882d210_70b94d29-6e56-4331-9fe8-0f1a512bac0b,0125,1287.226,1502.52
78acd00e-fc3c-40b3-a795-44718ff6b8fe,759c960f4882d210_70b94d29-6e56-4331-9fe8-0f1a512bac0b,0130,1285.507,1498.062
78acd00e-fc3c-40b3-a795-44718ff6b8fe,759c960f4882d210_70b94d29-6e56-4331-9fe8-0f1a512bac0b,0135,1285.591,1494.091
78acd00e-fc3c-40b3-a795-44718ff6b8fe,759c960f4882d210_70b94d29-6e56-4331-9fe8-0f1a512bac0b,0140,1288.873,1502.033
78acd00e-fc3c-40b3-a795-44718ff6b8fe,759c960f4882d210_70b94d29-6e56-4331-9fe8-0f1a512bac0b,0145,1284.992,1498.162
78acd00e-fc3c-40b3-a795-44718ff6b8fe,759c960f4882d210_70b94d29-6e56-4331-9fe8-0f1a512bac0b,0150,1285.536,1494.687
78acd00e-fc3c-40b3-a795-44718ff6b8fe,759c960f4882d210_70b94d29-6e56-4331-9fe8-0f1a512bac0b,0155,1285.686,1493.754
78acd00e-fc3c-40b3-a795-44718ff6b8fe,759c960f4882d210_70b94d29-6e56-4331-9fe8-0f1a512bac0b,0160,1285.412,1501.398
78acd00e-fc3c-40b3-a795-44718ff6b8fe,759c960f4882d210_70b94d29-6e56-4331-9fe8-0f1a512bac0b,0165,1285.281,1493.45
78acd00e-fc3c-40b3-a795-44718ff6b8fe,759c960f4882d210_70b94d29-6e56-4331-9fe8-0f1a512bac0b,0170,1285.569,1493.788
78acd00e-fc3c-40b3-a795-44718ff6b8fe,759c960f4882d210_70b94d29-6e56-4331-9fe8-0f1a512bac0b,0175,1289.659,1499.787
78acd00e-fc3c-40b3-a795-44718ff6b8fe,759c960f4882d210_70b94d29-6e56-4331-9fe8-0f1a512bac0b,0180,1290.208,1492.242
78acd00e-fc3c-40b3-a795-44718ff6b8fe,759c960f4882d210_70b94d29-6e56-4331-9fe8-0f1a512bac0b,0185,1291.006,1490.032
78acd00e-fc3c-40b3-a795-44718ff6b8fe,759c960f4882d210_70b94d29-6e56-4331-9fe8-0f1a512bac0b,0190,1289.857,1488.457
78acd00e-fc3c-40b3-a795-44718ff6b8fe,759c960f4882d210_70b94d29-6e56-4331-9fe8-0f1a512bac0b,0195,1285.642,1484.92
78acd00e-fc3c-40b3-a795-44718ff6b8fe,759c960f4882d210_70b94d29-6e56-4331-9fe8-0f1a512bac0b,0200,1285.786,1494.592
78acd00e-fc3c-40b3-a795-44718ff6b8fe,759c960f4882d210_70b94d29-6e56-4331-9fe8-0f1a512bac0b,0205,1286.211,1496.168
78acd00e-fc3c-40b3-a795-44718ff6b8fe,759c960f4882d210_70b94d29-6e56-4331-9fe8-0f1a512bac0b,0210,1286.382,1499.806
78acd00e-fc3c-40b3-a795-44718ff6b8fe,759c960f4882d210_70b94d29-6e56-4331-9fe8-0f1a512bac0b,0215,1289.041,1504.765
78acd00e-fc3c-40b3-a795-44718ff6b8fe,759c960f4882d210_70b94d29-6e56-4331-9fe8-0f1a512bac0b,0220,1285.277,1500.139
78acd00e-fc3c-40b3-a795-44718ff6b8fe,759c960f4882d210_70b94d29-6e56-4331-9fe8-0f1a512bac0b,0225,1285.225,1495.343
78acd00e-fc3c-40b3-a795-44718ff6b8fe,759c960f4882d210_70b94d29-6e56-4331-9fe8-0f1a512bac0b,0230,1285.325,1501.638
78acd00e-fc3c-40b3-a795-44718ff6b8fe,759c960f4882d210_70b94d29-6e56-4331-9fe8-0f1a512bac0b,0235,1285.565,1500.083
78acd00e-fc3c-40b3-a795-44718ff6b8fe,759c960f4882d210_70b94d29-6e56-4331-9fe8-0f1a512bac0b,0240,1285.346,1497.546
78acd00e-fc3c-40b3-a795-44718ff6b8fe,759c960f4882d210_70b94d29-6e56-4331-9fe8-0f1a512bac0b,0245,1285.376,1493.906
78acd00e-fc3c-40b3-a795-44718ff6b8fe,759c960f4882d210_70b94d29-6e56-4331-9fe8-0f1a512bac0b,0250,1285.169,1499.2
78acd00e-fc3c-40b3-a795-44718ff6b8fe,759c960f4882d210_70b94d29-6e56-4331-9fe8-0f1a512bac0b,0255,1285.457,1503.624
78acd00e-fc3c-40b3-a795-44718ff6b8fe,759c960f4882d210_70b94d29-6e56-4331-9fe8-0f1a512bac0b,0260,1285.95,1493.885
78acd00e-fc3c-40b3-a795-44718ff6b8fe,759c960f4882d210_70b94d29-6e56-4331-9fe8-0f1a512bac0b,0265,1285.178,1493.41
78acd00e-fc3c-40b3-a795-44718ff6b8fe,759c960f4882d210_70b94d29-6e56-4331-9fe8-0f1a512bac0b,0270,1290.115,1506.864
78acd00e-fc3c-40b3-a795-44718ff6b8fe,759c960f4882d210_70b94d29-6e56-4331-9fe8-0f1a512bac0b,0275,1285.422,1499.887
78acd00e-fc3c-40b3-a795-44718ff6b8fe,759c960f4882d210_70b94d29-6e56-4331-9fe8-0f1a512bac0b,0280,1289.618,1505.844
78acd00e-fc3c-40b3-a795-44718ff6b8fe,759c960f4882d210_70b94d29-6e56-4331-9fe8-0f1a512bac0b,0285,1289.92,1490.714
78acd00e-fc3c-40b3-a795-44718ff6b8fe,759c960f4882d210_70b94d29-6e56-4331-9fe8-0f1a512bac0b,0290,1285.536,1485.133
78acd00e-fc3c-40b3-a795-44718ff6b8fe,759c960f4882d210_70b94d29-6e56-4331-9fe8-0f1a512bac0b,0295,1285.474,1493.171
78acd00e-fc3c-40b3-a795-44718ff6b8fe,759c960f4882d210_70b94d29-6e56-4331-9fe8-0f1a512bac0b,0300,1285.292,1493.654
78acd00e-fc3c-40b3-a795-44718ff6b8fe,759c960f4882d210_70b94d29-6e56-4331-9fe8-0f1a512bac0b,0305,1285.987,1493.956
78acd00e-fc3c-40b3-a795-44718ff6b8fe,759c960f4882d210_70b94d29-6e56-4331-9fe8-0f1a512bac0b,0310,1285.351,1492.657
78acd00e-fc3c-40b3-a795-44718ff6b8fe,759c960f4882d210_70b94d29-6e56-4331-9fe8-0f1a512bac0b,0315,1285.828,1503.012
78acd00e-fc3c-40b3-a795-44718ff6b8fe,759c960f4882d210_70b94d29-6e56-4331-9fe8-0f1a512bac0b,0320,1284.973,1500.338
78acd00e-fc3c-40b3-a795-44718ff6b8fe,759c960f4882d210_70b94d29-6e56-4331-9fe8-0f1a512bac0b,0325,1285.275,1500.547
78acd00e-fc3c-40b3-a795-44718ff6b8fe,759c960f4882d210_70b94d29-6e56-4331-9fe8-0f1a512bac0b,0330,1285.285,1499.085
78acd00e-fc3c-40b3-a795-44718ff6b8fe,759c960f4882d210_70b94d29-6e56-4331-9fe8-0f1a512bac0b,0335,1285.653,1500.977
78acd00e-fc3c-40b3-a795-44718ff6b8fe,759c960f4882d210_70b94d29-6e56-4331-9fe8-0f1a512bac0b,0340,1288.555,1501.186
78acd00e-fc3c-40b3-a795-44718ff6b8fe,759c960f4882d210_70b94d29-6e56-4331-9fe8-0f1a512bac0b,0345,1285.708,1498.975
78acd00e-fc3c-40b3-a795-44718ff6b8fe,759c960f4882d210_70b94d29-6e56-4331-9fe8-0f1a512bac0b,0350,1290.724,1507.41
78acd00e-fc3c-40b3-a795-44718ff6b8fe,759c960f4882d210_70b94d29-6e56-4331-9fe8-0f1a512bac0b,0355,1290.219,1503.628
78acd00e-fc3c-40b3-a795-44718ff6b8fe,759c960f4882d210_70b94d29-6e56-4331-9fe8-0f1a512bac0b,0360,1287.681,1487.427
78acd00e-fc3c-40b3-a795-44718ff6b8fe,759c960f4882d210_70b94d29-6e56-4331-9fe8-0f1a512bac0b,0365,1285.22,1499.891
78acd00e-fc3c-40b3-a795-44718ff6b8fe,759c960f4882d210_70b94d29-6e56-4331-9fe8-0f1a512bac0b,0370,1285.278,1493.982
78acd00e-fc3c-40b3-a795-44718ff6b8fe,759c960f4882d210_70b94d29-6e56-4331-9fe8-0f1a512bac0b,0375,1285.55,1500.458
78acd00e-fc3c-40b3-a795-44718ff6b8fe,759c960f4882d210_70b94d29-6e56-4331-9fe8-0f1a512bac0b,0380,1286.132,1498.557
78acd00e-fc3c-40b3-a795-44718ff6b8fe,759c960f4882d210_70b94d29-6e56-4331-9fe8-0f1a512bac0b,0385,1285.461,1495.062
78acd00e-fc3c-40b3-a795-44718ff6b8fe,759c960f4882d210_70b94d29-6e56-4331-9fe8-0f1a512bac0b,0390,1286.145,1503.269
78acd00e-fc3c-40b3-a795-44718ff6b8fe,759c960f4882d210_70b94d29-6e56-4331-9fe8-0f1a512bac0b,0395,1285.414,1494.287
78acd00e-fc3c-40b3-a795-44718ff6b8fe,759c960f4882d210_70b94d29-6e56-4331-9fe8-0f1a512bac0b,0400,1285.651,1503.515
78acd00e-fc3c-40b3-a795-44718ff6b8fe,759c960f4882d210_70b94d29-6e56-4331-9fe8-0f1a512bac0b,0405,1285.556,1495.738
78acd00e-fc3c-40b3-a795-44718ff6b8fe,759c960f4882d210_70b94d29-6e56-4331-9fe8-0f1a512bac0b,0410,1290.211,1499.87
78acd00e-fc3c-40b3-a795-44718ff6b8fe,759c960f4882d210_70b94d29-6e56-4331-9fe8-0f1a512bac0b,0415,1285.449,1497.798
78acd00e-fc3c-40b3-a795-44718ff6b8fe,759c960f4882d210_70b94d29-6e56-4331-9fe8-0f1a512bac0b,0420,1286.227,1503.296
78acd00e-fc3c-40b3-a795-44718ff6b8fe,759c960f4882d210_70b94d29-6e56-4331-9fe8-0f1a512bac0b,0425,1285.744,1493.952
78acd00e-fc3c-40b3-a795-44718ff6b8fe,759c960f4882d210_70b94d29-6e56-4331-9fe8-0f1a512bac0b,0430,1285.523,1500.096
78acd00e-fc3c-40b3-a795-44718ff6b8fe,759c960f4882d210_70b94d29-6e56-4331-9fe8-0f1a512bac0b,0435,1285.543,1500.35
78acd00e-fc3c-40b3-a795-44718ff6b8fe,759c960f4882d210_70b94d29-6e56-4331-9fe8-0f1a512bac0b,0440,1285.8,1501.632
78acd00e-fc3c-40b3-a795-44718ff6b8fe,759c960f4882d210_70b94d29-6e56-4331-9fe8-0f1a512bac0b,0445,1285.908,1494.268
78acd00e-fc3c-40b3-a795-44718ff6b8fe,759c960f4882d210_70b94d29-6e56-4331-9fe8-0f1a512bac0b,0450,1290.486,1503.967
78acd00e-fc3c-40b3-a795-44718ff6b8fe,759c960f4882d210_70b94d29-6e56-4331-9fe8-0f1a512bac0b,0455,1285.434,1493.804
78acd00e-fc3c-40b3-a795-44718ff6b8fe,759c960f4882d210_70b94d29-6e56-4331-9fe8-0f1a512bac0b,0460,1285.188,1494.799
78acd00e-fc3c-40b3-a795-44718ff6b8fe,759c960f4882d210_70b94d29-6e56-4331-9fe8-0f1a512bac0b,0465,1285.572,1504.177
78acd00e-fc3c-40b3-a795-44718ff6b8fe,759c960f4882d210_70b94d29-6e56-4331-9fe8-0f1a512bac0b,0470,1285.361,1495.641
78acd00e-fc3c-40b3-a795-44718ff6b8fe,759c960f4882d210_70b94d29-6e56-4331-9fe8-0f1a512bac0b,0475,1284.984,1495.126
78acd00e-fc3c-40b3-a795-44718ff6b8fe,759c960f4882d210_70b94d29-6e56-4331-9fe8-0f1a512bac0b,0480,1285.779,1504.037
78acd00e-fc3c-40b3-a795-44718ff6b8fe,759c960f4882d210_70b94d29-6e56-4331-9fe8-0f1a512bac0b,0485,1290.062,1507.601
78acd00e-fc3c-40b3-a795-44718ff6b8fe,759c960f4882d210_70b94d29-6e56-4331-9fe8-0f1a512bac0b,0490,1285.364,1498.171
78acd00e-fc3c-40b3-a795-44718ff6b8fe,759c960f4882d210_70b94d29-6e56-4331-9fe8-0f1a512bac0b,0495,1285.589,1495.973
78acd00e-fc3c-40b3-a795-44718ff6b8fe,759c960f4882d210_70b94d29-6e56-4331-9fe8-0f1a512bac0b,0500,1285.287,1501.885
78acd00e-fc3c-40b3-a795-44718ff6b8fe,759c960f4882d210_70b94d29-6e56-4331-9fe8-0f1a512bac0b,0505,1286.183,1494.746
78acd00e-fc3c-40b3-a795-44718ff6b8fe,759c960f4882d210_70b94d29-6e56-4331-9fe8-0f1a512bac0b,0510,1285.333,1497.874
78acd00e-fc3c-40b3-a795-44718ff6b8fe,759c960f4882d210_70b94d29-6e56-4331-9fe8-0f1a512bac0b,0515,1285.072,1492.508
78acd00e-fc3c-40b3-a795-44718ff6b8fe,759c960f4882d210_70b94d29-6e56-4331-9fe8-0f1a512bac0b,0520,1285.267,1502.118
78acd00e-fc3c-40b3-a795-44718ff6b8fe,759c960f4882d210_70b94d29-6e56-4331-9fe8-0f1a512bac0b,0525,1284.859,1493.145
78acd00e-fc3c-40b3-a795-44718ff6b8fe,759c960f4882d210_70b94d29-6e56-4331-9fe8-0f1a512bac0b,0530,1285.546,1498.327
78acd00e-fc3c-40b3-a795-44718ff6b8fe,759c960f4882d210_70b94d29-6e56-4331-9fe8-0f1a512bac0b,0535,1285.19,1500.367
78acd00e-fc3c-40b3-a795-44718ff6b8fe,759c960f4882d210_70b94d29-6e56-4331-9fe8-0f1a512bac0b,0540,1285.61,1501.466
78acd00e-fc3c-40b3-a795-44718ff6b8fe,759c960f4882d210_70b94d29-6e56-4331-9fe8-0f1a512bac0b,0545,1285.227,1493.923
78acd00e-fc3c-40b3-a795-44718ff6b8fe,759c960f4882d210_70b94d29-6e56-4331-9fe8-0f1a512bac0b,0550,1289.687,1501.014
78acd00e-fc3c-40b3-a795-44718ff6b8fe,759c960f4882d210_70b94d29-6e56-4331-9fe8-0f1a512bac0b,0555,1285.457,1484.458
78acd00e-fc3c-40b3-a795-44718ff6b8fe,759c960f4882d210_70b94d29-6e56-4331-9fe8-0f1a512bac0b,0560,1286.2,1495.766
78acd00e-fc3c-40b3-a795-44718ff6b8fe,759c960f4882d210_70b94d29-6e56-4331-9fe8-0f1a512bac0b,0565,1285.485,1493.598
78acd00e-fc3c-40b3-a795-44718ff6b8fe,759c960f4882d210_70b94d29-6e56-4331-9fe8-0f1a512bac0b,0570,1289.889,1505.56
78acd00e-fc3c-40b3-a795-44718ff6b8fe,759c960f4882d210_70b94d29-6e56-4331-9fe8-0f1a512bac0b,0575,1285.765,1493.793
78acd00e-fc3c-40b3-a795-44718ff6b8fe,759c960f4882d210_70b94d29-6e56-4331-9fe8-0f1a512bac0b,0580,1285.562,1494.929
78acd00e-fc3c-40b3-a795-44718ff6b8fe,759c960f4882d210_70b94d29-6e56-4331-9fe8-0f1a512bac0b,0585,1290.146,1507.346
78acd00e-fc3c-40b3-a795-44718ff6b8fe,759c960f4882d210_70b94d29-6e56-4331-9fe8-0f1a512bac0b,0590,1286.215,1483.427
78acd00e-fc3c-40b3-a795-44718ff6b8fe,759c960f4882d210_70b94d29-6e56-4331-9fe8-0f1a512bac0b,0595,1286.537,1495.071
78acd00e-fc3c-40b3-a795-44718ff6b8fe,759c960f4882d210_70b94d29-6e56-4331-9fe8-0f1a512bac0b,0600,1285.726,1493.341
78acd00e-fc3c-40b3-a795-44718ff6b8fe,759c960f4882d210_70b94d29-6e56-4331-9fe8-0f1a512bac0b,0605,1285.663,1495.161
78acd00e-fc3c-40b3-a795-44718ff6b8fe,759c960f4882d210_70b94d29-6e56-4331-9fe8-0f1a512bac0b,0610,1285.26,1484.23
78acd00e-fc3c-40b3-a795-44718ff6b8fe,759c960f4882d210_70b94d29-6e56-4331-9fe8-0f1a512bac0b,0615,1291.634,1508.355
78acd00e-fc3c-40b3-a795-44718ff6b8fe,759c960f4882d210_70b94d29-6e56-4331-9fe8-0f1a512bac0b,0620,1288.656,1499.199
78acd00e-fc3c-40b3-a795-44718ff6b8fe,759c960f4882d210_70b94d29-6e56-4331-9fe8-0f1a512bac0b,0625,1286.325,1500.545
78acd00e-fc3c-40b3-a795-44718ff6b8fe,759c960f4882d210_70b94d29-6e56-4331-9fe8-0f1a512bac0b,0630,1285.396,1499.428
78acd00e-fc3c-40b3-a795-44718ff6b8fe,759c960f4882d210_70b94d29-6e56-4331-9fe8-0f1a512bac0b,0635,1286.302,1500.871
78acd00e-fc3c-40b3-a795-44718ff6b8fe,759c960f4882d210_70b94d29-6e56-4331-9fe8-0f1a512bac0b,0640,1285.896,1493.588
78acd00e-fc3c-40b3-a795-44718ff6b8fe,759c960f4882d210_70b94d29-6e56-4331-9fe8-0f1a512bac0b,0645,1286.185,1500.548
78acd00e-fc3c-40b3-a795-44718ff6b8fe,759c960f4882d210_70b94d29-6e56-4331-9fe8-0f1a512bac0b,0650,1285.52,1492.445
78acd00e-fc3c-40b3-a795-44718ff6b8fe,759c960f4882d210_70b94d29-6e56-4331-9fe8-0f1a512bac0b,0655,1285.727,1499.811
78acd00e-fc3c-40b3-a795-44718ff6b8fe,759c960f4882d210_70b94d29-6e56-4331-9fe8-0f1a512bac0b,0660,1286.313,1495.409
78acd00e-fc3c-40b3-a795-44718ff6b8fe,759c960f4882d210_70b94d29-6e56-4331-9fe8-0f1a512bac0b,0665,1285.436,1493.522
78acd00e-fc3c-40b3-a795-44718ff6b8fe,759c960f4882d210_70b94d29-6e56-4331-9fe8-0f1a512bac0b,0670,1287.228,1498.414
78acd00e-fc3c-40b3-a795-44718ff6b8fe,759c960f4882d210_70b94d29-6e56-4331-9fe8-0f1a512bac0b,0675,1286.168,1499.804
78acd00e-fc3c-40b3-a795-44718ff6b8fe,759c960f4882d210_70b94d29-6e56-4331-9fe8-0f1a512bac0b,0680,1285.925,1496.362
78acd00e-fc3c-40b3-a795-44718ff6b8fe,759c960f4882d210_70b94d29-6e56-4331-9fe8-0f1a512bac0b,0685,1290.111,1506.104
78acd00e-fc3c-40b3-a795-44718ff6b8fe,759c960f4882d210_70b94d29-6e56-4331-9fe8-0f1a512bac0b,0690,1286.02,1498.968
78acd00e-fc3c-40b3-a795-44718ff6b8fe,759c960f4882d210_70b94d29-6e56-4331-9fe8-0f1a512bac0b,0695,1285.75,1498.464
78acd00e-fc3c-40b3-a795-44718ff6b8fe,759c960f4882d210_70b94d29-6e56-4331-9fe8-0f1a512bac0b,0700,1285.316,1496.997
78acd00e-fc3c-40b3-a795-44718ff6b8fe,759c960f4882d210_70b94d29-6e56-4331-9fe8-0f1a512bac0b,0705,1286.279,1493.847
78acd00e-fc3c-40b3-a795-44718ff6b8fe,759c960f4882d210_70b94d29-6e56-4331-9fe8-0f1a512bac0b,0710,1285.704,1496.405
78acd00e-fc3c-40b3-a795-44718ff6b8fe,759c960f4882d210_70b94d29-6e56-4331-9fe8-0f1a512bac0b,0715,1285.606,1501.256
78acd00e-fc3c-40b3-a795-44718ff6b8fe,759c960f4882d210_70b94d29-6e56-4331-9fe8-0f1a512bac0b,0720,1285.644,1500.149
78acd00e-fc3c-40b3-a795-44718ff6b8fe,759c960f4882d210_70b94d29-6e56-4331-9fe8-0f1a512bac0b,0725,1285.988,1499.35
78acd00e-fc3c-40b3-a795-44718ff6b8fe,759c960f4882d210_70b94d29-6e56-4331-9fe8-0f1a512bac0b,0730,1285.763,1495.427
78acd00e-fc3c-40b3-a795-44718ff6b8fe,759c960f4882d210_70b94d29-6e56-4331-9fe8-0f1a512bac0b,0735,1285.676,1501.855
78acd00e-fc3c-40b3-a795-44718ff6b8fe,759c960f4882d210_70b94d29-6e56-4331-9fe8-0f1a512bac0b,0740,1286.054,1498.779
78acd00e-fc3c-40b3-a795-44718ff6b8fe,759c960f4882d210_70b94d29-6e56-4331-9fe8-0f1a512bac0b,0745,1285.717,1493.481
78acd00e-fc3c-40b3-a795-44718ff6b8fe,759c960f4882d210_70b94d29-6e56-4331-9fe8-0f1a512bac0b,0750,1286.029,1502.924
78acd00e-fc3c-40b3-a795-44718ff6b8fe,759c960f4882d210_70b94d29-6e56-4331-9fe8-0f1a512bac0b,0755,1290.101,1507.371
78acd00e-fc3c-40b3-a795-44718ff6b8fe,759c960f4882d210_70b94d29-6e56-4331-9fe8-0f1a512bac0b,0760,1286.094,1494.479
78acd00e-fc3c-40b3-a795-44718ff6b8fe,759c960f4882d210_70b94d29-6e56-4331-9fe8-0f1a512bac0b,0765,1286.484,1494.148
78acd00e-fc3c-40b3-a795-44718ff6b8fe,759c960f4882d210_70b94d29-6e56-4331-9fe8-0f1a512bac0b,0770,1286.721,1496.554
78acd00e-fc3c-40b3-a795-44718ff6b8fe,759c960f4882d210_70b94d29-6e56-4331-9fe8-0f1a512bac0b,0775,1285.89,1501.815
78acd00e-fc3c-40b3-a795-44718ff6b8fe,759c960f4882d210_70b94d29-6e56-4331-9fe8-0f1a512bac0b,0780,1286.31,1497.308
78acd00e-fc3c-40b3-a795-44718ff6b8fe,759c960f4882d210_70b94d29-6e56-4331-9fe8-0f1a512bac0b,0785,1285.954,1494.083
78acd00e-fc3c-40b3-a795-44718ff6b8fe,759c960f4882d210_70b94d29-6e56-4331-9fe8-0f1a512bac0b,0790,1286.493,1495.981
78acd00e-fc3c-40b3-a795-44718ff6b8fe,759c960f4882d210_70b94d29-6e56-4331-9fe8-0f1a512bac0b,0795,1290.967,1505.913
78acd00e-fc3c-40b3-a795-44718ff6b8fe,759c960f4882d210_70b94d29-6e56-4331-9fe8-0f1a512bac0b,0800,1285.336,1494.532
78acd00e-fc3c-40b3-a795-44718ff6b8fe,759c960f4882d210_70b94d29-6e56-4331-9fe8-0f1a512bac0b,0805,1285.487,1498.576
78acd00e-fc3c-40b3-a795-44718ff6b8fe,759c960f4882d210_70b94d29-6e56-4331-9fe8-0f1a512bac0b,0810,1285.786,1499.874
78acd00e-fc3c-40b3-a795-44718ff6b8fe,759c960f4882d210_70b94d29-6e56-4331-9fe8-0f1a512bac0b,0815,1285.672,1489.25
78acd00e-fc3c-40b3-a795-44718ff6b8fe,759c960f4882d210_70b94d29-6e56-4331-9fe8-0f1a512bac0b,0820,1285.959,1495.968
78acd00e-fc3c-40b3-a795-44718ff6b8fe,759c960f4882d210_70b94d29-6e56-4331-9fe8-0f1a512bac0b,0825,1286.184,1496.727
78acd00e-fc3c-40b3-a795-44718ff6b8fe,759c960f4882d210_70b94d29-6e56-4331-9fe8-0f1a512bac0b,0830,1288.8,1502.591
78acd00e-fc3c-40b3-a795-44718ff6b8fe,759c960f4882d210_70b94d29-6e56-4331-9fe8-0f1a512bac0b,0835,1285.812,1496.603
78acd00e-fc3c-40b3-a795-44718ff6b8fe,759c960f4882d210_70b94d29-6e56-4331-9fe8-0f1a512bac0b,0840,1286.023,1484.942
78acd00e-fc3c-40b3-a795-44718ff6b8fe,759c960f4882d210_70b94d29-6e56-4331-9fe8-0f1a512bac0b,0845,1290.556,1507.189
78acd00e-fc3c-40b3-a795-44718ff6b8fe,759c960f4882d210_70b94d29-6e56-4331-9fe8-0f1a512bac0b,0850,1290.734,1490.139
78acd00e-fc3c-40b3-a795-44718ff6b8fe,759c960f4882d210_70b94d29-6e56-4331-9fe8-0f1a512bac0b,0855,1290.418,1489.236
78acd00e-fc3c-40b3-a795-44718ff6b8fe,759c960f4882d210_70b94d29-6e56-4331-9fe8-0f1a512bac0b,0860,1289.893,1489.345
78acd00e-fc3c-40b3-a795-44718ff6b8fe,759c960f4882d210_70b94d29-6e56-4331-9fe8-0f1a512bac0b,0865,1290.077,1489.218
78acd00e-fc3c-40b3-a795-44718ff6b8fe,759c960f4882d210_70b94d29-6e56-4331-9fe8-0f1a512bac0b,0870,1290.34,1489.986
78acd00e-fc3c-40b3-a795-44718ff6b8fe,759c960f4882d210_70b94d29-6e56-4331-9fe8-0f1a512bac0b,0875,1290.096,1488.392
78acd00e-fc3c-40b3-a795-44718ff6b8fe,759c960f4882d210_70b94d29-6e56-4331-9fe8-0f1a512bac0b,0880,1290.006,1488.639
78acd00e-fc3c-40b3-a795-44718ff6b8fe,759c960f4882d210_70b94d29-6e56-4331-9fe8-0f1a512bac0b,0885,1290.224,1489.088
78acd00e-fc3c-40b3-a795-44718ff6b8fe,759c960f4882d210_70b94d29-6e56-4331-9fe8-0f1a512bac0b,0890,1290.491,1489.975
78acd00e-fc3c-40b3-a795-44718ff6b8fe,759c960f4882d210_70b94d29-6e56-4331-9fe8-0f1a512bac0b,0895,1289.583,1489.148
78acd00e-fc3c-40b3-a795-44718ff6b8fe,759c960f4882d210_70b94d29-6e56-4331-9fe8-0f1a512bac0b,0900,1290.789,1492.34
78acd00e-fc3c-40b3-a795-44718ff6b8fe,759c960f4882d210_70b94d29-6e56-4331-9fe8-0f1a512bac0b,0905,1286.094,1485.42
78acd00e-fc3c-40b3-a795-44718ff6b8fe,759c960f4882d210_70b94d29-6e56-4331-9fe8-0f1a512bac0b,0910,1285.665,1501.134
78acd00e-fc3c-40b3-a795-44718ff6b8fe,759c960f4882d210_70b94d29-6e56-4331-9fe8-0f1a512bac0b,0915,1285.749,1498.017
78acd00e-fc3c-40b3-a795-44718ff6b8fe,759c960f4882d210_70b94d29-6e56-4331-9fe8-0f1a512bac0b,0920,1290.208,1504.062
78acd00e-fc3c-40b3-a795-44718ff6b8fe,759c960f4882d210_70b94d29-6e56-4331-9fe8-0f1a512bac0b,0925,1285.918,1497.697
78acd00e-fc3c-40b3-a795-44718ff6b8fe,759c960f4882d210_70b94d29-6e56-4331-9fe8-0f1a512bac0b,0930,1285.675,1495.129
78acd00e-fc3c-40b3-a795-44718ff6b8fe,759c960f4882d210_70b94d29-6e56-4331-9fe8-0f1a512bac0b,0935,1286.26,1496.534
78acd00e-fc3c-40b3-a795-44718ff6b8fe,759c960f4882d210_70b94d29-6e56-4331-9fe8-0f1a512bac0b,0940,1285.777,1494.755
78acd00e-fc3c-40b3-a795-44718ff6b8fe,759c960f4882d210_70b94d29-6e56-4331-9fe8-0f1a512bac0b,0945,1285.895,1499.8
78acd00e-fc3c-40b3-a795-44718ff6b8fe,759c960f4882d210_70b94d29-6e56-4331-9fe8-0f1a512bac0b,0950,1285.648,1498.294
78acd00e-fc3c-40b3-a795-44718ff6b8fe,759c960f4882d210_70b94d29-6e56-4331-9fe8-0f1a512bac0b,0955,1285.303,1493.977
78acd00e-fc3c-40b3-a795-44718ff6b8fe,759c960f4882d210_70b94d29-6e56-4331-9fe8-0f1a512bac0b,0960,1285.698,1500.293
78acd00e-fc3c-40b3-a795-44718ff6b8fe,759c960f4882d210_70b94d29-6e56-4331-9fe8-0f1a512bac0b,0965,1287.8,1504.409
78acd00e-fc3c-40b3-a795-44718ff6b8fe,759c960f4882d210_70b94d29-6e56-4331-9fe8-0f1a512bac0b,0970,1285.313,1498.063
78acd00e-fc3c-40b3-a795-44718ff6b8fe,759c960f4882d210_70b94d29-6e56-4331-9fe8-0f1a512bac0b,0975,1285.511,1492.467
78acd00e-fc3c-40b3-a795-44718ff6b8fe,759c960f4882d210_70b94d29-6e56-4331-9fe8-0f1a512bac0b,0980,1285.694,1494.634
78acd00e-fc3c-40b3-a795-44718ff6b8fe,759c960f4882d210_70b94d29-6e56-4331-9fe8-0f1a512bac0b,0985,1285.282,1498.456
78acd00e-fc3c-40b3-a795-44718ff6b8fe,759c960f4882d210_70b94d29-6e56-4331-9fe8-0f1a512bac0b,0990,1285.275,1501.13
78acd00e-fc3c-40b3-a795-44718ff6b8fe,759c960f4882d210_70b94d29-6e56-4331-9fe8-0f1a512bac0b,0995,1285.889,1503.277
78acd00e-fc3c-40b3-a795-44718ff6b8fe,759c960f4882d210_70b94d29-6e56-4331-9fe8-0f1a512bac0b,1000,1285.785,1501.83
78acd00e-fc3c-40b3-a795-44718ff6b8fe,759c960f4882d210_70b94d29-6e56-4331-9fe8-0f1a512bac0b,1005,1285.633,1500.87
78acd00e-fc3c-40b3-a795-44718ff6b8fe,759c960f4882d210_70b94d29-6e56-4331-9fe8-0f1a512bac0b,1010,1285.683,1494.746
78acd00e-fc3c-40b3-a795-44718ff6b8fe,759c960f4882d210_70b94d29-6e56-4331-9fe8-0f1a512bac0b,1015,1285.329,1504.295
78acd00e-fc3c-40b3-a795-44718ff6b8fe,759c960f4882d210_70b94d29-6e56-4331-9fe8-0f1a512bac0b,1020,1285.134,1499.321
78acd00e-fc3c-40b3-a795-44718ff6b8fe,759c960f4882d210_70b94d29-6e56-4331-9fe8-0f1a512bac0b,1025,1285.331,1495.404
78acd00e-fc3c-40b3-a795-44718ff6b8fe,759c960f4882d210_70b94d29-6e56-4331-9fe8-0f1a512bac0b,1030,1285.396,1495.52
78acd00e-fc3c-40b3-a795-44718ff6b8fe,759c960f4882d210_70b94d29-6e56-4331-9fe8-0f1a512bac0b,1035,1285.877,1495.705
78acd00e-fc3c-40b3-a795-44718ff6b8fe,759c960f4882d210_70b94d29-6e56-4331-9fe8-0f1a512bac0b,1040,1289.607,1491.728
78acd00e-fc3c-40b3-a795-44718ff6b8fe,759c960f4882d210_70b94d29-6e56-4331-9fe8-0f1a512bac0b,1045,1290.08,1491.377
78acd00e-fc3c-40b3-a795-44718ff6b8fe,759c960f4882d210_70b94d29-6e56-4331-9fe8-0f1a512bac0b,1050,1288.37,1486.75
78acd00e-fc3c-40b3-a795-44718ff6b8fe,759c960f4882d210_70b94d29-6e56-4331-9fe8-0f1a512bac0b,1055,1285.664,1502.939
78acd00e-fc3c-40b3-a795-44718ff6b8fe,759c960f4882d210_70b94d29-6e56-4331-9fe8-0f1a512bac0b,1060,1285.408,1498.893
78acd00e-fc3c-40b3-a795-44718ff6b8fe,759c960f4882d210_70b94d29-6e56-4331-9fe8-0f1a512bac0b,1065,1285.625,1495.274
78acd00e-fc3c-40b3-a795-44718ff6b8fe,759c960f4882d210_70b94d29-6e56-4331-9fe8-0f1a512bac0b,1070,1288.479,1505.925
78acd00e-fc3c-40b3-a795-44718ff6b8fe,759c960f4882d210_70b94d29-6e56-4331-9fe8-0f1a512bac0b,1075,1285.388,1501.328
78acd00e-fc3c-40b3-a795-44718ff6b8fe,759c960f4882d210_70b94d29-6e56-4331-9fe8-0f1a512bac0b,1080,1286.046,1496.007
78acd00e-fc3c-40b3-a795-44718ff6b8fe,759c960f4882d210_70b94d29-6e56-4331-9fe8-0f1a512bac0b,1085,1285.616,1502.872
78acd00e-fc3c-40b3-a795-44718ff6b8fe,759c960f4882d210_70b94d29-6e56-4331-9fe8-0f1a512bac0b,1090,1285.714,1495.901
78acd00e-fc3c-40b3-a795-44718ff6b8fe,759c960f4882d210_70b94d29-6e56-4331-9fe8-0f1a512bac0b,1095,1285.961,1494.738
78acd00e-fc3c-40b3-a795-44718ff6b8fe,759c960f4882d210_70b94d29-6e56-4331-9fe8-0f1a512bac0b,1100,1285.512,1500.254
78acd00e-fc3c-40b3-a795-44718ff6b8fe,759c960f4882d210_70b94d29-6e56-4331-9fe8-0f1a512bac0b,1105,1285.363,1493.116
78acd00e-fc3c-40b3-a795-44718ff6b8fe,759c960f4882d210_70b94d29-6e56-4331-9fe8-0f1a512bac0b,1110,1285.675,1493.761
78acd00e-fc3c-40b3-a795-44718ff6b8fe,759c960f4882d210_70b94d29-6e56-4331-9fe8-0f1a512bac0b,1115,1286.018,1493.642
78acd00e-fc3c-40b3-a795-44718ff6b8fe,759c960f4882d210_70b94d29-6e56-4331-9fe8-0f1a512bac0b,1120,1285.159,1494.334
78acd00e-fc3c-40b3-a795-44718ff6b8fe,759c960f4882d210_70b94d29-6e56-4331-9fe8-0f1a512bac0b,1125,1285.361,1499.337
78acd00e-fc3c-40b3-a795-44718ff6b8fe,759c960f4882d210_70b94d29-6e56-4331-9fe8-0f1a512bac0b,1130,1285.814,1499.565
78acd00e-fc3c-40b3-a795-44718ff6b8fe,759c960f4882d210_70b94d29-6e56-4331-9fe8-0f1a512bac0b,1135,1285.461,1502.073
78acd00e-fc3c-40b3-a795-44718ff6b8fe,759c960f4882d210_70b94d29-6e56-4331-9fe8-0f1a512bac0b,1140,1285.828,1498.894
78acd00e-fc3c-40b3-a795-44718ff6b8fe,759c960f4882d210_70b94d29-6e56-4331-9fe8-0f1a512bac0b,1145,1286.384,1501.249
78acd00e-fc3c-40b3-a795-44718ff6b8fe,759c960f4882d210_70b94d29-6e56-4331-9fe8-0f1a512bac0b,1150,1290.127,1490.365
78acd00e-fc3c-40b3-a795-44718ff6b8fe,759c960f4882d210_70b94d29-6e56-4331-9fe8-0f1a512bac0b,1155,1290.352,1490.806
78acd00e-fc3c-40b3-a795-44718ff6b8fe,759c960f4882d210_70b94d29-6e56-4331-9fe8-0f1a512bac0b,1160,1287.479,1486.6
78acd00e-fc3c-40b3-a795-44718ff6b8fe,759c960f4882d210_70b94d29-6e56-4331-9fe8-0f1a512bac0b,1165,1285.413,1494.746
78acd00e-fc3c-40b3-a795-44718ff6b8fe,759c960f4882d210_70b94d29-6e56-4331-9fe8-0f1a512bac0b,1170,1285.165,1493.504
78acd00e-fc3c-40b3-a795-44718ff6b8fe,759c960f4882d210_70b94d29-6e56-4331-9fe8-0f1a512bac0b,1175,1285.796,1496.278
78acd00e-fc3c-40b3-a795-44718ff6b8fe,759c960f4882d210_70b94d29-6e56-4331-9fe8-0f1a512bac0b,1180,1285.348,1497.537
4c889612-05ba-45f7-b1b8-4e35f1ec5d1a,f2ad364cf5776bf7_d31068d4-91ea-4ca3-9d03-332d58aab367,0005,1285.641,1509.708
4c889612-05ba-45f7-b1b8-4e35f1ec5d1a,f2ad364cf5776bf7_d31068d4-91ea-4ca3-9d03-332d58aab367,0010,1285.563,1503.319
4c889612-05ba-45f7-b1b8-4e35f1ec5d1a,f2ad364cf5776bf7_d31068d4-91ea-4ca3-9d03-332d58aab367,0015,1287.623,1497.334
4c889612-05ba-45f7-b1b8-4e35f1ec5d1a,f2ad364cf5776bf7_d31068d4-91ea-4ca3-9d03-332d58aab367,0020,1285.445,1502.943
4c889612-05ba-45f7-b1b8-4e35f1ec5d1a,f2ad364cf5776bf7_d31068d4-91ea-4ca3-9d03-332d58aab367,0025,1285.159,1493.792
4c889612-05ba-45f7-b1b8-4e35f1ec5d1a,f2ad364cf5776bf7_d31068d4-91ea-4ca3-9d03-332d58aab367,0030,1286.012,1502.023
4c889612-05ba-45f7-b1b8-4e35f1ec5d1a,f2ad364cf5776bf7_d31068d4-91ea-4ca3-9d03-332d58aab367,0035,1284.973,1495.368
4c889612-05ba-45f7-b1b8-4e35f1ec5d1a,f2ad364cf5776bf7_d31068d4-91ea-4ca3-9d03-332d58aab367,0040,1285.04,1500.863
4c889612-05ba-45f7-b1b8-4e35f1ec5d1a,f2ad364cf5776bf7_d31068d4-91ea-4ca3-9d03-332d58aab367,0045,1285.135,1492.534
4c889612-05ba-45f7-b1b8-4e35f1ec5d1a,f2ad364cf5776bf7_d31068d4-91ea-4ca3-9d03-332d58aab367,0050,1285.46,1493.444
4c889612-05ba-45f7-b1b8-4e35f1ec5d1a,f2ad364cf5776bf7_d31068d4-91ea-4ca3-9d03-332d58aab367,0055,1289.612,1503.929
4c889612-05ba-45f7-b1b8-4e35f1ec5d1a,f2ad364cf5776bf7_d31068d4-91ea-4ca3-9d03-332d58aab367,0060,1288.56,1499.349
4c889612-05ba-45f7-b1b8-4e35f1ec5d1a,f2ad364cf5776bf7_d31068d4-91ea-4ca3-9d03-332d58aab367,0065,1285.106,1491.69
4c889612-05ba-45f7-b1b8-4e35f1ec5d1a,f2ad364cf5776bf7_d31068d4-91ea-4ca3-9d03-332d58aab367,0070,1285.454,1499.594
4c889612-05ba-45f7-b1b8-4e35f1ec5d1a,f2ad364cf5776bf7_d31068d4-91ea-4ca3-9d03-332d58aab367,0075,1285.457,1492.922
4c889612-05ba-45f7-b1b8-4e35f1ec5d1a,f2ad364cf5776bf7_d31068d4-91ea-4ca3-9d03-332d58aab367,0080,1285.675,1501.651
4c889612-05ba-45f7-b1b8-4e35f1ec5d1a,f2ad364cf5776bf7_d31068d4-91ea-4ca3-9d03-332d58aab367,0085,1284.867,1499.234
4c889612-05ba-45f7-b1b8-4e35f1ec5d1a,f2ad364cf5776bf7_d31068d4-91ea-4ca3-9d03-332d58aab367,0090,1285.655,1494.386
4c889612-05ba-45f7-b1b8-4e35f1ec5d1a,f2ad364cf5776bf7_d31068d4-91ea-4ca3-9d03-332d58aab367,0095,1284.939,1492.557
4c889612-05ba-45f7-b1b8-4e35f1ec5d1a,f2ad364cf5776bf7_d31068d4-91ea-4ca3-9d03-332d58aab367,0100,1285.778,1499.99
4c889612-05ba-45f7-b1b8-4e35f1ec5d1a,f2ad364cf5776bf7_d31068d4-91ea-4ca3-9d03-332d58aab367,0105,1285.69,1500.766
4c889612-05ba-45f7-b1b8-4e35f1ec5d1a,f2ad364cf5776bf7_d31068d4-91ea-4ca3-9d03-332d58aab367,0110,1285.67,1493.674
4c889612-05ba-45f7-b1b8-4e35f1ec5d1a,f2ad364cf5776bf7_d31068d4-91ea-4ca3-9d03-332d58aab367,0115,1286.002,1495.429
4c889612-05ba-45f7-b1b8-4e35f1ec5d1a,f2ad364cf5776bf7_d31068d4-91ea-4ca3-9d03-332d58aab367,0120,1285.685,1493.614
4c889612-05ba-45f7-b1b8-4e35f1ec5d1a,f2ad364cf5776bf7_d31068d4-91ea-4ca3-9d03-332d58aab367,0125,1286.255,1501.174
4c889612-05ba-45f7-b1b8-4e35f1ec5d1a,f2ad364cf5776bf7_d31068d4-91ea-4ca3-9d03-332d58aab367,0130,1286.117,1494.518
4c889612-05ba-45f7-b1b8-4e35f1ec5d1a,f2ad364cf5776bf7_d31068d4-91ea-4ca3-9d03-332d58aab367,0135,1285.697,1492.164
4c889612-05ba-45f7-b1b8-4e35f1ec5d1a,f2ad364cf5776bf7_d31068d4-91ea-4ca3-9d03-332d58aab367,0140,1290.993,1498.182
4c889612-05ba-45f7-b1b8-4e35f1ec5d1a,f2ad364cf5776bf7_d31068d4-91ea-4ca3-9d03-332d58aab367,0145,1291.64,1485.691
4c889612-05ba-45f7-b1b8-4e35f1ec5d1a,f2ad364cf5776bf7_d31068d4-91ea-4ca3-9d03-332d58aab367,0150,1286.045,1481.014
4c889612-05ba-45f7-b1b8-4e35f1ec5d1a,f2ad364cf5776bf7_d31068d4-91ea-4ca3-9d03-332d58aab367,0155,1286.849,1491.172
4c889612-05ba-45f7-b1b8-4e35f1ec5d1a,f2ad364cf5776bf7_d31068d4-91ea-4ca3-9d03-332d58aab367,0160,1286.87,1491.227
4c889612-05ba-45f7-b1b8-4e35f1ec5d1a,f2ad364cf5776bf7_d31068d4-91ea-4ca3-9d03-332d58aab367,0165,1286.553,1490.716
4c889612-05ba-45f7-b1b8-4e35f1ec5d1a,f2ad364cf5776bf7_d31068d4-91ea-4ca3-9d03-332d58aab367,0170,1290.09,1506.424
4c889612-05ba-45f7-b1b8-4e35f1ec5d1a,f2ad364cf5776bf7_d31068d4-91ea-4ca3-9d03-332d58aab367,0175,1285.978,1502.537
4c889612-05ba-45f7-b1b8-4e35f1ec5d1a,f2ad364cf5776bf7_d31068d4-91ea-4ca3-9d03-332d58aab367,0180,1285.092,1497.765
4c889612-05ba-45f7-b1b8-4e35f1ec5d1a,f2ad364cf5776bf7_d31068d4-91ea-4ca3-9d03-332d58aab367,0185,1289.915,1505.294
4c889612-05ba-45f7-b1b8-4e35f1ec5d1a,f2ad364cf5776bf7_d31068d4-91ea-4ca3-9d03-332d58aab367,0190,1285.945,1491.316
4c889612-05ba-45f7-b1b8-4e35f1ec5d1a,f2ad364cf5776bf7_d31068d4-91ea-4ca3-9d03-332d58aab367,0195,1285.752,1493.994
4c889612-05ba-45f7-b1b8-4e35f1ec5d1a,f2ad364cf5776bf7_d31068d4-91ea-4ca3-9d03-332d58aab367,0200,1285.94,1499.114
4c889612-05ba-45f7-b1b8-4e35f1ec5d1a,f2ad364cf5776bf7_d31068d4-91ea-4ca3-9d03-332d58aab367,0205,1285.563,1501.652
4c889612-05ba-45f7-b1b8-4e35f1ec5d1a,f2ad364cf5776bf7_d31068d4-91ea-4ca3-9d03-332d58aab367,0210,1285.341,1500.205
4c889612-05ba-45f7-b1b8-4e35f1ec5d1a,f2ad364cf5776bf7_d31068d4-91ea-4ca3-9d03-332d58aab367,0215,1289.838,1503.766
4c889612-05ba-45f7-b1b8-4e35f1ec5d1a,f2ad364cf5776bf7_d31068d4-91ea-4ca3-9d03-332d58aab367,0220,1289.988,1490.626
4c889612-05ba-45f7-b1b8-4e35f1ec5d1a,f2ad364cf5776bf7_d31068d4-91ea-4ca3-9d03-332d58aab367,0225,1290.798,1491.007
4c889612-05ba-45f7-b1b8-4e35f1ec5d1a,f2ad364cf5776bf7_d31068d4-91ea-4ca3-9d03-332d58aab367,0230,1289.868,1490.621
4c889612-05ba-45f7-b1b8-4e35f1ec5d1a,f2ad364cf5776bf7_d31068d4-91ea-4ca3-9d03-332d58aab367,0235,1290.138,1491.56
4c889612-05ba-45f7-b1b8-4e35f1ec5d1a,f2ad364cf5776bf7_d31068d4-91ea-4ca3-9d03-332d58aab367,0240,1290.642,1491.039
4c889612-05ba-45f7-b1b8-4e35f1ec5d1a,f2ad364cf5776bf7_d31068d4-91ea-4ca3-9d03-332d58aab367,0245,1290.246,1490.87
4c889612-05ba-45f7-b1b8-4e35f1ec5d1a,f2ad364cf5776bf7_d31068d4-91ea-4ca3-9d03-332d58aab367,0250,1289.732,1491.136
4c889612-05ba-45f7-b1b8-4e35f1ec5d1a,f2ad364cf5776bf7_d31068d4-91ea-4ca3-9d03-332d58aab367,0255,1290.227,1489.808
4c889612-05ba-45f7-b1b8-4e35f1ec5d1a,f2ad364cf5776bf7_d31068d4-91ea-4ca3-9d03-332d58aab367,0260,1286.384,1490.824
4c889612-05ba-45f7-b1b8-4e35f1ec5d1a,f2ad364cf5776bf7_d31068d4-91ea-4ca3-9d03-332d58aab367,0265,1285.302,1499.786
4c889612-05ba-45f7-b1b8-4e35f1ec5d1a,f2ad364cf5776bf7_d31068d4-91ea-4ca3-9d03-332d58aab367,0270,1285.776,1494.402
4c889612-05ba-45f7-b1b8-4e35f1ec5d1a,f2ad364cf5776bf7_d31068d4-91ea-4ca3-9d03-332d58aab367,0275,1285.499,1493.988
4c889612-05ba-45f7-b1b8-4e35f1ec5d1a,f2ad364cf5776bf7_d31068d4-91ea-4ca3-9d03-332d58aab367,0280,1286.149,1494.846
4c889612-05ba-45f7-b1b8-4e35f1ec5d1a,f2ad364cf5776bf7_d31068d4-91ea-4ca3-9d03-332d58aab367,0285,1285.381,1493.938
4c889612-05ba-45f7-b1b8-4e35f1ec5d1a,f2ad364cf5776bf7_d31068d4-91ea-4ca3-9d03-332d58aab367,0290,1285.567,1495.434
4c889612-05ba-45f7-b1b8-4e35f1ec5d1a,f2ad364cf5776bf7_d31068d4-91ea-4ca3-9d03-332d58aab367,0295,1285.526,1496.888
4c889612-05ba-45f7-b1b8-4e35f1ec5d1a,f2ad364cf5776bf7_d31068d4-91ea-4ca3-9d03-332d58aab367,0300,1290.092,1503.773
4c889612-05ba-45f7-b1b8-4e35f1ec5d1a,f2ad364cf5776bf7_d31068d4-91ea-4ca3-9d03-332d58aab367,0305,1290.423,1488.569
4c889612-05ba-45f7-b1b8-4e35f1ec5d1a,f2ad364cf5776bf7_d31068d4-91ea-4ca3-9d03-332d58aab367,0310,1289.858,1489.176
4c889612-05ba-45f7-b1b8-4e35f1ec5d1a,f2ad364cf5776bf7_d31068d4-91ea-4ca3-9d03-332d58aab367,0315,1290.144,1489.679
4c889612-05ba-45f7-b1b8-4e35f1ec5d1a,f2ad364cf5776bf7_d31068d4-91ea-4ca3-9d03-332d58aab367,0320,1290.53,1491.376
4c889612-05ba-45f7-b1b8-4e35f1ec5d1a,f2ad364cf5776bf7_d31068d4-91ea-4ca3-9d03-332d58aab367,0325,1290.385,1488.539
4c889612-05ba-45f7-b1b8-4e35f1ec5d1a,f2ad364cf5776bf7_d31068d4-91ea-4ca3-9d03-332d58aab367,0330,1289.88,1490.598
4c889612-05ba-45f7-b1b8-4e35f1ec5d1a,f2ad364cf5776bf7_d31068d4-91ea-4ca3-9d03-332d58aab367,0335,1289.471,1485.421
4c889612-05ba-45f7-b1b8-4e35f1ec5d1a,f2ad364cf5776bf7_d31068d4-91ea-4ca3-9d03-332d58aab367,0340,1290.194,1490.733
4c889612-05ba-45f7-b1b8-4e35f1ec5d1a,f2ad364cf5776bf7_d31068d4-91ea-4ca3-9d03-332d58aab367,0345,1290.734,1490.274
4c889612-05ba-45f7-b1b8-4e35f1ec5d1a,f2ad364cf5776bf7_d31068d4-91ea-4ca3-9d03-332d58aab367,0350,1285.978,1485.128
4c889612-05ba-45f7-b1b8-4e35f1ec5d1a,f2ad364cf5776bf7_d31068d4-91ea-4ca3-9d03-332d58aab367,0355,1286.023,1503.242
4c889612-05ba-45f7-b1b8-4e35f1ec5d1a,f2ad364cf5776bf7_d31068d4-91ea-4ca3-9d03-332d58aab367,0360,1285.381,1495.257
4c889612-05ba-45f7-b1b8-4e35f1ec5d1a,f2ad364cf5776bf7_d31068d4-91ea-4ca3-9d03-332d58aab367,0365,1285.566,1493.206
4c889612-05ba-45f7-b1b8-4e35f1ec5d1a,f2ad364cf5776bf7_d31068d4-91ea-4ca3-9d03-332d58aab367,0370,1289.86,1501.814
4c889612-05ba-45f7-b1b8-4e35f1ec5d1a,f2ad364cf5776bf7_d31068d4-91ea-4ca3-9d03-332d58aab367,0375,1284.941,1491.223
4c889612-05ba-45f7-b1b8-4e35f1ec5d1a,f2ad364cf5776bf7_d31068d4-91ea-4ca3-9d03-332d58aab367,0380,1285.739,1490.966
4c889612-05ba-45f7-b1b8-4e35f1ec5d1a,f2ad364cf5776bf7_d31068d4-91ea-4ca3-9d03-332d58aab367,0385,1285.911,1491.456
4c889612-05ba-45f7-b1b8-4e35f1ec5d1a,f2ad364cf5776bf7_d31068d4-91ea-4ca3-9d03-332d58aab367,0390,1285.787,1493.245
4c889612-05ba-45f7-b1b8-4e35f1ec5d1a,f2ad364cf5776bf7_d31068d4-91ea-4ca3-9d03-332d58aab367,0395,1285.144,1492.655
4c889612-05ba-45f7-b1b8-4e35f1ec5d1a,f2ad364cf5776bf7_d31068d4-91ea-4ca3-9d03-332d58aab367,0400,1285.672,1501.467
4c889612-05ba-45f7-b1b8-4e35f1ec5d1a,f2ad364cf5776bf7_d31068d4-91ea-4ca3-9d03-332d58aab367,0405,1285.859,1495.842
4c889612-05ba-45f7-b1b8-4e35f1ec5d1a,f2ad364cf5776bf7_d31068d4-91ea-4ca3-9d03-332d58aab367,0410,1285.99,1499.152
4c889612-05ba-45f7-b1b8-4e35f1ec5d1a,f2ad364cf5776bf7_d31068d4-91ea-4ca3-9d03-332d58aab367,0415,1286.02,1493.496
4c889612-05ba-45f7-b1b8-4e35f1ec5d1a,f2ad364cf5776bf7_d31068d4-91ea-4ca3-9d03-332d58aab367,0420,1285.368,1496.254
4c889612-05ba-45f7-b1b8-4e35f1ec5d1a,f2ad364cf5776bf7_d31068d4-91ea-4ca3-9d03-332d58aab367,0425,1285.404,1491.708
4c889612-05ba-45f7-b1b8-4e35f1ec5d1a,f2ad364cf5776bf7_d31068d4-91ea-4ca3-9d03-332d58aab367,0430,1285.969,1499.946
4c889612-05ba-45f7-b1b8-4e35f1ec5d1a,f2ad364cf5776bf7_d31068d4-91ea-4ca3-9d03-332d58aab367,0435,1288.819,1495.528
4c889612-05ba-45f7-b1b8-4e35f1ec5d1a,f2ad364cf5776bf7_d31068d4-91ea-4ca3-9d03-332d58aab367,0440,1285.51,1498.131
4c889612-05ba-45f7-b1b8-4e35f1ec5d1a,f2ad364cf5776bf7_d31068d4-91ea-4ca3-9d03-332d58aab367,0445,1285.904,1498.622
4c889612-05ba-45f7-b1b8-4e35f1ec5d1a,f2ad364cf5776bf7_d31068d4-91ea-4ca3-9d03-332d58aab367,0450,1285.358,1492.763
4c889612-05ba-45f7-b1b8-4e35f1ec5d1a,f2ad364cf5776bf7_d31068d4-91ea-4ca3-9d03-332d58aab367,0455,1285.676,1493.289
4c889612-05ba-45f7-b1b8-4e35f1ec5d1a,f2ad364cf5776bf7_d31068d4-91ea-4ca3-9d03-332d58aab367,0460,1286.148,1502.464
4c889612-05ba-45f7-b1b8-4e35f1ec5d1a,f2ad364cf5776bf7_d31068d4-91ea-4ca3-9d03-332d58aab367,0465,1285.434,1498.105
4c889612-05ba-45f7-b1b8-4e35f1ec5d1a,f2ad364cf5776bf7_d31068d4-91ea-4ca3-9d03-332d58aab367,0470,1285.926,1495.037
4c889612-05ba-45f7-b1b8-4e35f1ec5d1a,f2ad364cf5776bf7_d31068d4-91ea-4ca3-9d03-332d58aab367,0475,1286.349,1509.276
4c889612-05ba-45f7-b1b8-4e35f1ec5d1a,f2ad364cf5776bf7_d31068d4-91ea-4ca3-9d03-332d58aab367,0480,1290.054,1505.078
4c889612-05ba-45f7-b1b8-4e35f1ec5d1a,f2ad364cf5776bf7_d31068d4-91ea-4ca3-9d03-332d58aab367,0485,1290.889,1503.309
4c889612-05ba-45f7-b1b8-4e35f1ec5d1a,f2ad364cf5776bf7_d31068d4-91ea-4ca3-9d03-332d58aab367,0490,1290.419,1489.512
4c889612-05ba-45f7-b1b8-4e35f1ec5d1a,f2ad364cf5776bf7_d31068d4-91ea-4ca3-9d03-332d58aab367,0495,1290.539,1490.323
4c889612-05ba-45f7-b1b8-4e35f1ec5d1a,f2ad364cf5776bf7_d31068d4-91ea-4ca3-9d03-332d58aab367,0500,1286.356,1484.58
4c889612-05ba-45f7-b1b8-4e35f1ec5d1a,f2ad364cf5776bf7_d31068d4-91ea-4ca3-9d03-332d58aab367,0505,1285.689,1498.8
4c889612-05ba-45f7-b1b8-4e35f1ec5d1a,f2ad364cf5776bf7_d31068d4-91ea-4ca3-9d03-332d58aab367,0510,1285.814,1493.493
4c889612-05ba-45f7-b1b8-4e35f1ec5d1a,f2ad364cf5776bf7_d31068d4-91ea-4ca3-9d03-332d58aab367,0515,1285.695,1494.484
4c889612-05ba-45f7-b1b8-4e35f1ec5d1a,f2ad364cf5776bf7_d31068d4-91ea-4ca3-9d03-332d58aab367,0520,1285.223,1501.247
4c889612-05ba-45f7-b1b8-4e35f1ec5d1a,f2ad364cf5776bf7_d31068d4-91ea-4ca3-9d03-332d58aab367,0525,1285.452,1498.903
4c889612-05ba-45f7-b1b8-4e35f1ec5d1a,f2ad364cf5776bf7_d31068d4-91ea-4ca3-9d03-332d58aab367,0530,1289.875,1505.471
4c889612-05ba-45f7-b1b8-4e35f1ec5d1a,f2ad364cf5776bf7_d31068d4-91ea-4ca3-9d03-332d58aab367,0535,1290.41,1489.1
4c889612-05ba-45f7-b1b8-4e35f1ec5d1a,f2ad364cf5776bf7_d31068d4-91ea-4ca3-9d03-332d58aab367,0540,1289.292,1487.319
4c889612-05ba-45f7-b1b8-4e35f1ec5d1a,f2ad364cf5776bf7_d31068d4-91ea-4ca3-9d03-332d58aab367,0545,1290.439,1490.162
4c889612-05ba-45f7-b1b8-4e35f1ec5d1a,f2ad364cf5776bf7_d31068d4-91ea-4ca3-9d03-332d58aab367,0550,1290.038,1489.277
4c889612-05ba-45f7-b1b8-4e35f1ec5d1a,f2ad364cf5776bf7_d31068d4-91ea-4ca3-9d03-332d58aab367,0555,1290.339,1489.409
4c889612-05ba-45f7-b1b8-4e35f1ec5d1a,f2ad364cf5776bf7_d31068d4-91ea-4ca3-9d03-332d58aab367,0560,1290.458,1489.121
4c889612-05ba-45f7-b1b8-4e35f1ec5d1a,f2ad364cf5776bf7_d31068d4-91ea-4ca3-9d03-332d58aab367,0565,1290.131,1490.228
4c889612-05ba-45f7-b1b8-4e35f1ec5d1a,f2ad364cf5776bf7_d31068d4-91ea-4ca3-9d03-332d58aab367,0570,1289.975,1480.778
4c889612-05ba-45f7-b1b8-4e35f1ec5d1a,f2ad364cf5776bf7_d31068d4-91ea-4ca3-9d03-332d58aab367,0575,1290.608,1489.533
4c889612-05ba-45f7-b1b8-4e35f1ec5d1a,f2ad364cf5776bf7_d31068d4-91ea-4ca3-9d03-332d58aab367,0580,1290.462,1491.13
4c889612-05ba-45f7-b1b8-4e35f1ec5d1a,f2ad364cf5776bf7_d31068d4-91ea-4ca3-9d03-332d58aab367,0585,1290.573,1489.775
4c889612-05ba-45f7-b1b8-4e35f1ec5d1a,f2ad364cf5776bf7_d31068d4-91ea-4ca3-9d03-332d58aab367,0590,1289.417,1488.019
4c889612-05ba-45f7-b1b8-4e35f1ec5d1a,f2ad364cf5776bf7_d31068d4-91ea-4ca3-9d03-332d58aab367,0595,1290.414,1490.37
4c889612-05ba-45f7-b1b8-4e35f1ec5d1a,f2ad364cf5776bf7_d31068d4-91ea-4ca3-9d03-332d58aab367,0600,1288.867,1488.591
4c889612-05ba-45f7-b1b8-4e35f1ec5d1a,f2ad364cf5776bf7_d31068d4-91ea-4ca3-9d03-332d58aab367,0605,1289.61,1488.645
4c889612-05ba-45f7-b1b8-4e35f1ec5d1a,f2ad364cf5776bf7_d31068d4-91ea-4ca3-9d03-332d58aab367,0610,1290.74,1489.908
4c889612-05ba-45f7-b1b8-4e35f1ec5d1a,f2ad364cf5776bf7_d31068d4-91ea-4ca3-9d03-332d58aab367,0615,1289.859,1490.438
4c889612-05ba-45f7-b1b8-4e35f1ec5d1a,f2ad364cf5776bf7_d31068d4-91ea-4ca3-9d03-332d58aab367,0620,1285.299,1487.509
4c889612-05ba-45f7-b1b8-4e35f1ec5d1a,f2ad364cf5776bf7_d31068d4-91ea-4ca3-9d03-332d58aab367,0625,1285.895,1494.495
4c889612-05ba-45f7-b1b8-4e35f1ec5d1a,f2ad364cf5776bf7_d31068d4-91ea-4ca3-9d03-332d58aab367,0630,1285.629,1502.828
4c889612-05ba-45f7-b1b8-4e35f1ec5d1a,f2ad364cf5776bf7_d31068d4-91ea-4ca3-9d03-332d58aab367,0635,1285.406,1500.234
4c889612-05ba-45f7-b1b8-4e35f1ec5d1a,f2ad364cf5776bf7_d31068d4-91ea-4ca3-9d03-332d58aab367,0640,1285.69,1494.403
4c889612-05ba-45f7-b1b8-4e35f1ec5d1a,f2ad364cf5776bf7_d31068d4-91ea-4ca3-9d03-332d58aab367,0645,1285.375,1500.692
4c889612-05ba-45f7-b1b8-4e35f1ec5d1a,f2ad364cf5776bf7_d31068d4-91ea-4ca3-9d03-332d58aab367,0650,1285.403,1493.814
4c889612-05ba-45f7-b1b8-4e35f1ec5d1a,f2ad364cf5776bf7_d31068d4-91ea-4ca3-9d03-332d58aab367,0655,1290.645,1506.486
4c889612-05ba-45f7-b1b8-4e35f1ec5d1a,f2ad364cf5776bf7_d31068d4-91ea-4ca3-9d03-332d58aab367,0660,1286.15,1499.642
4c889612-05ba-45f7-b1b8-4e35f1ec5d1a,f2ad364cf5776bf7_d31068d4-91ea-4ca3-9d03-332d58aab367,0665,1285.615,1498.767
4c889612-05ba-45f7-b1b8-4e35f1ec5d1a,f2ad364cf5776bf7_d31068d4-91ea-4ca3-9d03-332d58aab367,0670,1289.276,1497.951
4c889612-05ba-45f7-b1b8-4e35f1ec5d1a,f2ad364cf5776bf7_d31068d4-91ea-4ca3-9d03-332d58aab367,0675,1286.065,1492.79
4c889612-05ba-45f7-b1b8-4e35f1ec5d1a,f2ad364cf5776bf7_d31068d4-91ea-4ca3-9d03-332d58aab367,0680,1286.075,1494.329
4c889612-05ba-45f7-b1b8-4e35f1ec5d1a,f2ad364cf5776bf7_d31068d4-91ea-4ca3-9d03-332d58aab367,0685,1289.587,1504.334
4c889612-05ba-45f7-b1b8-4e35f1ec5d1a,f2ad364cf5776bf7_d31068d4-91ea-4ca3-9d03-332d58aab367,0690,1290.625,1503.789
4c889612-05ba-45f7-b1b8-4e35f1ec5d1a,f2ad364cf5776bf7_d31068d4-91ea-4ca3-9d03-332d58aab367,0695,1285.639,1499.29
4c889612-05ba-45f7-b1b8-4e35f1ec5d1a,f2ad364cf5776bf7_d31068d4-91ea-4ca3-9d03-332d58aab367,0700,1285.543,1493.078
4c889612-05ba-45f7-b1b8-4e35f1ec5d1a,f2ad364cf5776bf7_d31068d4-91ea-4ca3-9d03-332d58aab367,0705,1285.202,1500.523
4c889612-05ba-45f7-b1b8-4e35f1ec5d1a,f2ad364cf5776bf7_d31068d4-91ea-4ca3-9d03-332d58aab367,0710,1285.769,1493.536
4c889612-05ba-45f7-b1b8-4e35f1ec5d1a,f2ad364cf5776bf7_d31068d4-91ea-4ca3-9d03-332d58aab367,0715,1285.606,1498.573
4c889612-05ba-45f7-b1b8-4e35f1ec5d1a,f2ad364cf5776bf7_d31068d4-91ea-4ca3-9d03-332d58aab367,0720,1285.587,1497.978
4c889612-05ba-45f7-b1b8-4e35f1ec5d1a,f2ad364cf5776bf7_d31068d4-91ea-4ca3-9d03-332d58aab367,0725,1286.546,1493.767
4c889612-05ba-45f7-b1b8-4e35f1ec5d1a,f2ad364cf5776bf7_d31068d4-91ea-4ca3-9d03-332d58aab367,0730,1285.383,1495.76
4c889612-05ba-45f7-b1b8-4e35f1ec5d1a,f2ad364cf5776bf7_d31068d4-91ea-4ca3-9d03-332d58aab367,0735,1285.481,1492.152
4c889612-05ba-45f7-b1b8-4e35f1ec5d1a,f2ad364cf5776bf7_d31068d4-91ea-4ca3-9d03-332d58aab367,0740,1285.472,1495.861
4c889612-05ba-45f7-b1b8-4e35f1ec5d1a,f2ad364cf5776bf7_d31068d4-91ea-4ca3-9d03-332d58aab367,0745,1285.751,1500.145
4c889612-05ba-45f7-b1b8-4e35f1ec5d1a,f2ad364cf5776bf7_d31068d4-91ea-4ca3-9d03-332d58aab367,0750,1285.913,1494.025
4c889612-05ba-45f7-b1b8-4e35f1ec5d1a,f2ad364cf5776bf7_d31068d4-91ea-4ca3-9d03-332d58aab367,0755,1289.178,1498.336
4c889612-05ba-45f7-b1b8-4e35f1ec5d1a,f2ad364cf5776bf7_d31068d4-91ea-4ca3-9d03-332d58aab367,0760,1285.402,1494.62
4c889612-05ba-45f7-b1b8-4e35f1ec5d1a,f2ad364cf5776bf7_d31068d4-91ea-4ca3-9d03-332d58aab367,0765,1285.281,1492.593
4c889612-05ba-45f7-b1b8-4e35f1ec5d1a,f2ad364cf5776bf7_d31068d4-91ea-4ca3-9d03-332d58aab367,0770,1285.281,1493.038
4c889612-05ba-45f7-b1b8-4e35f1ec5d1a,f2ad364cf5776bf7_d31068d4-91ea-4ca3-9d03-332d58aab367,0775,1285.633,1493.307
4c889612-05ba-45f7-b1b8-4e35f1ec5d1a,f2ad364cf5776bf7_d31068d4-91ea-4ca3-9d03-332d58aab367,0780,1285.272,1498.725
4c889612-05ba-45f7-b1b8-4e35f1ec5d1a,f2ad364cf5776bf7_d31068d4-91ea-4ca3-9d03-332d58aab367,0785,1286.127,1493.827
4c889612-05ba-45f7-b1b8-4e35f1ec5d1a,f2ad364cf5776bf7_d31068d4-91ea-4ca3-9d03-332d58aab367,0790,1290.147,1503.084
4c889612-05ba-45f7-b1b8-4e35f1ec5d1a,f2ad364cf5776bf7_d31068d4-91ea-4ca3-9d03-332d58aab367,0795,1285.789,1484.608
4c889612-05ba-45f7-b1b8-4e35f1ec5d1a,f2ad364cf5776bf7_d31068d4-91ea-4ca3-9d03-332d58aab367,0800,1286.294,1492.46
4c889612-05ba-45f7-b1b8-4e35f1ec5d1a,f2ad364cf5776bf7_d31068d4-91ea-4ca3-9d03-332d58aab367,0805,1286.095,1498.793
4c889612-05ba-45f7-b1b8-4e35f1ec5d1a,f2ad364cf5776bf7_d31068d4-91ea-4ca3-9d03-332d58aab367,0810,1285.625,1505.735
4c889612-05ba-45f7-b1b8-4e35f1ec5d1a,f2ad364cf5776bf7_d31068d4-91ea-4ca3-9d03-332d58aab367,0815,1288.255,1499.14
4c889612-05ba-45f7-b1b8-4e35f1ec5d1a,f2ad364cf5776bf7_d31068d4-91ea-4ca3-9d03-332d58aab367,0820,1285.757,1498.119
4c889612-05ba-45f7-b1b8-4e35f1ec5d1a,f2ad364cf5776bf7_d31068d4-91ea-4ca3-9d03-332d58aab367,0825,1285.06,1495.994
4c889612-05ba-45f7-b1b8-4e35f1ec5d1a,f2ad364cf5776bf7_d31068d4-91ea-4ca3-9d03-332d58aab367,0830,1289.599,1495.582
4c889612-05ba-45f7-b1b8-4e35f1ec5d1a,f2ad364cf5776bf7_d31068d4-91ea-4ca3-9d03-332d58aab367,0835,1290.218,1512.922
4c889612-05ba-45f7-b1b8-4e35f1ec5d1a,f2ad364cf5776bf7_d31068d4-91ea-4ca3-9d03-332d58aab367,0840,1290.109,1488.494
4c889612-05ba-45f7-b1b8-4e35f1ec5d1a,f2ad364cf5776bf7_d31068d4-91ea-4ca3-9d03-332d58aab367,0845,1285.718,1482.033
4c889612-05ba-45f7-b1b8-4e35f1ec5d1a,f2ad364cf5776bf7_d31068d4-91ea-4ca3-9d03-332d58aab367,0850,1285.773,1491.141
4c889612-05ba-45f7-b1b8-4e35f1ec5d1a,f2ad364cf5776bf7_d31068d4-91ea-4ca3-9d03-332d58aab367,0855,1284.868,1491.253
4c889612-05ba-45f7-b1b8-4e35f1ec5d1a,f2ad364cf5776bf7_d31068d4-91ea-4ca3-9d03-332d58aab367,0860,1285.09,1480.375
4c889612-05ba-45f7-b1b8-4e35f1ec5d1a,f2ad364cf5776bf7_d31068d4-91ea-4ca3-9d03-332d58aab367,0865,1285.789,1492.011
4c889612-05ba-45f7-b1b8-4e35f1ec5d1a,f2ad364cf5776bf7_d31068d4-91ea-4ca3-9d03-332d58aab367,0870,1285.528,1493.523
4c889612-05ba-45f7-b1b8-4e35f1ec5d1a,f2ad364cf5776bf7_d31068d4-91ea-4ca3-9d03-332d58aab367,0875,1285.627,1492.613
4c889612-05ba-45f7-b1b8-4e35f1ec5d1a,f2ad364cf5776bf7_d31068d4-91ea-4ca3-9d03-332d58aab367,0880,1286.362,1492.796
